country,country_code,admin_1,L1_GID,harvest_year,Cereals_Prod_Ton,Roots_tubers_Prod_Ton,Legumes_pulses_Prod_Ton,Cash_crops_Prod_Ton
Algeria,DZA,Adrar,L1DZA0774,1996,4.854723742,11.88235294,0.0,0.0
Algeria,DZA,Adrar,L1DZA0774,1998,9.552425311,8.835365854,1.986666667,0.0
Algeria,DZA,Adrar,L1DZA0774,1999,0.0,10.38095238,0.0,0.0
Algeria,DZA,Alger,L1DZA0777,1996,2.154929577,14.98701299,0.0,0.0
Algeria,DZA,Alger,L1DZA0777,1998,3.9609320660000003,15.72876391,0.0,0.0
Algeria,DZA,Alger,L1DZA0777,1999,0.0,15.98151951,0.0,0.0
Algeria,DZA,Annaba,L1DZA0778,1996,2.261666223,6.422487223,0.0,0.0
Algeria,DZA,Annaba,L1DZA0778,1998,3.100170874,9.109289617,0.0,0.0
Algeria,DZA,Annaba,L1DZA0778,1999,0.0,9.284090909,0.0,0.0
Algeria,DZA,Aïn Defla,L1DZA0775,1996,4.335665136,17.37684211,0.0,0.0
Algeria,DZA,Aïn Defla,L1DZA0775,1998,2.995979757,17.52112022,0.0,0.0
Algeria,DZA,Aïn Témouchent,L1DZA0776,1996,3.753795908,9.068965517,0.0,0.0
Algeria,DZA,Aïn Témouchent,L1DZA0776,1998,2.324581291,13.71232877,0.0,0.0
Algeria,DZA,Aïn Témouchent,L1DZA0776,1999,0.0,9.0,0.0,0.0
Algeria,DZA,Batna,L1DZA0779,1996,3.5765298999999997,11.43121816,0.0,0.0
Algeria,DZA,Batna,L1DZA0779,1998,2.2805771210000003,13.54235294,0.0,0.0
Algeria,DZA,Biskra,L1DZA0782,1996,6.295138147,8.948598131,0.0,0.0
Algeria,DZA,Biskra,L1DZA0782,1998,2.853089723,14.18,0.0,0.0
Algeria,DZA,Biskra,L1DZA0782,1999,0.0,7.3,0.0,0.0
Algeria,DZA,Blida,L1DZA0783,1996,2.8285407730000003,13.13380282,0.0,0.0
Algeria,DZA,Blida,L1DZA0783,1998,3.323476784,19.67649951,0.0,0.0
Algeria,DZA,Blida,L1DZA0783,1999,0.0,8.75,0.0,0.0
Algeria,DZA,Bordj Bou Arréridj,L1DZA0784,1996,3.436519381,13.71604938,0.0,0.0
Algeria,DZA,Bordj Bou Arréridj,L1DZA0784,1998,1.845064338,14.67908903,0.0,0.0
Algeria,DZA,Bouira,L1DZA0785,1996,4.172911766,15.90196078,0.0,0.0
Algeria,DZA,Bouira,L1DZA0785,1998,3.932198992,19.51298701,0.0,0.0
Algeria,DZA,Boumerdès,L1DZA0786,1996,4.731271174,14.68267581,0.0,0.0
Algeria,DZA,Boumerdès,L1DZA0786,1998,4.099993635000001,17.67,0.0,0.0
Algeria,DZA,Boumerdès,L1DZA0786,1999,0.0,16.0,0.0,0.0
Algeria,DZA,Béchar,L1DZA0780,1996,3.2146510480000003,10.9375,0.0,0.0
Algeria,DZA,Béchar,L1DZA0780,1998,3.44947932,7.62244898,0.8,0.0
Algeria,DZA,Béjaïa,L1DZA0781,1996,3.837725461,14.61979914,0.0,0.0
Algeria,DZA,Béjaïa,L1DZA0781,1998,4.368819879,16.65419901,0.0,0.0
Algeria,DZA,Béjaïa,L1DZA0781,1999,0.0,15.45365854,0.0,0.0
Algeria,DZA,Chlef,L1DZA0787,1996,5.016974639,12.34170854,0.0,0.0
Algeria,DZA,Chlef,L1DZA0787,1998,3.5258432060000002,16.35743835,0.0,0.0
Algeria,DZA,Chlef,L1DZA0787,1999,0.0,9.714285714,0.0,0.0
Algeria,DZA,Constantine,L1DZA0788,1996,4.65374721,11.26724138,0.0,0.0
Algeria,DZA,Constantine,L1DZA0788,1998,5.125838848,18.5984375,0.0,0.0
Algeria,DZA,Djelfa,L1DZA0789,1996,3.029823677,13.15521628,0.0,0.0
Algeria,DZA,Djelfa,L1DZA0789,1998,3.7625223639999996,11.12059621,0.0,0.0
Algeria,DZA,El Bayadh,L1DZA0790,1996,3.3569447610000003,5.548387097,0.0,0.0
Algeria,DZA,El Bayadh,L1DZA0790,1998,0.5635810729999999,14.875,0.533333333,0.0
Algeria,DZA,El Oued,L1DZA0791,1996,3.3230913519999996,13.6625,0.0,0.0
Algeria,DZA,El Oued,L1DZA0791,1998,3.651667337,20.56153846,1.241935484,0.0
Algeria,DZA,El Oued,L1DZA0791,1999,0.0,21.0,0.0,0.0
Algeria,DZA,El Tarf,L1DZA0792,1996,1.9830510810000002,8.211640212,0.0,0.0
Algeria,DZA,El Tarf,L1DZA0792,1998,3.304316059,13.29411765,1.0,0.0
Algeria,DZA,El Tarf,L1DZA0792,1999,0.0,8.692307692,0.0,0.0
Algeria,DZA,Ghardaïa,L1DZA0793,1996,2.818526316,7.716049383,0.0,0.0
Algeria,DZA,Ghardaïa,L1DZA0793,1998,7.1240000000000006,13.4173913,1.832380952,0.0
Algeria,DZA,Ghardaïa,L1DZA0793,1999,0.0,16.41666667,0.0,0.0
Algeria,DZA,Guelma,L1DZA0794,1996,3.6496373149999997,13.675,0.0,0.0
Algeria,DZA,Guelma,L1DZA0794,1998,3.7746383439999995,13.13855422,0.0,0.0
Algeria,DZA,Illizi,L1DZA0795,1996,3.0,0.0,0.0,0.0
Algeria,DZA,Illizi,L1DZA0795,1998,4.774670433,11.6,0.925,0.0
Algeria,DZA,Illizi,L1DZA0795,1999,0.0,9.5,0.0,0.0
Algeria,DZA,Jijel,L1DZA0796,1996,2.934866828,6.974310181,0.0,0.0
Algeria,DZA,Jijel,L1DZA0796,1998,3.615603474,13.13626834,0.0,0.0
Algeria,DZA,Jijel,L1DZA0796,1999,0.0,8.720207254,0.0,0.0
Algeria,DZA,Khenchela,L1DZA0797,1996,4.928392430000001,6.928571429,0.0,0.0
Algeria,DZA,Khenchela,L1DZA0797,1998,2.846836168,13.95396579,0.0,0.0
Algeria,DZA,Laghouat,L1DZA0798,1996,2.232850559,10.31746032,0.0,0.0
Algeria,DZA,Laghouat,L1DZA0798,1998,0.985403756,13.98789346,1.116,0.0
Algeria,DZA,MSila,L1DZA0799,1996,2.915746637,12.57142857,0.0,0.0
Algeria,DZA,MSila,L1DZA0799,1998,1.674041195,14.30769231,0.0,0.0
Algeria,DZA,Mascara,L1DZA0800,1996,3.5885444140000002,14.6231405,0.0,0.0
Algeria,DZA,Mascara,L1DZA0800,1998,1.6912197789999999,16.12169446,0.0,0.0
Algeria,DZA,Mila,L1DZA0802,1996,3.33612384,15.2337982,0.0,0.0
Algeria,DZA,Mila,L1DZA0802,1998,3.471244698,19.50366048,0.0,0.0
Algeria,DZA,Mostaganem,L1DZA0803,1996,4.193142076,9.849746193,0.0,0.0
Algeria,DZA,Mostaganem,L1DZA0803,1998,2.397367248,14.32319392,0.0,0.0
Algeria,DZA,Mostaganem,L1DZA0803,1999,0.0,8.024096386,0.0,0.0
Algeria,DZA,Médéa,L1DZA0801,1996,4.114159105000001,11.2746114,0.0,0.0
Algeria,DZA,Médéa,L1DZA0801,1998,2.593664336,16.6045986,0.0,0.0
Algeria,DZA,Naâma,L1DZA0804,1996,2.606648611,12.16718266,0.0,0.0
Algeria,DZA,Naâma,L1DZA0804,1998,3.06040462,13.70588235,1.0,0.0
Algeria,DZA,Oran,L1DZA0805,1996,3.7166404639999997,12.77142857,0.0,0.0
Algeria,DZA,Oran,L1DZA0805,1998,3.0209428469999997,15.43117409,0.0,0.0
Algeria,DZA,Ouargla,L1DZA0806,1996,3.265372168,10.08333333,0.0,0.0
Algeria,DZA,Ouargla,L1DZA0806,1998,5.433306056,12.39655172,0.0,0.0
Algeria,DZA,Oum el Bouaghi,L1DZA0807,1996,4.294528649,14.34193548,0.0,0.0
Algeria,DZA,Oum el Bouaghi,L1DZA0807,1998,2.816807414,13.30682196,0.0,0.0
Algeria,DZA,Relizane,L1DZA0808,1996,3.7986899409999997,13.4875,0.0,0.0
Algeria,DZA,Relizane,L1DZA0808,1998,3.6071390859999997,14.62433862,0.0,0.0
Algeria,DZA,Saïda,L1DZA0809,1996,4.488168511,13.95454545,0.0,0.0
Algeria,DZA,Saïda,L1DZA0809,1998,0.729090909,17.51633987,0.0,0.0
Algeria,DZA,Sidi Bel Abbès,L1DZA0811,1996,3.681659581,10.40895813,0.0,0.0
Algeria,DZA,Sidi Bel Abbès,L1DZA0811,1998,1.507035796,12.9657228,0.0,0.0
Algeria,DZA,Skikda,L1DZA0812,1996,3.0889279920000003,10.97860539,0.0,0.0
Algeria,DZA,Skikda,L1DZA0812,1998,3.140498809,14.92889684,2.0,0.0
Algeria,DZA,Skikda,L1DZA0812,1999,0.0,8.715942029,0.0,0.0
Algeria,DZA,Souk Ahras,L1DZA0813,1996,4.112380355,15.504,0.0,0.0
Algeria,DZA,Souk Ahras,L1DZA0813,1998,3.612704385,19.75451713,0.0,0.0
Algeria,DZA,Sétif,L1DZA0810,1996,3.684299858,14.92226148,0.0,0.0
Algeria,DZA,Sétif,L1DZA0810,1998,2.245437364,14.78336842,0.0,0.0
Algeria,DZA,Tamanghasset,L1DZA0814,1996,5.183794466,5.769230769,0.0,0.0
Algeria,DZA,Tamanghasset,L1DZA0814,1998,12.673565187000001,5.7125,0.0,0.0
Algeria,DZA,Tiaret,L1DZA0816,1996,4.581460947,12.14255409,0.0,0.0
Algeria,DZA,Tiaret,L1DZA0816,1998,2.8540309990000003,15.29197154,0.0,0.0
Algeria,DZA,Tindouf,L1DZA0817,1996,1.625,0.0,0.0,0.0
Algeria,DZA,Tindouf,L1DZA0817,1998,2.925,9.1,0.0,0.0
Algeria,DZA,Tipaza,L1DZA0818,1996,5.092574415,12.45567376,0.0,0.0
Algeria,DZA,Tipaza,L1DZA0818,1998,4.787046239,15.68439753,0.0,0.0
Algeria,DZA,Tipaza,L1DZA0818,1999,0.0,18.0556962,0.0,0.0
Algeria,DZA,Tissemsilt,L1DZA0819,1996,3.6262292159999996,9.763313609,0.0,0.0
Algeria,DZA,Tissemsilt,L1DZA0819,1998,2.47324291,20.0,0.0,0.0
Algeria,DZA,Tizi Ouzou,L1DZA0820,1996,4.694465741,15.85079365,0.0,0.0
Algeria,DZA,Tizi Ouzou,L1DZA0820,1998,4.44213552,17.1150373,0.0,0.0
Algeria,DZA,Tizi Ouzou,L1DZA0820,1999,0.0,10.0,0.0,0.0
Algeria,DZA,Tlemcen,L1DZA0821,1996,3.487983516,14.61290323,0.0,0.0
Algeria,DZA,Tlemcen,L1DZA0821,1998,2.491098046,15.96466899,0.0,0.0
Algeria,DZA,Tlemcen,L1DZA0821,1999,0.0,12.0,0.0,0.0
Algeria,DZA,Tébessa,L1DZA0815,1996,3.320194527,9.544950055,0.0,0.0
Algeria,DZA,Tébessa,L1DZA0815,1998,1.6861892630000002,15.73417722,0.0,0.0
Angola,AO,Bengo,L1AGO0035,1997,0.61,3.5,0.0,0.0
Angola,AO,Bengo,L1AGO0035,1998,0.7,6.5,0.0,0.0
Angola,AO,Bengo,L1AGO0035,1999,0.899956408,6.0,0.0,0.0
Angola,AO,Bengo,L1AGO0035,2000,1.199960008,9.0,0.0,0.0
Angola,AO,Bengo,L1AGO0035,2001,0.600031407,8.995529689000001,0.0,0.0
Angola,AO,Bengo,L1AGO0035,2002,0.649975771,7.497942152,0.0,0.0
Angola,AO,Bengo,L1AGO0035,2003,0.600025582,4.0,0.0,0.0
Angola,AO,Bengo,L1AGO0035,2004,0.749956102,4.0,0.0,0.0
Angola,AO,Bengo,L1AGO0035,2005,0.499935442,7.004679281,0.0,0.0
Angola,AO,Bengo,L1AGO0035,2006,0.339946243,17.000460241,0.574356252,0.0
Angola,AO,Bengo,L1AGO0035,2007,0.299984933,15.499461109999999,0.2,0.0
Angola,AO,Bengo,L1AGO0035,2008,0.699920032,29.890653434999997,0.750014512,0.0
Angola,AO,Bengo,L1AGO0035,2009,0.892630367,30.000111041,0.599956591,0.0
Angola,AO,Bengo,L1AGO0035,2010,0.954375156,14.008861492000001,0.0,0.0
Angola,AO,Bengo,L1AGO0035,2011,1.038063861,13.674890235,0.0,0.0
Angola,AO,Bengo,L1AGO0035,2012,0.300206414,9.100649349000001,0.0,0.0
Angola,AO,Bengo,L1AGO0035,2013,0.899420087,13.508916791,0.0,0.0
Angola,AO,Bengo,L1AGO0035,2014,0.648568561,18.197511348,0.0,0.0
Angola,AO,Bengo,L1AGO0035,2015,0.547973028,23.077999585,1.26300634,0.0
Angola,AO,Bengo,L1AGO0035,2016,0.547973028,23.077999585,1.26300634,0.0
Angola,AO,Bengo,L1AGO0035,2017,0.590407757,15.837957586,0.672270408,0.0
Angola,AO,Benguela,L1AGO0036,1997,0.53,4.0,0.0,0.0
Angola,AO,Benguela,L1AGO0036,1998,0.9,6.0,0.0,0.0
Angola,AO,Benguela,L1AGO0036,1999,0.599998196,5.0,0.0,0.0
Angola,AO,Benguela,L1AGO0036,2000,0.800001786,5.0,0.0,0.0
Angola,AO,Benguela,L1AGO0036,2001,1.300006823,10.000264392,0.350015352,0.0
Angola,AO,Benguela,L1AGO0036,2002,1.089995344,10.340239618,0.789952519,0.0
Angola,AO,Benguela,L1AGO0036,2003,0.95998401,0.0,0.280140386,0.0
Angola,AO,Benguela,L1AGO0036,2004,1.160012561,0.0,0.649839245,0.0
Angola,AO,Benguela,L1AGO0036,2005,1.050000477,13.171433225,0.699583952,0.0
Angola,AO,Benguela,L1AGO0036,2006,0.789993677,11.499318801000001,0.40218182,0.0
Angola,AO,Benguela,L1AGO0036,2007,0.700040083,8.799445471,0.6998729239999999,0.0
Angola,AO,Benguela,L1AGO0036,2008,1.049979175,14.889407216999999,0.5700769210000001,0.0
Angola,AO,Benguela,L1AGO0036,2009,0.9887695190000001,23.000039335,0.970208576,0.0
Angola,AO,Benguela,L1AGO0036,2010,2.256745476,17.246757082000002,0.9727316159999999,0.0
Angola,AO,Benguela,L1AGO0036,2011,2.504854454,19.188356101,1.315966946,0.0
Angola,AO,Benguela,L1AGO0036,2012,0.319925647,11.447321199000001,0.540650029,0.0
Angola,AO,Benguela,L1AGO0036,2013,1.408503915,19.134883631999998,1.3450923129999999,0.095798319
Angola,AO,Benguela,L1AGO0036,2014,1.5294927179999998,23.296114746,1.746605995,0.074789916
Angola,AO,Benguela,L1AGO0036,2015,1.3836710970000001,22.883436548,1.765573243,0.0
Angola,AO,Benguela,L1AGO0036,2016,1.3836710970000001,28.534572325,1.765573243,0.0
Angola,AO,Benguela,L1AGO0036,2017,0.952331315,19.516681378999998,1.345432454,0.0
Angola,AO,Bie,L1AGO0037,1997,0.416,4.0,0.0,0.0
Angola,AO,Bie,L1AGO0037,1998,0.6,4.0,0.0,0.0
Angola,AO,Bie,L1AGO0037,1999,0.6,6.5,0.0,0.0
Angola,AO,Bie,L1AGO0037,2000,0.400002254,6.500012549,0.0,0.0
Angola,AO,Bie,L1AGO0037,2001,1.1000193280000001,13.99966178,0.400012461,0.0
Angola,AO,Bie,L1AGO0037,2002,1.2500328600000001,14.34031825,0.6999494390000001,0.0
Angola,AO,Bie,L1AGO0037,2003,1.019955551,13.178699664,0.44997678399999996,0.0
Angola,AO,Bie,L1AGO0037,2004,0.799967653,12.881259478,0.449979782,0.0
Angola,AO,Bie,L1AGO0037,2005,1.748830189,11.837919126,0.650001678,0.0
Angola,AO,Bie,L1AGO0037,2006,1.7524883839999998,17.999955173,0.820500196,0.0
Angola,AO,Bie,L1AGO0037,2007,1.299864544,21.999996432,1.199891571,0.0
Angola,AO,Bie,L1AGO0037,2008,2.029997373,21.44037037,1.2296278760000001,0.0
Angola,AO,Bie,L1AGO0037,2009,1.460502286,19.700004786,1.22987523,0.0
Angola,AO,Bie,L1AGO0037,2010,1.784881537,16.737138343,1.233781896,0.0
Angola,AO,Bie,L1AGO0037,2011,2.054393499,17.478528622000002,1.381692562,0.0
Angola,AO,Bie,L1AGO0037,2012,1.064054843,13.592146908,0.435798609,0.0
Angola,AO,Bie,L1AGO0037,2013,2.442591704,21.116870608,1.442641595,0.109243697
Angola,AO,Bie,L1AGO0037,2014,2.690970624,27.619622565,1.9014616210000002,0.133181126
Angola,AO,Bie,L1AGO0037,2015,2.7092703030000003,20.129535806,1.8493890240000002,0.0
Angola,AO,Bie,L1AGO0037,2016,2.7092703030000003,23.789606313,1.8493890240000002,0.0
Angola,AO,Bie,L1AGO0037,2017,1.716379997,24.698440138,1.455129983,0.0
Angola,AO,Cabinda,L1AGO0038,1997,1.5300931269999998,4.0,0.0,0.0
Angola,AO,Cabinda,L1AGO0038,1998,1.2999999999999998,4.0,0.0,0.0
Angola,AO,Cabinda,L1AGO0038,1999,0.700226244,6.0,0.0,0.0
Angola,AO,Cabinda,L1AGO0038,2000,0.8,10.0,0.0,0.0
Angola,AO,Cabinda,L1AGO0038,2001,0.800067831,15.500635686999999,0.499865772,0.0
Angola,AO,Cabinda,L1AGO0038,2002,0.650041563,16.691817868,0.7001684619999999,0.0
Angola,AO,Cabinda,L1AGO0038,2003,0.800030836,14.640558505,1.200106468,0.0
Angola,AO,Cabinda,L1AGO0038,2004,0.799900324,13.976238597,0.800041528,0.0
Angola,AO,Cabinda,L1AGO0038,2005,0.5,13.040577941999999,0.7099820139999999,0.0
Angola,AO,Cabinda,L1AGO0038,2006,0.539891206,17.497711592,0.83763582,0.0
Angola,AO,Cabinda,L1AGO0038,2007,0.4,18.400314194,0.6999369449999999,0.0
Angola,AO,Cabinda,L1AGO0038,2008,1.060096154,12.469575944999999,0.749926678,0.0
Angola,AO,Cabinda,L1AGO0038,2009,0.479960416,12.864390007,1.050047876,0.25
Angola,AO,Cabinda,L1AGO0038,2010,0.463230898,19.555789784999998,1.053025893,0.0
Angola,AO,Cabinda,L1AGO0038,2011,0.459022078,18.161494495,0.99879447,0.0
Angola,AO,Cabinda,L1AGO0038,2012,0.291368567,14.347849807,0.7039555740000001,0.0
Angola,AO,Cabinda,L1AGO0038,2013,0.428555137,16.463746324,0.980810311,0.141868512
Angola,AO,Cabinda,L1AGO0038,2014,0.375028428,20.262984974000002,1.26782923,0.150613611
Angola,AO,Cabinda,L1AGO0038,2015,0.351159649,12.822141317,1.3769457260000002,0.0
Angola,AO,Cabinda,L1AGO0038,2016,0.351159649,20.344603139,1.3769457260000002,0.0
Angola,AO,Cabinda,L1AGO0038,2017,0.329687804,19.279021362,1.299809859,0.0
Angola,AO,Cunene,L1AGO0042,1997,0.82,5.0,0.0,0.0
Angola,AO,Cunene,L1AGO0042,1998,1.2,6.0,0.0,0.0
Angola,AO,Cunene,L1AGO0042,1999,0.4,0.0,0.0,0.0
Angola,AO,Cunene,L1AGO0042,2000,0.400031586,0.0,0.0,0.0
Angola,AO,Cunene,L1AGO0042,2001,0.900030455,1.5003427,0.25,0.0
Angola,AO,Cunene,L1AGO0042,2002,0.700133821,0.0,0.100262123,0.0
Angola,AO,Cunene,L1AGO0042,2003,0.34002169400000004,0.0,0.0,0.0
Angola,AO,Cunene,L1AGO0042,2004,0.449979263,0.0,0.149854979,0.0
Angola,AO,Cunene,L1AGO0042,2005,0.673272412,0.0,0.249850746,0.0
Angola,AO,Cunene,L1AGO0042,2006,0.696526258,0.0,0.254321711,0.0
Angola,AO,Cunene,L1AGO0042,2007,1.195985647,0.0,0.2,0.0
Angola,AO,Cunene,L1AGO0042,2008,0.169983346,0.0,0.17009094,0.0
Angola,AO,Cunene,L1AGO0042,2009,0.001992761,0.0,0.0,0.0
Angola,AO,Cunene,L1AGO0042,2010,0.644663267,4.527345999,0.239726027,0.0
Angola,AO,Cunene,L1AGO0042,2011,0.944749832,4.643526171,0.314269694,0.0
Angola,AO,Cunene,L1AGO0042,2012,0.20590509099999998,8.270450462,0.27080108999999997,0.0
Angola,AO,Cunene,L1AGO0042,2013,0.239697365,6.962472899,0.070882852,0.0
Angola,AO,Cunene,L1AGO0042,2014,0.366456027,12.030169161,0.092580982,0.0
Angola,AO,Cunene,L1AGO0042,2015,0.423906936,3.502463677,0.377240143,0.0
Angola,AO,Cunene,L1AGO0042,2016,0.423906936,7.228635346000001,0.377240143,0.0
Angola,AO,Cunene,L1AGO0042,2017,0.7401254399999999,17.053109957,0.403877221,0.0
Angola,AO,Huambo,L1AGO0043,1997,0.509960595,4.0,0.0,0.0
Angola,AO,Huambo,L1AGO0043,1998,1.27994281,4.0,0.0,0.0
Angola,AO,Huambo,L1AGO0043,1999,0.600002242,6.5,0.0,0.0
Angola,AO,Huambo,L1AGO0043,2000,0.400001028,6.5,0.0,0.0
Angola,AO,Huambo,L1AGO0043,2001,1.3000110930000002,14.999880545,0.399992036,0.0
Angola,AO,Huambo,L1AGO0043,2002,1.249989642,15.340625955,0.792507394,0.0
Angola,AO,Huambo,L1AGO0043,2003,1.069494233,9.000065317,0.829979833,0.0
Angola,AO,Huambo,L1AGO0043,2004,0.8,13.656432493,0.399960642,0.0
Angola,AO,Huambo,L1AGO0043,2005,1.050008932,13.837910233,0.600011525,0.0
Angola,AO,Huambo,L1AGO0043,2006,0.7665412389999999,18.000423874,0.5500651249999999,0.0
Angola,AO,Huambo,L1AGO0043,2007,0.799990704,22.099885584,1.399962707,0.0
Angola,AO,Huambo,L1AGO0043,2008,1.2800471469999999,20.900386847,1.1880038960000001,0.0
Angola,AO,Huambo,L1AGO0043,2009,1.17514357,22.000521346,1.190104209,0.0
Angola,AO,Huambo,L1AGO0043,2010,1.3268858019999998,16.024889243,1.1916565399999999,0.012727273
Angola,AO,Huambo,L1AGO0043,2011,1.487348616,16.005054629,1.307372011,0.0
Angola,AO,Huambo,L1AGO0043,2012,0.36660258199999995,9.355234732,0.26599601500000003,0.0
Angola,AO,Huambo,L1AGO0043,2013,1.8011741330000002,15.248023262,1.3404346349999998,0.034802784
Angola,AO,Huambo,L1AGO0043,2014,1.95369877,20.069267413,1.743230537,0.03956229
Angola,AO,Huambo,L1AGO0043,2015,1.958209681,15.24763699,4.156688645,0.0
Angola,AO,Huambo,L1AGO0043,2016,1.958209681,18.780449599,4.156688645,0.0
Angola,AO,Huambo,L1AGO0043,2017,1.7385779559999999,16.846406528000003,3.086171343,0.0
Angola,AO,Huila,L1AGO0044,1997,0.720080998,0.0,0.0,0.0
Angola,AO,Huila,L1AGO0044,1998,0.599828179,0.0,0.0,0.0
Angola,AO,Huila,L1AGO0044,1999,0.700001202,4.0,0.0,0.0
Angola,AO,Huila,L1AGO0044,2000,0.700002325,4.0,0.0,0.0
Angola,AO,Huila,L1AGO0044,2001,1.549990061,11.000977995000001,0.449966792,0.0
Angola,AO,Huila,L1AGO0044,2002,1.449996352,11.401703675,0.70007657,0.0
Angola,AO,Huila,L1AGO0044,2003,1.700006111,7.995555947,1.050138947,0.0
Angola,AO,Huila,L1AGO0044,2004,1.029995553,5.200114426000001,0.410042811,0.0
Angola,AO,Huila,L1AGO0044,2005,1.09999953,11.837500996,0.6497136990000001,0.0
Angola,AO,Huila,L1AGO0044,2006,0.783445409,13.138925971,0.192513838,0.0
Angola,AO,Huila,L1AGO0044,2007,1.199995254,19.500248479,0.900029175,0.0
Angola,AO,Huila,L1AGO0044,2008,0.42998919300000005,22.879832295,0.5598930209999999,0.0
Angola,AO,Huila,L1AGO0044,2009,1.1579607040000002,20.000135796,0.560019752,0.0
Angola,AO,Huila,L1AGO0044,2010,1.25362818,16.952574444,0.560388278,0.0
Angola,AO,Huila,L1AGO0044,2011,1.545809532,18.598717606999998,0.793102097,0.0
Angola,AO,Huila,L1AGO0044,2012,0.391124032,14.245958447,0.22072265400000002,0.0
Angola,AO,Huila,L1AGO0044,2013,0.826126666,18.234977030000003,0.6891646419999999,0.197811448
Angola,AO,Huila,L1AGO0044,2014,0.8985830910000001,23.502318623,0.903071356,0.466101695
Angola,AO,Huila,L1AGO0044,2015,0.900954246,16.251303636,1.331599481,0.0
Angola,AO,Huila,L1AGO0044,2016,0.900954246,18.648330068,1.331599481,0.0
Angola,AO,Huila,L1AGO0044,2017,1.994590902,18.775784579,1.708346148,0.0
Angola,AO,Kuando Kubango,L1AGO0039,1997,0.819981835,5.0,0.0,0.0
Angola,AO,Kuando Kubango,L1AGO0039,1998,1.3505154639999999,5.0,0.0,0.0
Angola,AO,Kuando Kubango,L1AGO0039,1999,0.599974604,4.0,0.0,0.0
Angola,AO,Kuando Kubango,L1AGO0039,2000,0.600020914,4.0,0.0,0.0
Angola,AO,Kuando Kubango,L1AGO0039,2001,1.100046179,6.999509564,0.399764614,0.0
Angola,AO,Kuando Kubango,L1AGO0039,2002,1.100011238,8.376331548,0.399954107,0.0
Angola,AO,Kuando Kubango,L1AGO0039,2003,0.899991564,8.244648666,0.600382416,0.0
Angola,AO,Kuando Kubango,L1AGO0039,2004,0.699996085,5.04627308,0.200023057,0.0
Angola,AO,Kuando Kubango,L1AGO0039,2005,0.849989781,10.175061746999999,0.649905027,0.0
Angola,AO,Kuando Kubango,L1AGO0039,2006,0.907920683,14.368664355,0.822858133,0.0
Angola,AO,Kuando Kubango,L1AGO0039,2007,1.299995751,12.672207887999999,0.599975044,0.0
Angola,AO,Kuando Kubango,L1AGO0039,2008,0.9400274729999999,12.258301197000002,0.63995039,0.0
Angola,AO,Kuando Kubango,L1AGO0039,2009,0.7676502479999999,12.590788667,0.5999103880000001,0.0
Angola,AO,Kuando Kubango,L1AGO0039,2010,1.194808187,16.63458908,0.599975327,0.0
Angola,AO,Kuando Kubango,L1AGO0039,2011,1.254905167,16.559001897,0.792761681,0.0
Angola,AO,Kuando Kubango,L1AGO0039,2012,0.365756587,11.346873993000003,0.207857602,0.0
Angola,AO,Kuando Kubango,L1AGO0039,2013,5.085932907,14.879358558,0.850108315,0.0
Angola,AO,Kuando Kubango,L1AGO0039,2014,4.6656510970000005,17.527235601,1.088371364,0.0
Angola,AO,Kuando Kubango,L1AGO0039,2015,1.687157091,7.346620047,1.370900297,0.0
Angola,AO,Kuando Kubango,L1AGO0039,2016,1.687157091,11.625033435999999,1.370900297,0.0
Angola,AO,Kuando Kubango,L1AGO0039,2017,1.139436884,4.934552326,1.0032871970000001,0.0
Angola,AO,Kuanza Norte,L1AGO0040,1997,1.71,4.0,0.0,0.0
Angola,AO,Kuanza Norte,L1AGO0040,1998,2.05,5.0,0.0,0.0
Angola,AO,Kuanza Norte,L1AGO0040,1999,0.749947424,7.0,0.0,0.0
Angola,AO,Kuanza Norte,L1AGO0040,2000,0.699977793,10.0,0.0,0.0
Angola,AO,Kuanza Norte,L1AGO0040,2001,0.299936126,18.499892458999998,0.350048528,0.0
Angola,AO,Kuanza Norte,L1AGO0040,2002,0.6,19.20614528,0.7500328169999999,0.0
Angola,AO,Kuanza Norte,L1AGO0040,2003,0.6,16.222079632,0.950010265,0.0
Angola,AO,Kuanza Norte,L1AGO0040,2004,0.499971814,11.934775503,0.696249529,0.0
Angola,AO,Kuanza Norte,L1AGO0040,2005,0.5,14.516967852,0.710031263,0.0
Angola,AO,Kuanza Norte,L1AGO0040,2006,0.490006207,17.342430110000002,0.791176395,0.0
Angola,AO,Kuanza Norte,L1AGO0040,2007,0.5,25.600779727000003,0.6000097719999999,0.5
Angola,AO,Kuanza Norte,L1AGO0040,2008,0.699969353,31.199053154999998,0.8000040429999999,0.0
Angola,AO,Kuanza Norte,L1AGO0040,2009,0.550008697,29.997987965,0.899962119,0.250024686
Angola,AO,Kuanza Norte,L1AGO0040,2010,0.717594164,21.493473,0.925203303,0.0
Angola,AO,Kuanza Norte,L1AGO0040,2011,0.728061184,22.695199725000002,0.993791605,0.0
Angola,AO,Kuanza Norte,L1AGO0040,2012,0.204592209,26.60753424,0.414267367,0.0
Angola,AO,Kuanza Norte,L1AGO0040,2013,0.608568836,24.592251377000004,1.361785491,0.281132075
Angola,AO,Kuanza Norte,L1AGO0040,2014,0.644962038,30.502665595,1.757140874,0.198113208
Angola,AO,Kuanza Norte,L1AGO0040,2015,0.723673623,54.24490374,1.844145452,0.0
Angola,AO,Kuanza Norte,L1AGO0040,2016,0.723673623,68.17834729,1.844145452,0.0
Angola,AO,Kuanza Norte,L1AGO0040,2017,0.927154755,24.623496597,1.1799323670000001,0.0
Angola,AO,Kuanza Sul,L1AGO0041,1997,0.35,0.0,0.0,0.0
Angola,AO,Kuanza Sul,L1AGO0041,1998,0.5,4.0,0.0,0.0
Angola,AO,Kuanza Sul,L1AGO0041,1999,0.75,6.0,0.0,0.0
Angola,AO,Kuanza Sul,L1AGO0041,2000,0.6,6.0,0.0,0.0
Angola,AO,Kuanza Sul,L1AGO0041,2001,1.299765324,14.50028559,0.400021087,0.0
Angola,AO,Kuanza Sul,L1AGO0041,2002,0.999817572,16.765320725,0.700027645,0.0
Angola,AO,Kuanza Sul,L1AGO0041,2003,1.049796915,15.112513782999999,0.800004462,0.0
Angola,AO,Kuanza Sul,L1AGO0041,2004,0.59999496,15.656327428,0.649958666,0.0
Angola,AO,Kuanza Sul,L1AGO0041,2005,0.699997515,14.507121453,0.700021623,0.0
Angola,AO,Kuanza Sul,L1AGO0041,2006,0.443396843,21.001034019,0.5542014390000001,0.0
Angola,AO,Kuanza Sul,L1AGO0041,2007,0.399997612,22.401628271999996,0.600011412,0.5
Angola,AO,Kuanza Sul,L1AGO0041,2008,0.699996675,25.397928994,0.549997202,0.0
Angola,AO,Kuanza Sul,L1AGO0041,2009,0.649998995,23.400791228,0.5999878869999999,0.25
Angola,AO,Kuanza Sul,L1AGO0041,2010,0.607296945,22.397131513,0.6047493829999999,0.752408377
Angola,AO,Kuanza Sul,L1AGO0041,2011,0.652929641,22.347191981,0.941103665,0.0
Angola,AO,Kuanza Sul,L1AGO0041,2012,0.189440675,14.350855552999999,0.275227162,0.0
Angola,AO,Kuanza Sul,L1AGO0041,2013,0.687232532,20.061603971,0.8728700110000001,0.533073585
Angola,AO,Kuanza Sul,L1AGO0041,2014,0.756666497,25.117395945,1.113894439,0.357544953
Angola,AO,Kuanza Sul,L1AGO0041,2015,0.715583228,18.722919998,1.225749703,0.0
Angola,AO,Kuanza Sul,L1AGO0041,2016,0.715583228,24.487311585999997,1.225749703,0.0
Angola,AO,Kuanza Sul,L1AGO0041,2017,0.871563975,25.23918835,1.250817474,0.0
Angola,AO,Luanda,L1AGO0045,1997,0.51,3.5,0.0,0.0
Angola,AO,Luanda,L1AGO0045,1998,0.5,6.0,0.0,0.0
Angola,AO,Luanda,L1AGO0045,1999,0.800247372,5.0,0.0,0.0
Angola,AO,Luanda,L1AGO0045,2000,0.6,9.0,0.0,0.0
Angola,AO,Luanda,L1AGO0045,2001,0.599750623,14.499227497,0.5,0.0
Angola,AO,Luanda,L1AGO0045,2002,0.499946138,16.206222945,0.3502658,0.0
Angola,AO,Luanda,L1AGO0045,2003,0.59994501,13.734325823999999,0.349828179,0.0
Angola,AO,Luanda,L1AGO0045,2004,0.5,7.655279503,0.300699301,0.0
Angola,AO,Luanda,L1AGO0045,2005,0.500299581,10.681770087,0.305755396,0.0
Angola,AO,Luanda,L1AGO0045,2006,0.499806726,15.011427947000001,0.306264501,0.0
Angola,AO,Luanda,L1AGO0045,2007,0.5,13.587666721,0.7,0.0
Angola,AO,Luanda,L1AGO0045,2008,0.609896433,19.632209718,0.370967742,0.0
Angola,AO,Luanda,L1AGO0045,2009,0.539948454,12.59991893,0.3,0.0
Angola,AO,Luanda,L1AGO0045,2010,0.563259471,9.862586467,0.300353357,0.0
Angola,AO,Luanda,L1AGO0045,2011,0.725078699,10.850539084,0.353571429,0.0
Angola,AO,Luanda,L1AGO0045,2012,0.321070234,3.065814394,0.13986014,0.0
Angola,AO,Luanda,L1AGO0045,2013,0.772552043,11.25763023,0.284615385,0.0
Angola,AO,Luanda,L1AGO0045,2014,0.898561696,16.034378832999998,0.363471971,0.0
Angola,AO,Luanda,L1AGO0045,2015,0.759493671,10.95139032,0.494845361,0.0
Angola,AO,Luanda,L1AGO0045,2016,0.759493671,16.501627491,0.494845361,0.0
Angola,AO,Luanda,L1AGO0045,2017,0.880333654,18.246123767,0.506329114,0.0
Angola,AO,Lunda Norte,L1AGO0046,1997,0.720052122,0.0,0.0,0.0
Angola,AO,Lunda Norte,L1AGO0046,1998,0.8,0.0,0.0,0.0
Angola,AO,Lunda Norte,L1AGO0046,1999,0.600064092,5.500013153,0.0,0.0
Angola,AO,Lunda Norte,L1AGO0046,2000,0.500058255,10.0,0.0,0.0
Angola,AO,Lunda Norte,L1AGO0046,2001,1.6005296800000002,13.500774888999999,0.3,0.0
Angola,AO,Lunda Norte,L1AGO0046,2002,1.699501247,16.193069258,0.599958435,0.0
Angola,AO,Lunda Norte,L1AGO0046,2003,1.899756685,8.247197307,0.750081625,0.0
Angola,AO,Lunda Norte,L1AGO0046,2004,1.499948243,11.475559854,0.750065768,0.0
Angola,AO,Lunda Norte,L1AGO0046,2005,1.1502568260000001,12.007724184,0.702828988,0.0
Angola,AO,Lunda Norte,L1AGO0046,2006,0.439985272,16.10006567,0.730104893,0.0
Angola,AO,Lunda Norte,L1AGO0046,2007,0.7,14.100943939,0.700037411,0.0
Angola,AO,Lunda Norte,L1AGO0046,2008,1.069773145,15.499955042,0.749816101,0.0
Angola,AO,Lunda Norte,L1AGO0046,2009,0.8096259960000001,13.700129064,0.7501702610000001,0.0
Angola,AO,Lunda Norte,L1AGO0046,2010,1.014453649,13.167552692000001,0.750023396,0.0
Angola,AO,Lunda Norte,L1AGO0046,2011,1.160318186,16.084811889,0.864360465,0.0
Angola,AO,Lunda Norte,L1AGO0046,2012,1.0977365669999999,14.674797393,0.73192935,0.0
Angola,AO,Lunda Norte,L1AGO0046,2013,1.280835144,17.743990553,0.906312531,0.0
Angola,AO,Lunda Norte,L1AGO0046,2014,1.3669378330000002,21.584564983,1.220365869,0.0
Angola,AO,Lunda Norte,L1AGO0046,2015,1.326870242,16.042648074,1.308333497,0.0
Angola,AO,Lunda Norte,L1AGO0046,2016,1.326870242,21.129070917,1.308333497,0.0
Angola,AO,Lunda Norte,L1AGO0046,2017,0.603461698,15.999242406,0.9028281189999999,0.0
Angola,AO,Lunda Sul,L1AGO0047,1997,1.236000464,4.0,0.0,0.0
Angola,AO,Lunda Sul,L1AGO0047,1998,1.45,6.0,0.0,0.0
Angola,AO,Lunda Sul,L1AGO0047,1999,0.600027594,5.500016232,0.0,0.0
Angola,AO,Lunda Sul,L1AGO0047,2000,0.5,10.0,0.0,0.0
Angola,AO,Lunda Sul,L1AGO0047,2001,1.5000692999999998,13.499659732,0.400161681,0.0
Angola,AO,Lunda Sul,L1AGO0047,2002,1.749510764,15.704728331,0.7999254499999999,0.0
Angola,AO,Lunda Sul,L1AGO0047,2003,1.666612747,13.235243281999999,0.800039628,0.0
Angola,AO,Lunda Sul,L1AGO0047,2004,1.388805319,11.656544383,0.141786851,0.0
Angola,AO,Lunda Sul,L1AGO0047,2005,0.778876446,12.006712719,0.320772834,0.0
Angola,AO,Lunda Sul,L1AGO0047,2006,0.439966648,15.905156887,0.322332417,0.0
Angola,AO,Lunda Sul,L1AGO0047,2007,0.399948757,14.700317477,0.598245614,0.0
Angola,AO,Lunda Sul,L1AGO0047,2008,1.110223202,16.79984893,0.800064288,0.0
Angola,AO,Lunda Sul,L1AGO0047,2009,0.976898584,16.300241022,0.700305439,0.0
Angola,AO,Lunda Sul,L1AGO0047,2010,1.553618315,19.567736418,0.6999092149999999,0.0
Angola,AO,Lunda Sul,L1AGO0047,2011,1.629289275,19.01110995,0.935064845,0.0
Angola,AO,Lunda Sul,L1AGO0047,2012,1.076427823,14.811104491,0.6787646700000001,0.0
Angola,AO,Lunda Sul,L1AGO0047,2013,1.698667501,19.540487501999998,0.9037595110000001,0.0
Angola,AO,Lunda Sul,L1AGO0047,2014,1.820627891,24.375847301,1.172744912,0.0
Angola,AO,Lunda Sul,L1AGO0047,2015,1.8671468020000002,18.295145979,1.328757751,0.0
Angola,AO,Lunda Sul,L1AGO0047,2016,1.8671468020000002,23.303048856,1.328757751,0.0
Angola,AO,Lunda Sul,L1AGO0047,2017,0.675218476,25.73690661,1.089162579,0.0
Angola,AO,Malanje,L1AGO0048,1997,1.220008418,0.0,0.0,0.0
Angola,AO,Malanje,L1AGO0048,1998,1.75,2.0,0.0,0.0
Angola,AO,Malanje,L1AGO0048,1999,0.649992736,7.0,0.0,0.0
Angola,AO,Malanje,L1AGO0048,2000,0.699989516,7.5,0.0,0.0
Angola,AO,Malanje,L1AGO0048,2001,0.400016354,15.999040141999998,0.349993867,0.0
Angola,AO,Malanje,L1AGO0048,2002,0.649974537,19.692367661,0.6491987100000001,0.0
Angola,AO,Malanje,L1AGO0048,2003,0.849993041,14.640977881,0.949984853,0.0
Angola,AO,Malanje,L1AGO0048,2004,0.65,13.108219007999999,0.5999796310000001,0.0
Angola,AO,Malanje,L1AGO0048,2005,1.197802198,13.007027036,0.710012038,0.0
Angola,AO,Malanje,L1AGO0048,2006,0.525396753,17.199837287,0.860146162,0.0
Angola,AO,Malanje,L1AGO0048,2007,0.5,18.598713313,0.499998059,0.0
Angola,AO,Malanje,L1AGO0048,2008,0.800004085,32.31040464,0.800021293,0.0
Angola,AO,Malanje,L1AGO0048,2009,0.509996553,32.202019034,0.8000211859999999,0.0
Angola,AO,Malanje,L1AGO0048,2010,1.394304049,18.490961711999997,1.263075044,0.0
Angola,AO,Malanje,L1AGO0048,2011,1.5300723559999998,21.807993484,1.53051187,0.0
Angola,AO,Malanje,L1AGO0048,2012,0.898561961,16.620816682,0.865095838,0.0
Angola,AO,Malanje,L1AGO0048,2013,1.63968205,22.621649876,1.6561178019999998,0.129666858
Angola,AO,Malanje,L1AGO0048,2014,1.715426716,27.078109591999997,2.086779294,0.190407812
Angola,AO,Malanje,L1AGO0048,2015,1.627535653,16.178548590000002,1.414218559,0.0
Angola,AO,Malanje,L1AGO0048,2016,1.627535653,19.06873089,1.414218559,0.0
Angola,AO,Malanje,L1AGO0048,2017,2.6119338279999997,15.965452928000001,1.188998979,0.0
Angola,AO,Moxico,L1AGO0049,1997,0.509999119,4.0,0.0,0.0
Angola,AO,Moxico,L1AGO0049,1998,1.1,8.0,0.0,0.0
Angola,AO,Moxico,L1AGO0049,1999,0.600009371,6.0,0.0,0.0
Angola,AO,Moxico,L1AGO0049,2000,0.500021166,7.0,0.0,0.0
Angola,AO,Moxico,L1AGO0049,2001,2.6001613260000003,11.00035381,0.39996115,0.0
Angola,AO,Moxico,L1AGO0049,2002,2.3994220979999996,14.253335857,0.7999189630000001,0.0
Angola,AO,Moxico,L1AGO0049,2003,2.398721048,12.112566347,0.7999185369999999,0.0
Angola,AO,Moxico,L1AGO0049,2004,1.700230285,12.153773614,0.49994369299999997,0.0
Angola,AO,Moxico,L1AGO0049,2005,1.4996806559999998,13.505349022,0.7499966929999999,0.0
Angola,AO,Moxico,L1AGO0049,2006,1.364343171,20.990174278999998,0.750031635,0.0
Angola,AO,Moxico,L1AGO0049,2007,1.299861878,16.099831815,0.7,0.0
Angola,AO,Moxico,L1AGO0049,2008,0.9402325500000001,19.369933723,0.180039354,0.0
Angola,AO,Moxico,L1AGO0049,2009,0.9809671,19.29999616,0.600024927,0.0
Angola,AO,Moxico,L1AGO0049,2010,2.174580353,16.203393203999997,1.0000122930000002,0.0
Angola,AO,Moxico,L1AGO0049,2011,2.615383248,16.311187411,1.349314536,0.0
Angola,AO,Moxico,L1AGO0049,2012,1.2201978,12.981704989,0.26542425199999997,0.0
Angola,AO,Moxico,L1AGO0049,2013,3.126503855,18.703426504,1.417344806,0.0
Angola,AO,Moxico,L1AGO0049,2014,3.419472743,21.6073177,1.808747211,0.0
Angola,AO,Moxico,L1AGO0049,2015,3.358161678,7.390641248,1.901096584,0.0
Angola,AO,Moxico,L1AGO0049,2016,3.358161678,15.190330853999999,1.901096584,0.0
Angola,AO,Moxico,L1AGO0049,2017,2.457816009,21.800732908,1.800949851,0.0
Angola,AO,Namibe,L1AGO0050,1997,0.619992441,5.0,0.0,0.0
Angola,AO,Namibe,L1AGO0050,1998,0.8,5.0,0.0,0.0
Angola,AO,Namibe,L1AGO0050,1999,0.299987207,0.0,0.0,0.0
Angola,AO,Namibe,L1AGO0050,2000,0.600059338,0.0,0.0,0.0
Angola,AO,Namibe,L1AGO0050,2001,0.999986507,2.5,0.200406918,0.0
Angola,AO,Namibe,L1AGO0050,2002,0.900087547,6.997911229,0.3,0.0
Angola,AO,Namibe,L1AGO0050,2003,0.9999205790000001,4.987273022,0.249808429,0.0
Angola,AO,Namibe,L1AGO0050,2004,0.800052673,2.509259259,0.249769585,0.0
Angola,AO,Namibe,L1AGO0050,2005,0.8499032879999999,5.000773993999999,0.300139276,0.0
Angola,AO,Namibe,L1AGO0050,2006,0.698924321,3.0,0.5003465,0.0
Angola,AO,Namibe,L1AGO0050,2007,1.099976185,0.0,0.398170732,0.0
Angola,AO,Namibe,L1AGO0050,2008,0.649890386,23.398548579,0.5186156049999999,0.0
Angola,AO,Namibe,L1AGO0050,2009,0.900955897,24.500538213,0.521224199,0.0
Angola,AO,Namibe,L1AGO0050,2010,1.007132822,18.946607827,0.615489237,0.0
Angola,AO,Namibe,L1AGO0050,2011,1.147960135,21.613577536999998,0.719309016,0.0
Angola,AO,Namibe,L1AGO0050,2012,0.291048429,16.001700268,0.233385603,0.0
Angola,AO,Namibe,L1AGO0050,2013,0.517523291,20.451731262,0.5590353480000001,0.0
Angola,AO,Namibe,L1AGO0050,2014,0.5864473139999999,23.961030078,0.7946347810000001,0.0
Angola,AO,Namibe,L1AGO0050,2015,0.9510122510000001,14.138776996999999,1.068757197,0.0
Angola,AO,Namibe,L1AGO0050,2016,0.9510122510000001,18.493651524999997,1.068757197,0.0
Angola,AO,Namibe,L1AGO0050,2017,1.179175126,16.765231254,0.9967016740000001,0.0
Angola,AO,Uige,L1AGO0051,1997,1.46,0.0,0.0,0.0
Angola,AO,Uige,L1AGO0051,1998,1.7000000000000002,2.0,0.0,0.0
Angola,AO,Uige,L1AGO0051,1999,0.849990752,5.500004342,0.0,0.0
Angola,AO,Uige,L1AGO0051,2000,0.800011915,10.0,0.0,0.0
Angola,AO,Uige,L1AGO0051,2001,0.350012636,19.00049143,0.45001872,0.0
Angola,AO,Uige,L1AGO0051,2002,0.649989977,20.205029076,0.8500177289999999,0.0
Angola,AO,Uige,L1AGO0051,2003,0.75,14.140617105,0.600023444,0.0
Angola,AO,Uige,L1AGO0051,2004,1.650129282,14.61384194,0.599994442,0.0
Angola,AO,Uige,L1AGO0051,2005,1.199922798,14.506569696,0.7100108089999999,0.0
Angola,AO,Uige,L1AGO0051,2006,0.499974906,16.834299715,0.783378559,0.0
Angola,AO,Uige,L1AGO0051,2007,0.5,24.499123288,0.6000005340000001,0.5
Angola,AO,Uige,L1AGO0051,2008,0.500014268,35.920661605999996,0.819990947,0.0
Angola,AO,Uige,L1AGO0051,2009,0.649955765,29.899110184999998,0.699999721,0.250059312
Angola,AO,Uige,L1AGO0051,2010,1.45162704,22.522744838,0.699994039,0.0
Angola,AO,Uige,L1AGO0051,2011,1.758265559,21.498919469999997,0.896992674,0.0
Angola,AO,Uige,L1AGO0051,2012,0.7943353769999999,14.79685151,0.5891486619999999,0.0
Angola,AO,Uige,L1AGO0051,2013,1.916351071,21.025316195000002,1.0900230149999999,0.318150449
Angola,AO,Uige,L1AGO0051,2014,2.0374752369999998,26.305050968000003,1.4302403369999999,0.309796523
Angola,AO,Uige,L1AGO0051,2015,2.102254807,17.023739257,1.584419579,0.0
Angola,AO,Uige,L1AGO0051,2016,2.102254807,25.048081222999997,1.584419579,0.0
Angola,AO,Uige,L1AGO0051,2017,0.956984981,25.124368102,1.664762229,0.0
Angola,AO,Zaire,L1AGO0052,1997,0.409971711,5.0,0.0,0.0
Angola,AO,Zaire,L1AGO0052,1998,1.499976102,6.5,0.0,0.0
Angola,AO,Zaire,L1AGO0052,1999,0.85005692,5.500014141,0.0,0.0
Angola,AO,Zaire,L1AGO0052,2000,0.899937067,9.0,0.0,0.0
Angola,AO,Zaire,L1AGO0052,2001,0.399824253,13.000125534,0.500079885,0.0
Angola,AO,Zaire,L1AGO0052,2002,0.649917732,14.74150428,0.900027617,0.0
Angola,AO,Zaire,L1AGO0052,2003,0.649963513,12.613928085,0.8507903720000001,0.0
Angola,AO,Zaire,L1AGO0052,2004,0.499817585,11.838872321,0.6001448899999999,0.0
Angola,AO,Zaire,L1AGO0052,2005,0.5,12.006127566,0.71000257,0.0
Angola,AO,Zaire,L1AGO0052,2006,0.400147929,15.50014676,0.649979867,0.0
Angola,AO,Zaire,L1AGO0052,2007,0.399856425,18.396370276,0.600030184,0.0
Angola,AO,Zaire,L1AGO0052,2008,0.829727844,24.660483424,0.670142111,0.0
Angola,AO,Zaire,L1AGO0052,2009,0.44994995,30.20023174,0.8000220849999999,0.0
Angola,AO,Zaire,L1AGO0052,2010,0.563313609,19.683832088,0.785144672,0.0
Angola,AO,Zaire,L1AGO0052,2011,0.586643945,18.099022152,0.9667412660000001,0.0
Angola,AO,Zaire,L1AGO0052,2012,0.329892608,11.308849955,0.622351658,0.0
Angola,AO,Zaire,L1AGO0052,2013,0.615250231,18.388845098,0.948959178,0.0
Angola,AO,Zaire,L1AGO0052,2014,0.656762295,19.940706218000003,1.313754399,0.0
Angola,AO,Zaire,L1AGO0052,2015,0.669128388,13.890961969,1.399893726,0.0
Angola,AO,Zaire,L1AGO0052,2016,0.669128388,22.489859748,1.399893726,0.0
Angola,AO,Zaire,L1AGO0052,2017,1.104972376,23.781000583,1.319492998,0.0
Botswana,BWA,Central,L1BWA0401,1993,0.252668216,0.0,0.074707986,0.0
Botswana,BWA,Francistown,L1BWA0403,1993,0.35994995799999996,0.0,0.174177993,0.0
Botswana,BWA,Gaborone,L1BWA0404,1993,0.286037603,0.0,0.017058166,0.0
Botswana,BWA,Ghanzi,L1BWA0405,1993,0.0,0.0,0.006042296,0.0
Botswana,BWA,North-West,L1BWA0412,1993,0.490511933,0.0,0.55624297,0.0
Botswana,BWA,Southern,L1BWA0415,1993,0.531781754,0.0,0.295977323,0.0
Burkina Faso,BFA,Boucle du Mouhoun,L1BFA0216,1995,6.230819093,0.0,2.975706043,1.083920055
Burkina Faso,BFA,Boucle du Mouhoun,L1BFA0216,1996,6.332838275,0.0,15.31611951,0.776945735
Burkina Faso,BFA,Boucle du Mouhoun,L1BFA0216,1997,3.566369925,0.0,5.740830222,1.039102248
Burkina Faso,BFA,Boucle du Mouhoun,L1BFA0216,1998,4.931904434,0.0,3.992621741,0.749349705
Burkina Faso,BFA,Boucle du Mouhoun,L1BFA0216,1999,7.254788823,0.0,4.979316433,1.050567791
Burkina Faso,BFA,Boucle du Mouhoun,L1BFA0216,2000,2.882238759,0.0,2.026899798,0.910270702
Burkina Faso,BFA,Boucle du Mouhoun,L1BFA0216,2001,5.128802824,0.0,5.779538594,1.157409359
Burkina Faso,BFA,Boucle du Mouhoun,L1BFA0216,2002,4.8889658140000005,0.0,3.938127433,1.0219261
Burkina Faso,BFA,Boucle du Mouhoun,L1BFA0216,2003,9.502929071,0.0,10.99948367,1.123072265
Burkina Faso,BFA,Boucle du Mouhoun,L1BFA0216,2004,3.636499698,0.0,3.319637374,1.069645891
Burkina Faso,BFA,Boucle du Mouhoun,L1BFA0216,2005,6.483849653,0.0,2.614265734,1.302163768
Burkina Faso,BFA,Boucle du Mouhoun,L1BFA0216,2006,8.46668995,0.0,3.448319642,1.501137093
Burkina Faso,BFA,Boucle du Mouhoun,L1BFA0216,2007,5.526017611,0.0,1.958269849,1.012311485
Burkina Faso,BFA,Boucle du Mouhoun,L1BFA0216,2008,5.942386008000001,41.81179273,3.8801899110000004,1.33141948
Burkina Faso,BFA,Boucle du Mouhoun,L1BFA0216,2009,6.923295389,39.500807104,4.400641963,1.189494664
Burkina Faso,BFA,Boucle du Mouhoun,L1BFA0216,2010,6.547874511,15.162796372999999,7.106732044,1.376399723
Burkina Faso,BFA,Boucle du Mouhoun,L1BFA0216,2011,5.714809529,27.68384075,5.635806763,1.178770895
Burkina Faso,BFA,Boucle du Mouhoun,L1BFA0216,2012,6.627325059,4.396449704,5.178871376,1.017212198
Burkina Faso,BFA,Boucle du Mouhoun,L1BFA0216,2013,6.96191956,25.45322793,4.433788407,1.252164083
Burkina Faso,BFA,Boucle du Mouhoun,L1BFA0216,2014,7.140205706,2.315789474,4.02913761,1.532516483
Burkina Faso,BFA,Boucle du Mouhoun,L1BFA0216,2015,6.815178743000001,0.0,3.718165496,1.262918434
Burkina Faso,BFA,Boucle du Mouhoun,L1BFA0216,2016,6.304409514,1.041916168,2.777339386,1.203639262
Burkina Faso,BFA,Boucle du Mouhoun,L1BFA0216,2017,5.421726274999999,28.78832117,3.158201892,0.891502372
Burkina Faso,BFA,Boucle du Mouhoun,L1BFA0216,2018,6.238104031000001,11.42307692,3.284189,1.062992424
Burkina Faso,BFA,Cascades,L1BFA0217,1995,5.925373345000001,0.0,1.945845005,0.489987905
Burkina Faso,BFA,Cascades,L1BFA0217,1996,6.112217777,0.0,1.513292434,1.428191905
Burkina Faso,BFA,Cascades,L1BFA0217,1997,5.337814912000001,0.0,0.721962617,1.593277588
Burkina Faso,BFA,Cascades,L1BFA0217,1998,5.323560296,0.0,1.414925373,1.184625612
Burkina Faso,BFA,Cascades,L1BFA0217,1999,6.892941792,0.0,0.796363636,1.520692884
Burkina Faso,BFA,Cascades,L1BFA0217,2000,6.906016393,0.0,1.151869159,1.348624417
Burkina Faso,BFA,Cascades,L1BFA0217,2001,8.114437841,0.0,1.415961945,1.201376453
Burkina Faso,BFA,Cascades,L1BFA0217,2002,8.125732102,0.0,2.710486891,1.343150581
Burkina Faso,BFA,Cascades,L1BFA0217,2003,7.924235734,0.0,1.291307233,1.06738437
Burkina Faso,BFA,Cascades,L1BFA0217,2004,8.550881804,0.0,1.225479143,1.273260667
Burkina Faso,BFA,Cascades,L1BFA0217,2005,9.814629324,0.0,1.430325353,1.161758296
Burkina Faso,BFA,Cascades,L1BFA0217,2006,13.710957045999999,0.0,1.677647059,1.753665331
Burkina Faso,BFA,Cascades,L1BFA0217,2007,8.225118313,0.0,0.997212544,1.312409157
Burkina Faso,BFA,Cascades,L1BFA0217,2008,6.851499641,8.981730414000001,3.259313746,1.42106922
Burkina Faso,BFA,Cascades,L1BFA0217,2009,6.606023699,8.470773494,3.9021644529999997,1.319070513
Burkina Faso,BFA,Cascades,L1BFA0217,2010,6.199006464,8.444136977,3.4884438380000002,1.007438117
Burkina Faso,BFA,Cascades,L1BFA0217,2011,6.331093796,10.694168577,4.084324421,1.139762358
Burkina Faso,BFA,Cascades,L1BFA0217,2012,7.267062886000001,9.041594951,2.775574552,1.15847639
Burkina Faso,BFA,Cascades,L1BFA0217,2013,6.518685953,7.103678215,2.880856403,1.242789249
Burkina Faso,BFA,Cascades,L1BFA0217,2014,6.904818021,15.747725567,3.9978396370000002,1.122910169
Burkina Faso,BFA,Cascades,L1BFA0217,2015,6.958569945000001,2.038461538,3.830048732,1.46954827
Burkina Faso,BFA,Cascades,L1BFA0217,2016,6.5857133,9.818283917,4.075907013,1.42779964
Burkina Faso,BFA,Cascades,L1BFA0217,2017,6.2259856330000005,10.098959108,2.9120043399999997,1.213222581
Burkina Faso,BFA,Cascades,L1BFA0217,2018,6.925990789,20.663928970999997,2.536146497,0.99005247
Burkina Faso,BFA,Centre,L1BFA0218,1995,2.615838743,0.0,0.0,0.0
Burkina Faso,BFA,Centre,L1BFA0218,1996,3.0327088659999997,0.0,69.65217391,0.0
Burkina Faso,BFA,Centre,L1BFA0218,1997,1.142132091,0.0,9.9,0.0
Burkina Faso,BFA,Centre,L1BFA0218,1998,2.630764948,0.0,7.046511628,0.0
Burkina Faso,BFA,Centre,L1BFA0218,1999,49.866948711000006,0.0,9.710526316,0.0
Burkina Faso,BFA,Centre,L1BFA0218,2000,1.891553711,0.0,2.181818182,0.0
Burkina Faso,BFA,Centre,L1BFA0218,2001,4.920427719,0.0,3.532414497,0.0
Burkina Faso,BFA,Centre,L1BFA0218,2002,4.068879531,0.0,3.518203883,0.47826087
Burkina Faso,BFA,Centre,L1BFA0218,2003,15.383592967000002,0.0,16.53664303,0.0
Burkina Faso,BFA,Centre,L1BFA0218,2004,4.429309066,0.0,4.368451688,0.456790123
Burkina Faso,BFA,Centre,L1BFA0218,2005,4.6261669,0.0,3.218181818,1.370517928
Burkina Faso,BFA,Centre,L1BFA0218,2006,5.186387377,0.0,2.193573668,1.996240602
Burkina Faso,BFA,Centre,L1BFA0218,2007,4.059774388,0.0,2.304,0.0
Burkina Faso,BFA,Centre,L1BFA0218,2008,4.552366355,0.0,5.5969087769999994,1.011990408
Burkina Faso,BFA,Centre,L1BFA0218,2009,4.792632849,16.45454545,8.261319936,0.813829787
Burkina Faso,BFA,Centre,L1BFA0218,2010,5.874457556,1.0,7.010312705,0.0
Burkina Faso,BFA,Centre,L1BFA0218,2011,4.539558473,0.0,4.0521038350000005,0.0
Burkina Faso,BFA,Centre,L1BFA0218,2012,7.946155903,0.0,4.033277557,0.0
Burkina Faso,BFA,Centre,L1BFA0218,2013,7.113761335,0.0,4.013699609,0.0
Burkina Faso,BFA,Centre,L1BFA0218,2014,8.228554747,2.071428571,3.4290091269999996,0.0
Burkina Faso,BFA,Centre,L1BFA0218,2015,6.172968695,0.0,6.632926242,0.0
Burkina Faso,BFA,Centre,L1BFA0218,2016,7.031072012,0.0,3.279495626,2.002008032
Burkina Faso,BFA,Centre,L1BFA0218,2017,5.242644854,9.333333333,2.657570704,0.0
Burkina Faso,BFA,Centre,L1BFA0218,2018,6.002877856,8.666666667,2.2971119079999998,0.0
Burkina Faso,BFA,Centre-Est,L1BFA0219,1995,5.0040932950000006,0.0,9.820713664,6.661016949
Burkina Faso,BFA,Centre-Est,L1BFA0219,1996,4.63472834,0.0,26.62837163,0.545961003
Burkina Faso,BFA,Centre-Est,L1BFA0219,1997,3.414155819,0.0,25.66706876,1.47826087
Burkina Faso,BFA,Centre-Est,L1BFA0219,1998,4.089021208,0.0,18.68458585,0.68683274
Burkina Faso,BFA,Centre-Est,L1BFA0219,1999,4.709372233,0.0,16.59078134,0.674088292
Burkina Faso,BFA,Centre-Est,L1BFA0219,2000,3.957530283,0.0,8.202328967,0.746881497
Burkina Faso,BFA,Centre-Est,L1BFA0219,2001,6.066223587,0.0,11.0160487,1.165485714
Burkina Faso,BFA,Centre-Est,L1BFA0219,2002,6.094083465,0.0,12.46468401,0.956487132
Burkina Faso,BFA,Centre-Est,L1BFA0219,2003,7.293485291,0.0,26.31523643,1.287022235
Burkina Faso,BFA,Centre-Est,L1BFA0219,2004,6.725484599,0.0,11.19062181,1.150488107
Burkina Faso,BFA,Centre-Est,L1BFA0219,2005,5.611546838000001,0.0,12.15646259,0.818311647
Burkina Faso,BFA,Centre-Est,L1BFA0219,2006,5.727443291,0.0,10.56607275,0.576710557
Burkina Faso,BFA,Centre-Est,L1BFA0219,2007,4.193799717,0.0,7.558166863,0.685121107
Burkina Faso,BFA,Centre-Est,L1BFA0219,2008,6.360791130000001,17.36942675,20.089568396,1.091011517
Burkina Faso,BFA,Centre-Est,L1BFA0219,2009,5.901454793999999,11.48969072,20.963448573999997,0.976785284
Burkina Faso,BFA,Centre-Est,L1BFA0219,2010,6.14864726,15.96323529,11.423430369,1.151900585
Burkina Faso,BFA,Centre-Est,L1BFA0219,2011,5.590563146999999,2.689655172,17.4025334,0.85319198
Burkina Faso,BFA,Centre-Est,L1BFA0219,2012,5.738963652000001,2.782496782,12.785084052,1.157984483
Burkina Faso,BFA,Centre-Est,L1BFA0219,2013,5.696423168,13.88986784,12.678136847000001,1.282582721
Burkina Faso,BFA,Centre-Est,L1BFA0219,2014,6.680356336999999,0.934977578,6.106524379,1.350042084
Burkina Faso,BFA,Centre-Est,L1BFA0219,2015,5.704519060000001,0.0,5.60630841,1.368657357
Burkina Faso,BFA,Centre-Est,L1BFA0219,2016,6.261172999,9.0,8.679790563,1.481281793
Burkina Faso,BFA,Centre-Est,L1BFA0219,2017,5.886622568,6.0,5.618532766,1.077839986
Burkina Faso,BFA,Centre-Est,L1BFA0219,2018,6.4376476480000004,7.888888889,5.504556895,0.955002778
Burkina Faso,BFA,Centre-Nord,L1BFA0220,1995,7.788543846,0.0,252.2293578,2.935031847
Burkina Faso,BFA,Centre-Nord,L1BFA0220,1996,4.91887582,0.0,29.602,0.597788528
Burkina Faso,BFA,Centre-Nord,L1BFA0220,1997,4.542753227,0.0,11.85867446,0.393700787
Burkina Faso,BFA,Centre-Nord,L1BFA0220,1998,5.952724992,0.0,38.03754266,0.914001049
Burkina Faso,BFA,Centre-Nord,L1BFA0220,1999,6.383903043,0.0,31.77827715,0.823076923
Burkina Faso,BFA,Centre-Nord,L1BFA0220,2000,4.921952664000001,0.0,13.56738392,0.424242424
Burkina Faso,BFA,Centre-Nord,L1BFA0220,2001,6.260578376,0.0,35.00688073,0.640790402
Burkina Faso,BFA,Centre-Nord,L1BFA0220,2002,6.371208349,0.0,18.06845638,0.636576788
Burkina Faso,BFA,Centre-Nord,L1BFA0220,2003,55.946098858,0.0,68.45903955,0.628514056
Burkina Faso,BFA,Centre-Nord,L1BFA0220,2004,4.580355834000001,0.0,13.11206588,0.45503212
Burkina Faso,BFA,Centre-Nord,L1BFA0220,2005,6.120402471,0.0,11.58677991,0.555323591
Burkina Faso,BFA,Centre-Nord,L1BFA0220,2006,6.087050039,0.0,17.82229673,0.971014493
Burkina Faso,BFA,Centre-Nord,L1BFA0220,2007,3.641770794,0.0,5.137884615,0.287671233
Burkina Faso,BFA,Centre-Nord,L1BFA0220,2008,5.451208637000001,24.0,8.627135227,3.821428571
Burkina Faso,BFA,Centre-Nord,L1BFA0220,2009,4.323040432,0.0,5.058348731,0.666666667
Burkina Faso,BFA,Centre-Nord,L1BFA0220,2010,4.455277239,0.0,9.927003736,1.730627306
Burkina Faso,BFA,Centre-Nord,L1BFA0220,2011,4.225947298,0.0,4.522405797,0.0
Burkina Faso,BFA,Centre-Nord,L1BFA0220,2012,5.929973293,0.0,8.197425182,0.0
Burkina Faso,BFA,Centre-Nord,L1BFA0220,2013,5.280351045,0.0,5.67039579,0.0
Burkina Faso,BFA,Centre-Nord,L1BFA0220,2014,4.5472647429999995,0.0,4.245091353,0.640625
Burkina Faso,BFA,Centre-Nord,L1BFA0220,2015,4.923429294,1.045454545,6.089821042,0.380952381
Burkina Faso,BFA,Centre-Nord,L1BFA0220,2016,4.781139965,0.333333333,6.434258412999999,0.434782609
Burkina Faso,BFA,Centre-Nord,L1BFA0220,2017,4.243092236,0.0,2.469353902,0.038961039
Burkina Faso,BFA,Centre-Nord,L1BFA0220,2018,5.210229655,0.0,3.414115872,0.722222222
Burkina Faso,BFA,Centre-Ouest,L1BFA0221,1995,3.364786424,0.0,148.1861199,0.915886392
Burkina Faso,BFA,Centre-Ouest,L1BFA0221,1996,5.054396402,0.0,20.79225062,1.233884511
Burkina Faso,BFA,Centre-Ouest,L1BFA0221,1997,3.547617322,0.0,5.208111308,0.839391979
Burkina Faso,BFA,Centre-Ouest,L1BFA0221,1998,3.837787865,0.0,7.792944785,0.898752829
Burkina Faso,BFA,Centre-Ouest,L1BFA0221,1999,4.867388717000001,0.0,11.72035928,1.096243265
Burkina Faso,BFA,Centre-Ouest,L1BFA0221,2000,4.078265557,0.0,8.26631016,1.110025197
Burkina Faso,BFA,Centre-Ouest,L1BFA0221,2001,4.6180592869999995,0.0,8.30756262,0.935790061
Burkina Faso,BFA,Centre-Ouest,L1BFA0221,2002,4.308556359,0.0,6.29008222,0.896842518
Burkina Faso,BFA,Centre-Ouest,L1BFA0221,2003,4.030620765,0.0,12.18494624,0.753596506
Burkina Faso,BFA,Centre-Ouest,L1BFA0221,2004,4.2353590819999996,0.0,8.745107399,0.698727129
Burkina Faso,BFA,Centre-Ouest,L1BFA0221,2005,4.775180329,0.0,7.507939218,0.908523778
Burkina Faso,BFA,Centre-Ouest,L1BFA0221,2006,5.100702704,0.0,9.999269895,0.860549567
Burkina Faso,BFA,Centre-Ouest,L1BFA0221,2007,4.201697605,0.0,3.539980257,0.679159384
Burkina Faso,BFA,Centre-Ouest,L1BFA0221,2008,4.794887832000001,4.259259259,7.070968976,0.953979532
Burkina Faso,BFA,Centre-Ouest,L1BFA0221,2009,4.776722331,7.666666667,14.525187038,0.734771443
Burkina Faso,BFA,Centre-Ouest,L1BFA0221,2010,3.9699875010000003,15.02777778,15.404953141,0.609386282
Burkina Faso,BFA,Centre-Ouest,L1BFA0221,2011,3.698599836,0.666666667,10.541682313,0.381978022
Burkina Faso,BFA,Centre-Ouest,L1BFA0221,2012,5.35577468,0.0,7.798457525,0.496219592
Burkina Faso,BFA,Centre-Ouest,L1BFA0221,2013,4.532492245,4.849056604,7.233977524,0.635187259
Burkina Faso,BFA,Centre-Ouest,L1BFA0221,2014,5.990406453,16.5,6.857476282,1.436993699
Burkina Faso,BFA,Centre-Ouest,L1BFA0221,2015,5.2847944810000005,11.962640098000001,11.671028696999999,1.096994914
Burkina Faso,BFA,Centre-Ouest,L1BFA0221,2016,5.173456433999999,9.75,4.593008465,0.964069661
Burkina Faso,BFA,Centre-Ouest,L1BFA0221,2017,4.059359574,4.880208333,4.004160667,0.879095265
Burkina Faso,BFA,Centre-Ouest,L1BFA0221,2018,5.84303475,9.571428571,4.444059329,0.806167041
Burkina Faso,BFA,Centre-Sud,L1BFA0222,1995,3.9805054870000003,0.0,2.537722109,0.746538871
Burkina Faso,BFA,Centre-Sud,L1BFA0222,1996,5.846616044999999,0.0,21.25777332,0.976992605
Burkina Faso,BFA,Centre-Sud,L1BFA0222,1997,3.2617649440000003,0.0,3.428512567,1.228475814
Burkina Faso,BFA,Centre-Sud,L1BFA0222,1998,4.093952187,0.0,4.138870284,0.673027835
Burkina Faso,BFA,Centre-Sud,L1BFA0222,1999,4.883829747,0.0,4.912804587,0.900782361
Burkina Faso,BFA,Centre-Sud,L1BFA0222,2000,3.981029336,0.0,2.366063738,0.566647179
Burkina Faso,BFA,Centre-Sud,L1BFA0222,2001,4.818672514,0.0,5.396817248,1.144768856
Burkina Faso,BFA,Centre-Sud,L1BFA0222,2002,4.717840282,0.0,3.986478711,1.022411314
Burkina Faso,BFA,Centre-Sud,L1BFA0222,2003,4.494528494,0.0,6.299091941,0.985485181
Burkina Faso,BFA,Centre-Sud,L1BFA0222,2004,5.092647409,0.0,3.887396286,1.095313936
Burkina Faso,BFA,Centre-Sud,L1BFA0222,2005,5.264194549000001,0.0,4.134585692,1.23932892
Burkina Faso,BFA,Centre-Sud,L1BFA0222,2006,5.876461674,0.0,2.652924083,1.021321962
Burkina Faso,BFA,Centre-Sud,L1BFA0222,2007,4.110430624,0.0,1.5360134,0.942864271
Burkina Faso,BFA,Centre-Sud,L1BFA0222,2008,5.1183688190000005,16.73071719,5.236462821,1.317097863
Burkina Faso,BFA,Centre-Sud,L1BFA0222,2009,5.151208793,5.608280255,5.893558164,0.973172988
Burkina Faso,BFA,Centre-Sud,L1BFA0222,2010,4.981573752999999,13.32997988,5.9774723210000005,0.728836139
Burkina Faso,BFA,Centre-Sud,L1BFA0222,2011,5.044147708000001,15.649388046999999,7.5561031519999995,0.84305458
Burkina Faso,BFA,Centre-Sud,L1BFA0222,2012,5.114671631,11.58120438,7.172638600000001,0.851456411
Burkina Faso,BFA,Centre-Sud,L1BFA0222,2013,5.539596839,7.229508197,5.936825432,1.262060642
Burkina Faso,BFA,Centre-Sud,L1BFA0222,2014,6.009152885,12.14754098,5.623566616,1.449441002
Burkina Faso,BFA,Centre-Sud,L1BFA0222,2015,5.633333544999999,11.82320442,7.617394838,1.049479554
Burkina Faso,BFA,Centre-Sud,L1BFA0222,2016,6.0704220840000005,4.888461538,5.237627885,1.152349133
Burkina Faso,BFA,Centre-Sud,L1BFA0222,2017,5.491184585999999,9.038133641,4.219546801,1.091414626
Burkina Faso,BFA,Centre-Sud,L1BFA0222,2018,5.431410562,11.02621723,3.351862291,1.091617021
Burkina Faso,BFA,Est,L1BFA0223,1995,4.459339420999999,0.0,17.70707071,0.592998955
Burkina Faso,BFA,Est,L1BFA0223,1996,5.255544954,0.0,35.06892523,1.70855775
Burkina Faso,BFA,Est,L1BFA0223,1997,4.1819153060000005,0.0,21.70135747,1.110773085
Burkina Faso,BFA,Est,L1BFA0223,1998,5.517203414999999,0.0,35.64317841,1.071395192
Burkina Faso,BFA,Est,L1BFA0223,1999,5.480011686999999,0.0,20.40057915,1.139059305
Burkina Faso,BFA,Est,L1BFA0223,2000,3.5210200169999997,0.0,24.34198113,0.931422189
Burkina Faso,BFA,Est,L1BFA0223,2001,4.742955224999999,0.0,14.8971029,1.218685243
Burkina Faso,BFA,Est,L1BFA0223,2002,5.630678359000001,0.0,13.67752443,1.095862508
Burkina Faso,BFA,Est,L1BFA0223,2003,5.802818958,0.0,25.29102845,1.004494017
Burkina Faso,BFA,Est,L1BFA0223,2004,5.854314422,0.0,15.64368517,1.178011816
Burkina Faso,BFA,Est,L1BFA0223,2005,6.007643493,0.0,11.23737916,1.004983657
Burkina Faso,BFA,Est,L1BFA0223,2006,6.235596301,0.0,13.44397363,0.879280592
Burkina Faso,BFA,Est,L1BFA0223,2007,4.031106556,0.0,3.468397531,0.83332285
Burkina Faso,BFA,Est,L1BFA0223,2008,6.566477709,11.69454545,11.470419308,1.49794692
Burkina Faso,BFA,Est,L1BFA0223,2009,4.8741277620000005,8.714592275,7.240178993999999,0.549258179
Burkina Faso,BFA,Est,L1BFA0223,2010,5.111972007,11.37203166,6.668846562000001,0.792422192
Burkina Faso,BFA,Est,L1BFA0223,2011,4.220155264000001,1.665898618,15.266143167,0.878244296
Burkina Faso,BFA,Est,L1BFA0223,2012,6.31803777,4.846749226,10.385164278,1.216811195
Burkina Faso,BFA,Est,L1BFA0223,2013,5.507463253,6.234273319,12.346110133,1.095889422
Burkina Faso,BFA,Est,L1BFA0223,2014,6.248410566,4.0,12.005117516,1.012303512
Burkina Faso,BFA,Est,L1BFA0223,2015,5.749964575,8.5,5.608672851,0.789317507
Burkina Faso,BFA,Est,L1BFA0223,2016,5.611824159999999,1.822222222,5.5092540869999995,0.813999091
Burkina Faso,BFA,Est,L1BFA0223,2017,4.427498882,6.979166667,4.819459625,0.959460122
Burkina Faso,BFA,Est,L1BFA0223,2018,5.240007662,11.775,4.395184678,0.811424227
Burkina Faso,BFA,Haut-Bassins,L1BFA0224,1995,5.0308167820000005,0.0,2.691192461,1.077172019
Burkina Faso,BFA,Haut-Bassins,L1BFA0224,1996,6.180091921,0.0,2.987488829,1.025443944
Burkina Faso,BFA,Haut-Bassins,L1BFA0224,1997,6.008796632999999,0.0,2.001404494,1.454888834
Burkina Faso,BFA,Haut-Bassins,L1BFA0224,1998,6.127631735,0.0,2.178726318,1.129968442
Burkina Faso,BFA,Haut-Bassins,L1BFA0224,1999,6.911068242,0.0,3.596125996,1.314908064
Burkina Faso,BFA,Haut-Bassins,L1BFA0224,2000,5.765901509000001,0.0,1.514627321,1.020988132
Burkina Faso,BFA,Haut-Bassins,L1BFA0224,2001,6.12630006,0.0,3.004152028,1.172880934
Burkina Faso,BFA,Haut-Bassins,L1BFA0224,2002,5.897706976,0.0,2.852107926,1.103578711
Burkina Faso,BFA,Haut-Bassins,L1BFA0224,2003,6.3288702390000005,0.0,2.547311178,1.062248629
Burkina Faso,BFA,Haut-Bassins,L1BFA0224,2004,5.499394057,0.0,2.506190184,1.008434242
Burkina Faso,BFA,Haut-Bassins,L1BFA0224,2005,6.856651425,0.0,2.116130988,1.10391105
Burkina Faso,BFA,Haut-Bassins,L1BFA0224,2006,8.054739058,0.0,2.422926753,1.358808915
Burkina Faso,BFA,Haut-Bassins,L1BFA0224,2007,4.693260556,0.0,1.018212479,1.033222106
Burkina Faso,BFA,Haut-Bassins,L1BFA0224,2008,7.704797275,15.647366371,3.6225600170000005,1.424934344
Burkina Faso,BFA,Haut-Bassins,L1BFA0224,2009,7.373085396,22.948819004,4.7920470779999995,1.301470638
Burkina Faso,BFA,Haut-Bassins,L1BFA0224,2010,6.3028629590000005,14.993078024999999,3.8604666610000002,1.152786457
Burkina Faso,BFA,Haut-Bassins,L1BFA0224,2011,6.621226023999999,19.919500026999998,2.837564277,1.226268096
Burkina Faso,BFA,Haut-Bassins,L1BFA0224,2012,7.88244487,15.414028105,3.1703815209999995,1.284856048
Burkina Faso,BFA,Haut-Bassins,L1BFA0224,2013,7.577148228,25.139421626999997,2.9666528540000003,1.25095978
Burkina Faso,BFA,Haut-Bassins,L1BFA0224,2014,7.743676537000001,13.292776037,2.758307693,1.403970276
Burkina Faso,BFA,Haut-Bassins,L1BFA0224,2015,7.223290787000001,16.635046753,3.472228863,1.143828167
Burkina Faso,BFA,Haut-Bassins,L1BFA0224,2016,6.380029804,22.877380044000002,2.8632969839999998,1.221072036
Burkina Faso,BFA,Haut-Bassins,L1BFA0224,2017,5.596010571000001,24.822098930000003,2.9696940869999997,1.031768557
Burkina Faso,BFA,Haut-Bassins,L1BFA0224,2018,5.815110185,15.03506369,3.1612947179999997,1.135706156
Burkina Faso,BFA,Nord,L1BFA0225,1995,4.16116782,0.0,221.1923077,13.64285714
Burkina Faso,BFA,Nord,L1BFA0225,1996,4.304803059,0.0,161.2285714,1.0
Burkina Faso,BFA,Nord,L1BFA0225,1997,2.778378653,0.0,89.05263158,0.6
Burkina Faso,BFA,Nord,L1BFA0225,1998,4.857598234,0.0,102.9652605,0.8
Burkina Faso,BFA,Nord,L1BFA0225,1999,4.460732774,0.0,23.78212291,0.0
Burkina Faso,BFA,Nord,L1BFA0225,2000,2.899248769,0.0,45.96794872,0.0
Burkina Faso,BFA,Nord,L1BFA0225,2001,4.185258750999999,0.0,59.82420554,0.700787402
Burkina Faso,BFA,Nord,L1BFA0225,2002,4.658492905999999,0.0,26.38928255,0.0
Burkina Faso,BFA,Nord,L1BFA0225,2003,3.5211548660000003,0.0,43.09090909,1.362068966
Burkina Faso,BFA,Nord,L1BFA0225,2004,3.010898649,0.0,29.38033175,0.0
Burkina Faso,BFA,Nord,L1BFA0225,2005,6.872557759999999,0.0,26.67471721,0.0
Burkina Faso,BFA,Nord,L1BFA0225,2006,5.909647325,0.0,23.81519655,0.0
Burkina Faso,BFA,Nord,L1BFA0225,2007,6.166597727000001,0.0,62.05405405,0.0
Burkina Faso,BFA,Nord,L1BFA0225,2008,6.54968092,17.220357942,14.16391432,1.413781569
Burkina Faso,BFA,Nord,L1BFA0225,2009,6.12387291,16.461439538,12.982461046000001,1.348666122
Burkina Faso,BFA,Nord,L1BFA0225,2010,6.699213135,14.695240571,15.059539805,1.472801262
Burkina Faso,BFA,Nord,L1BFA0225,2011,6.4184653869999995,10.197098916,10.134166811,1.705574706
Burkina Faso,BFA,Nord,L1BFA0225,2012,8.110003482,11.376718061,14.483918211,1.28375184
Burkina Faso,BFA,Nord,L1BFA0225,2013,7.833573401,9.95608722,12.679878556,1.462698166
Burkina Faso,BFA,Nord,L1BFA0225,2014,8.216107898,15.247601157,12.397838504000001,1.482007882
Burkina Faso,BFA,Nord,L1BFA0225,2015,7.240648158,3.9076834199999997,13.690605027,1.41309046
Burkina Faso,BFA,Nord,L1BFA0225,2016,7.036533068,15.05693033,6.395171529000001,1.420280824
Burkina Faso,BFA,Nord,L1BFA0225,2017,4.727412987999999,19.043708926999997,6.5192974800000005,1.01013327
Burkina Faso,BFA,Nord,L1BFA0225,2018,6.808053934999999,18.725415822000002,6.501925675000001,1.022264442
Burkina Faso,BFA,Plateau-Central,L1BFA0226,1995,4.2471990690000005,0.0,55.06105991,2.461538462
Burkina Faso,BFA,Plateau-Central,L1BFA0226,1996,4.528111525,0.0,14.44572025,1.323529412
Burkina Faso,BFA,Plateau-Central,L1BFA0226,1997,2.512742519,0.0,8.939688716,1.201498751
Burkina Faso,BFA,Plateau-Central,L1BFA0226,1998,4.834211629,0.0,7.700827498,1.23079096
Burkina Faso,BFA,Plateau-Central,L1BFA0226,1999,5.644860755,0.0,24.73133415,1.019193858
Burkina Faso,BFA,Plateau-Central,L1BFA0226,2000,3.734762836,0.0,3.841354724,0.98716303
Burkina Faso,BFA,Plateau-Central,L1BFA0226,2001,4.841379224000001,0.0,3.997564727,0.680244034
Burkina Faso,BFA,Plateau-Central,L1BFA0226,2002,5.556877298,0.0,6.310870301,1.417248255
Burkina Faso,BFA,Plateau-Central,L1BFA0226,2003,16.524675462,0.0,7.101894317,1.096794668
Burkina Faso,BFA,Plateau-Central,L1BFA0226,2004,3.703899494,0.0,5.061599861,2.041666667
Burkina Faso,BFA,Plateau-Central,L1BFA0226,2005,5.548830586,0.0,7.654875872,0.762489981
Burkina Faso,BFA,Plateau-Central,L1BFA0226,2006,5.196889843,0.0,5.455338809,1.444500251
Burkina Faso,BFA,Plateau-Central,L1BFA0226,2007,4.292924354,0.0,3.173719376,0.966814159
Burkina Faso,BFA,Plateau-Central,L1BFA0226,2008,4.692204289999999,80.33333333,7.297958692,1.01319854
Burkina Faso,BFA,Plateau-Central,L1BFA0226,2009,3.9501265940000003,1.5,4.7441433790000005,1.083772701
Burkina Faso,BFA,Plateau-Central,L1BFA0226,2010,5.571280655999999,0.0,5.792303330999999,1.305433186
Burkina Faso,BFA,Plateau-Central,L1BFA0226,2011,4.986342584,0.0,6.75112607,1.371329019
Burkina Faso,BFA,Plateau-Central,L1BFA0226,2012,5.910610083,20.0,6.378395201,0.799919808
Burkina Faso,BFA,Plateau-Central,L1BFA0226,2013,6.011182750000001,1.571428571,5.877646387,1.011002445
Burkina Faso,BFA,Plateau-Central,L1BFA0226,2014,6.055355675,0.65,6.645338447,0.954531947
Burkina Faso,BFA,Plateau-Central,L1BFA0226,2015,5.770638332,0.75,5.226537391000001,0.898065125
Burkina Faso,BFA,Plateau-Central,L1BFA0226,2016,5.89856658,0.0,4.014939481,1.451939292
Burkina Faso,BFA,Plateau-Central,L1BFA0226,2017,5.273005234999999,3.777777778,2.140365052,1.241839763
Burkina Faso,BFA,Plateau-Central,L1BFA0226,2018,5.7586919729999995,0.0,3.078331842,0.399323998
Burkina Faso,BFA,Sahel,L1BFA0227,1995,6.511975338999999,0.0,122.969697,0.0
Burkina Faso,BFA,Sahel,L1BFA0227,1996,5.523984947,0.0,54.18421053,0.0
Burkina Faso,BFA,Sahel,L1BFA0227,1997,5.349258450000001,0.0,15.9125,0.0
Burkina Faso,BFA,Sahel,L1BFA0227,1998,7.677973366,0.0,339.1047619,0.0
Burkina Faso,BFA,Sahel,L1BFA0227,1999,7.788021212,0.0,56.22596154,0.0
Burkina Faso,BFA,Sahel,L1BFA0227,2000,4.713203034,0.0,41.19417476,0.0
Burkina Faso,BFA,Sahel,L1BFA0227,2001,7.417754700000001,0.0,14.02519685,0.0
Burkina Faso,BFA,Sahel,L1BFA0227,2002,5.140853616999999,0.0,9.939106901,0.0
Burkina Faso,BFA,Sahel,L1BFA0227,2003,134.207392908,0.0,100.0049751,0.0
Burkina Faso,BFA,Sahel,L1BFA0227,2004,3.188786217,0.0,4.08492569,0.0
Burkina Faso,BFA,Sahel,L1BFA0227,2005,6.614097308,0.0,33.38983051,0.0
Burkina Faso,BFA,Sahel,L1BFA0227,2006,5.967559692,0.0,33.50488281,0.0
Burkina Faso,BFA,Sahel,L1BFA0227,2007,6.254868635,0.0,7.515837104,0.0
Burkina Faso,BFA,Sahel,L1BFA0227,2008,5.221686468,20.98937598,5.5555580110000005,1.072249589
Burkina Faso,BFA,Sahel,L1BFA0227,2009,5.277736934,22.87975733,4.44812753,1.156016598
Burkina Faso,BFA,Sahel,L1BFA0227,2010,4.547745916,17.414429739,7.001514447,0.803766605
Burkina Faso,BFA,Sahel,L1BFA0227,2011,4.616185301,38.908955698,5.930770847,0.826463726
Burkina Faso,BFA,Sahel,L1BFA0227,2012,8.705413957,24.76602973,6.895176759,1.067292029
Burkina Faso,BFA,Sahel,L1BFA0227,2013,6.338061001,12.817775585,3.541109874,1.113879318
Burkina Faso,BFA,Sahel,L1BFA0227,2014,5.629212562,15.595753586999999,5.729237686,0.746668461
Burkina Faso,BFA,Sahel,L1BFA0227,2015,5.737852696000001,12.899295688999999,5.311974799000001,0.504749799
Burkina Faso,BFA,Sahel,L1BFA0227,2016,5.280650132,13.150007341999999,4.434097866,0.679397167
Burkina Faso,BFA,Sahel,L1BFA0227,2017,5.544577189,25.820349229999998,3.156211559,0.635843849
Burkina Faso,BFA,Sahel,L1BFA0227,2018,7.032618561,27.625124749999998,3.425890466,0.712715034
Burkina Faso,BFA,Sud-Ouest,L1BFA0228,1995,4.409932496,0.0,19.36089239,0.878886432
Burkina Faso,BFA,Sud-Ouest,L1BFA0228,1996,5.612658732,0.0,21.86462094,1.233452406
Burkina Faso,BFA,Sud-Ouest,L1BFA0228,1997,4.986016366,0.0,23.34741144,1.231482589
Burkina Faso,BFA,Sud-Ouest,L1BFA0228,1998,5.001607566000001,0.0,10.7793788,1.088704602
Burkina Faso,BFA,Sud-Ouest,L1BFA0228,1999,5.5827862790000005,0.0,3.695950994,0.998562185
Burkina Faso,BFA,Sud-Ouest,L1BFA0228,2000,4.5754859240000005,0.0,4.058678366,0.921646806
Burkina Faso,BFA,Sud-Ouest,L1BFA0228,2001,4.328014014,0.0,7.654857143,1.012001568
Burkina Faso,BFA,Sud-Ouest,L1BFA0228,2002,4.855871499,0.0,7.52966466,0.726943096
Burkina Faso,BFA,Sud-Ouest,L1BFA0228,2003,4.571013154,0.0,13.64401294,1.031332263
Burkina Faso,BFA,Sud-Ouest,L1BFA0228,2004,4.750564145,0.0,12.67460317,1.079122901
Burkina Faso,BFA,Sud-Ouest,L1BFA0228,2005,3.9891464720000003,0.0,6.783232978,0.861697865
Burkina Faso,BFA,Sud-Ouest,L1BFA0228,2006,6.3466450860000005,0.0,7.982859532,0.995101997
Burkina Faso,BFA,Sud-Ouest,L1BFA0228,2007,4.503230847,0.0,3.633947707,0.848842629
Burkina Faso,BFA,Sud-Ouest,L1BFA0228,2008,5.193950808,9.244841018,11.422177999,1.259737718
Burkina Faso,BFA,Sud-Ouest,L1BFA0228,2009,5.825435318,13.817708686,8.682692331,1.181845581
Burkina Faso,BFA,Sud-Ouest,L1BFA0228,2010,4.327899043,12.091057717000002,8.657123364,0.931382054
Burkina Faso,BFA,Sud-Ouest,L1BFA0228,2011,4.315994123,10.239876549,10.264664875,0.91773314
Burkina Faso,BFA,Sud-Ouest,L1BFA0228,2012,5.978002715,7.066417696,7.000745578,0.888613573
Burkina Faso,BFA,Sud-Ouest,L1BFA0228,2013,4.418411558,8.354784979,5.498715168,1.029604761
Burkina Faso,BFA,Sud-Ouest,L1BFA0228,2014,6.378434831,8.528214369,5.8544759719999995,1.290281116
Burkina Faso,BFA,Sud-Ouest,L1BFA0228,2015,5.698200758,19.354614157,5.45664944,1.296202623
Burkina Faso,BFA,Sud-Ouest,L1BFA0228,2016,6.197433409,14.920432063,4.573549946,1.251369984
Burkina Faso,BFA,Sud-Ouest,L1BFA0228,2017,5.428258403,10.554002855,4.947754722,1.331723027
Burkina Faso,BFA,Sud-Ouest,L1BFA0228,2018,6.319391744000001,15.101035931,4.293791195,1.259898454
Burundi,BI,Bubanza,L1BDI0181,2012,5.732733338,22.931981414,4.44607493,0.0
Burundi,BI,Bubanza,L1BDI0181,2013,2.557791609,20.176972955,2.9420550940000005,0.0
Burundi,BI,Bubanza,L1BDI0181,2014,5.075470167000001,26.153819401,2.536735225,0.0
Burundi,BI,Bubanza,L1BDI0181,2015,2.3491264239999996,16.856257235,6.410543392,0.0
Burundi,BI,Bubanza,L1BDI0181,2016,3.812433576,17.861208538,2.142249385,0.0
Burundi,BI,Bujumbura Rural,L1BDI0183,2012,10.558612720000001,30.110338876,7.621396042,0.0
Burundi,BI,Bujumbura Rural,L1BDI0183,2013,8.507931946,21.179196818,2.497249191,0.0
Burundi,BI,Bujumbura Rural,L1BDI0183,2014,8.795894121,18.836607468,1.170027889,0.0
Burundi,BI,Bujumbura Rural,L1BDI0183,2015,6.975722685999999,30.023195921000003,1.283071637,0.0
Burundi,BI,Bujumbura Rural,L1BDI0183,2016,1.466086613,31.527385751000004,0.698626894,0.0
Burundi,BI,Bururi,L1BDI0184,2012,1.579174784,17.640832940000003,0.618164968,0.0
Burundi,BI,Bururi,L1BDI0184,2013,3.517990129,23.290204730999996,0.710039069,0.0
Burundi,BI,Bururi,L1BDI0184,2014,2.442093719,28.497848408,1.128625279,0.0
Burundi,BI,Bururi,L1BDI0184,2015,1.089502117,26.989182307999997,2.216945678,0.0
Burundi,BI,Bururi,L1BDI0184,2016,4.581247672,17.856615031,1.843723673,0.0
Burundi,BI,Cankuzo,L1BDI0185,2012,8.833386648000001,19.910165174000003,1.5423589130000002,0.0
Burundi,BI,Cankuzo,L1BDI0185,2013,7.350751976,18.555451152,1.347932976,0.0
Burundi,BI,Cankuzo,L1BDI0185,2014,5.4246755449999995,22.822947777,2.288837613,0.0
Burundi,BI,Cankuzo,L1BDI0185,2015,1.256664776,20.444064816,0.558392881,0.0
Burundi,BI,Cankuzo,L1BDI0185,2016,1.745560849,21.189110577999998,1.5295767530000002,0.0
Burundi,BI,Cibitoke,L1BDI0186,2012,10.024013484000001,31.896960577,2.545340368,0.0
Burundi,BI,Cibitoke,L1BDI0186,2013,5.518316479,17.341835829,2.979096151,0.0
Burundi,BI,Cibitoke,L1BDI0186,2014,12.374819608000001,26.010240832,3.029412225,0.0
Burundi,BI,Cibitoke,L1BDI0186,2015,4.725247706,22.046782138,3.8663330719999998,0.0
Burundi,BI,Cibitoke,L1BDI0186,2016,2.60123358,5.611498719,1.341608691,0.0
Burundi,BI,Gitega,L1BDI0187,2012,8.300947193,27.361609232999996,5.774932269999999,0.0
Burundi,BI,Gitega,L1BDI0187,2013,5.397257214,18.489677917,5.207797213,0.0
Burundi,BI,Gitega,L1BDI0187,2014,4.8580013619999995,29.903082718,4.103642957,0.0
Burundi,BI,Gitega,L1BDI0187,2015,0.8200865159999999,55.115923916,0.67903293,0.0
Burundi,BI,Gitega,L1BDI0187,2016,0.844453578,65.20766787,1.166102461,0.0
Burundi,BI,Karuzi,L1BDI0188,2012,3.632460315,31.216411795,31.256444356,0.0
Burundi,BI,Karuzi,L1BDI0188,2013,4.189876035,19.669213568,2.7270617109999997,0.0
Burundi,BI,Karuzi,L1BDI0188,2014,3.363399602,22.310152429000002,6.2685172510000005,0.0
Burundi,BI,Karuzi,L1BDI0188,2015,2.074123212,61.401093610000004,3.6086905670000005,0.0
Burundi,BI,Karuzi,L1BDI0188,2016,2.001506049,31.612863431,1.405584385,0.0
Burundi,BI,Kayanza,L1BDI0189,2012,9.494959013,31.783151312999998,2.406329138,0.0
Burundi,BI,Kayanza,L1BDI0189,2013,4.755398986,23.010437531,6.273038652,0.0
Burundi,BI,Kayanza,L1BDI0189,2014,5.772523164,34.357643958,2.417881834,0.0
Burundi,BI,Kayanza,L1BDI0189,2015,2.428545414,28.097926934999997,1.47421443,0.0
Burundi,BI,Kayanza,L1BDI0189,2016,1.633431085,27.152420513,1.050607992,0.0
Burundi,BI,Kirundo,L1BDI0190,2012,5.0556495550000005,22.95459787,1.667170949,0.0
Burundi,BI,Kirundo,L1BDI0190,2013,9.099814726,24.608962515,1.6806369449999998,0.0
Burundi,BI,Kirundo,L1BDI0190,2014,7.431489215,50.386032126,1.38517189,0.0
Burundi,BI,Kirundo,L1BDI0190,2015,5.184953143,19.217116542,2.089446826,0.0
Burundi,BI,Kirundo,L1BDI0190,2016,6.061275673,32.497748552000004,1.131072078,0.0
Burundi,BI,Makamba,L1BDI0191,2012,9.450421501000001,36.180285624999996,21.028851228999997,0.0
Burundi,BI,Makamba,L1BDI0191,2013,4.894905551,19.460199429,5.381878409,0.0
Burundi,BI,Makamba,L1BDI0191,2014,3.4750412180000003,25.705408071999997,2.806150128,0.0
Burundi,BI,Makamba,L1BDI0191,2015,2.236376339,55.79542124699999,2.162328069,0.0
Burundi,BI,Makamba,L1BDI0191,2016,1.309983059,23.427882742999998,2.6282203170000003,0.0
Burundi,BI,Muramvya,L1BDI0192,2012,2.700838459,23.307283548,1.962077814,0.0
Burundi,BI,Muramvya,L1BDI0192,2013,2.417267637,20.274353498,2.235962969,0.0
Burundi,BI,Muramvya,L1BDI0192,2014,5.17529441,43.770993316,2.7575273780000003,0.0
Burundi,BI,Muramvya,L1BDI0192,2015,1.393098944,63.016753556,0.877426216,0.0
Burundi,BI,Muramvya,L1BDI0192,2016,1.121967106,34.546919247,0.970736994,0.0
Burundi,BI,Muyinga,L1BDI0193,2012,3.631631199,24.105991228999997,4.4971472640000005,0.0
Burundi,BI,Muyinga,L1BDI0193,2013,5.021557510999999,20.670675788999997,2.00974785,0.0
Burundi,BI,Muyinga,L1BDI0193,2014,7.814393926,21.119521069999998,1.2672905319999999,0.0
Burundi,BI,Muyinga,L1BDI0193,2015,2.364993216,31.684177296,7.38622773,0.0
Burundi,BI,Muyinga,L1BDI0193,2016,1.96661157,25.520462981999998,1.4295547869999998,0.0
Burundi,BI,Mwaro,L1BDI0194,2012,4.839728421999999,32.399858665,5.753689098,0.0
Burundi,BI,Mwaro,L1BDI0194,2013,2.7787698610000002,19.218810426,9.734422028,0.0
Burundi,BI,Mwaro,L1BDI0194,2014,1.847570718,38.022291012000004,24.340452337000002,0.0
Burundi,BI,Mwaro,L1BDI0194,2015,0.893122953,36.830928518,2.0693856999999998,0.0
Burundi,BI,Mwaro,L1BDI0194,2016,0.743675595,62.165268663,0.712864721,0.0
Burundi,BI,Ngozi,L1BDI0195,2012,7.413566071,14.532952712,1.8929848790000001,0.0
Burundi,BI,Ngozi,L1BDI0195,2013,5.1092531359999995,20.896319297,2.287906559,0.0
Burundi,BI,Ngozi,L1BDI0195,2014,7.564942267,21.433573193,2.268579757,0.0
Burundi,BI,Ngozi,L1BDI0195,2015,5.092986453,38.604373439999996,1.028896496,0.0
Burundi,BI,Ngozi,L1BDI0195,2016,4.673076923,42.835404460999996,1.165788532,0.0
Burundi,BI,Rutana,L1BDI0196,2012,15.902017880000002,18.995362287,4.674974055,0.0
Burundi,BI,Rutana,L1BDI0196,2013,5.956571343,23.450990816,4.797021938,0.0
Burundi,BI,Rutana,L1BDI0196,2014,5.154591329,37.655340486,2.654135772,0.0
Burundi,BI,Rutana,L1BDI0196,2015,9.105745682,19.913115942,1.8280159880000002,0.0
Burundi,BI,Rutana,L1BDI0196,2016,3.187562646,36.626900361,1.14339464,0.0
Burundi,BI,Ruyigi,L1BDI0197,2012,3.5498050459999995,26.289807322999998,3.828632536,0.0
Burundi,BI,Ruyigi,L1BDI0197,2013,4.83239088,18.651528502,2.865692786,0.0
Burundi,BI,Ruyigi,L1BDI0197,2014,5.3204158790000005,34.833487343,5.884653650000001,0.0
Burundi,BI,Ruyigi,L1BDI0197,2015,1.4319886670000002,20.355875751,1.227517604,0.0
Burundi,BI,Ruyigi,L1BDI0197,2016,2.397020947,37.291766085,0.930177713,0.0
Cameroon,CMR,Centre,L1CMR0541,1989,1.571416618,42.639112065,1.133327177,68.539945612
Cameroon,CMR,Centre,L1CMR0541,2001,2.831852784,39.111922324000005,1.100352379,0.0
Cameroon,CMR,Centre,L1CMR0541,2009,1.999987526,27.86277832,2.296888977,0.0
Cameroon,CMR,Centre,L1CMR0541,2010,1.811627362,27.574066416999997,2.263057544,0.0
Cameroon,CMR,Centre,L1CMR0541,2011,1.591464278,28.962589258999998,2.255607772,0.0
Cameroon,CMR,Est,L1CMR0542,1989,2.201809325,42.148482879,4.063138138,18.350314238
Cameroon,CMR,Est,L1CMR0542,2001,1.527138249,42.73167732900001,0.878082088,0.0
Cameroon,CMR,Est,L1CMR0542,2009,2.0,26.377872766,2.254423405,0.0
Cameroon,CMR,Est,L1CMR0542,2010,1.886249818,27.708184064,2.356341379,0.0
Cameroon,CMR,Est,L1CMR0542,2011,1.975558404,28.171083836999998,2.247276126,0.0
Cameroon,CMR,Nord,L1CMR0545,1989,3.09181686,24.65514553,1.845576136,1.193316723
Cameroon,CMR,Nord,L1CMR0545,2001,6.116032969,30.209776491,0.967987454,0.0
Cameroon,CMR,Nord,L1CMR0545,2009,2.0,23.436531250999998,2.720812998,0.0
Cameroon,CMR,Nord,L1CMR0545,2010,1.965278944,22.50135572,2.26362354,0.0
Cameroon,CMR,Nord,L1CMR0545,2011,1.763515006,22.953129699999998,2.84485748,0.0
Cameroon,CMR,Sud-Ouest,L1CMR0549,1989,2.221264863,31.285271662,1.88775297,87.566897148
Cameroon,CMR,Sud-Ouest,L1CMR0549,2001,3.6013226769999998,29.426661948,1.650264982,0.0
Cameroon,CMR,Sud-Ouest,L1CMR0549,2009,2.394912147,32.088404027,2.434084445,0.0
Cameroon,CMR,Sud-Ouest,L1CMR0549,2010,2.372313397,29.929421735000002,2.300403002,0.0
Cameroon,CMR,Sud-Ouest,L1CMR0549,2011,2.288136094,28.644824714000002,2.346279697,0.0
Cameroon,CMR,Adamaoua,L1CMR0540,1989,2.155334587,25.305089124,1.726490454,26.602451295
Cameroon,CMR,Adamaoua,L1CMR0540,2001,3.5308063919999997,49.15581622399999,2.274637797,0.0
Cameroon,CMR,Adamaoua,L1CMR0540,2009,2.0,21.134480628,2.367196195,0.0
Cameroon,CMR,Adamaoua,L1CMR0540,2010,1.936812705,38.853935854,2.472848583,0.0
Cameroon,CMR,Adamaoua,L1CMR0540,2011,1.756787723,39.470819520999996,2.055880898,0.0
Cameroon,CMR,Extrême-Nord,L1CMR0543,1989,6.427253626,5.0,1.260044947,0.846043851
Cameroon,CMR,Extrême-Nord,L1CMR0543,2001,5.69051891,26.198567595,1.112884835,0.0
Cameroon,CMR,Extrême-Nord,L1CMR0543,2009,1.530003251,27.364982465,2.624444325,0.0
Cameroon,CMR,Extrême-Nord,L1CMR0543,2010,1.590463918,22.359734526999997,3.223603052,0.0
Cameroon,CMR,Extrême-Nord,L1CMR0543,2011,1.304469907,23.315871132,2.756190053,0.0
Cameroon,CMR,Littoral,L1CMR0544,1989,1.585616025,25.042822923000003,1.990154386,15.956224929
Cameroon,CMR,Littoral,L1CMR0544,2001,2.129876543,33.883937589999995,1.3679019399999999,0.0
Cameroon,CMR,Littoral,L1CMR0544,2009,1.999985847,44.463538995,2.000367827,0.0
Cameroon,CMR,Littoral,L1CMR0544,2010,2.172428317,37.910353994,1.9647942440000001,0.0
Cameroon,CMR,Littoral,L1CMR0544,2011,2.122109679,39.476726499,1.7610682949999998,0.0
Cameroon,CMR,Nord-Ouest,L1CMR0546,1989,5.499150268999999,28.342330994,2.093077888,32.027355861
Cameroon,CMR,Nord-Ouest,L1CMR0546,2001,6.209241619,43.724989525,1.559345646,0.0
Cameroon,CMR,Nord-Ouest,L1CMR0546,2009,2.0,23.992214893000003,2.516890382,0.0
Cameroon,CMR,Nord-Ouest,L1CMR0546,2010,2.185694823,19.174954052,2.539349414,0.0
Cameroon,CMR,Nord-Ouest,L1CMR0546,2011,2.317784462,19.738203372999997,1.9955189079999998,0.0
Cameroon,CMR,Ouest,L1CMR0547,1989,3.864898295,16.687588739000002,0.7219209040000001,15.238659689
Cameroon,CMR,Ouest,L1CMR0547,2001,4.006060157,332.03057358499996,1.7250003409999999,0.0
Cameroon,CMR,Ouest,L1CMR0547,2009,2.000006722,31.747167356000002,2.516743622,0.0
Cameroon,CMR,Ouest,L1CMR0547,2010,2.005274708,22.792235595,2.2899208819999997,0.0
Cameroon,CMR,Ouest,L1CMR0547,2011,1.989699185,14.956320564,1.981710759,0.0
Cameroon,CMR,Sud,L1CMR0548,1989,1.330958549,40.314103393,3.46650625,25.421243292
Cameroon,CMR,Sud,L1CMR0548,2001,1.827160494,28.974536441,0.5613268,0.0
Cameroon,CMR,Sud,L1CMR0548,2009,2.000025307,30.424031886999998,1.088852624,0.0
Cameroon,CMR,Sud,L1CMR0548,2010,1.935597719,30.887288948,1.254733788,0.0
Cameroon,CMR,Sud,L1CMR0548,2011,1.766483443,29.293879236000002,1.778420278,0.0
Central African Republic,CAF,Bamingui-Bangoran,L1CAF0417,1993,0.575,2.26,0.520022561,0.0
Central African Republic,CAF,Basse-Kotto,L1CAF0419,1993,4.879140054,3.879975935,1.27991488,1.159907987
Central African Republic,CAF,Haut-Mbomou,L1CAF0420,1993,3.0091389399999997,3.079743888,0.780101394,0.0
Central African Republic,CAF,Haute-Kotto,L1CAF0421,1993,0.930391466,3.429969704,0.890045543,0.0
Central African Republic,CAF,Kémo,L1CAF0422,1993,2.701782679,4.819914117,0.979949875,0.549891068
Central African Republic,CAF,Lobaye,L1CAF0423,1993,2.445804196,3.850042699,0.82986703,0.569968276
Central African Republic,CAF,Mambéré-Kadéï,L1CAF0424,1993,0.58991787,5.150051921,0.959856631,0.519983172
Central African Republic,CAF,Mbomou,L1CAF0425,1993,2.489379751,14.42549476,0.910021065,0.799953041
Central African Republic,CAF,Nana-Grébizi,L1CAF0426,1993,1.980401125,4.800044633,0.759987009,0.620027435
Central African Republic,CAF,Nana-Mambéré,L1CAF0427,1993,109.96858938599999,2.120487805,1.109683794,0.0
Central African Republic,CAF,Ombella-MPoko,L1CAF0428,1993,2.0499919259999997,4.0,1.05999181,0.650292398
Central African Republic,CAF,Ouaka,L1CAF0429,1993,2.580388501,5.089987697,1.110083256,1.5900029290000002
Central African Republic,CAF,Ouham,L1CAF0430,1993,0.53997898,19.90675072,0.980050244,0.749969329
Central African Republic,CAF,Ouham-Pendé,L1CAF0431,1993,1.927860582,1.190003561,0.920015854,0.83997229
Central African Republic,CAF,Sangha-Mbaéré,L1CAF0432,1993,1.059818969,7.539870053,1.039928219,0.660657476
Central African Republic,CAF,Vakaga,L1CAF0433,1993,0.49025974,3.0,0.86013986,0.0
Central African Republic,CF,Bamingui-Bangoran,L1CAF0417,2014,0.519223363,2.437589126,0.513515498,0.0
Central African Republic,CF,Bamingui-Bangoran,L1CAF0417,2015,0.5,2.4,0.5,0.0
Central African Republic,CF,Bamingui-Bangoran,L1CAF0417,2016,0.5,2.4,0.5,0.0
Central African Republic,CF,Basse-Kotto,L1CAF0419,2014,2.701691117,3.896088741,1.539547023,0.0
Central African Republic,CF,Basse-Kotto,L1CAF0419,2015,2.7,3.8,1.5,0.0
Central African Republic,CF,Basse-Kotto,L1CAF0419,2016,2.7,3.8,1.5,0.0
Central African Republic,CF,Haut-Mbomou,L1CAF0420,2014,3.207787786,3.042682999,0.846114094,0.0
Central African Republic,CF,Haut-Mbomou,L1CAF0420,2015,3.2,3.0,0.8,0.0
Central African Republic,CF,Haut-Mbomou,L1CAF0420,2016,3.2,3.0,0.8,0.0
Central African Republic,CF,Haute-Kotto,L1CAF0421,2014,1.8857070070000002,2.950545184,0.923462215,0.0
Central African Republic,CF,Haute-Kotto,L1CAF0421,2015,1.9,2.7,0.9,0.0
Central African Republic,CF,Haute-Kotto,L1CAF0421,2016,1.9,2.7,0.9,0.0
Central African Republic,CF,Lobaye,L1CAF0423,2014,2.3407933439999997,3.347688651,0.846256981,0.0
Central African Republic,CF,Lobaye,L1CAF0423,2015,2.3,3.4,0.8,0.0
Central African Republic,CF,Lobaye,L1CAF0423,2016,2.3,3.4,0.8,0.0
Central African Republic,CF,Mbomou,L1CAF0425,2014,2.635433564,2.81519022,0.92358314,0.0
Central African Republic,CF,Mbomou,L1CAF0425,2015,2.5,2.8,0.9,0.0
Central African Republic,CF,Mbomou,L1CAF0425,2016,2.5,2.8,0.9,0.0
Central African Republic,CF,Ouaka,L1CAF0429,2014,2.7131396519999997,4.700698627,1.257134584,0.0
Central African Republic,CF,Ouaka,L1CAF0429,2015,2.7,4.5,1.2,0.0
Central African Republic,CF,Ouaka,L1CAF0429,2016,2.7,4.5,1.2,0.0
Central African Republic,CF,Ouham,L1CAF0430,2014,2.089086151,1.709270628,1.103234843,0.0
Central African Republic,CF,Ouham,L1CAF0430,2015,2.1,1.7,1.1,0.0
Central African Republic,CF,Ouham,L1CAF0430,2016,2.1,1.7,1.1,0.0
Central African Republic,CF,Vakaga,L1CAF0433,2014,0.396928078,2.915356402,1.025855089,0.0
Central African Republic,CF,Vakaga,L1CAF0433,2015,0.4,2.9,1.0,0.0
Central African Republic,CF,Vakaga,L1CAF0433,2016,0.4,2.9,1.0,0.0
Central African Republic,CF,Kemo,L1CAF0422,2014,2.381530259,5.404471959,1.026235034,0.0
Central African Republic,CF,Kemo,L1CAF0422,2015,2.4,5.3,1.0,0.0
Central African Republic,CF,Kemo,L1CAF0422,2016,2.4,5.3,1.0,0.0
Central African Republic,CF,Mambere-Kadei,L1CAF0424,2014,0.605507165,3.992840916,1.347967477,0.0
Central African Republic,CF,Mambere-Kadei,L1CAF0424,2015,0.6,4.0,1.3,0.0
Central African Republic,CF,Mambere-Kadei,L1CAF0424,2016,0.6,4.0,1.3,0.0
Central African Republic,CF,Nana-Grebizi,L1CAF0426,2014,1.9129970859999998,3.518960131,0.846668033,0.0
Central African Republic,CF,Nana-Grebizi,L1CAF0426,2015,1.9,3.4,0.8,0.0
Central African Republic,CF,Nana-Grebizi,L1CAF0426,2016,1.9,3.4,0.8,0.0
Central African Republic,CF,Nana-Mambere,L1CAF0427,2014,1.116303914,1.945121274,0.940519173,0.0
Central African Republic,CF,Nana-Mambere,L1CAF0427,2015,1.1,2.0,0.9,0.0
Central African Republic,CF,Nana-Mambere,L1CAF0427,2016,1.1,2.0,0.9,0.0
Central African Republic,CF,Ombella-Mpoko,L1CAF0428,2014,2.1508973649999996,3.204548011,1.024095552,0.0
Central African Republic,CF,Ombella-Mpoko,L1CAF0428,2015,2.1,3.2,1.0,0.0
Central African Republic,CF,Ombella-Mpoko,L1CAF0428,2016,2.2,3.2,1.0,0.0
Central African Republic,CF,Ouham-Pende,L1CAF0431,2014,2.558990937,1.005192269,0.922661284,0.0
Central African Republic,CF,Ouham-Pende,L1CAF0431,2015,2.4000000000000004,1.1,0.9,0.0
Central African Republic,CF,Ouham-Pende,L1CAF0431,2016,2.4000000000000004,1.1,0.9,0.0
Central African Republic,CF,Sangha-Mbaere,L1CAF0432,2014,0.807465118,7.06269791,0.8365454,0.0
Central African Republic,CF,Sangha-Mbaere,L1CAF0432,2015,0.8,7.1,0.8,0.0
Central African Republic,CF,Sangha-Mbaere,L1CAF0432,2016,0.8,7.1,0.8,0.0
Chad,TCD,Batha,L1TCD2995,1983,0.2625,0.0,0.0,0.0
Chad,TCD,Chari-Baguirmi,L1TCD2997,1983,0.117865969,0.0,0.0,0.0
Chad,TCD,Chari-Baguirmi,L1TCD2997,1984,2.147984799,0.0,0.0,0.0
Chad,TCD,Chari-Baguirmi,L1TCD2997,1985,1.995652174,0.0,0.0,0.0
Chad,TCD,Chari-Baguirmi,L1TCD2997,1986,2.640824192,0.0,0.0,0.0
Chad,TCD,Chari-Baguirmi,L1TCD2997,1987,2.496016978,0.0,0.699945325,0.0
Chad,TCD,Chari-Baguirmi,L1TCD2997,1988,4.865987648,0.0,0.0,0.0
Chad,TCD,Chari-Baguirmi,L1TCD2997,1989,0.412443299,0.0,0.0,0.0
Chad,TCD,Chari-Baguirmi,L1TCD2997,1990,3.4613623459999996,0.0,0.50608828,0.0
Chad,TCD,Chari-Baguirmi,L1TCD2997,1991,2.2789873419999997,0.0,1.049689441,0.0
Chad,TCD,Chari-Baguirmi,L1TCD2997,1992,7.474271455,0.0,0.760006842,0.0
Chad,TCD,Chari-Baguirmi,L1TCD2997,1993,6.285740189999999,0.0,0.6,0.0
Chad,TCD,Chari-Baguirmi,L1TCD2997,1994,8.39449652,0.0,0.527983637,0.0
Chad,TCD,Chari-Baguirmi,L1TCD2997,1995,5.017777126,0.0,0.0,0.0
Chad,TCD,Chari-Baguirmi,L1TCD2997,1998,7.611167893,0.0,0.475007133,0.0
Chad,TCD,Kanem,L1TCD3002,1983,0.122696391,0.0,0.8,0.0
Chad,TCD,Kanem,L1TCD3002,1984,1.966666667,0.0,0.6002886,0.0
Chad,TCD,Kanem,L1TCD3002,1985,2.610279002,0.0,1.191011236,0.0
Chad,TCD,Kanem,L1TCD3002,1986,1.847813092,0.0,0.743321719,0.0
Chad,TCD,Kanem,L1TCD3002,1987,3.0296460179999998,0.0,1.0,0.0
Chad,TCD,Kanem,L1TCD3002,1988,3.5384129499999997,0.0,0.0,0.0
Chad,TCD,Kanem,L1TCD3002,1989,2.0878834219999995,0.0,0.0,0.0
Chad,TCD,Kanem,L1TCD3002,1990,0.15,0.0,0.0,0.0
Chad,TCD,Kanem,L1TCD3002,1991,2.192018853,0.0,0.0,0.0
Chad,TCD,Kanem,L1TCD3002,1992,4.503077673,0.0,1.5,0.0
Chad,TCD,Kanem,L1TCD3002,1993,0.2,0.0,0.0,0.0
Chad,TCD,Kanem,L1TCD3002,1994,1.3170317089999999,0.0,0.0,0.0
Chad,TCD,Kanem,L1TCD3002,1995,0.21200000000000002,0.0,0.0,0.0
Chad,TCD,Kanem,L1TCD3002,1998,0.3,0.0,0.0,0.0
Chad,TCD,Moyen-Chari,L1TCD3009,1983,1.536765815,0.0,0.647201018,0.0
Chad,TCD,Moyen-Chari,L1TCD3009,1984,1.057294041,0.0,0.518499433,0.0
Chad,TCD,Moyen-Chari,L1TCD3009,1985,2.363906552,0.0,1.053779863,0.0
Chad,TCD,Moyen-Chari,L1TCD3009,1986,3.0365039129999998,0.0,0.905914846,0.0
Chad,TCD,Moyen-Chari,L1TCD3009,1987,2.526149609,0.0,0.830405633,0.0
Chad,TCD,Moyen-Chari,L1TCD3009,1988,4.717665657,0.0,0.802564723,0.0
Chad,TCD,Moyen-Chari,L1TCD3009,1989,4.657204058,0.0,1.693004825,0.0
Chad,TCD,Moyen-Chari,L1TCD3009,1990,3.086215663,0.0,0.653838099,0.0
Chad,TCD,Moyen-Chari,L1TCD3009,1991,4.211943785000001,0.0,1.390080972,0.0
Chad,TCD,Moyen-Chari,L1TCD3009,1992,3.5509999999999997,0.0,0.834996057,0.0
Chad,TCD,Moyen-Chari,L1TCD3009,1993,1.965093011,0.0,0.8,0.0
Chad,TCD,Moyen-Chari,L1TCD3009,1994,3.8760535320000002,0.0,0.834995434,0.0
Chad,TCD,Moyen-Chari,L1TCD3009,1995,2.96480396,0.0,0.0,0.0
Chad,TCD,Moyen-Chari,L1TCD3009,1998,2.711520355,0.0,2.022236938,0.0
Chad,TCD,Ouaddaï,L1TCD3010,1983,0.78501955,0.0,0.0,0.0
Chad,TCD,Ouaddaï,L1TCD3010,1984,3.3168248969999996,0.0,0.0,0.0
Chad,TCD,Ouaddaï,L1TCD3010,1985,1.5375,0.0,0.0,0.0
Chad,TCD,Ouaddaï,L1TCD3010,1986,1.6776559789999999,0.0,0.0,0.0
Chad,TCD,Ouaddaï,L1TCD3010,1987,1.571417388,0.0,0.399852589,0.0
Chad,TCD,Ouaddaï,L1TCD3010,1988,1.50263335,0.0,0.0,0.0
Chad,TCD,Ouaddaï,L1TCD3010,1989,1.801312374,0.0,0.0,0.0
Chad,TCD,Ouaddaï,L1TCD3010,1990,0.349724362,0.0,0.282144297,0.0
Chad,TCD,Ouaddaï,L1TCD3010,1991,1.170797101,0.0,0.733333333,0.0
Chad,TCD,Ouaddaï,L1TCD3010,1992,1.2633333329999998,0.0,1.0,0.0
Chad,TCD,Ouaddaï,L1TCD3010,1993,0.830033003,0.0,0.351836735,0.0
Chad,TCD,Ouaddaï,L1TCD3010,1994,2.336173007,0.0,1.024590164,0.0
Chad,TCD,Ouaddaï,L1TCD3010,1995,1.378305826,0.0,0.0,0.0
Chad,TCD,Ouaddaï,L1TCD3010,1998,1.200029053,0.0,2.250025946,0.0
Chad,TCD,Salamat,L1TCD3011,1994,1.0,0.0,0.0,0.0
Chad,TD,Batha,L1TCD2995,1983,0.260869565,0.0,0.0,0.0
Chad,TD,Batha,L1TCD2995,1984,0.299933496,0.0,0.0,0.0
Chad,TD,Batha,L1TCD2995,1985,0.994943461,0.0,0.0,0.0
Chad,TD,Batha,L1TCD2995,1986,0.94703705,0.0,0.0,0.0
Chad,TD,Batha,L1TCD2995,1987,0.5816838369999999,0.0,0.6,0.0
Chad,TD,Batha,L1TCD2995,1988,1.299931092,0.0,0.0,0.0
Chad,TD,Batha,L1TCD2995,1989,1.0705653019999999,0.0,0.0,0.0
Chad,TD,Batha,L1TCD2995,1990,0.57,0.0,0.145780051,0.0
Chad,TD,Batha,L1TCD2995,1991,0.689112061,0.0,0.74,0.0
Chad,TD,Batha,L1TCD2995,1992,0.7648648650000001,0.0,0.85,0.0
Chad,TD,Batha,L1TCD2995,1993,0.44615384599999997,0.0,0.066666667,0.0
Chad,TD,Batha,L1TCD2995,1994,1.4282051279999999,0.0,0.6,0.0
Chad,TD,Batha,L1TCD2995,1995,1.325699617,0.0,0.0,0.0
Chad,TD,Batha,L1TCD2995,1998,0.3,0.0,0.803038309,0.0
Chad,TD,Batha,L1TCD2995,2000,0.587989094,0.0,3.6999999999999997,0.0
Chad,TD,Batha,L1TCD2995,2001,0.689577558,0.0,0.78,0.0
Chad,TD,Batha,L1TCD2995,2002,0.977261146,0.0,1.009889515,0.0
Chad,TD,Batha,L1TCD2995,2003,0.9860577429999999,0.0,1.086767287,0.0
Chad,TD,Batha,L1TCD2995,2004,0.739283264,0.0,0.6,0.0
Chad,TD,Batha,L1TCD2995,2005,2.399195002,0.0,1.1,0.0
Chad,TD,Batha,L1TCD2995,2006,0.900893597,0.0,1.0,0.0
Chad,TD,Batha,L1TCD2995,2007,0.87,0.0,1.0,0.0
Chad,TD,Batha,L1TCD2995,2008,0.719205982,0.0,1.0,0.0
Chad,TD,Batha,L1TCD2995,2009,0.504124454,0.0,0.376309715,0.0
Chad,TD,Batha,L1TCD2995,2010,1.322575168,0.0,1.1,0.0
Chad,TD,Batha,L1TCD2995,2011,1.7916368420000002,0.0,0.786507634,0.0
Chad,TD,Batha,L1TCD2995,2012,2.0355872600000002,0.0,2.094215887,0.0
Chad,TD,Batha,L1TCD2995,2013,2.126809896,0.0,1.100477593,0.0
Chad,TD,Batha,L1TCD2995,2014,1.113508032,0.0,1.214172119,0.0
Chad,TD,Batha,L1TCD2995,2015,1.369186687,0.0,1.804,0.0
Chad,TD,Batha,L1TCD2995,2016,2.164696061,0.0,1.255569651,0.0
Chad,TD,Batha,L1TCD2995,2017,2.093057829,4.5,1.50738497,0.0
Chad,TD,Chari-Baguirmi,L1TCD2997,1983,0.016163327,0.0,0.0,0.0
Chad,TD,Chari-Baguirmi,L1TCD2997,1984,0.497787611,0.0,0.0,0.0
Chad,TD,Chari-Baguirmi,L1TCD2997,1985,0.598902567,0.0,0.0,0.0
Chad,TD,Chari-Baguirmi,L1TCD2997,1987,0.087935035,0.0,0.0,0.0
Chad,TD,Chari-Baguirmi,L1TCD2997,1989,0.440617696,0.0,0.0,0.0
Chad,TD,Chari-Baguirmi,L1TCD2997,1991,0.0,0.0,1.0,0.0
Chad,TD,Chari-Baguirmi,L1TCD2997,1992,0.0,0.0,0.355153707,0.0
Chad,TD,Chari-Baguirmi,L1TCD2997,1994,0.0,0.0,0.469686875,0.0
Chad,TD,Chari-Baguirmi,L1TCD2997,1998,0.0,0.0,0.908312342,0.0
Chad,TD,Chari-Baguirmi,L1TCD2997,2000,3.8028628220000003,0.0,0.989357542,0.0
Chad,TD,Chari-Baguirmi,L1TCD2997,2001,5.658816834,12.0,1.078990384,0.0
Chad,TD,Chari-Baguirmi,L1TCD2997,2002,3.6002630649999996,12.0,0.959954168,0.0
Chad,TD,Chari-Baguirmi,L1TCD2997,2003,7.591587186,12.0,1.263414093,0.0
Chad,TD,Chari-Baguirmi,L1TCD2997,2004,3.475784394,10.0,1.9499799439999999,0.0
Chad,TD,Chari-Baguirmi,L1TCD2997,2005,5.572827468,22.0,1.5,0.0
Chad,TD,Chari-Baguirmi,L1TCD2997,2006,5.615078779,6.0,1.25,0.0
Chad,TD,Chari-Baguirmi,L1TCD2997,2007,5.278128896,0.0,0.857,0.0
Chad,TD,Chari-Baguirmi,L1TCD2997,2008,5.40586546,0.0,1.1,0.0
Chad,TD,Chari-Baguirmi,L1TCD2997,2009,3.203686705,14.0,1.0785989040000001,0.0
Chad,TD,Chari-Baguirmi,L1TCD2997,2010,5.837294176,0.0,2.244355664,0.0
Chad,TD,Chari-Baguirmi,L1TCD2997,2011,4.822146647,0.0,1.217919696,0.0
Chad,TD,Chari-Baguirmi,L1TCD2997,2012,2.2639518800000005,0.0,2.300016997,0.0
Chad,TD,Chari-Baguirmi,L1TCD2997,2013,3.561838751,12.748000000000001,1.868675127,0.0
Chad,TD,Chari-Baguirmi,L1TCD2997,2014,3.843281239,0.0,1.477537581,0.0
Chad,TD,Chari-Baguirmi,L1TCD2997,2015,3.287279279,1.683,2.462633309,0.0
Chad,TD,Chari-Baguirmi,L1TCD2997,2016,4.152802359,7.8171646,2.6170818110000003,0.0
Chad,TD,Chari-Baguirmi,L1TCD2997,2017,3.050743245,7.146256212000001,2.115798211,0.0
Chad,TD,Kanem,L1TCD3002,1990,1.3,0.0,0.0,0.0
Chad,TD,Kanem,L1TCD3002,1995,0.4,0.0,0.0,0.0
Chad,TD,Kanem,L1TCD3002,2000,0.15,0.0,0.634439417,0.0
Chad,TD,Kanem,L1TCD3002,2001,2.410075122,0.0,0.15,0.0
Chad,TD,Kanem,L1TCD3002,2002,0.1,0.0,0.0,0.0
Chad,TD,Kanem,L1TCD3002,2003,0.4,0.0,0.3,0.0
Chad,TD,Kanem,L1TCD3002,2004,0.154,0.0,0.0,0.0
Chad,TD,Kanem,L1TCD3002,2005,1.0,0.0,0.3,0.0
Chad,TD,Kanem,L1TCD3002,2006,0.7,0.0,0.0,0.0
Chad,TD,Kanem,L1TCD3002,2007,0.786,0.0,0.0,0.0
Chad,TD,Kanem,L1TCD3002,2008,0.778,0.0,0.25,0.0
Chad,TD,Kanem,L1TCD3002,2009,0.224,0.0,0.0,0.0
Chad,TD,Kanem,L1TCD3002,2010,1.0960007969999999,0.0,0.0,0.0
Chad,TD,Kanem,L1TCD3002,2011,0.257,0.0,0.1,0.0
Chad,TD,Kanem,L1TCD3002,2012,0.99529,0.0,0.4,0.0
Chad,TD,Kanem,L1TCD3002,2013,0.813,0.0,0.252,0.0
Chad,TD,Kanem,L1TCD3002,2014,1.075,0.0,0.075,0.0
Chad,TD,Kanem,L1TCD3002,2015,0.801,0.0,0.0,0.0
Chad,TD,Kanem,L1TCD3002,2016,0.902570271,0.0,0.20675,0.0
Chad,TD,Kanem,L1TCD3002,2017,1.255,0.0,0.25091,0.0
Chad,TD,Moyen-Chari,L1TCD3009,1991,0.0,0.0,0.3,0.0
Chad,TD,Moyen-Chari,L1TCD3009,1992,0.0,0.0,0.3,0.0
Chad,TD,Moyen-Chari,L1TCD3009,1994,0.473684211,0.0,0.649895769,0.0
Chad,TD,Moyen-Chari,L1TCD3009,2000,2.579067511,0.0,1.672512011,0.0
Chad,TD,Moyen-Chari,L1TCD3009,2001,2.600283387,12.0,1.639897777,0.0
Chad,TD,Moyen-Chari,L1TCD3009,2002,3.7075277399999997,12.0,1.509999153,0.0
Chad,TD,Moyen-Chari,L1TCD3009,2003,3.376845468,12.0,1.500572886,0.0
Chad,TD,Moyen-Chari,L1TCD3009,2004,3.6466554920000003,8.0,2.157966386,0.0
Chad,TD,Moyen-Chari,L1TCD3009,2005,3.0404739,12.0,0.97,0.0
Chad,TD,Moyen-Chari,L1TCD3009,2006,2.794243047,2.77,0.48,0.0
Chad,TD,Moyen-Chari,L1TCD3009,2007,3.033,4.324,1.21,0.0
Chad,TD,Moyen-Chari,L1TCD3009,2008,3.326,4.8,1.745,0.0
Chad,TD,Moyen-Chari,L1TCD3009,2009,2.618790075,3.47442632,1.6868723700000001,0.0
Chad,TD,Moyen-Chari,L1TCD3009,2010,4.51404447,17.079,1.645,0.0
Chad,TD,Moyen-Chari,L1TCD3009,2011,3.590537374,8.730453698,1.783195386,0.0
Chad,TD,Moyen-Chari,L1TCD3009,2012,3.226698178,7.799847973,2.075859061,0.0
Chad,TD,Moyen-Chari,L1TCD3009,2013,4.37441524,17.178,2.4188890350000003,0.0
Chad,TD,Moyen-Chari,L1TCD3009,2014,3.396427221,2.15044345,2.107943621,0.0
Chad,TD,Moyen-Chari,L1TCD3009,2015,3.305314304,11.223579430000001,1.814489451,0.0
Chad,TD,Moyen-Chari,L1TCD3009,2016,3.793546612,18.6192814,2.027840277,0.0
Chad,TD,Moyen-Chari,L1TCD3009,2017,3.4104017310000003,12.470913608,2.265296363,0.0
Chad,TD,Salamat,L1TCD3011,1983,0.936191261,0.0,0.0,0.0
Chad,TD,Salamat,L1TCD3011,1984,0.832616617,0.0,0.0,0.0
Chad,TD,Salamat,L1TCD3011,1985,2.0852044000000003,0.0,0.0,0.0
Chad,TD,Salamat,L1TCD3011,1986,1.8513050350000002,0.0,0.0,0.0
Chad,TD,Salamat,L1TCD3011,1987,1.529892104,0.0,0.6,0.0
Chad,TD,Salamat,L1TCD3011,1988,1.144618807,0.0,0.0,0.0
Chad,TD,Salamat,L1TCD3011,1989,1.3090689210000002,0.0,0.0,0.0
Chad,TD,Salamat,L1TCD3011,1990,1.2615384619999999,0.0,0.452192863,0.0
Chad,TD,Salamat,L1TCD3011,1991,1.805485232,0.0,1.435294118,0.0
Chad,TD,Salamat,L1TCD3011,1992,1.624911272,0.0,0.8200000000000001,0.0
Chad,TD,Salamat,L1TCD3011,1993,1.923076924,0.0,0.0,0.0
Chad,TD,Salamat,L1TCD3011,1994,2.568865347,0.0,2.108144786,0.0
Chad,TD,Salamat,L1TCD3011,1995,3.080372186,0.0,0.0,0.0
Chad,TD,Salamat,L1TCD3011,1998,2.109090909,0.0,0.940004979,0.0
Chad,TD,Salamat,L1TCD3011,2000,1.714576657,0.0,1.699816488,0.0
Chad,TD,Salamat,L1TCD3011,2001,7.142709077,12.5,1.998191137,0.0
Chad,TD,Salamat,L1TCD3011,2002,4.291666667,12.0,1.5,0.0
Chad,TD,Salamat,L1TCD3011,2003,6.076828517,23.31690141,1.52484915,0.0
Chad,TD,Salamat,L1TCD3011,2004,2.3139334099999997,0.0,1.559562723,0.0
Chad,TD,Salamat,L1TCD3011,2005,4.0379132040000005,24.0,1.6,0.0
Chad,TD,Salamat,L1TCD3011,2006,3.9911705069999996,3.5,1.5,0.0
Chad,TD,Salamat,L1TCD3011,2007,4.433,0.0,1.5,0.0
Chad,TD,Salamat,L1TCD3011,2008,4.678526998000001,6.0,1.1985772849999998,0.0
Chad,TD,Salamat,L1TCD3011,2009,5.050315688,12.0,2.4708038070000002,0.0
Chad,TD,Salamat,L1TCD3011,2010,6.105311249,0.0,1.5,0.0
Chad,TD,Salamat,L1TCD3011,2011,5.565875816,0.0,1.712865844,0.0
Chad,TD,Salamat,L1TCD3011,2012,7.495011553,10.558,1.816025861,0.0
Chad,TD,Salamat,L1TCD3011,2013,6.633897062,19.756,1.7222736090000001,0.0
Chad,TD,Salamat,L1TCD3011,2014,6.7385193999999995,21.851,1.766035,0.0
Chad,TD,Salamat,L1TCD3011,2015,6.195163634,20.817,1.72217768,0.0
Chad,TD,Salamat,L1TCD3011,2016,6.983307487,18.3816,1.465812015,0.0
Chad,TD,Salamat,L1TCD3011,2017,6.308339355,20.970272,1.957591883,0.0
Chad,TD,Barh el Gazel,L1TCD2994,1983,0.122696391,0.0,0.8,0.0
Chad,TD,Barh el Gazel,L1TCD2994,1984,1.966666667,0.0,0.6002886,0.0
Chad,TD,Barh el Gazel,L1TCD2994,1985,2.610279002,0.0,1.191011236,0.0
Chad,TD,Barh el Gazel,L1TCD2994,1986,1.847813092,0.0,0.743321719,0.0
Chad,TD,Barh el Gazel,L1TCD2994,1987,3.0296460179999998,0.0,1.0,0.0
Chad,TD,Barh el Gazel,L1TCD2994,1988,3.4369884639999997,0.0,0.0,0.0
Chad,TD,Barh el Gazel,L1TCD2994,1989,2.0878834219999995,0.0,0.0,0.0
Chad,TD,Barh el Gazel,L1TCD2994,1990,2.5761803519999997,0.0,0.0,0.0
Chad,TD,Barh el Gazel,L1TCD2994,1991,2.192018853,0.0,0.0,0.0
Chad,TD,Barh el Gazel,L1TCD2994,1992,4.503077673,0.0,1.5,0.0
Chad,TD,Barh el Gazel,L1TCD2994,1993,0.2,0.0,0.0,0.0
Chad,TD,Barh el Gazel,L1TCD2994,1994,1.3170317089999999,0.0,0.0,0.0
Chad,TD,Barh el Gazel,L1TCD2994,1995,0.612,0.0,0.0,0.0
Chad,TD,Barh el Gazel,L1TCD2994,1998,0.3,0.0,0.0,0.0
Chad,TD,Barh el Gazel,L1TCD2994,2000,0.27555391399999996,0.0,0.634439417,0.0
Chad,TD,Barh el Gazel,L1TCD2994,2001,2.410075122,0.0,0.15,0.0
Chad,TD,Barh el Gazel,L1TCD2994,2002,0.1,0.0,0.0,0.0
Chad,TD,Barh el Gazel,L1TCD2994,2003,0.4,0.0,0.3,0.0
Chad,TD,Barh el Gazel,L1TCD2994,2004,0.154,0.0,0.0,0.0
Chad,TD,Barh el Gazel,L1TCD2994,2005,1.6,0.0,0.3,0.0
Chad,TD,Barh el Gazel,L1TCD2994,2006,0.7,0.0,0.0,0.0
Chad,TD,Barh el Gazel,L1TCD2994,2007,0.786,0.0,0.0,0.0
Chad,TD,Barh el Gazel,L1TCD2994,2008,1.078,0.0,0.25,0.0
Chad,TD,Barh el Gazel,L1TCD2994,2009,0.486,0.0,0.0,0.0
Chad,TD,Barh el Gazel,L1TCD2994,2010,0.976011317,0.0,0.0,0.0
Chad,TD,Barh el Gazel,L1TCD2994,2011,1.4000000000000001,0.0,0.0,0.0
Chad,TD,Barh el Gazel,L1TCD2994,2012,1.7854705880000001,0.0,0.0,0.0
Chad,TD,Barh el Gazel,L1TCD2994,2013,1.4805352939999998,0.0,0.238,0.0
Chad,TD,Barh el Gazel,L1TCD2994,2014,1.589,0.0,0.462,0.0
Chad,TD,Barh el Gazel,L1TCD2994,2015,1.61,0.0,0.0,0.0
Chad,TD,Barh el Gazel,L1TCD2994,2016,1.63128,0.0,0.35,0.0
Chad,TD,Barh el Gazel,L1TCD2994,2017,1.5460288000000002,0.0,0.385,0.0
Chad,TD,Guera,L1TCD3000,1983,1.257102017,0.0,0.0,0.0
Chad,TD,Guera,L1TCD3000,1984,0.522435199,0.0,0.0,0.0
Chad,TD,Guera,L1TCD3000,1985,0.814580262,0.0,0.0,0.0
Chad,TD,Guera,L1TCD3000,1986,0.8742222159999999,0.0,0.0,0.0
Chad,TD,Guera,L1TCD3000,1987,0.880845924,0.0,0.24972973,0.0
Chad,TD,Guera,L1TCD3000,1988,1.199980365,0.0,0.0,0.0
Chad,TD,Guera,L1TCD3000,1989,0.899843294,0.0,0.0,0.0
Chad,TD,Guera,L1TCD3000,1990,0.673463497,0.0,0.299958281,0.0
Chad,TD,Guera,L1TCD3000,1991,1.0695810570000002,0.0,1.1299019609999998,0.0
Chad,TD,Guera,L1TCD3000,1992,1.325280936,0.0,1.036956522,0.0
Chad,TD,Guera,L1TCD3000,1993,0.8259062779999999,0.0,0.468468468,0.0
Chad,TD,Guera,L1TCD3000,1994,1.33,0.0,0.836956522,0.0
Chad,TD,Guera,L1TCD3000,1995,1.5558965059999998,0.0,0.0,0.0
Chad,TD,Guera,L1TCD3000,1998,1.266666667,0.0,1.186531579,0.0
Chad,TD,Guera,L1TCD3000,2000,2.048176004,0.0,0.926983035,0.0
Chad,TD,Guera,L1TCD3000,2001,2.8352934130000005,0.0,1.20097561,0.0
Chad,TD,Guera,L1TCD3000,2002,2.888085911,0.0,1.1750824610000001,0.0
Chad,TD,Guera,L1TCD3000,2003,3.30701478,0.0,1.396961064,0.0
Chad,TD,Guera,L1TCD3000,2004,2.2241795619999998,0.0,0.806991404,0.0
Chad,TD,Guera,L1TCD3000,2005,3.25,0.0,1.4,0.0
Chad,TD,Guera,L1TCD3000,2006,3.470242105,4.308270677,0.79,0.0
Chad,TD,Guera,L1TCD3000,2007,1.976466135,0.0,2.127,0.0
Chad,TD,Guera,L1TCD3000,2008,3.483648818,0.0,1.673,0.0
Chad,TD,Guera,L1TCD3000,2009,0.858674683,0.0,1.565477178,0.0
Chad,TD,Guera,L1TCD3000,2010,3.458959555,0.0,2.18,0.0
Chad,TD,Guera,L1TCD3000,2011,2.475920287,8.597864769,0.943043056,0.0
Chad,TD,Guera,L1TCD3000,2012,4.627659646,0.0,1.674602898,0.0
Chad,TD,Guera,L1TCD3000,2013,2.888103831,12.673000000000002,1.385392307,0.0
Chad,TD,Guera,L1TCD3000,2014,2.015637516,0.0,0.8891784110000001,0.0
Chad,TD,Guera,L1TCD3000,2015,2.837371672,5.7330000000000005,1.907042401,0.0
Chad,TD,Guera,L1TCD3000,2016,3.057466344,5.9642919999999995,1.889689314,0.0
Chad,TD,Guera,L1TCD3000,2017,3.1129644589999996,8.032117573,1.4003914480000001,0.0
Chad,TD,Hadjer-Lamis,L1TCD3001,1983,0.134200551,0.0,0.0,0.0
Chad,TD,Hadjer-Lamis,L1TCD3001,1984,2.647494648,0.0,0.0,0.0
Chad,TD,Hadjer-Lamis,L1TCD3001,1985,2.583123189,0.0,0.0,0.0
Chad,TD,Hadjer-Lamis,L1TCD3001,1986,2.636972312,0.0,0.0,0.0
Chad,TD,Hadjer-Lamis,L1TCD3001,1987,2.554186353,0.0,0.699945325,0.0
Chad,TD,Hadjer-Lamis,L1TCD3001,1988,4.867979227999999,0.0,0.0,0.0
Chad,TD,Hadjer-Lamis,L1TCD3001,1989,0.855393098,0.0,0.0,0.0
Chad,TD,Hadjer-Lamis,L1TCD3001,1990,3.46,0.0,0.50608828,0.0
Chad,TD,Hadjer-Lamis,L1TCD3001,1991,2.282662138,0.0,2.049689441,0.0
Chad,TD,Hadjer-Lamis,L1TCD3001,1992,7.466445757000001,0.0,1.115160549,0.0
Chad,TD,Hadjer-Lamis,L1TCD3001,1993,6.2247364329999995,0.0,0.6,0.0
Chad,TD,Hadjer-Lamis,L1TCD3001,1994,8.414527124,0.0,0.997670512,0.0
Chad,TD,Hadjer-Lamis,L1TCD3001,1995,5.044068542,0.0,0.0,0.0
Chad,TD,Hadjer-Lamis,L1TCD3001,1998,7.611167893,0.0,1.725007133,0.0
Chad,TD,Hadjer-Lamis,L1TCD3001,2000,3.813051041,0.0,0.9900196160000001,0.0
Chad,TD,Hadjer-Lamis,L1TCD3001,2001,5.658248017,12.0,1.086993901,0.0
Chad,TD,Hadjer-Lamis,L1TCD3001,2002,3.5964107039999997,12.0,0.959954168,0.0
Chad,TD,Hadjer-Lamis,L1TCD3001,2003,7.597050825,12.0,1.289994748,0.0
Chad,TD,Hadjer-Lamis,L1TCD3001,2004,3.4722016780000002,10.0,1.9499799439999999,0.0
Chad,TD,Hadjer-Lamis,L1TCD3001,2005,5.568773466,22.0,1.5,0.0
Chad,TD,Hadjer-Lamis,L1TCD3001,2006,5.617392639,6.0,1.25,0.0
Chad,TD,Hadjer-Lamis,L1TCD3001,2007,5.282771743,0.0,0.857,0.0
Chad,TD,Hadjer-Lamis,L1TCD3001,2008,5.400855198,0.0,1.1,0.0
Chad,TD,Hadjer-Lamis,L1TCD3001,2009,3.2045576029999996,14.0,1.0785989040000001,0.0
Chad,TD,Hadjer-Lamis,L1TCD3001,2010,3.8680721680000003,0.0,1.2,0.0
Chad,TD,Hadjer-Lamis,L1TCD3001,2011,6.562106943,0.0,1.680749769,0.0
Chad,TD,Hadjer-Lamis,L1TCD3001,2012,7.809187247,8.5,1.3359999999999999,0.0
Chad,TD,Hadjer-Lamis,L1TCD3001,2013,6.485356189000001,0.0,2.0830666669999998,0.0
Chad,TD,Hadjer-Lamis,L1TCD3001,2014,1.981060866,0.95,0.65,0.0
Chad,TD,Hadjer-Lamis,L1TCD3001,2015,4.47773224,0.95,1.739290227,0.0
Chad,TD,Hadjer-Lamis,L1TCD3001,2016,5.379212967,6.9500625,1.590949861,0.0
Chad,TD,Hadjer-Lamis,L1TCD3001,2017,4.3986230840000005,8.76701375,1.5341520690000001,0.0
Chad,TD,Lac,L1TCD3003,1985,1.191011236,0.0,0.0,0.0
Chad,TD,Lac,L1TCD3003,1986,0.743321719,0.0,0.0,0.0
Chad,TD,Lac,L1TCD3003,1987,1.0,0.0,0.0,0.0
Chad,TD,Lac,L1TCD3003,1988,1.7410729790000001,0.0,0.0,0.0
Chad,TD,Lac,L1TCD3003,1989,1.579477458,0.0,0.0,0.0
Chad,TD,Lac,L1TCD3003,1990,1.525121582,0.0,0.0,0.0
Chad,TD,Lac,L1TCD3003,1991,1.700788997,0.0,0.0,0.0
Chad,TD,Lac,L1TCD3003,1992,2.7727709579999997,0.0,0.8,0.0
Chad,TD,Lac,L1TCD3003,1993,3.768542599,0.0,0.0,0.0
Chad,TD,Lac,L1TCD3003,1994,4.336898959,0.0,2.502268602,0.0
Chad,TD,Lac,L1TCD3003,1995,2.383386113,0.0,0.0,0.0
Chad,TD,Lac,L1TCD3003,1998,2.159372955,0.0,0.0,0.0
Chad,TD,Lac,L1TCD3003,2000,3.159351967,0.0,1.075163057,0.0
Chad,TD,Lac,L1TCD3003,2001,3.522584212,25.0,0.8,0.0
Chad,TD,Lac,L1TCD3003,2002,3.223936282,25.91463415,0.0,0.0
Chad,TD,Lac,L1TCD3003,2003,4.336107347,35.05517241,1.7,0.0
Chad,TD,Lac,L1TCD3003,2004,1.48,20.0,1.198324022,0.0
Chad,TD,Lac,L1TCD3003,2005,4.5,35.0,0.0,0.0
Chad,TD,Lac,L1TCD3003,2006,4.0,8.0,0.0,0.0
Chad,TD,Lac,L1TCD3003,2007,4.865,0.0,0.0,0.0
Chad,TD,Lac,L1TCD3003,2008,4.183,13.0,0.7,0.0
Chad,TD,Lac,L1TCD3003,2009,4.503921569,15.692307692,0.0,0.0
Chad,TD,Lac,L1TCD3003,2010,6.598824855,25.814766082,0.835,0.0
Chad,TD,Lac,L1TCD3003,2011,6.614576861000001,27.776524639999998,0.306666667,0.0
Chad,TD,Lac,L1TCD3003,2012,7.63,37.22208835,2.87,0.0
Chad,TD,Lac,L1TCD3003,2013,9.222,33.65454545,0.905,0.0
Chad,TD,Lac,L1TCD3003,2014,7.874722837999999,36.045480229999995,2.4000000000000004,0.0
Chad,TD,Lac,L1TCD3003,2015,9.574835886,21.5,2.5999999999999996,0.0
Chad,TD,Lac,L1TCD3003,2016,10.358197058,20.066,1.947333333,0.0
Chad,TD,Lac,L1TCD3003,2017,7.825492537000001,32.66053246,2.328853333,0.0
Chad,TD,Logone Occidental,L1TCD3004,1983,1.5954251900000003,0.0,1.691462983,0.0
Chad,TD,Logone Occidental,L1TCD3004,1984,1.153246781,0.0,2.20336354,0.0
Chad,TD,Logone Occidental,L1TCD3004,1985,1.971318503,0.0,1.601331542,0.0
Chad,TD,Logone Occidental,L1TCD3004,1986,2.200925524,0.0,0.661681279,0.0
Chad,TD,Logone Occidental,L1TCD3004,1987,1.4033180650000001,0.0,0.599989211,0.0
Chad,TD,Logone Occidental,L1TCD3004,1988,4.350636128,0.0,0.701990537,0.0
Chad,TD,Logone Occidental,L1TCD3004,1989,2.749249334,0.0,1.005988509,0.0
Chad,TD,Logone Occidental,L1TCD3004,1990,3.5700000000000003,0.0,0.783377876,0.0
Chad,TD,Logone Occidental,L1TCD3004,1991,4.1657407410000005,0.0,1.63,0.0
Chad,TD,Logone Occidental,L1TCD3004,1992,3.827,0.0,1.416991827,0.0
Chad,TD,Logone Occidental,L1TCD3004,1993,1.2694452699999998,0.0,0.85994152,0.0
Chad,TD,Logone Occidental,L1TCD3004,1994,4.2739238959999994,0.0,1.735980231,0.0
Chad,TD,Logone Occidental,L1TCD3004,1995,2.3650626409999997,0.0,0.0,0.0
Chad,TD,Logone Occidental,L1TCD3004,1998,2.866917408,0.0,1.279958367,0.0
Chad,TD,Logone Occidental,L1TCD3004,2000,3.351191899,0.0,1.461593822,0.0
Chad,TD,Logone Occidental,L1TCD3004,2001,3.0669231310000002,11.0,1.346282414,0.0
Chad,TD,Logone Occidental,L1TCD3004,2002,3.72171784,10.0,1.279973298,0.0
Chad,TD,Logone Occidental,L1TCD3004,2003,3.446434595,10.0,1.442655685,0.0
Chad,TD,Logone Occidental,L1TCD3004,2004,3.174192811,8.0,1.5113385830000001,0.0
Chad,TD,Logone Occidental,L1TCD3004,2005,3.61676637,10.0,0.98,0.0
Chad,TD,Logone Occidental,L1TCD3004,2006,3.899,6.279,0.98,0.0
Chad,TD,Logone Occidental,L1TCD3004,2007,3.789,9.8,2.123,0.0
Chad,TD,Logone Occidental,L1TCD3004,2008,3.854,9.8,1.83,0.0
Chad,TD,Logone Occidental,L1TCD3004,2009,3.1735447280000004,8.726585076,1.248141274,0.0
Chad,TD,Logone Occidental,L1TCD3004,2010,3.641014079,20.115000000000002,1.456,0.0
Chad,TD,Logone Occidental,L1TCD3004,2011,3.379519813,15.6953207,1.487617731,0.0
Chad,TD,Logone Occidental,L1TCD3004,2012,2.463571429,9.377,1.914,0.0
Chad,TD,Logone Occidental,L1TCD3004,2013,3.541376129,15.831583493000002,1.4789999999999999,0.0
Chad,TD,Logone Occidental,L1TCD3004,2014,4.864122109,12.86573733,1.852434467,0.0
Chad,TD,Logone Occidental,L1TCD3004,2015,3.326567895,17.396929722,1.6375400310000001,0.0
Chad,TD,Logone Occidental,L1TCD3004,2016,3.554915776,25.2824,1.709075445,0.0
Chad,TD,Logone Occidental,L1TCD3004,2017,3.545880651,18.93180468,1.885007968,0.0
Chad,TD,Logone Oriental,L1TCD3005,1983,1.837944259,0.0,0.585035013,0.0
Chad,TD,Logone Oriental,L1TCD3005,1984,1.561675904,0.0,0.685570586,0.0
Chad,TD,Logone Oriental,L1TCD3005,1985,2.278334415,0.0,0.697655196,0.0
Chad,TD,Logone Oriental,L1TCD3005,1986,2.766885087,0.0,0.73383854,0.0
Chad,TD,Logone Oriental,L1TCD3005,1987,1.6522963819999998,0.0,0.600008169,0.0
Chad,TD,Logone Oriental,L1TCD3005,1988,3.6797845199999997,0.0,0.663409659,0.0
Chad,TD,Logone Oriental,L1TCD3005,1989,3.2342403060000002,0.0,1.020920676,0.0
Chad,TD,Logone Oriental,L1TCD3005,1990,3.731176471,0.0,0.624292371,0.0
Chad,TD,Logone Oriental,L1TCD3005,1991,3.027739321,0.0,1.195325203,0.0
Chad,TD,Logone Oriental,L1TCD3005,1992,2.7988571429999998,0.0,1.287002357,0.0
Chad,TD,Logone Oriental,L1TCD3005,1993,1.8567079739999999,0.0,0.75010553,0.0
Chad,TD,Logone Oriental,L1TCD3005,1994,3.355308297,0.0,1.666945071,0.0
Chad,TD,Logone Oriental,L1TCD3005,1995,2.436018937,0.0,0.0,0.0
Chad,TD,Logone Oriental,L1TCD3005,1998,2.9382974,0.0,1.476483559,0.0
Chad,TD,Logone Oriental,L1TCD3005,2000,2.419682526,0.0,1.505409222,0.0
Chad,TD,Logone Oriental,L1TCD3005,2001,2.614506565,11.0,1.4101866269999999,0.0
Chad,TD,Logone Oriental,L1TCD3005,2002,3.203923808,11.0,1.4399830740000001,0.0
Chad,TD,Logone Oriental,L1TCD3005,2003,3.9235639780000002,11.0,1.4383446100000001,0.0
Chad,TD,Logone Oriental,L1TCD3005,2004,3.616519516,7.784431138,1.835697674,0.0
Chad,TD,Logone Oriental,L1TCD3005,2005,3.335,11.0,0.95,0.0
Chad,TD,Logone Oriental,L1TCD3005,2006,3.502,3.384,0.95,0.0
Chad,TD,Logone Oriental,L1TCD3005,2007,5.255000000000001,4.5,1.3,0.0
Chad,TD,Logone Oriental,L1TCD3005,2008,3.468,4.5,1.6,0.0
Chad,TD,Logone Oriental,L1TCD3005,2009,3.4105140720000002,3.679981843,1.525416854,0.0
Chad,TD,Logone Oriental,L1TCD3005,2010,3.308980925,15.533,1.242446868,0.0
Chad,TD,Logone Oriental,L1TCD3005,2011,3.782663792,9.425498260000001,1.556004998,0.0
Chad,TD,Logone Oriental,L1TCD3005,2012,4.627,8.0,1.487427894,0.0
Chad,TD,Logone Oriental,L1TCD3005,2013,4.123,13.375581343,2.3275714290000002,0.0
Chad,TD,Logone Oriental,L1TCD3005,2014,4.386474793,3.526814138,1.9505710079999998,0.0
Chad,TD,Logone Oriental,L1TCD3005,2015,4.393,7.65,2.329609317,0.0
Chad,TD,Logone Oriental,L1TCD3005,2016,4.167428804,20.374093953,2.385529129,0.0
Chad,TD,Logone Oriental,L1TCD3005,2017,4.402982317999999,13.255088905000001,2.3142946120000003,0.0
Chad,TD,Mandoul,L1TCD3006,1983,1.536765815,0.0,0.647201018,0.0
Chad,TD,Mandoul,L1TCD3006,1984,1.057294041,0.0,0.518499433,0.0
Chad,TD,Mandoul,L1TCD3006,1985,2.363906552,0.0,1.053779863,0.0
Chad,TD,Mandoul,L1TCD3006,1986,3.0365039129999998,0.0,0.905914846,0.0
Chad,TD,Mandoul,L1TCD3006,1987,2.526149609,0.0,0.830405633,0.0
Chad,TD,Mandoul,L1TCD3006,1988,4.717665657,0.0,0.802564723,0.0
Chad,TD,Mandoul,L1TCD3006,1989,4.657204058,0.0,1.693004825,0.0
Chad,TD,Mandoul,L1TCD3006,1990,3.086993658,0.0,0.653907904,0.0
Chad,TD,Mandoul,L1TCD3006,1991,4.211943785000001,0.0,1.690080972,0.0
Chad,TD,Mandoul,L1TCD3006,1992,3.5509999999999997,0.0,1.134996057,0.0
Chad,TD,Mandoul,L1TCD3006,1993,1.965093011,0.0,0.8,0.0
Chad,TD,Mandoul,L1TCD3006,1994,4.349737743,0.0,1.484891203,0.0
Chad,TD,Mandoul,L1TCD3006,1995,2.96480396,0.0,0.0,0.0
Chad,TD,Mandoul,L1TCD3006,1998,2.711520355,0.0,1.793420334,0.0
Chad,TD,Mandoul,L1TCD3006,2000,2.5727851260000003,0.0,1.676710637,0.0
Chad,TD,Mandoul,L1TCD3006,2001,2.5956836809999997,12.0,1.630125138,0.0
Chad,TD,Mandoul,L1TCD3006,2002,3.708913547,12.0,1.509999153,0.0
Chad,TD,Mandoul,L1TCD3006,2003,3.37198347,12.0,1.499165774,0.0
Chad,TD,Mandoul,L1TCD3006,2004,3.648727493,8.0,2.1128152350000002,0.0
Chad,TD,Mandoul,L1TCD3006,2005,3.033,12.0,0.97,0.0
Chad,TD,Mandoul,L1TCD3006,2006,2.7910000000000004,2.77,0.48,0.0
Chad,TD,Mandoul,L1TCD3006,2007,3.033,4.324,1.21,0.0
Chad,TD,Mandoul,L1TCD3006,2008,3.326,4.8,1.745,0.0
Chad,TD,Mandoul,L1TCD3006,2009,2.613676494,3.47442632,1.675234203,0.0
Chad,TD,Mandoul,L1TCD3006,2010,2.785003203,15.004999999999999,2.352,0.0
Chad,TD,Mandoul,L1TCD3006,2011,3.39116906,4.010606568,1.8891828849999999,0.0
Chad,TD,Mandoul,L1TCD3006,2012,2.919864865,9.72,2.22283568,0.0
Chad,TD,Mandoul,L1TCD3006,2013,3.637989655,16.900000000000002,1.621350168,0.0
Chad,TD,Mandoul,L1TCD3006,2014,3.5451589209999996,3.792535803,1.6767397069999999,0.0
Chad,TD,Mandoul,L1TCD3006,2015,3.257,14.325628473999998,2.433758348,0.0
Chad,TD,Mandoul,L1TCD3006,2016,3.447268722,23.7028,1.694373745,0.0
Chad,TD,Mandoul,L1TCD3006,2017,3.3734314559999996,15.825398808,2.190149334,0.0
Chad,TD,Mayo-Kebbi Est,L1TCD3007,1983,1.413846494,0.0,0.542246703,0.0
Chad,TD,Mayo-Kebbi Est,L1TCD3007,1984,1.030979206,0.0,0.60818084,0.0
Chad,TD,Mayo-Kebbi Est,L1TCD3007,1985,1.891088233,0.0,0.663450345,0.0
Chad,TD,Mayo-Kebbi Est,L1TCD3007,1986,3.432663906,0.0,0.706187228,0.0
Chad,TD,Mayo-Kebbi Est,L1TCD3007,1987,1.7505846669999998,0.0,0.528875729,0.0
Chad,TD,Mayo-Kebbi Est,L1TCD3007,1988,6.0517895059999995,0.0,0.686189367,0.0
Chad,TD,Mayo-Kebbi Est,L1TCD3007,1989,5.850620113,0.0,0.0,0.0
Chad,TD,Mayo-Kebbi Est,L1TCD3007,1990,3.837628418,0.0,0.386756101,0.0
Chad,TD,Mayo-Kebbi Est,L1TCD3007,1991,4.709217053,0.0,1.244264982,0.0
Chad,TD,Mayo-Kebbi Est,L1TCD3007,1992,4.334787295,0.0,1.292521103,0.0
Chad,TD,Mayo-Kebbi Est,L1TCD3007,1993,3.217253224,0.0,0.869890329,0.0
Chad,TD,Mayo-Kebbi Est,L1TCD3007,1994,5.409699219,0.0,1.4268525310000002,0.0
Chad,TD,Mayo-Kebbi Est,L1TCD3007,1995,3.872636649,0.0,0.0,0.0
Chad,TD,Mayo-Kebbi Est,L1TCD3007,1998,3.7014334779999993,0.0,1.638439375,0.0
Chad,TD,Mayo-Kebbi Est,L1TCD3007,2000,3.0636452839999997,0.0,1.64913839,0.0
Chad,TD,Mayo-Kebbi Est,L1TCD3007,2001,3.644736863,11.49981308,1.597367349,0.0
Chad,TD,Mayo-Kebbi Est,L1TCD3007,2002,3.352167739,11.5,1.679999461,0.0
Chad,TD,Mayo-Kebbi Est,L1TCD3007,2003,4.1541006970000005,17.635544149,1.5186305070000001,0.0
Chad,TD,Mayo-Kebbi Est,L1TCD3007,2004,4.159399308999999,8.0,1.93158089,0.0
Chad,TD,Mayo-Kebbi Est,L1TCD3007,2005,3.9735383709999996,11.8,0.93,0.0
Chad,TD,Mayo-Kebbi Est,L1TCD3007,2006,3.463391956,13.788,0.95,0.0
Chad,TD,Mayo-Kebbi Est,L1TCD3007,2007,3.6987368529999998,17.22,1.5499999999999998,0.0
Chad,TD,Mayo-Kebbi Est,L1TCD3007,2008,3.7376055269999995,17.6,2.15,0.0
Chad,TD,Mayo-Kebbi Est,L1TCD3007,2009,2.963671295,14.479647472,1.685395438,0.0
Chad,TD,Mayo-Kebbi Est,L1TCD3007,2010,2.7619280560000004,4.68,1.273432245,0.0
Chad,TD,Mayo-Kebbi Est,L1TCD3007,2011,4.284520789,12.104798341,1.167282449,0.0
Chad,TD,Mayo-Kebbi Est,L1TCD3007,2012,5.965035687,11.0,1.802645051,0.0
Chad,TD,Mayo-Kebbi Est,L1TCD3007,2013,4.804654837,13.81,1.6091044869999998,0.0
Chad,TD,Mayo-Kebbi Est,L1TCD3007,2014,3.9680044800000003,7.085579886,1.25679469,0.0
Chad,TD,Mayo-Kebbi Est,L1TCD3007,2015,4.367914894,9.013778702,1.4091594,0.0
Chad,TD,Mayo-Kebbi Est,L1TCD3007,2016,4.8643821439999995,25.6830878,1.752633108,0.0
Chad,TD,Mayo-Kebbi Est,L1TCD3007,2017,4.882846522,15.591982206,1.9880776610000002,0.0
Chad,TD,Mayo-Kebbi Ouest,L1TCD3008,1983,1.433335082,0.0,0.542246703,0.0
Chad,TD,Mayo-Kebbi Ouest,L1TCD3008,1984,1.079719307,0.0,0.60818084,0.0
Chad,TD,Mayo-Kebbi Ouest,L1TCD3008,1985,1.906962699,0.0,0.663450345,0.0
Chad,TD,Mayo-Kebbi Ouest,L1TCD3008,1986,3.40385652,0.0,0.706187228,0.0
Chad,TD,Mayo-Kebbi Ouest,L1TCD3008,1987,1.7505642409999997,0.0,0.528875729,0.0
Chad,TD,Mayo-Kebbi Ouest,L1TCD3008,1988,6.000240519,0.0,0.686189367,0.0
Chad,TD,Mayo-Kebbi Ouest,L1TCD3008,1989,5.8783304,0.0,0.0,0.0
Chad,TD,Mayo-Kebbi Ouest,L1TCD3008,1990,3.847473992,0.0,0.386756101,0.0
Chad,TD,Mayo-Kebbi Ouest,L1TCD3008,1991,4.712837088,0.0,1.244264982,0.0
Chad,TD,Mayo-Kebbi Ouest,L1TCD3008,1992,4.364913748,0.0,1.292521103,0.0
Chad,TD,Mayo-Kebbi Ouest,L1TCD3008,1993,3.243748845,0.0,0.869890329,0.0
Chad,TD,Mayo-Kebbi Ouest,L1TCD3008,1994,5.365020752,0.0,1.4268525310000002,0.0
Chad,TD,Mayo-Kebbi Ouest,L1TCD3008,1995,3.8150551850000003,0.0,0.0,0.0
Chad,TD,Mayo-Kebbi Ouest,L1TCD3008,1998,3.7014334779999993,0.0,1.659631015,0.0
Chad,TD,Mayo-Kebbi Ouest,L1TCD3008,2000,3.0698881929999997,0.0,1.663214913,0.0
Chad,TD,Mayo-Kebbi Ouest,L1TCD3008,2001,3.628923439,11.49981308,1.608392629,0.0
Chad,TD,Mayo-Kebbi Ouest,L1TCD3008,2002,3.356472444,11.5,1.679999461,0.0
Chad,TD,Mayo-Kebbi Ouest,L1TCD3008,2003,4.159454121,17.635544149,1.525291159,0.0
Chad,TD,Mayo-Kebbi Ouest,L1TCD3008,2004,4.13965384,8.0,1.960634564,0.0
Chad,TD,Mayo-Kebbi Ouest,L1TCD3008,2005,3.9849765379999997,11.8,0.93,0.0
Chad,TD,Mayo-Kebbi Ouest,L1TCD3008,2006,3.481865077,13.788,0.95,0.0
Chad,TD,Mayo-Kebbi Ouest,L1TCD3008,2007,3.659470842,17.22,1.5499999999999998,0.0
Chad,TD,Mayo-Kebbi Ouest,L1TCD3008,2008,3.727571586,17.6,2.15,0.0
Chad,TD,Mayo-Kebbi Ouest,L1TCD3008,2009,2.9638912790000003,14.479647472,1.697751158,0.0
Chad,TD,Mayo-Kebbi Ouest,L1TCD3008,2010,2.606755398,7.9559999999999995,1.3218928,0.0
Chad,TD,Mayo-Kebbi Ouest,L1TCD3008,2011,3.991786389,8.696694171,1.69270766,0.0
Chad,TD,Mayo-Kebbi Ouest,L1TCD3008,2012,4.619256997,4.333,1.4969999999999999,0.0
Chad,TD,Mayo-Kebbi Ouest,L1TCD3008,2013,3.5401038469999997,7.715999999999999,1.87582263,0.0
Chad,TD,Mayo-Kebbi Ouest,L1TCD3008,2014,4.884396705,4.083897566,1.460500015,0.0
Chad,TD,Mayo-Kebbi Ouest,L1TCD3008,2015,3.392187784,2.8449999999999998,1.6041544460000001,0.0
Chad,TD,Mayo-Kebbi Ouest,L1TCD3008,2016,4.323833394999999,13.21277812,1.6799586770000001,0.0
Chad,TD,Mayo-Kebbi Ouest,L1TCD3008,2017,4.277105937,8.146809151,1.787152561,0.0
Chad,TD,Ouaddai,L1TCD3010,1992,0.0,0.0,0.185714286,0.0
Chad,TD,Ouaddai,L1TCD3010,2000,0.537006797,0.0,1.668485729,0.0
Chad,TD,Ouaddai,L1TCD3010,2001,1.2098656239999999,0.0,2.156443245,0.0
Chad,TD,Ouaddai,L1TCD3010,2002,1.219990943,0.0,1.564995563,0.0
Chad,TD,Ouaddai,L1TCD3010,2003,1.614406504,0.0,1.614097212,0.0
Chad,TD,Ouaddai,L1TCD3010,2004,1.5439741510000002,0.0,1.2914422010000002,0.0
Chad,TD,Ouaddai,L1TCD3010,2005,2.2,0.0,1.5898084940000001,0.0
Chad,TD,Ouaddai,L1TCD3010,2006,1.415246378,0.0,1.1,0.0
Chad,TD,Ouaddai,L1TCD3010,2007,1.4083138339999999,0.0,1.65,0.0
Chad,TD,Ouaddai,L1TCD3010,2008,2.208222019,0.0,1.2999999999999998,0.0
Chad,TD,Ouaddai,L1TCD3010,2009,1.902385849,0.0,0.866245296,0.0
Chad,TD,Ouaddai,L1TCD3010,2010,2.095000805,0.0,1.65,0.0
Chad,TD,Ouaddai,L1TCD3010,2011,0.832727463,0.0,0.6859999999999999,0.0
Chad,TD,Ouaddai,L1TCD3010,2012,2.654,0.0,1.598,0.0
Chad,TD,Ouaddai,L1TCD3010,2013,1.859,0.0,1.373,0.0
Chad,TD,Ouaddai,L1TCD3010,2014,2.765948199,0.0,1.6360000000000001,0.0
Chad,TD,Ouaddai,L1TCD3010,2015,1.9261305899999999,0.0,1.3994,0.0
Chad,TD,Ouaddai,L1TCD3010,2016,1.832244102,0.0,1.382022117,0.0
Chad,TD,Ouaddai,L1TCD3010,2017,2.141473814,0.0,1.5372905019999998,0.0
Chad,TD,Sila,L1TCD3012,1983,0.739040931,0.0,0.0,0.0
Chad,TD,Sila,L1TCD3012,1984,0.534171835,0.0,0.0,0.0
Chad,TD,Sila,L1TCD3012,1985,1.5961409569999998,0.0,0.0,0.0
Chad,TD,Sila,L1TCD3012,1986,1.6929479550000002,0.0,0.0,0.0
Chad,TD,Sila,L1TCD3012,1987,1.5715063900000001,0.0,0.399852589,0.0
Chad,TD,Sila,L1TCD3012,1988,1.4492178439999999,0.0,0.0,0.0
Chad,TD,Sila,L1TCD3012,1989,1.8167458710000002,0.0,0.0,0.0
Chad,TD,Sila,L1TCD3012,1990,0.35,0.0,0.273149942,0.0
Chad,TD,Sila,L1TCD3012,1991,1.3516133849999998,0.0,0.733333333,0.0
Chad,TD,Sila,L1TCD3012,1992,1.210944338,0.0,1.185714286,0.0
Chad,TD,Sila,L1TCD3012,1993,0.8822488319999999,0.0,0.351836735,0.0
Chad,TD,Sila,L1TCD3012,1994,2.314164458,0.0,1.024590164,0.0
Chad,TD,Sila,L1TCD3012,1995,1.411696543,0.0,0.0,0.0
Chad,TD,Sila,L1TCD3012,1998,1.200029053,0.0,2.250025946,0.0
Chad,TD,Sila,L1TCD3012,2000,0.537006797,0.0,1.6699948999999998,0.0
Chad,TD,Sila,L1TCD3012,2001,1.2098656239999999,0.0,2.161346139,0.0
Chad,TD,Sila,L1TCD3012,2002,1.6898610729999999,0.0,1.564995563,0.0
Chad,TD,Sila,L1TCD3012,2003,1.9644065039999998,0.0,1.6199973269999999,0.0
Chad,TD,Sila,L1TCD3012,2004,1.5439741510000002,0.0,1.299056604,0.0
Chad,TD,Sila,L1TCD3012,2005,2.925,0.0,1.5939999999999999,0.0
Chad,TD,Sila,L1TCD3012,2006,1.478984702,0.0,1.1,0.0
Chad,TD,Sila,L1TCD3012,2007,2.921320402,0.0,1.65,0.0
Chad,TD,Sila,L1TCD3012,2008,3.4207130159999997,0.0,1.2999999999999998,0.0
Chad,TD,Sila,L1TCD3012,2009,3.229182593,0.0,0.866245296,0.0
Chad,TD,Sila,L1TCD3012,2010,3.766648654,0.0,1.6,0.0
Chad,TD,Sila,L1TCD3012,2011,2.554292213,0.0,1.253820752,0.0
Chad,TD,Sila,L1TCD3012,2012,6.085322689,0.0,2.745,0.0
Chad,TD,Sila,L1TCD3012,2013,3.728110241,0.0,1.6802736839999999,0.0
Chad,TD,Sila,L1TCD3012,2014,2.528082073,0.0,1.232742923,0.0
Chad,TD,Sila,L1TCD3012,2015,3.8357537450000003,0.0,1.7025453050000001,0.0
Chad,TD,Sila,L1TCD3012,2016,4.1058285009999995,5.9,1.523387773,0.0
Chad,TD,Sila,L1TCD3012,2017,4.453327689,6.49,1.839385277,0.0
Chad,TD,Tandjile,L1TCD3013,1983,1.451482447,0.0,0.789654262,0.0
Chad,TD,Tandjile,L1TCD3013,1984,0.9296431759999999,0.0,0.649528132,0.0
Chad,TD,Tandjile,L1TCD3013,1985,1.610033858,0.0,0.977785091,0.0
Chad,TD,Tandjile,L1TCD3013,1986,2.8501493940000002,0.0,0.643646409,0.0
Chad,TD,Tandjile,L1TCD3013,1987,2.313430589,0.0,0.642015707,0.0
Chad,TD,Tandjile,L1TCD3013,1988,4.763895828000001,0.0,0.0,0.0
Chad,TD,Tandjile,L1TCD3013,1989,5.221632294999999,0.0,0.0,0.0
Chad,TD,Tandjile,L1TCD3013,1990,3.7293364199999997,0.0,0.630001529,0.0
Chad,TD,Tandjile,L1TCD3013,1991,3.312669661,0.0,1.282058824,0.0
Chad,TD,Tandjile,L1TCD3013,1992,4.116863926000001,0.0,1.01297177,0.0
Chad,TD,Tandjile,L1TCD3013,1993,2.713836971,0.0,0.5,0.0
Chad,TD,Tandjile,L1TCD3013,1994,3.757271275,0.0,1.482109045,0.0
Chad,TD,Tandjile,L1TCD3013,1995,2.9272400100000002,0.0,0.0,0.0
Chad,TD,Tandjile,L1TCD3013,1998,3.284822658,0.0,1.099433098,0.0
Chad,TD,Tandjile,L1TCD3013,2000,2.6329791279999997,0.0,1.474934459,0.0
Chad,TD,Tandjile,L1TCD3013,2001,3.317519922,10.0,1.2986223369999998,0.0
Chad,TD,Tandjile,L1TCD3013,2002,2.9651205370000002,10.0,1.250031591,0.0
Chad,TD,Tandjile,L1TCD3013,2003,3.8445073150000004,10.0,1.261712884,0.0
Chad,TD,Tandjile,L1TCD3013,2004,3.4611383960000004,0.0,1.431756757,0.0
Chad,TD,Tandjile,L1TCD3013,2005,3.4130298459999997,10.0,0.76,0.0
Chad,TD,Tandjile,L1TCD3013,2006,3.409774047,18.0,1.26,0.0
Chad,TD,Tandjile,L1TCD3013,2007,3.72,12.23,1.26,0.0
Chad,TD,Tandjile,L1TCD3013,2008,3.798556798,11.0,1.4569999999999999,0.0
Chad,TD,Tandjile,L1TCD3013,2009,2.917532447,9.537388927,1.271512733,0.0
Chad,TD,Tandjile,L1TCD3013,2010,3.6501964850000004,2.03,1.613888416,0.0
Chad,TD,Tandjile,L1TCD3013,2011,2.824214077,13.314917082,1.184609362,0.0
Chad,TD,Tandjile,L1TCD3013,2012,2.887,14.0,1.202,0.0
Chad,TD,Tandjile,L1TCD3013,2013,4.070018911,13.998830600999998,1.6162305900000002,0.0
Chad,TD,Tandjile,L1TCD3013,2014,4.5582161370000005,3.222433858,2.181474864,0.0
Chad,TD,Tandjile,L1TCD3013,2015,3.4313302539999997,17.823333333,1.7850000000000001,0.0
Chad,TD,Tandjile,L1TCD3013,2016,3.374903862,22.614114286,1.553526569,0.0
Chad,TD,Tandjile,L1TCD3013,2017,3.690006177,18.179184086,1.817905643,0.0
Chad,TD,Wadi Fira,L1TCD3016,1985,1.857142857,0.0,0.0,0.0
Chad,TD,Wadi Fira,L1TCD3016,1986,0.488153249,0.0,0.0,0.0
Chad,TD,Wadi Fira,L1TCD3016,1987,0.6985469639999999,0.0,0.3,0.0
Chad,TD,Wadi Fira,L1TCD3016,1988,1.1,0.0,0.0,0.0
Chad,TD,Wadi Fira,L1TCD3016,1989,0.638858843,0.0,0.0,0.0
Chad,TD,Wadi Fira,L1TCD3016,1990,0.55,0.0,0.0,0.0
Chad,TD,Wadi Fira,L1TCD3016,1991,0.47944444399999997,0.0,0.0,0.0
Chad,TD,Wadi Fira,L1TCD3016,1992,1.0,0.0,0.6,0.0
Chad,TD,Wadi Fira,L1TCD3016,1993,0.51,0.0,0.134782609,0.0
Chad,TD,Wadi Fira,L1TCD3016,1994,0.7519511720000001,0.0,1.258478564,0.0
Chad,TD,Wadi Fira,L1TCD3016,1995,0.246006508,0.0,0.0,0.0
Chad,TD,Wadi Fira,L1TCD3016,1998,0.35,0.0,1.5751261429999999,0.0
Chad,TD,Wadi Fira,L1TCD3016,2000,0.294026558,0.0,0.17164216,0.0
Chad,TD,Wadi Fira,L1TCD3016,2001,0.625,0.0,0.9500000000000001,0.0
Chad,TD,Wadi Fira,L1TCD3016,2002,0.918000734,0.0,0.7836883,0.0
Chad,TD,Wadi Fira,L1TCD3016,2003,0.9144080269999999,0.0,1.1,0.0
Chad,TD,Wadi Fira,L1TCD3016,2004,0.55,0.0,0.6,0.0
Chad,TD,Wadi Fira,L1TCD3016,2005,0.38,0.0,1.29,0.0
Chad,TD,Wadi Fira,L1TCD3016,2006,0.716,0.0,0.4,0.0
Chad,TD,Wadi Fira,L1TCD3016,2007,0.825339657,0.0,0.0,0.0
Chad,TD,Wadi Fira,L1TCD3016,2008,0.7869999999999999,0.0,1.16,0.0
Chad,TD,Wadi Fira,L1TCD3016,2009,0.53914869,0.0,0.799332561,0.0
Chad,TD,Wadi Fira,L1TCD3016,2010,1.202966113,0.0,1.5,0.0
Chad,TD,Wadi Fira,L1TCD3016,2011,0.5832146069999999,0.0,0.467425699,0.0
Chad,TD,Wadi Fira,L1TCD3016,2012,0.9915911129999999,0.0,0.6336709819999999,0.0
Chad,TD,Wadi Fira,L1TCD3016,2013,0.88,0.0,0.966,0.0
Chad,TD,Wadi Fira,L1TCD3016,2014,1.258412242,0.0,2.2221128329999997,0.0
Chad,TD,Wadi Fira,L1TCD3016,2015,0.838,0.0,2.2781656640000003,0.0
Chad,TD,Wadi Fira,L1TCD3016,2016,1.50801967,0.0,1.283398797,0.0
Chad,TD,Wadi Fira,L1TCD3016,2017,1.1800000000000002,0.0,1.456,0.0
Côte dIvoire,CIV,Bas-Sassandra,L1CIV0527,2007,0.858874939,3.784407105,0.742144226,1.00535617
Côte dIvoire,CIV,Comoé,L1CIV0528,2007,0.938236267,5.262943115000001,0.89134668,0.9670689690000001
Côte dIvoire,CIV,Denguélé,L1CIV0529,2007,0.859999207,3.220691895,0.96413031,0.0
Côte dIvoire,CIV,Gôh-Djiboua,L1CIV0530,2007,0.896620605,3.3018754890000004,0.926909546,1.062489319
Côte dIvoire,CIV,Lacs,L1CIV0531,2007,0.761309998,3.535852661,0.646172241,1.026332856
Côte dIvoire,CIV,Lagunes,L1CIV0532,2007,0.905723022,3.20100354,0.806678162,1.012855957
Côte dIvoire,CIV,Montagnes,L1CIV0533,2007,0.813633728,3.8363707280000003,0.885524597,0.950490997
Côte dIvoire,CIV,Sassandra-Marahoué,L1CIV0534,2007,1.14587561,5.232227051,0.806697815,0.885920075
Côte dIvoire,CIV,Savanes,L1CIV0535,2007,0.784102234,2.6266138310000002,0.656368835,1.12494989
Côte dIvoire,CIV,Vallée du Bandama,L1CIV0536,2007,0.802865784,3.716772095,0.846926331,0.976702484
Côte dIvoire,CIV,Woroba,L1CIV0537,2007,1.150481079,4.377666382,1.260357788,1.188332581
Côte dIvoire,CIV,Zanzan,L1CIV0539,2007,0.651027771,3.510777344,0.64350531,0.9394585259999999
DRC,CD,Bas-Uele,L1COD0550,2013,1.28114,10.60000002,0.0,0.0
DRC,CD,Bas-Uele,L1COD0550,2014,1.28114,10.60000009,0.0,0.0
DRC,CD,Bas-Uele,L1COD0550,2015,1.280114022,10.60000002,0.0,0.0
DRC,CD,Bas-Uele,L1COD0550,2016,1.847158801,10.60000011,0.0,0.0
DRC,CD,Equateur,L1COD0551,2013,2.420000122,10.60000009,0.0,0.0
DRC,CD,Equateur,L1COD0551,2014,2.4200000150000003,10.60000031,0.0,0.0
DRC,CD,Equateur,L1COD0551,2015,2.4200002510000003,10.60000013,0.0,0.0
DRC,CD,Equateur,L1COD0551,2016,1.982090684,10.60000764,0.0,0.0
DRC,CD,Haut-Katanga,L1COD0552,2013,129.140000004,10.6000002,0.0,0.0
DRC,CD,Haut-Katanga,L1COD0552,2014,2.420000099,10.60000013,0.0,0.0
DRC,CD,Haut-Katanga,L1COD0552,2015,1.141280034,10.60000027,0.0,0.0
DRC,CD,Haut-Katanga,L1COD0552,2016,0.388601374,10.60000022,0.0,0.0
DRC,CD,Haut-Lomami,L1COD0553,2013,2.4200026269999997,10.60000609,0.0,0.0
DRC,CD,Haut-Lomami,L1COD0553,2014,2.4200002620000003,10.60000115,0.0,0.0
DRC,CD,Haut-Lomami,L1COD0553,2015,2.4200003260000003,10.60000062,0.0,0.0
DRC,CD,Haut-Lomami,L1COD0553,2016,2.420000049,10.60000024,0.0,0.0
DRC,CD,Haut-Uele,L1COD0554,2013,2.420009175,10.60000286,0.0,0.0
DRC,CD,Haut-Uele,L1COD0554,2014,2.420000122,10.6000007,0.0,0.0
DRC,CD,Haut-Uele,L1COD0554,2015,2.420000002,10.60000055,0.0,0.0
DRC,CD,Haut-Uele,L1COD0554,2016,2.0274684240000003,10.6000002,0.0,0.0
DRC,CD,Kasai,L1COD0556,2013,2.420000064,10.60000013,0.0,0.0
DRC,CD,Kasai,L1COD0556,2014,2.420000164,10.60000032,0.0,0.0
DRC,CD,Kasai,L1COD0556,2015,2.420000175,10.60000052,0.0,0.0
DRC,CD,Kasai,L1COD0556,2016,1.619197245,10.60000055,0.0,0.0
DRC,CD,Kasai-Central,L1COD0557,2013,2.420000392,10.60000009,0.0,0.0
DRC,CD,Kasai-Central,L1COD0557,2014,2.420000081,10.60000026,0.0,0.0
DRC,CD,Kasai-Central,L1COD0557,2015,2.420000177,10.60000032,0.0,0.0
DRC,CD,Kasai-Central,L1COD0557,2016,2.42000006,10.6,0.0,0.0
DRC,CD,Kongo-Central,L1COD0560,2013,2.420000147,10.6000003,0.0,0.0
DRC,CD,Kongo-Central,L1COD0560,2014,2.4200001679999996,10.60000001,0.0,0.0
DRC,CD,Kongo-Central,L1COD0560,2015,2.4200000580000003,10.60000003,0.0,0.0
DRC,CD,Kongo-Central,L1COD0560,2016,2.4200002879999998,10.60000024,0.0,0.0
DRC,CD,Kwango,L1COD0561,2013,2.4200001650000003,10.60000005,0.0,0.0
DRC,CD,Kwango,L1COD0561,2014,2.420000094,10.60000009,0.0,0.0
DRC,CD,Kwango,L1COD0561,2015,2.420000049,10.60000005,0.0,0.0
DRC,CD,Kwango,L1COD0561,2016,2.0144649020000003,10.60000001,0.0,0.0
DRC,CD,Kwilu,L1COD0562,2013,2.420003399,10.60000443,0.0,0.0
DRC,CD,Kwilu,L1COD0562,2014,2.4200001880000004,10.60000043,0.0,0.0
DRC,CD,Kwilu,L1COD0562,2015,2.420000002,10.60000026,0.0,0.0
DRC,CD,Kwilu,L1COD0562,2016,2.420000074,10.60000032,0.0,0.0
DRC,CD,Lomami,L1COD0563,2013,2.420001934,10.60000533,0.0,0.0
DRC,CD,Lomami,L1COD0563,2014,2.420000331,10.60000183,0.0,0.0
DRC,CD,Lomami,L1COD0563,2015,2.4200002290000002,10.60000014,0.0,0.0
DRC,CD,Lomami,L1COD0563,2016,1.934877411,10.60000051,0.0,0.0
DRC,CD,Lualaba,L1COD0564,2013,2.4200069309999996,10.60000293,0.0,0.0
DRC,CD,Lualaba,L1COD0564,2014,2.420000239,10.60000102,0.0,0.0
DRC,CD,Lualaba,L1COD0564,2015,2.420000323,10.60000591,0.0,0.0
DRC,CD,Lualaba,L1COD0564,2016,2.420000033,10.60000035,0.0,0.0
DRC,CD,Mai-Ndombe,L1COD0565,2013,2.420001092,10.60000318,0.0,0.0
DRC,CD,Mai-Ndombe,L1COD0565,2014,2.4200009849999997,10.60000185,0.0,0.0
DRC,CD,Mai-Ndombe,L1COD0565,2015,2.4200008349999997,10.60000234,0.0,0.0
DRC,CD,Mai-Ndombe,L1COD0565,2016,2.420000555,10.60000161,0.0,0.0
DRC,CD,Maniema,L1COD0566,2013,2.420000127,10.60000059,0.0,0.0
DRC,CD,Maniema,L1COD0566,2014,2.420000006,10.60000058,0.0,0.0
DRC,CD,Maniema,L1COD0566,2015,2.4200000299999997,10.60000021,0.0,0.0
DRC,CD,Maniema,L1COD0566,2016,1.977773414,10.60000054,0.0,0.0
DRC,CD,North Kivu,L1COD0568,2013,2.420000525,10.60000033,0.0,0.0
DRC,CD,North Kivu,L1COD0568,2014,2.420000131,10.60000069,0.0,0.0
DRC,CD,North Kivu,L1COD0568,2015,2.420000536,10.6000025,0.0,0.0
DRC,CD,North Kivu,L1COD0568,2016,2.4200001010000003,10.60000028,0.0,0.0
DRC,CD,North Ubangi,L1COD0569,2013,1.140000451,10.60000764,0.0,0.0
DRC,CD,North Ubangi,L1COD0569,2014,1.14000043,10.60000108,0.0,0.0
DRC,CD,North Ubangi,L1COD0569,2015,1.140000021,10.60000087,0.0,0.0
DRC,CD,North Ubangi,L1COD0569,2016,0.722166792,10.60000086,0.0,0.0
DRC,CD,Sankuru,L1COD0570,2013,2.420009149,10.60000056,0.0,0.0
DRC,CD,Sankuru,L1COD0570,2014,2.420000602,10.60000976,0.0,0.0
DRC,CD,Sankuru,L1COD0570,2015,1.2811411449999999,10.60000086,0.0,0.0
DRC,CD,Sankuru,L1COD0570,2016,2.026046192,10.59999986,0.0,0.0
DRC,CD,South Kivu,L1COD0571,2013,1.280000184,10.60000032,0.0,0.0
DRC,CD,South Kivu,L1COD0571,2014,1.280000114,10.60000039,0.0,0.0
DRC,CD,South Kivu,L1COD0571,2015,1.280000023,10.60000019,0.0,0.0
DRC,CD,South Kivu,L1COD0571,2016,1.280000149,10.60000058,0.0,0.0
DRC,CD,South Ubangi,L1COD0572,2013,2.420000432,10.60000088,0.0,0.0
DRC,CD,South Ubangi,L1COD0572,2014,2.420000156,10.60000054,0.0,0.0
DRC,CD,South Ubangi,L1COD0572,2015,2.420000215,10.60000034,0.0,0.0
DRC,CD,South Ubangi,L1COD0572,2016,1.9720421689999998,10.60000009,0.0,0.0
DRC,CD,Tanganyika,L1COD0573,2013,2.4200030449999996,10.60000143,0.0,0.0
DRC,CD,Tanganyika,L1COD0573,2014,2.420094078,10.60000025,0.0,0.0
DRC,CD,Tanganyika,L1COD0573,2015,2.420006828,10.60000552,0.0,0.0
DRC,CD,Tanganyika,L1COD0573,2016,2.42000449,10.60000184,0.0,0.0
DRC,CD,Tshopo,L1COD0574,2013,2.42000624,10.60000394,0.0,0.0
DRC,CD,Tshopo,L1COD0574,2014,2.42000708,10.60000239,0.0,0.0
DRC,CD,Tshopo,L1COD0574,2015,2.420000951,10.60000037,0.0,0.0
DRC,CD,Tshopo,L1COD0574,2016,2.4200037830000003,10.60000029,0.0,0.0
Democratic Republic of the Congo,COD,Bas-Uele,L1COD0550,1994,1.4608841510000001,20.382576413,1.265337668,0.0
Democratic Republic of the Congo,COD,Bas-Uele,L1COD0550,1995,1.3379995,15.349063006999998,1.243944002,0.0
Democratic Republic of the Congo,COD,Bas-Uele,L1COD0550,1996,1.338001382,15.310613476,1.24096395,0.0
Democratic Republic of the Congo,COD,Haut-Lomami,L1COD0553,1994,1.718146637,14.937850416,0.862993765,0.0
Democratic Republic of the Congo,COD,Haut-Lomami,L1COD0553,1995,1.643001594,16.387007111,2.120515196,0.0
Democratic Republic of the Congo,COD,Haut-Lomami,L1COD0553,1996,1.643002442,16.396274495,2.037008408,0.0
Democratic Republic of the Congo,COD,Haut-Uele,L1COD0554,1994,1.4079531950000002,20.852729288,1.207177509,0.0
Democratic Republic of the Congo,COD,Haut-Uele,L1COD0554,1995,1.408010462,15.840998307000001,0.724000443,0.0
Democratic Republic of the Congo,COD,Haut-Uele,L1COD0554,1996,1.408002603,15.840088395999999,1.521465162,0.0
Democratic Republic of the Congo,COD,Kwango,L1COD0561,1994,1.387079167,19.409161401,1.145725395,0.0
Democratic Republic of the Congo,COD,Kwango,L1COD0561,1995,1.4030028730000002,22.919914882,1.1087523849999998,0.0
Democratic Republic of the Congo,COD,Kwango,L1COD0561,1996,1.517004779,23.062545805999996,1.138999828,0.0
Democratic Republic of the Congo,COD,Kwilu,L1COD0562,1994,3.663933006,20.071536482,1.100295196,0.0
Democratic Republic of the Congo,COD,Kwilu,L1COD0562,1995,1.4989997050000001,20.888148112000003,1.116998923,0.0
Democratic Republic of the Congo,COD,Kwilu,L1COD0562,1996,1.534000552,21.237676838,1.1390000820000001,0.0
Democratic Republic of the Congo,COD,Lualaba,L1COD0564,1994,1.498269633,10.414954439999999,0.9149423760000001,0.0
Democratic Republic of the Congo,COD,Lualaba,L1COD0564,1995,1.39201094,15.079977351,2.376786212,0.0
Democratic Republic of the Congo,COD,Lualaba,L1COD0564,1996,1.392002173,15.955005287999999,1.591994513,0.0
Democratic Republic of the Congo,COD,Mai-Ndombe,L1COD0565,1994,1.786895813,21.892179601,1.2479270759999999,0.0
Democratic Republic of the Congo,COD,Mai-Ndombe,L1COD0565,1995,1.688991037,24.746930396,1.133006827,0.0
Democratic Republic of the Congo,COD,Mai-Ndombe,L1COD0565,1996,1.717986233,22.984386554999997,1.11499566,0.0
Democratic Republic of the Congo,COD,Maniema,L1COD0566,1994,1.460000306,20.060142087,1.181028124,0.0
Democratic Republic of the Congo,COD,Maniema,L1COD0566,1995,1.4599881570000002,25.877728719,1.7607581799999998,0.0
Democratic Republic of the Congo,COD,Maniema,L1COD0566,1996,1.459990128,26.10293918,1.634618761,0.0
Democratic Republic of the Congo,COD,Sankuru,L1COD0570,1994,1.501042151,19.256761422,1.092646837,0.0
Democratic Republic of the Congo,COD,Sankuru,L1COD0570,1995,1.29800136,12.150423773,1.068000156,0.0
Democratic Republic of the Congo,COD,Sankuru,L1COD0570,1996,1.4549985619999999,12.15242335,1.066000399,0.0
Democratic Republic of the Congo,COD,Tanganyika,L1COD0573,1994,2.087333413,32.662912597,1.030820998,0.0
Democratic Republic of the Congo,COD,Tanganyika,L1COD0573,1995,3.404999257,23.673983746999998,1.897219494,0.0
Democratic Republic of the Congo,COD,Tanganyika,L1COD0573,1996,3.382066558,23.663991445,2.11799223,0.0
Democratic Republic of the Congo,COD,Tshopo,L1COD0574,1994,1.3710236519999999,20.867819203,0.762026033,0.0
Democratic Republic of the Congo,COD,Tshopo,L1COD0574,1995,1.246933968,15.862034181000002,1.4599695000000001,0.0
Democratic Republic of the Congo,COD,Tshopo,L1COD0574,1996,1.246998986,15.834650189,1.467921398,0.0
Democratic Republic of the Congo,COD,Ituri,L1COD0555,1994,1.682121128,21.068948658,1.783101491,0.0
Democratic Republic of the Congo,COD,Ituri,L1COD0555,1995,1.686991331,17.680000488999998,1.1880225050000002,0.0
Democratic Republic of the Congo,COD,Ituri,L1COD0555,1996,1.682005296,17.679536026999997,1.187064498,0.0
Democratic Republic of the Congo,COD,Kasaï,L1COD0556,1994,1.427027595,21.452569269,1.176814757,0.0
Democratic Republic of the Congo,COD,Kasaï,L1COD0556,1995,1.581995736,28.796021379000003,1.4810037710000001,0.0
Democratic Republic of the Congo,COD,Kasaï,L1COD0556,1996,1.637002829,28.296030117,1.581996299,0.0
Democratic Republic of the Congo,COD,Kinshasa,L1COD0559,1994,2.370112815,9.252874713,1.080083841,0.0
Democratic Republic of the Congo,COD,Kinshasa,L1COD0559,1995,2.369995402,16.227098021,2.611010076,0.0
Democratic Republic of the Congo,COD,Kinshasa,L1COD0559,1996,2.320003105,15.88985503,3.225332332,0.0
Democratic Republic of the Congo,COD,Mongala,L1COD0567,1994,1.715012559,21.624917056,0.711086752,0.0
Democratic Republic of the Congo,COD,Mongala,L1COD0567,1995,1.7610012400000001,28.577989303000003,2.3589768070000003,0.0
Democratic Republic of the Congo,COD,Mongala,L1COD0567,1996,1.760997544,109.987912044,2.430213876,0.0
Democratic Republic of the Congo,COD,Nord-Kivu,L1COD0568,1994,1.357997643,19.832758322,1.671960748,0.0
Democratic Republic of the Congo,COD,Nord-Kivu,L1COD0568,1995,2.689004822,23.716416254,2.513928293,0.0
Democratic Republic of the Congo,COD,Nord-Kivu,L1COD0568,1996,2.6870973350000003,23.741350158,2.484998315,0.0
Democratic Republic of the Congo,COD,Nord-Ubangi,L1COD0569,1994,1.4560632679999999,13.374270775,0.755943264,0.0
Democratic Republic of the Congo,COD,Nord-Ubangi,L1COD0569,1995,1.484022134,27.982274568999998,2.510997606,0.0
Democratic Republic of the Congo,COD,Nord-Ubangi,L1COD0569,1996,1.48301666,28.391528059000002,2.505000112,0.0
Democratic Republic of the Congo,COD,Sud-Kivu,L1COD0571,1994,1.55799767,19.550748503,1.465003656,0.0
Democratic Republic of the Congo,COD,Sud-Kivu,L1COD0571,1995,1.7019678,19.749582459,2.300203562,0.0
Democratic Republic of the Congo,COD,Sud-Kivu,L1COD0571,1996,1.730177654,19.446379920000002,2.290173869,0.0
Democratic Republic of the Congo,COD,Sud-Ubangi,L1COD0572,1994,1.437659063,13.638146121000002,0.689021432,0.0
Democratic Republic of the Congo,COD,Sud-Ubangi,L1COD0572,1995,1.4779977249999998,28.385013651,2.042311438,0.0
Democratic Republic of the Congo,COD,Sud-Ubangi,L1COD0572,1996,1.477003839,28.065468747999997,2.671019168,0.0
Democratic Republic of the Congo,COD,Tshuapa,L1COD0575,1994,1.492100072,13.582498841,0.0,0.0
Democratic Republic of the Congo,COD,Tshuapa,L1COD0575,1995,1.503998171,21.130207867,1.6302661459999999,0.0
Democratic Republic of the Congo,COD,Tshuapa,L1COD0575,1996,1.4540056780000001,20.21801847,1.653880382,0.0
Democratic Republic of the Congo,COD,Équateur,L1COD0551,1994,1.410424974,12.694402586999999,0.50198939,0.0
Democratic Republic of the Congo,COD,Équateur,L1COD0551,1995,1.4459960600000001,27.244910530000002,0.872988052,0.0
Democratic Republic of the Congo,COD,Équateur,L1COD0551,1996,1.452978436,27.924349689,0.87298313,0.0
Egypt,EGY,Ad Daqahliyah,L1EGY0846,2001,29.692732184,29.70202165,2.380952381,48.09467108
Egypt,EGY,Al Buhayrah,L1EGY0848,2001,28.858038532,24.04205567,4.843071671,47.3822131
Egypt,EGY,Al Fayyum,L1EGY0849,2001,34.194030693,0.0,1.288298265,50.25806301
Egypt,EGY,Al Gharbiyah,L1EGY0850,2001,29.169606987,21.9047619,2.380952381,56.62616658
Egypt,EGY,Al Iskandariyah,L1EGY0851,2001,20.949965579,33.79809016,0.0,38.12169312
Egypt,EGY,Al Isma`iliyah,L1EGY0852,2001,23.139315441,0.0,3.300330033,39.83299481
Egypt,EGY,Al Jizah,L1EGY0853,2001,34.397993235,24.36323367,4.109713126,0.0
Egypt,EGY,Al Minufiyah,L1EGY0854,2001,20.552371243,22.59355142,3.522053983,54.07066052
Egypt,EGY,Al Minya,L1EGY0855,2001,25.327229352,15.92907597,4.907930777,75.83837744
Egypt,EGY,Al Qahirah,L1EGY0856,2001,20.152702555,0.0,0.0,0.0
Egypt,EGY,Al Qalyubiyah,L1EGY0857,2001,27.995669133,26.74562053,3.720426224,0.0
Egypt,EGY,Al Wadi al Jadid,L1EGY0859,2001,25.223766826000002,0.0,2.651515152,0.0
Egypt,EGY,As Suways,L1EGY0860,2001,21.891013014,0.0,2.047619048,64.16666667
Egypt,EGY,Ash Sharqiyah,L1EGY0861,2001,28.30907982,0.0,4.511652947,48.19771892
Egypt,EGY,Aswan,L1EGY0862,2001,17.319588147,0.0,4.7866004239999995,0.0
Egypt,EGY,Asyut,L1EGY0863,2001,25.010611658,0.0,5.928012685,49.75308642
Egypt,EGY,Bani Suwayf,L1EGY0864,2001,27.825969331,19.11153723,4.520492509,54.46470947
Egypt,EGY,Bur Sa`id,L1EGY0865,2001,16.366427444,0.0,0.0,37.0605834
Egypt,EGY,Dumyat,L1EGY0866,2001,24.222842559,27.65929753,0.0,48.64025799
Egypt,EGY,Janub Sina,L1EGY0867,2001,5.823748211,0.0,0.0,0.0
Egypt,EGY,Kafr ash Shaykh,L1EGY0868,2001,27.010633838,32.55332045,1.746031746,45.27209479
Egypt,EGY,Matrouh,L1EGY0869,2001,7.582957731,0.0,0.358999752,0.0
Egypt,EGY,Qina,L1EGY0870,2001,21.371550687000003,30.95238095,5.4372596,0.0
Egypt,EGY,Shamal Sina,L1EGY0871,2001,3.4552104700000004,0.0,0.0,0.0
Egypt,EGY,Suhaj,L1EGY0872,2001,24.59768742,21.42857143,6.083923983,59.52380952
Eritrea,ERI,Anseba,L1ERI0873,2002,0.227272728,0.0,0.0,0.0
Eritrea,ERI,Debub,L1ERI0874,2002,2.3363636359999997,0.0,0.0,0.0
Eritrea,ERI,Debubawi Keyih Bahri,L1ERI0875,2002,1.0,0.0,0.0,0.0
Eritrea,ERI,Gash Barka,L1ERI0876,2002,1.7999999999999998,0.0,0.0,0.0
Eritrea,ERI,Maekel,L1ERI0877,2002,1.322834646,0.0,0.0,0.0
Eritrea,ERI,Semenawi Keyih Bahri,L1ERI0878,2002,1.0,0.0,0.0,0.0
Ethiopia,ETH,Addis Abeba,L1ETH0917,1991,3.040229885,0.0,0.0,0.0
Ethiopia,ETH,Afar,L1ETH0918,1991,1.365849012,0.0,0.0,0.0
Ethiopia,ETH,Afar,L1ETH0918,2007,2.876671459,0.0,0.0,0.0
Ethiopia,ETH,Afar,L1ETH0918,2008,2.582563642,0.0,0.0,0.0
Ethiopia,ETH,Afar,L1ETH0918,2009,4.811912635,0.0,0.0,0.0
Ethiopia,ETH,Afar,L1ETH0918,2010,5.405315199,0.0,0.0,0.0
Ethiopia,ETH,Afar,L1ETH0918,2011,4.601913225,0.0,0.0,0.0
Ethiopia,ETH,Afar,L1ETH0918,2012,2.984220436,0.0,0.0,0.0
Ethiopia,ETH,Afar,L1ETH0918,2013,2.728846461,0.0,0.0,0.0
Ethiopia,ETH,Afar,L1ETH0918,2014,4.916790903,0.0,0.0,0.0
Ethiopia,ETH,Afar,L1ETH0918,2015,1.681071385,0.0,0.0,0.0
Ethiopia,ETH,Afar,L1ETH0918,2016,4.993796139,0.0,1.014197204,0.0
Ethiopia,ETH,Afar,L1ETH0918,2017,1.920978217,0.0,0.421748229,0.0
Ethiopia,ETH,Amhara,L1ETH0919,1991,6.314105165,0.0,0.0,0.0
Ethiopia,ETH,Amhara,L1ETH0919,2007,10.061876587,8.528001963,3.419170323,0.366165953
Ethiopia,ETH,Amhara,L1ETH0919,2008,10.100408386999998,9.295879321000001,3.784821639,0.352613509
Ethiopia,ETH,Amhara,L1ETH0919,2009,10.790412881000002,13.712820063999999,3.3919251509999997,0.366876488
Ethiopia,ETH,Amhara,L1ETH0919,2010,11.701413897,8.794786815,3.869399269,0.384716016
Ethiopia,ETH,Amhara,L1ETH0919,2011,14.67590082,12.151495764,4.132130651000001,0.374798953
Ethiopia,ETH,Amhara,L1ETH0919,2012,12.359248566,22.503084996,5.585020365,13.160853702
Ethiopia,ETH,Amhara,L1ETH0919,2013,16.374265442000002,8.198305583,5.648486257,39.491205487
Ethiopia,ETH,Amhara,L1ETH0919,2014,17.088264502,24.146115488,6.1496123659999995,45.94561111
Ethiopia,ETH,Amhara,L1ETH0919,2015,17.237235628,24.945511561,6.84987561,34.009677464000006
Ethiopia,ETH,Amhara,L1ETH0919,2016,18.309346023999996,13.770437012999999,6.53777877,34.264988705
Ethiopia,ETH,Amhara,L1ETH0919,2017,19.286889428,10.45480043,5.143145951,0.348719387
Ethiopia,ETH,Amhara,L1ETH0919,2018,20.385815552,15.19149815,9.798182259,0.0
Ethiopia,ETH,Benshangul-Gumaz,L1ETH0920,1991,4.039877938,0.0,0.0,0.0
Ethiopia,ETH,Benshangul-Gumaz,L1ETH0920,2007,10.389895099,18.783813510999998,4.243057312,10.603019047
Ethiopia,ETH,Benshangul-Gumaz,L1ETH0920,2008,11.296220759,12.302940462,4.6462052620000005,0.386007501
Ethiopia,ETH,Benshangul-Gumaz,L1ETH0920,2009,11.0063645,9.665794414,4.639623791,20.561814911
Ethiopia,ETH,Benshangul-Gumaz,L1ETH0920,2010,9.040427683,15.585798873999998,3.463694592,0.538356915
Ethiopia,ETH,Benshangul-Gumaz,L1ETH0920,2011,9.161141602,15.333877619999999,5.615709012,0.52379197
Ethiopia,ETH,Benshangul-Gumaz,L1ETH0920,2012,9.81641761,43.69363032,5.765065620000001,4.9233289970000005
Ethiopia,ETH,Benshangul-Gumaz,L1ETH0920,2013,10.659057463,43.93409604,5.589312764000001,0.262557283
Ethiopia,ETH,Benshangul-Gumaz,L1ETH0920,2014,9.523965324,59.132867561000005,6.311473863,0.356139743
Ethiopia,ETH,Benshangul-Gumaz,L1ETH0920,2015,11.98958945,52.9878553,5.875385669,14.589165908
Ethiopia,ETH,Benshangul-Gumaz,L1ETH0920,2016,10.526621756,64.52146903,6.297392497000001,0.388597451
Ethiopia,ETH,Benshangul-Gumaz,L1ETH0920,2017,13.979790065,28.214228050000003,5.591552833,0.0
Ethiopia,ETH,Benshangul-Gumaz,L1ETH0920,2018,13.105164129,0.0,6.136941857,0.0
Ethiopia,ETH,Dire Dawa,L1ETH0921,1991,1.9,0.0,0.0,0.0
Ethiopia,ETH,Dire Dawa,L1ETH0921,2007,3.2924778889999997,0.0,1.239309557,0.0
Ethiopia,ETH,Dire Dawa,L1ETH0921,2008,2.34223331,0.0,0.933547285,0.0
Ethiopia,ETH,Dire Dawa,L1ETH0921,2009,2.062040551,0.0,1.177324387,0.0
Ethiopia,ETH,Dire Dawa,L1ETH0921,2010,2.372,11.2071533,1.850677705,0.357993906
Ethiopia,ETH,Dire Dawa,L1ETH0921,2011,3.04796252,11.20695309,1.518517109,0.358011293
Ethiopia,ETH,Dire Dawa,L1ETH0921,2012,3.1251138579999997,0.0,1.298296628,0.174458509
Ethiopia,ETH,Dire Dawa,L1ETH0921,2013,3.687497853,0.0,1.544950786,0.200198238
Ethiopia,ETH,Dire Dawa,L1ETH0921,2014,3.332832736,0.0,1.850560393,0.264339051
Ethiopia,ETH,Dire Dawa,L1ETH0921,2015,2.60521207,0.0,0.929288061,0.09556756
Ethiopia,ETH,Dire Dawa,L1ETH0921,2016,3.994830524,0.0,1.78815237,0.09504157
Ethiopia,ETH,Dire Dawa,L1ETH0921,2017,2.9165791839999997,0.0,1.027303492,0.109542002
Ethiopia,ETH,Dire Dawa,L1ETH0921,2018,3.397215149,0.0,0.0,0.0
Ethiopia,ETH,Gambela Peoples,L1ETH0922,1991,1.376831502,0.0,0.0,0.0
Ethiopia,ETH,Gambela Peoples,L1ETH0922,2007,3.443568428,18.000577504,0.750128465,0.0
Ethiopia,ETH,Gambela Peoples,L1ETH0922,2008,4.453691959,17.999956684,2.368651771,0.0
Ethiopia,ETH,Gambela Peoples,L1ETH0922,2009,3.675380992,18.588925448,0.895965104,0.0
Ethiopia,ETH,Gambela Peoples,L1ETH0922,2010,3.4986599050000002,18.589672204,0.0,0.0
Ethiopia,ETH,Gambela Peoples,L1ETH0922,2011,3.7154034439999997,18.589105873,0.234326383,0.0
Ethiopia,ETH,Gambela Peoples,L1ETH0922,2012,3.7176748340000003,41.40485677,1.029508662,0.0
Ethiopia,ETH,Gambela Peoples,L1ETH0922,2013,3.9698247650000003,39.20042166,0.313164523,0.0
Ethiopia,ETH,Gambela Peoples,L1ETH0922,2014,3.120512003,0.0,0.0,0.0
Ethiopia,ETH,Gambela Peoples,L1ETH0922,2015,3.216688724,0.0,0.885714286,0.0
Ethiopia,ETH,Gambela Peoples,L1ETH0922,2016,5.976214928000001,8.000257732,0.78486782,0.0
Ethiopia,ETH,Gambela Peoples,L1ETH0922,2017,3.986407047,0.0,0.823891343,0.0
Ethiopia,ETH,Harari People,L1ETH0923,1991,2.680970149,0.0,0.0,0.0
Ethiopia,ETH,Harari People,L1ETH0923,2007,4.53983134,0.0,1.322359107,0.0
Ethiopia,ETH,Harari People,L1ETH0923,2008,5.88544399,0.0,1.316731687,0.0
Ethiopia,ETH,Harari People,L1ETH0923,2009,6.096136959,0.0,1.7188022410000001,0.0
Ethiopia,ETH,Harari People,L1ETH0923,2010,5.469885647,8.443021595,1.871250351,0.459981278
Ethiopia,ETH,Harari People,L1ETH0923,2011,6.172863036,8.443119645,2.305861722,0.0
Ethiopia,ETH,Harari People,L1ETH0923,2012,3.147405235,0.869235624,2.04649995,0.276014188
Ethiopia,ETH,Harari People,L1ETH0923,2013,3.15616647,6.505883113,2.638123737,0.0
Ethiopia,ETH,Harari People,L1ETH0923,2014,4.193131683000001,0.0,1.007520997,0.0
Ethiopia,ETH,Harari People,L1ETH0923,2015,3.234155982,0.0,0.845013417,0.0
Ethiopia,ETH,Harari People,L1ETH0923,2016,4.044929946,20.01998965,1.096007141,0.285840708
Ethiopia,ETH,Harari People,L1ETH0923,2017,5.276631478,18.05781731,0.700169657,0.0
Ethiopia,ETH,Harari People,L1ETH0923,2018,5.898162912999999,18.23599942,0.852722534,0.0
Ethiopia,ETH,Oromia,L1ETH0924,1991,6.886358113,0.0,0.0,0.0
Ethiopia,ETH,Oromia,L1ETH0924,2007,10.735401218,20.653748475,5.641267794999999,31.241225173
Ethiopia,ETH,Oromia,L1ETH0924,2008,10.948399638,20.998529909000002,5.577937954,30.496094045000003
Ethiopia,ETH,Oromia,L1ETH0924,2009,12.785527080999998,21.38275788,6.094603742,31.469163797
Ethiopia,ETH,Oromia,L1ETH0924,2010,12.041831497999999,21.317116890999998,7.1374732430000005,35.60409693
Ethiopia,ETH,Oromia,L1ETH0924,2011,14.460672123,16.835250128000002,6.320088438999999,34.375669796000004
Ethiopia,ETH,Oromia,L1ETH0924,2012,16.828895191,62.465611683,7.977197049,18.496405547
Ethiopia,ETH,Oromia,L1ETH0924,2013,18.389872898,69.554491415,9.040177742000001,42.203901630999994
Ethiopia,ETH,Oromia,L1ETH0924,2014,18.492630811,95.785847029,9.417892294000001,43.695097880999995
Ethiopia,ETH,Oromia,L1ETH0924,2015,15.507633409999999,69.281869325,9.425479503999998,42.268268203
Ethiopia,ETH,Oromia,L1ETH0924,2016,19.440287960000003,84.65153383,7.734586158,42.84786242
Ethiopia,ETH,Oromia,L1ETH0924,2017,17.586776284,83.40306806,7.9851929429999995,46.667308026
Ethiopia,ETH,Oromia,L1ETH0924,2018,19.451406631999998,95.65552840000001,10.552843987,0.0
Ethiopia,ETH,Somali,L1ETH0925,1991,0.554749269,0.0,0.0,0.0
Ethiopia,ETH,Somali,L1ETH0925,2007,2.668381974,0.0,0.44389111,0.0
Ethiopia,ETH,Somali,L1ETH0925,2008,4.353305395,0.0,0.136846405,0.0
Ethiopia,ETH,Somali,L1ETH0925,2009,5.092988826,0.0,0.0,0.0
Ethiopia,ETH,Somali,L1ETH0925,2010,4.914721686,0.0,0.0,0.0
Ethiopia,ETH,Somali,L1ETH0925,2011,5.410727923,7.125064935,0.0,0.0
Ethiopia,ETH,Somali,L1ETH0925,2012,9.552023555000002,0.0,1.465721264,0.0
Ethiopia,ETH,Somali,L1ETH0925,2013,5.420926831,0.0,0.595177651,0.0
Ethiopia,ETH,Somali,L1ETH0925,2014,5.733519833,0.0,0.0,0.0
Ethiopia,ETH,Somali,L1ETH0925,2015,4.782589071,0.0,0.796601288,0.0
Ethiopia,ETH,Somali,L1ETH0925,2016,3.932036259,0.0,1.168753321,0.0
Ethiopia,ETH,Somali,L1ETH0925,2017,4.376583071,0.0,0.0,0.0
Ethiopia,ETH,"Southern Nations, Nationalities",L1ETH0926,1991,7.110075364,0.0,0.0,0.0
Ethiopia,ETH,"Southern Nations, Nationalities",L1ETH0926,2007,7.603556006,25.694696754,2.343883028,38.711801466
Ethiopia,ETH,"Southern Nations, Nationalities",L1ETH0926,2008,8.766943811,25.330703734000004,3.0849901859999997,37.599024418
Ethiopia,ETH,"Southern Nations, Nationalities",L1ETH0926,2009,10.506170418,26.038560736999997,2.8455174850000002,43.265097655
Ethiopia,ETH,"Southern Nations, Nationalities",L1ETH0926,2010,10.717794678,27.659349783,2.617554415,52.748828231
Ethiopia,ETH,"Southern Nations, Nationalities",L1ETH0926,2011,10.544138547,33.94435325,2.575650022,50.783812722
Ethiopia,ETH,"Southern Nations, Nationalities",L1ETH0926,2012,10.233801309,63.44388341,3.160477815,29.440340419
Ethiopia,ETH,"Southern Nations, Nationalities",L1ETH0926,2013,10.537164197000001,71.936572457,3.173166012,54.840177805
Ethiopia,ETH,"Southern Nations, Nationalities",L1ETH0926,2014,12.249721912999998,73.691177077,6.6113916459999995,58.344401049
Ethiopia,ETH,"Southern Nations, Nationalities",L1ETH0926,2015,10.22823452,72.904063328,6.227680492,53.723714867
Ethiopia,ETH,"Southern Nations, Nationalities",L1ETH0926,2016,12.141860218,69.357574227,6.454205977999999,52.508288337
Ethiopia,ETH,"Southern Nations, Nationalities",L1ETH0926,2017,13.064464587,67.002671445,3.4219556339999997,52.041673455
Ethiopia,ETH,"Southern Nations, Nationalities",L1ETH0926,2018,17.331078342,66.75339493,7.761870364,0.0
Ethiopia,ETH,Tigray,L1ETH0927,1991,3.936827108,0.0,0.0,0.0
Ethiopia,ETH,Tigray,L1ETH0927,2007,8.419601352,8.274593247,3.847238789,0.0
Ethiopia,ETH,Tigray,L1ETH0927,2008,9.749313906000001,8.376153124,4.738004298,0.0
Ethiopia,ETH,Tigray,L1ETH0927,2009,8.295772499,8.59787994,3.7837199329999995,0.0
Ethiopia,ETH,Tigray,L1ETH0927,2010,9.049016393999999,0.0,4.053145186,0.0
Ethiopia,ETH,Tigray,L1ETH0927,2011,11.079615679,8.137985892,4.458238351,0.0
Ethiopia,ETH,Tigray,L1ETH0927,2012,11.292800158,0.0,3.9602769120000003,0.0
Ethiopia,ETH,Tigray,L1ETH0927,2013,11.501558118999998,0.0,3.811540173,0.0
Ethiopia,ETH,Tigray,L1ETH0927,2014,12.463609388,0.0,4.132984443,0.0
Ethiopia,ETH,Tigray,L1ETH0927,2015,13.165743358,0.0,3.573589089,0.0
Ethiopia,ETH,Tigray,L1ETH0927,2016,12.761029353000001,8.098034457,4.479780536,0.0
Ethiopia,ETH,Tigray,L1ETH0927,2017,17.876399328,7.844802144,4.6329752,0.0
Ethiopia,ETH,Tigray,L1ETH0927,2018,13.903568918,7.925088134,4.760492135,0.0
Gambia,GMB,Lower River,L1GMB1026,1994,3.421701113,0.0,1.057142857,0.0
Gambia,GMB,Lower River,L1GMB1026,1998,4.005798519,0.0,0.36918564,0.0
Gambia,GMB,Lower River,L1GMB1026,2000,4.531022409,0.0,1.048780488,0.0
Gambia,GMB,Maccarthy Island,L1GMB1027,1994,4.699293695,0.0,1.041420118,0.0
Gambia,GMB,Maccarthy Island,L1GMB1027,1998,4.017966281,0.0,1.512772971,0.0
Gambia,GMB,Maccarthy Island,L1GMB1027,2000,7.864141676,0.0,1.405612245,0.0
Gambia,GMB,North Bank,L1GMB1028,1994,5.571737899,0.0,1.009646302,0.0
Gambia,GMB,North Bank,L1GMB1028,1998,4.0349000319999995,0.0,2.048331015,0.0
Gambia,GMB,North Bank,L1GMB1028,2000,4.514447194000001,0.0,10.26086957,0.0
Gambia,GMB,Upper River,L1GMB1029,1994,5.492296866,0.0,1.285714286,0.0
Gambia,GMB,Upper River,L1GMB1029,1998,4.503051142,0.0,1.05538483,0.0
Gambia,GMB,Upper River,L1GMB1029,2000,4.916395852,0.0,1.183673469,0.0
Gambia,GMB,Western,L1GMB1030,1994,3.17804878,0.0,0.65625,0.0
Gambia,GMB,Western,L1GMB1030,1998,3.201804713,0.0,0.8855686,0.0
Gambia,GMB,Western,L1GMB1030,2000,4.788325533,0.0,0.97,0.0
Ghana,GHA,Central,L1GHA1003,1997,2.4171835890000004,20.983125559,0.0,0.0
Ghana,GHA,Central,L1GHA1003,1998,1.0599022,18.482718297,0.0,0.0
Ghana,GHA,Central,L1GHA1003,1999,1.106620307,23.655600843000002,0.0,0.0
Ghana,GHA,Central,L1GHA1003,2000,1.320022472,27.157395084999997,0.0,0.0
Ghana,GHA,Central,L1GHA1003,2001,3.63003663,27.478947368,0.0,0.0
Ghana,GHA,Western,L1GHA1013,1997,2.691666468,21.987138448,0.0,0.0
Ghana,GHA,Western,L1GHA1013,1998,2.468232446,21.495066858,0.0,0.0
Ghana,GHA,Western,L1GHA1013,1999,2.778796432,22.834875487999998,0.0,0.0
Ghana,GHA,Western,L1GHA1013,2000,2.69109738,21.87932275,0.0,0.0
Ghana,GHA,Western,L1GHA1013,2001,2.638888889,22.226327034999997,0.0,0.0
Ghana,GHA,Ahafo,L1GHA0999,1997,3.196626781,36.47838666,0.0,0.0
Ghana,GHA,Ahafo,L1GHA0999,1998,2.765950755,33.054209065,0.0,0.0
Ghana,GHA,Ahafo,L1GHA0999,1999,2.364101307,35.46823954,0.0,0.0
Ghana,GHA,Ahafo,L1GHA0999,2000,2.360638767,35.607482338,0.0,0.0
Ghana,GHA,Ahafo,L1GHA0999,2001,2.296969697,21.210911898,0.0,0.0
Ghana,GHA,Ashanti,L1GHA1000,1997,3.06054863,32.103103970999996,0.0,0.0
Ghana,GHA,Ashanti,L1GHA1000,1998,3.2720954549999997,32.568973310000004,0.0,0.0
Ghana,GHA,Ashanti,L1GHA1000,1999,3.794912291,28.675765751,0.0,0.0
Ghana,GHA,Ashanti,L1GHA1000,2000,3.940326677,29.509055748999998,0.0,0.0
Ghana,GHA,Ashanti,L1GHA1000,2001,3.261904762,29.363429094,0.0,0.0
Ghana,GHA,Eastern,L1GHA1004,1997,3.6500647500000003,36.513012264,0.0,0.0
Ghana,GHA,Eastern,L1GHA1004,1998,3.8567421260000003,38.429324512,0.0,0.0
Ghana,GHA,Eastern,L1GHA1004,1999,4.163229447,38.682292118999996,0.0,0.0
Ghana,GHA,Eastern,L1GHA1004,2000,3.635067568,35.430643011,0.0,0.0
Ghana,GHA,Eastern,L1GHA1004,2001,3.2811850309999997,34.835321529,0.0,0.0
Ghana,GHA,Greater Accra,L1GHA1005,1997,8.972534936,7.30830301,0.0,0.0
Ghana,GHA,Greater Accra,L1GHA1005,1998,6.248177836,6.0,0.0,0.0
Ghana,GHA,Greater Accra,L1GHA1005,1999,5.37786031,5.969726467,0.0,0.0
Ghana,GHA,Greater Accra,L1GHA1005,2000,5.386714286,5.899972189,0.0,0.0
Ghana,GHA,Greater Accra,L1GHA1005,2001,10.208333333,6.363636364,0.0,0.0
Ghana,GHA,Northern,L1GHA1007,1997,3.568,17.3,1.7000000000000002,0.0
Ghana,GHA,Northern,L1GHA1007,1998,4.671758694,16.490872211,1.818627451,0.0
Ghana,GHA,Northern,L1GHA1007,1999,4.854954849,17.674226384,1.764690909,0.0
Ghana,GHA,Northern,L1GHA1007,2000,4.7459595960000005,16.5,1.456666667,0.0
Ghana,GHA,Northern,L1GHA1007,2001,3.686371634,16.217582417,1.391791045,0.0
Ghana,GHA,Upper East,L1GHA1010,1997,3.697628138,0.0,0.8,0.0
Ghana,GHA,Upper East,L1GHA1010,1998,5.433752481,0.0,1.062627677,0.0
Ghana,GHA,Upper East,L1GHA1010,1999,3.9821642219999998,0.0,0.807165862,0.0
Ghana,GHA,Upper East,L1GHA1010,2000,5.700501129,0.0,0.913996674,0.0
Ghana,GHA,Upper East,L1GHA1010,2001,5.2930555550000005,0.0,1.0,0.0
Ghana,GHA,Upper West,L1GHA1011,1997,4.342985767,9.804957746,1.643148993,0.0
Ghana,GHA,Upper West,L1GHA1011,1998,4.425588501,8.51658106,1.878453088,0.0
Ghana,GHA,Upper West,L1GHA1011,1999,4.202468523,11.72210087,2.263315264,0.0
Ghana,GHA,Upper West,L1GHA1011,2000,5.695763422,11.6283053,2.0003873800000003,0.0
Ghana,GHA,Upper West,L1GHA1011,2001,5.3769798049999995,11.79166667,2.028664731,0.0
Ghana,GHA,Volta,L1GHA1012,2001,5.949910555,29.91136364,0.0,0.0
Guinea,GIN,Boké,L1GIN1015,2010,2.4341864089999996,6.471830091,0.85,0.0
Guinea,GIN,Boké,L1GIN1015,2011,2.838918209,6.51331006,0.8,0.0
Guinea,GIN,Boké,L1GIN1015,2012,2.7086587169999996,6.513342815,0.800193222,0.0
Guinea,GIN,Boké,L1GIN1015,2013,3.3236437600000004,6.51333261,0.727943882,0.0
Guinea,GIN,Boké,L1GIN1015,2014,3.6796246649999995,6.84,0.8,0.0
Guinea,GIN,Boké,L1GIN1015,2015,2.838926404,6.563120706,0.8,0.0
Guinea,GIN,Boké,L1GIN1015,2016,2.8848016430000003,6.596291557,0.9,0.0
Guinea,GIN,Boké,L1GIN1015,2017,3.231152313,6.915290221,0.96485503,0.0
Guinea,GIN,Conakry,L1GIN1016,2010,0.0,0.0,0.0,0.0
Guinea,GIN,Conakry,L1GIN1016,2011,0.0,0.0,0.0,0.0
Guinea,GIN,Conakry,L1GIN1016,2012,0.0,0.0,0.0,0.0
Guinea,GIN,Conakry,L1GIN1016,2013,0.0,0.0,0.0,0.0
Guinea,GIN,Conakry,L1GIN1016,2014,0.0,0.0,0.0,0.0
Guinea,GIN,Conakry,L1GIN1016,2015,0.0,0.0,0.0,0.0
Guinea,GIN,Conakry,L1GIN1016,2016,0.0,0.0,0.0,0.0
Guinea,GIN,Conakry,L1GIN1016,2017,0.0,0.0,0.0,0.0
Guinea,GIN,Faranah,L1GIN1017,2010,3.001520801,3.58727888,0.85,0.0
Guinea,GIN,Faranah,L1GIN1017,2011,3.024040904,3.610270864,0.8,0.0
Guinea,GIN,Faranah,L1GIN1017,2012,3.287322101,3.61028902,0.75591113,0.0
Guinea,GIN,Faranah,L1GIN1017,2013,3.311075482,3.610283364,0.649505147,0.0
Guinea,GIN,Faranah,L1GIN1017,2014,3.2312660870000003,8.2,0.8,0.0
Guinea,GIN,Faranah,L1GIN1017,2015,3.2682971849999998,3.63788047,0.7,0.0
Guinea,GIN,Faranah,L1GIN1017,2016,3.2858870180000004,3.656266783,0.75,0.0
Guinea,GIN,Faranah,L1GIN1017,2017,3.286137303,8.29369292,0.962493651,0.0
Guinea,GIN,Kankan,L1GIN1018,2010,3.000580775,8.810664107,0.67,0.0
Guinea,GIN,Kankan,L1GIN1018,2011,4.964708803,8.867134389,0.67,0.0
Guinea,GIN,Kankan,L1GIN1018,2012,3.1694272719999996,8.867178982,0.603115574,0.0
Guinea,GIN,Kankan,L1GIN1018,2013,5.003712177000001,8.867165089,0.740373149,0.0
Guinea,GIN,Kankan,L1GIN1018,2014,3.250010134,7.95,0.8,0.0
Guinea,GIN,Kankan,L1GIN1018,2015,3.269838503,8.934945946,0.8,0.0
Guinea,GIN,Kankan,L1GIN1018,2016,3.3717939880000003,8.980104305,0.68332635,0.0
Guinea,GIN,Kankan,L1GIN1018,2017,3.04996219,8.037520635,0.964868538,0.0
Guinea,GIN,Kindia,L1GIN1019,1998,3.223812741,5.238933967,0.924478644,0.0
Guinea,GIN,Kindia,L1GIN1019,2010,4.765782595,7.498535723,0.74,0.0
Guinea,GIN,Kindia,L1GIN1019,2011,4.906812748,7.546596167,0.78,0.0
Guinea,GIN,Kindia,L1GIN1019,2012,2.614321915,7.546634119,0.8,0.0
Guinea,GIN,Kindia,L1GIN1019,2013,4.9418194799999995,7.546622295,0.78,0.0
Guinea,GIN,Kindia,L1GIN1019,2014,3.149994749,6.76,0.78,0.0
Guinea,GIN,Kindia,L1GIN1019,2015,2.702581967,7.604308886,0.810956578,0.0
Guinea,GIN,Kindia,L1GIN1019,2016,3.2381384760000005,7.642742035,0.9,0.0
Guinea,GIN,Kindia,L1GIN1019,2017,3.391623543,6.840556965,0.9,0.0
Guinea,GIN,Labé,L1GIN1020,2010,3.3728692519999997,7.667957716,0.75,0.0
Guinea,GIN,Labé,L1GIN1020,2011,3.700590993,7.717104037,0.722802811,0.0
Guinea,GIN,Labé,L1GIN1020,2012,3.5465620710000003,7.717142847,0.8,0.0
Guinea,GIN,Labé,L1GIN1020,2013,3.571613975,7.717130756,0.75,0.0
Guinea,GIN,Labé,L1GIN1020,2014,3.569652218,8.23,0.75,0.0
Guinea,GIN,Labé,L1GIN1020,2015,3.43971745,7.776120718,0.8,0.0
Guinea,GIN,Labé,L1GIN1020,2016,3.547425275,7.815422227,0.85,0.0
Guinea,GIN,Labé,L1GIN1020,2017,3.569002747,8.328052962,0.904569398,0.0
Guinea,GIN,Mamou,L1GIN1021,2010,4.942135234,7.760747651,0.78430006,0.0
Guinea,GIN,Mamou,L1GIN1021,2011,5.092623736,7.810488692,0.706998976,0.0
Guinea,GIN,Mamou,L1GIN1021,2012,5.113365843,7.810527971,0.8256209,0.0
Guinea,GIN,Mamou,L1GIN1021,2013,5.129001742,7.810515734,0.894884055,0.0
Guinea,GIN,Mamou,L1GIN1021,2014,3.3799981979999996,7.8,0.78,0.0
Guinea,GIN,Mamou,L1GIN1021,2015,3.372583398,7.870219533,0.952946974,0.0
Guinea,GIN,Mamou,L1GIN1021,2016,3.4789955709999996,7.909996629,0.888607961,0.0
Guinea,GIN,Mamou,L1GIN1021,2017,3.538253823,7.892041493,0.940755632,0.0
Guinea,GIN,Nzérékoré,L1GIN1022,1998,3.43575487,8.815075198,0.93938401,0.0
Guinea,GIN,Nzérékoré,L1GIN1022,2010,2.736452976,10.13267023,0.0,0.0
Guinea,GIN,Nzérékoré,L1GIN1022,2011,4.627466447,10.19761366,0.754164504,0.0
Guinea,GIN,Nzérékoré,L1GIN1022,2012,2.890568185,10.19766495,0.754164504,0.0
Guinea,GIN,Nzérékoré,L1GIN1022,2013,4.662980107000001,10.19764897,0.82818829,0.0
Guinea,GIN,Nzérékoré,L1GIN1022,2014,2.6600181249999997,9.14,0.75,0.0
Guinea,GIN,Nzérékoré,L1GIN1022,2015,2.9861480410000003,10.27560008,0.80444148,0.0
Guinea,GIN,Nzérékoré,L1GIN1022,2016,3.077061863,10.32753428,0.854463887,0.0
Guinea,GIN,Nzérékoré,L1GIN1022,2017,3.5085558999999997,9.243526458,0.904575434,0.0
Guinea-Bissau,GNB,Bafatá,L1GNB1031,1995,5.602714424,12.4,1.137955347,0.0
Guinea-Bissau,GNB,Biombo,L1GNB1032,1995,4.4933318060000005,5.989130435,0.832980973,0.0
Guinea-Bissau,GNB,Bissau,L1GNB1033,1995,2.110191083,0.0,0.0,0.0
Guinea-Bissau,GNB,Bolama,L1GNB1034,1995,2.651357742,0.0,0.841849148,0.0
Guinea-Bissau,GNB,Cacheu,L1GNB1035,1995,4.778311069,11.14821124,0.808858739,0.0
Guinea-Bissau,GNB,Gabú,L1GNB1036,1995,5.642169707000001,0.0,1.355955679,0.654977832
Guinea-Bissau,GNB,Oio,L1GNB1037,1995,5.340389472,0.0,0.890930414,0.0
Guinea-Bissau,GNB,Quinara,L1GNB1038,1995,3.985375817,0.0,0.856161246,0.0
Guinea-Bissau,GNB,Tombali,L1GNB1039,1995,3.935956716,0.0,1.156908665,0.0
Kenya,KE,Baringo,L1KEN1494,1982,4.714798164,0.0,0.630063966,0.0
Kenya,KE,Baringo,L1KEN1494,1983,7.285326531,0.0,1.115653695,0.0
Kenya,KE,Baringo,L1KEN1494,1984,4.0483957219999995,0.0,0.9,0.0
Kenya,KE,Baringo,L1KEN1494,1985,5.471131049,0.0,0.540111421,0.0
Kenya,KE,Baringo,L1KEN1494,1986,4.951904769,0.0,0.899951036,0.0
Kenya,KE,Baringo,L1KEN1494,1987,2.3394603270000003,0.0,0.450064516,0.0
Kenya,KE,Baringo,L1KEN1494,1988,4.947202797,0.0,0.450064516,0.0
Kenya,KE,Baringo,L1KEN1494,1989,5.259766003,0.0,0.720056606,0.0
Kenya,KE,Baringo,L1KEN1494,1990,3.070095469,0.0,0.410016978,0.0
Kenya,KE,Baringo,L1KEN1494,1991,3.1500000000000004,0.0,0.6,0.0
Kenya,KE,Baringo,L1KEN1494,1992,4.049965389,0.0,0.54,0.0
Kenya,KE,Baringo,L1KEN1494,1993,2.25,0.0,0.395997948,0.0
Kenya,KE,Baringo,L1KEN1494,1994,4.5,0.0,0.63,0.0
Kenya,KE,Baringo,L1KEN1494,1995,4.41,0.0,0.318571253,0.0
Kenya,KE,Baringo,L1KEN1494,1996,3.85,0.0,0.471406862,0.0
Kenya,KE,Baringo,L1KEN1494,1997,3.179974135,0.0,0.347172413,0.0
Kenya,KE,Baringo,L1KEN1494,1998,4.02930018,0.0,0.737739556,0.0
Kenya,KE,Baringo,L1KEN1494,1999,1.000945946,0.0,0.408688525,0.0
Kenya,KE,Baringo,L1KEN1494,2000,0.458823529,0.0,0.373333333,0.0
Kenya,KE,Baringo,L1KEN1494,2001,4.782669231,0.0,0.292248761,0.0
Kenya,KE,Baringo,L1KEN1494,2002,1.405292621,0.0,0.311954623,0.0
Kenya,KE,Baringo,L1KEN1494,2003,1.453589768,0.0,0.72050405,0.0
Kenya,KE,Baringo,L1KEN1494,2004,1.330471745,0.0,0.133526396,0.0
Kenya,KE,Baringo,L1KEN1494,2005,6.48,0.0,0.714291613,0.0
Kenya,KE,Baringo,L1KEN1494,2006,5.2502189779999995,0.0,0.759450945,0.0
Kenya,KE,Baringo,L1KEN1494,2007,6.2,0.0,1.242201835,0.0
Kenya,KE,Baringo,L1KEN1494,2008,2.250902172,0.0,0.0,0.0
Kenya,KE,Baringo,L1KEN1494,2009,1.214314201,0.0,0.0,0.0
Kenya,KE,Baringo,L1KEN1494,2010,2.360179598,16.11501597,0.341195662,0.0
Kenya,KE,Baringo,L1KEN1494,2011,1.758660151,19.96680984,0.470882115,0.0
Kenya,KE,Baringo,L1KEN1494,2012,7.3981218570000005,21.894054439,1.2149999999999999,0.0
Kenya,KE,Baringo,L1KEN1494,2013,8.357444443999999,30.052715929999998,1.746,0.0
Kenya,KE,Baringo,L1KEN1494,2014,5.4695,39.00557623899999,1.764,0.0
Kenya,KE,Baringo,L1KEN1494,2015,2.839046372,0.0,0.0,0.0
Kenya,KE,Baringo,L1KEN1494,2016,2.757767561,0.0,0.0,0.0
Kenya,KE,Baringo,L1KEN1494,2019,2.152166676,0.0,0.0,0.0
Kenya,KE,Bomet,L1KEN1495,1982,4.23,0.0,0.72,0.0
Kenya,KE,Bomet,L1KEN1495,1983,5.561538462,0.0,0.522916667,0.0
Kenya,KE,Bomet,L1KEN1495,1984,3.930442825,0.0,0.45,0.0
Kenya,KE,Bomet,L1KEN1495,1985,4.5,0.0,0.612,0.0
Kenya,KE,Bomet,L1KEN1495,1986,5.85033389,0.0,1.080069764,0.0
Kenya,KE,Bomet,L1KEN1495,1987,6.03,0.0,0.719993477,0.0
Kenya,KE,Bomet,L1KEN1495,1988,5.399995012,0.0,0.719993477,0.0
Kenya,KE,Bomet,L1KEN1495,1989,5.39975551,0.0,0.720015016,0.0
Kenya,KE,Bomet,L1KEN1495,1990,4.950948621,0.0,0.629992013,0.0
Kenya,KE,Bomet,L1KEN1495,1991,5.076395836,0.0,0.810144051,0.0
Kenya,KE,Bomet,L1KEN1495,1992,0.0,0.0,0.72,0.0
Kenya,KE,Bomet,L1KEN1495,1993,1.8,0.0,0.674994315,0.0
Kenya,KE,Bomet,L1KEN1495,1994,4.95,0.0,0.72,0.0
Kenya,KE,Bomet,L1KEN1495,1995,4.5,0.0,0.45,0.0
Kenya,KE,Bomet,L1KEN1495,1996,4.85,0.0,0.27,0.0
Kenya,KE,Bomet,L1KEN1495,1997,1.5,0.0,0.300025109,0.0
Kenya,KE,Bomet,L1KEN1495,1998,2.52,0.0,0.280462829,0.0
Kenya,KE,Bomet,L1KEN1495,1999,1.812371134,0.0,0.554810127,0.0
Kenya,KE,Bomet,L1KEN1495,2000,1.7096875,0.0,0.503814433,0.0
Kenya,KE,Bomet,L1KEN1495,2001,4.2823125,0.0,0.45,0.0
Kenya,KE,Bomet,L1KEN1495,2002,1.800172414,0.0,0.450045005,0.0
Kenya,KE,Bomet,L1KEN1495,2003,1.862040804,0.0,0.901367649,0.0
Kenya,KE,Bomet,L1KEN1495,2004,1.819221809,0.0,1.273111752,0.0
Kenya,KE,Bomet,L1KEN1495,2005,4.050157593,0.0,0.699999314,0.0
Kenya,KE,Bomet,L1KEN1495,2006,4.783137269,0.0,0.747221906,0.0
Kenya,KE,Bomet,L1KEN1495,2007,5.325820981,0.0,0.235974552,0.0
Kenya,KE,Bomet,L1KEN1495,2008,2.316070579,0.0,0.0,0.0
Kenya,KE,Bomet,L1KEN1495,2009,2.161980467,0.0,0.0,0.0
Kenya,KE,Bomet,L1KEN1495,2010,2.654854369,12.87931034,0.0,0.0
Kenya,KE,Bomet,L1KEN1495,2011,2.649390214,29.84782609,0.685601423,0.0
Kenya,KE,Bomet,L1KEN1495,2012,4.977,42.35352684,0.585,0.0
Kenya,KE,Bomet,L1KEN1495,2013,4.1850000000000005,48.57730069,0.513,0.0
Kenya,KE,Bomet,L1KEN1495,2014,4.014,15.0,0.675,0.0
Kenya,KE,Bomet,L1KEN1495,2015,1.936672226,0.0,0.0,0.0
Kenya,KE,Bomet,L1KEN1495,2016,1.393165865,0.0,0.0,0.0
Kenya,KE,Bomet,L1KEN1495,2019,1.897804878,0.0,0.0,0.0
Kenya,KE,Bungoma,L1KEN1496,1982,3.920413433,0.0,0.539993902,0.0
Kenya,KE,Bungoma,L1KEN1496,1983,3.6377532469999996,0.0,0.502941176,0.0
Kenya,KE,Bungoma,L1KEN1496,1984,3.190917937,0.0,0.45,0.0
Kenya,KE,Bungoma,L1KEN1496,1985,4.346111473000001,0.0,0.449990768,0.0
Kenya,KE,Bungoma,L1KEN1496,1986,4.260878446,0.0,0.449911667,0.0
Kenya,KE,Bungoma,L1KEN1496,1987,4.206077358,0.0,0.46,0.0
Kenya,KE,Bungoma,L1KEN1496,1988,5.601914529,0.0,0.360006399,0.0
Kenya,KE,Bungoma,L1KEN1496,1989,5.639140637,0.0,0.32,0.0
Kenya,KE,Bungoma,L1KEN1496,1990,6.606821096999999,0.0,0.488230166,0.0
Kenya,KE,Bungoma,L1KEN1496,1991,5.206666667,0.0,0.488230166,0.0
Kenya,KE,Bungoma,L1KEN1496,1992,2.49999986,0.0,0.499983731,0.0
Kenya,KE,Bungoma,L1KEN1496,1993,3.3,0.0,0.5,0.0
Kenya,KE,Bungoma,L1KEN1496,1994,4.40212766,0.0,0.5,0.0
Kenya,KE,Bungoma,L1KEN1496,1995,4.300000531,0.0,0.5,0.0
Kenya,KE,Bungoma,L1KEN1496,1996,3.06,0.0,0.5,0.0
Kenya,KE,Bungoma,L1KEN1496,1997,4.2,0.0,0.517579895,0.0
Kenya,KE,Bungoma,L1KEN1496,1998,2.638314351,0.0,0.65851541,0.0
Kenya,KE,Bungoma,L1KEN1496,1999,2.79,0.0,0.62705653,0.0
Kenya,KE,Bungoma,L1KEN1496,2000,5.365894776999999,0.0,0.72621942,0.0
Kenya,KE,Bungoma,L1KEN1496,2001,5.310270027,0.0,0.72621942,0.0
Kenya,KE,Bungoma,L1KEN1496,2002,2.455312454,0.0,0.792256727,0.0
Kenya,KE,Bungoma,L1KEN1496,2003,3.010098735,0.0,0.969869827,0.0
Kenya,KE,Bungoma,L1KEN1496,2004,2.70057771,0.0,0.726833247,0.0
Kenya,KE,Bungoma,L1KEN1496,2005,2.977173719,0.0,0.715084348,0.0
Kenya,KE,Bungoma,L1KEN1496,2006,5.621804113,0.0,0.637940953,0.0
Kenya,KE,Bungoma,L1KEN1496,2007,4.29,0.0,0.599637367,0.0
Kenya,KE,Bungoma,L1KEN1496,2008,2.95,0.0,0.0,0.0
Kenya,KE,Bungoma,L1KEN1496,2009,1.985769046,0.0,0.0,0.0
Kenya,KE,Bungoma,L1KEN1496,2010,2.655186298,17.01310385,0.400866046,0.0
Kenya,KE,Bungoma,L1KEN1496,2011,5.292443166,20.0,0.495713868,0.0
Kenya,KE,Bungoma,L1KEN1496,2012,7.155000000000001,43.398266836,0.621,0.0
Kenya,KE,Bungoma,L1KEN1496,2013,7.696481480999999,59.60857432,1.017,0.0
Kenya,KE,Bungoma,L1KEN1496,2014,7.7073478259999995,66.00065336,1.233,0.0
Kenya,KE,Bungoma,L1KEN1496,2015,3.7184440739999998,0.0,0.0,0.0
Kenya,KE,Bungoma,L1KEN1496,2016,3.642698819,0.0,0.0,0.0
Kenya,KE,Bungoma,L1KEN1496,2019,4.017979858,0.0,0.0,0.0
Kenya,KE,Busia,L1KEN1497,1982,2.856450403,0.0,0.650043116,0.0
Kenya,KE,Busia,L1KEN1497,1983,2.828586535,0.0,0.900220264,0.0
Kenya,KE,Busia,L1KEN1497,1984,2.9398947919999996,0.0,0.719287834,0.0
Kenya,KE,Busia,L1KEN1497,1985,2.917705996,0.0,0.54,0.0
Kenya,KE,Busia,L1KEN1497,1986,3.215175438,0.0,0.54,0.0
Kenya,KE,Busia,L1KEN1497,1987,3.4198458769999998,0.0,0.65,0.0
Kenya,KE,Busia,L1KEN1497,1988,2.699843575,0.0,0.529090909,0.0
Kenya,KE,Busia,L1KEN1497,1989,2.798921803,0.0,0.810084034,0.0
Kenya,KE,Busia,L1KEN1497,1990,2.75045427,0.0,0.64,0.0
Kenya,KE,Busia,L1KEN1497,1991,1.17,0.0,0.5,0.0
Kenya,KE,Busia,L1KEN1497,1992,1.659468562,0.0,0.4,0.0
Kenya,KE,Busia,L1KEN1497,1993,1.0329,0.0,0.549090909,0.0
Kenya,KE,Busia,L1KEN1497,1994,1.697816366,0.0,0.6,0.0
Kenya,KE,Busia,L1KEN1497,1995,1.670887592,0.0,0.6,0.0
Kenya,KE,Busia,L1KEN1497,1996,1.71,0.0,0.0,0.0
Kenya,KE,Busia,L1KEN1497,1997,1.62,0.0,0.540054005,0.0
Kenya,KE,Busia,L1KEN1497,1998,1.316005312,0.0,0.471798529,0.0
Kenya,KE,Busia,L1KEN1497,1999,1.400002119,0.0,0.449611435,0.0
Kenya,KE,Busia,L1KEN1497,2000,1.17,0.0,0.493067517,0.0
Kenya,KE,Busia,L1KEN1497,2001,1.17,0.0,0.493067517,0.0
Kenya,KE,Busia,L1KEN1497,2002,1.350774486,0.0,0.542565516,0.0
Kenya,KE,Busia,L1KEN1497,2003,1.655986619,0.0,0.345897922,0.0
Kenya,KE,Busia,L1KEN1497,2004,1.317073346,0.0,0.52178679,0.0
Kenya,KE,Busia,L1KEN1497,2005,1.964881114,0.0,0.535366037,0.0
Kenya,KE,Busia,L1KEN1497,2006,1.31072622,0.0,0.420854149,0.0
Kenya,KE,Busia,L1KEN1497,2007,1.24,0.0,0.771219786,0.0
Kenya,KE,Busia,L1KEN1497,2008,0.43,0.0,0.0,0.0
Kenya,KE,Busia,L1KEN1497,2009,1.256782274,0.0,0.0,0.0
Kenya,KE,Busia,L1KEN1497,2010,1.181766596,0.0,0.218214052,0.0
Kenya,KE,Busia,L1KEN1497,2011,1.214588962,0.0,0.343381295,0.0
Kenya,KE,Busia,L1KEN1497,2012,5.305960738,23.305507931,0.495,0.0
Kenya,KE,Busia,L1KEN1497,2013,5.9347095439999995,35.494196869999996,1.584,0.0
Kenya,KE,Busia,L1KEN1497,2014,6.366709544000001,35.19689416,0.963,0.0
Kenya,KE,Busia,L1KEN1497,2015,0.966461003,0.0,0.0,0.0
Kenya,KE,Busia,L1KEN1497,2016,2.530309735,0.0,0.0,0.0
Kenya,KE,Busia,L1KEN1497,2019,1.283927492,0.0,0.0,0.0
Kenya,KE,Elgeyo-Marakwet,L1KEN1498,1982,5.040009168,0.0,0.72,0.0
Kenya,KE,Elgeyo-Marakwet,L1KEN1498,1983,5.792160299,0.0,1.154035838,0.0
Kenya,KE,Elgeyo-Marakwet,L1KEN1498,1984,2.231538119,0.0,0.18,0.0
Kenya,KE,Elgeyo-Marakwet,L1KEN1498,1985,7.199498159000001,0.0,0.540048873,0.0
Kenya,KE,Elgeyo-Marakwet,L1KEN1498,1986,8.004563853,0.0,0.900042319,0.0
Kenya,KE,Elgeyo-Marakwet,L1KEN1498,1987,4.179396874,0.0,0.72004322,0.0
Kenya,KE,Elgeyo-Marakwet,L1KEN1498,1988,6.57015873,0.0,0.72004322,0.0
Kenya,KE,Elgeyo-Marakwet,L1KEN1498,1989,6.4799999999999995,0.0,0.721336761,0.0
Kenya,KE,Elgeyo-Marakwet,L1KEN1498,1990,5.3,0.0,0.62994186,0.0
Kenya,KE,Elgeyo-Marakwet,L1KEN1498,1991,3.669601494,0.0,0.81,0.0
Kenya,KE,Elgeyo-Marakwet,L1KEN1498,1992,4.798933333,0.0,0.72,0.0
Kenya,KE,Elgeyo-Marakwet,L1KEN1498,1993,2.510925926,0.0,0.45,0.0
Kenya,KE,Elgeyo-Marakwet,L1KEN1498,1994,4.5,0.0,0.715497349,0.0
Kenya,KE,Elgeyo-Marakwet,L1KEN1498,1995,4.22786036,0.0,0.510482768,0.0
Kenya,KE,Elgeyo-Marakwet,L1KEN1498,1996,3.9471518989999996,0.0,0.687837199,0.0
Kenya,KE,Elgeyo-Marakwet,L1KEN1498,1997,2.4248192939999997,0.0,0.39789273,0.0
Kenya,KE,Elgeyo-Marakwet,L1KEN1498,1998,4.531338028,0.0,0.426042604,0.0
Kenya,KE,Elgeyo-Marakwet,L1KEN1498,1999,5.022692308,0.0,0.718336904,0.0
Kenya,KE,Elgeyo-Marakwet,L1KEN1498,2000,4.881951578,0.0,0.566176002,0.0
Kenya,KE,Elgeyo-Marakwet,L1KEN1498,2001,5.837296564,0.0,0.720027499,0.0
Kenya,KE,Elgeyo-Marakwet,L1KEN1498,2002,4.612361646,0.0,0.578396208,0.0
Kenya,KE,Elgeyo-Marakwet,L1KEN1498,2003,4.881027668,0.0,0.48457939,0.0
Kenya,KE,Elgeyo-Marakwet,L1KEN1498,2004,3.842528298,0.0,0.262174572,0.0
Kenya,KE,Elgeyo-Marakwet,L1KEN1498,2005,4.6271255369999995,0.0,0.840101717,0.0
Kenya,KE,Elgeyo-Marakwet,L1KEN1498,2006,5.685602845,0.0,0.854014364,0.0
Kenya,KE,Elgeyo-Marakwet,L1KEN1498,2007,6.449509489,0.0,0.832936407,0.0
Kenya,KE,Elgeyo-Marakwet,L1KEN1498,2008,2.772073569,0.0,0.0,0.0
Kenya,KE,Elgeyo-Marakwet,L1KEN1498,2009,1.598699044,0.0,0.0,0.0
Kenya,KE,Elgeyo-Marakwet,L1KEN1498,2010,5.3015717129999995,19.89495849,0.792389359,0.0
Kenya,KE,Elgeyo-Marakwet,L1KEN1498,2011,0.858576314,15.92451566,0.449511346,0.0
Kenya,KE,Elgeyo-Marakwet,L1KEN1498,2012,11.729846715,53.12440817,1.899,0.0
Kenya,KE,Elgeyo-Marakwet,L1KEN1498,2013,10.072333333,51.40214394,1.899,0.0
Kenya,KE,Elgeyo-Marakwet,L1KEN1498,2014,9.837377622000002,52.75643542,1.9529999999999998,0.0
Kenya,KE,Elgeyo-Marakwet,L1KEN1498,2015,2.482152107,0.0,0.0,0.0
Kenya,KE,Elgeyo-Marakwet,L1KEN1498,2016,3.5572009810000003,0.0,0.0,0.0
Kenya,KE,Elgeyo-Marakwet,L1KEN1498,2019,2.97,0.0,0.0,0.0
Kenya,KE,Embu,L1KEN1499,1982,3.0090605530000003,0.0,0.899990321,3.551503128
Kenya,KE,Embu,L1KEN1499,1983,2.099945291,0.0,0.197101449,3.174881734
Kenya,KE,Embu,L1KEN1499,1984,2.2841096199999997,0.0,0.157480315,0.775072464
Kenya,KE,Embu,L1KEN1499,1985,2.585578721,0.0,0.567790698,0.778169935
Kenya,KE,Embu,L1KEN1499,1986,2.52002617,0.0,0.5625,0.544135429
Kenya,KE,Embu,L1KEN1499,1987,2.187509818,0.0,0.559990571,0.663130599
Kenya,KE,Embu,L1KEN1499,1988,3.330393777,0.0,0.900156863,0.0
Kenya,KE,Embu,L1KEN1499,1989,3.29381458,0.0,0.9,1.584594954
Kenya,KE,Embu,L1KEN1499,1990,3.6474787060000002,0.0,1.23289225,0.0
Kenya,KE,Embu,L1KEN1499,1991,1.62,0.0,0.689989956,0.0
Kenya,KE,Embu,L1KEN1499,1992,0.24048119,0.0,0.270027003,0.0
Kenya,KE,Embu,L1KEN1499,1993,1.26,0.0,0.502991476,0.0
Kenya,KE,Embu,L1KEN1499,1994,1.220727273,0.0,0.65715707,0.0
Kenya,KE,Embu,L1KEN1499,1995,1.127686567,0.0,0.632696966,0.0
Kenya,KE,Embu,L1KEN1499,1996,1.26,0.0,0.0,0.0
Kenya,KE,Embu,L1KEN1499,1997,1.0725,0.0,0.381620839,0.0
Kenya,KE,Embu,L1KEN1499,1998,0.54,0.0,0.186264368,0.0
Kenya,KE,Embu,L1KEN1499,1999,0.725806452,0.0,0.340046768,0.0
Kenya,KE,Embu,L1KEN1499,2000,0.553333333,0.0,0.405910538,0.0
Kenya,KE,Embu,L1KEN1499,2001,1.723469388,0.0,0.498498927,0.0
Kenya,KE,Embu,L1KEN1499,2002,1.341685189,0.0,0.845827557,0.0
Kenya,KE,Embu,L1KEN1499,2003,1.231454751,0.0,0.665743342,0.0
Kenya,KE,Embu,L1KEN1499,2004,0.655866598,0.0,0.232356206,0.0
Kenya,KE,Embu,L1KEN1499,2005,0.695119017,0.0,0.379547448,0.0
Kenya,KE,Embu,L1KEN1499,2006,1.074258754,0.0,0.594354517,0.0
Kenya,KE,Embu,L1KEN1499,2007,1.193501476,0.0,0.660327869,0.0
Kenya,KE,Embu,L1KEN1499,2008,0.33,0.0,0.0,0.0
Kenya,KE,Embu,L1KEN1499,2009,1.106678159,0.0,0.0,0.0
Kenya,KE,Embu,L1KEN1499,2010,0.91713278,10.0286533,0.0,0.0
Kenya,KE,Embu,L1KEN1499,2011,0.75063146,10.0,0.566401688,0.0
Kenya,KE,Embu,L1KEN1499,2012,6.057,59.68026211,2.144899329,0.0
Kenya,KE,Embu,L1KEN1499,2013,4.162230769,64.75434659,1.827,0.0
Kenya,KE,Embu,L1KEN1499,2014,3.8529999999999998,64.414757686,2.106,0.0
Kenya,KE,Embu,L1KEN1499,2015,1.525388206,0.0,0.0,0.0
Kenya,KE,Embu,L1KEN1499,2019,0.557281894,0.0,0.0,0.0
Kenya,KE,Garissa,L1KEN1500,1982,0.9,0.0,0.0,0.0
Kenya,KE,Garissa,L1KEN1500,1983,0.9,0.0,0.0,0.0
Kenya,KE,Garissa,L1KEN1500,1984,1.8,0.0,0.0,0.0
Kenya,KE,Garissa,L1KEN1500,1985,1.080266075,0.0,0.0,0.0
Kenya,KE,Garissa,L1KEN1500,1986,0.901059411,0.0,0.0,0.0
Kenya,KE,Garissa,L1KEN1500,1987,0.295190809,0.0,0.0,0.0
Kenya,KE,Garissa,L1KEN1500,1988,0.800180018,0.0,0.0,0.0
Kenya,KE,Garissa,L1KEN1500,1989,0.69237693,0.0,0.0,0.0
Kenya,KE,Garissa,L1KEN1500,1991,1.070571429,0.0,0.0,0.0
Kenya,KE,Garissa,L1KEN1500,1992,1.804,0.0,0.0,0.0
Kenya,KE,Garissa,L1KEN1500,1993,0.731884058,0.0,0.0,0.0
Kenya,KE,Garissa,L1KEN1500,1997,1.735846154,0.0,0.0,0.0
Kenya,KE,Garissa,L1KEN1500,1998,1.605954545,0.0,0.0,0.0
Kenya,KE,Garissa,L1KEN1500,1999,1.210263158,0.0,0.0,0.0
Kenya,KE,Garissa,L1KEN1500,2000,0.604894737,0.0,0.0,0.0
Kenya,KE,Garissa,L1KEN1500,2001,0.514,0.0,0.0,0.0
Kenya,KE,Garissa,L1KEN1500,2002,0.583333333,0.0,0.0,0.0
Kenya,KE,Garissa,L1KEN1500,2003,0.893401015,0.0,0.0,0.0
Kenya,KE,Garissa,L1KEN1500,2004,0.742857143,0.0,0.0,0.0
Kenya,KE,Garissa,L1KEN1500,2005,0.716643093,0.0,0.0,0.0
Kenya,KE,Garissa,L1KEN1500,2006,0.270027003,0.0,0.0,0.0
Kenya,KE,Garissa,L1KEN1500,2007,0.426426426,0.0,0.0,0.0
Kenya,KE,Garissa,L1KEN1500,2008,0.360045284,0.0,0.0,0.0
Kenya,KE,Garissa,L1KEN1500,2009,0.24192,0.0,0.0,0.0
Kenya,KE,Garissa,L1KEN1500,2010,0.214705882,0.0,0.0,0.0
Kenya,KE,Garissa,L1KEN1500,2011,0.410907336,0.0,0.0,0.0
Kenya,KE,Garissa,L1KEN1500,2012,4.5809999999999995,0.0,1.854,0.0
Kenya,KE,Garissa,L1KEN1500,2013,2.459,0.0,1.206,0.0
Kenya,KE,Garissa,L1KEN1500,2014,2.924333333,0.0,1.1257622999999999,0.0
Kenya,KE,Garissa,L1KEN1500,2015,0.6,0.0,0.0,0.0
Kenya,KE,Garissa,L1KEN1500,2016,0.602608696,0.0,0.0,0.0
Kenya,KE,Garissa,L1KEN1500,2019,0.54,0.0,0.0,0.0
Kenya,KE,Homa Bay,L1KEN1501,1991,1.8,0.0,0.0,0.0
Kenya,KE,Homa Bay,L1KEN1501,1992,2.25,0.0,0.0,0.0
Kenya,KE,Homa Bay,L1KEN1501,1993,0.45,0.0,0.0,0.0
Kenya,KE,Homa Bay,L1KEN1501,1994,1.8,0.0,0.0,0.0
Kenya,KE,Homa Bay,L1KEN1501,1996,1.8,0.0,0.0,0.0
Kenya,KE,Homa Bay,L1KEN1501,1997,1.087556822,0.0,0.0,0.0
Kenya,KE,Homa Bay,L1KEN1501,1998,1.358190483,0.0,0.0,0.0
Kenya,KE,Homa Bay,L1KEN1501,1999,1.62,0.0,0.0,0.0
Kenya,KE,Homa Bay,L1KEN1501,2000,1.466652063,0.0,0.0,0.0
Kenya,KE,Homa Bay,L1KEN1501,2001,1.53,0.0,0.0,0.0
Kenya,KE,Homa Bay,L1KEN1501,2002,1.201287444,0.0,0.0,0.0
Kenya,KE,Homa Bay,L1KEN1501,2003,0.78529344,0.0,0.0,0.0
Kenya,KE,Homa Bay,L1KEN1501,2004,0.33,0.0,0.0,0.0
Kenya,KE,Homa Bay,L1KEN1501,2005,0.38,0.0,0.0,0.0
Kenya,KE,Homa Bay,L1KEN1501,2006,1.31542509,0.0,0.0,0.0
Kenya,KE,Homa Bay,L1KEN1501,2007,1.656426233,0.0,0.0,0.0
Kenya,KE,Homa Bay,L1KEN1501,2008,0.693878738,0.0,0.0,0.0
Kenya,KE,Homa Bay,L1KEN1501,2009,1.338175815,0.0,0.0,0.0
Kenya,KE,Homa Bay,L1KEN1501,2010,1.426828476,0.0,0.0,0.0
Kenya,KE,Homa Bay,L1KEN1501,2011,1.397132398,0.0,0.0,0.0
Kenya,KE,Homa Bay,L1KEN1501,2012,7.674,49.386565007,1.287,0.0
Kenya,KE,Homa Bay,L1KEN1501,2013,5.708752767,64.590656481,1.206,0.0
Kenya,KE,Homa Bay,L1KEN1501,2014,6.426800689,58.75485346,1.161,0.0
Kenya,KE,Homa Bay,L1KEN1501,2015,1.904660111,0.0,0.0,0.0
Kenya,KE,Homa Bay,L1KEN1501,2016,2.830082697,0.0,0.0,0.0
Kenya,KE,Homa Bay,L1KEN1501,2019,0.758767859,0.0,0.0,0.0
Kenya,KE,Isiolo,L1KEN1502,1982,0.863803681,0.0,0.677595628,0.0
Kenya,KE,Isiolo,L1KEN1502,1983,0.990811639,0.0,0.447761194,0.0
Kenya,KE,Isiolo,L1KEN1502,1984,1.428571429,0.0,1.029411765,0.0
Kenya,KE,Isiolo,L1KEN1502,1985,1.249637155,0.0,0.698795181,0.0
Kenya,KE,Isiolo,L1KEN1502,1986,0.899866489,0.0,0.476190476,0.0
Kenya,KE,Isiolo,L1KEN1502,1987,1.0,0.0,0.892307692,0.0
Kenya,KE,Isiolo,L1KEN1502,1988,3.833865815,0.0,0.808219178,0.0
Kenya,KE,Isiolo,L1KEN1502,1989,1.2,0.0,1.0,0.0
Kenya,KE,Isiolo,L1KEN1502,1990,1.327146172,0.0,0.0,0.0
Kenya,KE,Isiolo,L1KEN1502,1991,1.35,0.0,0.754285714,0.0
Kenya,KE,Isiolo,L1KEN1502,1992,1.59725,0.0,0.714285714,0.0
Kenya,KE,Isiolo,L1KEN1502,1993,0.0,0.0,0.722627737,0.0
Kenya,KE,Isiolo,L1KEN1502,1994,0.459642857,0.0,0.63,0.0
Kenya,KE,Isiolo,L1KEN1502,1995,0.624072508,0.0,0.62972973,0.0
Kenya,KE,Isiolo,L1KEN1502,1996,0.45,0.0,0.4125,0.0
Kenya,KE,Isiolo,L1KEN1502,1997,0.678648649,0.0,0.9,0.0
Kenya,KE,Isiolo,L1KEN1502,1998,0.265636364,0.0,0.777777778,0.0
Kenya,KE,Isiolo,L1KEN1502,1999,0.140727273,0.0,0.717601172,0.0
Kenya,KE,Isiolo,L1KEN1502,2000,0.18,0.0,0.134849849,0.0
Kenya,KE,Isiolo,L1KEN1502,2001,0.913723587,0.0,1.16255144,0.0
Kenya,KE,Isiolo,L1KEN1502,2002,0.747356966,0.0,0.48951049,0.0
Kenya,KE,Isiolo,L1KEN1502,2003,1.344115004,0.0,1.051546392,0.0
Kenya,KE,Isiolo,L1KEN1502,2004,0.140741347,0.0,0.699082569,0.0
Kenya,KE,Isiolo,L1KEN1502,2005,0.246771539,0.0,0.111111111,0.0
Kenya,KE,Isiolo,L1KEN1502,2006,0.681496721,0.0,0.590185601,0.0
Kenya,KE,Isiolo,L1KEN1502,2007,0.8,0.0,0.655696203,0.0
Kenya,KE,Isiolo,L1KEN1502,2008,0.66,0.0,0.0,0.0
Kenya,KE,Isiolo,L1KEN1502,2009,0.417275563,0.0,0.0,0.0
Kenya,KE,Isiolo,L1KEN1502,2010,0.362027027,0.0,0.0,0.0
Kenya,KE,Isiolo,L1KEN1502,2011,0.349623779,0.0,0.505336427,0.0
Kenya,KE,Isiolo,L1KEN1502,2012,1.476,40.833333339999996,0.891,0.0
Kenya,KE,Isiolo,L1KEN1502,2013,0.890950739,16.361111111,1.573425856,0.0
Kenya,KE,Isiolo,L1KEN1502,2014,1.026,2.361111111,0.684,0.0
Kenya,KE,Isiolo,L1KEN1502,2015,1.0,0.0,0.0,0.0
Kenya,KE,Isiolo,L1KEN1502,2016,0.773513514,0.0,0.0,0.0
Kenya,KE,Isiolo,L1KEN1502,2019,0.54,0.0,0.0,0.0
Kenya,KE,Kajiado,L1KEN1503,1982,2.789913625,0.0,0.9,0.0
Kenya,KE,Kajiado,L1KEN1503,1983,0.830647524,0.0,0.430989166,0.0
Kenya,KE,Kajiado,L1KEN1503,1984,1.350106093,0.0,0.810011123,0.0
Kenya,KE,Kajiado,L1KEN1503,1985,1.815105334,0.0,0.72,0.0
Kenya,KE,Kajiado,L1KEN1503,1986,1.799989429,0.0,0.986507444,0.0
Kenya,KE,Kajiado,L1KEN1503,1987,0.923594441,0.0,1.0,0.0
Kenya,KE,Kajiado,L1KEN1503,1988,1.799951621,0.0,0.998859185,0.0
Kenya,KE,Kajiado,L1KEN1503,1989,2.205006906,0.0,1.126085626,0.0
Kenya,KE,Kajiado,L1KEN1503,1990,4.694730022,0.0,1.179997577,0.0
Kenya,KE,Kajiado,L1KEN1503,1991,2.7,0.0,0.45,0.0
Kenya,KE,Kajiado,L1KEN1503,1992,3.33,0.0,1.35,0.0
Kenya,KE,Kajiado,L1KEN1503,1993,2.25,0.0,0.45,0.0
Kenya,KE,Kajiado,L1KEN1503,1994,2.475,0.0,0.9,0.0
Kenya,KE,Kajiado,L1KEN1503,1995,3.15,0.0,0.45,0.0
Kenya,KE,Kajiado,L1KEN1503,1996,1.367802559,0.0,0.18,0.0
Kenya,KE,Kajiado,L1KEN1503,1997,2.078459677,0.0,0.180018002,0.0
Kenya,KE,Kajiado,L1KEN1503,1998,2.12132766,0.0,0.45125372,0.0
Kenya,KE,Kajiado,L1KEN1503,1999,0.311641791,0.0,0.702575758,0.0
Kenya,KE,Kajiado,L1KEN1503,2000,2.053976705,0.0,0.568666667,0.0
Kenya,KE,Kajiado,L1KEN1503,2001,0.718881988,0.0,0.47958849,0.0
Kenya,KE,Kajiado,L1KEN1503,2002,1.486997245,0.0,0.405781531,0.0
Kenya,KE,Kajiado,L1KEN1503,2003,1.53810242,0.0,0.450045005,0.0
Kenya,KE,Kajiado,L1KEN1503,2004,1.342792188,0.0,0.233636413,0.0
Kenya,KE,Kajiado,L1KEN1503,2005,1.297171165,0.0,0.0,0.0
Kenya,KE,Kajiado,L1KEN1503,2006,2.726698218,0.0,0.639124315,0.0
Kenya,KE,Kajiado,L1KEN1503,2007,1.861420613,0.0,0.837058824,0.0
Kenya,KE,Kajiado,L1KEN1503,2008,1.350539681,0.0,0.0,0.0
Kenya,KE,Kajiado,L1KEN1503,2009,0.825523991,0.0,0.0,0.0
Kenya,KE,Kajiado,L1KEN1503,2010,1.19482865,0.0,0.0,0.0
Kenya,KE,Kajiado,L1KEN1503,2011,1.54,0.0,1.112443336,0.0
Kenya,KE,Kajiado,L1KEN1503,2012,1.535189915,16.241414142,0.6626666670000001,0.0
Kenya,KE,Kajiado,L1KEN1503,2013,3.006,38.264648812999994,0.658566038,0.0
Kenya,KE,Kajiado,L1KEN1503,2014,3.2039999999999997,37.997784906999996,1.998,0.0
Kenya,KE,Kajiado,L1KEN1503,2019,0.956621262,0.0,0.0,0.0
Kenya,KE,Kakamega,L1KEN1504,1982,5.854159224,0.0,0.629991101,0.0
Kenya,KE,Kakamega,L1KEN1504,1983,3.318245665,0.0,0.8,0.0
Kenya,KE,Kakamega,L1KEN1504,1984,3.294483594,0.0,0.8,0.0
Kenya,KE,Kakamega,L1KEN1504,1985,3.782597918,0.0,0.8,0.0
Kenya,KE,Kakamega,L1KEN1504,1986,3.6831125879999997,0.0,0.800004746,0.0
Kenya,KE,Kakamega,L1KEN1504,1987,4.4265192209999995,0.0,0.799995326,0.0
Kenya,KE,Kakamega,L1KEN1504,1988,4.3652098839999995,0.0,0.629996807,0.0
Kenya,KE,Kakamega,L1KEN1504,1989,4.725,0.0,0.63,0.0
Kenya,KE,Kakamega,L1KEN1504,1990,6.5,0.0,0.60001516,0.0
Kenya,KE,Kakamega,L1KEN1504,1991,2.5,0.0,0.150820899,0.0
Kenya,KE,Kakamega,L1KEN1504,1992,4.9366000759999995,0.0,0.5,0.0
Kenya,KE,Kakamega,L1KEN1504,1993,4.7499503,0.0,0.449983563,0.0
Kenya,KE,Kakamega,L1KEN1504,1994,4.751884974999999,0.0,0.500012118,0.0
Kenya,KE,Kakamega,L1KEN1504,1995,2.950219981,0.0,0.500012118,0.0
Kenya,KE,Kakamega,L1KEN1504,1996,6.359999999999999,0.0,0.405957637,0.0
Kenya,KE,Kakamega,L1KEN1504,1997,2.16,0.0,0.608751656,0.0
Kenya,KE,Kakamega,L1KEN1504,1998,2.67435515,0.0,0.557012223,0.0
Kenya,KE,Kakamega,L1KEN1504,1999,5.110001698,0.0,0.560664417,0.0
Kenya,KE,Kakamega,L1KEN1504,2000,4.6,0.0,0.0,0.0
Kenya,KE,Kakamega,L1KEN1504,2001,2.07,0.0,0.0,0.0
Kenya,KE,Kakamega,L1KEN1504,2002,2.219784925,0.0,0.5315077,0.0
Kenya,KE,Kakamega,L1KEN1504,2003,2.721352952,0.0,0.737511966,0.0
Kenya,KE,Kakamega,L1KEN1504,2004,3.003489479,0.0,0.503684073,0.0
Kenya,KE,Kakamega,L1KEN1504,2005,4.969439223,0.0,0.630063006,0.0
Kenya,KE,Kakamega,L1KEN1504,2006,5.326580382,0.0,0.616671349,0.0
Kenya,KE,Kakamega,L1KEN1504,2007,3.978536059,0.0,0.62983495,0.0
Kenya,KE,Kakamega,L1KEN1504,2008,0.849,0.0,0.0,0.0
Kenya,KE,Kakamega,L1KEN1504,2009,1.947922665,0.0,0.0,0.0
Kenya,KE,Kakamega,L1KEN1504,2010,2.213287027,0.0,0.641196518,0.0
Kenya,KE,Kakamega,L1KEN1504,2011,1.940796436,0.0,0.558430493,0.0
Kenya,KE,Kakamega,L1KEN1504,2012,6.993,29.617833247,0.558,0.0
Kenya,KE,Kakamega,L1KEN1504,2013,10.105333333,18.801802836,0.594,0.0
Kenya,KE,Kakamega,L1KEN1504,2014,8.285256039,20.507959239999998,0.918,0.0
Kenya,KE,Kakamega,L1KEN1504,2015,4.511223868,0.0,0.0,0.0
Kenya,KE,Kakamega,L1KEN1504,2016,3.6848200479999997,0.0,0.0,0.0
Kenya,KE,Kakamega,L1KEN1504,2019,3.046621622,0.0,0.0,0.0
Kenya,KE,Kericho,L1KEN1505,1982,4.23,0.0,0.72,0.0
Kenya,KE,Kericho,L1KEN1505,1983,5.561538462,0.0,0.522916667,0.0
Kenya,KE,Kericho,L1KEN1505,1984,3.930442825,0.0,0.45,0.0
Kenya,KE,Kericho,L1KEN1505,1985,4.5,0.0,0.612,0.0
Kenya,KE,Kericho,L1KEN1505,1986,5.85033389,0.0,1.080069764,0.0
Kenya,KE,Kericho,L1KEN1505,1987,3.33,0.0,0.719993477,0.0
Kenya,KE,Kericho,L1KEN1505,1988,5.399995012,0.0,0.719993477,0.0
Kenya,KE,Kericho,L1KEN1505,1989,5.39975551,0.0,0.720015016,0.0
Kenya,KE,Kericho,L1KEN1505,1990,4.950948621,0.0,0.629992013,0.0
Kenya,KE,Kericho,L1KEN1505,1991,5.076395836,0.0,0.810144051,0.0
Kenya,KE,Kericho,L1KEN1505,1992,5.4,0.0,0.81,0.0
Kenya,KE,Kericho,L1KEN1505,1993,3.6,0.0,0.72,0.0
Kenya,KE,Kericho,L1KEN1505,1994,5.758676470999999,0.0,0.9,0.0
Kenya,KE,Kericho,L1KEN1505,1995,4.77,0.0,0.72,0.0
Kenya,KE,Kericho,L1KEN1505,1996,5.4,0.0,0.81,0.0
Kenya,KE,Kericho,L1KEN1505,1997,3.721111111,0.0,0.450045004,0.0
Kenya,KE,Kericho,L1KEN1505,1998,3.42,0.0,1.421563585,0.0
Kenya,KE,Kericho,L1KEN1505,1999,3.049672131,0.0,0.660159574,0.0
Kenya,KE,Kericho,L1KEN1505,2000,2.642857143,0.0,0.98,0.0
Kenya,KE,Kericho,L1KEN1505,2001,2.917363636,0.0,0.664493516,0.0
Kenya,KE,Kericho,L1KEN1505,2002,3.39611002,0.0,0.556589931,0.0
Kenya,KE,Kericho,L1KEN1505,2003,5.478459615,0.0,0.667781942,0.0
Kenya,KE,Kericho,L1KEN1505,2004,4.87494403,0.0,0.550285798,0.0
Kenya,KE,Kericho,L1KEN1505,2005,5.972042812,0.0,0.619949635,0.0
Kenya,KE,Kericho,L1KEN1505,2006,6.720000000000001,0.0,0.809474161,0.0
Kenya,KE,Kericho,L1KEN1505,2007,6.018866891,0.0,0.815485482,0.0
Kenya,KE,Kericho,L1KEN1505,2008,3.216367915,0.0,0.0,0.0
Kenya,KE,Kericho,L1KEN1505,2009,2.119440931,0.0,0.0,0.0
Kenya,KE,Kericho,L1KEN1505,2010,6.107833992,9.993576017,0.743316675,0.0
Kenya,KE,Kericho,L1KEN1505,2011,5.585574061,10.18401015,0.735867299,0.0
Kenya,KE,Kericho,L1KEN1505,2012,8.512391246,22.493042575,0.603,0.0
Kenya,KE,Kericho,L1KEN1505,2013,8.235,2.1617357,0.288,0.0
Kenya,KE,Kericho,L1KEN1505,2014,4.976999999999999,2.133333333,0.774,0.0
Kenya,KE,Kericho,L1KEN1505,2015,5.166658334,0.0,0.0,0.0
Kenya,KE,Kericho,L1KEN1505,2016,1.26,0.0,0.0,0.0
Kenya,KE,Kericho,L1KEN1505,2019,3.419578783,0.0,0.0,0.0
Kenya,KE,Kiambu,L1KEN1506,1982,2.7,0.0,0.44996798,0.47517279
Kenya,KE,Kiambu,L1KEN1506,1983,1.62,0.0,0.335730337,2.315507559
Kenya,KE,Kiambu,L1KEN1506,1984,2.300459294,0.0,0.539861189,4.18279231
Kenya,KE,Kiambu,L1KEN1506,1985,2.5,0.0,0.54,0.735111111
Kenya,KE,Kiambu,L1KEN1506,1986,2.499527535,0.0,0.855053338,3.011837822
Kenya,KE,Kiambu,L1KEN1506,1987,1.041655096,0.0,1.263669183,0.90066207
Kenya,KE,Kiambu,L1KEN1506,1988,1.699980903,0.0,1.01730243,1.068288982
Kenya,KE,Kiambu,L1KEN1506,1989,1.158820325,0.0,0.67972973,0.906610362
Kenya,KE,Kiambu,L1KEN1506,1990,1.2,0.0,0.555264665,0.616002814
Kenya,KE,Kiambu,L1KEN1506,1991,1.198799484,0.0,0.629081633,0.0
Kenya,KE,Kiambu,L1KEN1506,1992,1.282679133,0.0,0.501081509,0.0
Kenya,KE,Kiambu,L1KEN1506,1993,0.698874686,0.0,0.317018516,0.0
Kenya,KE,Kiambu,L1KEN1506,1994,1.798193694,0.0,0.6999857,0.0
Kenya,KE,Kiambu,L1KEN1506,1995,2.3931097350000003,0.0,0.697172103,0.0
Kenya,KE,Kiambu,L1KEN1506,1996,2.736141515,0.0,0.378035053,0.0
Kenya,KE,Kiambu,L1KEN1506,1997,3.13,0.0,0.496287005,0.0
Kenya,KE,Kiambu,L1KEN1506,1998,0.729413758,0.0,0.254693931,0.0
Kenya,KE,Kiambu,L1KEN1506,1999,2.957643208,0.0,0.442906562,0.0
Kenya,KE,Kiambu,L1KEN1506,2000,0.775990502,0.0,0.37317554,0.0
Kenya,KE,Kiambu,L1KEN1506,2001,1.337590909,0.0,0.389508197,0.0
Kenya,KE,Kiambu,L1KEN1506,2002,1.355093333,0.0,0.703532934,0.0
Kenya,KE,Kiambu,L1KEN1506,2003,1.35,0.0,0.430722695,0.0
Kenya,KE,Kiambu,L1KEN1506,2004,0.807692308,0.0,0.323486487,0.0
Kenya,KE,Kiambu,L1KEN1506,2005,1.336901536,0.0,0.319215328,0.0
Kenya,KE,Kiambu,L1KEN1506,2006,1.268009063,0.0,0.482142102,0.0
Kenya,KE,Kiambu,L1KEN1506,2007,0.67,0.0,0.0,0.0
Kenya,KE,Kiambu,L1KEN1506,2008,0.783482012,0.0,0.0,0.0
Kenya,KE,Kiambu,L1KEN1506,2009,0.476375762,0.0,0.0,0.0
Kenya,KE,Kiambu,L1KEN1506,2010,0.763942261,7.77211842,0.0,0.0
Kenya,KE,Kiambu,L1KEN1506,2011,0.94,6.407004769,0.563634069,0.0
Kenya,KE,Kiambu,L1KEN1506,2012,3.2890909089999996,23.787279494,2.567799331,0.0
Kenya,KE,Kiambu,L1KEN1506,2013,1.8719999999999999,42.04119609,1.197,0.0
Kenya,KE,Kiambu,L1KEN1506,2014,0.612,25.625605579000002,0.45,0.0
Kenya,KE,Kiambu,L1KEN1506,2016,0.9,0.0,0.0,0.0
Kenya,KE,Kiambu,L1KEN1506,2019,1.692391304,0.0,0.0,0.0
Kenya,KE,Kilifi,L1KEN1507,1982,0.304347826,0.0,0.0,0.0
Kenya,KE,Kilifi,L1KEN1507,1983,1.146164478,0.0,0.61987041,0.0
Kenya,KE,Kilifi,L1KEN1507,1984,1.3654424619999999,0.0,0.546875,0.0
Kenya,KE,Kilifi,L1KEN1507,1985,1.6493827159999999,0.0,0.6,0.0
Kenya,KE,Kilifi,L1KEN1507,1986,1.599113082,0.0,0.599415205,0.0
Kenya,KE,Kilifi,L1KEN1507,1987,2.04,0.0,0.794285714,0.0
Kenya,KE,Kilifi,L1KEN1507,1988,1.50001004,0.0,0.5,0.0
Kenya,KE,Kilifi,L1KEN1507,1989,2.944444444,0.0,0.5995086,0.0
Kenya,KE,Kilifi,L1KEN1507,1990,2.36268559,0.0,0.609375,0.0
Kenya,KE,Kilifi,L1KEN1507,1991,0.9,0.0,0.161016949,0.0
Kenya,KE,Kilifi,L1KEN1507,1992,1.025785894,0.0,0.6,0.0
Kenya,KE,Kilifi,L1KEN1507,1993,0.999612315,0.0,1.110909091,0.0
Kenya,KE,Kilifi,L1KEN1507,1994,0.81,0.0,1.116169545,0.0
Kenya,KE,Kilifi,L1KEN1507,1995,0.81,0.0,1.022727273,0.0
Kenya,KE,Kilifi,L1KEN1507,1996,0.999999,0.0,0.217073171,0.0
Kenya,KE,Kilifi,L1KEN1507,1997,0.055203274,0.0,0.270748299,0.0
Kenya,KE,Kilifi,L1KEN1507,1998,1.167491766,0.0,0.395977011,0.0
Kenya,KE,Kilifi,L1KEN1507,1999,0.99,0.0,0.56,0.0
Kenya,KE,Kilifi,L1KEN1507,2000,0.99,0.0,0.559562842,0.0
Kenya,KE,Kilifi,L1KEN1507,2001,0.99,0.0,0.559562842,0.0
Kenya,KE,Kilifi,L1KEN1507,2002,0.810081008,0.0,0.243,0.0
Kenya,KE,Kilifi,L1KEN1507,2003,0.731082106,0.0,0.668571429,0.0
Kenya,KE,Kilifi,L1KEN1507,2004,0.99009901,0.0,0.213029899,0.0
Kenya,KE,Kilifi,L1KEN1507,2005,0.577785144,0.0,0.299627278,0.0
Kenya,KE,Kilifi,L1KEN1507,2006,0.793406429,0.0,0.0450045,0.0
Kenya,KE,Kilifi,L1KEN1507,2007,0.598,0.0,0.212903226,0.0
Kenya,KE,Kilifi,L1KEN1507,2008,1.744475653,0.0,0.0,0.0
Kenya,KE,Kilifi,L1KEN1507,2009,0.661916092,0.0,0.0,0.0
Kenya,KE,Kilifi,L1KEN1507,2010,1.325217345,0.0,0.0,0.0
Kenya,KE,Kilifi,L1KEN1507,2011,0.494908289,0.0,0.16701674,0.0
Kenya,KE,Kilifi,L1KEN1507,2012,1.57991498,23.960870368000002,0.7605,0.0
Kenya,KE,Kilifi,L1KEN1507,2013,1.062,49.86237712,0.261,0.0
Kenya,KE,Kilifi,L1KEN1507,2014,1.5033966479999998,50.82972833,0.30430440000000003,0.0
Kenya,KE,Kilifi,L1KEN1507,2015,2.44204051,0.0,0.0,0.0
Kenya,KE,Kilifi,L1KEN1507,2016,1.356545455,0.0,0.0,0.0
Kenya,KE,Kilifi,L1KEN1507,2019,0.494805016,0.0,0.0,0.0
Kenya,KE,Kirinyaga,L1KEN1508,1982,1.574980977,0.0,1.170000995,0.657629661
Kenya,KE,Kirinyaga,L1KEN1508,1983,1.800027654,0.0,0.630015432,0.843376692
Kenya,KE,Kirinyaga,L1KEN1508,1984,1.007239593,0.0,0.308949416,1.071123755
Kenya,KE,Kirinyaga,L1KEN1508,1985,1.329990884,0.0,0.500023279,1.020132791
Kenya,KE,Kirinyaga,L1KEN1508,1986,1.475193405,0.0,0.539986126,1.020144496
Kenya,KE,Kirinyaga,L1KEN1508,1987,1.349991946,0.0,0.719944558,1.019976498
Kenya,KE,Kirinyaga,L1KEN1508,1988,1.799961642,0.0,0.539999225,0.840430234
Kenya,KE,Kirinyaga,L1KEN1508,1989,1.529979879,0.0,0.569468194,0.584633013
Kenya,KE,Kirinyaga,L1KEN1508,1990,1.661662818,0.0,0.614527919,0.59442841
Kenya,KE,Kirinyaga,L1KEN1508,1991,1.98,0.0,0.6,0.0
Kenya,KE,Kirinyaga,L1KEN1508,1992,1.35,0.0,0.378870603,0.0
Kenya,KE,Kirinyaga,L1KEN1508,1993,1.17,0.0,0.215991903,0.0
Kenya,KE,Kirinyaga,L1KEN1508,1994,1.747753599,0.0,0.449992087,0.0
Kenya,KE,Kirinyaga,L1KEN1508,1995,1.376972574,0.0,0.491548486,0.0
Kenya,KE,Kirinyaga,L1KEN1508,1996,1.08,0.0,0.126013973,0.0
Kenya,KE,Kirinyaga,L1KEN1508,1997,1.35,0.0,0.270027003,0.0
Kenya,KE,Kirinyaga,L1KEN1508,1998,1.08165878,0.0,0.122178753,0.0
Kenya,KE,Kirinyaga,L1KEN1508,1999,0.767635575,0.0,0.579618401,0.0
Kenya,KE,Kirinyaga,L1KEN1508,2000,0.409787234,0.0,0.110240382,0.0
Kenya,KE,Kirinyaga,L1KEN1508,2001,0.72,0.0,0.24928,0.0
Kenya,KE,Kirinyaga,L1KEN1508,2002,0.981011236,0.0,0.411538462,0.0
Kenya,KE,Kirinyaga,L1KEN1508,2003,0.90597786,0.0,0.345,0.0
Kenya,KE,Kirinyaga,L1KEN1508,2004,0.767698679,0.0,0.22739116,0.0
Kenya,KE,Kirinyaga,L1KEN1508,2005,0.79568,0.0,0.180018002,0.0
Kenya,KE,Kirinyaga,L1KEN1508,2006,1.30048712,0.0,0.318998213,0.0
Kenya,KE,Kirinyaga,L1KEN1508,2007,2.275248257,0.0,0.399959364,0.0
Kenya,KE,Kirinyaga,L1KEN1508,2008,0.349,0.0,0.0,0.0
Kenya,KE,Kirinyaga,L1KEN1508,2009,1.715320808,0.0,0.0,0.0
Kenya,KE,Kirinyaga,L1KEN1508,2010,1.214460924,22.33492823,0.0,0.0
Kenya,KE,Kirinyaga,L1KEN1508,2011,1.126613867,8.216783217,0.77513857,0.0
Kenya,KE,Kirinyaga,L1KEN1508,2012,9.977014736000001,53.619594414000005,3.3828,0.0
Kenya,KE,Kirinyaga,L1KEN1508,2013,9.329144724999999,43.98390408,1.278,0.0
Kenya,KE,Kirinyaga,L1KEN1508,2014,9.229279025,47.563086156,0.738,0.0
Kenya,KE,Kirinyaga,L1KEN1508,2015,0.96124031,0.0,0.0,0.0
Kenya,KE,Kirinyaga,L1KEN1508,2016,0.792352941,0.0,0.0,0.0
Kenya,KE,Kirinyaga,L1KEN1508,2019,0.876771715,0.0,0.0,0.0
Kenya,KE,Kisii,L1KEN1509,1982,4.490315526,0.0,0.761203866,0.517142857
Kenya,KE,Kisii,L1KEN1509,1983,5.672422132,0.0,0.719965626,0.413997971
Kenya,KE,Kisii,L1KEN1509,1984,4.371556083,0.0,0.772573618,0.491523009
Kenya,KE,Kisii,L1KEN1509,1985,5.519362745,0.0,1.08,0.517025217
Kenya,KE,Kisii,L1KEN1509,1986,5.688931889,0.0,0.900021681,0.508476991
Kenya,KE,Kisii,L1KEN1509,1987,5.959306791,0.0,0.989974109,0.499928765
Kenya,KE,Kisii,L1KEN1509,1988,5.6703467850000004,0.0,0.899437696,0.0
Kenya,KE,Kisii,L1KEN1509,1989,1.358163265,0.0,0.995841726,0.0
Kenya,KE,Kisii,L1KEN1509,1990,6.027474926,0.0,0.800023913,0.0
Kenya,KE,Kisii,L1KEN1509,1991,2.7,0.0,0.0,0.0
Kenya,KE,Kisii,L1KEN1509,1992,3.135339309,0.0,0.0,0.0
Kenya,KE,Kisii,L1KEN1509,1993,1.98,0.0,0.0,0.0
Kenya,KE,Kisii,L1KEN1509,1994,3.42,0.0,0.0,0.0
Kenya,KE,Kisii,L1KEN1509,1996,3.78,0.0,0.0,0.0
Kenya,KE,Kisii,L1KEN1509,1997,3.15,0.0,0.0,0.0
Kenya,KE,Kisii,L1KEN1509,1998,2.944852941,0.0,0.0,0.0
Kenya,KE,Kisii,L1KEN1509,1999,3.750863309,0.0,0.0,0.0
Kenya,KE,Kisii,L1KEN1509,2000,3.156631579,0.0,0.0,0.0
Kenya,KE,Kisii,L1KEN1509,2001,3.42,0.0,0.0,0.0
Kenya,KE,Kisii,L1KEN1509,2002,1.487060259,0.0,0.0,0.0
Kenya,KE,Kisii,L1KEN1509,2003,3.094642317,0.0,0.0,0.0
Kenya,KE,Kisii,L1KEN1509,2004,3.018172589,0.0,0.0,0.0
Kenya,KE,Kisii,L1KEN1509,2005,2.370750494,0.0,0.0,0.0
Kenya,KE,Kisii,L1KEN1509,2006,2.250225023,0.0,0.0,0.0
Kenya,KE,Kisii,L1KEN1509,2007,3.18,0.0,0.0,0.0
Kenya,KE,Kisii,L1KEN1509,2008,0.85,0.0,0.0,0.0
Kenya,KE,Kisii,L1KEN1509,2009,2.070570982,0.0,0.0,0.0
Kenya,KE,Kisii,L1KEN1509,2010,2.198808671,21.45833333,0.0,0.0
Kenya,KE,Kisii,L1KEN1509,2011,2.185673534,26.36363636,0.0,0.0
Kenya,KE,Kisii,L1KEN1509,2012,4.581,46.187351379999996,1.2690000000000001,0.0
Kenya,KE,Kisii,L1KEN1509,2013,8.442,44.90396094,2.583,0.0
Kenya,KE,Kisii,L1KEN1509,2014,9.27,47.74125512,2.565,0.0
Kenya,KE,Kisii,L1KEN1509,2019,1.71,0.0,0.0,0.0
Kenya,KE,Kisumu,L1KEN1510,1982,5.181851852,0.0,0.540509915,0.0
Kenya,KE,Kisumu,L1KEN1510,1983,5.629957747000001,0.0,0.719790676,0.0
Kenya,KE,Kisumu,L1KEN1510,1984,4.378767809999999,0.0,0.44996873,0.0
Kenya,KE,Kisumu,L1KEN1510,1985,3.215097586,0.0,0.269879518,0.0
Kenya,KE,Kisumu,L1KEN1510,1986,2.9142001509999997,0.0,0.270002254,0.0
Kenya,KE,Kisumu,L1KEN1510,1987,2.427729798,0.0,0.9,0.0
Kenya,KE,Kisumu,L1KEN1510,1988,3.297490078,0.0,0.596606459,0.0
Kenya,KE,Kisumu,L1KEN1510,1989,1.71996825,0.0,0.587068332,0.0
Kenya,KE,Kisumu,L1KEN1510,1990,4.971913295999999,0.0,0.800050878,0.0
Kenya,KE,Kisumu,L1KEN1510,1991,1.8,0.0,0.0,0.0
Kenya,KE,Kisumu,L1KEN1510,1992,1.21954148,0.0,0.0,0.0
Kenya,KE,Kisumu,L1KEN1510,1993,0.54,0.0,0.0,0.0
Kenya,KE,Kisumu,L1KEN1510,1994,2.7,0.0,0.0,0.0
Kenya,KE,Kisumu,L1KEN1510,1995,2.52,0.0,0.0,0.0
Kenya,KE,Kisumu,L1KEN1510,1996,2.52,0.0,0.0,0.0
Kenya,KE,Kisumu,L1KEN1510,1997,1.671406465,0.0,0.0,0.0
Kenya,KE,Kisumu,L1KEN1510,1998,2.307854275,0.0,0.0,0.0
Kenya,KE,Kisumu,L1KEN1510,1999,2.544852743,0.0,0.0,0.0
Kenya,KE,Kisumu,L1KEN1510,2000,1.103773165,0.0,0.0,0.0
Kenya,KE,Kisumu,L1KEN1510,2001,1.347045782,0.0,0.0,0.0
Kenya,KE,Kisumu,L1KEN1510,2002,1.339670458,0.0,0.0,0.0
Kenya,KE,Kisumu,L1KEN1510,2003,1.861115611,0.0,0.0,0.0
Kenya,KE,Kisumu,L1KEN1510,2004,1.420891911,0.0,0.0,0.0
Kenya,KE,Kisumu,L1KEN1510,2005,1.862037197,0.0,0.0,0.0
Kenya,KE,Kisumu,L1KEN1510,2006,1.919831983,0.0,0.0,0.0
Kenya,KE,Kisumu,L1KEN1510,2007,1.88481069,0.0,0.0,0.0
Kenya,KE,Kisumu,L1KEN1510,2008,0.58,0.0,0.0,0.0
Kenya,KE,Kisumu,L1KEN1510,2009,1.45067005,0.0,0.0,0.0
Kenya,KE,Kisumu,L1KEN1510,2010,1.282767159,0.0,0.0,0.0
Kenya,KE,Kisumu,L1KEN1510,2011,1.447088466,0.0,0.0,0.0
Kenya,KE,Kisumu,L1KEN1510,2012,7.233852725,24.94614004,1.1340000000000001,0.0
Kenya,KE,Kisumu,L1KEN1510,2013,7.766513185,21.3612405,1.8090000000000002,0.0
Kenya,KE,Kisumu,L1KEN1510,2014,8.163660793,22.09057054,1.629,0.0
Kenya,KE,Kisumu,L1KEN1510,2016,0.87714922,0.0,0.0,0.0
Kenya,KE,Kisumu,L1KEN1510,2019,1.118833819,0.0,0.0,0.0
Kenya,KE,Kitui,L1KEN1511,1982,0.899516079,0.0,0.36,0.0
Kenya,KE,Kitui,L1KEN1511,1983,0.719992029,0.0,0.314973429,0.0
Kenya,KE,Kitui,L1KEN1511,1984,0.584985774,0.0,0.288754495,0.0
Kenya,KE,Kitui,L1KEN1511,1985,0.310508664,0.0,0.143744532,0.0
Kenya,KE,Kitui,L1KEN1511,1986,0.825623658,0.0,0.455270127,0.0
Kenya,KE,Kitui,L1KEN1511,1987,0.017887391,0.0,0.014849268,0.0
Kenya,KE,Kitui,L1KEN1511,1988,1.797148624,0.0,0.261955794,0.0
Kenya,KE,Kitui,L1KEN1511,1989,1.265717145,0.0,0.560064935,0.0
Kenya,KE,Kitui,L1KEN1511,1990,1.127583038,0.0,0.568570886,0.0
Kenya,KE,Kitui,L1KEN1511,1991,0.554844087,0.0,0.361260623,0.0
Kenya,KE,Kitui,L1KEN1511,1992,0.7543151,0.0,0.45,0.0
Kenya,KE,Kitui,L1KEN1511,1993,0.787630645,0.0,0.32945355,0.0
Kenya,KE,Kitui,L1KEN1511,1994,1.08,0.0,0.337766798,0.0
Kenya,KE,Kitui,L1KEN1511,1995,0.331304348,0.0,0.39,0.0
Kenya,KE,Kitui,L1KEN1511,1996,0.18,0.0,0.092195122,0.0
Kenya,KE,Kitui,L1KEN1511,1997,0.36,0.0,0.301771047,0.0
Kenya,KE,Kitui,L1KEN1511,1998,0.16,0.0,0.096943991,0.0
Kenya,KE,Kitui,L1KEN1511,1999,0.372413793,0.0,0.303963438,0.0
Kenya,KE,Kitui,L1KEN1511,2000,0.63,0.0,0.162743135,0.0
Kenya,KE,Kitui,L1KEN1511,2001,0.086577049,0.0,0.405662399,0.0
Kenya,KE,Kitui,L1KEN1511,2002,0.763804863,0.0,0.707173444,0.0
Kenya,KE,Kitui,L1KEN1511,2003,0.431518422,0.0,0.249284893,0.0
Kenya,KE,Kitui,L1KEN1511,2004,0.353743866,0.0,0.18022097,0.0
Kenya,KE,Kitui,L1KEN1511,2005,0.193562333,0.0,0.069869755,0.0
Kenya,KE,Kitui,L1KEN1511,2006,0.273309225,0.0,0.327268562,0.0
Kenya,KE,Kitui,L1KEN1511,2007,1.352554752,0.0,0.363595372,0.0
Kenya,KE,Kitui,L1KEN1511,2008,0.730070948,0.0,0.0,0.0
Kenya,KE,Kitui,L1KEN1511,2009,0.968477014,0.0,0.0,0.0
Kenya,KE,Kitui,L1KEN1511,2010,0.51700379,0.0,0.0,0.0
Kenya,KE,Kitui,L1KEN1511,2011,0.419040217,0.0,0.362170284,0.0
Kenya,KE,Kitui,L1KEN1511,2012,1.692,36.610626115,1.5271938760000001,0.0
Kenya,KE,Kitui,L1KEN1511,2013,1.224,10.137609136,0.747,0.0
Kenya,KE,Kitui,L1KEN1511,2014,1.9889999999999999,17.886555571,0.8033328,0.0
Kenya,KE,Kitui,L1KEN1511,2019,0.858770235,0.0,0.0,0.0
Kenya,KE,Kwale,L1KEN1512,1982,1.223593661,0.0,0.6,0.0
Kenya,KE,Kwale,L1KEN1512,1983,1.082476567,0.0,0.6,0.0
Kenya,KE,Kwale,L1KEN1512,1984,1.521954498,0.0,0.5,0.0
Kenya,KE,Kwale,L1KEN1512,1985,2.449382716,0.0,0.802547771,0.0
Kenya,KE,Kwale,L1KEN1512,1986,2.452058986,0.0,0.5,0.0
Kenya,KE,Kwale,L1KEN1512,1987,1.311283682,0.0,0.5,0.0
Kenya,KE,Kwale,L1KEN1512,1988,1.6981905140000002,0.0,0.5,0.0
Kenya,KE,Kwale,L1KEN1512,1989,2.89400483,0.0,0.600649351,0.0
Kenya,KE,Kwale,L1KEN1512,1990,3.57077381,0.0,0.30417495,0.0
Kenya,KE,Kwale,L1KEN1512,1991,0.9,0.0,0.19534282,0.0
Kenya,KE,Kwale,L1KEN1512,1992,1.341362858,0.0,0.582880435,0.0
Kenya,KE,Kwale,L1KEN1512,1993,0.877206431,0.0,0.405514706,0.0
Kenya,KE,Kwale,L1KEN1512,1994,0.81,0.0,0.7,0.0
Kenya,KE,Kwale,L1KEN1512,1995,0.81,0.0,0.53247012,0.0
Kenya,KE,Kwale,L1KEN1512,1996,0.81,0.0,0.789655172,0.0
Kenya,KE,Kwale,L1KEN1512,1997,1.120232432,0.0,0.55516129,0.0
Kenya,KE,Kwale,L1KEN1512,1998,1.481656137,0.0,0.374226804,0.0
Kenya,KE,Kwale,L1KEN1512,1999,0.989991055,0.0,0.560123967,0.0
Kenya,KE,Kwale,L1KEN1512,2000,1.098142633,0.0,0.559964333,0.0
Kenya,KE,Kwale,L1KEN1512,2001,0.99004181,0.0,0.559825674,0.0
Kenya,KE,Kwale,L1KEN1512,2002,0.810081008,0.0,0.531377169,0.0
Kenya,KE,Kwale,L1KEN1512,2003,0.715980689,0.0,0.536663124,0.0
Kenya,KE,Kwale,L1KEN1512,2004,0.990090064,0.0,0.406783588,0.0
Kenya,KE,Kwale,L1KEN1512,2005,0.520652338,0.0,0.396958877,0.0
Kenya,KE,Kwale,L1KEN1512,2006,0.74161472,0.0,0.540475593,0.0
Kenya,KE,Kwale,L1KEN1512,2007,0.6,0.0,0.59919571,0.0
Kenya,KE,Kwale,L1KEN1512,2008,1.492100336,0.0,0.0,0.0
Kenya,KE,Kwale,L1KEN1512,2009,1.43422609,0.0,0.0,0.0
Kenya,KE,Kwale,L1KEN1512,2010,1.12240982,0.0,0.0,0.0
Kenya,KE,Kwale,L1KEN1512,2011,1.047678592,0.0,0.586237052,0.0
Kenya,KE,Kwale,L1KEN1512,2012,4.418596231,7.106332793,0.426075949,0.0
Kenya,KE,Kwale,L1KEN1512,2013,6.205073826,32.13087869,1.089,0.0
Kenya,KE,Kwale,L1KEN1512,2014,2.6669410840000003,5.810473815,1.1571273,0.0
Kenya,KE,Kwale,L1KEN1512,2015,1.116591928,0.0,0.0,0.0
Kenya,KE,Kwale,L1KEN1512,2019,0.331646449,0.0,0.0,0.0
Kenya,KE,Laikipia,L1KEN1513,1982,4.410071627,0.0,1.17,0.0
Kenya,KE,Laikipia,L1KEN1513,1983,4.132034043,0.0,1.11796875,0.0
Kenya,KE,Laikipia,L1KEN1513,1984,0.76865485,0.0,0.135029354,0.0
Kenya,KE,Laikipia,L1KEN1513,1985,5.4,0.0,0.71884058,0.0
Kenya,KE,Laikipia,L1KEN1513,1986,6.03,0.0,1.08,0.0
Kenya,KE,Laikipia,L1KEN1513,1987,2.880006512,0.0,0.450051376,0.0
Kenya,KE,Laikipia,L1KEN1513,1988,4.950030168,0.0,0.450051376,0.0
Kenya,KE,Laikipia,L1KEN1513,1989,4.421612903,0.0,0.9,0.0
Kenya,KE,Laikipia,L1KEN1513,1990,3.539977908,0.0,0.449974187,0.0
Kenya,KE,Laikipia,L1KEN1513,1991,3.42,0.0,0.72,0.0
Kenya,KE,Laikipia,L1KEN1513,1992,3.7800000000000002,0.0,0.18,0.0
Kenya,KE,Laikipia,L1KEN1513,1993,2.07,0.0,0.45,0.0
Kenya,KE,Laikipia,L1KEN1513,1994,4.05,0.0,0.45,0.0
Kenya,KE,Laikipia,L1KEN1513,1995,3.6,0.0,0.36,0.0
Kenya,KE,Laikipia,L1KEN1513,1996,3.42,0.0,0.112288625,0.0
Kenya,KE,Laikipia,L1KEN1513,1997,3.104829324,0.0,0.270027003,0.0
Kenya,KE,Laikipia,L1KEN1513,1998,1.899497487,0.0,0.450045005,0.0
Kenya,KE,Laikipia,L1KEN1513,1999,2.654237288,0.0,0.131842105,0.0
Kenya,KE,Laikipia,L1KEN1513,2000,2.527359199,0.0,0.181076931,0.0
Kenya,KE,Laikipia,L1KEN1513,2001,3.5821723600000004,0.0,0.263717961,0.0
Kenya,KE,Laikipia,L1KEN1513,2002,2.788680627,0.0,0.354712891,0.0
Kenya,KE,Laikipia,L1KEN1513,2003,2.730652483,0.0,0.211369452,0.0
Kenya,KE,Laikipia,L1KEN1513,2004,2.7235455670000004,0.0,0.157303371,0.0
Kenya,KE,Laikipia,L1KEN1513,2005,3.4619642859999997,0.0,0.258775878,0.0
Kenya,KE,Laikipia,L1KEN1513,2006,3.086112392,0.0,0.900090009,0.0
Kenya,KE,Laikipia,L1KEN1513,2007,4.149570201,0.0,1.0,0.0
Kenya,KE,Laikipia,L1KEN1513,2008,1.508383088,0.0,0.0,0.0
Kenya,KE,Laikipia,L1KEN1513,2009,0.83322893,0.0,0.0,0.0
Kenya,KE,Laikipia,L1KEN1513,2010,5.005749177,7.62046401,0.0,0.0
Kenya,KE,Laikipia,L1KEN1513,2011,3.781287447,4.475811796,0.32784415,0.0
Kenya,KE,Laikipia,L1KEN1513,2012,8.928,24.729465683,1.642108696,0.0
Kenya,KE,Laikipia,L1KEN1513,2013,6.308999999999999,31.837999249999996,1.6,0.0
Kenya,KE,Laikipia,L1KEN1513,2014,4.761,32.76410862,1.6920000000000002,0.0
Kenya,KE,Laikipia,L1KEN1513,2019,1.733860734,0.0,0.0,0.0
Kenya,KE,Lamu,L1KEN1514,1982,1.6905405409999998,0.0,0.0,0.0
Kenya,KE,Lamu,L1KEN1514,1983,2.007223796,0.0,0.0,0.0
Kenya,KE,Lamu,L1KEN1514,1984,1.9,0.0,0.0,0.0
Kenya,KE,Lamu,L1KEN1514,1985,2.199762893,0.0,0.0,0.0
Kenya,KE,Lamu,L1KEN1514,1986,2.320385514,0.0,0.0,0.0
Kenya,KE,Lamu,L1KEN1514,1987,2.0,0.0,0.0,0.0
Kenya,KE,Lamu,L1KEN1514,1988,1.25,0.0,0.0,0.0
Kenya,KE,Lamu,L1KEN1514,1989,1.974653622,0.0,0.0,0.0
Kenya,KE,Lamu,L1KEN1514,1990,1.032967033,0.0,0.0,0.0
Kenya,KE,Lamu,L1KEN1514,1991,0.72,0.0,0.0,0.0
Kenya,KE,Lamu,L1KEN1514,1992,1.165076495,0.0,0.0,0.0
Kenya,KE,Lamu,L1KEN1514,1993,0.9,0.0,0.0,0.0
Kenya,KE,Lamu,L1KEN1514,1994,0.72,0.0,0.0,0.0
Kenya,KE,Lamu,L1KEN1514,1995,0.81,0.0,0.0,0.0
Kenya,KE,Lamu,L1KEN1514,1996,0.81,0.0,0.0,0.0
Kenya,KE,Lamu,L1KEN1514,1997,0.995915614,0.0,0.0,0.0
Kenya,KE,Lamu,L1KEN1514,1998,1.173991935,0.0,0.0,0.0
Kenya,KE,Lamu,L1KEN1514,1999,0.990175934,0.0,0.0,0.0
Kenya,KE,Lamu,L1KEN1514,2000,0.990113083,0.0,0.0,0.0
Kenya,KE,Lamu,L1KEN1514,2001,0.99,0.0,0.0,0.0
Kenya,KE,Lamu,L1KEN1514,2002,0.81015115,0.0,0.0,0.0
Kenya,KE,Lamu,L1KEN1514,2003,0.582538393,0.0,0.0,0.0
Kenya,KE,Lamu,L1KEN1514,2004,0.990274961,0.0,0.0,0.0
Kenya,KE,Lamu,L1KEN1514,2005,1.253200237,0.0,0.0,0.0
Kenya,KE,Lamu,L1KEN1514,2006,1.080108011,0.0,0.0,0.0
Kenya,KE,Lamu,L1KEN1514,2007,1.28,0.0,0.0,0.0
Kenya,KE,Lamu,L1KEN1514,2008,1.55,0.0,0.0,0.0
Kenya,KE,Lamu,L1KEN1514,2009,1.53,0.0,0.0,0.0
Kenya,KE,Lamu,L1KEN1514,2010,1.93,0.0,0.0,0.0
Kenya,KE,Lamu,L1KEN1514,2011,0.800735287,0.0,0.34735106,0.0
Kenya,KE,Lamu,L1KEN1514,2012,1.8900000000000001,39.586114304,1.16937931,0.0
Kenya,KE,Lamu,L1KEN1514,2013,4.819941176,41.384368,2.115,0.0
Kenya,KE,Lamu,L1KEN1514,2014,4.304725275,43.73972722,1.3887423,0.0
Kenya,KE,Lamu,L1KEN1514,2015,3.255743992,0.0,0.0,0.0
Kenya,KE,Lamu,L1KEN1514,2016,1.975304404,0.0,0.0,0.0
Kenya,KE,Lamu,L1KEN1514,2019,0.314296875,0.0,0.0,0.0
Kenya,KE,Machakos,L1KEN1515,1982,1.439825797,0.0,0.792502231,1.462485763
Kenya,KE,Machakos,L1KEN1515,1983,1.169532499,0.0,0.899996134,1.632260981
Kenya,KE,Machakos,L1KEN1515,1984,0.632065145,0.0,0.134988506,0.215387374
Kenya,KE,Machakos,L1KEN1515,1985,1.026413535,0.0,0.454545455,1.521072453
Kenya,KE,Machakos,L1KEN1515,1986,1.269557381,0.0,0.828091779,1.98825872
Kenya,KE,Machakos,L1KEN1515,1987,1.434696963,0.0,0.559719764,0.389058524
Kenya,KE,Machakos,L1KEN1515,1988,2.747587022,0.0,0.285695709,0.0
Kenya,KE,Machakos,L1KEN1515,1989,2.0766388740000004,0.0,0.309998195,0.622980756
Kenya,KE,Machakos,L1KEN1515,1990,2.374853986,0.0,0.791810336,0.0
Kenya,KE,Machakos,L1KEN1515,1991,0.45,0.0,0.539998028,0.0
Kenya,KE,Machakos,L1KEN1515,1992,0.971162946,0.0,0.526965799,0.0
Kenya,KE,Machakos,L1KEN1515,1993,0.8991,0.0,0.36,0.0
Kenya,KE,Machakos,L1KEN1515,1994,1.093521496,0.0,0.35352106,0.0
Kenya,KE,Machakos,L1KEN1515,1995,0.578310948,0.0,0.44999469,0.0
Kenya,KE,Machakos,L1KEN1515,1996,0.0225,0.0,0.09,0.0
Kenya,KE,Machakos,L1KEN1515,1997,0.49520941,0.0,0.135,0.0
Kenya,KE,Machakos,L1KEN1515,1998,0.36,0.0,0.205486648,0.0
Kenya,KE,Machakos,L1KEN1515,1999,0.263775701,0.0,0.334729265,0.0
Kenya,KE,Machakos,L1KEN1515,2000,0.72,0.0,0.451089192,0.0
Kenya,KE,Machakos,L1KEN1515,2001,0.476163046,0.0,0.630784558,0.0
Kenya,KE,Machakos,L1KEN1515,2002,0.772425138,0.0,0.501318052,0.0
Kenya,KE,Machakos,L1KEN1515,2003,0.412758621,0.0,0.220626959,0.0
Kenya,KE,Machakos,L1KEN1515,2004,0.263802081,0.0,0.533942308,0.0
Kenya,KE,Machakos,L1KEN1515,2005,0.249332412,0.0,0.689425532,0.0
Kenya,KE,Machakos,L1KEN1515,2006,0.634578201,0.0,0.556042467,0.0
Kenya,KE,Machakos,L1KEN1515,2007,0.705016381,0.0,0.556042467,0.0
Kenya,KE,Machakos,L1KEN1515,2008,0.481584433,0.0,0.0,0.0
Kenya,KE,Machakos,L1KEN1515,2009,0.950789531,0.0,0.0,0.0
Kenya,KE,Machakos,L1KEN1515,2010,0.800807398,0.0,0.0,0.0
Kenya,KE,Machakos,L1KEN1515,2011,0.637209049,6.75,0.403735854,0.0
Kenya,KE,Machakos,L1KEN1515,2012,1.08,54.518055630000006,1.409713252,0.0
Kenya,KE,Machakos,L1KEN1515,2013,2.6189999999999998,30.481470459999997,1.476,0.0
Kenya,KE,Machakos,L1KEN1515,2014,2.952,28.77896978,0.711,0.0
Kenya,KE,Machakos,L1KEN1515,2015,1.253069028,0.0,0.0,0.0
Kenya,KE,Machakos,L1KEN1515,2016,0.54,0.0,0.0,0.0
Kenya,KE,Machakos,L1KEN1515,2019,0.475969148,0.0,0.0,0.0
Kenya,KE,Makueni,L1KEN1516,1982,1.439825797,0.0,0.792502231,1.462485763
Kenya,KE,Makueni,L1KEN1516,1983,1.169532499,0.0,0.899996134,1.632260981
Kenya,KE,Makueni,L1KEN1516,1984,0.632065145,0.0,0.134988506,0.215387374
Kenya,KE,Makueni,L1KEN1516,1985,1.026413535,0.0,0.454545455,1.521072453
Kenya,KE,Makueni,L1KEN1516,1986,1.269557381,0.0,0.828091779,1.98825872
Kenya,KE,Makueni,L1KEN1516,1987,1.434696963,0.0,0.559719764,0.389058524
Kenya,KE,Makueni,L1KEN1516,1988,2.747587022,0.0,0.285695709,0.0
Kenya,KE,Makueni,L1KEN1516,1989,2.0766388740000004,0.0,0.309998195,0.622980756
Kenya,KE,Makueni,L1KEN1516,1990,2.374853986,0.0,0.791810336,0.0
Kenya,KE,Makueni,L1KEN1516,1991,0.0,0.0,0.539998028,0.0
Kenya,KE,Makueni,L1KEN1516,1992,0.670684435,0.0,0.9,0.0
Kenya,KE,Makueni,L1KEN1516,1993,0.0,0.0,0.553367347,0.0
Kenya,KE,Makueni,L1KEN1516,1994,1.011176471,0.0,0.6,0.0
Kenya,KE,Makueni,L1KEN1516,1995,0.354391431,0.0,0.1968107,0.0
Kenya,KE,Makueni,L1KEN1516,1996,0.09,0.0,0.007447005,0.0
Kenya,KE,Makueni,L1KEN1516,1997,0.607334802,0.0,0.225,0.0
Kenya,KE,Makueni,L1KEN1516,1998,0.25545302,0.0,0.167259036,0.0
Kenya,KE,Makueni,L1KEN1516,1999,0.396,0.0,0.63678657,0.0
Kenya,KE,Makueni,L1KEN1516,2000,0.640588235,0.0,0.479140937,0.0
Kenya,KE,Makueni,L1KEN1516,2001,0.546908316,0.0,0.436697248,0.0
Kenya,KE,Makueni,L1KEN1516,2002,0.520819623,0.0,0.4375,0.0
Kenya,KE,Makueni,L1KEN1516,2003,0.277977273,0.0,0.123025907,0.0
Kenya,KE,Makueni,L1KEN1516,2004,0.396039604,0.0,0.131538462,0.0
Kenya,KE,Makueni,L1KEN1516,2005,0.129323277,0.0,0.091671307,0.0
Kenya,KE,Makueni,L1KEN1516,2006,0.310597228,0.0,0.418543989,0.0
Kenya,KE,Makueni,L1KEN1516,2007,0.61551464,0.0,0.418543989,0.0
Kenya,KE,Makueni,L1KEN1516,2008,0.41,0.0,0.0,0.0
Kenya,KE,Makueni,L1KEN1516,2009,0.799983907,0.0,0.0,0.0
Kenya,KE,Makueni,L1KEN1516,2010,0.550473599,4.373333333,0.0,0.0
Kenya,KE,Makueni,L1KEN1516,2011,0.458845628,0.0,0.326946117,0.0
Kenya,KE,Makueni,L1KEN1516,2012,1.7819999999999998,23.15568466,1.620546667,0.0
Kenya,KE,Makueni,L1KEN1516,2013,1.1340000000000001,22.708656462,0.864,0.0
Kenya,KE,Makueni,L1KEN1516,2014,1.017,23.565139854,0.9249201,0.0
Kenya,KE,Makueni,L1KEN1516,2015,1.268901013,0.0,0.0,0.0
Kenya,KE,Makueni,L1KEN1516,2016,0.552272727,0.0,0.0,0.0
Kenya,KE,Makueni,L1KEN1516,2019,0.568965592,0.0,0.0,0.0
Kenya,KE,Mandera,L1KEN1517,1982,0.9,0.0,0.0,0.0
Kenya,KE,Mandera,L1KEN1517,1983,0.444980014,0.0,0.0,0.0
Kenya,KE,Mandera,L1KEN1517,1984,1.517054264,0.0,0.16,0.0
Kenya,KE,Mandera,L1KEN1517,1985,0.454627134,0.0,1.0,0.0
Kenya,KE,Mandera,L1KEN1517,1986,0.442494907,0.0,0.0,0.0
Kenya,KE,Mandera,L1KEN1517,1987,0.562556256,0.0,0.0,0.0
Kenya,KE,Mandera,L1KEN1517,1988,0.229989328,0.0,0.0,0.0
Kenya,KE,Mandera,L1KEN1517,1989,0.209711846,0.0,0.90009,0.0
Kenya,KE,Mandera,L1KEN1517,1991,1.348641509,0.0,0.0,0.0
Kenya,KE,Mandera,L1KEN1517,1992,1.272997573,0.0,0.0,0.0
Kenya,KE,Mandera,L1KEN1517,1993,1.01,0.0,0.0,0.0
Kenya,KE,Mandera,L1KEN1517,1997,0.899853801,0.0,0.4,0.0
Kenya,KE,Mandera,L1KEN1517,1998,0.761259259,0.0,0.733333333,0.0
Kenya,KE,Mandera,L1KEN1517,1999,0.613325153,0.0,0.0,0.0
Kenya,KE,Mandera,L1KEN1517,2000,0.449935714,0.0,0.0,0.0
Kenya,KE,Mandera,L1KEN1517,2001,0.72,0.0,0.0,0.0
Kenya,KE,Mandera,L1KEN1517,2002,0.989970977,0.0,0.0,0.0
Kenya,KE,Mandera,L1KEN1517,2003,1.124344569,0.0,0.0,0.0
Kenya,KE,Mandera,L1KEN1517,2004,1.239534884,0.0,0.0,0.0
Kenya,KE,Mandera,L1KEN1517,2005,0.273360669,0.0,0.0,0.0
Kenya,KE,Mandera,L1KEN1517,2006,0.199819982,0.0,0.0,0.0
Kenya,KE,Mandera,L1KEN1517,2007,1.170745967,0.0,0.0,0.0
Kenya,KE,Mandera,L1KEN1517,2008,0.809441634,0.0,0.0,0.0
Kenya,KE,Mandera,L1KEN1517,2010,0.17394958,0.0,0.0,0.0
Kenya,KE,Mandera,L1KEN1517,2011,0.220651574,0.0,0.520767414,0.0
Kenya,KE,Mandera,L1KEN1517,2012,0.036,0.0,1.252409266,0.0
Kenya,KE,Mandera,L1KEN1517,2013,0.99,0.0,0.0,0.0
Kenya,KE,Mandera,L1KEN1517,2014,0.729,0.0,0.0,0.0
Kenya,KE,Mandera,L1KEN1517,2019,0.375226719,0.0,0.0,0.0
Kenya,KE,Marsabit,L1KEN1518,1982,1.211089588,0.0,0.288,0.0
Kenya,KE,Marsabit,L1KEN1518,1983,1.26097561,0.0,0.0,0.0
Kenya,KE,Marsabit,L1KEN1518,1984,1.2,0.0,0.500266951,0.0
Kenya,KE,Marsabit,L1KEN1518,1985,2.252740996,0.0,0.62295082,0.0
Kenya,KE,Marsabit,L1KEN1518,1986,2.2499450850000002,0.0,0.713513514,0.0
Kenya,KE,Marsabit,L1KEN1518,1987,2.249962659,0.0,0.711842105,0.0
Kenya,KE,Marsabit,L1KEN1518,1988,2.41920891,0.0,0.543313709,0.0
Kenya,KE,Marsabit,L1KEN1518,1989,1.332016806,0.0,0.532170543,0.0
Kenya,KE,Marsabit,L1KEN1518,1990,1.700375011,0.0,0.0,0.0
Kenya,KE,Marsabit,L1KEN1518,1991,0.78,0.0,0.536912752,0.0
Kenya,KE,Marsabit,L1KEN1518,1992,1.104672269,0.0,0.24,0.0
Kenya,KE,Marsabit,L1KEN1518,1993,0.5,0.0,0.1,0.0
Kenya,KE,Marsabit,L1KEN1518,1994,1.671879033,0.0,0.1,0.0
Kenya,KE,Marsabit,L1KEN1518,1995,1.98,0.0,0.540277778,0.0
Kenya,KE,Marsabit,L1KEN1518,1996,1.17,0.0,0.100770333,0.0
Kenya,KE,Marsabit,L1KEN1518,1997,2.034285714,0.0,0.220222222,0.0
Kenya,KE,Marsabit,L1KEN1518,1998,1.033371063,0.0,0.144864865,0.0
Kenya,KE,Marsabit,L1KEN1518,1999,0.432765957,0.0,0.435267407,0.0
Kenya,KE,Marsabit,L1KEN1518,2001,0.936,0.0,0.0,0.0
Kenya,KE,Marsabit,L1KEN1518,2002,1.458034203,0.0,0.552063492,0.0
Kenya,KE,Marsabit,L1KEN1518,2003,0.954705882,0.0,0.433650794,0.0
Kenya,KE,Marsabit,L1KEN1518,2004,0.66361029,0.0,0.232118644,0.0
Kenya,KE,Marsabit,L1KEN1518,2005,0.790118616,0.0,0.153891794,0.0
Kenya,KE,Marsabit,L1KEN1518,2006,0.263019938,0.0,0.305417134,0.0
Kenya,KE,Marsabit,L1KEN1518,2007,0.26,0.0,0.199971351,0.0
Kenya,KE,Marsabit,L1KEN1518,2008,0.874522547,0.0,0.0,0.0
Kenya,KE,Marsabit,L1KEN1518,2009,0.14568682,0.0,0.0,0.0
Kenya,KE,Marsabit,L1KEN1518,2010,0.293928571,0.0,0.0,0.0
Kenya,KE,Marsabit,L1KEN1518,2011,0.128070501,0.0,0.60168693,0.0
Kenya,KE,Marsabit,L1KEN1518,2012,1.0710000000000002,2.0,0.36,0.0
Kenya,KE,Marsabit,L1KEN1518,2013,3.7889999999999997,2.5,0.648,0.0
Kenya,KE,Marsabit,L1KEN1518,2014,3.798,2.5,0.648,0.0
Kenya,KE,Marsabit,L1KEN1518,2015,2.86513613,0.0,0.0,0.0
Kenya,KE,Marsabit,L1KEN1518,2016,1.224597902,0.0,0.0,0.0
Kenya,KE,Marsabit,L1KEN1518,2019,0.54,0.0,0.0,0.0
Kenya,KE,Meru,L1KEN1519,1982,4.819700748000001,0.0,0.847058824,3.179361111
Kenya,KE,Meru,L1KEN1519,1983,4.071784077,0.0,0.898270833,2.34282225
Kenya,KE,Meru,L1KEN1519,1984,3.317886495,0.0,0.466224292,2.27317257
Kenya,KE,Meru,L1KEN1519,1985,4.435621526,0.0,0.675044956,1.697321894
Kenya,KE,Meru,L1KEN1519,1986,4.858306540999999,0.0,1.436979468,0.472146542
Kenya,KE,Meru,L1KEN1519,1987,4.146889193,0.0,1.148015298,0.468601674
Kenya,KE,Meru,L1KEN1519,1988,6.886169124,0.0,1.064852851,0.0
Kenya,KE,Meru,L1KEN1519,1989,5.501409913,0.0,0.72,0.505333333
Kenya,KE,Meru,L1KEN1519,1990,5.567902622,0.0,0.806473608,0.0
Kenya,KE,Meru,L1KEN1519,1991,1.453467621,0.0,0.539848474,0.0
Kenya,KE,Meru,L1KEN1519,1992,2.7445866929999996,0.0,1.226576331,0.0
Kenya,KE,Meru,L1KEN1519,1993,1.63,0.0,0.155910495,0.0
Kenya,KE,Meru,L1KEN1519,1994,4.06643002,0.0,0.298290694,0.0
Kenya,KE,Meru,L1KEN1519,1995,4.530122449,0.0,0.72,0.0
Kenya,KE,Meru,L1KEN1519,1996,3.96,0.0,0.264633586,0.0
Kenya,KE,Meru,L1KEN1519,1997,1.26,0.0,0.636183631,0.0
Kenya,KE,Meru,L1KEN1519,1998,1.172096622,0.0,0.650486428,0.0
Kenya,KE,Meru,L1KEN1519,1999,0.270027003,0.0,0.436099104,0.0
Kenya,KE,Meru,L1KEN1519,2000,1.08329417,0.0,0.527933656,0.0
Kenya,KE,Meru,L1KEN1519,2001,2.772308014,0.0,0.684154466,0.0
Kenya,KE,Meru,L1KEN1519,2002,3.090195664,0.0,0.680642629,0.0
Kenya,KE,Meru,L1KEN1519,2003,3.7319562050000004,0.0,0.333275633,0.0
Kenya,KE,Meru,L1KEN1519,2004,2.528319211,0.0,0.086399931,0.0
Kenya,KE,Meru,L1KEN1519,2005,2.173872796,0.0,0.347685277,0.0
Kenya,KE,Meru,L1KEN1519,2006,2.982148294,0.0,0.498733014,0.0
Kenya,KE,Meru,L1KEN1519,2007,2.5257507080000003,0.0,0.554092379,0.0
Kenya,KE,Meru,L1KEN1519,2008,0.48,0.0,0.0,0.0
Kenya,KE,Meru,L1KEN1519,2009,1.948485276,0.0,0.0,0.0
Kenya,KE,Meru,L1KEN1519,2010,1.291541184,14.07827979,0.0,0.0
Kenya,KE,Meru,L1KEN1519,2011,4.556747895,14.34994861,0.73006137,0.0
Kenya,KE,Meru,L1KEN1519,2012,10.503084947000001,59.251697312999994,2.515342474,0.0
Kenya,KE,Meru,L1KEN1519,2013,9.397708738,26.27117542,1.431,0.0
Kenya,KE,Meru,L1KEN1519,2014,8.539186417,26.182243451,0.873,0.0
Kenya,KE,Meru,L1KEN1519,2019,0.950392521,0.0,0.0,0.0
Kenya,KE,Migori,L1KEN1520,1992,2.459266792,0.0,0.0,0.0
Kenya,KE,Migori,L1KEN1520,1993,1.8,0.0,0.0,0.0
Kenya,KE,Migori,L1KEN1520,1994,2.7,0.0,0.0,0.0
Kenya,KE,Migori,L1KEN1520,1996,2.7,0.0,0.0,0.0
Kenya,KE,Migori,L1KEN1520,1997,2.16,0.0,0.0,0.0
Kenya,KE,Migori,L1KEN1520,1998,2.123264412,0.0,0.0,0.0
Kenya,KE,Migori,L1KEN1520,1999,2.25,0.0,0.0,0.0
Kenya,KE,Migori,L1KEN1520,2000,2.25,0.0,0.0,0.0
Kenya,KE,Migori,L1KEN1520,2001,2.25,0.0,0.0,0.0
Kenya,KE,Migori,L1KEN1520,2002,2.115452748,0.0,0.0,0.0
Kenya,KE,Migori,L1KEN1520,2003,2.070441016,0.0,0.0,0.0
Kenya,KE,Migori,L1KEN1520,2004,0.64,0.0,0.0,0.0
Kenya,KE,Migori,L1KEN1520,2005,0.68,0.0,0.0,0.0
Kenya,KE,Migori,L1KEN1520,2006,2.041099823,0.0,0.0,0.0
Kenya,KE,Migori,L1KEN1520,2007,2.34,0.0,0.0,0.0
Kenya,KE,Migori,L1KEN1520,2008,0.73,0.0,0.0,0.0
Kenya,KE,Migori,L1KEN1520,2009,1.445423341,0.0,0.0,0.0
Kenya,KE,Migori,L1KEN1520,2010,1.441257632,0.0,0.0,0.0
Kenya,KE,Migori,L1KEN1520,2011,1.79984599,0.0,0.0,0.0
Kenya,KE,Migori,L1KEN1520,2012,7.776,31.21643031,1.152,0.0
Kenya,KE,Migori,L1KEN1520,2013,1.9854911030000002,9.683208144,1.0979999999999999,0.0
Kenya,KE,Migori,L1KEN1520,2014,3.2283874280000004,7.951939272000001,0.9179999999999999,0.0
Kenya,KE,Migori,L1KEN1520,2019,0.804424779,0.0,0.0,0.0
Kenya,KE,Mombasa,L1KEN1521,1982,0.7,0.0,0.0,0.0
Kenya,KE,Mombasa,L1KEN1521,1983,0.8,0.0,0.0,0.0
Kenya,KE,Mombasa,L1KEN1521,1984,1.3,0.0,0.0,0.0
Kenya,KE,Mombasa,L1KEN1521,1985,1.1,0.0,0.666666667,0.0
Kenya,KE,Mombasa,L1KEN1521,1986,1.0,0.0,0.857142857,0.0
Kenya,KE,Mombasa,L1KEN1521,1987,0.93968254,0.0,0.0,0.0
Kenya,KE,Mombasa,L1KEN1521,1988,1.179456907,0.0,0.0,0.0
Kenya,KE,Mombasa,L1KEN1521,1989,1.222390318,0.0,0.0,0.0
Kenya,KE,Mombasa,L1KEN1521,1990,1.07,0.0,0.0,0.0
Kenya,KE,Mombasa,L1KEN1521,1991,0.9,0.0,0.0,0.0
Kenya,KE,Mombasa,L1KEN1521,1992,0.9756,0.0,0.0,0.0
Kenya,KE,Mombasa,L1KEN1521,1993,0.56598862,0.0,0.0,0.0
Kenya,KE,Mombasa,L1KEN1521,1994,0.81,0.0,0.0,0.0
Kenya,KE,Mombasa,L1KEN1521,1995,0.99,0.0,0.0,0.0
Kenya,KE,Mombasa,L1KEN1521,1996,0.81,0.0,0.0,0.0
Kenya,KE,Mombasa,L1KEN1521,1997,1.189411765,0.0,0.35,0.0
Kenya,KE,Mombasa,L1KEN1521,1998,1.684918033,0.0,0.7,0.0
Kenya,KE,Mombasa,L1KEN1521,1999,0.985263158,0.0,0.56,0.0
Kenya,KE,Mombasa,L1KEN1521,2000,0.991064189,0.0,0.0,0.0
Kenya,KE,Mombasa,L1KEN1521,2001,0.99,0.0,0.0,0.0
Kenya,KE,Mombasa,L1KEN1521,2002,0.810081008,0.0,0.0,0.0
Kenya,KE,Mombasa,L1KEN1521,2003,0.646434209,0.0,0.24,0.0
Kenya,KE,Mombasa,L1KEN1521,2004,0.985361694,0.0,0.818181818,0.0
Kenya,KE,Mombasa,L1KEN1521,2005,0.566143571,0.0,0.9,0.0
Kenya,KE,Mombasa,L1KEN1521,2006,0.478898064,0.0,0.270027002,0.0
Kenya,KE,Mombasa,L1KEN1521,2007,1.0,0.0,0.0,0.0
Kenya,KE,Mombasa,L1KEN1521,2008,1.544739557,0.0,0.0,0.0
Kenya,KE,Mombasa,L1KEN1521,2009,0.286476975,0.0,0.0,0.0
Kenya,KE,Mombasa,L1KEN1521,2010,0.448145344,0.0,0.0,0.0
Kenya,KE,Mombasa,L1KEN1521,2011,0.883664921,0.0,0.324,0.0
Kenya,KE,Mombasa,L1KEN1521,2012,3.99,23.46226415,0.777,0.0
Kenya,KE,Mombasa,L1KEN1521,2013,5.083,19.224014337,0.369,0.0
Kenya,KE,Mombasa,L1KEN1521,2014,0.513,9.017699115,0.252,0.0
Kenya,KE,Mombasa,L1KEN1521,2015,2.720378619,0.0,0.0,0.0
Kenya,KE,Mombasa,L1KEN1521,2016,0.545806452,0.0,0.0,0.0
Kenya,KE,Mombasa,L1KEN1521,2019,0.285869018,0.0,0.0,0.0
Kenya,KE,Murang'a,L1KEN1522,1982,1.08,0.0,0.450648601,0.866831171
Kenya,KE,Murang'a,L1KEN1522,1983,0.900009195,0.0,0.449994002,1.244975471
Kenya,KE,Murang'a,L1KEN1522,1984,1.108384619,0.0,0.72,0.906762612
Kenya,KE,Murang'a,L1KEN1522,1985,1.3,0.0,0.80997539,0.985189151
Kenya,KE,Murang'a,L1KEN1522,1986,1.530005644,0.0,0.990003366,0.0
Kenya,KE,Murang'a,L1KEN1522,1987,0.989969472,0.0,0.359981232,0.856852633
Kenya,KE,Murang'a,L1KEN1522,1988,1.528790497,0.0,0.36,1.25698324
Kenya,KE,Murang'a,L1KEN1522,1989,1.7,0.0,0.36,0.94615893
Kenya,KE,Murang'a,L1KEN1522,1990,1.6,0.0,0.54042086,0.929823688
Kenya,KE,Murang'a,L1KEN1522,1991,1.698295037,0.0,0.270027003,0.0
Kenya,KE,Murang'a,L1KEN1522,1992,1.431335249,0.0,0.415002229,0.0
Kenya,KE,Murang'a,L1KEN1522,1993,1.62,0.0,0.05264154,0.0
Kenya,KE,Murang'a,L1KEN1522,1994,1.5,0.0,0.406459941,0.0
Kenya,KE,Murang'a,L1KEN1522,1995,1.315593528,0.0,0.225941795,0.0
Kenya,KE,Murang'a,L1KEN1522,1996,1.35,0.0,0.286398305,0.0
Kenya,KE,Murang'a,L1KEN1522,1997,1.533006682,0.0,0.16671,0.0
Kenya,KE,Murang'a,L1KEN1522,1998,0.845052632,0.0,0.238056888,0.0
Kenya,KE,Murang'a,L1KEN1522,1999,0.454864865,0.0,0.311847222,0.0
Kenya,KE,Murang'a,L1KEN1522,2000,0.34783633,0.0,0.307482548,0.0
Kenya,KE,Murang'a,L1KEN1522,2001,0.72507188,0.0,0.364197307,0.0
Kenya,KE,Murang'a,L1KEN1522,2002,1.321549127,0.0,0.0,0.0
Kenya,KE,Murang'a,L1KEN1522,2003,0.680705106,0.0,0.0,0.0
Kenya,KE,Murang'a,L1KEN1522,2004,0.475291695,0.0,0.0,0.0
Kenya,KE,Murang'a,L1KEN1522,2005,0.919811697,0.0,0.0,0.0
Kenya,KE,Murang'a,L1KEN1522,2006,0.868547009,0.0,0.0,0.0
Kenya,KE,Murang'a,L1KEN1522,2007,0.875305493,0.0,0.842949452,0.0
Kenya,KE,Murang'a,L1KEN1522,2008,0.239681046,0.0,0.0,0.0
Kenya,KE,Murang'a,L1KEN1522,2009,0.21,0.0,0.0,0.0
Kenya,KE,Murang'a,L1KEN1522,2010,0.854128617,11.46016798,0.0,0.0
Kenya,KE,Murang'a,L1KEN1522,2011,1.155276424,6.205882353,0.0,0.0
Kenya,KE,Murang'a,L1KEN1522,2012,0.0,12.425041634,0.18878628,0.0
Kenya,KE,Murang'a,L1KEN1522,2013,0.0,4.339207048,0.0,0.0
Kenya,KE,Murang'a,L1KEN1522,2014,0.0,4.137411765,0.0,0.0
Kenya,KE,Murang'a,L1KEN1522,2019,1.171702722,0.0,0.0,0.0
Kenya,KE,Nairobi,L1KEN1523,2019,0.280689905,0.0,0.0,0.0
Kenya,KE,Nakuru,L1KEN1524,1982,4.591270766,0.0,0.539982455,0.636755824
Kenya,KE,Nakuru,L1KEN1524,1983,7.163039963,0.0,0.359832781,0.615797172
Kenya,KE,Nakuru,L1KEN1524,1984,5.844006707,0.0,0.148271363,0.604594921
Kenya,KE,Nakuru,L1KEN1524,1985,6.359442846,0.0,0.54,0.30834341
Kenya,KE,Nakuru,L1KEN1524,1986,6.333039648,0.0,0.539818451,0.390511802
Kenya,KE,Nakuru,L1KEN1524,1987,2.7,0.0,0.539155939,0.0
Kenya,KE,Nakuru,L1KEN1524,1988,6.750022044,0.0,0.540011759,0.68533237
Kenya,KE,Nakuru,L1KEN1524,1989,5.91886661,0.0,0.539989293,0.399378668
Kenya,KE,Nakuru,L1KEN1524,1990,5.160710949,0.0,0.539997695,0.0
Kenya,KE,Nakuru,L1KEN1524,1991,4.048810153,0.0,0.620328454,0.0
Kenya,KE,Nakuru,L1KEN1524,1992,4.949121433,0.0,0.54,0.0
Kenya,KE,Nakuru,L1KEN1524,1993,1.6920000000000002,0.0,0.315,0.0
Kenya,KE,Nakuru,L1KEN1524,1994,4.68,0.0,0.585,0.0
Kenya,KE,Nakuru,L1KEN1524,1995,3.870003648,0.0,0.45,0.0
Kenya,KE,Nakuru,L1KEN1524,1996,4.23,0.0,0.359990927,0.0
Kenya,KE,Nakuru,L1KEN1524,1997,3.8027592529999996,0.0,0.170116866,0.0
Kenya,KE,Nakuru,L1KEN1524,1998,4.677675127,0.0,0.452326023,0.0
Kenya,KE,Nakuru,L1KEN1524,1999,2.083438254,0.0,0.098056865,0.0
Kenya,KE,Nakuru,L1KEN1524,2000,1.6257375020000002,0.0,0.04650465,0.0
Kenya,KE,Nakuru,L1KEN1524,2001,4.9873321090000005,0.0,0.540962223,0.0
Kenya,KE,Nakuru,L1KEN1524,2002,4.319720235,0.0,0.432502531,0.0
Kenya,KE,Nakuru,L1KEN1524,2003,4.62157912,0.0,0.633693581,0.0
Kenya,KE,Nakuru,L1KEN1524,2004,3.9329509600000003,0.0,0.133422804,0.0
Kenya,KE,Nakuru,L1KEN1524,2005,5.3597130879999995,0.0,0.685846869,0.0
Kenya,KE,Nakuru,L1KEN1524,2006,5.1181925459999995,0.0,0.449942683,0.0
Kenya,KE,Nakuru,L1KEN1524,2007,5.415309097,0.0,0.512993763,0.0
Kenya,KE,Nakuru,L1KEN1524,2008,2.150101042,0.0,0.0,0.0
Kenya,KE,Nakuru,L1KEN1524,2009,0.959646446,0.0,0.0,0.0
Kenya,KE,Nakuru,L1KEN1524,2010,6.144014331,10.12290538,0.0,0.0
Kenya,KE,Nakuru,L1KEN1524,2011,5.669648574,13.84141119,0.47205991,0.0
Kenya,KE,Nakuru,L1KEN1524,2012,12.532363188,52.674319385000004,2.0075373130000003,0.0
Kenya,KE,Nakuru,L1KEN1524,2013,9.320045113,26.763959079000003,1.242,0.0
Kenya,KE,Nakuru,L1KEN1524,2014,9.557699074,26.058589884,1.341,0.0
Kenya,KE,Nakuru,L1KEN1524,2015,1.884997,0.0,0.0,0.0
Kenya,KE,Nakuru,L1KEN1524,2019,1.924921577,0.0,0.0,0.0
Kenya,KE,Nandi,L1KEN1525,1982,3.5589508590000003,0.0,0.9,0.0
Kenya,KE,Nandi,L1KEN1525,1983,5.019778135999999,0.0,1.666540068,0.0
Kenya,KE,Nandi,L1KEN1525,1984,3.148395722,0.0,0.9,0.0
Kenya,KE,Nandi,L1KEN1525,1985,5.40680875,0.0,0.54,0.0
Kenya,KE,Nandi,L1KEN1525,1986,5.400503738,0.0,1.068064824,0.0
Kenya,KE,Nandi,L1KEN1525,1987,5.452583854,0.0,1.079973886,0.0
Kenya,KE,Nandi,L1KEN1525,1988,5.3999960090000005,0.0,1.079973886,0.0
Kenya,KE,Nandi,L1KEN1525,1989,6.30057322,0.0,0.900056148,0.0
Kenya,KE,Nandi,L1KEN1525,1990,4.338259268,0.0,0.989985896,0.0
Kenya,KE,Nandi,L1KEN1525,1991,5.487313433,0.0,0.45,0.0
Kenya,KE,Nandi,L1KEN1525,1992,4.95000082,0.0,0.72,0.0
Kenya,KE,Nandi,L1KEN1525,1993,1.44,0.0,0.630036381,0.0
Kenya,KE,Nandi,L1KEN1525,1994,5.58,0.0,0.9,0.0
Kenya,KE,Nandi,L1KEN1525,1995,5.67,0.0,0.81,0.0
Kenya,KE,Nandi,L1KEN1525,1996,5.220000000000001,0.0,0.72,0.0
Kenya,KE,Nandi,L1KEN1525,1997,3.686636536,0.0,0.540054005,0.0
Kenya,KE,Nandi,L1KEN1525,1998,5.220180018,0.0,0.750075007,0.0
Kenya,KE,Nandi,L1KEN1525,1999,2.702109375,0.0,0.718253968,0.0
Kenya,KE,Nandi,L1KEN1525,2000,4.316207455,0.0,0.897277228,0.0
Kenya,KE,Nandi,L1KEN1525,2001,4.4599398500000005,0.0,0.900090009,0.0
Kenya,KE,Nandi,L1KEN1525,2002,4.4147540979999995,0.0,0.713613962,0.0
Kenya,KE,Nandi,L1KEN1525,2003,4.497744453999999,0.0,0.520404153,0.0
Kenya,KE,Nandi,L1KEN1525,2004,4.088113949,0.0,0.452707993,0.0
Kenya,KE,Nandi,L1KEN1525,2005,4.700260047,0.0,0.543884176,0.0
Kenya,KE,Nandi,L1KEN1525,2006,3.955628059,0.0,0.629519821,0.0
Kenya,KE,Nandi,L1KEN1525,2007,4.385121751,0.0,0.950938825,0.0
Kenya,KE,Nandi,L1KEN1525,2008,2.912491127,0.0,0.0,0.0
Kenya,KE,Nandi,L1KEN1525,2009,2.346194592,0.0,0.0,0.0
Kenya,KE,Nandi,L1KEN1525,2010,4.799637687000001,16.08984375,0.0,0.0
Kenya,KE,Nandi,L1KEN1525,2011,4.323816608,19.83941606,0.510743402,0.0
Kenya,KE,Nandi,L1KEN1525,2012,7.326,54.108939576,0.567,0.0
Kenya,KE,Nandi,L1KEN1525,2013,7.379999999999999,56.13978557,0.792,0.0
Kenya,KE,Nandi,L1KEN1525,2014,7.317,56.67643812,0.81,0.0
Kenya,KE,Nandi,L1KEN1525,2015,1.6015625,0.0,0.0,0.0
Kenya,KE,Nandi,L1KEN1525,2016,1.132055749,0.0,0.0,0.0
Kenya,KE,Nandi,L1KEN1525,2019,2.671924159,0.0,0.0,0.0
Kenya,KE,Narok,L1KEN1526,1982,4.409996837,0.0,0.720238095,0.0
Kenya,KE,Narok,L1KEN1526,1983,5.335504933,0.0,0.0,0.0
Kenya,KE,Narok,L1KEN1526,1984,1.8588496380000001,0.0,0.723084886,0.0
Kenya,KE,Narok,L1KEN1526,1985,4.769975795,0.0,0.54,0.0
Kenya,KE,Narok,L1KEN1526,1986,3.6,0.0,0.9,0.0
Kenya,KE,Narok,L1KEN1526,1987,3.349888242,0.0,1.35,0.0
Kenya,KE,Narok,L1KEN1526,1988,4.95,0.0,1.401401869,0.0
Kenya,KE,Narok,L1KEN1526,1989,6.300000000000001,0.0,0.72,0.0
Kenya,KE,Narok,L1KEN1526,1990,3.824974901,0.0,0.450050251,0.0
Kenya,KE,Narok,L1KEN1526,1991,5.02826087,0.0,0.9,0.0
Kenya,KE,Narok,L1KEN1526,1992,5.92,0.0,0.9,0.0
Kenya,KE,Narok,L1KEN1526,1993,2.52,0.0,0.297,0.0
Kenya,KE,Narok,L1KEN1526,1994,4.95,0.0,0.54,0.0
Kenya,KE,Narok,L1KEN1526,1995,5.04,0.0,0.696493781,0.0
Kenya,KE,Narok,L1KEN1526,1996,3.7799940249999997,0.0,0.616152335,0.0
Kenya,KE,Narok,L1KEN1526,1997,1.464786541,0.0,0.438813653,0.0
Kenya,KE,Narok,L1KEN1526,1998,5.07972973,0.0,0.611113743,0.0
Kenya,KE,Narok,L1KEN1526,1999,1.9443000000000001,0.0,0.0,0.0
Kenya,KE,Narok,L1KEN1526,2000,1.2125426620000002,0.0,0.453294427,0.0
Kenya,KE,Narok,L1KEN1526,2001,3.597559322,0.0,0.332070678,0.0
Kenya,KE,Narok,L1KEN1526,2002,4.241516677,0.0,0.527915233,0.0
Kenya,KE,Narok,L1KEN1526,2003,4.801369185,0.0,0.824625145,0.0
Kenya,KE,Narok,L1KEN1526,2004,4.578900249,0.0,0.19,0.0
Kenya,KE,Narok,L1KEN1526,2005,4.815196253,0.0,0.2,0.0
Kenya,KE,Narok,L1KEN1526,2006,4.89218537,0.0,0.745486313,0.0
Kenya,KE,Narok,L1KEN1526,2007,6.154766949,0.0,0.584183673,0.0
Kenya,KE,Narok,L1KEN1526,2008,2.200102612,0.0,0.0,0.0
Kenya,KE,Narok,L1KEN1526,2009,2.313245732,0.0,0.0,0.0
Kenya,KE,Narok,L1KEN1526,2010,7.421287249000001,11.29242247,0.0,0.0
Kenya,KE,Narok,L1KEN1526,2011,3.2751344000000002,19.44315245,0.0,0.0
Kenya,KE,Narok,L1KEN1526,2012,10.236021258,38.70334931,1.636451654,0.0
Kenya,KE,Narok,L1KEN1526,2013,9.185764142,31.707630573000003,1.098,0.0
Kenya,KE,Narok,L1KEN1526,2014,6.966948180999999,24.429738621,1.026,0.0
Kenya,KE,Narok,L1KEN1526,2015,0.989539749,0.0,0.0,0.0
Kenya,KE,Narok,L1KEN1526,2016,0.870731707,0.0,0.0,0.0
Kenya,KE,Narok,L1KEN1526,2019,1.715078834,0.0,0.0,0.0
Kenya,KE,Nyamira,L1KEN1527,1982,4.490315526,0.0,0.761203866,0.517142857
Kenya,KE,Nyamira,L1KEN1527,1983,5.672422132,0.0,0.719965626,0.413997971
Kenya,KE,Nyamira,L1KEN1527,1984,4.371556083,0.0,0.772573618,0.491523009
Kenya,KE,Nyamira,L1KEN1527,1985,5.519362745,0.0,1.08,0.517025217
Kenya,KE,Nyamira,L1KEN1527,1986,5.688931889,0.0,0.900021681,0.508476991
Kenya,KE,Nyamira,L1KEN1527,1987,5.959306791,0.0,0.989974109,0.499928765
Kenya,KE,Nyamira,L1KEN1527,1988,5.6703467850000004,0.0,0.899437696,0.0
Kenya,KE,Nyamira,L1KEN1527,1989,1.358163265,0.0,0.995841726,0.0
Kenya,KE,Nyamira,L1KEN1527,1990,6.027474926,0.0,0.800023913,0.0
Kenya,KE,Nyamira,L1KEN1527,1992,3.15,0.0,0.0,0.0
Kenya,KE,Nyamira,L1KEN1527,1993,2.25,0.0,0.0,0.0
Kenya,KE,Nyamira,L1KEN1527,1994,3.42,0.0,0.0,0.0
Kenya,KE,Nyamira,L1KEN1527,1996,4.05,0.0,0.0,0.0
Kenya,KE,Nyamira,L1KEN1527,1997,2.453736264,0.0,0.0,0.0
Kenya,KE,Nyamira,L1KEN1527,1998,2.417579239,0.0,0.0,0.0
Kenya,KE,Nyamira,L1KEN1527,1999,2.79679011,0.0,0.0,0.0
Kenya,KE,Nyamira,L1KEN1527,2000,2.478276764,0.0,0.0,0.0
Kenya,KE,Nyamira,L1KEN1527,2001,2.57873995,0.0,0.0,0.0
Kenya,KE,Nyamira,L1KEN1527,2002,2.599501253,0.0,0.0,0.0
Kenya,KE,Nyamira,L1KEN1527,2003,3.323850123,0.0,0.0,0.0
Kenya,KE,Nyamira,L1KEN1527,2004,2.349368259,0.0,0.0,0.0
Kenya,KE,Nyamira,L1KEN1527,2005,2.050776191,0.0,0.0,0.0
Kenya,KE,Nyamira,L1KEN1527,2006,1.860857181,0.0,0.0,0.0
Kenya,KE,Nyamira,L1KEN1527,2007,2.047949198,0.0,0.0,0.0
Kenya,KE,Nyamira,L1KEN1527,2008,0.639416945,0.0,0.0,0.0
Kenya,KE,Nyamira,L1KEN1527,2009,1.709605459,0.0,0.0,0.0
Kenya,KE,Nyamira,L1KEN1527,2010,2.52053008,16.52380952,0.0,0.0
Kenya,KE,Nyamira,L1KEN1527,2011,2.201915394,16.15151515,0.0,0.0
Kenya,KE,Nyamira,L1KEN1527,2012,3.906,30.877250414000002,1.2510000000000001,0.0
Kenya,KE,Nyamira,L1KEN1527,2013,3.087,34.485838776,1.818,0.0
Kenya,KE,Nyamira,L1KEN1527,2014,3.231,44.562804877999994,0.738,0.0
Kenya,KE,Nyamira,L1KEN1527,2019,1.596249491,0.0,0.0,0.0
Kenya,KE,Nyandarua,L1KEN1528,1982,2.7788685490000002,0.0,1.094977169,0.0
Kenya,KE,Nyandarua,L1KEN1528,1983,3.7999487050000003,0.0,0.5,0.0
Kenya,KE,Nyandarua,L1KEN1528,1984,1.349781446,0.0,0.299945563,0.0
Kenya,KE,Nyandarua,L1KEN1528,1985,3.1101104719999997,0.0,0.534642356,0.0
Kenya,KE,Nyandarua,L1KEN1528,1986,5.174109589,0.0,0.632098765,0.0
Kenya,KE,Nyandarua,L1KEN1528,1987,2.148666667,0.0,0.4,0.0
Kenya,KE,Nyandarua,L1KEN1528,1988,6.623966942,0.0,0.644522968,0.0
Kenya,KE,Nyandarua,L1KEN1528,1989,5.4,0.0,0.40952381,0.0
Kenya,KE,Nyandarua,L1KEN1528,1990,2.99970015,0.0,0.35,0.0
Kenya,KE,Nyandarua,L1KEN1528,1991,3.455319149,0.0,0.4,0.0
Kenya,KE,Nyandarua,L1KEN1528,1992,4.13,0.0,0.18,0.0
Kenya,KE,Nyandarua,L1KEN1528,1993,2.099938575,0.0,0.203364913,0.0
Kenya,KE,Nyandarua,L1KEN1528,1994,4.970000000000001,0.0,0.40003302,0.0
Kenya,KE,Nyandarua,L1KEN1528,1995,3.546801073,0.0,0.301124005,0.0
Kenya,KE,Nyandarua,L1KEN1528,1996,3.240162016,0.0,0.095741722,0.0
Kenya,KE,Nyandarua,L1KEN1528,1997,2.75705223,0.0,0.180018002,0.0
Kenya,KE,Nyandarua,L1KEN1528,1998,1.599778086,0.0,0.359880346,0.0
Kenya,KE,Nyandarua,L1KEN1528,1999,2.160126013,0.0,0.270027003,0.0
Kenya,KE,Nyandarua,L1KEN1528,2000,1.980126013,0.0,0.174175312,0.0
Kenya,KE,Nyandarua,L1KEN1528,2001,3.095123497,0.0,0.248108108,0.0
Kenya,KE,Nyandarua,L1KEN1528,2002,2.840133779,0.0,0.180062305,0.0
Kenya,KE,Nyandarua,L1KEN1528,2003,3.396340206,0.0,0.346001908,0.0
Kenya,KE,Nyandarua,L1KEN1528,2004,2.7002514470000003,0.0,0.176422001,0.0
Kenya,KE,Nyandarua,L1KEN1528,2005,3.641937555,0.0,0.341020017,0.0
Kenya,KE,Nyandarua,L1KEN1528,2006,2.710275874,0.0,0.356529159,0.0
Kenya,KE,Nyandarua,L1KEN1528,2007,3.520201258,0.0,0.11,0.0
Kenya,KE,Nyandarua,L1KEN1528,2008,0.639,0.0,0.0,0.0
Kenya,KE,Nyandarua,L1KEN1528,2009,2.463060334,0.0,0.0,0.0
Kenya,KE,Nyandarua,L1KEN1528,2010,2.176416792,12.87238567,0.0,0.0
Kenya,KE,Nyandarua,L1KEN1528,2011,5.042249827,14.6213304,0.611441971,0.0
Kenya,KE,Nyandarua,L1KEN1528,2012,10.367473684,34.08570672,2.4930000000000003,0.0
Kenya,KE,Nyandarua,L1KEN1528,2013,8.759,39.806414249,1.683,0.0
Kenya,KE,Nyandarua,L1KEN1528,2014,6.462,34.84179015,0.486,0.0
Kenya,KE,Nyandarua,L1KEN1528,2015,2.484584421,0.0,0.0,0.0
Kenya,KE,Nyandarua,L1KEN1528,2016,2.231792689,0.0,0.0,0.0
Kenya,KE,Nyandarua,L1KEN1528,2019,2.25727738,0.0,0.0,0.0
Kenya,KE,Nyeri,L1KEN1529,1982,3.0600111229999998,0.0,0.72,0.746666667
Kenya,KE,Nyeri,L1KEN1529,1983,3.134101275,0.0,0.762468675,0.928498986
Kenya,KE,Nyeri,L1KEN1529,1984,3.076921628,0.0,0.484458735,1.128180961
Kenya,KE,Nyeri,L1KEN1529,1985,2.69958412,0.0,0.58501163,0.950972626
Kenya,KE,Nyeri,L1KEN1529,1986,2.947871562,0.0,0.6,0.0
Kenya,KE,Nyeri,L1KEN1529,1987,2.438777475,0.0,0.599989352,0.689205579
Kenya,KE,Nyeri,L1KEN1529,1988,2.229587276,0.0,0.393009378,1.208894177
Kenya,KE,Nyeri,L1KEN1529,1989,2.928011155,0.0,0.4849153,0.605487715
Kenya,KE,Nyeri,L1KEN1529,1990,2.899847095,0.0,0.700005812,0.872449728
Kenya,KE,Nyeri,L1KEN1529,1991,3.45,0.0,0.315621216,0.0
Kenya,KE,Nyeri,L1KEN1529,1992,2.9651886789999997,0.0,0.45,0.0
Kenya,KE,Nyeri,L1KEN1529,1993,1.401568627,0.0,0.222985088,0.0
Kenya,KE,Nyeri,L1KEN1529,1994,2.34,0.0,0.7,0.0
Kenya,KE,Nyeri,L1KEN1529,1995,2.482966222,0.0,0.459252796,0.0
Kenya,KE,Nyeri,L1KEN1529,1996,2.340090009,0.0,0.270027003,0.0
Kenya,KE,Nyeri,L1KEN1529,1997,2.160090009,0.0,0.504048938,0.0
Kenya,KE,Nyeri,L1KEN1529,1998,0.651895216,0.0,0.196278584,0.0
Kenya,KE,Nyeri,L1KEN1529,1999,1.158506464,0.0,0.30976288,0.0
Kenya,KE,Nyeri,L1KEN1529,2000,1.2001410350000001,0.0,0.363725562,0.0
Kenya,KE,Nyeri,L1KEN1529,2001,1.7101185769999998,0.0,0.462272727,0.0
Kenya,KE,Nyeri,L1KEN1529,2002,1.799948882,0.0,0.498784257,0.0
Kenya,KE,Nyeri,L1KEN1529,2003,1.75211126,0.0,0.401987041,0.0
Kenya,KE,Nyeri,L1KEN1529,2004,1.283785723,0.0,0.234873273,0.0
Kenya,KE,Nyeri,L1KEN1529,2005,0.8468403879999999,0.0,0.302935191,0.0
Kenya,KE,Nyeri,L1KEN1529,2006,2.554151468,0.0,0.395303847,0.0
Kenya,KE,Nyeri,L1KEN1529,2007,1.988842339,0.0,0.75795934,0.0
Kenya,KE,Nyeri,L1KEN1529,2008,1.433166976,0.0,0.0,0.0
Kenya,KE,Nyeri,L1KEN1529,2009,1.179427549,0.0,0.0,0.0
Kenya,KE,Nyeri,L1KEN1529,2010,0.898360188,16.542209,0.0,0.0
Kenya,KE,Nyeri,L1KEN1529,2011,1.25357425,9.069180787,0.339734331,0.0
Kenya,KE,Nyeri,L1KEN1529,2012,5.287340659,35.674440961,1.9977142860000001,0.0
Kenya,KE,Nyeri,L1KEN1529,2013,5.786636364,30.120001026999997,0.8099999999999999,0.0
Kenya,KE,Nyeri,L1KEN1529,2014,6.1117582850000005,27.788299384000002,1.278,0.0
Kenya,KE,Nyeri,L1KEN1529,2019,1.08,0.0,0.0,0.0
Kenya,KE,Samburu,L1KEN1530,1982,1.08,0.0,0.2,0.0
Kenya,KE,Samburu,L1KEN1530,1983,1.079968944,0.0,0.4,0.0
Kenya,KE,Samburu,L1KEN1530,1985,4.050000000000001,0.0,0.54,0.0
Kenya,KE,Samburu,L1KEN1530,1986,4.500100705,0.0,0.6,0.0
Kenya,KE,Samburu,L1KEN1530,1987,2.297695853,0.0,0.6,0.0
Kenya,KE,Samburu,L1KEN1530,1988,5.4,0.0,0.71875,0.0
Kenya,KE,Samburu,L1KEN1530,1989,4.863802817,0.0,0.9,0.0
Kenya,KE,Samburu,L1KEN1530,1990,2.8200000000000003,0.0,0.450657895,0.0
Kenya,KE,Samburu,L1KEN1530,1991,1.323913043,0.0,0.3,0.0
Kenya,KE,Samburu,L1KEN1530,1992,5.04,0.0,0.9,0.0
Kenya,KE,Samburu,L1KEN1530,1993,2.7,0.0,0.45,0.0
Kenya,KE,Samburu,L1KEN1530,1994,4.05,0.0,0.54,0.0
Kenya,KE,Samburu,L1KEN1530,1995,4.5,0.0,0.45,0.0
Kenya,KE,Samburu,L1KEN1530,1996,4.6,0.0,0.54,0.0
Kenya,KE,Samburu,L1KEN1530,1997,3.882,0.0,0.360036004,0.0
Kenya,KE,Samburu,L1KEN1530,1998,4.050225023,0.0,0.459229596,0.0
Kenya,KE,Samburu,L1KEN1530,1999,2.25,0.0,0.0,0.0
Kenya,KE,Samburu,L1KEN1530,2000,4.5,0.0,0.354228971,0.0
Kenya,KE,Samburu,L1KEN1530,2001,2.7,0.0,0.336349424,0.0
Kenya,KE,Samburu,L1KEN1530,2002,1.2975,0.0,0.360036004,0.0
Kenya,KE,Samburu,L1KEN1530,2003,1.342092527,0.0,0.0,0.0
Kenya,KE,Samburu,L1KEN1530,2004,0.45021097,0.0,0.0,0.0
Kenya,KE,Samburu,L1KEN1530,2005,3.9788135589999998,0.0,0.41,0.0
Kenya,KE,Samburu,L1KEN1530,2006,3.499926954,0.0,0.13823908,0.0
Kenya,KE,Samburu,L1KEN1530,2007,4.7,0.0,0.991489362,0.0
Kenya,KE,Samburu,L1KEN1530,2008,1.420732154,0.0,0.0,0.0
Kenya,KE,Samburu,L1KEN1530,2009,0.820588235,0.0,0.0,0.0
Kenya,KE,Samburu,L1KEN1530,2010,5.187221644,0.0,0.0,0.0
Kenya,KE,Samburu,L1KEN1530,2011,4.14,0.0,0.52137931,0.0
Kenya,KE,Samburu,L1KEN1530,2012,7.587,7.6333333329999995,0.647,0.0
Kenya,KE,Samburu,L1KEN1530,2013,7.731,5.0,1.062,0.0
Kenya,KE,Samburu,L1KEN1530,2014,7.3580000000000005,7.0,1.26,0.0
Kenya,KE,Samburu,L1KEN1530,2019,0.385685619,0.0,0.0,0.0
Kenya,KE,Siaya,L1KEN1531,1982,2.336682286,0.0,0.496328686,0.0
Kenya,KE,Siaya,L1KEN1531,1983,2.779446704,0.0,0.360018298,0.0
Kenya,KE,Siaya,L1KEN1531,1984,3.5288833530000003,0.0,0.446776847,0.0
Kenya,KE,Siaya,L1KEN1531,1985,3.485513264,0.0,0.835626552,0.0
Kenya,KE,Siaya,L1KEN1531,1986,3.432638249,0.0,0.881635705,0.0
Kenya,KE,Siaya,L1KEN1531,1987,1.759602305,0.0,0.512527783,0.0
Kenya,KE,Siaya,L1KEN1531,1988,1.655355756,0.0,0.5400187,0.0
Kenya,KE,Siaya,L1KEN1531,1989,0.405555556,0.0,0.912092347,0.0
Kenya,KE,Siaya,L1KEN1531,1990,2.433328859,0.0,0.480115607,0.0
Kenya,KE,Siaya,L1KEN1531,1991,1.35,0.0,0.0,0.0
Kenya,KE,Siaya,L1KEN1531,1992,1.423018481,0.0,0.0,0.0
Kenya,KE,Siaya,L1KEN1531,1993,0.54,0.0,0.0,0.0
Kenya,KE,Siaya,L1KEN1531,1994,2.25,0.0,0.0,0.0
Kenya,KE,Siaya,L1KEN1531,1995,2.25,0.0,0.0,0.0
Kenya,KE,Siaya,L1KEN1531,1996,1.8,0.0,0.0,0.0
Kenya,KE,Siaya,L1KEN1531,1997,1.083693643,0.0,0.0,0.0
Kenya,KE,Siaya,L1KEN1531,1998,0.702683503,0.0,0.0,0.0
Kenya,KE,Siaya,L1KEN1531,1999,1.350296746,0.0,0.0,0.0
Kenya,KE,Siaya,L1KEN1531,2000,1.35,0.0,0.0,0.0
Kenya,KE,Siaya,L1KEN1531,2001,1.247902049,0.0,0.0,0.0
Kenya,KE,Siaya,L1KEN1531,2002,1.24161241,0.0,0.0,0.0
Kenya,KE,Siaya,L1KEN1531,2003,1.464402726,0.0,0.0,0.0
Kenya,KE,Siaya,L1KEN1531,2004,0.88859334,0.0,0.0,0.0
Kenya,KE,Siaya,L1KEN1531,2005,1.022157476,0.0,0.0,0.0
Kenya,KE,Siaya,L1KEN1531,2006,1.153783769,0.0,0.0,0.0
Kenya,KE,Siaya,L1KEN1531,2007,1.724605864,0.0,0.0,0.0
Kenya,KE,Siaya,L1KEN1531,2008,0.457627618,0.0,0.0,0.0
Kenya,KE,Siaya,L1KEN1531,2009,1.176869159,0.0,0.0,0.0
Kenya,KE,Siaya,L1KEN1531,2010,1.074642661,0.0,0.0,0.0
Kenya,KE,Siaya,L1KEN1531,2011,1.601634334,0.0,0.0,0.0
Kenya,KE,Siaya,L1KEN1531,2012,7.405,23.18131257,1.08,0.0
Kenya,KE,Siaya,L1KEN1531,2013,6.027928437,20.492467068,0.954,0.0
Kenya,KE,Siaya,L1KEN1531,2014,5.953172205,22.929936705,1.377,0.0
Kenya,KE,Siaya,L1KEN1531,2015,1.075414013,0.0,0.0,0.0
Kenya,KE,Siaya,L1KEN1531,2019,0.920100832,0.0,0.0,0.0
Kenya,KE,Taita Taveta,L1KEN1532,1982,1.1,0.0,0.9,0.0
Kenya,KE,Taita Taveta,L1KEN1532,1983,1.8,0.0,0.9,0.0
Kenya,KE,Taita Taveta,L1KEN1532,1984,2.243235545,0.0,0.6,0.0
Kenya,KE,Taita Taveta,L1KEN1532,1985,1.799944429,0.0,0.6,0.0
Kenya,KE,Taita Taveta,L1KEN1532,1986,1.627478937,0.0,0.6,0.0
Kenya,KE,Taita Taveta,L1KEN1532,1987,1.401773665,0.0,0.7,0.0
Kenya,KE,Taita Taveta,L1KEN1532,1988,3.335194613,0.0,0.7,0.0
Kenya,KE,Taita Taveta,L1KEN1532,1989,2.262266227,0.0,0.434895833,0.0
Kenya,KE,Taita Taveta,L1KEN1532,1990,1.846191287,0.0,0.5,0.0
Kenya,KE,Taita Taveta,L1KEN1532,1991,0.0,0.0,0.581180812,0.0
Kenya,KE,Taita Taveta,L1KEN1532,1992,1.321835914,0.0,1.199773414,0.0
Kenya,KE,Taita Taveta,L1KEN1532,1993,0.99,0.0,1.411423101,0.0
Kenya,KE,Taita Taveta,L1KEN1532,1994,0.81,0.0,0.888865692,0.0
Kenya,KE,Taita Taveta,L1KEN1532,1995,0.331764706,0.0,1.352249408,0.0
Kenya,KE,Taita Taveta,L1KEN1532,1996,1.399988571,0.0,0.6,0.0
Kenya,KE,Taita Taveta,L1KEN1532,1997,1.196758631,0.0,0.889183874,0.0
Kenya,KE,Taita Taveta,L1KEN1532,1998,1.564523552,0.0,0.878231748,0.0
Kenya,KE,Taita Taveta,L1KEN1532,1999,0.939269134,0.0,0.559991708,0.0
Kenya,KE,Taita Taveta,L1KEN1532,2000,0.623589385,0.0,0.564066038,0.0
Kenya,KE,Taita Taveta,L1KEN1532,2001,0.99,0.0,0.559965629,0.0
Kenya,KE,Taita Taveta,L1KEN1532,2002,0.810081008,0.0,0.559984215,0.0
Kenya,KE,Taita Taveta,L1KEN1532,2003,0.400022796,0.0,0.556844548,0.0
Kenya,KE,Taita Taveta,L1KEN1532,2004,0.630063006,0.0,0.630063006,0.0
Kenya,KE,Taita Taveta,L1KEN1532,2005,0.217451315,0.0,0.350233675,0.0
Kenya,KE,Taita Taveta,L1KEN1532,2006,0.720072007,0.0,0.360036004,0.0
Kenya,KE,Taita Taveta,L1KEN1532,2007,1.42,0.0,0.442481833,0.0
Kenya,KE,Taita Taveta,L1KEN1532,2008,0.934321232,0.0,0.0,0.0
Kenya,KE,Taita Taveta,L1KEN1532,2009,0.526855204,0.0,0.0,0.0
Kenya,KE,Taita Taveta,L1KEN1532,2010,1.001969431,0.0,0.0,0.0
Kenya,KE,Taita Taveta,L1KEN1532,2011,0.949720891,0.0,0.881948796,0.0
Kenya,KE,Taita Taveta,L1KEN1532,2012,1.053,25.911032939000002,1.3816575880000002,0.0
Kenya,KE,Taita Taveta,L1KEN1532,2013,6.940129032,18.833424213,0.513,0.0
Kenya,KE,Taita Taveta,L1KEN1532,2014,6.743924528,24.120644929999997,0.558,0.0
Kenya,KE,Taita Taveta,L1KEN1532,2016,0.878684211,0.0,0.0,0.0
Kenya,KE,Taita Taveta,L1KEN1532,2019,0.888079572,0.0,0.0,0.0
Kenya,KE,Tana River,L1KEN1533,1982,1.392223481,0.0,0.0,0.0
Kenya,KE,Tana River,L1KEN1533,1983,2.2,0.0,0.0,0.0
Kenya,KE,Tana River,L1KEN1533,1984,1.111111111,0.0,0.0,0.0
Kenya,KE,Tana River,L1KEN1533,1985,1.76056338,0.0,0.727272727,0.0
Kenya,KE,Tana River,L1KEN1533,1986,1.03502045,0.0,0.894117647,0.0
Kenya,KE,Tana River,L1KEN1533,1987,1.027851459,0.0,0.0,0.0
Kenya,KE,Tana River,L1KEN1533,1988,1.400124649,0.0,0.0,0.0
Kenya,KE,Tana River,L1KEN1533,1989,1.046414538,0.0,0.397959184,0.0
Kenya,KE,Tana River,L1KEN1533,1990,0.734732824,0.0,0.3,0.0
Kenya,KE,Tana River,L1KEN1533,1991,0.9,0.0,0.512195122,0.0
Kenya,KE,Tana River,L1KEN1533,1992,1.192041509,0.0,0.916455696,0.0
Kenya,KE,Tana River,L1KEN1533,1993,0.999931034,0.0,0.768888889,0.0
Kenya,KE,Tana River,L1KEN1533,1994,0.63,0.0,0.277777778,0.0
Kenya,KE,Tana River,L1KEN1533,1995,0.9,0.0,0.118421053,0.0
Kenya,KE,Tana River,L1KEN1533,1996,1.35,0.0,0.566666667,0.0
Kenya,KE,Tana River,L1KEN1533,1997,1.398596654,0.0,0.769230769,0.0
Kenya,KE,Tana River,L1KEN1533,1998,1.359566929,0.0,1.206896552,0.0
Kenya,KE,Tana River,L1KEN1533,1999,0.99,0.0,0.6,0.0
Kenya,KE,Tana River,L1KEN1533,2000,0.99,0.0,0.0,0.0
Kenya,KE,Tana River,L1KEN1533,2001,0.99,0.0,0.0,0.0
Kenya,KE,Tana River,L1KEN1533,2002,0.810081008,0.0,0.523529412,0.0
Kenya,KE,Tana River,L1KEN1533,2003,1.40000759,0.0,0.777777778,0.0
Kenya,KE,Tana River,L1KEN1533,2004,0.606927711,0.0,0.382978723,0.0
Kenya,KE,Tana River,L1KEN1533,2005,0.70294591,0.0,0.0,0.0
Kenya,KE,Tana River,L1KEN1533,2006,0.720334424,0.0,0.0,0.0
Kenya,KE,Tana River,L1KEN1533,2007,0.7,0.0,0.0,0.0
Kenya,KE,Tana River,L1KEN1533,2008,1.744367045,0.0,0.0,0.0
Kenya,KE,Tana River,L1KEN1533,2009,1.480034297,0.0,0.0,0.0
Kenya,KE,Tana River,L1KEN1533,2010,1.376658199,0.0,0.0,0.0
Kenya,KE,Tana River,L1KEN1533,2011,1.483971053,0.0,0.351818182,0.0
Kenya,KE,Tana River,L1KEN1533,2012,6.150817850999999,22.863844086,1.701,0.0
Kenya,KE,Tana River,L1KEN1533,2013,9.199852792,23.086623590000002,1.35,0.0
Kenya,KE,Tana River,L1KEN1533,2014,3.5731992619999997,30.07682539,1.2188691,0.0
Kenya,KE,Tana River,L1KEN1533,2015,2.385729577,0.0,0.0,0.0
Kenya,KE,Tana River,L1KEN1533,2016,0.808215297,0.0,0.0,0.0
Kenya,KE,Tana River,L1KEN1533,2019,0.644522293,0.0,0.0,0.0
Kenya,KE,Tharaka Nithi,L1KEN1534,1982,4.819700748000001,0.0,0.847058824,3.179361111
Kenya,KE,Tharaka Nithi,L1KEN1534,1983,4.071784077,0.0,0.898270833,2.34282225
Kenya,KE,Tharaka Nithi,L1KEN1534,1984,3.317886495,0.0,0.466224292,2.27317257
Kenya,KE,Tharaka Nithi,L1KEN1534,1985,4.435621526,0.0,0.675044956,1.697321894
Kenya,KE,Tharaka Nithi,L1KEN1534,1986,4.858306540999999,0.0,1.436979468,0.472146542
Kenya,KE,Tharaka Nithi,L1KEN1534,1987,6.378654192,0.0,1.148015298,0.468601674
Kenya,KE,Tharaka Nithi,L1KEN1534,1988,6.886169124,0.0,1.064852851,0.0
Kenya,KE,Tharaka Nithi,L1KEN1534,1989,5.501409913,0.0,0.72,0.505333333
Kenya,KE,Tharaka Nithi,L1KEN1534,1990,5.567902622,0.0,0.806473608,0.0
Kenya,KE,Tharaka Nithi,L1KEN1534,1991,0.352083333,0.0,0.539848474,0.0
Kenya,KE,Tharaka Nithi,L1KEN1534,1992,1.511505376,0.0,0.382195698,0.0
Kenya,KE,Tharaka Nithi,L1KEN1534,1993,0.0,0.0,0.408695652,0.0
Kenya,KE,Tharaka Nithi,L1KEN1534,1994,1.670669291,0.0,0.404973357,0.0
Kenya,KE,Tharaka Nithi,L1KEN1534,1995,1.377972973,0.0,0.540045558,0.0
Kenya,KE,Tharaka Nithi,L1KEN1534,1996,0.9,0.0,0.158037383,0.0
Kenya,KE,Tharaka Nithi,L1KEN1534,1999,0.0,0.0,0.243121387,0.0
Kenya,KE,Tharaka Nithi,L1KEN1534,2000,0.0,0.0,0.219661017,0.0
Kenya,KE,Tharaka Nithi,L1KEN1534,2001,0.078014986,0.0,0.269291339,0.0
Kenya,KE,Tharaka Nithi,L1KEN1534,2002,0.605638988,0.0,0.365606936,0.0
Kenya,KE,Tharaka Nithi,L1KEN1534,2003,0.654637797,0.0,0.334951456,0.0
Kenya,KE,Tharaka Nithi,L1KEN1534,2004,0.396287715,0.0,0.244552058,0.0
Kenya,KE,Tharaka Nithi,L1KEN1534,2005,0.697245379,0.0,0.57296875,0.0
Kenya,KE,Tharaka Nithi,L1KEN1534,2006,0.715024429,0.0,0.329776065,0.0
Kenya,KE,Tharaka Nithi,L1KEN1534,2007,0.785918952,0.0,0.366283337,0.0
Kenya,KE,Tharaka Nithi,L1KEN1534,2008,1.08,0.0,0.0,0.0
Kenya,KE,Tharaka Nithi,L1KEN1534,2009,1.252590909,0.0,0.0,0.0
Kenya,KE,Tharaka Nithi,L1KEN1534,2010,0.942824773,3.552862662,0.0,0.0
Kenya,KE,Tharaka Nithi,L1KEN1534,2011,1.187266405,8.84,0.520779221,0.0
Kenya,KE,Tharaka Nithi,L1KEN1534,2012,5.9639999999999995,57.93859649299999,2.350349462,0.0
Kenya,KE,Tharaka Nithi,L1KEN1534,2013,2.675142857,28.938053002,0.9810000000000001,0.0
Kenya,KE,Tharaka Nithi,L1KEN1534,2014,2.842866426,30.859072083,0.8854164,0.0
Kenya,KE,Tharaka Nithi,L1KEN1534,2019,0.541881533,0.0,0.0,0.0
Kenya,KE,Trans Nzoia,L1KEN1535,1982,5.480773799,0.0,1.349880287,0.0
Kenya,KE,Trans Nzoia,L1KEN1535,1983,4.80003308,0.0,0.8125,0.0
Kenya,KE,Trans Nzoia,L1KEN1535,1984,4.4756526999999995,0.0,0.449980359,0.0
Kenya,KE,Trans Nzoia,L1KEN1535,1985,5.219776796,0.0,0.54,0.0
Kenya,KE,Trans Nzoia,L1KEN1535,1986,6.015267853999999,0.0,1.079967635,0.0
Kenya,KE,Trans Nzoia,L1KEN1535,1987,4.699988531,0.0,1.299979934,0.0
Kenya,KE,Trans Nzoia,L1KEN1535,1988,6.307367693,0.0,0.9,0.0
Kenya,KE,Trans Nzoia,L1KEN1535,1989,6.300007315,0.0,0.72,0.0
Kenya,KE,Trans Nzoia,L1KEN1535,1990,5.37000385,0.0,0.54,0.0
Kenya,KE,Trans Nzoia,L1KEN1535,1991,4.881007752,0.0,0.665217391,0.0
Kenya,KE,Trans Nzoia,L1KEN1535,1992,5.474858223,0.0,0.54,0.0
Kenya,KE,Trans Nzoia,L1KEN1535,1993,4.32,0.0,0.54,0.0
Kenya,KE,Trans Nzoia,L1KEN1535,1994,6.5200000000000005,0.0,0.72,0.0
Kenya,KE,Trans Nzoia,L1KEN1535,1995,5.85,0.0,0.72,0.0
Kenya,KE,Trans Nzoia,L1KEN1535,1996,5.579819277,0.0,0.63,0.0
Kenya,KE,Trans Nzoia,L1KEN1535,1997,3.592229946,0.0,0.270027003,0.0
Kenya,KE,Trans Nzoia,L1KEN1535,1998,4.84,0.0,0.720072007,0.0
Kenya,KE,Trans Nzoia,L1KEN1535,1999,2.88,0.0,0.035819909,0.0
Kenya,KE,Trans Nzoia,L1KEN1535,2000,4.050000000000001,0.0,0.270027003,0.0
Kenya,KE,Trans Nzoia,L1KEN1535,2001,4.232463585,0.0,0.370349535,0.0
Kenya,KE,Trans Nzoia,L1KEN1535,2002,3.339328108,0.0,0.153015302,0.0
Kenya,KE,Trans Nzoia,L1KEN1535,2003,3.6197262199999996,0.0,0.12690276,0.0
Kenya,KE,Trans Nzoia,L1KEN1535,2004,3.8403342150000004,0.0,0.337533753,0.0
Kenya,KE,Trans Nzoia,L1KEN1535,2005,6.550401267,0.0,0.21358798,0.0
Kenya,KE,Trans Nzoia,L1KEN1535,2006,6.615031447,0.0,0.368921273,0.0
Kenya,KE,Trans Nzoia,L1KEN1535,2007,7.0,0.0,0.393327322,0.0
Kenya,KE,Trans Nzoia,L1KEN1535,2008,3.61772248,0.0,0.0,0.0
Kenya,KE,Trans Nzoia,L1KEN1535,2009,2.545645876,0.0,0.0,0.0
Kenya,KE,Trans Nzoia,L1KEN1535,2010,6.818356218,5.127802691,0.0,0.0
Kenya,KE,Trans Nzoia,L1KEN1535,2011,6.791635935,17.52336449,0.380549055,0.0
Kenya,KE,Trans Nzoia,L1KEN1535,2012,8.757000000000001,47.31363589,0.6930000000000001,0.0
Kenya,KE,Trans Nzoia,L1KEN1535,2013,8.459999999999999,37.816925538999996,0.594,0.0
Kenya,KE,Trans Nzoia,L1KEN1535,2014,8.712,51.42868976,0.729,0.0
Kenya,KE,Trans Nzoia,L1KEN1535,2015,3.870926966,0.0,0.0,0.0
Kenya,KE,Trans Nzoia,L1KEN1535,2019,4.702185,0.0,0.0,0.0
Kenya,KE,Turkana,L1KEN1536,1982,1.8,0.0,0.0,0.0
Kenya,KE,Turkana,L1KEN1536,1983,1.8,0.0,0.0,0.0
Kenya,KE,Turkana,L1KEN1536,1984,0.9,0.0,0.0,0.0
Kenya,KE,Turkana,L1KEN1536,1985,1.904545455,0.0,0.0,0.0
Kenya,KE,Turkana,L1KEN1536,1986,2.4726315789999997,0.0,0.0,0.0
Kenya,KE,Turkana,L1KEN1536,1987,2.887795461,0.0,0.0,0.0
Kenya,KE,Turkana,L1KEN1536,1988,1.35009901,0.0,0.0,0.0
Kenya,KE,Turkana,L1KEN1536,1989,0.659239253,0.0,0.0,0.0
Kenya,KE,Turkana,L1KEN1536,1990,1.051313378,0.0,0.0,0.0
Kenya,KE,Turkana,L1KEN1536,1992,1.53,0.0,0.0,0.0
Kenya,KE,Turkana,L1KEN1536,1993,0.54,0.0,0.0,0.0
Kenya,KE,Turkana,L1KEN1536,1994,1.35,0.0,0.0,0.0
Kenya,KE,Turkana,L1KEN1536,1995,1.35,0.0,0.0,0.0
Kenya,KE,Turkana,L1KEN1536,1996,1.35,0.0,0.0,0.0
Kenya,KE,Turkana,L1KEN1536,1997,0.46875,0.0,0.0,0.0
Kenya,KE,Turkana,L1KEN1536,1998,0.84,0.0,0.0,0.0
Kenya,KE,Turkana,L1KEN1536,1999,1.7325,0.0,0.0,0.0
Kenya,KE,Turkana,L1KEN1536,2000,1.17,0.0,0.0,0.0
Kenya,KE,Turkana,L1KEN1536,2001,1.14,0.0,0.0,0.0
Kenya,KE,Turkana,L1KEN1536,2002,1.17,0.0,0.0,0.0
Kenya,KE,Turkana,L1KEN1536,2003,1.210210602,0.0,0.0,0.0
Kenya,KE,Turkana,L1KEN1536,2004,0.922693267,0.0,0.0,0.0
Kenya,KE,Turkana,L1KEN1536,2005,1.430491687,0.0,0.0,0.0
Kenya,KE,Turkana,L1KEN1536,2006,1.245945946,0.0,0.0,0.0
Kenya,KE,Turkana,L1KEN1536,2007,1.738636364,0.0,0.0,0.0
Kenya,KE,Turkana,L1KEN1536,2008,1.378609139,0.0,0.0,0.0
Kenya,KE,Turkana,L1KEN1536,2009,0.897082658,0.0,0.0,0.0
Kenya,KE,Turkana,L1KEN1536,2010,1.756323529,0.0,0.0,0.0
Kenya,KE,Turkana,L1KEN1536,2011,1.239414894,0.0,0.0,0.0
Kenya,KE,Turkana,L1KEN1536,2012,3.213,3.142857143,0.063,0.0
Kenya,KE,Turkana,L1KEN1536,2013,4.085999999999999,4.0,0.468,0.0
Kenya,KE,Turkana,L1KEN1536,2014,2.646,5.0,0.324,0.0
Kenya,KE,Turkana,L1KEN1536,2015,2.088063987,0.0,0.0,0.0
Kenya,KE,Turkana,L1KEN1536,2016,0.738305085,0.0,0.0,0.0
Kenya,KE,Turkana,L1KEN1536,2019,0.874833055,0.0,0.0,0.0
Kenya,KE,Uasin Gishu,L1KEN1537,1982,4.6800506340000005,0.0,0.900052192,0.0
Kenya,KE,Uasin Gishu,L1KEN1537,1983,5.756522078,0.0,0.329074671,0.0
Kenya,KE,Uasin Gishu,L1KEN1537,1984,1.8,0.0,0.268429752,0.0
Kenya,KE,Uasin Gishu,L1KEN1537,1985,4.949987736000001,0.0,0.425820569,0.0
Kenya,KE,Uasin Gishu,L1KEN1537,1986,5.853867872,0.0,0.799093411,0.0
Kenya,KE,Uasin Gishu,L1KEN1537,1987,5.774963978000001,0.0,0.45007657,0.0
Kenya,KE,Uasin Gishu,L1KEN1537,1988,5.85,0.0,0.539969372,0.0
Kenya,KE,Uasin Gishu,L1KEN1537,1989,6.300001633,0.0,0.521552253,0.0
Kenya,KE,Uasin Gishu,L1KEN1537,1990,4.60998628,0.0,0.360012323,0.0
Kenya,KE,Uasin Gishu,L1KEN1537,1991,4.05,0.0,0.3,0.0
Kenya,KE,Uasin Gishu,L1KEN1537,1992,6.300000000000001,0.0,0.81,0.0
Kenya,KE,Uasin Gishu,L1KEN1537,1993,3.415050324,0.0,0.45,0.0
Kenya,KE,Uasin Gishu,L1KEN1537,1994,5.85,0.0,0.63,0.0
Kenya,KE,Uasin Gishu,L1KEN1537,1995,5.4,0.0,0.72,0.0
Kenya,KE,Uasin Gishu,L1KEN1537,1996,6.029999999999999,0.0,0.63,0.0
Kenya,KE,Uasin Gishu,L1KEN1537,1997,3.739285714,0.0,0.360036004,0.0
Kenya,KE,Uasin Gishu,L1KEN1537,1998,5.92,0.0,0.720072007,0.0
Kenya,KE,Uasin Gishu,L1KEN1537,1999,4.9472790700000004,0.0,0.180018002,0.0
Kenya,KE,Uasin Gishu,L1KEN1537,2000,5.398448276,0.0,0.356777759,0.0
Kenya,KE,Uasin Gishu,L1KEN1537,2001,5.13,0.0,0.450045005,0.0
Kenya,KE,Uasin Gishu,L1KEN1537,2002,5.020244898,0.0,0.450045005,0.0
Kenya,KE,Uasin Gishu,L1KEN1537,2003,5.606860765,0.0,0.23,0.0
Kenya,KE,Uasin Gishu,L1KEN1537,2004,5.620894144999999,0.0,0.45,0.0
Kenya,KE,Uasin Gishu,L1KEN1537,2005,7.170388394,0.0,0.702284106,0.0
Kenya,KE,Uasin Gishu,L1KEN1537,2006,7.550409091,0.0,0.360036004,0.0
Kenya,KE,Uasin Gishu,L1KEN1537,2007,7.525923464,0.0,0.41183092,0.0
Kenya,KE,Uasin Gishu,L1KEN1537,2008,3.721507518,0.0,0.0,0.0
Kenya,KE,Uasin Gishu,L1KEN1537,2009,2.757768053,0.0,0.0,0.0
Kenya,KE,Uasin Gishu,L1KEN1537,2010,7.020862445,10.98760331,0.0,0.0
Kenya,KE,Uasin Gishu,L1KEN1537,2011,7.067241304,11.98902305,0.401477775,0.0
Kenya,KE,Uasin Gishu,L1KEN1537,2012,12.48,56.111960507,0.18,0.0
Kenya,KE,Uasin Gishu,L1KEN1537,2013,9.537152542000001,26.197957457999998,0.225,0.0
Kenya,KE,Uasin Gishu,L1KEN1537,2014,7.524142856999999,35.55016937,0.261,0.0
Kenya,KE,Uasin Gishu,L1KEN1537,2015,4.892474875,0.0,0.0,0.0
Kenya,KE,Uasin Gishu,L1KEN1537,2016,0.99,0.0,0.0,0.0
Kenya,KE,Uasin Gishu,L1KEN1537,2019,4.23,0.0,0.0,0.0
Kenya,KE,Vihiga,L1KEN1538,1982,5.854159224,0.0,0.629991101,0.0
Kenya,KE,Vihiga,L1KEN1538,1983,3.318245665,0.0,0.8,0.0
Kenya,KE,Vihiga,L1KEN1538,1984,3.294483594,0.0,0.8,0.0
Kenya,KE,Vihiga,L1KEN1538,1985,3.782597918,0.0,0.8,0.0
Kenya,KE,Vihiga,L1KEN1538,1986,3.6831125879999997,0.0,0.800004746,0.0
Kenya,KE,Vihiga,L1KEN1538,1987,4.4265192209999995,0.0,0.799995326,0.0
Kenya,KE,Vihiga,L1KEN1538,1988,4.3652098839999995,0.0,0.629996807,0.0
Kenya,KE,Vihiga,L1KEN1538,1989,4.725,0.0,0.63,0.0
Kenya,KE,Vihiga,L1KEN1538,1990,6.5,0.0,0.60001516,0.0
Kenya,KE,Vihiga,L1KEN1538,1991,0.0,0.0,0.150820899,0.0
Kenya,KE,Vihiga,L1KEN1538,1992,0.446138354,0.0,0.362104188,0.0
Kenya,KE,Vihiga,L1KEN1538,1993,1.491051617,0.0,0.399969445,0.0
Kenya,KE,Vihiga,L1KEN1538,1994,0.562581731,0.0,0.570005024,0.0
Kenya,KE,Vihiga,L1KEN1538,1995,1.508624071,0.0,0.54999055,0.0
Kenya,KE,Vihiga,L1KEN1538,1996,1.62,0.0,0.54999055,0.0
Kenya,KE,Vihiga,L1KEN1538,1997,1.8,0.0,0.540054005,0.0
Kenya,KE,Vihiga,L1KEN1538,1998,1.576784141,0.0,0.487548755,0.0
Kenya,KE,Vihiga,L1KEN1538,1999,1.706181818,0.0,0.648064806,0.0
Kenya,KE,Vihiga,L1KEN1538,2000,1.53,0.0,0.800059729,0.0
Kenya,KE,Vihiga,L1KEN1538,2001,1.62,0.0,0.800059729,0.0
Kenya,KE,Vihiga,L1KEN1538,2002,1.500097146,0.0,0.800067507,0.0
Kenya,KE,Vihiga,L1KEN1538,2003,1.839049248,0.0,0.758343551,0.0
Kenya,KE,Vihiga,L1KEN1538,2004,1.706352453,0.0,0.68188637,0.0
Kenya,KE,Vihiga,L1KEN1538,2005,1.798450738,0.0,0.270027003,0.0
Kenya,KE,Vihiga,L1KEN1538,2006,1.221434361,0.0,0.928246671,0.0
Kenya,KE,Vihiga,L1KEN1538,2007,1.6,0.0,0.8,0.0
Kenya,KE,Vihiga,L1KEN1538,2008,0.36,0.0,0.0,0.0
Kenya,KE,Vihiga,L1KEN1538,2009,1.137846446,0.0,0.0,0.0
Kenya,KE,Vihiga,L1KEN1538,2010,1.642058334,0.0,0.0,0.0
Kenya,KE,Vihiga,L1KEN1538,2011,1.575731418,0.0,0.318484954,0.0
Kenya,KE,Vihiga,L1KEN1538,2012,4.5809999999999995,26.058788395,0.477,0.0
Kenya,KE,Vihiga,L1KEN1538,2013,4.794826087000001,19.557094239999998,0.999,0.0
Kenya,KE,Vihiga,L1KEN1538,2014,4.899148148,22.08589317,0.288,0.0
Kenya,KE,Vihiga,L1KEN1538,2015,0.942857143,0.0,0.0,0.0
Kenya,KE,Vihiga,L1KEN1538,2016,0.694588235,0.0,0.0,0.0
Kenya,KE,Vihiga,L1KEN1538,2019,0.872841003,0.0,0.0,0.0
Kenya,KE,Wajir,L1KEN1539,1982,0.9,0.0,0.0,0.0
Kenya,KE,Wajir,L1KEN1539,1983,0.718364198,0.0,0.0,0.0
Kenya,KE,Wajir,L1KEN1539,1984,0.9,0.0,0.0,0.0
Kenya,KE,Wajir,L1KEN1539,1985,0.645508982,0.0,0.0,0.0
Kenya,KE,Wajir,L1KEN1539,1986,0.365209637,0.0,0.0,0.0
Kenya,KE,Wajir,L1KEN1539,1987,0.270950451,0.0,0.0,0.0
Kenya,KE,Wajir,L1KEN1539,1988,0.281864415,0.0,0.0,0.0
Kenya,KE,Wajir,L1KEN1539,1989,0.087246204,0.0,0.500050005,0.0
Kenya,KE,Wajir,L1KEN1539,1991,1.026037344,0.0,0.0,0.0
Kenya,KE,Wajir,L1KEN1539,1992,0.762721519,0.0,0.0,0.0
Kenya,KE,Wajir,L1KEN1539,1993,0.5994,0.0,0.0,0.0
Kenya,KE,Wajir,L1KEN1539,1994,0.9,0.0,0.0,0.0
Kenya,KE,Wajir,L1KEN1539,1995,0.0,0.0,0.47,0.0
Kenya,KE,Wajir,L1KEN1539,1996,0.0,0.0,0.493150685,0.0
Kenya,KE,Wajir,L1KEN1539,1997,0.63,0.0,0.506666667,0.0
Kenya,KE,Wajir,L1KEN1539,1998,0.599835552,0.0,0.150326797,0.0
Kenya,KE,Wajir,L1KEN1539,1999,0.5554,0.0,0.0,0.0
Kenya,KE,Wajir,L1KEN1539,2001,0.389302326,0.0,0.555555556,0.0
Kenya,KE,Wajir,L1KEN1539,2002,0.8,0.0,0.651376147,0.0
Kenya,KE,Wajir,L1KEN1539,2003,0.914634146,0.0,0.373913043,0.0
Kenya,KE,Wajir,L1KEN1539,2004,0.125,0.0,0.181818182,0.0
Kenya,KE,Wajir,L1KEN1539,2005,0.051433715,0.0,0.0,0.0
Kenya,KE,Wajir,L1KEN1539,2006,0.200683334,0.0,0.0,0.0
Kenya,KE,Wajir,L1KEN1539,2007,0.134,0.0,0.0,0.0
Kenya,KE,Wajir,L1KEN1539,2008,0.475936029,0.0,0.0,0.0
Kenya,KE,Wajir,L1KEN1539,2010,0.194776119,0.0,0.0,0.0
Kenya,KE,Wajir,L1KEN1539,2011,0.246067416,0.0,0.0,0.0
Kenya,KE,Wajir,L1KEN1539,2012,1.350566038,0.0,0.05399999999999999,0.0
Kenya,KE,Wajir,L1KEN1539,2013,1.3860000000000001,0.0,0.36,0.0
Kenya,KE,Wajir,L1KEN1539,2014,0.36,0.0,0.18,0.0
Kenya,KE,Wajir,L1KEN1539,2019,0.54,0.0,0.0,0.0
Kenya,KE,West Pokot,L1KEN1540,1982,5.4,0.0,0.900100234,0.0
Kenya,KE,West Pokot,L1KEN1540,1983,6.1363636360000005,0.0,0.966176471,0.0
Kenya,KE,West Pokot,L1KEN1540,1984,2.918343195,0.0,0.809951456,0.0
Kenya,KE,West Pokot,L1KEN1540,1985,4.504416282,0.0,0.719918284,0.0
Kenya,KE,West Pokot,L1KEN1540,1986,4.3669771950000005,0.0,1.237755735,0.0
Kenya,KE,West Pokot,L1KEN1540,1987,5.321441206,0.0,0.9001221,0.0
Kenya,KE,West Pokot,L1KEN1540,1988,5.669899804,0.0,0.9001221,0.0
Kenya,KE,West Pokot,L1KEN1540,1989,5.586860479,0.0,0.72,0.0
Kenya,KE,West Pokot,L1KEN1540,1990,4.280208657,0.0,0.72,0.0
Kenya,KE,West Pokot,L1KEN1540,1991,3.15,0.0,0.63,0.0
Kenya,KE,West Pokot,L1KEN1540,1992,3.6,0.0,0.45,0.0
Kenya,KE,West Pokot,L1KEN1540,1993,1.35,0.0,0.297,0.0
Kenya,KE,West Pokot,L1KEN1540,1994,3.15,0.0,0.63,0.0
Kenya,KE,West Pokot,L1KEN1540,1995,2.52,0.0,0.269315589,0.0
Kenya,KE,West Pokot,L1KEN1540,1996,2.25,0.0,0.54,0.0
Kenya,KE,West Pokot,L1KEN1540,1997,1.4415,0.0,0.360756076,0.0
Kenya,KE,West Pokot,L1KEN1540,1998,2.7,0.0,0.720072007,0.0
Kenya,KE,West Pokot,L1KEN1540,1999,1.62,0.0,0.360036004,0.0
Kenya,KE,West Pokot,L1KEN1540,2000,0.853521127,0.0,0.126458927,0.0
Kenya,KE,West Pokot,L1KEN1540,2001,1.6292,0.0,0.258325833,0.0
Kenya,KE,West Pokot,L1KEN1540,2002,1.148817204,0.0,0.198072748,0.0
Kenya,KE,West Pokot,L1KEN1540,2003,1.188299795,0.0,0.270027003,0.0
Kenya,KE,West Pokot,L1KEN1540,2004,1.260131579,0.0,0.2016,0.0
Kenya,KE,West Pokot,L1KEN1540,2005,1.710153458,0.0,0.446444644,0.0
Kenya,KE,West Pokot,L1KEN1540,2006,1.428986229,0.0,0.366745696,0.0
Kenya,KE,West Pokot,L1KEN1540,2007,2.312049689,0.0,0.344713838,0.0
Kenya,KE,West Pokot,L1KEN1540,2008,1.607770411,0.0,0.0,0.0
Kenya,KE,West Pokot,L1KEN1540,2009,1.311771058,0.0,0.0,0.0
Kenya,KE,West Pokot,L1KEN1540,2010,2.323419982,6.660618997,0.0,0.0
Kenya,KE,West Pokot,L1KEN1540,2011,2.157799511,10.03529412,0.19,0.0
Kenya,KE,West Pokot,L1KEN1540,2012,5.183999999999999,21.370547950000002,1.097052632,0.0
Kenya,KE,West Pokot,L1KEN1540,2013,4.509,10.0,0.369,0.0
Kenya,KE,West Pokot,L1KEN1540,2014,3.9779999999999998,10.33333333,0.477,0.0
Kenya,KE,West Pokot,L1KEN1540,2015,2.743041479,0.0,0.0,0.0
Kenya,KE,West Pokot,L1KEN1540,2016,2.57963374,0.0,0.0,0.0
Kenya,KE,West Pokot,L1KEN1540,2019,1.89,0.0,0.0,0.0
Kenya,KEN,Baringo,L1KEN1494,2015,3.370047712,27.900988534,1.44111377,0.0
Kenya,KEN,Baringo,L1KEN1494,2016,2.642624114,32.414688199,1.267903935,0.0
Kenya,KEN,Baringo,L1KEN1494,2017,7.946352228,53.33229729999999,5.550000000000001,0.0
Kenya,KEN,Bomet,L1KEN1495,2014,0.0,13.3,0.0,0.0
Kenya,KEN,Bomet,L1KEN1495,2015,1.241961415,37.250774281,1.285600738,0.0
Kenya,KEN,Bomet,L1KEN1495,2016,2.8015097730000003,32.029126076,1.55494775,0.0
Kenya,KEN,Bomet,L1KEN1495,2017,5.0260819130000005,25.02,1.33,0.0
Kenya,KEN,Bungoma,L1KEN1496,2012,2.241,0.0,0.0,0.0
Kenya,KEN,Bungoma,L1KEN1496,2015,5.746683893,52.319374466,1.494237257,0.0
Kenya,KEN,Bungoma,L1KEN1496,2016,5.48571189,45.754629062999996,1.889676113,0.0
Kenya,KEN,Bungoma,L1KEN1496,2017,10.720781973,67.28335029,6.65,0.0
Kenya,KEN,Busia,L1KEN1497,2015,6.778176745,31.364375,2.2398867879999997,0.0
Kenya,KEN,Busia,L1KEN1497,2016,4.289050641,30.686467880000002,1.578211124,0.0
Kenya,KEN,Busia,L1KEN1497,2017,6.610756523,54.68642168,4.539999999999999,0.0
Kenya,KEN,Elgeyo-Marakwet,L1KEN1498,2015,6.927070353,48.530301995,1.70901865,0.0
Kenya,KEN,Elgeyo-Marakwet,L1KEN1498,2016,5.238705576,51.664826106,1.489916022,0.0
Kenya,KEN,Elgeyo-Marakwet,L1KEN1498,2017,7.749283388,41.97201835,4.720000000000001,0.0
Kenya,KEN,Embu,L1KEN1499,2015,2.558804305,43.288576398000004,2.132774522,0.0
Kenya,KEN,Embu,L1KEN1499,2016,3.870520272,34.746255825,2.212219487,0.0
Kenya,KEN,Embu,L1KEN1499,2017,1.59,58.793253012,3.0500000000000003,0.0
Kenya,KEN,Garissa,L1KEN1500,2012,0.072,0.0,0.0,0.0
Kenya,KEN,Garissa,L1KEN1500,2015,3.310361681,0.0,1.235042735,0.0
Kenya,KEN,Garissa,L1KEN1500,2016,3.602487333,0.0,0.8666666670000001,0.0
Kenya,KEN,Garissa,L1KEN1500,2017,4.719333333,0.0,0.54,0.0
Kenya,KEN,Homa Bay,L1KEN1501,2015,4.675178858000001,22.70480971,1.487536671,0.0
Kenya,KEN,Homa Bay,L1KEN1501,2016,2.607317073,20.227056597999997,1.7745692380000002,0.0
Kenya,KEN,Homa Bay,L1KEN1501,2017,4.6372918400000005,19.50510436,2.8200000000000003,0.0
Kenya,KEN,Isiolo,L1KEN1502,2015,1.210422812,16.46,1.044615385,0.0
Kenya,KEN,Isiolo,L1KEN1502,2016,0.670903955,12.56603774,1.189405297,0.0
Kenya,KEN,Isiolo,L1KEN1502,2017,0.900158451,0.0,0.0,0.0
Kenya,KEN,Kajiado,L1KEN1503,2015,4.014066026,26.178337214,1.43772687,0.0
Kenya,KEN,Kajiado,L1KEN1503,2016,2.5972014100000003,19.502356603,1.157461954,0.0
Kenya,KEN,Kajiado,L1KEN1503,2017,2.044403888,11.3125,1.46,0.0
Kenya,KEN,Kakamega,L1KEN1504,2012,2.5,0.0,0.0,0.0
Kenya,KEN,Kakamega,L1KEN1504,2015,2.821748533,26.671302413,1.398683014,0.0
Kenya,KEN,Kakamega,L1KEN1504,2016,2.711002911,24.242552037,1.168331068,0.0
Kenya,KEN,Kakamega,L1KEN1504,2017,6.707689021,25.330983607,4.46,0.0
Kenya,KEN,Kericho,L1KEN1505,2012,0.0,0.0,0.27,0.0
Kenya,KEN,Kericho,L1KEN1505,2014,0.0,0.0,1.557,0.0
Kenya,KEN,Kericho,L1KEN1505,2015,0.90685413,19.757868827000003,0.97492959,0.0
Kenya,KEN,Kericho,L1KEN1505,2016,3.071639826,17.743270187,0.371160929,0.0
Kenya,KEN,Kericho,L1KEN1505,2017,5.923587675,13.1,0.9,0.0
Kenya,KEN,Kiambu,L1KEN1506,2015,2.711472223,27.348149806000002,1.188623627,0.0
Kenya,KEN,Kiambu,L1KEN1506,2016,1.407537182,30.980760976,1.092555762,0.0
Kenya,KEN,Kiambu,L1KEN1506,2017,1.286683679,25.019999999999996,2.9699999999999998,0.0
Kenya,KEN,Kilifi,L1KEN1507,2013,0.5,0.0,0.0,0.0
Kenya,KEN,Kilifi,L1KEN1507,2015,4.414344685,23.723822836,1.510119768,0.0
Kenya,KEN,Kilifi,L1KEN1507,2016,1.2329059820000001,17.485353127,0.971886783,0.0
Kenya,KEN,Kilifi,L1KEN1507,2017,3.813883218,14.366344904000002,1.24,0.0
Kenya,KEN,Kirinyaga,L1KEN1508,2015,6.696687998,24.611138081,1.184120045,0.0
Kenya,KEN,Kirinyaga,L1KEN1508,2016,5.239979462999999,28.851626359999997,0.8473620479999999,0.0
Kenya,KEN,Kirinyaga,L1KEN1508,2017,7.047126512,47.54357143,1.58,0.0
Kenya,KEN,Kisii,L1KEN1509,2015,3.9804814310000003,35.707078677,1.4941197800000001,0.0
Kenya,KEN,Kisii,L1KEN1509,2016,3.256499273,35.29415281,1.318740802,0.0
Kenya,KEN,Kisii,L1KEN1509,2017,4.999448813,38.454337349999996,2.3899999999999997,0.0
Kenya,KEN,Kisumu,L1KEN1510,2015,7.57040049,25.72764997,1.600061957,0.0
Kenya,KEN,Kisumu,L1KEN1510,2016,4.780686103,22.756656305,2.78747011,0.0
Kenya,KEN,Kisumu,L1KEN1510,2017,5.694914279000001,26.67871915,2.8200000000000003,0.0
Kenya,KEN,Kitui,L1KEN1511,2015,2.35388092,14.713836697,1.513694745,0.0
Kenya,KEN,Kitui,L1KEN1511,2016,0.7112159730000001,12.271533545,0.32789608200000003,0.0
Kenya,KEN,Kitui,L1KEN1511,2017,0.515984277,43.97498419,1.01,0.0
Kenya,KEN,Kwale,L1KEN1512,2015,6.085495207999999,37.92019241,1.721442235,0.0
Kenya,KEN,Kwale,L1KEN1512,2016,3.1779122710000003,13.792631248,0.923146735,0.0
Kenya,KEN,Kwale,L1KEN1512,2017,3.4553230370000003,19.683453742,3.45,0.0
Kenya,KEN,Laikipia,L1KEN1513,2015,6.408796388,29.858174381,1.160529322,0.0
Kenya,KEN,Laikipia,L1KEN1513,2016,5.860309148,21.271431341,0.957306628,0.0
Kenya,KEN,Laikipia,L1KEN1513,2017,6.174017739,17.458113208,3.94,0.0
Kenya,KEN,Lamu,L1KEN1514,2012,2.8,17.9,0.0,0.0
Kenya,KEN,Lamu,L1KEN1514,2013,0.819,0.0,0.0,0.0
Kenya,KEN,Lamu,L1KEN1514,2015,2.29587766,36.06299213,1.336172639,0.0
Kenya,KEN,Lamu,L1KEN1514,2016,1.885375494,28.00070254,0.953889883,0.0
Kenya,KEN,Lamu,L1KEN1514,2017,3.577014053,25.14534591,2.0300000000000002,0.0
Kenya,KEN,Machakos,L1KEN1515,2012,0.666,0.0,0.0,0.0
Kenya,KEN,Machakos,L1KEN1515,2015,1.986729408,31.931929591,1.507239181,0.0
Kenya,KEN,Machakos,L1KEN1515,2016,1.290629744,24.907115607999998,0.978517656,0.0
Kenya,KEN,Machakos,L1KEN1515,2017,1.4778705140000001,14.655163599,2.93,0.0
Kenya,KEN,Makueni,L1KEN1516,2015,2.3247375640000003,28.153850562,0.955046194,0.0
Kenya,KEN,Makueni,L1KEN1516,2016,1.529278465,20.86569937,1.5503031470000002,0.0
Kenya,KEN,Makueni,L1KEN1516,2017,1.439606705,107.68635884,2.2199999999999998,0.0
Kenya,KEN,Mandera,L1KEN1517,2014,0.0,0.0,0.045,0.0
Kenya,KEN,Mandera,L1KEN1517,2015,0.696994213,0.0,0.890166028,0.0
Kenya,KEN,Mandera,L1KEN1517,2016,0.666253934,0.0,0.6038961039999999,0.0
Kenya,KEN,Mandera,L1KEN1517,2017,1.079332465,0.0,0.22,0.0
Kenya,KEN,Marsabit,L1KEN1518,2012,0.0,0.0,0.36,0.0
Kenya,KEN,Marsabit,L1KEN1518,2015,1.806451613,5.0,0.566950959,0.0
Kenya,KEN,Marsabit,L1KEN1518,2016,1.5,5.5,0.243944637,0.0
Kenya,KEN,Marsabit,L1KEN1518,2017,0.54838139,0.0,0.0,0.0
Kenya,KEN,Meru,L1KEN1519,2015,10.284148848000001,43.216084042000006,1.562773952,0.0
Kenya,KEN,Meru,L1KEN1519,2016,7.827913396,30.150694461,1.5042446269999998,0.0
Kenya,KEN,Meru,L1KEN1519,2017,6.047068802,29.747591973000002,5.54,0.0
Kenya,KEN,Migori,L1KEN1520,2015,7.183460082,23.61129248,1.071257865,0.0
Kenya,KEN,Migori,L1KEN1520,2016,2.199263487,10.125082686,1.091274766,0.0
Kenya,KEN,Migori,L1KEN1520,2017,5.038738794,9.287520814,3.16,0.0
Kenya,KEN,Mombasa,L1KEN1521,2014,0.0,0.0,0.2557575,0.0
Kenya,KEN,Mombasa,L1KEN1521,2015,0.0,19.028136882,1.073924731,0.0
Kenya,KEN,Mombasa,L1KEN1521,2016,0.1,13.75,1.004610419,0.0
Kenya,KEN,Mombasa,L1KEN1521,2017,1.665062657,18.439065421000002,2.65,0.0
Kenya,KEN,Nairobi,L1KEN1523,2012,1.566,24.8,1.125,0.0
Kenya,KEN,Nairobi,L1KEN1523,2013,1.5750000000000002,8.0,0.396,0.0
Kenya,KEN,Nairobi,L1KEN1523,2014,1.476,25.0,0.6583329,0.0
Kenya,KEN,Nairobi,L1KEN1523,2015,2.3214771489999997,22.015078213000002,1.1525012380000001,0.0
Kenya,KEN,Nairobi,L1KEN1523,2016,1.287080713,16.597395833,0.921355983,0.0
Kenya,KEN,Nairobi,L1KEN1523,2017,0.9806791570000001,28.286666667000002,1.05,0.0
Kenya,KEN,Nakuru,L1KEN1524,2015,5.306650031,35.153505315000004,1.286798336,0.0
Kenya,KEN,Nakuru,L1KEN1524,2016,7.649550308,28.600167121000002,1.386575906,0.0
Kenya,KEN,Nakuru,L1KEN1524,2017,7.712484406,58.72608696,2.25,0.0
Kenya,KEN,Nandi,L1KEN1525,2015,4.2689232100000005,32.418016596,1.6034319259999998,0.0
Kenya,KEN,Nandi,L1KEN1525,2016,4.013649194,43.806696114000005,1.216763832,0.0
Kenya,KEN,Nandi,L1KEN1525,2017,5.783251804,47.42786885,2.89,0.0
Kenya,KEN,Narok,L1KEN1526,2015,5.59953199,27.206233442,1.671338496,0.0
Kenya,KEN,Narok,L1KEN1526,2016,5.248023743,20.844455001999997,1.555432626,0.0
Kenya,KEN,Narok,L1KEN1526,2017,7.143373883,44.479230769,4.26,0.0
Kenya,KEN,Nyamira,L1KEN1527,2015,5.259996108999999,43.129761903,1.465238071,0.0
Kenya,KEN,Nyamira,L1KEN1527,2016,4.8101537169999995,47.795932678,1.154846252,0.0
Kenya,KEN,Nyamira,L1KEN1527,2017,20.859891364,45.86,2.21,0.0
Kenya,KEN,Nyandarua,L1KEN1528,2015,2.446129032,37.397958007,1.0539174390000001,0.0
Kenya,KEN,Nyandarua,L1KEN1528,2016,2.498618785,25.330935232,1.2434971099999999,0.0
Kenya,KEN,Nyandarua,L1KEN1528,2017,1.435979513,0.0,0.0,0.0
Kenya,KEN,Nyeri,L1KEN1529,2012,0.207,0.0,0.0,0.0
Kenya,KEN,Nyeri,L1KEN1529,2013,3.501,0.0,0.0,0.0
Kenya,KEN,Nyeri,L1KEN1529,2015,3.4818145520000003,27.266370244,1.6754029369999999,0.0
Kenya,KEN,Nyeri,L1KEN1529,2016,2.322604199,22.921455113,0.9961442789999999,0.0
Kenya,KEN,Nyeri,L1KEN1529,2017,2.879422345,38.826666667,0.41,0.0
Kenya,KEN,Samburu,L1KEN1530,2012,8.226,0.0,3.492,0.0
Kenya,KEN,Samburu,L1KEN1530,2015,1.4515343920000001,12.777777778,1.56676445,0.0
Kenya,KEN,Samburu,L1KEN1530,2016,4.180970099,13.75,1.556575963,0.0
Kenya,KEN,Samburu,L1KEN1530,2017,5.941284653,11.0,1.23,0.0
Kenya,KEN,Siaya,L1KEN1531,2015,5.085054132,27.889141449999997,1.404514863,0.0
Kenya,KEN,Siaya,L1KEN1531,2016,5.372959611000001,24.77006721,1.427898777,0.0
Kenya,KEN,Siaya,L1KEN1531,2017,4.869181063999999,30.14947583,2.55,0.0
Kenya,KEN,Taita Taveta,L1KEN1532,2012,3.3,0.0,0.0,0.0
Kenya,KEN,Taita Taveta,L1KEN1532,2015,2.365590419,23.737754294,1.242434585,0.0
Kenya,KEN,Taita Taveta,L1KEN1532,2016,1.5766295129999999,27.344065800000003,1.135853611,0.0
Kenya,KEN,Taita Taveta,L1KEN1532,2017,3.370851793,49.953431949999995,2.96,0.0
Kenya,KEN,Tana River,L1KEN1533,2015,4.652142001,29.41712039,1.646107266,0.0
Kenya,KEN,Tana River,L1KEN1533,2016,6.320886148,18.069145465,1.928623988,0.0
Kenya,KEN,Tana River,L1KEN1533,2017,4.764887023,21.905054945000003,1.54,0.0
Kenya,KEN,Trans Nzoia,L1KEN1535,2015,4.491587883,31.957877606,1.465098607,0.0
Kenya,KEN,Trans Nzoia,L1KEN1535,2016,8.498726528,24.380532198,1.327521631,0.0
Kenya,KEN,Trans Nzoia,L1KEN1535,2017,7.596824288999999,65.79960784,1.51,0.0
Kenya,KEN,Turkana,L1KEN1536,2012,0.0,8.855932203,0.0,0.0
Kenya,KEN,Turkana,L1KEN1536,2014,0.0,8.69047619,0.0,0.0
Kenya,KEN,Turkana,L1KEN1536,2015,0.0,0.0,0.471698113,0.0
Kenya,KEN,Turkana,L1KEN1536,2016,1.189365985,0.0,0.309090909,0.0
Kenya,KEN,Turkana,L1KEN1536,2017,1.6232703210000001,0.0,0.48,0.0
Kenya,KEN,Uasin Gishu,L1KEN1537,2014,0.972,0.0,0.0,0.0
Kenya,KEN,Uasin Gishu,L1KEN1537,2015,3.5624765509999996,24.407333747,0.571358479,0.0
Kenya,KEN,Uasin Gishu,L1KEN1537,2016,7.589106643000001,30.547690693,0.588674357,0.0
Kenya,KEN,Uasin Gishu,L1KEN1537,2017,7.8198352269999996,51.37,1.5699999999999998,0.0
Kenya,KEN,Vihiga,L1KEN1538,2015,1.947731804,27.64539092,0.830942654,0.0
Kenya,KEN,Vihiga,L1KEN1538,2016,2.358876405,28.62703355,0.8908015060000001,0.0
Kenya,KEN,Vihiga,L1KEN1538,2017,2.765919836,44.103032491,1.98,0.0
Kenya,KEN,Wajir,L1KEN1539,2015,0.452380952,0.0,0.825012475,0.0
Kenya,KEN,Wajir,L1KEN1539,2016,0.0,0.0,0.23073446399999997,0.0
Kenya,KEN,Wajir,L1KEN1539,2017,3.0003921570000003,0.0,0.0,0.0
Kenya,KEN,West Pokot,L1KEN1540,2012,0.0,23.4,0.0,0.0
Kenya,KEN,West Pokot,L1KEN1540,2015,0.836111111,84.868565582,0.875582528,0.0
Kenya,KEN,West Pokot,L1KEN1540,2016,0.832474227,30.966673598,1.042966102,0.0
Kenya,KEN,West Pokot,L1KEN1540,2017,5.437489115,22.0,2.01,0.0
Kenya,KEN,Muranga,L1KEN1522,2012,5.997,16.8,1.107,0.0
Kenya,KEN,Muranga,L1KEN1522,2013,6.255,12.3,0.0,0.0
Kenya,KEN,Muranga,L1KEN1522,2014,4.4350000000000005,23.606553331999997,0.405,0.0
Kenya,KEN,Muranga,L1KEN1522,2015,4.415933487,22.25393425,0.9576295290000001,0.0
Kenya,KEN,Muranga,L1KEN1522,2016,3.729237222,22.541609611,1.061218546,0.0
Kenya,KEN,Muranga,L1KEN1522,2017,5.21,30.370155763,2.67,0.0
Kenya,KEN,Tharaka-Nithi,L1KEN1534,2015,6.780448972,30.692450153000003,1.869117229,0.0
Kenya,KEN,Tharaka-Nithi,L1KEN1534,2016,6.310411162,25.527471767,1.367385552,0.0
Kenya,KEN,Tharaka-Nithi,L1KEN1534,2017,3.38,70.491395881,2.91,0.0
Lesotho,LS,Berea,L1LSO1721,1982,2.226356696,0.0,0.882352941,0.0
Lesotho,LS,Berea,L1LSO1721,1983,1.70646625,0.0,0.875,0.0
Lesotho,LS,Berea,L1LSO1721,1984,1.089167961,0.0,0.761904762,0.0
Lesotho,LS,Berea,L1LSO1721,1985,1.725077371,0.0,0.9375,0.0
Lesotho,LS,Berea,L1LSO1721,1986,1.757586947,0.0,1.0,0.0
Lesotho,LS,Berea,L1LSO1721,1987,1.640540508,0.0,0.717948718,0.0
Lesotho,LS,Berea,L1LSO1721,1988,2.68585487,0.0,0.784615385,0.0
Lesotho,LS,Berea,L1LSO1721,1989,1.629399293,0.0,0.75,0.0
Lesotho,LS,Berea,L1LSO1721,1990,2.151844609,0.0,0.714285714,0.0
Lesotho,LS,Berea,L1LSO1721,1991,0.759146825,0.0,0.866666667,0.0
Lesotho,LS,Berea,L1LSO1721,1992,1.122782608,0.0,0.416666667,0.0
Lesotho,LS,Berea,L1LSO1721,1993,1.69932421,0.0,0.708029197,0.0
Lesotho,LS,Berea,L1LSO1721,1994,1.9141381769999999,0.0,1.0,0.0
Lesotho,LS,Berea,L1LSO1721,1995,2.627341707,0.0,0.43442623,0.0
Lesotho,LS,Berea,L1LSO1721,1996,2.390718638,0.0,1.0,0.0
Lesotho,LS,Berea,L1LSO1721,1997,0.9339800039999999,0.0,0.877202349,0.0
Lesotho,LS,Berea,L1LSO1721,1998,5.151881109,0.0,0.911266783,0.0
Lesotho,LS,Berea,L1LSO1721,1999,2.225485189,0.0,0.911253776,0.0
Lesotho,LS,Berea,L1LSO1721,2000,1.706848986,0.0,0.959357278,0.0
Lesotho,LS,Berea,L1LSO1721,2001,1.658244316,0.0,0.722930978,0.0
Lesotho,LS,Berea,L1LSO1721,2002,1.539954173,0.0,0.865365854,0.0
Lesotho,LS,Berea,L1LSO1721,2003,1.0057036959999999,0.0,0.853470437,0.0
Lesotho,LS,Berea,L1LSO1721,2004,0.675915461,0.0,0.954915807,0.0
Lesotho,LS,Berea,L1LSO1721,2005,2.0020017589999997,0.0,0.435876289,0.0
Lesotho,LS,Berea,L1LSO1721,2006,1.769885396,0.0,0.581444759,0.0
Lesotho,LS,Berea,L1LSO1721,2007,0.7619245450000001,0.0,0.734265734,0.0
Lesotho,LS,Berea,L1LSO1721,2008,0.767154291,0.0,0.180664063,0.0
Lesotho,LS,Berea,L1LSO1721,2009,0.8850743600000001,0.0,0.867021277,0.0
Lesotho,LS,Berea,L1LSO1721,2010,2.025260298,0.0,0.804961352,0.0
Lesotho,LS,Berea,L1LSO1721,2011,0.691167,0.0,0.075293227,0.0
Lesotho,LS,Berea,L1LSO1721,2012,0.693988732,0.0,0.957614943,0.0
Lesotho,LS,Berea,L1LSO1721,2013,2.002780347,0.0,0.660968661,0.0
Lesotho,LS,Berea,L1LSO1721,2014,1.2807370219999998,0.0,0.054512958,0.0
Lesotho,LS,Berea,L1LSO1721,2015,0.882809554,0.0,0.126203432,0.0
Lesotho,LS,Berea,L1LSO1721,2016,0.62980999,0.0,0.04041845,0.0
Lesotho,LS,Berea,L1LSO1721,2017,1.710700309,0.0,0.0,0.0
Lesotho,LS,Berea,L1LSO1721,2018,0.592811461,0.0,0.0,0.0
Lesotho,LS,Berea,L1LSO1721,2019,1.540718596,0.0,0.00295858,0.0
Lesotho,LS,Berea,L1LSO1721,2020,1.0569488420000002,0.0,0.586572438,0.0
Lesotho,LS,Berea,L1LSO1721,2021,1.726615635,0.0,0.005053057,0.0
Lesotho,LS,Berea,L1LSO1721,2022,0.891947151,0.0,0.008229725,0.0
Lesotho,LS,Butha-Buthe,L1LSO1722,1982,2.0526645770000003,0.0,1.0,0.0
Lesotho,LS,Butha-Buthe,L1LSO1722,1983,2.278298205,0.0,1.0,0.0
Lesotho,LS,Butha-Buthe,L1LSO1722,1984,1.5702822579999998,0.0,0.4,0.0
Lesotho,LS,Butha-Buthe,L1LSO1722,1985,1.9729761909999999,0.0,0.4,0.0
Lesotho,LS,Butha-Buthe,L1LSO1722,1986,2.041843186,0.0,0.5,0.0
Lesotho,LS,Butha-Buthe,L1LSO1722,1987,1.8416161620000002,0.0,0.75,0.0
Lesotho,LS,Butha-Buthe,L1LSO1722,1988,3.1516110229999996,0.0,0.857142857,0.0
Lesotho,LS,Butha-Buthe,L1LSO1722,1989,2.359852293,0.0,0.666666667,0.0
Lesotho,LS,Butha-Buthe,L1LSO1722,1990,1.788043177,0.0,0.666666667,0.0
Lesotho,LS,Butha-Buthe,L1LSO1722,1991,1.6653586960000002,0.0,1.0,0.0
Lesotho,LS,Butha-Buthe,L1LSO1722,1992,1.171142857,0.0,1.0,0.0
Lesotho,LS,Butha-Buthe,L1LSO1722,1993,3.821344615,0.0,0.37037037,0.0
Lesotho,LS,Butha-Buthe,L1LSO1722,1994,2.427459765,0.0,1.0,0.0
Lesotho,LS,Butha-Buthe,L1LSO1722,1995,2.394145152,0.0,0.482142857,0.0
Lesotho,LS,Butha-Buthe,L1LSO1722,1996,2.5102029099999994,0.0,0.880808081,0.0
Lesotho,LS,Butha-Buthe,L1LSO1722,1997,4.161162146,0.0,0.0875,0.0
Lesotho,LS,Butha-Buthe,L1LSO1722,1998,4.870882229,0.0,0.996677741,0.0
Lesotho,LS,Butha-Buthe,L1LSO1722,1999,2.672302733,0.0,0.682437851,0.0
Lesotho,LS,Butha-Buthe,L1LSO1722,2000,2.636130488,0.0,0.632142857,0.0
Lesotho,LS,Butha-Buthe,L1LSO1722,2001,2.53941173,0.0,0.811965812,0.0
Lesotho,LS,Butha-Buthe,L1LSO1722,2002,1.6130237649999999,0.0,0.318518519,0.0
Lesotho,LS,Butha-Buthe,L1LSO1722,2003,1.402107397,0.0,0.507712082,0.0
Lesotho,LS,Butha-Buthe,L1LSO1722,2004,2.214229127,0.0,0.995192308,0.0
Lesotho,LS,Butha-Buthe,L1LSO1722,2005,1.676848963,0.0,0.629554656,0.0
Lesotho,LS,Butha-Buthe,L1LSO1722,2006,1.567415617,0.0,1.0,0.0
Lesotho,LS,Butha-Buthe,L1LSO1722,2007,0.786573995,0.0,0.528461849,0.0
Lesotho,LS,Butha-Buthe,L1LSO1722,2008,0.6647156249999999,0.0,0.207672634,0.0
Lesotho,LS,Butha-Buthe,L1LSO1722,2009,1.5529876329999999,0.0,1.0,0.0
Lesotho,LS,Butha-Buthe,L1LSO1722,2010,2.249067873,0.0,0.861445783,0.0
Lesotho,LS,Butha-Buthe,L1LSO1722,2011,0.9603759220000001,0.0,0.348498635,0.0
Lesotho,LS,Butha-Buthe,L1LSO1722,2012,2.9358978860000002,0.0,0.597127223,0.0
Lesotho,LS,Butha-Buthe,L1LSO1722,2013,2.657018866,0.0,0.591478697,0.0
Lesotho,LS,Butha-Buthe,L1LSO1722,2014,1.354672334,0.0,0.133738602,0.0
Lesotho,LS,Butha-Buthe,L1LSO1722,2015,1.6071460910000002,0.0,0.165694282,0.0
Lesotho,LS,Butha-Buthe,L1LSO1722,2016,0.486501585,0.0,0.0,0.0
Lesotho,LS,Butha-Buthe,L1LSO1722,2017,2.1487128,0.0,0.0,0.0
Lesotho,LS,Butha-Buthe,L1LSO1722,2018,1.0323133809999998,0.0,0.0,0.0
Lesotho,LS,Butha-Buthe,L1LSO1722,2019,1.233121827,0.0,0.035714286,0.0
Lesotho,LS,Butha-Buthe,L1LSO1722,2020,2.069873426,0.0,0.15658363,0.0
Lesotho,LS,Butha-Buthe,L1LSO1722,2021,2.3413383739999998,0.0,0.49382716,0.0
Lesotho,LS,Butha-Buthe,L1LSO1722,2022,0.317782805,0.0,0.020784314,0.0
Lesotho,LS,Leribe,L1LSO1723,1982,2.095623099,0.0,0.846153846,0.0
Lesotho,LS,Leribe,L1LSO1723,1983,2.283882784,0.0,0.8125,0.0
Lesotho,LS,Leribe,L1LSO1723,1984,2.700594952,0.0,0.808510638,0.0
Lesotho,LS,Leribe,L1LSO1723,1985,1.6848939399999998,0.0,0.518518519,0.0
Lesotho,LS,Leribe,L1LSO1723,1986,2.33139598,0.0,0.907407407,0.0
Lesotho,LS,Leribe,L1LSO1723,1987,2.390157187,0.0,0.770833333,0.0
Lesotho,LS,Leribe,L1LSO1723,1988,3.7714219919999996,0.0,0.827160494,0.0
Lesotho,LS,Leribe,L1LSO1723,1989,3.202764226,0.0,0.8125,0.0
Lesotho,LS,Leribe,L1LSO1723,1990,2.405430152,0.0,0.434782609,0.0
Lesotho,LS,Leribe,L1LSO1723,1991,1.1479362419999999,0.0,1.0,0.0
Lesotho,LS,Leribe,L1LSO1723,1992,1.224885204,0.0,0.470588235,0.0
Lesotho,LS,Leribe,L1LSO1723,1993,2.415099897,0.0,0.047979798,0.0
Lesotho,LS,Leribe,L1LSO1723,1994,2.6710225579999998,0.0,0.98762215,0.0
Lesotho,LS,Leribe,L1LSO1723,1995,1.9982803709999999,0.0,0.706137184,0.0
Lesotho,LS,Leribe,L1LSO1723,1996,2.9988460200000002,0.0,0.820566632,0.0
Lesotho,LS,Leribe,L1LSO1723,1997,2.094345972,0.0,0.81051984,0.0
Lesotho,LS,Leribe,L1LSO1723,1998,1.856411081,0.0,0.671150972,0.0
Lesotho,LS,Leribe,L1LSO1723,1999,2.898641502,0.0,0.901082677,0.0
Lesotho,LS,Leribe,L1LSO1723,2000,2.205778189,0.0,0.990250696,0.0
Lesotho,LS,Leribe,L1LSO1723,2001,1.868521993,0.0,0.943790353,0.0
Lesotho,LS,Leribe,L1LSO1723,2002,2.011710638,0.0,0.691125087,0.0
Lesotho,LS,Leribe,L1LSO1723,2003,2.011137254,0.0,0.801853998,0.0
Lesotho,LS,Leribe,L1LSO1723,2004,1.856331401,0.0,0.881287726,0.0
Lesotho,LS,Leribe,L1LSO1723,2005,1.628351527,0.0,1.0,0.0
Lesotho,LS,Leribe,L1LSO1723,2006,1.6806017340000001,0.0,0.990018484,0.0
Lesotho,LS,Leribe,L1LSO1723,2007,1.3478756889999999,0.0,0.9905549,0.0
Lesotho,LS,Leribe,L1LSO1723,2008,1.2140747170000001,0.0,0.14195231,0.0
Lesotho,LS,Leribe,L1LSO1723,2009,2.008808684,0.0,0.952010376,0.0
Lesotho,LS,Leribe,L1LSO1723,2010,2.123229654,0.0,0.935115327,0.0
Lesotho,LS,Leribe,L1LSO1723,2011,1.4304632929999999,0.0,0.183566033,0.0
Lesotho,LS,Leribe,L1LSO1723,2012,1.445094759,0.0,0.933616364,0.0
Lesotho,LS,Leribe,L1LSO1723,2013,1.529774677,0.0,0.834648058,0.0
Lesotho,LS,Leribe,L1LSO1723,2014,1.530880121,0.0,0.144553073,0.0
Lesotho,LS,Leribe,L1LSO1723,2015,2.695399093,0.0,0.258349328,0.0
Lesotho,LS,Leribe,L1LSO1723,2016,1.324081042,0.0,0.44077961,0.0
Lesotho,LS,Leribe,L1LSO1723,2017,2.402846726,0.0,0.0,0.0
Lesotho,LS,Leribe,L1LSO1723,2018,0.6912210489999999,0.0,0.0,0.0
Lesotho,LS,Leribe,L1LSO1723,2019,0.7186480239999999,0.0,0.263554217,0.0
Lesotho,LS,Leribe,L1LSO1723,2020,1.692831271,0.0,0.200125471,0.0
Lesotho,LS,Leribe,L1LSO1723,2021,2.4651940650000004,0.0,0.086805556,0.0
Lesotho,LS,Leribe,L1LSO1723,2022,0.5688257379999999,0.0,0.077691562,0.0
Lesotho,LS,Mafeteng,L1LSO1724,1982,0.783328997,0.0,0.727272727,0.0
Lesotho,LS,Mafeteng,L1LSO1724,1983,1.2515268400000001,0.0,0.928571429,0.0
Lesotho,LS,Mafeteng,L1LSO1724,1984,1.2796070130000001,0.0,0.578947368,0.0
Lesotho,LS,Mafeteng,L1LSO1724,1985,1.342420621,0.0,0.916666667,0.0
Lesotho,LS,Mafeteng,L1LSO1724,1986,0.960349586,0.0,0.914285714,0.0
Lesotho,LS,Mafeteng,L1LSO1724,1987,0.796321454,0.0,0.766666667,0.0
Lesotho,LS,Mafeteng,L1LSO1724,1988,1.671855603,0.0,0.803921569,0.0
Lesotho,LS,Mafeteng,L1LSO1724,1989,0.924210397,0.0,0.775,0.0
Lesotho,LS,Mafeteng,L1LSO1724,1990,1.548737212,0.0,0.263157895,0.0
Lesotho,LS,Mafeteng,L1LSO1724,1991,1.020760401,0.0,0.315789474,0.0
Lesotho,LS,Mafeteng,L1LSO1724,1992,1.244419194,0.0,0.5,0.0
Lesotho,LS,Mafeteng,L1LSO1724,1993,1.947074669,0.0,0.963320463,0.0
Lesotho,LS,Mafeteng,L1LSO1724,1994,1.2959846869999998,0.0,1.0,0.0
Lesotho,LS,Mafeteng,L1LSO1724,1995,0.39517645799999995,0.0,0.027522936,0.0
Lesotho,LS,Mafeteng,L1LSO1724,1996,2.329336869,0.0,0.852725793,0.0
Lesotho,LS,Mafeteng,L1LSO1724,1997,0.9364152050000001,0.0,0.676840982,0.0
Lesotho,LS,Mafeteng,L1LSO1724,1998,1.940862534,0.0,0.997398092,0.0
Lesotho,LS,Mafeteng,L1LSO1724,1999,1.520840051,0.0,0.992877493,0.0
Lesotho,LS,Mafeteng,L1LSO1724,2000,0.89648207,0.0,0.907725908,0.0
Lesotho,LS,Mafeteng,L1LSO1724,2001,1.4846846699999998,0.0,0.996080139,0.0
Lesotho,LS,Mafeteng,L1LSO1724,2002,1.301142939,0.0,0.850144092,0.0
Lesotho,LS,Mafeteng,L1LSO1724,2003,1.54684676,0.0,0.963674322,0.0
Lesotho,LS,Mafeteng,L1LSO1724,2004,0.940456399,0.0,0.914304124,0.0
Lesotho,LS,Mafeteng,L1LSO1724,2005,0.702284841,0.0,1.0,0.0
Lesotho,LS,Mafeteng,L1LSO1724,2006,1.2170673719999998,0.0,0.933172303,0.0
Lesotho,LS,Mafeteng,L1LSO1724,2007,0.5512191449999999,0.0,0.831467295,0.0
Lesotho,LS,Mafeteng,L1LSO1724,2008,0.367079845,0.0,0.394638404,0.0
Lesotho,LS,Mafeteng,L1LSO1724,2009,0.712432183,0.0,0.891975309,0.0
Lesotho,LS,Mafeteng,L1LSO1724,2010,0.864216381,0.0,0.739910314,0.0
Lesotho,LS,Mafeteng,L1LSO1724,2011,0.4880308,0.0,0.120473023,0.0
Lesotho,LS,Mafeteng,L1LSO1724,2012,0.316490708,0.0,1.188548865,0.0
Lesotho,LS,Mafeteng,L1LSO1724,2013,1.685035299,0.0,0.483110261,0.0
Lesotho,LS,Mafeteng,L1LSO1724,2014,0.9524769829999999,0.0,0.22694718,0.0
Lesotho,LS,Mafeteng,L1LSO1724,2015,1.422166511,0.0,0.073170732,0.0
Lesotho,LS,Mafeteng,L1LSO1724,2016,0.092197939,0.0,0.097276265,0.0
Lesotho,LS,Mafeteng,L1LSO1724,2017,1.786564493,0.0,0.0,0.0
Lesotho,LS,Mafeteng,L1LSO1724,2018,0.386970323,0.0,0.0,0.0
Lesotho,LS,Mafeteng,L1LSO1724,2019,1.7120729949999998,0.0,0.186652763,0.0
Lesotho,LS,Mafeteng,L1LSO1724,2020,1.628332914,0.0,0.549698795,0.0
Lesotho,LS,Mafeteng,L1LSO1724,2021,1.7094265549999998,0.0,0.142857143,0.0
Lesotho,LS,Mafeteng,L1LSO1724,2022,0.858773872,0.0,0.429090071,0.0
Lesotho,LS,Maseru,L1LSO1725,1982,1.7508339089999998,0.0,1.111111111,0.0
Lesotho,LS,Maseru,L1LSO1725,1983,2.1682308519999998,0.0,0.875,0.0
Lesotho,LS,Maseru,L1LSO1725,1984,1.9408275270000002,0.0,1.142857143,0.0
Lesotho,LS,Maseru,L1LSO1725,1985,2.16090759,0.0,1.153846154,0.0
Lesotho,LS,Maseru,L1LSO1725,1986,1.9786740029999998,0.0,0.804878049,0.0
Lesotho,LS,Maseru,L1LSO1725,1987,1.994409647,0.0,0.777777778,0.0
Lesotho,LS,Maseru,L1LSO1725,1988,2.417628352,0.0,0.85,0.0
Lesotho,LS,Maseru,L1LSO1725,1989,2.423789125,0.0,0.8125,0.0
Lesotho,LS,Maseru,L1LSO1725,1990,2.160288106,0.0,0.357142857,0.0
Lesotho,LS,Maseru,L1LSO1725,1991,0.806259602,0.0,0.52,0.0
Lesotho,LS,Maseru,L1LSO1725,1992,1.3513558410000002,0.0,0.25,0.0
Lesotho,LS,Maseru,L1LSO1725,1993,1.887945621,0.0,0.638157895,0.0
Lesotho,LS,Maseru,L1LSO1725,1994,1.776501345,0.0,0.614443084,0.0
Lesotho,LS,Maseru,L1LSO1725,1995,1.6467485579999999,0.0,0.795,0.0
Lesotho,LS,Maseru,L1LSO1725,1996,2.775834911,0.0,0.259423503,0.0
Lesotho,LS,Maseru,L1LSO1725,1997,1.8835152910000001,0.0,1.0,0.0
Lesotho,LS,Maseru,L1LSO1725,1998,3.1491668010000002,0.0,1.284773663,0.0
Lesotho,LS,Maseru,L1LSO1725,1999,3.3971853079999996,0.0,0.843706294,0.0
Lesotho,LS,Maseru,L1LSO1725,2000,2.6622092320000004,0.0,0.809409888,0.0
Lesotho,LS,Maseru,L1LSO1725,2001,3.240737279,0.0,0.950537634,0.0
Lesotho,LS,Maseru,L1LSO1725,2002,1.676611647,0.0,0.421778412,0.0
Lesotho,LS,Maseru,L1LSO1725,2003,1.141905431,0.0,0.781176471,0.0
Lesotho,LS,Maseru,L1LSO1725,2004,1.565714461,0.0,1.166556072,0.0
Lesotho,LS,Maseru,L1LSO1725,2005,1.3227409259999998,0.0,0.849678457,0.0
Lesotho,LS,Maseru,L1LSO1725,2006,1.56874955,0.0,0.176218073,0.0
Lesotho,LS,Maseru,L1LSO1725,2007,1.227518551,0.0,0.434882651,0.0
Lesotho,LS,Maseru,L1LSO1725,2008,1.090856866,0.0,0.048937024,0.0
Lesotho,LS,Maseru,L1LSO1725,2009,1.354563524,0.0,1.053311793,0.0
Lesotho,LS,Maseru,L1LSO1725,2010,1.835454126,0.0,0.85884158,0.0
Lesotho,LS,Maseru,L1LSO1725,2011,2.2116708110000003,0.0,0.102756892,0.0
Lesotho,LS,Maseru,L1LSO1725,2012,1.799360301,0.0,0.238461538,0.0
Lesotho,LS,Maseru,L1LSO1725,2013,2.91888066,0.0,0.875471698,0.0
Lesotho,LS,Maseru,L1LSO1725,2014,1.6486939919999999,0.0,0.122546673,0.0
Lesotho,LS,Maseru,L1LSO1725,2015,2.003547515,0.0,0.282841473,0.0
Lesotho,LS,Maseru,L1LSO1725,2016,0.7323714210000001,0.0,0.0625,0.0
Lesotho,LS,Maseru,L1LSO1725,2017,2.7927953700000003,0.0,0.0,0.0
Lesotho,LS,Maseru,L1LSO1725,2018,0.885440261,0.0,0.0,0.0
Lesotho,LS,Maseru,L1LSO1725,2019,0.9654134940000001,0.0,0.011439466,0.0
Lesotho,LS,Maseru,L1LSO1725,2020,1.6742074200000001,0.0,0.281081081,0.0
Lesotho,LS,Maseru,L1LSO1725,2021,1.3699757090000002,0.0,0.164556962,0.0
Lesotho,LS,Maseru,L1LSO1725,2022,0.77048809,0.0,0.062565789,0.0
Lesotho,LS,Mohale's Hoek,L1LSO1726,1982,1.822092525,0.0,0.818181818,0.0
Lesotho,LS,Mohale's Hoek,L1LSO1726,1983,0.816231466,0.0,0.6,0.0
Lesotho,LS,Mohale's Hoek,L1LSO1726,1984,0.861133743,0.0,0.666666667,0.0
Lesotho,LS,Mohale's Hoek,L1LSO1726,1985,1.459634695,0.0,0.75,0.0
Lesotho,LS,Mohale's Hoek,L1LSO1726,1986,1.167071848,0.0,0.875,0.0
Lesotho,LS,Mohale's Hoek,L1LSO1726,1987,1.6882588539999999,0.0,0.5,0.0
Lesotho,LS,Mohale's Hoek,L1LSO1726,1988,2.1584013410000003,0.0,0.055,0.0
Lesotho,LS,Mohale's Hoek,L1LSO1726,1989,1.399459183,0.0,0.5625,0.0
Lesotho,LS,Mohale's Hoek,L1LSO1726,1990,0.379677419,0.0,0.0,0.0
Lesotho,LS,Mohale's Hoek,L1LSO1726,1991,0.9339766969999999,0.0,0.526315789,0.0
Lesotho,LS,Mohale's Hoek,L1LSO1726,1992,1.453258438,0.0,0.428571429,0.0
Lesotho,LS,Mohale's Hoek,L1LSO1726,1993,2.063936013,0.0,0.166666667,0.0
Lesotho,LS,Mohale's Hoek,L1LSO1726,1994,1.9846277790000002,0.0,0.696302124,0.0
Lesotho,LS,Mohale's Hoek,L1LSO1726,1995,1.8450438090000003,0.0,0.4,0.0
Lesotho,LS,Mohale's Hoek,L1LSO1726,1996,2.8867360719999997,0.0,0.901663051,0.0
Lesotho,LS,Mohale's Hoek,L1LSO1726,1997,0.709591689,0.0,0.975382003,0.0
Lesotho,LS,Mohale's Hoek,L1LSO1726,1998,4.735110577,0.0,0.997191011,0.0
Lesotho,LS,Mohale's Hoek,L1LSO1726,1999,2.9744568100000004,0.0,0.958666667,0.0
Lesotho,LS,Mohale's Hoek,L1LSO1726,2000,0.9902108249999999,0.0,1.0,0.0
Lesotho,LS,Mohale's Hoek,L1LSO1726,2001,1.922156714,0.0,0.74639525,0.0
Lesotho,LS,Mohale's Hoek,L1LSO1726,2002,0.6426573329999999,0.0,0.185641769,0.0
Lesotho,LS,Mohale's Hoek,L1LSO1726,2003,3.060232701,0.0,1.0,0.0
Lesotho,LS,Mohale's Hoek,L1LSO1726,2004,1.978497531,0.0,0.951273533,0.0
Lesotho,LS,Mohale's Hoek,L1LSO1726,2005,1.114830804,0.0,0.785992218,0.0
Lesotho,LS,Mohale's Hoek,L1LSO1726,2006,1.124935843,0.0,0.714940422,0.0
Lesotho,LS,Mohale's Hoek,L1LSO1726,2007,0.61398412,0.0,0.931487398,0.0
Lesotho,LS,Mohale's Hoek,L1LSO1726,2008,0.487989812,0.0,0.214971978,0.0
Lesotho,LS,Mohale's Hoek,L1LSO1726,2009,1.1264356749999997,0.0,0.955145119,0.0
Lesotho,LS,Mohale's Hoek,L1LSO1726,2010,1.2668995070000002,0.0,0.913782991,0.0
Lesotho,LS,Mohale's Hoek,L1LSO1726,2011,1.267425218,0.0,0.042876902,0.0
Lesotho,LS,Mohale's Hoek,L1LSO1726,2012,1.450872836,0.0,0.689204764,0.0
Lesotho,LS,Mohale's Hoek,L1LSO1726,2013,1.707933844,0.0,0.616232097,0.0
Lesotho,LS,Mohale's Hoek,L1LSO1726,2014,1.7652264940000002,0.0,0.14004914,0.0
Lesotho,LS,Mohale's Hoek,L1LSO1726,2015,1.488534791,0.0,0.243450768,0.0
Lesotho,LS,Mohale's Hoek,L1LSO1726,2016,1.148673451,0.0,0.155531216,0.0
Lesotho,LS,Mohale's Hoek,L1LSO1726,2017,3.3217381,0.0,0.0,0.0
Lesotho,LS,Mohale's Hoek,L1LSO1726,2018,0.986743183,0.0,0.0,0.0
Lesotho,LS,Mohale's Hoek,L1LSO1726,2019,0.846438012,0.0,0.368055556,0.0
Lesotho,LS,Mohale's Hoek,L1LSO1726,2020,0.80162767,0.0,0.588059701,0.0
Lesotho,LS,Mohale's Hoek,L1LSO1726,2021,0.788797039,0.0,0.432432432,0.0
Lesotho,LS,Mokhotlong,L1LSO1727,1982,1.1660052909999998,0.0,0.333333333,0.0
Lesotho,LS,Mokhotlong,L1LSO1727,1983,1.297270115,0.0,0.5,0.0
Lesotho,LS,Mokhotlong,L1LSO1727,1984,2.275149666,0.0,1.0,0.0
Lesotho,LS,Mokhotlong,L1LSO1727,1985,1.169606731,0.0,0.0,0.0
Lesotho,LS,Mokhotlong,L1LSO1727,1986,1.692685905,0.0,0.666666667,0.0
Lesotho,LS,Mokhotlong,L1LSO1727,1987,1.396911422,0.0,1.0,0.0
Lesotho,LS,Mokhotlong,L1LSO1727,1988,2.302413793,0.0,1.0,0.0
Lesotho,LS,Mokhotlong,L1LSO1727,1989,3.340357143,0.0,1.0,0.0
Lesotho,LS,Mokhotlong,L1LSO1727,1990,0.787011956,0.0,1.0,0.0
Lesotho,LS,Mokhotlong,L1LSO1727,1991,1.122064999,0.0,1.0,0.0
Lesotho,LS,Mokhotlong,L1LSO1727,1992,1.377680555,0.0,0.5,0.0
Lesotho,LS,Mokhotlong,L1LSO1727,1993,2.688442176,0.0,0.079710145,0.0
Lesotho,LS,Mokhotlong,L1LSO1727,1994,1.9625424109999998,0.0,0.941747573,0.0
Lesotho,LS,Mokhotlong,L1LSO1727,1995,1.373018993,0.0,0.991304348,0.0
Lesotho,LS,Mokhotlong,L1LSO1727,1996,3.497888745,0.0,1.0,0.0
Lesotho,LS,Mokhotlong,L1LSO1727,1997,1.693927612,0.0,0.886178862,0.0
Lesotho,LS,Mokhotlong,L1LSO1727,1998,3.7101650589999995,0.0,1.0,0.0
Lesotho,LS,Mokhotlong,L1LSO1727,1999,2.399765917,0.0,0.994490358,0.0
Lesotho,LS,Mokhotlong,L1LSO1727,2000,0.996747335,0.0,0.973305955,0.0
Lesotho,LS,Mokhotlong,L1LSO1727,2001,2.3509289890000002,0.0,0.857575758,0.0
Lesotho,LS,Mokhotlong,L1LSO1727,2002,2.2473218360000002,0.0,0.990088106,0.0
Lesotho,LS,Mokhotlong,L1LSO1727,2003,1.392831601,0.0,1.0,0.0
Lesotho,LS,Mokhotlong,L1LSO1727,2004,1.225647435,0.0,1.0,0.0
Lesotho,LS,Mokhotlong,L1LSO1727,2005,1.829974026,0.0,1.0,0.0
Lesotho,LS,Mokhotlong,L1LSO1727,2006,1.0577285760000001,0.0,1.0,0.0
Lesotho,LS,Mokhotlong,L1LSO1727,2007,0.799772238,0.0,1.156140351,0.0
Lesotho,LS,Mokhotlong,L1LSO1727,2008,0.6471652450000001,0.0,0.29991357,0.0
Lesotho,LS,Mokhotlong,L1LSO1727,2009,1.601324678,0.0,0.983306836,0.0
Lesotho,LS,Mokhotlong,L1LSO1727,2010,4.7194071310000005,0.0,1.0,0.0
Lesotho,LS,Mokhotlong,L1LSO1727,2011,2.807208706,0.0,0.267784847,0.0
Lesotho,LS,Mokhotlong,L1LSO1727,2012,1.837922212,0.0,1.048537234,0.0
Lesotho,LS,Mokhotlong,L1LSO1727,2013,3.5866519230000002,0.0,0.883040936,0.0
Lesotho,LS,Mokhotlong,L1LSO1727,2014,2.217267724,0.0,0.122189638,0.0
Lesotho,LS,Mokhotlong,L1LSO1727,2015,2.961043534,0.0,0.844467641,0.0
Lesotho,LS,Mokhotlong,L1LSO1727,2016,0.827145222,0.0,0.27826087,0.0
Lesotho,LS,Mokhotlong,L1LSO1727,2017,3.9459626599999997,0.0,0.0,0.0
Lesotho,LS,Mokhotlong,L1LSO1727,2018,1.7370680950000001,0.0,0.0,0.0
Lesotho,LS,Qacha's Nek,L1LSO1728,1982,2.011363636,0.0,1.0,0.0
Lesotho,LS,Qacha's Nek,L1LSO1728,1983,0.791620879,0.0,1.0,0.0
Lesotho,LS,Qacha's Nek,L1LSO1728,1984,0.96675,0.0,0.333333333,0.0
Lesotho,LS,Qacha's Nek,L1LSO1728,1985,2.771391942,0.0,1.0,0.0
Lesotho,LS,Qacha's Nek,L1LSO1728,1986,1.739681818,0.0,0.666666667,0.0
Lesotho,LS,Qacha's Nek,L1LSO1728,1987,1.524010101,0.0,0.5,0.0
Lesotho,LS,Qacha's Nek,L1LSO1728,1988,0.9719615380000001,0.0,0.5,0.0
Lesotho,LS,Qacha's Nek,L1LSO1728,1989,1.913931372,0.0,0.666666667,0.0
Lesotho,LS,Qacha's Nek,L1LSO1728,1991,0.521709416,0.0,0.0,0.0
Lesotho,LS,Qacha's Nek,L1LSO1728,1992,1.2915931390000002,0.0,0.0,0.0
Lesotho,LS,Qacha's Nek,L1LSO1728,1993,0.957617363,0.0,1.0,0.0
Lesotho,LS,Qacha's Nek,L1LSO1728,1994,1.618514079,0.0,0.0,0.0
Lesotho,LS,Qacha's Nek,L1LSO1728,1995,0.6483358969999999,0.0,0.030769231,0.0
Lesotho,LS,Qacha's Nek,L1LSO1728,1996,1.229740236,0.0,1.0,0.0
Lesotho,LS,Qacha's Nek,L1LSO1728,1997,2.487008711,0.0,0.586666667,0.0
Lesotho,LS,Qacha's Nek,L1LSO1728,1998,1.842140745,0.0,0.488505747,0.0
Lesotho,LS,Qacha's Nek,L1LSO1728,1999,1.4120759740000002,0.0,0.986263736,0.0
Lesotho,LS,Qacha's Nek,L1LSO1728,2000,1.313869186,0.0,0.976608187,0.0
Lesotho,LS,Qacha's Nek,L1LSO1728,2001,2.389328683,0.0,0.674772036,0.0
Lesotho,LS,Qacha's Nek,L1LSO1728,2002,2.7188467320000003,0.0,0.785294118,0.0
Lesotho,LS,Qacha's Nek,L1LSO1728,2003,0.557016027,0.0,0.976047904,0.0
Lesotho,LS,Qacha's Nek,L1LSO1728,2004,1.928567927,0.0,1.0,0.0
Lesotho,LS,Qacha's Nek,L1LSO1728,2005,1.911766526,0.0,1.0,0.0
Lesotho,LS,Qacha's Nek,L1LSO1728,2006,0.775183618,0.0,1.0,0.0
Lesotho,LS,Qacha's Nek,L1LSO1728,2007,0.231326013,0.0,0.993421053,0.0
Lesotho,LS,Qacha's Nek,L1LSO1728,2008,1.022224474,0.0,0.385714286,0.0
Lesotho,LS,Qacha's Nek,L1LSO1728,2009,1.025554876,0.0,0.852601156,0.0
Lesotho,LS,Qacha's Nek,L1LSO1728,2010,3.251617065,0.0,0.961370262,0.0
Lesotho,LS,Qacha's Nek,L1LSO1728,2011,1.607714461,0.0,0.356358941,0.0
Lesotho,LS,Qacha's Nek,L1LSO1728,2012,0.571916919,0.0,1.084556254,0.0
Lesotho,LS,Qacha's Nek,L1LSO1728,2013,2.59792042,0.0,0.276811594,0.0
Lesotho,LS,Qacha's Nek,L1LSO1728,2014,1.557126392,0.0,0.233793836,0.0
Lesotho,LS,Qacha's Nek,L1LSO1728,2015,0.68105913,0.0,0.100208768,0.0
Lesotho,LS,Qacha's Nek,L1LSO1728,2016,0.367373381,0.0,0.081081081,0.0
Lesotho,LS,Qacha's Nek,L1LSO1728,2017,1.8432383949999998,0.0,0.0,0.0
Lesotho,LS,Qacha's Nek,L1LSO1728,2018,5.429748982,0.0,0.0,0.0
Lesotho,LS,Quthing,L1LSO1729,1982,1.615656565,0.0,0.818181818,0.0
Lesotho,LS,Quthing,L1LSO1729,1983,0.8120313429999999,0.0,0.428571429,0.0
Lesotho,LS,Quthing,L1LSO1729,1984,1.314354451,0.0,0.714285714,0.0
Lesotho,LS,Quthing,L1LSO1729,1985,0.9646952609999999,0.0,0.666666667,0.0
Lesotho,LS,Quthing,L1LSO1729,1986,1.235355556,0.0,0.857142857,0.0
Lesotho,LS,Quthing,L1LSO1729,1987,1.841725179,0.0,0.6,0.0
Lesotho,LS,Quthing,L1LSO1729,1988,2.088665431,0.0,0.555555556,0.0
Lesotho,LS,Quthing,L1LSO1729,1989,2.048092469,0.0,0.571428571,0.0
Lesotho,LS,Quthing,L1LSO1729,1990,2.1909620810000003,0.0,0.5,0.0
Lesotho,LS,Quthing,L1LSO1729,1991,1.291642857,0.0,0.857142857,0.0
Lesotho,LS,Quthing,L1LSO1729,1992,1.199707793,0.0,0.428571429,0.0
Lesotho,LS,Quthing,L1LSO1729,1993,0.9860819869999999,0.0,0.859060403,0.0
Lesotho,LS,Quthing,L1LSO1729,1994,2.292408677,0.0,1.0,0.0
Lesotho,LS,Quthing,L1LSO1729,1995,1.450554963,0.0,1.0,0.0
Lesotho,LS,Quthing,L1LSO1729,1996,2.9641446150000004,0.0,0.851415094,0.0
Lesotho,LS,Quthing,L1LSO1729,1997,1.6867609639999999,0.0,0.951515152,0.0
Lesotho,LS,Quthing,L1LSO1729,1998,3.006885602,0.0,0.561174551,0.0
Lesotho,LS,Quthing,L1LSO1729,1999,2.361210598,0.0,0.922077922,0.0
Lesotho,LS,Quthing,L1LSO1729,2000,2.975833493,0.0,1.0,0.0
Lesotho,LS,Quthing,L1LSO1729,2001,2.865269265,0.0,0.952447552,0.0
Lesotho,LS,Quthing,L1LSO1729,2002,1.066622958,0.0,0.751434034,0.0
Lesotho,LS,Quthing,L1LSO1729,2003,2.173567375,0.0,0.740847784,0.0
Lesotho,LS,Quthing,L1LSO1729,2004,1.308692572,0.0,0.805580558,0.0
Lesotho,LS,Quthing,L1LSO1729,2005,1.002392246,0.0,1.0,0.0
Lesotho,LS,Quthing,L1LSO1729,2006,1.02152233,0.0,0.93006993,0.0
Lesotho,LS,Quthing,L1LSO1729,2007,0.631412372,0.0,0.709732989,0.0
Lesotho,LS,Quthing,L1LSO1729,2008,0.750650295,0.0,0.466225166,0.0
Lesotho,LS,Quthing,L1LSO1729,2009,1.5520812679999998,0.0,0.911575563,0.0
Lesotho,LS,Quthing,L1LSO1729,2010,1.695613982,0.0,0.661221315,0.0
Lesotho,LS,Quthing,L1LSO1729,2011,2.483850867,0.0,0.14013346,0.0
Lesotho,LS,Quthing,L1LSO1729,2012,1.193291038,0.0,0.704121965,0.0
Lesotho,LS,Quthing,L1LSO1729,2013,1.758973515,0.0,0.561366512,0.0
Lesotho,LS,Quthing,L1LSO1729,2014,1.247713775,0.0,0.128349788,0.0
Lesotho,LS,Quthing,L1LSO1729,2015,1.9406890319999999,0.0,0.072472982,0.0
Lesotho,LS,Quthing,L1LSO1729,2016,0.32076008699999997,0.0,0.041878173,0.0
Lesotho,LS,Quthing,L1LSO1729,2017,2.364026321,0.0,0.0,0.0
Lesotho,LS,Quthing,L1LSO1729,2018,0.780785992,0.0,0.0,0.0
Lesotho,LS,Thaba-Tseka,L1LSO1730,1982,1.011720022,0.0,0.666666667,0.0
Lesotho,LS,Thaba-Tseka,L1LSO1730,1983,0.921034323,0.0,0.5,0.0
Lesotho,LS,Thaba-Tseka,L1LSO1730,1984,2.229825043,0.0,1.0,0.0
Lesotho,LS,Thaba-Tseka,L1LSO1730,1985,0.9020912699999999,0.0,0.0,0.0
Lesotho,LS,Thaba-Tseka,L1LSO1730,1986,1.6010077520000001,0.0,0.0,0.0
Lesotho,LS,Thaba-Tseka,L1LSO1730,1987,1.727837773,0.0,0.6,0.0
Lesotho,LS,Thaba-Tseka,L1LSO1730,1988,1.915712936,0.0,0.625,0.0
Lesotho,LS,Thaba-Tseka,L1LSO1730,1989,1.414439038,0.0,0.666666667,0.0
Lesotho,LS,Thaba-Tseka,L1LSO1730,1990,2.108586405,0.0,0.75,0.0
Lesotho,LS,Thaba-Tseka,L1LSO1730,1991,0.801667696,0.0,0.0,0.0
Lesotho,LS,Thaba-Tseka,L1LSO1730,1992,1.355929911,0.0,0.4,0.0
Lesotho,LS,Thaba-Tseka,L1LSO1730,1993,1.4873910799999999,0.0,0.847736626,0.0
Lesotho,LS,Thaba-Tseka,L1LSO1730,1994,2.616114293,0.0,0.779816514,0.0
Lesotho,LS,Thaba-Tseka,L1LSO1730,1995,2.2634427240000004,0.0,0.772727273,0.0
Lesotho,LS,Thaba-Tseka,L1LSO1730,1996,4.414398715,0.0,0.6171875,0.0
Lesotho,LS,Thaba-Tseka,L1LSO1730,1997,2.685334864,0.0,0.993442623,0.0
Lesotho,LS,Thaba-Tseka,L1LSO1730,1998,4.268536537,0.0,0.99702381,0.0
Lesotho,LS,Thaba-Tseka,L1LSO1730,1999,2.876094701,0.0,1.0,0.0
Lesotho,LS,Thaba-Tseka,L1LSO1730,2000,2.271874618,0.0,1.0,0.0
Lesotho,LS,Thaba-Tseka,L1LSO1730,2001,3.661977219,0.0,0.853564547,0.0
Lesotho,LS,Thaba-Tseka,L1LSO1730,2002,1.8464772999999999,0.0,0.924460432,0.0
Lesotho,LS,Thaba-Tseka,L1LSO1730,2003,2.226733716,0.0,0.922382671,0.0
Lesotho,LS,Thaba-Tseka,L1LSO1730,2004,2.281061268,0.0,1.0,0.0
Lesotho,LS,Thaba-Tseka,L1LSO1730,2005,2.177301626,0.0,0.325562701,0.0
Lesotho,LS,Thaba-Tseka,L1LSO1730,2006,2.035459309,0.0,1.0,0.0
Lesotho,LS,Thaba-Tseka,L1LSO1730,2007,0.7651777790000001,0.0,0.850677789,0.0
Lesotho,LS,Thaba-Tseka,L1LSO1730,2008,0.418287341,0.0,0.007633588,0.0
Lesotho,LS,Thaba-Tseka,L1LSO1730,2009,1.234302837,0.0,1.0,0.0
Lesotho,LS,Thaba-Tseka,L1LSO1730,2010,2.4066857930000003,0.0,0.977011494,0.0
Lesotho,LS,Thaba-Tseka,L1LSO1730,2011,2.626149442,0.0,0.300530348,0.0
Lesotho,LS,Thaba-Tseka,L1LSO1730,2012,1.572575697,0.0,0.758507853,0.0
Lesotho,LS,Thaba-Tseka,L1LSO1730,2013,2.490297315,0.0,0.371312898,0.0
Lesotho,LS,Thaba-Tseka,L1LSO1730,2014,1.521078202,0.0,0.103098592,0.0
Lesotho,LS,Thaba-Tseka,L1LSO1730,2015,1.44251529,0.0,0.080597015,0.0
Lesotho,LS,Thaba-Tseka,L1LSO1730,2016,0.756047964,0.0,0.072463768,0.0
Lesotho,LS,Thaba-Tseka,L1LSO1730,2017,2.611273556,0.0,0.0,0.0
Lesotho,LS,Thaba-Tseka,L1LSO1730,2018,1.1084981699999998,0.0,0.0,0.0
Lesotho,LSO,Berea,L1LSO1721,1997,0.791550464,0.0,0.0,0.0
Lesotho,LSO,Maseru,L1LSO1725,1997,0.467934377,0.0,0.0,0.0
Lesotho,LSO,Mokhotlong,L1LSO1727,1997,1.532386126,0.0,0.0,0.0
Lesotho,LSO,Quthing,L1LSO1729,1997,1.691310441,0.0,0.0,0.0
Lesotho,LSO,Thaba-Tseka,L1LSO1730,1997,2.160645812,0.0,0.0,0.0
Lesotho,LSO,Mohales Hoek,L1LSO1726,1990,1.7207509879999998,0.0,0.866666667,0.0
Lesotho,LSO,Mohales Hoek,L1LSO1726,1997,2.377317427,0.0,0.0,0.0
Lesotho,LSO,Qachas Nek,L1LSO1728,1990,1.389438546,0.0,1.0,0.0
Lesotho,LSO,Qachas Nek,L1LSO1728,1994,0.0,0.0,0.088105727,0.0
Liberia,LBR,Grand Gedeh,L1LBR1643,1997,1.36738056,0.0,0.0,0.0
Liberia,LBR,Lofa,L1LBR1645,1997,1.188099239,0.0,0.0,0.0
Liberia,LR,Grand Gedeh,L1LBR1643,1997,0.0,7.497425335,0.0,0.0
Liberia,LR,Grand Gedeh,L1LBR1643,2008,1.229741763,8.64160401,0.0,0.0
Liberia,LR,Grand Gedeh,L1LBR1643,2009,1.259779338,0.0,0.0,0.0
Liberia,LR,Grand Gedeh,L1LBR1643,2010,1.270058708,8.649425287,0.0,0.0
Liberia,LR,Grand Gedeh,L1LBR1643,2011,1.23027027,8.299212598,0.0,0.0
Liberia,LR,Lofa,L1LBR1645,1997,0.0,5.605686032,0.0,0.0
Liberia,LR,Lofa,L1LBR1645,2008,1.219947353,9.860606061,0.0,0.0
Liberia,LR,Lofa,L1LBR1645,2009,1.26,0.0,0.0,0.0
Liberia,LR,Lofa,L1LBR1645,2010,1.299956654,8.75,0.0,0.0
Liberia,LR,Lofa,L1LBR1645,2011,1.270123457,8.569230769,0.0,0.0
Liberia,LR,Bomi,L1LBR1638,1997,1.364985163,5.191594561,0.0,0.0
Liberia,LR,Bomi,L1LBR1638,2008,1.309352518,10.47727273,0.0,0.0
Liberia,LR,Bomi,L1LBR1638,2009,1.199549042,0.0,0.0,0.0
Liberia,LR,Bomi,L1LBR1638,2010,1.0,6.06,0.0,0.0
Liberia,LR,Bomi,L1LBR1638,2011,1.049715909,7.0,0.0,0.0
Liberia,LR,Bong,L1LBR1639,1997,1.390161931,5.30027933,0.0,0.0
Liberia,LR,Bong,L1LBR1639,2008,1.370055669,7.163708087,0.0,0.0
Liberia,LR,Bong,L1LBR1639,2009,1.269993165,0.0,0.0,0.0
Liberia,LR,Bong,L1LBR1639,2010,1.26988266,7.97,0.0,0.0
Liberia,LR,Bong,L1LBR1639,2011,1.279949559,8.400236128,0.0,0.0
Liberia,LR,Gbarpolu,L1LBR1640,1997,1.188099239,0.0,0.0,0.0
Liberia,LR,Gbarpolu,L1LBR1640,2008,1.240353698,4.246575342,0.0,0.0
Liberia,LR,Gbarpolu,L1LBR1640,2009,1.149691358,0.0,0.0,0.0
Liberia,LR,Gbarpolu,L1LBR1640,2010,1.200155159,6.598425197,0.0,0.0
Liberia,LR,Gbarpolu,L1LBR1640,2011,1.280259951,6.900990099,0.0,0.0
Liberia,LR,Grand Bassa,L1LBR1641,1997,1.053508112,6.599621798,0.0,0.0
Liberia,LR,Grand Bassa,L1LBR1641,2008,1.049839228,8.600993377,0.0,0.0
Liberia,LR,Grand Bassa,L1LBR1641,2009,1.0,0.0,0.0,0.0
Liberia,LR,Grand Bassa,L1LBR1641,2010,1.019736842,7.479935795,0.0,0.0
Liberia,LR,Grand Bassa,L1LBR1641,2011,1.109970674,7.400402414,0.0,0.0
Liberia,LR,Grand Cape Mount,L1LBR1642,1997,1.479956068,8.0,0.0,0.0
Liberia,LR,Grand Cape Mount,L1LBR1642,2008,1.279569892,6.513944223,0.0,0.0
Liberia,LR,Grand Cape Mount,L1LBR1642,2009,1.08040201,0.0,0.0,0.0
Liberia,LR,Grand Cape Mount,L1LBR1642,2010,1.020286396,7.798206278,0.0,0.0
Liberia,LR,Grand Cape Mount,L1LBR1642,2011,1.219945355,7.4,0.0,0.0
Liberia,LR,Grand Kru,L1LBR1644,1997,1.380228137,7.181558935,0.0,0.0
Liberia,LR,Grand Kru,L1LBR1644,2008,1.359183673,9.648648649,0.0,0.0
Liberia,LR,Grand Kru,L1LBR1644,2009,1.119906868,0.0,0.0,0.0
Liberia,LR,Grand Kru,L1LBR1644,2010,1.144578313,9.021084337,0.0,0.0
Liberia,LR,Grand Kru,L1LBR1644,2011,1.15,8.0,0.0,0.0
Liberia,LR,Margibi,L1LBR1646,1997,1.266136393,5.598591549,0.0,0.0
Liberia,LR,Margibi,L1LBR1646,2008,1.239361702,9.5,0.0,0.0
Liberia,LR,Margibi,L1LBR1646,2009,1.179775281,0.0,0.0,0.0
Liberia,LR,Margibi,L1LBR1646,2010,1.1994003,7.628676471,0.0,0.0
Liberia,LR,Margibi,L1LBR1646,2011,1.220421394,7.0,0.0,0.0
Liberia,LR,Maryland,L1LBR1647,1997,1.39183056,5.501765003,0.0,0.0
Liberia,LR,Maryland,L1LBR1647,2008,1.379685611,7.858299595,0.0,0.0
Liberia,LR,Maryland,L1LBR1647,2009,1.190283401,0.0,0.0,0.0
Liberia,LR,Maryland,L1LBR1647,2010,1.160326087,8.130311615,0.0,0.0
Liberia,LR,Maryland,L1LBR1647,2011,1.170013387,8.120654397,0.0,0.0
Liberia,LR,Montserrado,L1LBR1648,1997,1.255250803,6.699611719,0.0,0.0
Liberia,LR,Montserrado,L1LBR1648,2008,1.180555556,9.412820513,0.0,0.0
Liberia,LR,Montserrado,L1LBR1648,2009,1.120098039,0.0,0.0,0.0
Liberia,LR,Montserrado,L1LBR1648,2010,1.130081301,6.319767442,0.0,0.0
Liberia,LR,Montserrado,L1LBR1648,2011,1.169303797,7.0,0.0,0.0
Liberia,LR,Nimba,L1LBR1649,1997,1.165905538,7.299935636,0.0,0.0
Liberia,LR,Nimba,L1LBR1649,2008,1.21004764,9.770879527,0.0,0.0
Liberia,LR,Nimba,L1LBR1649,2009,1.129950962,0.0,0.0,0.0
Liberia,LR,Nimba,L1LBR1649,2010,1.100072648,8.779868297,0.0,0.0
Liberia,LR,Nimba,L1LBR1649,2011,1.210092284,8.490115321,0.0,0.0
Liberia,LR,River Gee,L1LBR1650,1997,1.36738056,0.0,0.0,0.0
Liberia,LR,River Gee,L1LBR1650,2008,1.239048811,7.195454545,0.0,0.0
Liberia,LR,River Gee,L1LBR1650,2009,1.128985507,0.0,0.0,0.0
Liberia,LR,River Gee,L1LBR1650,2010,1.120588235,8.0,0.0,0.0
Liberia,LR,River Gee,L1LBR1650,2011,1.169680111,8.039647577,0.0,0.0
Liberia,LR,Rivercess,L1LBR1651,1997,1.121254682,5.099469496,0.0,0.0
Liberia,LR,Rivercess,L1LBR1651,2008,1.119127517,9.744075829,0.0,0.0
Liberia,LR,Rivercess,L1LBR1651,2009,1.058571429,0.0,0.0,0.0
Liberia,LR,Rivercess,L1LBR1651,2010,1.109215017,8.8,0.0,0.0
Liberia,LR,Rivercess,L1LBR1651,2011,1.030241935,9.058295964,0.0,0.0
Liberia,LR,Sinoe,L1LBR1652,1997,1.424223981,7.200243457,0.0,0.0
Liberia,LR,Sinoe,L1LBR1652,2008,1.369832402,6.023584906,0.0,0.0
Liberia,LR,Sinoe,L1LBR1652,2009,1.25,0.0,0.0,0.0
Liberia,LR,Sinoe,L1LBR1652,2010,1.130247578,8.0,0.0,0.0
Liberia,LR,Sinoe,L1LBR1652,2011,1.160240964,8.0,0.0,0.0
Madagascar,MDG,Antananarivo,L1MDG1801,1993,1.004940393,7.190413505,0.0,0.0
Madagascar,MDG,Antananarivo,L1MDG1801,1994,1.091722039,7.197312156,0.0,0.0
Madagascar,MDG,Antananarivo,L1MDG1801,1995,1.149992512,7.732389801,0.0,0.0
Madagascar,MDG,Antananarivo,L1MDG1801,1996,1.118314958,7.358935696,0.0,0.0
Madagascar,MDG,Antananarivo,L1MDG1801,1997,3.7689657199999997,19.439138013,1.4989262879999998,19.697105301
Madagascar,MDG,Antsiranana,L1MDG1802,1993,0.473602484,0.0,0.0,0.0
Madagascar,MDG,Antsiranana,L1MDG1802,1994,0.354585153,0.0,0.0,0.0
Madagascar,MDG,Antsiranana,L1MDG1802,1995,0.59220297,0.0,0.0,0.0
Madagascar,MDG,Antsiranana,L1MDG1802,1996,0.563042723,0.0,0.0,0.0
Madagascar,MDG,Antsiranana,L1MDG1802,1997,2.203754181,10.400207192,1.6,38.500662684000005
Madagascar,MDG,Fianarantsoa,L1MDG1803,1993,1.020100503,6.977653075,0.0,0.0
Madagascar,MDG,Fianarantsoa,L1MDG1803,1994,1.07347973,6.874597387,0.0,0.0
Madagascar,MDG,Fianarantsoa,L1MDG1803,1995,1.053778396,7.107246645,0.0,0.0
Madagascar,MDG,Fianarantsoa,L1MDG1803,1996,1.099043444,6.933012747,0.0,0.0
Madagascar,MDG,Fianarantsoa,L1MDG1803,1997,3.1696418150000003,18.14069049,1.748932989,17.898594376000002
Madagascar,MDG,Mahajanga,L1MDG1804,1993,0.738383838,5.173643411,0.0,0.0
Madagascar,MDG,Mahajanga,L1MDG1804,1994,0.789920725,5.269077196,0.0,0.0
Madagascar,MDG,Mahajanga,L1MDG1804,1995,0.80994898,5.39853538,0.0,0.0
Madagascar,MDG,Mahajanga,L1MDG1804,1996,0.746170021,5.20857571,0.0,0.0
Madagascar,MDG,Mahajanga,L1MDG1804,1997,3.314844685,12.133291026,1.7249357889999999,47.770085343
Madagascar,MDG,Toamasina,L1MDG1805,1993,0.685079365,9.105953582,0.0,0.0
Madagascar,MDG,Toamasina,L1MDG1805,1994,0.819736373,8.8671875,0.0,0.0
Madagascar,MDG,Toamasina,L1MDG1805,1995,0.884041332,15.62256874,0.0,0.0
Madagascar,MDG,Toamasina,L1MDG1805,1996,0.807925363,9.013056045,0.0,0.0
Madagascar,MDG,Toamasina,L1MDG1805,1997,2.691589212,16.491627718,1.7,28.515313787
Madagascar,MDG,Toliary,L1MDG1806,1993,0.833824353,0.0,0.0,0.0
Madagascar,MDG,Toliary,L1MDG1806,1994,1.097681607,0.0,0.0,0.0
Madagascar,MDG,Toliary,L1MDG1806,1995,0.840215128,0.0,0.0,0.0
Madagascar,MDG,Toliary,L1MDG1806,1996,0.8,0.0,0.0,0.0
Madagascar,MDG,Toliary,L1MDG1806,1997,2.584640624,11.196679582,1.477429911,33.39350282
Malawi,MW,Central,L1MWI2067,1983,1.3865104659999998,5.0,0.249199573,0.505511811
Malawi,MW,Central,L1MWI2067,1984,1.9476625269999999,4.601092896,0.298769772,0.625
Malawi,MW,Central,L1MWI2067,1985,1.949154504,1.259651779,0.4364,0.743902439
Malawi,MW,Central,L1MWI2067,1986,2.364503839,1.775992129,0.513609087,0.550268253
Malawi,MW,Central,L1MWI2067,1987,2.934604207,1.500311526,0.416636528,0.8
Malawi,MW,Central,L1MWI2067,1988,3.016492709,1.591623037,0.368141593,0.755555556
Malawi,MW,Central,L1MWI2067,1989,3.128581011,2.244612697,0.252400441,0.680898876
Malawi,MW,Central,L1MWI2067,1990,2.620743932,2.5675,0.318291215,0.683524904
Malawi,MW,Central,L1MWI2067,1991,2.402680751,2.847049689,0.442654954,0.820065431
Malawi,MW,Central,L1MWI2067,1992,2.602388339,2.372138653,0.133174137,0.298788311
Malawi,MW,Central,L1MWI2067,1993,3.9214335809999996,3.322006472,0.387706342,2.357142857
Malawi,MW,Central,L1MWI2067,1994,1.531415056,2.29407851,0.804328243,0.328099174
Malawi,MW,Central,L1MWI2067,1995,1.99826244,2.681670534,0.341463415,0.614810073
Malawi,MW,Central,L1MWI2067,1996,4.370216893,3.765559374,0.594380403,1.038541553
Malawi,MW,Central,L1MWI2067,1997,0.872947079,0.0,0.0,0.0
Malawi,MW,Central,L1MWI2067,1998,4.57729658,4.362983309,0.688096754,0.725029609
Malawi,MW,Central,L1MWI2067,1999,4.601349956,4.610785314,0.642431044,0.947301587
Malawi,MW,Central,L1MWI2067,2000,1.272975126,0.0,0.0,0.0
Malawi,MW,Central,L1MWI2067,2001,0.911146782,0.0,0.0,0.0
Malawi,MW,Central,L1MWI2067,2002,4.379519718999999,16.93013632,0.801444822,0.548866683
Malawi,MW,Central,L1MWI2067,2003,4.530912789,29.63783636,0.918322897,0.979158626
Malawi,MW,Central,L1MWI2067,2004,7.632604153,38.15307233,2.311705711,2.471740362
Malawi,MW,Central,L1MWI2067,2005,3.369518299,35.11037382,2.119444453,1.425828262
Malawi,MW,Central,L1MWI2067,2006,4.0857404729999995,41.52385519,3.2105277680000004,1.6220896790000001
Malawi,MW,Central,L1MWI2067,2007,4.649340607,45.01056475,3.240679823,1.87584501
Malawi,MW,Central,L1MWI2067,2008,4.704936682,47.618078569999994,3.34286422,1.922282611
Malawi,MW,Central,L1MWI2067,2009,5.73534194,51.936499420000004,3.65944605,2.088109319
Malawi,MW,Central,L1MWI2067,2010,6.076357248,50.35710950000001,3.523231064,1.996351126
Malawi,MW,Central,L1MWI2067,2011,1.4660396310000001,35.194363859999996,3.624920523,1.098761603
Malawi,MW,Central,L1MWI2067,2012,1.4366815050000001,35.27643098,3.590961885,0.973895091
Malawi,MW,Central,L1MWI2067,2013,1.380137925,33.91901041,3.303181239,0.846673237
Malawi,MW,Central,L1MWI2067,2014,1.435071325,35.51768268,3.687656902,0.96652557
Malawi,MW,Central,L1MWI2067,2015,1.267106554,55.25085552,3.389041789,0.894990947
Malawi,MW,Central,L1MWI2067,2016,1.218991936,53.99777627,3.182659439,0.401986817
Malawi,MW,Central,L1MWI2067,2017,4.264409194,59.40355359,4.442885303000001,1.5491955
Malawi,MW,Central,L1MWI2067,2018,2.682269286,55.57569078,2.6643815870000003,1.651280969
Malawi,MW,Central,L1MWI2067,2019,5.282037593,56.27303983,3.6405285750000003,0.690119835
Malawi,MW,Central,L1MWI2067,2020,4.344510433,62.43074928,3.92119103,1.775835588
Malawi,MW,Central,L1MWI2067,2021,4.833896091,22.97608868,2.646931045,0.0
Malawi,MW,Central,L1MWI2067,2022,2.82587389,23.44299472,2.670437057,0.0
Malawi,MW,Central,L1MWI2067,2023,4.503928006,23.53220588,2.481902735,0.0
Malawi,MW,Central,L1MWI2068,1983,0.0,3.501123596,0.433333333,0.6
Malawi,MW,Central,L1MWI2068,1984,1.479231678,1.8,0.4,0.6
Malawi,MW,Central,L1MWI2068,1985,1.495440127,1.647887324,0.568398727,0.5
Malawi,MW,Central,L1MWI2068,1986,1.424951294,3.75,0.653442792,0.601851852
Malawi,MW,Central,L1MWI2068,1987,1.387186912,3.750295858,0.493383886,0.409090909
Malawi,MW,Central,L1MWI2068,1988,1.220938695,3.426783479,0.454932674,0.394736842
Malawi,MW,Central,L1MWI2068,1989,1.549556655,2.124002901,0.26262878,0.601265823
Malawi,MW,Central,L1MWI2068,1990,1.190193589,2.215767635,0.53940749,0.629746835
Malawi,MW,Central,L1MWI2068,1991,1.251786991,2.200460829,0.490752158,0.698863636
Malawi,MW,Central,L1MWI2068,1992,0.736031963,2.05437788,0.264084507,0.6
Malawi,MW,Central,L1MWI2068,1993,2.36793284,2.203147353,0.564978406,0.647058824
Malawi,MW,Central,L1MWI2068,1994,0.774029725,1.76618705,0.266087296,0.4
Malawi,MW,Central,L1MWI2068,1995,1.474632646,7.490939044,0.415382672,1.0
Malawi,MW,Central,L1MWI2068,1996,1.788865958,2.752665245,0.611074633,1.05982906
Malawi,MW,Central,L1MWI2068,1997,1.494665708,0.0,0.0,0.0
Malawi,MW,Central,L1MWI2068,1998,1.477090155,3.318671454,0.686998069,0.74015748
Malawi,MW,Central,L1MWI2068,1999,1.6949018640000002,3.450277949,0.697042533,0.804347826
Malawi,MW,Central,L1MWI2068,2000,1.570340545,0.0,0.0,0.0
Malawi,MW,Central,L1MWI2068,2001,0.976735822,0.0,0.0,0.0
Malawi,MW,Central,L1MWI2068,2002,1.675393643,15.32438859,0.70223066,0.5
Malawi,MW,Central,L1MWI2068,2003,1.935427143,29.04085787,0.772506194,1.181818182
Malawi,MW,Central,L1MWI2068,2004,1.780792172,42.59191268,1.5281964430000001,3.70531333
Malawi,MW,Central,L1MWI2068,2005,1.4534744499999999,34.192652064,1.407939705,1.0453938109999998
Malawi,MW,Central,L1MWI2068,2006,3.502663639,40.24947288,2.425729575,0.608896013
Malawi,MW,Central,L1MWI2068,2007,3.837736949,43.75847016,2.916403707,1.6094755319999998
Malawi,MW,Central,L1MWI2068,2008,2.959055821,46.98929857,3.029725492,1.533792786
Malawi,MW,Central,L1MWI2068,2009,5.332741547,52.360815280000004,3.370651362,0.989304813
Malawi,MW,Central,L1MWI2068,2010,5.4370202800000005,60.655716229999996,3.485382583,1.92738349
Malawi,MW,Central,L1MWI2068,2011,5.378148427,62.6802858,3.647873334,2.02644476
Malawi,MW,Central,L1MWI2068,2012,3.16128655,62.02424526,3.36866757,1.139250191
Malawi,MW,Central,L1MWI2068,2013,3.018800248,60.55384741,3.202466232,0.934975369
Malawi,MW,Central,L1MWI2068,2014,2.111111111,42.03122381,3.7236156069999997,1.8393482159999999
Malawi,MW,Central,L1MWI2068,2015,2.554423391,39.789104980000005,2.102739222,0.578241431
Malawi,MW,Central,L1MWI2068,2016,2.108663102,37.34496478,1.829087204,0.275140788
Malawi,MW,Central,L1MWI2068,2017,4.133806001,62.77200397,3.3718672009999997,1.524733991
Malawi,MW,Central,L1MWI2068,2018,1.900823491,0.0,0.0,0.0
Malawi,MW,Central,L1MWI2068,2019,4.702443882,64.73083224,3.02566033,0.672131148
Malawi,MW,Central,L1MWI2068,2020,3.629660511,64.46831092,3.3598556669999997,0.939881535
Malawi,MW,Central,L1MWI2068,2021,4.268441911,23.19160366,2.624342412,0.0
Malawi,MW,Central,L1MWI2068,2022,3.823554304,23.79674797,2.827424158,0.0
Malawi,MW,Central,L1MWI2068,2023,4.009104145,22.56935867,2.430017082,0.0
Malawi,MW,Central,L1MWI2070,1983,0.0,3.487179487,0.551724138,0.0
Malawi,MW,Central,L1MWI2070,1984,1.440954043,1.7,0.398780488,0.0
Malawi,MW,Central,L1MWI2070,1985,1.433962264,1.5,0.4,0.0
Malawi,MW,Central,L1MWI2070,1986,1.3,3.75,0.42,0.0
Malawi,MW,Central,L1MWI2070,1987,1.110813309,3.75,0.450022873,0.0
Malawi,MW,Central,L1MWI2070,1988,0.0,3.7,0.399009901,0.0
Malawi,MW,Central,L1MWI2070,1989,1.717124647,2.252727273,0.528951487,0.0
Malawi,MW,Central,L1MWI2070,1990,1.6659886959999999,2.2,0.45010426,0.0
Malawi,MW,Central,L1MWI2070,1991,1.6228387199999998,2.2,0.6,0.0
Malawi,MW,Central,L1MWI2070,1992,0.83008658,2.2,0.24335813,0.0
Malawi,MW,Central,L1MWI2070,1993,2.238361997,2.2,0.611898017,0.0
Malawi,MW,Central,L1MWI2070,1994,1.511029886,2.0,0.385537013,0.0
Malawi,MW,Central,L1MWI2070,1995,2.003935324,7.447360296,0.351278321,0.0
Malawi,MW,Central,L1MWI2070,1996,2.273410998,2.703761148,0.459643989,0.0
Malawi,MW,Central,L1MWI2070,1997,2.243431859,0.0,0.0,0.0
Malawi,MW,Central,L1MWI2070,1998,2.826486124,3.584334334,0.648815102,0.425531915
Malawi,MW,Central,L1MWI2070,1999,2.9798759720000003,3.426873275,0.606321839,0.425531915
Malawi,MW,Central,L1MWI2070,2000,2.199902153,0.0,0.0,0.0
Malawi,MW,Central,L1MWI2070,2001,1.464737409,10.84872632,0.0,0.0
Malawi,MW,Central,L1MWI2070,2002,3.2445163040000002,14.53515498,0.518899134,0.0
Malawi,MW,Central,L1MWI2070,2003,4.386039081,26.94726009,0.577289681,0.0
Malawi,MW,Central,L1MWI2070,2004,2.61628454,37.645451699999995,2.384640998,1.1327139050000001
Malawi,MW,Central,L1MWI2070,2005,2.6340271090000003,36.923451299999996,2.065968067,1.051638535
Malawi,MW,Central,L1MWI2070,2006,2.924537198,46.20675072,1.715605073,1.106468192
Malawi,MW,Central,L1MWI2070,2007,4.479189712,41.44642385,2.252763094,1.72215508
Malawi,MW,Central,L1MWI2070,2008,4.575560781,41.973711009999995,2.673700121,1.679294474
Malawi,MW,Central,L1MWI2070,2009,4.526418984000001,48.54305827,3.200773787,1.932075029
Malawi,MW,Central,L1MWI2070,2010,4.54563867,53.65753027,3.176362984,1.710110713
Malawi,MW,Central,L1MWI2070,2011,2.321802633,34.82867891,1.897352602,0.0
Malawi,MW,Central,L1MWI2070,2012,2.678982713,37.94799918,2.6615150389999997,1.076578817
Malawi,MW,Central,L1MWI2070,2013,2.319235614,37.38413252,2.6135869080000003,0.66
Malawi,MW,Central,L1MWI2070,2014,1.584805195,64.12322732,2.810240009,0.663636364
Malawi,MW,Central,L1MWI2070,2015,2.1976268680000004,36.60148049,2.485545986,0.75
Malawi,MW,Central,L1MWI2070,2016,1.939260367,37.13395059,2.308029376,0.76
Malawi,MW,Central,L1MWI2070,2017,4.356540074,66.01650331,3.438027392,1.609889693
Malawi,MW,Central,L1MWI2070,2018,1.772447399,0.0,0.0,0.0
Malawi,MW,Central,L1MWI2070,2019,4.195154487,62.17703152,3.208641116,0.0
Malawi,MW,Central,L1MWI2070,2020,4.740897546,69.41155992,3.6989924199999997,1.132818878
Malawi,MW,Central,L1MWI2070,2021,4.309652005,29.3032049,2.651524954,0.0
Malawi,MW,Central,L1MWI2070,2022,3.737594644,27.79909552,2.6226501769999997,0.0
Malawi,MW,Central,L1MWI2070,2023,3.159961587,0.0,0.0,0.0
Malawi,MW,Central,L1MWI2072,1983,0.0,3.0,0.342476761,0.0
Malawi,MW,Central,L1MWI2072,1984,1.126179434,3.0,0.343370312,0.0
Malawi,MW,Central,L1MWI2072,1985,1.574534889,1.499855866,0.500014589,0.0
Malawi,MW,Central,L1MWI2072,1986,1.455776866,2.0,0.564833167,0.0
Malawi,MW,Central,L1MWI2072,1987,1.281683119,1.199356913,0.41356493,0.0
Malawi,MW,Central,L1MWI2072,1988,1.861959014,1.202586207,0.390779363,0.0
Malawi,MW,Central,L1MWI2072,1989,1.874695939,2.38974359,0.168449133,0.0
Malawi,MW,Central,L1MWI2072,1990,1.117090321,2.346153846,0.330191083,0.0
Malawi,MW,Central,L1MWI2072,1991,1.580095322,2.476721494,0.376230164,0.0
Malawi,MW,Central,L1MWI2072,1992,0.65929261,1.779335793,0.125780445,0.0
Malawi,MW,Central,L1MWI2072,1993,1.9973845790000002,2.460067114,0.459766201,0.0
Malawi,MW,Central,L1MWI2072,1994,1.0592434179999999,2.806736167,0.664134181,0.0
Malawi,MW,Central,L1MWI2072,1995,1.6706809859999998,3.136930984,0.272377684,0.0
Malawi,MW,Central,L1MWI2072,1996,2.78566734,3.88832,0.465196906,0.0
Malawi,MW,Central,L1MWI2072,1997,1.074755654,0.0,0.0,0.0
Malawi,MW,Central,L1MWI2072,1998,1.828686803,3.708756048,0.687927958,0.0
Malawi,MW,Central,L1MWI2072,1999,2.8083349449999995,5.115312667,0.727102641,0.0
Malawi,MW,Central,L1MWI2072,2000,2.025142209,0.0,0.0,0.0
Malawi,MW,Central,L1MWI2072,2001,2.368103023,0.0,0.0,0.0
Malawi,MW,Central,L1MWI2072,2002,2.741880397,14.06705833,0.719084958,0.0
Malawi,MW,Central,L1MWI2072,2003,3.66940856,30.54050168,1.04856154,0.0
Malawi,MW,Central,L1MWI2072,2004,1.6645552280000002,31.840057765,2.029882846,1.212968027
Malawi,MW,Central,L1MWI2072,2005,2.230349791,29.966154270000004,1.8329211070000002,1.369039913
Malawi,MW,Central,L1MWI2072,2006,2.281142907,38.243219442,2.164806156,1.368071829
Malawi,MW,Central,L1MWI2072,2007,3.47543043,38.101044630000004,2.6405199369999997,1.007554979
Malawi,MW,Central,L1MWI2072,2008,2.880142326,38.747346730000004,2.537135121,1.3910873879999999
Malawi,MW,Central,L1MWI2072,2009,3.363373572,41.02714535,2.8570215340000003,1.120644083
Malawi,MW,Central,L1MWI2072,2010,3.629351874,42.74249265,2.878885521,1.088245807
Malawi,MW,Central,L1MWI2072,2011,0.0,30.00584876,1.858634437,0.0
Malawi,MW,Central,L1MWI2072,2012,0.0,30.51369817,1.932624418,0.809179085
Malawi,MW,Central,L1MWI2072,2013,0.0,32.07341418,2.255913038,0.727272727
Malawi,MW,Central,L1MWI2072,2014,4.004249472,33.08414272,5.217138756000001,1.258880733
Malawi,MW,Central,L1MWI2072,2015,0.0,30.17666722,3.122379918,1.160672861
Malawi,MW,Central,L1MWI2072,2016,0.0,27.819435040000002,2.642329671,0.0
Malawi,MW,Central,L1MWI2072,2017,2.937137534,49.52799713,4.139857332,1.273008507
Malawi,MW,Central,L1MWI2072,2018,1.77872762,48.96590684,2.646969816,1.240264536
Malawi,MW,Central,L1MWI2072,2019,2.730097872,52.44241901,3.974156677,0.0
Malawi,MW,Central,L1MWI2072,2020,2.870980694,53.80807841,4.273729303,1.402786757
Malawi,MW,Central,L1MWI2072,2021,3.368538044,20.48891684,3.019356944,0.0
Malawi,MW,Central,L1MWI2072,2022,6.290514008000001,19.94838662,3.043000589,0.0
Malawi,MW,Central,L1MWI2072,2023,3.241596289,20.58692689,2.292679349,0.0
Malawi,MW,Central,L1MWI2075,1983,0.0,3.5,0.5,0.0
Malawi,MW,Central,L1MWI2075,1984,1.434680451,1.802816901,0.4,0.0
Malawi,MW,Central,L1MWI2075,1985,1.585957587,1.8,0.450021177,0.0
Malawi,MW,Central,L1MWI2075,1986,1.290891498,3.75,0.449531581,0.0
Malawi,MW,Central,L1MWI2075,1987,1.052533459,3.75,0.353471739,0.0
Malawi,MW,Central,L1MWI2075,1988,1.269767767,3.751213592,0.0,0.0
Malawi,MW,Central,L1MWI2075,1989,1.737327083,2.4,0.141575274,0.0
Malawi,MW,Central,L1MWI2075,1990,1.498714653,2.030553262,0.476587235,0.0
Malawi,MW,Central,L1MWI2075,1991,1.566146519,2.39266055,0.60006399,0.0
Malawi,MW,Central,L1MWI2075,1992,0.513271636,2.5,0.140998141,0.0
Malawi,MW,Central,L1MWI2075,1993,0.0,2.502816901,0.825872748,0.0
Malawi,MW,Central,L1MWI2075,1994,1.378350176,2.629588432,0.648660375,0.0
Malawi,MW,Central,L1MWI2075,1995,1.483563807,9.685501533,0.297465026,0.298507463
Malawi,MW,Central,L1MWI2075,1996,1.644969175,3.321906355,0.915930206,0.298507463
Malawi,MW,Central,L1MWI2075,1997,2.412570324,0.0,0.0,0.0
Malawi,MW,Central,L1MWI2075,1998,2.494371412,4.364138624,1.171241232,0.444444444
Malawi,MW,Central,L1MWI2075,1999,3.2674340400000004,4.650913955,1.308819405,0.724137931
Malawi,MW,Central,L1MWI2075,2000,1.697851634,0.0,0.0,0.0
Malawi,MW,Central,L1MWI2075,2001,1.651175753,0.0,0.0,1.090909091
Malawi,MW,Central,L1MWI2075,2002,2.368421052,16.55830671,1.016206796,1.090909091
Malawi,MW,Central,L1MWI2075,2003,4.882703031,30.047442349999997,1.171715835,1.166666667
Malawi,MW,Central,L1MWI2075,2004,2.1294929,35.438659804,2.163751698,1.490974988
Malawi,MW,Central,L1MWI2075,2005,2.958049971,35.323914,1.861889834,1.549162471
Malawi,MW,Central,L1MWI2075,2006,4.454754749,56.83807971,3.2443387229999994,3.124074673
Malawi,MW,Central,L1MWI2075,2007,4.948027178,58.078544210000004,4.535828578,1.84364901
Malawi,MW,Central,L1MWI2075,2008,4.355640706,61.06729785,3.915966034,1.887654549
Malawi,MW,Central,L1MWI2075,2009,4.339048274,59.56040358,4.026021904,2.47612157
Malawi,MW,Central,L1MWI2075,2010,5.054418441,61.23318587,3.8829361430000002,1.031866079
Malawi,MW,Central,L1MWI2075,2011,5.192512236,66.24989683,4.07282611,1.009656617
Malawi,MW,Central,L1MWI2075,2012,1.825688073,43.381303470000006,2.8231535140000004,0.921052632
Malawi,MW,Central,L1MWI2075,2013,3.290322581,43.450582499999996,2.894237859,0.798816568
Malawi,MW,Central,L1MWI2075,2014,5.402606047999999,71.75438369,4.226294884,1.954743186
Malawi,MW,Central,L1MWI2075,2015,2.662207358,43.21645756,2.154587627,0.7
Malawi,MW,Central,L1MWI2075,2016,0.673410405,42.4401317,2.1993414909999998,0.857142857
Malawi,MW,Central,L1MWI2075,2017,3.0458145549999998,80.47043279,5.4980637429999994,1.392217923
Malawi,MW,Central,L1MWI2075,2018,1.84445664,0.0,0.0,0.0
Malawi,MW,Central,L1MWI2075,2019,3.17931214,87.50584123,5.464784009,0.0
Malawi,MW,Central,L1MWI2075,2020,3.607375367,92.97632018,4.200167557,1.556689543
Malawi,MW,Central,L1MWI2075,2021,4.608960394,35.29116118,2.99571939,0.0
Malawi,MW,Central,L1MWI2075,2022,4.2837347910000005,35.32022949,3.5286402499999996,0.0
Malawi,MW,Central,L1MWI2075,2023,2.573396462,0.0,0.0,0.0
Malawi,MW,Central,L1MWI2081,1983,0.652777778,3.656716418,0.712524335,0.5
Malawi,MW,Central,L1MWI2081,1984,2.084631464,3.98611399,0.489655172,0.5
Malawi,MW,Central,L1MWI2081,1985,2.551414502,2.946708015,0.780141844,0.759903382
Malawi,MW,Central,L1MWI2081,1986,3.087822891,2.773736235,0.598054275,0.600056609
Malawi,MW,Central,L1MWI2081,1987,3.02049395,2.778836323,0.578947368,0.7
Malawi,MW,Central,L1MWI2081,1988,3.405550463,2.936363636,0.529610829,0.86
Malawi,MW,Central,L1MWI2081,1989,3.5781486940000002,2.251724138,0.653047327,0.84
Malawi,MW,Central,L1MWI2081,1990,2.501410103,2.624819143,0.528564332,0.599877451
Malawi,MW,Central,L1MWI2081,1991,2.226325891,2.626162379,0.0,0.0
Malawi,MW,Central,L1MWI2081,1992,1.978034308,2.478905359,0.213250518,0.6
Malawi,MW,Central,L1MWI2081,1993,4.999692981,2.563357659,0.703549061,0.442815249
Malawi,MW,Central,L1MWI2081,1994,3.527097091,4.909100635,0.516483516,0.278606965
Malawi,MW,Central,L1MWI2081,1995,4.978420463,5.414409392,0.600541638,0.568542569
Malawi,MW,Central,L1MWI2081,1996,6.223717975,7.340220275,0.729913754,1.109640494
Malawi,MW,Central,L1MWI2081,1997,2.052588138,0.0,0.0,0.0
Malawi,MW,Central,L1MWI2081,1998,5.324653709,7.282404227,0.863483871,1.045759866
Malawi,MW,Central,L1MWI2081,1999,6.530907524,6.097849286,0.76047764,0.978508629
Malawi,MW,Central,L1MWI2081,2000,2.256248687,0.0,0.0,0.0
Malawi,MW,Central,L1MWI2081,2001,1.144485047,0.0,0.0,0.0
Malawi,MW,Central,L1MWI2081,2002,4.717704112,21.21352525,0.891008689,0.637352675
Malawi,MW,Central,L1MWI2081,2003,4.232147898,33.00649885,0.895973154,0.773628938
Malawi,MW,Central,L1MWI2081,2004,1.935164942,0.0,1.728422353,1.313544765
Malawi,MW,Central,L1MWI2081,2005,2.6556916729999998,29.157086405,2.3547955590000003,1.309627242
Malawi,MW,Central,L1MWI2081,2006,4.82211002,30.803008102,3.594009638,1.9074702430000001
Malawi,MW,Central,L1MWI2081,2007,5.290270163000001,31.530647172,4.060825723,1.8358981449999998
Malawi,MW,Central,L1MWI2081,2008,4.855771705,31.084820138,3.861090135,1.756636137
Malawi,MW,Central,L1MWI2081,2009,6.386243293000001,34.60050991,4.308808172,1.9290160480000003
Malawi,MW,Central,L1MWI2081,2010,6.681924385,35.38840093,4.41272674,1.863585399
Malawi,MW,Central,L1MWI2081,2011,1.3951612899999999,38.09064697,3.4678141840000003,1.91690206
Malawi,MW,Central,L1MWI2081,2012,3.735587593,38.64514422,3.479274733,1.797718342
Malawi,MW,Central,L1MWI2081,2013,1.385888502,38.39218276,3.5581213390000004,1.7553800929999999
Malawi,MW,Central,L1MWI2081,2014,1.370370371,38.99569307,3.7088089810000002,0.823913043
Malawi,MW,Central,L1MWI2081,2015,1.161904761,38.19484041,2.4478850879999996,0.816901408
Malawi,MW,Central,L1MWI2081,2016,1.181558441,37.16532171,2.952030381,0.784628378
Malawi,MW,Central,L1MWI2081,2017,5.469337813,37.958016640000004,4.442119559,1.488860466
Malawi,MW,Central,L1MWI2081,2018,2.9592444670000004,38.16288506,2.511005593,1.4980608100000001
Malawi,MW,Central,L1MWI2081,2019,5.825743453,38.51376793,4.136248514,0.70995671
Malawi,MW,Central,L1MWI2081,2020,6.474378987,38.62222497,4.3505075909999995,1.7724098590000001
Malawi,MW,Central,L1MWI2081,2021,5.426161704,25.69230769,2.982797804,0.0
Malawi,MW,Central,L1MWI2081,2022,5.491988167,25.93476652,3.172088523,0.0
Malawi,MW,Central,L1MWI2081,2023,2.965405889,0.0,1.03030303,0.0
Malawi,MW,Central,L1MWI2083,1983,0.0,0.0,0.170048309,0.6
Malawi,MW,Central,L1MWI2083,1984,1.262167138,0.0,0.170407696,0.697115385
Malawi,MW,Central,L1MWI2083,1985,1.173827652,0.0,0.5,0.799684543
Malawi,MW,Central,L1MWI2083,1986,0.944532746,0.0,0.299701493,0.449771689
Malawi,MW,Central,L1MWI2083,1987,1.105218146,0.0,0.4,0.454545455
Malawi,MW,Central,L1MWI2083,1988,1.150466613,0.0,0.502283105,0.6
Malawi,MW,Central,L1MWI2083,1989,1.080020409,0.0,0.3,0.600619195
Malawi,MW,Central,L1MWI2083,1990,0.93171783,0.0,0.303030303,0.75
Malawi,MW,Central,L1MWI2083,1991,1.029777463,0.0,0.349899598,0.886111111
Malawi,MW,Central,L1MWI2083,1992,0.203986168,1.947712418,0.026214341,0.200680272
Malawi,MW,Central,L1MWI2083,1993,1.70547996,1.947712418,0.333333333,0.598039216
Malawi,MW,Central,L1MWI2083,1994,0.830156336,1.018119068,0.654816717,0.171779141
Malawi,MW,Central,L1MWI2083,1995,2.209235617,1.975975976,0.224903059,0.955128205
Malawi,MW,Central,L1MWI2083,1996,2.705138937,3.481852315,0.716464782,0.953871499
Malawi,MW,Central,L1MWI2083,1997,0.979110951,0.0,0.0,0.0
Malawi,MW,Central,L1MWI2083,1998,2.053756246,3.632352941,0.763985083,0.719038817
Malawi,MW,Central,L1MWI2083,1999,2.7548915519999997,5.871503851,0.784300899,0.911699779
Malawi,MW,Central,L1MWI2083,2001,1.153846154,0.0,0.0,0.65952381
Malawi,MW,Central,L1MWI2083,2002,2.413725193,10.96268657,0.909845635,0.65952381
Malawi,MW,Central,L1MWI2083,2003,3.79027862,25.46277575,0.872049457,0.518844221
Malawi,MW,Central,L1MWI2083,2004,2.1106776529999998,36.58677616,1.396602981,1.562899055
Malawi,MW,Central,L1MWI2083,2005,1.968205904,30.662558309999998,0.528169014,1.3719732470000001
Malawi,MW,Central,L1MWI2083,2006,3.403188646,37.690136190000004,3.2531311360000004,1.931889397
Malawi,MW,Central,L1MWI2083,2007,4.809664023,38.44709226,3.8060843249999996,2.288833692
Malawi,MW,Central,L1MWI2083,2008,4.480505537,40.57136912,3.6354210819999997,2.041265203
Malawi,MW,Central,L1MWI2083,2009,4.608935415,46.803632019999995,3.929650198,2.092896408
Malawi,MW,Central,L1MWI2083,2010,4.574268835,50.03258013999999,3.6520549310000003,2.0427692139999998
Malawi,MW,Central,L1MWI2083,2011,2.406465571,51.47424066000001,3.749483947,1.9989640610000001
Malawi,MW,Central,L1MWI2083,2012,2.259646633,51.11249819,3.60538041,1.798963864
Malawi,MW,Central,L1MWI2083,2013,2.390291472,48.31447721000001,3.875576465,1.867256801
Malawi,MW,Central,L1MWI2083,2014,2.3511920809999998,48.37624777,3.943144291,1.945947849
Malawi,MW,Central,L1MWI2083,2015,2.150755718,45.19574473,2.818174258,1.63203991
Malawi,MW,Central,L1MWI2083,2016,1.709177733,29.82995185,3.071090024,1.338117675
Malawi,MW,Central,L1MWI2083,2017,2.4477951510000002,34.74924211,1.886236088,0.0
Malawi,MW,Central,L1MWI2083,2018,3.2397472179999998,45.43237349,2.516189677,1.6693084009999999
Malawi,MW,Central,L1MWI2083,2019,3.6619095799999997,43.48395233,3.380697463,0.576635047
Malawi,MW,Central,L1MWI2083,2020,6.926564385000001,15.361942438,3.814483699,1.125920037
Malawi,MW,Central,L1MWI2083,2021,2.658581451,14.39589552,2.145703237,0.0
Malawi,MW,Central,L1MWI2083,2022,5.046230614000001,14.01930215,1.8733682269999998,0.0
Malawi,MW,Central,L1MWI2083,2023,2.159913509,14.47626582,0.853599353,0.0
Malawi,MW,Central,L1MWI2084,1983,0.0,3.5,0.3728,0.5
Malawi,MW,Central,L1MWI2084,1984,1.736956522,1.6,0.36,0.45
Malawi,MW,Central,L1MWI2084,1985,1.496350365,3.733333333,0.413186813,0.45
Malawi,MW,Central,L1MWI2084,1986,1.341642229,3.733333333,0.597142857,0.300578035
Malawi,MW,Central,L1MWI2084,1987,1.250485437,3.752,0.400592754,0.5
Malawi,MW,Central,L1MWI2084,1988,1.326172466,3.5,0.302192243,0.5
Malawi,MW,Central,L1MWI2084,1989,1.798553237,2.205479452,0.183208309,0.505376344
Malawi,MW,Central,L1MWI2084,1990,1.336722231,2.2,0.396193772,0.5
Malawi,MW,Central,L1MWI2084,1991,1.395651822,1.882716049,0.501769912,0.498113208
Malawi,MW,Central,L1MWI2084,1992,1.14422631,1.733333333,0.320413437,0.397651007
Malawi,MW,Central,L1MWI2084,1993,1.951283937,2.305555556,0.50617284,0.401606426
Malawi,MW,Central,L1MWI2084,1994,0.976340852,2.073529412,0.219844358,0.431034483
Malawi,MW,Central,L1MWI2084,1995,1.388519162,7.367403315,0.244635193,0.590909091
Malawi,MW,Central,L1MWI2084,1996,1.562815554,2.301775148,0.601683029,0.655737705
Malawi,MW,Central,L1MWI2084,1997,2.187756807,0.0,0.0,0.0
Malawi,MW,Central,L1MWI2084,1998,2.046846093,2.665492958,0.617902665,0.759358289
Malawi,MW,Central,L1MWI2084,1999,2.327607964,3.656324582,0.654385965,0.754491018
Malawi,MW,Central,L1MWI2084,2000,1.956638863,0.0,0.0,0.0
Malawi,MW,Central,L1MWI2084,2001,1.379614233,0.0,0.0,0.0
Malawi,MW,Central,L1MWI2084,2002,1.931317126,15.35411855,0.651389656,0.640718563
Malawi,MW,Central,L1MWI2084,2003,2.167794538,29.67297727,0.739785855,0.684931507
Malawi,MW,Central,L1MWI2084,2004,1.549827703,32.955815746,4.498171642,1.281415765
Malawi,MW,Central,L1MWI2084,2005,1.040599424,28.932666546,2.0405095810000002,1.234943404
Malawi,MW,Central,L1MWI2084,2006,1.838374224,37.21867632,2.339693954,2.421914991
Malawi,MW,Central,L1MWI2084,2007,2.179955657,47.51609149,2.355071427,1.751707444
Malawi,MW,Central,L1MWI2084,2008,2.410253741,49.96588301999999,2.858156216,1.704890336
Malawi,MW,Central,L1MWI2084,2009,2.630421804,54.66398727,3.6393633669999996,1.591014105
Malawi,MW,Central,L1MWI2084,2010,2.93465778,58.35382794,3.6178347470000003,2.008328169
Malawi,MW,Central,L1MWI2084,2011,2.404683369,51.00231511,3.692027576,2.10687557
Malawi,MW,Central,L1MWI2084,2012,0.0,37.98409011,3.4219702969999997,1.078716528
Malawi,MW,Central,L1MWI2084,2013,0.0,35.55593081,2.233439518,2.034745425
Malawi,MW,Central,L1MWI2084,2014,0.0,40.402299209999995,2.6126508079999997,0.760960082
Malawi,MW,Central,L1MWI2084,2015,0.0,59.90901687,2.9370539,1.340988042
Malawi,MW,Central,L1MWI2084,2016,3.164725458,60.16550982,3.034017117,1.390743682
Malawi,MW,Central,L1MWI2084,2017,3.440302177,63.81564406,3.453277373,2.005873626
Malawi,MW,Central,L1MWI2084,2018,2.862516734,0.0,0.0,0.0
Malawi,MW,Central,L1MWI2084,2019,4.471654719,63.01358348,3.485045576,0.460377358
Malawi,MW,Central,L1MWI2084,2020,3.439176339,0.0,2.010399417,0.0
Malawi,MW,Central,L1MWI2084,2021,3.668395979,26.40347749,3.6362146529999997,0.0
Malawi,MW,Central,L1MWI2084,2022,3.707040401,26.74427995,4.520894018,0.0
Malawi,MW,Central,L1MWI2084,2023,3.913502893,27.7481982,3.133889725,0.0
Malawi,MW,Central,L1MWI2087,1983,0.9924309099999999,5.0,0.521880065,0.6
Malawi,MW,Central,L1MWI2087,1984,2.002006689,4.0,0.5,6.6861167
Malawi,MW,Central,L1MWI2087,1985,1.986021892,1.5,0.56969697,0.0
Malawi,MW,Central,L1MWI2087,1986,2.380143541,1.5,0.863636364,0.650130548
Malawi,MW,Central,L1MWI2087,1987,3.039087752,2.0,0.618604651,0.6
Malawi,MW,Central,L1MWI2087,1988,3.132743363,2.0,0.580196873,0.6
Malawi,MW,Central,L1MWI2087,1989,3.035970464,2.5,0.40974026,0.7
Malawi,MW,Central,L1MWI2087,1990,2.2762257640000003,1.5,0.23880597,0.639948454
Malawi,MW,Central,L1MWI2087,1991,2.3431940559999997,0.0,0.530046225,0.45
Malawi,MW,Central,L1MWI2087,1992,1.451440035,2.0,0.203213611,0.599973743
Malawi,MW,Central,L1MWI2087,1993,4.63214237,4.46,0.715374272,4.46
Malawi,MW,Central,L1MWI2087,1994,1.8301666289999998,2.095238095,0.157226792,0.281461944
Malawi,MW,Central,L1MWI2087,1995,2.7700759010000002,1.188720174,0.311068702,0.747706422
Malawi,MW,Central,L1MWI2087,1996,4.703294198,4.453154876,0.918622848,1.089968153
Malawi,MW,Central,L1MWI2087,1997,1.299795976,0.0,0.0,0.0
Malawi,MW,Central,L1MWI2087,1998,4.8600465040000005,4.134831461,1.176294821,0.853823596
Malawi,MW,Central,L1MWI2087,1999,5.947599501999999,5.149124657,1.2211101,1.31936771
Malawi,MW,Central,L1MWI2087,2000,1.962235229,0.0,0.0,0.0
Malawi,MW,Central,L1MWI2087,2001,1.342396301,0.0,0.0,0.0
Malawi,MW,Central,L1MWI2087,2002,4.494922371,14.09305933,1.325894439,0.892507724
Malawi,MW,Central,L1MWI2087,2003,4.571537492999999,25.67268754,1.299259056,0.886666667
Malawi,MW,Central,L1MWI2087,2004,2.206978112,18.732176187,3.2878122349999996,1.440862873
Malawi,MW,Central,L1MWI2087,2005,1.8534230900000002,17.324090657,2.5389300839999995,1.292407221
Malawi,MW,Central,L1MWI2087,2006,4.167496728,18.19345011,0.783383426,0.983090379
Malawi,MW,Central,L1MWI2087,2007,3.963132093,26.16854809,3.8989402369999997,2.1467589240000002
Malawi,MW,Central,L1MWI2087,2008,3.576047907,27.182116979999996,3.7435885159999995,2.0399025589999997
Malawi,MW,Central,L1MWI2087,2009,4.3438421720000004,23.39690837,4.330318818,2.337043212
Malawi,MW,Central,L1MWI2087,2010,4.403506119,28.930828320000003,4.16438955,2.191336981
Malawi,MW,Central,L1MWI2087,2011,1.488741232,11.75422886,4.4342165950000005,2.236816433
Malawi,MW,Central,L1MWI2087,2012,1.4636209820000001,11.74349442,2.939284967,2.00248202
Malawi,MW,Central,L1MWI2087,2013,0.826086957,27.485272029999997,3.027832875,1.8592513320000001
Malawi,MW,Central,L1MWI2087,2014,0.948630137,26.306567809999997,3.1392450409999997,2.241051203
Malawi,MW,Central,L1MWI2087,2015,0.791821561,11.75040258,2.5510751440000003,1.816621521
Malawi,MW,Central,L1MWI2087,2016,0.801020408,24.785673029999998,2.611138262,1.708244842
Malawi,MW,Central,L1MWI2087,2017,3.6550592880000004,25.020255380000002,3.9605606260000004,1.70026541
Malawi,MW,Central,L1MWI2087,2018,1.85357769,25.94686263,2.687069211,1.4204089199999999
Malawi,MW,Central,L1MWI2087,2019,5.7063265450000005,31.879930129999998,4.56274223,0.876322038
Malawi,MW,Central,L1MWI2087,2020,5.762535452,33.31891817,4.579352244,1.938450248
Malawi,MW,Central,L1MWI2087,2021,4.231632122,17.61493333,2.954023769,0.0
Malawi,MW,Central,L1MWI2087,2022,3.642349586,17.63862928,3.2915966780000003,0.0
Malawi,MW,Central,L1MWI2087,2023,3.684191796,18.42557078,3.456772363,0.0
Malawi,MW,Southern,L1MWI2062,1983,0.650980392,1.811601643,0.321621622,0.254237288
Malawi,MW,Southern,L1MWI2062,1984,1.450436174,1.96,0.35,0.6
Malawi,MW,Southern,L1MWI2062,1985,1.6482612369999998,2.0,0.35,0.7
Malawi,MW,Southern,L1MWI2062,1986,1.86204452,1.888968141,0.242588235,0.708886619
Malawi,MW,Southern,L1MWI2062,1987,1.932109155,2.033898305,0.413,0.721649485
Malawi,MW,Southern,L1MWI2062,1988,2.397030532,2.013146286,0.419080818,0.799144894
Malawi,MW,Southern,L1MWI2062,1989,3.13572302,1.925799986,0.399960082,0.896463068
Malawi,MW,Southern,L1MWI2062,1990,2.2899221780000003,1.692431318,0.32553924,0.667739551
Malawi,MW,Southern,L1MWI2062,1991,2.738516273,1.873569105,0.463397274,0.500691563
Malawi,MW,Southern,L1MWI2062,1992,0.173613899,0.868376385,0.071433768,0.090708691
Malawi,MW,Southern,L1MWI2062,1993,3.0912843409999997,2.0,0.438671891,0.887973623
Malawi,MW,Southern,L1MWI2062,1994,0.611966719,1.851780388,0.21659344,0.278506188
Malawi,MW,Southern,L1MWI2062,1995,1.676710063,1.757827596,0.369125977,0.64450235
Malawi,MW,Southern,L1MWI2062,1996,3.1856495469999997,2.371953104,0.479018913,0.99730611
Malawi,MW,Southern,L1MWI2062,1997,0.647837013,0.0,0.0,0.0
Malawi,MW,Southern,L1MWI2062,1998,2.217384381,6.23605948,0.429384966,0.653936348
Malawi,MW,Southern,L1MWI2062,1999,4.2316271279999995,6.249500998,0.780529462,0.95242141
Malawi,MW,Southern,L1MWI2062,2000,1.475539872,0.0,0.0,0.0
Malawi,MW,Southern,L1MWI2062,2001,0.882417912,0.0,0.0,0.0
Malawi,MW,Southern,L1MWI2062,2002,3.895850647,11.25,0.642099386,0.813842724
Malawi,MW,Southern,L1MWI2062,2003,4.120115279,23.613197846,0.652935118,0.833393567
Malawi,MW,Southern,L1MWI2062,2004,2.276748437,24.24305741,2.1534652899999998,0.93625706
Malawi,MW,Southern,L1MWI2062,2005,1.280516398,10.070106759,1.425312698,0.9574194970000001
Malawi,MW,Southern,L1MWI2062,2006,3.51271659,24.69427147,2.93829963,1.565990167
Malawi,MW,Southern,L1MWI2062,2007,3.994893124,35.27221777,3.240349411,1.796621162
Malawi,MW,Southern,L1MWI2062,2008,2.914363136,26.43768012,2.801693137,1.7431076559999998
Malawi,MW,Southern,L1MWI2062,2009,3.9572942700000002,27.419187360000002,3.510306831,1.84874118
Malawi,MW,Southern,L1MWI2062,2010,2.577958542,24.99759883,3.2580485559999994,1.247908141
Malawi,MW,Southern,L1MWI2062,2011,1.5989203669999998,23.80434389,2.570356243,1.182590818
Malawi,MW,Southern,L1MWI2062,2012,0.887576319,20.19530041,2.040297734,0.992221288
Malawi,MW,Southern,L1MWI2062,2013,1.541533713,25.4502584,2.85491341,1.371623094
Malawi,MW,Southern,L1MWI2062,2014,1.471673876,24.98354742,2.82551337,1.355590881
Malawi,MW,Southern,L1MWI2062,2015,1.190549995,20.519213033,2.271814353,0.964530576
Malawi,MW,Southern,L1MWI2062,2016,0.928960888,18.960011482,1.92152163,0.555303868
Malawi,MW,Southern,L1MWI2062,2017,2.4927226449999997,24.22247996,4.02020995,1.087907082
Malawi,MW,Southern,L1MWI2062,2018,1.887636701,24.51602575,2.686409256,0.9467108590000001
Malawi,MW,Southern,L1MWI2062,2019,2.323605474,26.969070629999997,3.157617954,0.448311509
Malawi,MW,Southern,L1MWI2062,2020,1.818186688,16.5163827,1.580897959,0.0
Malawi,MW,Southern,L1MWI2062,2021,1.9076705779999998,18.97188264,1.703198885,0.0
Malawi,MW,Southern,L1MWI2062,2022,1.732890059,17.27568825,1.531198357,0.0
Malawi,MW,Southern,L1MWI2062,2023,1.930908101,17.27568825,1.4546844449999998,0.0
Malawi,MW,Southern,L1MWI2063,1983,0.3,1.0,0.13,0.7
Malawi,MW,Southern,L1MWI2063,1984,1.015813659,2.2,0.250442478,0.700934579
Malawi,MW,Southern,L1MWI2063,1985,1.36418039,2.19990995,0.28502994,0.5
Malawi,MW,Southern,L1MWI2063,1986,1.315798188,2.2,0.250055617,0.600985222
Malawi,MW,Southern,L1MWI2063,1987,1.291574255,2.200081666,0.4,0.603174603
Malawi,MW,Southern,L1MWI2063,1988,1.8301383409999998,1.6,0.400045956,0.7
Malawi,MW,Southern,L1MWI2063,1989,1.4581518660000001,1.7,0.3,0.823943662
Malawi,MW,Southern,L1MWI2063,1990,1.532716762,1.5,0.35,0.751428571
Malawi,MW,Southern,L1MWI2063,1991,1.9853697750000001,1.5,0.35,0.7
Malawi,MW,Southern,L1MWI2063,1992,0.676790936,1.2,0.15,0.1
Malawi,MW,Southern,L1MWI2063,1993,2.282656748,1.615589514,0.350707177,0.80952381
Malawi,MW,Southern,L1MWI2063,1994,1.485962046,1.389967105,0.265118529,0.4
Malawi,MW,Southern,L1MWI2063,1995,1.5804632429999999,1.35645854,0.256891271,0.25
Malawi,MW,Southern,L1MWI2063,1996,3.089756434,3.096954556,0.444878273,0.7
Malawi,MW,Southern,L1MWI2063,1997,1.146957211,0.0,0.0,0.0
Malawi,MW,Southern,L1MWI2063,1998,3.2976286349999997,5.522828123,0.461805945,0.739130435
Malawi,MW,Southern,L1MWI2063,1999,4.1640902969999996,5.367481203,0.564119712,1.01552795
Malawi,MW,Southern,L1MWI2063,2000,1.66541546,0.0,0.0,0.0
Malawi,MW,Southern,L1MWI2063,2001,1.207355199,0.0,0.0,0.0
Malawi,MW,Southern,L1MWI2063,2002,6.753494149,11.20203735,0.624144368,0.704545455
Malawi,MW,Southern,L1MWI2063,2003,4.199693824,10.06537753,0.622839386,0.6
Malawi,MW,Southern,L1MWI2063,2004,1.5745688869999999,21.673543690000002,4.659766004,2.276931984
Malawi,MW,Southern,L1MWI2063,2005,0.876610844,15.319726698,1.289663258,1.5592170250000001
Malawi,MW,Southern,L1MWI2063,2006,4.317908517,38.601281240000006,2.69869249,1.972729609
Malawi,MW,Southern,L1MWI2063,2007,4.749467523,41.76294797,3.389104361,2.728296603
Malawi,MW,Southern,L1MWI2063,2008,4.484509246,38.93003222,2.948262802,2.823291188
Malawi,MW,Southern,L1MWI2063,2009,5.734514763,44.734141949999994,3.8894868529999997,2.6944493229999997
Malawi,MW,Southern,L1MWI2063,2010,3.780542451,46.7912837,3.437557783,1.653568281
Malawi,MW,Southern,L1MWI2063,2011,1.769864458,30.1568101,3.053938562,1.237962963
Malawi,MW,Southern,L1MWI2063,2012,1.612117044,27.87904916,2.692896557,1.124255952
Malawi,MW,Southern,L1MWI2063,2013,1.777150397,31.43727954,3.1478821559999997,1.1189331
Malawi,MW,Southern,L1MWI2063,2014,1.797910342,35.96913959,3.371479962,0.870702925
Malawi,MW,Southern,L1MWI2063,2015,1.7598376400000002,35.60837318,3.288689645,0.650793651
Malawi,MW,Southern,L1MWI2063,2016,1.391436685,34.29249737,2.67694373,0.447482014
Malawi,MW,Southern,L1MWI2063,2017,2.144363758,0.0,0.0,0.0
Malawi,MW,Southern,L1MWI2063,2018,3.585012162,58.97598949,4.248036895,1.327876425
Malawi,MW,Southern,L1MWI2063,2019,5.6508299,64.26010916999999,4.851281488,0.63030303
Malawi,MW,Southern,L1MWI2063,2020,6.039433524,65.28219376,5.181267629,1.9843816969999999
Malawi,MW,Southern,L1MWI2063,2021,4.605454149,24.45807007,2.4811587470000003,0.0
Malawi,MW,Southern,L1MWI2063,2022,3.1903255120000003,24.31609513,2.261165347,0.0
Malawi,MW,Southern,L1MWI2063,2023,1.708300513,0.0,0.0,0.0
Malawi,MW,Southern,L1MWI2064,1983,0.35,2.5,0.04,0.3
Malawi,MW,Southern,L1MWI2064,1984,2.1,3.0,0.3,0.5
Malawi,MW,Southern,L1MWI2064,1985,2.4,3.0,0.4,0.75
Malawi,MW,Southern,L1MWI2064,1986,1.5,3.0,0.452631579,0.75
Malawi,MW,Southern,L1MWI2064,1987,3.259660938,10.0,0.2,0.54
Malawi,MW,Southern,L1MWI2064,1988,3.803812033,3.0,0.475982533,0.699991852
Malawi,MW,Southern,L1MWI2064,1989,3.96615708,3.0,0.360714286,0.650010781
Malawi,MW,Southern,L1MWI2064,1990,3.9168024509999997,3.0,0.270833333,0.67496191
Malawi,MW,Southern,L1MWI2064,1991,3.1212020459999996,2.5,0.438311688,0.62
Malawi,MW,Southern,L1MWI2064,1992,2.782683656,0.313559322,0.0,0.039696042
Malawi,MW,Southern,L1MWI2064,1993,3.625805563,2.5,0.407407407,0.727527627
Malawi,MW,Southern,L1MWI2064,1994,2.3848106839999996,3.857142857,0.163265306,0.492163009
Malawi,MW,Southern,L1MWI2064,1995,1.7104596779999999,2.166123779,0.076335878,0.326846495
Malawi,MW,Southern,L1MWI2064,1996,4.877180741,4.931122449,0.609022556,1.043237251
Malawi,MW,Southern,L1MWI2064,1997,0.754911682,0.0,0.0,0.0
Malawi,MW,Southern,L1MWI2064,1998,4.406291186000001,3.545150502,0.628549501,0.809017367
Malawi,MW,Southern,L1MWI2064,1999,5.764100642,3.703296703,0.649045521,0.827977316
Malawi,MW,Southern,L1MWI2064,2000,1.350346138,0.0,0.0,0.0
Malawi,MW,Southern,L1MWI2064,2001,1.015593374,0.0,0.0,0.0
Malawi,MW,Southern,L1MWI2064,2002,3.74646875,12.74979009,0.743362832,0.959604727
Malawi,MW,Southern,L1MWI2064,2003,3.086476819,22.554462020000003,0.723404255,1.063983427
Malawi,MW,Southern,L1MWI2064,2004,1.407498326,20.417269079,1.137082193,1.381936831
Malawi,MW,Southern,L1MWI2064,2005,0.992593042,12.214238380000001,0.900707036,1.0343758140000001
Malawi,MW,Southern,L1MWI2064,2006,4.430816039,24.93219401,3.1574337540000004,1.039560342
Malawi,MW,Southern,L1MWI2064,2007,4.582192954,26.456252120000002,3.127720918,1.164947172
Malawi,MW,Southern,L1MWI2064,2008,4.807613735,25.43560874,2.815679281,3.405602294
Malawi,MW,Southern,L1MWI2064,2009,2.985389915,26.4376558,2.694915392,1.289344098
Malawi,MW,Southern,L1MWI2064,2010,2.382923238,27.635865199999998,2.17600336,0.697767311
Malawi,MW,Southern,L1MWI2064,2011,1.479064395,28.49374365,2.791225184,1.765121362
Malawi,MW,Southern,L1MWI2064,2012,1.772869144,30.292822200000003,2.826085058,1.199698675
Malawi,MW,Southern,L1MWI2064,2013,1.9191344309999998,33.687165,3.3243083220000003,1.330987651
Malawi,MW,Southern,L1MWI2064,2014,2.260083341,32.66068267,3.1150704730000003,1.124238425
Malawi,MW,Southern,L1MWI2064,2015,1.47786778,33.265132460000004,3.413873181,0.801284885
Malawi,MW,Southern,L1MWI2064,2017,4.128989623000001,33.11001477,3.3933672049999997,0.684468213
Malawi,MW,Southern,L1MWI2064,2018,0.67684015,32.83074648,2.2914875730000004,0.44211288
Malawi,MW,Southern,L1MWI2064,2019,5.101055483,35.91630879,4.5440380099999995,0.756433824
Malawi,MW,Southern,L1MWI2064,2020,5.645101628,36.26885952,4.255477019,1.856041704
Malawi,MW,Southern,L1MWI2064,2021,3.7468840979999998,17.91503268,1.957294057,0.0
Malawi,MW,Southern,L1MWI2064,2022,2.896194522,17.40308087,2.006434517,0.0
Malawi,MW,Southern,L1MWI2064,2023,1.328040565,0.0,0.0,0.0
Malawi,MW,Southern,L1MWI2065,2002,1.619739362,11.6122807,0.770404542,0.0
Malawi,MW,Southern,L1MWI2065,2003,3.406527743,19.647781297,0.770404542,0.0
Malawi,MW,Southern,L1MWI2065,2004,1.5846362729999999,31.64979067,1.858447189,0.696706803
Malawi,MW,Southern,L1MWI2065,2005,1.209658223,10.58397086,1.013107781,0.609444898
Malawi,MW,Southern,L1MWI2065,2006,2.755200068,19.811086809,2.270265842,0.926081008
Malawi,MW,Southern,L1MWI2065,2007,3.1521192300000003,31.07247432,2.5741052570000003,1.542533192
Malawi,MW,Southern,L1MWI2065,2008,3.421836782,29.998070509999998,2.838376074,1.65444046
Malawi,MW,Southern,L1MWI2065,2009,4.54089376,31.88197445,3.294266831,2.132344222
Malawi,MW,Southern,L1MWI2065,2010,3.249088782,31.63572242,2.842209694,0.766335291
Malawi,MW,Southern,L1MWI2065,2011,2.479655561,35.29881794,3.34216413,1.421732251
Malawi,MW,Southern,L1MWI2065,2012,2.806414259,36.74363269,3.1951417710000003,2.059403775
Malawi,MW,Southern,L1MWI2065,2013,3.0658637229999997,37.97283027,3.7896079270000005,2.454739226
Malawi,MW,Southern,L1MWI2065,2014,3.0215107889999997,39.48828521,3.7686817229999994,2.094769314
Malawi,MW,Southern,L1MWI2065,2015,2.35509654,39.55353905,3.933507865,1.489223458
Malawi,MW,Southern,L1MWI2065,2016,2.026613683,42.887495189999996,3.354442627,1.209387376
Malawi,MW,Southern,L1MWI2065,2017,4.529941973,48.62937153,4.634123645000001,1.549956933
Malawi,MW,Southern,L1MWI2065,2018,3.416830138,53.578523860000004,4.800570412,1.365288
Malawi,MW,Southern,L1MWI2065,2019,5.439933868,62.97064252999999,4.7219576839999995,0.375
Malawi,MW,Southern,L1MWI2065,2020,5.551982115,60.260196109999995,5.063127903,1.686749035
Malawi,MW,Southern,L1MWI2065,2021,3.324382264,25.35606061,1.7518191600000002,0.0
Malawi,MW,Southern,L1MWI2065,2022,2.220385106,21.58343583,3.0045367499999998,0.0
Malawi,MW,Southern,L1MWI2065,2023,1.960539652,15.9592668,2.598953819,0.0
Malawi,MW,Southern,L1MWI2073,1983,0.650980392,1.811601643,0.321621622,0.254237288
Malawi,MW,Southern,L1MWI2073,1984,1.450436174,1.96,0.35,0.6
Malawi,MW,Southern,L1MWI2073,1985,1.6482612369999998,2.0,0.35,0.7
Malawi,MW,Southern,L1MWI2073,1986,1.86204452,1.888968141,0.242588235,0.708886619
Malawi,MW,Southern,L1MWI2073,1987,1.932109155,2.033898305,0.413,0.721649485
Malawi,MW,Southern,L1MWI2073,1988,2.187925744,1.900925926,0.413030303,0.78961039
Malawi,MW,Southern,L1MWI2073,1989,3.60283116,1.95014771,0.391941392,0.751256281
Malawi,MW,Southern,L1MWI2073,1990,3.2465800209999998,1.85,0.45,0.810810811
Malawi,MW,Southern,L1MWI2073,1991,3.9138178630000002,1.769905213,0.48,0.500691563
Malawi,MW,Southern,L1MWI2073,1992,0.617012769,0.9,0.15,0.500691563
Malawi,MW,Southern,L1MWI2073,1993,4.25731974,2.0,0.422338569,1.523326572
Malawi,MW,Southern,L1MWI2073,1994,1.403721836,1.963338973,0.168355417,0.3125
Malawi,MW,Southern,L1MWI2073,1995,2.792117351,1.8798764,0.354098361,0.718562874
Malawi,MW,Southern,L1MWI2073,1996,3.257164295,2.385116512,0.453958546,0.825
Malawi,MW,Southern,L1MWI2073,1997,0.807973364,0.0,0.0,0.0
Malawi,MW,Southern,L1MWI2073,1998,3.6437437729999997,6.52909167,0.520959535,0.609550562
Malawi,MW,Southern,L1MWI2073,1999,4.729859319,6.820305934,0.540159226,0.717761557
Malawi,MW,Southern,L1MWI2073,2000,1.603589373,0.0,0.0,0.0
Malawi,MW,Southern,L1MWI2073,2001,0.930869294,0.0,0.0,0.0
Malawi,MW,Southern,L1MWI2073,2002,3.260953168,12.24994043,0.578969072,0.61167002
Malawi,MW,Southern,L1MWI2073,2003,4.73324067,11.97665975,0.605581395,0.657980456
Malawi,MW,Southern,L1MWI2073,2004,2.246521772,19.631432907,3.545905525,0.757865797
Malawi,MW,Southern,L1MWI2073,2005,1.371383216,10.925906325,1.395756402,1.067283006
Malawi,MW,Southern,L1MWI2073,2006,4.258211973,25.20179975,2.883739985,1.709101283
Malawi,MW,Southern,L1MWI2073,2007,4.748990042999999,26.49078514,2.919389971,1.722868827
Malawi,MW,Southern,L1MWI2073,2008,3.359286574,23.31394186,2.5780924069999998,1.69362287
Malawi,MW,Southern,L1MWI2073,2009,4.42262088,25.01592071,3.008177833,1.90023795
Malawi,MW,Southern,L1MWI2073,2010,3.857695716,25.70518832,2.713171579,1.605331837
Malawi,MW,Southern,L1MWI2073,2011,1.060311022,26.6851685,2.933016677,1.6184764070000002
Malawi,MW,Southern,L1MWI2073,2012,1.011370375,25.97024578,2.7286592780000003,0.637981872
Malawi,MW,Southern,L1MWI2073,2013,1.093371973,27.73683141,2.968834211,0.613518198
Malawi,MW,Southern,L1MWI2073,2014,1.123569002,28.83102535,3.128336686,1.7290780079999999
Malawi,MW,Southern,L1MWI2073,2015,1.042235043,24.71068364,2.7878518850000003,0.484205699
Malawi,MW,Southern,L1MWI2073,2016,0.845538275,23.393260339999998,2.4004912110000003,0.369115198
Malawi,MW,Southern,L1MWI2073,2017,3.59295008,29.40022114,3.352445765,1.5633206830000002
Malawi,MW,Southern,L1MWI2073,2018,2.861432915,28.246373480000003,4.602967315,1.486894637
Malawi,MW,Southern,L1MWI2073,2019,3.473214572,30.11405261,3.394675517,0.691762622
Malawi,MW,Southern,L1MWI2073,2020,2.337058642,15.58016304,1.651132257,0.0
Malawi,MW,Southern,L1MWI2073,2021,2.6969105669999998,16.34889267,1.7707200109999999,0.0
Malawi,MW,Southern,L1MWI2073,2022,2.252310487,16.21971004,1.7212572599999998,0.0
Malawi,MW,Southern,L1MWI2073,2023,1.227058127,0.0,0.0,0.0
Malawi,MW,Southern,L1MWI2074,1983,0.410852713,2.020330969,0.273631841,0.325423729
Malawi,MW,Southern,L1MWI2074,1984,1.186037898,1.9,0.0,0.8
Malawi,MW,Southern,L1MWI2074,1985,1.394091695,1.806122449,0.0,0.8
Malawi,MW,Southern,L1MWI2074,1986,2.2467418950000004,2.048090198,0.0,0.75
Malawi,MW,Southern,L1MWI2074,1987,2.208611829,2.081218274,0.0,1.0056926
Malawi,MW,Southern,L1MWI2074,1988,1.290009699,2.048301887,0.0,0.759916493
Malawi,MW,Southern,L1MWI2074,1989,2.557444499,1.886212361,0.0,0.849667774
Malawi,MW,Southern,L1MWI2074,1990,2.775523077,1.881045752,0.0,0.849970114
Malawi,MW,Southern,L1MWI2074,1991,2.6936690179999996,1.960830861,0.0,0.905116279
Malawi,MW,Southern,L1MWI2074,1992,0.58079384,0.944739307,0.0,0.220253165
Malawi,MW,Southern,L1MWI2074,1993,2.997059042,2.150562541,0.0,0.900905701
Malawi,MW,Southern,L1MWI2074,1994,1.1742590160000002,1.540410133,0.0,0.212765957
Malawi,MW,Southern,L1MWI2074,1995,1.969557134,1.832007344,0.0,0.501199041
Malawi,MW,Southern,L1MWI2074,1996,3.8059602449999996,2.823181986,0.0,1.165360502
Malawi,MW,Southern,L1MWI2074,1997,1.134293063,0.0,0.0,0.0
Malawi,MW,Southern,L1MWI2074,1998,3.3307357929999997,5.430790405,0.0,0.77497828
Malawi,MW,Southern,L1MWI2074,1999,4.436945228,5.934637549,0.0,0.919248826
Malawi,MW,Southern,L1MWI2074,2000,2.04969301,0.0,0.0,0.0
Malawi,MW,Southern,L1MWI2074,2001,1.265911551,0.0,0.0,0.0
Malawi,MW,Southern,L1MWI2074,2002,3.551824585,11.04193994,0.0,0.849407783
Malawi,MW,Southern,L1MWI2074,2003,4.187462911,28.240195489999998,0.0,0.696666667
Malawi,MW,Southern,L1MWI2074,2004,2.758287991,35.171228838000005,3.1512909309999997,1.4690064010000001
Malawi,MW,Southern,L1MWI2074,2005,2.193652733,29.401840698999997,2.5009503119999996,1.448733196
Malawi,MW,Southern,L1MWI2074,2006,3.582915797,36.28471193,3.036336342,1.528760563
Malawi,MW,Southern,L1MWI2074,2007,4.044119628,40.00255177,3.165992868,1.807946685
Malawi,MW,Southern,L1MWI2074,2008,3.0526625779999996,34.468200681,2.6509578659999997,1.7869823070000002
Malawi,MW,Southern,L1MWI2074,2009,4.091781428,38.60067898,3.1338347300000002,1.891188391
Malawi,MW,Southern,L1MWI2074,2010,3.457755668,38.724554510000004,2.8612225760000003,1.6648203879999999
Malawi,MW,Southern,L1MWI2074,2011,1.7569763059999999,39.38622552,2.802369868,0.718161266
Malawi,MW,Southern,L1MWI2074,2012,1.635867695,36.216711155,2.803066913,0.707403586
Malawi,MW,Southern,L1MWI2074,2013,1.6416132170000002,36.037336637,2.742364789,0.672065124
Malawi,MW,Southern,L1MWI2074,2014,1.7964198850000002,37.050082857999996,2.89579158,0.595408541
Malawi,MW,Southern,L1MWI2074,2015,1.572043618,31.694623457,2.292808107,0.403688073
Malawi,MW,Southern,L1MWI2074,2016,1.2659153490000001,27.353771889999997,2.035698257,0.296130532
Malawi,MW,Southern,L1MWI2074,2017,3.1202321790000003,36.914484447,3.00946808,1.217512157
Malawi,MW,Southern,L1MWI2074,2018,2.127151355,35.248769443,2.593085768,1.0888391309999998
Malawi,MW,Southern,L1MWI2074,2019,2.550240316,37.053936907,2.766098357,0.484248425
Malawi,MW,Southern,L1MWI2074,2020,1.669691493,16.32623781,1.573427477,0.0
Malawi,MW,Southern,L1MWI2074,2021,2.0217226950000002,16.47800694,1.785446218,0.0
Malawi,MW,Southern,L1MWI2074,2022,1.673791144,14.84038064,1.598081099,0.0
Malawi,MW,Southern,L1MWI2074,2023,1.4652151500000001,14.7695065,1.537575935,0.0
Malawi,MW,Southern,L1MWI2076,1983,0.5,1.0,0.0,0.6
Malawi,MW,Southern,L1MWI2076,1984,1.586544343,2.2,0.215775159,0.7
Malawi,MW,Southern,L1MWI2076,1985,1.311694643,3.0,0.215775159,0.6
Malawi,MW,Southern,L1MWI2076,1986,1.209030544,1.934989201,0.23,0.5
Malawi,MW,Southern,L1MWI2076,1987,1.661035167,2.220086393,0.231818182,0.5
Malawi,MW,Southern,L1MWI2076,1988,2.170755443,2.220086393,0.231818182,0.666666667
Malawi,MW,Southern,L1MWI2076,1989,1.294226434,2.22,0.250245339,0.666666667
Malawi,MW,Southern,L1MWI2076,1990,2.1541619670000003,1.5,0.3,0.648648649
Malawi,MW,Southern,L1MWI2076,1991,2.076322986,1.5,0.3,0.666666667
Malawi,MW,Southern,L1MWI2076,1992,0.705402863,1.1,0.2,0.289473684
Malawi,MW,Southern,L1MWI2076,1993,1.9790857970000002,2.100343643,0.3828125,0.606060606
Malawi,MW,Southern,L1MWI2076,1994,1.5847096920000001,3.2,0.288825758,0.333333333
Malawi,MW,Southern,L1MWI2076,1995,1.61580848,2.237937426,0.162204724,0.714285714
Malawi,MW,Southern,L1MWI2076,1996,2.5166027790000003,2.129392289,0.686796315,0.916666667
Malawi,MW,Southern,L1MWI2076,1997,0.706478374,0.0,0.0,0.0
Malawi,MW,Southern,L1MWI2076,1998,2.814567027,5.130504028,0.587452471,0.590909091
Malawi,MW,Southern,L1MWI2076,1999,2.859054444,5.968418047,0.561491724,0.666666667
Malawi,MW,Southern,L1MWI2076,2000,1.34050452,0.0,0.0,0.0
Malawi,MW,Southern,L1MWI2076,2001,1.135632698,0.0,0.0,0.833333333
Malawi,MW,Southern,L1MWI2076,2002,3.6746709600000003,15.05327723,0.56388936,0.833333333
Malawi,MW,Southern,L1MWI2076,2003,2.7921226619999997,25.813530800000002,0.677381094,0.0
Malawi,MW,Southern,L1MWI2076,2004,1.977475522,20.73662892,2.109040454,0.921283192
Malawi,MW,Southern,L1MWI2076,2005,0.710594341,17.143113796,0.572362627,1.126440477
Malawi,MW,Southern,L1MWI2076,2006,3.536812879,29.01604838,3.280409219,1.5942025549999999
Malawi,MW,Southern,L1MWI2076,2007,4.480004285,35.13577652,3.8212666630000003,1.6811356640000001
Malawi,MW,Southern,L1MWI2076,2008,4.426196945,38.26075448,3.77386043,2.034982857
Malawi,MW,Southern,L1MWI2076,2009,6.747428141,45.4888074,3.0014393349999997,2.264461605
Malawi,MW,Southern,L1MWI2076,2010,4.825487944,54.970488700000004,4.817787999,1.5474582080000001
Malawi,MW,Southern,L1MWI2076,2011,3.257961464,55.18573739,5.023140227,0.769230769
Malawi,MW,Southern,L1MWI2076,2012,3.5600893100000004,59.42181031,5.025049729,1.037401575
Malawi,MW,Southern,L1MWI2076,2013,3.978448067,65.10519199000001,5.90210335,1.19047619
Malawi,MW,Southern,L1MWI2076,2014,3.533883384,64.512930133,6.171098099,0.783893986
Malawi,MW,Southern,L1MWI2076,2015,3.3786033769999997,64.776490455,5.8879322720000005,0.650972364
Malawi,MW,Southern,L1MWI2076,2016,2.5930662079999998,64.80638260500001,5.927160535,1.354079555
Malawi,MW,Southern,L1MWI2076,2017,5.356920761,68.473720406,6.57006039,1.913100017
Malawi,MW,Southern,L1MWI2076,2018,4.031649339,63.513052922,6.575078616999999,1.423052553
Malawi,MW,Southern,L1MWI2076,2019,6.5067524059999995,71.68710213,6.11687738,0.555012225
Malawi,MW,Southern,L1MWI2076,2020,6.961389372999999,77.98756071,6.426802359,1.667514733
Malawi,MW,Southern,L1MWI2076,2021,3.60502967,29.71887195,2.333037792,0.0
Malawi,MW,Southern,L1MWI2076,2022,2.359770143,31.75399361,2.291253316,0.0
Malawi,MW,Southern,L1MWI2076,2023,2.0180151410000002,26.18948366,2.214870099,0.0
Malawi,MW,Southern,L1MWI2077,1983,0.0,0.0,0.0,0.599607458
Malawi,MW,Southern,L1MWI2077,1984,0.5,2.500727802,0.399766219,0.6
Malawi,MW,Southern,L1MWI2077,1985,1.678781674,2.500727802,0.399766219,0.6
Malawi,MW,Southern,L1MWI2077,1986,1.3049966720000001,2.3,0.3,0.70018622
Malawi,MW,Southern,L1MWI2077,1987,1.00346475,1.643902439,0.299820467,0.599607458
Malawi,MW,Southern,L1MWI2077,1988,1.123382337,1.97005988,0.290410959,0.749854567
Malawi,MW,Southern,L1MWI2077,1989,0.807788921,1.857142857,0.175243394,0.79255814
Malawi,MW,Southern,L1MWI2077,1990,0.922701998,1.85,0.2,0.700041545
Malawi,MW,Southern,L1MWI2077,1991,1.272614309,1.8,0.4,0.78
Malawi,MW,Southern,L1MWI2077,1992,0.162686829,0.9,0.050761421,0.04997574
Malawi,MW,Southern,L1MWI2077,1993,1.831753244,1.858895706,0.45483871,0.722697056
Malawi,MW,Southern,L1MWI2077,1994,0.65934755,1.620454545,0.155218555,0.271062271
Malawi,MW,Southern,L1MWI2077,1995,1.2153232470000002,1.735135135,0.575924469,0.631707317
Malawi,MW,Southern,L1MWI2077,1996,2.37448559,2.222948439,0.631879914,1.183034443
Malawi,MW,Southern,L1MWI2077,1997,1.004364972,0.0,0.0,0.0
Malawi,MW,Southern,L1MWI2077,1998,2.6681760260000003,4.682283465,0.568059578,0.793519695
Malawi,MW,Southern,L1MWI2077,1999,3.0616781740000003,4.156804734,0.531420089,0.914467698
Malawi,MW,Southern,L1MWI2077,2000,1.80034854,0.0,0.0,0.0
Malawi,MW,Southern,L1MWI2077,2001,0.936464392,0.0,0.0,0.0
Malawi,MW,Southern,L1MWI2077,2002,3.122234867,12.7787043,0.553343543,0.84
Malawi,MW,Southern,L1MWI2077,2003,2.993940813,20.42117597,0.941775837,0.876146789
Malawi,MW,Southern,L1MWI2077,2004,2.143559167,34.255480068,2.158953246,1.410468187
Malawi,MW,Southern,L1MWI2077,2005,2.5793165179999997,18.65683773,2.020602166,0.963603175
Malawi,MW,Southern,L1MWI2077,2006,3.4511334170000003,41.816568290000006,2.926378242,1.574512367
Malawi,MW,Southern,L1MWI2077,2007,4.017464724,49.36708611,3.524727015,1.995777778
Malawi,MW,Southern,L1MWI2077,2008,3.841202955,47.7192472,2.959358146,2.018356688
Malawi,MW,Southern,L1MWI2077,2009,4.328774375,53.13388044,2.461639965,1.9303886010000002
Malawi,MW,Southern,L1MWI2077,2010,2.264710511,46.819549269999996,2.8374932250000002,0.915
Malawi,MW,Southern,L1MWI2077,2011,2.050522886,60.177928390000005,3.7332488489999998,1.7671875
Malawi,MW,Southern,L1MWI2077,2012,1.8979487179999999,64.03193321,3.934907397,2.122123946
Malawi,MW,Southern,L1MWI2077,2013,2.312931324,72.5210731,4.988343686,2.428830189
Malawi,MW,Southern,L1MWI2077,2014,2.593370698,63.84679212,5.261819514000001,1.915938776
Malawi,MW,Southern,L1MWI2077,2015,2.5579479000000003,68.32924783,5.316225011,1.909746835
Malawi,MW,Southern,L1MWI2077,2016,2.2700821060000003,62.65643506,4.828153813,1.505
Malawi,MW,Southern,L1MWI2077,2017,5.2366634219999995,64.38997346,5.4630469779999995,0.7
Malawi,MW,Southern,L1MWI2077,2018,4.326952447,65.40696897000001,5.62569195,0.574468085
Malawi,MW,Southern,L1MWI2077,2019,5.86159463,71.62109452,5.558914729,0.50617284
Malawi,MW,Southern,L1MWI2077,2020,6.446973881,74.16800943,5.965387816,0.740740741
Malawi,MW,Southern,L1MWI2077,2021,3.721058068,26.12579416,2.655803964,0.0
Malawi,MW,Southern,L1MWI2077,2022,3.083123732,27.45791139,3.077776645,0.0
Malawi,MW,Southern,L1MWI2077,2023,2.520995484,23.94241699,3.076973521,0.0
Malawi,MW,Southern,L1MWI2079,1983,0.0,0.0,0.0,0.599607458
Malawi,MW,Southern,L1MWI2079,1984,0.5,2.500727802,0.399766219,0.6
Malawi,MW,Southern,L1MWI2079,1985,1.678781674,2.500727802,0.399766219,0.6
Malawi,MW,Southern,L1MWI2079,1986,1.3049966720000001,2.3,0.3,0.70018622
Malawi,MW,Southern,L1MWI2079,1987,1.00346475,1.643902439,0.299820467,0.599607458
Malawi,MW,Southern,L1MWI2079,1988,1.123382337,1.97005988,0.290410959,0.749854567
Malawi,MW,Southern,L1MWI2079,1989,0.807788921,1.857142857,0.175243394,0.79255814
Malawi,MW,Southern,L1MWI2079,1990,0.922701998,1.85,0.2,0.700041545
Malawi,MW,Southern,L1MWI2079,1991,1.272614309,1.8,0.4,0.78
Malawi,MW,Southern,L1MWI2079,1992,0.162686829,0.9,0.050761421,0.04997574
Malawi,MW,Southern,L1MWI2079,1993,1.831753244,1.858895706,0.45483871,0.722697056
Malawi,MW,Southern,L1MWI2079,1994,0.65934755,1.620454545,0.155218555,0.271062271
Malawi,MW,Southern,L1MWI2079,1995,1.2153232470000002,1.735135135,0.575924469,0.631707317
Malawi,MW,Southern,L1MWI2079,1996,2.37448559,2.222948439,0.631879914,1.183034443
Malawi,MW,Southern,L1MWI2079,1997,1.004364972,0.0,0.0,0.0
Malawi,MW,Southern,L1MWI2079,1998,2.6681760260000003,4.682283465,0.568059578,0.793519695
Malawi,MW,Southern,L1MWI2079,1999,3.0616781740000003,4.156804734,0.531420089,0.914467698
Malawi,MW,Southern,L1MWI2079,2000,1.80034854,0.0,0.0,0.0
Malawi,MW,Southern,L1MWI2079,2001,0.936464392,0.0,0.0,0.0
Malawi,MW,Southern,L1MWI2079,2002,3.122234867,12.7787043,0.553343543,0.84
Malawi,MW,Southern,L1MWI2079,2003,3.360579851,0.0,0.0,0.0
Malawi,MW,Southern,L1MWI2079,2005,1.233756173,0.0,0.0,0.0
Malawi,MW,Southern,L1MWI2079,2006,2.160972151,29.661179265,2.202331809,1.2496593169999999
Malawi,MW,Southern,L1MWI2079,2007,2.577254628,45.9910381,3.154331102,2.760744501
Malawi,MW,Southern,L1MWI2079,2008,3.420943872,47.88650197,2.442553954,2.952676093
Malawi,MW,Southern,L1MWI2079,2009,3.844482922,51.66100013,2.522703366,2.747558139
Malawi,MW,Southern,L1MWI2079,2010,1.978890002,49.74345185,2.611324877,1.760311378
Malawi,MW,Southern,L1MWI2079,2011,1.358328691,55.95122655,3.466964559,2.497113141
Malawi,MW,Southern,L1MWI2079,2012,2.39258347,56.73110142,3.364542876,1.288095238
Malawi,MW,Southern,L1MWI2079,2013,3.1004874460000003,56.41810647,3.664690085,1.68171716
Malawi,MW,Southern,L1MWI2079,2014,3.145150389,56.85145696000001,3.9731613340000003,0.980284115
Malawi,MW,Southern,L1MWI2079,2015,3.339487271,58.128561739999995,4.259848086,0.74479039
Malawi,MW,Southern,L1MWI2079,2016,1.534974249,55.39938900999999,3.60632934,0.478183753
Malawi,MW,Southern,L1MWI2079,2017,3.596295005,56.79043183,4.407195969,0.804905876
Malawi,MW,Southern,L1MWI2079,2018,3.416830138,53.578523860000004,4.800570412,1.365288
Malawi,MW,Southern,L1MWI2079,2019,3.917339897,63.33846624,4.812148134,0.558527466
Malawi,MW,Southern,L1MWI2079,2020,5.260898974,66.26806641,5.2073999010000005,0.82278481
Malawi,MW,Southern,L1MWI2079,2021,3.362642396,25.7112922,2.4251766679999998,0.0
Malawi,MW,Southern,L1MWI2079,2022,2.677768399,26.01904212,2.2923759649999997,0.0
Malawi,MW,Southern,L1MWI2079,2023,1.913429523,0.0,0.0,0.0
Malawi,MW,Southern,L1MWI2082,1983,0.8,3.0,0.05,0.35
Malawi,MW,Southern,L1MWI2082,1984,1.7999999999999998,3.0,0.2,0.5
Malawi,MW,Southern,L1MWI2082,1985,2.3000000000000003,2.875,0.4,0.6
Malawi,MW,Southern,L1MWI2082,1986,4.33109327,2.875,0.6,0.6
Malawi,MW,Southern,L1MWI2082,1987,3.840971696,10.0,0.3,0.526315789
Malawi,MW,Southern,L1MWI2082,1988,3.5165507,2.5,0.5,0.699845281
Malawi,MW,Southern,L1MWI2082,1989,5.06993895,3.0,0.369565217,0.650219298
Malawi,MW,Southern,L1MWI2082,1990,4.084272188,3.0,0.309222423,0.459570957
Malawi,MW,Southern,L1MWI2082,1991,5.599065405999999,2.5,0.562982005,0.649941657
Malawi,MW,Southern,L1MWI2082,1992,0.285754251,0.23255814,0.329268293,0.008364701
Malawi,MW,Southern,L1MWI2082,1993,2.6392730269999998,2.0,0.329268293,0.734093901
Malawi,MW,Southern,L1MWI2082,1994,2.2603534190000003,3.501706485,0.469667319,0.432301741
Malawi,MW,Southern,L1MWI2082,1995,1.778440606,1.52688172,0.389025389,0.39009009
Malawi,MW,Southern,L1MWI2082,1996,3.811548633,1.156398104,0.751637555,0.764133958
Malawi,MW,Southern,L1MWI2082,1997,0.658187492,4.692825112,0.0,0.0
Malawi,MW,Southern,L1MWI2082,1998,3.280121427,4.692825112,0.691008174,0.744551003
Malawi,MW,Southern,L1MWI2082,1999,4.726715376,4.762886598,0.505863956,0.74362895
Malawi,MW,Southern,L1MWI2082,2000,1.271676999,0.0,0.0,0.0
Malawi,MW,Southern,L1MWI2082,2001,1.056403009,0.0,0.0,0.0
Malawi,MW,Southern,L1MWI2082,2002,3.153426266,11.06813187,0.372533226,0.540295119
Malawi,MW,Southern,L1MWI2082,2003,4.334823827999999,24.37794789,0.647365373,0.771908764
Malawi,MW,Southern,L1MWI2082,2004,2.031200435,14.286850100999999,1.515916262,1.73823681
Malawi,MW,Southern,L1MWI2082,2005,1.903011198,12.954604689,1.132568289,0.382196254
Malawi,MW,Southern,L1MWI2082,2006,3.158509454,25.053706599999998,2.245331088,0.86362271
Malawi,MW,Southern,L1MWI2082,2007,3.7604205520000002,28.649630090000002,3.023659303,1.056265985
Malawi,MW,Southern,L1MWI2082,2008,4.439315172,26.70973796,2.65957249,1.000282991
Malawi,MW,Southern,L1MWI2082,2009,3.385050682,28.930353009999997,2.374899837,0.926284939
Malawi,MW,Southern,L1MWI2082,2010,1.261558813,25.2515337,1.594653743,0.407361198
Malawi,MW,Southern,L1MWI2082,2011,1.2876048789999999,27.60559603,2.2310292800000004,0.748192259
Malawi,MW,Southern,L1MWI2082,2012,1.10059782,28.24906883,2.244775244,0.559037983
Malawi,MW,Southern,L1MWI2082,2013,1.6688192599999998,28.12587188,2.649935086,0.738131441
Malawi,MW,Southern,L1MWI2082,2014,1.527578428,27.46758328,2.562147806,0.854372355
Malawi,MW,Southern,L1MWI2082,2015,1.1160001830000001,28.70117096,1.5918010960000002,0.510452962
Malawi,MW,Southern,L1MWI2082,2016,0.089425583,20.045916179000002,0.897965757,0.154798762
Malawi,MW,Southern,L1MWI2082,2017,2.435737029,26.345990049999997,2.528244775,0.349845201
Malawi,MW,Southern,L1MWI2082,2018,1.11172958,29.12040723,1.8186800189999999,0.615176152
Malawi,MW,Southern,L1MWI2082,2019,2.43005744,41.24363272,3.4872448289999998,0.624277457
Malawi,MW,Southern,L1MWI2082,2020,3.650617746,37.44658302,3.312594719,0.809267241
Malawi,MW,Southern,L1MWI2082,2021,2.797200521,14.36805556,2.064149952,0.0
Malawi,MW,Southern,L1MWI2082,2022,2.9335594,14.98738966,2.330589023,0.0
Malawi,MW,Southern,L1MWI2082,2023,2.809933868,16.38307873,3.124430961,0.0
Malawi,MW,Southern,L1MWI2085,1983,0.555233828,1.0,0.37,0.651059908
Malawi,MW,Southern,L1MWI2085,1984,1.693166441,2.2,0.333604635,0.652946172
Malawi,MW,Southern,L1MWI2085,1985,1.1859443570000001,2.733357841,0.297609598,0.890165273
Malawi,MW,Southern,L1MWI2085,1986,1.770838081,2.49099513,0.312894808,0.794966868
Malawi,MW,Southern,L1MWI2085,1987,1.79178683,2.611829156,0.313508385,0.792783272
Malawi,MW,Southern,L1MWI2085,1988,2.443965894,1.854054639,0.377271897,0.803452524
Malawi,MW,Southern,L1MWI2085,1989,2.381742679,1.752164237,0.342898828,0.842888772
Malawi,MW,Southern,L1MWI2085,1990,2.18172983,1.5,0.33772629,0.791903506
Malawi,MW,Southern,L1MWI2085,1991,2.25172268,1.5,0.336337939,0.749255492
Malawi,MW,Southern,L1MWI2085,1992,0.8913171440000001,1.179090422,0.2,0.033898761
Malawi,MW,Southern,L1MWI2085,1993,2.647164921,2.099793182,0.432293914,0.699542653
Malawi,MW,Southern,L1MWI2085,1994,1.7057204760000002,3.271880776,0.276006515,0.265351194
Malawi,MW,Southern,L1MWI2085,1995,1.7693871730000001,2.27204358,0.198558057,0.462291887
Malawi,MW,Southern,L1MWI2085,1996,2.774318482,2.234719727,0.470404366,0.775091112
Malawi,MW,Southern,L1MWI2085,1997,0.800010476,0.0,0.0,0.0
Malawi,MW,Southern,L1MWI2085,1998,3.567998775,6.255463059,0.637525219,0.75
Malawi,MW,Southern,L1MWI2085,1999,4.324928776,6.550972763,0.710288809,0.7
Malawi,MW,Southern,L1MWI2085,2000,1.468298727,0.0,0.0,0.0
Malawi,MW,Southern,L1MWI2085,2001,1.355602863,0.0,0.0,0.0
Malawi,MW,Southern,L1MWI2085,2002,3.9517083040000003,12.2159383,0.821627648,0.75
Malawi,MW,Southern,L1MWI2085,2003,3.34607375,27.009503079999998,0.564821237,0.0
Malawi,MW,Southern,L1MWI2085,2004,2.769967941,46.99982138,2.868876959,0.971934579
Malawi,MW,Southern,L1MWI2085,2005,1.713885919,12.13615023,2.134298272,0.84230118
Malawi,MW,Southern,L1MWI2085,2006,3.332627839,30.551203824999998,3.453742199,1.734283639
Malawi,MW,Southern,L1MWI2085,2007,5.020238179,46.60277289,5.004356628,2.058317137
Malawi,MW,Southern,L1MWI2085,2008,4.750699632,50.98371703,4.553130708,2.084627205
Malawi,MW,Southern,L1MWI2085,2009,5.914503528,39.39499138,5.279929169,2.077530833
Malawi,MW,Southern,L1MWI2085,2010,3.9586290159999997,41.686116717000004,3.907270063,0.941329395
Malawi,MW,Southern,L1MWI2085,2011,2.9555997740000004,47.43165911999999,5.201711552,0.0
Malawi,MW,Southern,L1MWI2085,2012,2.958872019,46.821537627,5.120305258,1.040540541
Malawi,MW,Southern,L1MWI2085,2013,3.657396875,54.885923299999995,6.301697603,0.996153846
Malawi,MW,Southern,L1MWI2085,2014,3.364245891,57.80268386,6.605504121,0.735682819
Malawi,MW,Southern,L1MWI2085,2015,3.433406805,56.84718195,6.261351813,0.743362832
Malawi,MW,Southern,L1MWI2085,2016,2.9705544379999997,58.10530963,5.956337608,0.628865979
Malawi,MW,Southern,L1MWI2085,2017,7.403216503,69.48982343,7.624739029000001,2.118105888
Malawi,MW,Southern,L1MWI2085,2018,5.5047411319999995,69.23907771,7.446126299,1.857659424
Malawi,MW,Southern,L1MWI2085,2019,8.407618263,76.84503486,8.095415473,0.551724138
Malawi,MW,Southern,L1MWI2085,2020,7.506406606,80.0074812,8.535726078,1.939320388
Malawi,MW,Southern,L1MWI2085,2021,5.913512151,32.43498168,3.809078049,0.0
Malawi,MW,Southern,L1MWI2085,2022,4.568473584,32.74547763,3.452462348,0.0
Malawi,MW,Southern,L1MWI2085,2023,2.870790598,23.91824104,2.8282886009999997,0.0
Malawi,MW,Southern,L1MWI2088,1999,1.950022872,0.0,0.0,0.0
Malawi,MW,Southern,L1MWI2088,2000,1.695892344,0.0,0.0,0.0
Malawi,MW,Southern,L1MWI2088,2001,0.956398398,0.0,0.0,0.0
Malawi,MW,Southern,L1MWI2088,2002,2.647796703,11.05792133,0.576493634,0.0
Malawi,MW,Southern,L1MWI2088,2003,2.548787193,20.944124618,0.576493634,0.0
Malawi,MW,Southern,L1MWI2088,2004,1.870520074,28.034369088,2.2259000980000003,1.36181555
Malawi,MW,Southern,L1MWI2088,2005,1.403683224,8.214730396,3.447860043,2.849505377
Malawi,MW,Southern,L1MWI2088,2006,2.804164941,30.94838135,2.60334486,1.045810598
Malawi,MW,Southern,L1MWI2088,2007,3.706163355,44.371432,3.17618327,2.184983683
Malawi,MW,Southern,L1MWI2088,2008,3.5087557879999998,45.87335718,3.2751494450000003,2.555990581
Malawi,MW,Southern,L1MWI2088,2009,4.900683767,52.47005943,3.078866811,2.679904908
Malawi,MW,Southern,L1MWI2088,2010,2.8702806880000002,48.36590746,2.956709671,1.63857179
Malawi,MW,Southern,L1MWI2088,2011,1.538595118,54.23323241,3.7004993400000004,2.387010101
Malawi,MW,Southern,L1MWI2088,2012,1.412003471,58.769268770000004,3.349170256,2.593187591
Malawi,MW,Southern,L1MWI2088,2013,1.625780764,64.31536861000001,4.053001722,2.874017242
Malawi,MW,Southern,L1MWI2088,2014,1.680490207,70.01729528,4.445434483,2.780775587
Malawi,MW,Southern,L1MWI2088,2015,3.394393313,74.18616048,4.706059788,1.832871763
Malawi,MW,Southern,L1MWI2088,2016,2.011754313,60.875516059999995,3.970652029,0.94016133
Malawi,MW,Southern,L1MWI2088,2017,5.475890397000001,70.24145678000001,5.29667203,1.2487113399999998
Malawi,MW,Southern,L1MWI2088,2018,5.032481015,67.90185412,6.185600952,1.067312741
Malawi,MW,Southern,L1MWI2088,2019,5.947286276,64.23953077,5.0021987160000005,0.544303797
Malawi,MW,Southern,L1MWI2088,2020,6.462240652,75.65414265999999,4.968247375,1.8970235039999999
Malawi,MW,Southern,L1MWI2088,2021,3.9070559300000003,29.18841882,2.1032127210000002,0.0
Malawi,MW,Southern,L1MWI2088,2022,3.083379084,29.3740726,2.263138557,0.0
Malawi,MW,Southern,L1MWI2088,2023,55.70363289,12.85300623,8.169622084,0.0
Malawi,MW,Southern,L1MWI2089,1983,0.6,1.981278539,0.303827751,0.292682927
Malawi,MW,Southern,L1MWI2089,1984,1.517808219,1.89435337,0.301749271,0.673076923
Malawi,MW,Southern,L1MWI2089,1985,1.572494888,2.0,0.35,0.6
Malawi,MW,Southern,L1MWI2089,1986,2.698968052,2.0,0.2,0.6
Malawi,MW,Southern,L1MWI2089,1987,2.7391325650000002,2.0,0.3,0.79338843
Malawi,MW,Southern,L1MWI2089,1988,3.052601696,1.811044938,0.429908676,0.739626556
Malawi,MW,Southern,L1MWI2089,1989,3.3720469179999997,2.375035063,0.445054945,0.809433962
Malawi,MW,Southern,L1MWI2089,1990,3.778880714,2.0,0.4,0.799591002
Malawi,MW,Southern,L1MWI2089,1991,3.622416199,2.0,0.3,0.911764706
Malawi,MW,Southern,L1MWI2089,1992,1.817314251,1.35,0.1,0.1002849
Malawi,MW,Southern,L1MWI2089,1993,3.641919926,2.3,0.839939789,0.859634551
Malawi,MW,Southern,L1MWI2089,1994,3.488292844,2.400759153,0.344971339,0.300859599
Malawi,MW,Southern,L1MWI2089,1995,3.1982770379999996,2.777963796,0.545921173,0.78343949
Malawi,MW,Southern,L1MWI2089,1996,4.056657101,4.110967742,0.611894687,0.916754478
Malawi,MW,Southern,L1MWI2089,1997,0.873526214,0.0,0.0,0.0
Malawi,MW,Southern,L1MWI2089,1998,2.8624397630000002,4.657851511,0.63147119,0.831627907
Malawi,MW,Southern,L1MWI2089,1999,6.006879503,4.4306442,0.743587732,0.847272727
Malawi,MW,Southern,L1MWI2089,2000,1.403080364,0.0,0.0,0.0
Malawi,MW,Southern,L1MWI2089,2001,1.028186902,0.0,0.0,0.0
Malawi,MW,Southern,L1MWI2089,2002,4.872228067,11.53948674,0.713189414,0.978687415
Malawi,MW,Southern,L1MWI2089,2003,5.139816007,22.234125442,0.754690604,1.22808642
Malawi,MW,Southern,L1MWI2089,2004,3.833299438,21.228433375999998,2.392133264,1.708953219
Malawi,MW,Southern,L1MWI2089,2005,2.1914993689999998,22.961885352000003,2.0825785850000003,0.0
Malawi,MW,Southern,L1MWI2089,2006,5.326017887,33.436561438,3.262640824,2.240210725
Malawi,MW,Southern,L1MWI2089,2007,12.496397022,34.77452471,3.518668372,1.826238358
Malawi,MW,Southern,L1MWI2089,2008,4.974176724,32.529281677,3.262571777,1.603709512
Malawi,MW,Southern,L1MWI2089,2009,5.35643387,35.605251418,3.411262824,1.701538719
Malawi,MW,Southern,L1MWI2089,2010,3.959417004,32.380303057,2.694820099,1.401526612
Malawi,MW,Southern,L1MWI2089,2011,1.111614688,19.64845231,2.806468715,0.683877253
Malawi,MW,Southern,L1MWI2089,2012,1.031065401,18.844586805,2.406725272,0.740139917
Malawi,MW,Southern,L1MWI2089,2013,1.1643306839999998,20.061200284999998,2.885574355,0.667676948
Malawi,MW,Southern,L1MWI2089,2014,1.19663955,21.379309357,2.955007308,0.71075349
Malawi,MW,Southern,L1MWI2089,2015,1.002412719,18.990582759,2.474357189,0.504539436
Malawi,MW,Southern,L1MWI2089,2016,0.90675231,17.880305507,1.7035649469999998,0.244847775
Malawi,MW,Southern,L1MWI2089,2017,4.5460256150000005,33.80221908,2.874116199,1.422107935
Malawi,MW,Southern,L1MWI2089,2018,3.479636067,31.308284309999998,2.702359608,0.971729097
Malawi,MW,Southern,L1MWI2089,2019,4.200644765,36.773598103,2.704375752,0.455306033
Malawi,MW,Southern,L1MWI2089,2020,3.4066078820000003,15.29540424,1.385909849,0.0
Malawi,MW,Southern,L1MWI2089,2021,3.938435713,15.5573213,1.600309854,0.0
Malawi,MW,Southern,L1MWI2089,2022,3.298324498,15.0619404,1.4882093220000001,0.0
Malawi,MW,Southern,L1MWI2089,2023,1.273741444,0.0,0.0,0.0
Malawi,MW,Northern,L1MWI2066,1983,1.8884222469999998,3.0,0.3,0.0
Malawi,MW,Northern,L1MWI2066,1984,2.93358562,3.0,0.45,0.0
Malawi,MW,Northern,L1MWI2066,1985,3.200423974,3.0,0.5,0.0
Malawi,MW,Northern,L1MWI2066,1986,2.060937892,3.5,0.5,0.0
Malawi,MW,Northern,L1MWI2066,1987,1.986710418,3.0,0.469047619,0.0
Malawi,MW,Northern,L1MWI2066,1988,2.041233965,3.0,0.4,0.0
Malawi,MW,Northern,L1MWI2066,1989,2.292853912,3.0,0.47311828,0.0
Malawi,MW,Northern,L1MWI2066,1990,1.880157767,3.519930676,0.398671096,0.0
Malawi,MW,Northern,L1MWI2066,1991,1.741337439,3.579824561,0.35097493,0.0
Malawi,MW,Northern,L1MWI2066,1992,1.144023168,3.788217748,0.353723404,0.0
Malawi,MW,Northern,L1MWI2066,1993,3.0585252769999998,4.238229093,0.427792916,0.0
Malawi,MW,Northern,L1MWI2066,1994,2.791309333,3.895734597,0.162995595,0.0
Malawi,MW,Northern,L1MWI2066,1995,4.562438014,3.271352313,0.164383562,0.0
Malawi,MW,Northern,L1MWI2066,1996,3.983790334,4.0,0.312588402,0.0
Malawi,MW,Northern,L1MWI2066,1997,0.893825904,0.0,0.0,0.0
Malawi,MW,Northern,L1MWI2066,1998,3.89081389,5.631325301,0.637762238,0.0
Malawi,MW,Northern,L1MWI2066,1999,4.066249668999999,6.475899743,0.640625,0.0
Malawi,MW,Northern,L1MWI2066,2000,1.462732074,0.0,0.0,0.0
Malawi,MW,Northern,L1MWI2066,2001,0.861406825,0.0,0.0,0.0
Malawi,MW,Northern,L1MWI2066,2002,3.046974273,18.19329945,0.80147929,0.0
Malawi,MW,Northern,L1MWI2066,2003,3.260119415,29.60045783,0.864071671,0.0
Malawi,MW,Northern,L1MWI2066,2004,3.633442174,33.989732771999996,2.549944315,2.024712948
Malawi,MW,Northern,L1MWI2066,2005,3.058873797,29.485502235000002,2.336317073,1.6135275119999999
Malawi,MW,Northern,L1MWI2066,2006,4.131743356,34.934987262,2.629550344,2.002209238
Malawi,MW,Northern,L1MWI2066,2007,3.953493817,39.92728404,2.7365700779999997,1.269794481
Malawi,MW,Northern,L1MWI2066,2008,4.951130533000001,50.07351681,3.13813752,2.266890601
Malawi,MW,Northern,L1MWI2066,2009,5.663798856,46.09219198,3.5122622189999997,2.429517264
Malawi,MW,Northern,L1MWI2066,2010,5.792562266,48.01085926,3.771296076,1.460480133
Malawi,MW,Northern,L1MWI2066,2011,3.025238336,50.93169628,4.022125734,1.159620673
Malawi,MW,Northern,L1MWI2066,2012,3.0839682440000002,52.84878475000001,4.240315622,0.470580645
Malawi,MW,Northern,L1MWI2066,2013,2.919680091,54.50608491999999,4.320322644,0.5028288089999999
Malawi,MW,Northern,L1MWI2066,2014,3.106762998,55.6269489,4.2329939659999996,0.521177188
Malawi,MW,Northern,L1MWI2066,2015,2.910702515,53.04958622,3.763827657,1.02
Malawi,MW,Northern,L1MWI2066,2016,2.979433171,55.47204887,3.94898214,0.020000046
Malawi,MW,Northern,L1MWI2066,2017,6.412346064,57.03796151,4.219362443,3.5025966659999996
Malawi,MW,Northern,L1MWI2066,2018,6.216952855000001,57.24277689,3.378528595,1.516032563
Malawi,MW,Northern,L1MWI2066,2019,5.377313236,58.309936930000006,3.852520401,0.002499893
Malawi,MW,Northern,L1MWI2066,2020,7.754138808,60.28906485,4.509176682,1.517632701
Malawi,MW,Northern,L1MWI2066,2021,5.255934113,26.43478817,3.492830732,0.0
Malawi,MW,Northern,L1MWI2066,2022,3.086379794,26.02190983,3.257763605,0.0
Malawi,MW,Northern,L1MWI2066,2023,4.290408469,26.39876543,3.452496104,0.0
Malawi,MW,Northern,L1MWI2069,1983,1.752430366,4.0,0.352564103,1.0
Malawi,MW,Northern,L1MWI2069,1984,2.201670146,4.0,0.348894349,0.899159664
Malawi,MW,Northern,L1MWI2069,1985,2.1026625169999997,4.0,0.35,0.8
Malawi,MW,Northern,L1MWI2069,1986,4.843670341999999,4.861111111,0.4,1.0
Malawi,MW,Northern,L1MWI2069,1987,4.7393338190000005,3.5,0.4,0.900127226
Malawi,MW,Northern,L1MWI2069,1988,4.086228236,1.0,0.3997669,0.798988622
Malawi,MW,Northern,L1MWI2069,1989,4.9512507370000005,0.949985461,0.376146789,1.0
Malawi,MW,Northern,L1MWI2069,1990,4.672599055,1.8,0.34,0.900178253
Malawi,MW,Northern,L1MWI2069,1991,4.745119119,2.0,0.399789584,1.2
Malawi,MW,Northern,L1MWI2069,1992,2.938425099,1.841033179,0.247080516,0.528244788
Malawi,MW,Northern,L1MWI2069,1993,5.187109812,3.0,0.45117076,1.19992484
Malawi,MW,Northern,L1MWI2069,1994,4.541745813,3.150051177,0.5,0.879166667
Malawi,MW,Northern,L1MWI2069,1995,5.14764555,3.238304808,0.522043011,0.927030457
Malawi,MW,Northern,L1MWI2069,1996,5.478289157,4.867979003,0.574827586,1.22280419
Malawi,MW,Northern,L1MWI2069,1997,0.351974661,0.0,0.0,0.0
Malawi,MW,Northern,L1MWI2069,1998,4.3543706360000005,3.54492573,0.509865005,1.223398329
Malawi,MW,Northern,L1MWI2069,1999,4.609706456,4.047993168,0.521945433,1.211282051
Malawi,MW,Northern,L1MWI2069,2000,1.004746718,0.0,0.0,0.0
Malawi,MW,Northern,L1MWI2069,2001,1.301797183,0.0,0.0,0.0
Malawi,MW,Northern,L1MWI2069,2002,3.81616875,17.57809411,0.709871589,1.454935622
Malawi,MW,Northern,L1MWI2069,2003,4.798964442,34.94461512,0.791164659,1.459396752
Malawi,MW,Northern,L1MWI2069,2004,3.5740424060000002,31.086178689999997,1.802670166,2.329461334
Malawi,MW,Northern,L1MWI2069,2005,3.80771847,28.551656360000003,1.432383205,2.026619593
Malawi,MW,Northern,L1MWI2069,2006,4.711593154,32.40602015,3.113272278,2.23388116
Malawi,MW,Northern,L1MWI2069,2007,4.766525302,47.83553628,2.898219334,2.115259673
Malawi,MW,Northern,L1MWI2069,2008,5.609826806,38.70452172,3.438016173,2.258768838
Malawi,MW,Northern,L1MWI2069,2009,6.659774272,40.479282780000005,3.476965447,2.340258092
Malawi,MW,Northern,L1MWI2069,2010,6.3168634,39.38257994,3.583423389,2.0560402040000003
Malawi,MW,Northern,L1MWI2069,2011,1.635089209,42.429247110000006,2.7296181699999997,2.202418349
Malawi,MW,Northern,L1MWI2069,2012,1.6571428570000002,42.140374179999995,2.73656763,2.048200777
Malawi,MW,Northern,L1MWI2069,2013,1.7642387739999998,43.29272154,2.996121755,2.2822903109999997
Malawi,MW,Northern,L1MWI2069,2014,1.514629542,42.71908933,2.4030691660000003,1.88353981
Malawi,MW,Northern,L1MWI2069,2015,1.670524691,39.49575567,2.272524307,2.088578381
Malawi,MW,Northern,L1MWI2069,2016,1.77563312,43.00137163,2.43410444,2.113931696
Malawi,MW,Northern,L1MWI2069,2017,5.354006815,44.9627131,3.745335883,2.005264705
Malawi,MW,Northern,L1MWI2069,2018,6.226902781,44.979879839999995,3.786685265,2.273369026
Malawi,MW,Northern,L1MWI2069,2019,5.14242222,45.21476171,3.849777355,1.280480101
Malawi,MW,Northern,L1MWI2069,2020,6.109379166,53.44855288,3.839521611,2.764037301
Malawi,MW,Northern,L1MWI2069,2021,6.223352732,30.11613664,2.382548931,0.0
Malawi,MW,Northern,L1MWI2069,2022,5.392792577,28.45587154,2.3101636500000002,0.0
Malawi,MW,Northern,L1MWI2069,2023,1.819346657,26.72575193,2.129062535,0.0
Malawi,MW,Northern,L1MWI2071,1984,1.165079365,0.0,0.0,0.0
Malawi,MW,Northern,L1MWI2071,1985,1.062676599,0.0,0.0,0.0
Malawi,MW,Northern,L1MWI2071,1986,1.064447403,0.0,0.0,0.0
Malawi,MW,Northern,L1MWI2071,1987,1.079115479,0.0,0.0,0.0
Malawi,MW,Northern,L1MWI2071,1988,1.273953488,0.0,0.0,0.0
Malawi,MW,Northern,L1MWI2071,1989,1.001234568,0.0,0.0,0.0
Malawi,MW,Northern,L1MWI2071,1990,0.931506849,0.0,0.0,0.0
Malawi,MW,Northern,L1MWI2071,1992,0.775683568,0.0,0.0,0.0
Malawi,MW,Northern,L1MWI2071,1993,1.088296112,0.0,0.0,0.0
Malawi,MW,Northern,L1MWI2071,1994,0.937977528,0.0,0.0,0.0
Malawi,MW,Northern,L1MWI2071,1995,1.324383965,0.0,0.0,0.0
Malawi,MW,Northern,L1MWI2071,1996,1.488831337,0.0,0.0,0.0
Malawi,MW,Northern,L1MWI2071,1997,1.550020142,0.0,0.0,0.0
Malawi,MW,Northern,L1MWI2071,2004,2.522894737,13.54285714,0.5,0.0
Malawi,MW,Northern,L1MWI2071,2005,3.863,22.28285714,1.283,0.0
Malawi,MW,Northern,L1MWI2071,2006,3.421568627,24.96969697,0.833333333,0.0
Malawi,MW,Northern,L1MWI2071,2007,3.0416666670000003,28.95714286,1.65,0.0
Malawi,MW,Northern,L1MWI2071,2008,3.616666667,30.0,2.1,0.0
Malawi,MW,Northern,L1MWI2071,2009,3.7117117109999995,31.3627451,2.5,0.0
Malawi,MW,Northern,L1MWI2071,2010,3.470948012,32.618181820000004,1.6300000000000001,0.0
Malawi,MW,Northern,L1MWI2071,2011,1.327,29.896,2.0,0.0
Malawi,MW,Northern,L1MWI2071,2012,1.0,30.49275362,1.175,0.0
Malawi,MW,Northern,L1MWI2071,2013,0.666666667,29.12162162,1.25,0.0
Malawi,MW,Northern,L1MWI2071,2014,1.875,29.68666667,1.335714285,0.0
Malawi,MW,Northern,L1MWI2071,2015,1.4,9.0,1.821428571,0.0
Malawi,MW,Northern,L1MWI2071,2016,1.25,29.72423026,1.52875,0.0
Malawi,MW,Northern,L1MWI2071,2017,3.142307692,29.02173913,1.4791666669999999,0.0
Malawi,MW,Northern,L1MWI2071,2018,3.283458647,28.368421052,1.39375,0.0
Malawi,MW,Northern,L1MWI2071,2019,3.5933333330000004,19.03125,2.6,0.0
Malawi,MW,Northern,L1MWI2071,2020,4.031007752,32.30128205,3.0507936509999998,0.0
Malawi,MW,Northern,L1MWI2071,2021,4.368055555,21.01904762,2.671428571,0.0
Malawi,MW,Northern,L1MWI2071,2022,2.223021583,21.16037736,2.0,0.0
Malawi,MW,Northern,L1MWI2071,2023,4.698529412,21.55045872,2.0,0.0
Malawi,MW,Northern,L1MWI2078,1983,0.513107722,2.101485149,0.353710326,0.0
Malawi,MW,Northern,L1MWI2078,1984,1.939951715,2.284444444,0.366431452,0.0
Malawi,MW,Northern,L1MWI2078,1985,1.588332007,2.302697303,0.3798663,0.0
Malawi,MW,Northern,L1MWI2078,1986,1.6208144230000001,2.326491341,0.414685023,0.0
Malawi,MW,Northern,L1MWI2078,1987,1.4812892789999998,3.003144654,0.463694671,0.0
Malawi,MW,Northern,L1MWI2078,1988,1.7521228610000001,2.674392936,0.389948187,0.0
Malawi,MW,Northern,L1MWI2078,1989,1.5514794809999999,2.681045209,0.400106743,0.0
Malawi,MW,Northern,L1MWI2078,1990,1.640392019,2.687554395,0.374824783,0.0
Malawi,MW,Northern,L1MWI2078,1991,1.651668335,3.134113411,0.4,0.0
Malawi,MW,Northern,L1MWI2078,1992,1.316349392,1.952209661,0.299937513,0.0
Malawi,MW,Northern,L1MWI2078,1993,1.936983418,2.494871795,0.35,0.0
Malawi,MW,Northern,L1MWI2078,1994,1.437170273,4.092105263,0.282750077,0.0
Malawi,MW,Northern,L1MWI2078,1995,2.742292353,4.240310078,0.31631068,0.0
Malawi,MW,Northern,L1MWI2078,1996,2.883019803,4.348093955,0.399377916,0.0
Malawi,MW,Northern,L1MWI2078,1997,0.971983247,0.0,0.0,0.0
Malawi,MW,Northern,L1MWI2078,1998,4.485082215,5.573154362,0.652749109,0.428571429
Malawi,MW,Northern,L1MWI2078,1999,4.609370278,5.776176537,0.646334594,0.0
Malawi,MW,Northern,L1MWI2078,2000,1.503753944,0.0,0.0,0.0
Malawi,MW,Northern,L1MWI2078,2001,1.014640162,0.0,0.0,0.0
Malawi,MW,Northern,L1MWI2078,2002,2.038157419,18.52526829,0.72350856,0.0
Malawi,MW,Northern,L1MWI2078,2003,2.381057913,36.10645389,0.91467027,0.61899177
Malawi,MW,Northern,L1MWI2078,2004,2.483759629,31.667716642000002,0.63168752,1.547842895
Malawi,MW,Northern,L1MWI2078,2005,2.229924392,41.648044670000004,2.334904033,1.56270624
Malawi,MW,Northern,L1MWI2078,2006,4.057547902,43.25809112,2.6960017260000004,2.831525456
Malawi,MW,Northern,L1MWI2078,2007,2.917697207,46.08509025,2.242035928,1.34154751
Malawi,MW,Northern,L1MWI2078,2008,3.272918099,44.42065977,2.7854724959999997,2.8008616899999996
Malawi,MW,Northern,L1MWI2078,2009,3.9531085729999997,47.79689184,3.062325419,2.764854778
Malawi,MW,Northern,L1MWI2078,2010,3.634304909,45.48108523,2.966901874,1.6701644669999998
Malawi,MW,Northern,L1MWI2078,2011,0.755531858,25.73242442,3.050099276,0.6163838349999999
Malawi,MW,Northern,L1MWI2078,2012,0.782968114,26.526242,2.30048806,0.7061912730000001
Malawi,MW,Northern,L1MWI2078,2013,0.707891247,25.31292,2.9299558059999997,0.657444908
Malawi,MW,Northern,L1MWI2078,2014,0.710372474,27.77244252,2.259555955,1.655837274
Malawi,MW,Northern,L1MWI2078,2015,0.636931383,25.75721869,2.0769949070000004,1.5486611080000001
Malawi,MW,Northern,L1MWI2078,2016,0.614100454,24.52816646,2.624979751,0.656131534
Malawi,MW,Northern,L1MWI2078,2017,2.898946789,46.82011817,3.01702227,1.490396359
Malawi,MW,Northern,L1MWI2078,2018,2.8473229719999997,45.60888539,2.478879398,1.7101963800000002
Malawi,MW,Northern,L1MWI2078,2019,2.314942603,21.64981741,2.0782472700000003,0.0
Malawi,MW,Northern,L1MWI2078,2020,3.740015672,50.090782100000006,3.051977041,0.356881835
Malawi,MW,Northern,L1MWI2078,2021,2.775901224,22.51441107,2.317132027,0.0
Malawi,MW,Northern,L1MWI2078,2022,2.56000362,22.2373013,2.215868054,0.0
Malawi,MW,Northern,L1MWI2078,2023,2.504541875,23.57611062,2.259905222,0.0
Malawi,MW,Northern,L1MWI2080,1984,1.165079365,0.0,0.0,0.0
Malawi,MW,Northern,L1MWI2080,1985,1.062676599,0.0,0.0,0.0
Malawi,MW,Northern,L1MWI2080,1986,1.064447403,0.0,0.0,0.0
Malawi,MW,Northern,L1MWI2080,1987,1.079115479,0.0,0.0,0.0
Malawi,MW,Northern,L1MWI2080,1988,1.273953488,0.0,0.0,0.0
Malawi,MW,Northern,L1MWI2080,1989,1.001234568,0.0,0.0,0.0
Malawi,MW,Northern,L1MWI2080,1990,0.931506849,0.0,0.0,0.0
Malawi,MW,Northern,L1MWI2080,1992,0.775683568,0.0,0.0,0.0
Malawi,MW,Northern,L1MWI2080,1993,1.088296112,0.0,0.0,0.0
Malawi,MW,Northern,L1MWI2080,1994,0.937977528,0.0,0.0,0.0
Malawi,MW,Northern,L1MWI2080,1995,1.324383965,0.0,0.0,0.0
Malawi,MW,Northern,L1MWI2080,1996,1.488831337,0.0,0.0,0.0
Malawi,MW,Northern,L1MWI2080,1997,1.550020142,0.0,0.0,0.0
Malawi,MW,Northern,L1MWI2080,1998,1.471419396,0.0,0.0,0.0
Malawi,MW,Northern,L1MWI2080,1999,2.094975845,0.0,0.0,0.0
Malawi,MW,Northern,L1MWI2080,2000,2.069300069,0.0,0.0,0.0
Malawi,MW,Northern,L1MWI2080,2001,1.836925795,0.0,0.0,0.0
Malawi,MW,Northern,L1MWI2080,2002,1.191474538,0.0,0.0,0.0
Malawi,MW,Northern,L1MWI2080,2003,1.322256069,16.88627331,0.0,0.0
Malawi,MW,Northern,L1MWI2080,2004,4.081287093,36.004395329999994,2.802282493,0.77354
Malawi,MW,Northern,L1MWI2080,2005,4.197737439,33.97858718,2.688954481,0.001001151
Malawi,MW,Northern,L1MWI2080,2006,5.63702951,53.92254186,3.1424819250000002,2.045532417
Malawi,MW,Northern,L1MWI2080,2007,6.328903159,46.35035183,3.552252407,1.09662533
Malawi,MW,Northern,L1MWI2080,2008,5.965794657,57.80987283,3.818534641,2.176381387
Malawi,MW,Northern,L1MWI2080,2009,6.583950668,60.64528372000001,3.925348979,2.423288554
Malawi,MW,Northern,L1MWI2080,2010,6.158638857,61.11689002999999,4.05807481,1.183574099
Malawi,MW,Northern,L1MWI2080,2011,1.083495146,62.28414009,4.236353265,0.000985898
Malawi,MW,Northern,L1MWI2080,2012,0.996485062,64.31934884,4.193870162,0.00100253
Malawi,MW,Northern,L1MWI2080,2013,1.035273369,63.7706927,4.252121271,0.001002472
Malawi,MW,Northern,L1MWI2080,2014,1.120481928,66.32545372999999,4.2695478940000005,0.000959514
Malawi,MW,Northern,L1MWI2080,2015,1.037225042,53.825937360000005,3.6312746669999996,0.001000638
Malawi,MW,Northern,L1MWI2080,2016,0.955403087,53.98051835,5.785575755,0.001013032
Malawi,MW,Northern,L1MWI2080,2017,4.371337903000001,55.67645948,3.703350767,1.961904762
Malawi,MW,Northern,L1MWI2080,2018,4.358801106,57.17340646,2.792248727,0.991986098
Malawi,MW,Northern,L1MWI2080,2019,3.7660978050000002,27.1621859,2.41768702,0.0
Malawi,MW,Northern,L1MWI2080,2020,4.665526398,58.056316980000005,3.838359372,1.1048065550000001
Malawi,MW,Northern,L1MWI2080,2021,4.124894028,27.64196389,2.5112974599999998,0.0
Malawi,MW,Northern,L1MWI2080,2022,4.198471554,28.02648432,2.5843099680000003,0.0
Malawi,MW,Northern,L1MWI2080,2023,4.104455722,28.53391002,2.354054535,0.0
Malawi,MW,Northern,L1MWI2086,1983,0.506833594,2.435267857,0.517060367,0.625
Malawi,MW,Northern,L1MWI2086,1984,2.164488054,2.948795181,0.496,0.632258065
Malawi,MW,Northern,L1MWI2086,1985,1.954655588,2.037414966,0.488311688,0.949640288
Malawi,MW,Northern,L1MWI2086,1986,2.5394452769999996,2.510892481,0.460496614,0.658536585
Malawi,MW,Northern,L1MWI2086,1987,2.226412101,2.225631769,0.419225634,0.62962963
Malawi,MW,Northern,L1MWI2086,1988,2.502300524,1.925039872,0.4,0.70212766
Malawi,MW,Northern,L1MWI2086,1989,2.537277077,2.2,0.399843505,0.696969697
Malawi,MW,Northern,L1MWI2086,1990,2.7961548780000003,2.716831683,0.363849765,0.641025641
Malawi,MW,Northern,L1MWI2086,1991,1.813484359,3.0,0.0,0.722222222
Malawi,MW,Northern,L1MWI2086,1992,1.48771107,2.221526909,0.300571429,0.595238095
Malawi,MW,Northern,L1MWI2086,1993,3.098418034,2.539559014,0.4,0.657142857
Malawi,MW,Northern,L1MWI2086,1994,1.9303048950000001,4.470262794,0.219298246,0.545454545
Malawi,MW,Northern,L1MWI2086,1995,3.085750829,5.902192982,0.29321315,0.666666667
Malawi,MW,Northern,L1MWI2086,1996,4.125979179,5.152249135,0.452439024,0.555555556
Malawi,MW,Northern,L1MWI2086,1997,1.525833129,7.327254805,0.0,0.0
Malawi,MW,Northern,L1MWI2086,1998,3.993419019,7.327254805,0.730463576,0.0
Malawi,MW,Northern,L1MWI2086,1999,4.141109458,7.104564315,0.843335931,0.0
Malawi,MW,Northern,L1MWI2086,2000,1.996738163,0.0,0.0,0.0
Malawi,MW,Northern,L1MWI2086,2001,1.539949559,0.0,0.0,0.0
Malawi,MW,Northern,L1MWI2086,2002,2.604794879,23.7793501,1.044468547,0.0
Malawi,MW,Northern,L1MWI2086,2003,3.665576048,39.83377901,1.168046761,1.262894737
Malawi,MW,Northern,L1MWI2086,2004,3.018143788,18.14069507,1.256913152,1.918213128
Malawi,MW,Northern,L1MWI2086,2005,2.310571291,21.27522422,1.4627762249999998,1.044052974
Malawi,MW,Northern,L1MWI2086,2006,4.179891542,52.237377020000004,3.441587862,3.3818677690000003
Malawi,MW,Northern,L1MWI2086,2007,2.830509734,0.0,2.138001177,0.0
Malawi,MW,Northern,L1MWI2086,2008,4.567531085000001,53.627471560000004,4.278432211,2.375232864
Malawi,MW,Northern,L1MWI2086,2009,5.438426016999999,44.92551484,4.253416516,2.4803622819999998
Malawi,MW,Northern,L1MWI2086,2010,4.641955074,44.64213228,4.04894681,1.372153554
Malawi,MW,Northern,L1MWI2086,2011,2.013289037,46.04433943,4.252179172,0.001114063
Malawi,MW,Northern,L1MWI2086,2012,1.72697827,45.5611875,2.8601338309999997,0.7238168100000001
Malawi,MW,Northern,L1MWI2086,2013,2.0856842650000003,43.19829861,3.9857984810000002,0.500907416
Malawi,MW,Northern,L1MWI2086,2014,2.072735079,42.264541560000005,4.20146965,1.00079739
Malawi,MW,Northern,L1MWI2086,2015,1.79524586,38.87172826,3.34210772,1.748750798
Malawi,MW,Northern,L1MWI2086,2016,1.579566004,39.597304749,3.1776262959999997,1.359941422
Malawi,MW,Northern,L1MWI2086,2017,4.214017236,44.4627745,3.618540582,2.5125458590000003
Malawi,MW,Northern,L1MWI2086,2018,4.194405537,46.322544730000004,3.3157986939999997,3.5411079389999998
Malawi,MW,Northern,L1MWI2086,2019,3.639892688,20.51017988,2.770584704,0.0
Malawi,MW,Northern,L1MWI2086,2020,4.511675969,50.36196523,4.533099484,1.418876545
Malawi,MW,Northern,L1MWI2086,2021,4.421295545,20.829274,3.22004659,0.0
Malawi,MW,Northern,L1MWI2086,2022,4.01059588,21.16867749,3.131997525,0.0
Malawi,MW,Northern,L1MWI2086,2023,3.937834702,21.57975746,3.284482985,0.0
Malawi,MWI,Balaka,L1MWI2062,2011,1.003333663,0.0,0.622820401,0.0
Malawi,MWI,Balaka,L1MWI2062,2012,0.607311571,0.0,0.526180808,0.0
Malawi,MWI,Balaka,L1MWI2062,2013,1.341161463,0.0,0.639159098,0.0
Malawi,MWI,Balaka,L1MWI2062,2014,1.334660767,0.0,0.611793988,0.0
Malawi,MWI,Balaka,L1MWI2062,2015,0.612583769,0.0,0.551443884,0.0
Malawi,MWI,Balaka,L1MWI2062,2016,0.360886566,0.0,0.499060211,0.0
Malawi,MWI,Blantyre,L1MWI2063,2011,3.209167472,13.70910314,2.024221297,0.834598958
Malawi,MWI,Blantyre,L1MWI2063,2012,2.41795009,18.1047481,1.813590946,0.718699115
Malawi,MWI,Blantyre,L1MWI2063,2013,3.383370168,19.71151814,2.131992912,0.833632258
Malawi,MWI,Blantyre,L1MWI2063,2014,3.4974303079999998,19.23883848,2.2137763660000003,1.021269006
Malawi,MWI,Blantyre,L1MWI2063,2015,3.129576634,20.51236619,2.185427024,1.052588235
Malawi,MWI,Blantyre,L1MWI2063,2016,2.099247453,20.08935361,1.885160374,687.6333333
Malawi,MWI,Chikwawa,L1MWI2064,2011,2.99206418,0.0,0.614033572,0.0
Malawi,MWI,Chikwawa,L1MWI2064,2012,3.557205789,0.0,0.757523752,0.0
Malawi,MWI,Chikwawa,L1MWI2064,2013,3.6558550419999998,0.0,0.743380661,0.0
Malawi,MWI,Chikwawa,L1MWI2064,2014,4.080349872,0.0,0.798055963,0.0
Malawi,MWI,Chikwawa,L1MWI2064,2015,3.6258653780000003,0.0,0.902190735,0.0
Malawi,MWI,Chikwawa,L1MWI2064,2016,2.041158874,14.99159664,0.5915361880000001,0.0
Malawi,MWI,Chiradzulu,L1MWI2065,2011,1.706678219,0.0,0.862260631,0.0
Malawi,MWI,Chiradzulu,L1MWI2065,2012,1.657646339,0.0,0.929044076,0.0
Malawi,MWI,Chiradzulu,L1MWI2065,2013,2.193978267,0.0,1.04381488,0.0
Malawi,MWI,Chiradzulu,L1MWI2065,2014,2.059112997,0.0,1.049465564,0.0
Malawi,MWI,Chiradzulu,L1MWI2065,2015,1.243040253,0.0,1.157804575,0.0
Malawi,MWI,Chiradzulu,L1MWI2065,2016,1.10056578,0.0,1.155805341,0.0
Malawi,MWI,Chitipa,L1MWI2066,2011,3.094713048,0.0,0.87507699,0.000907084
Malawi,MWI,Chitipa,L1MWI2066,2012,1.0,0.0,0.912739902,1.485694258
Malawi,MWI,Chitipa,L1MWI2066,2013,3.248325717,0.0,0.969000157,1.50663527
Malawi,MWI,Chitipa,L1MWI2066,2014,3.397643676,0.0,0.794796862,1.508259259
Malawi,MWI,Chitipa,L1MWI2066,2015,2.975767544,0.0,0.770660421,1.411036957
Malawi,MWI,Chitipa,L1MWI2066,2016,2.881613491,0.0,0.803541517,1471.00149
Malawi,MWI,Dedza,L1MWI2067,2011,5.158386001,19.1189219,0.575945048,1.064425491
Malawi,MWI,Dedza,L1MWI2067,2012,4.823188246,19.35472287,0.575980419,0.964376812
Malawi,MWI,Dedza,L1MWI2067,2013,3.4384138,17.86879132,0.537043407,0.963735741
Malawi,MWI,Dedza,L1MWI2067,2014,4.10199731,19.06577258,0.60589314,1.048561572
Malawi,MWI,Dedza,L1MWI2067,2015,3.642579187,0.0,0.550279298,0.925530473
Malawi,MWI,Dedza,L1MWI2067,2016,3.147115863,0.0,0.515018204,837.5391111
Malawi,MWI,Dowa,L1MWI2068,2012,2.510292768,0.0,0.651371731,0.962721404
Malawi,MWI,Dowa,L1MWI2068,2013,1.956253739,0.0,0.682123341,0.889728276
Malawi,MWI,Dowa,L1MWI2068,2014,2.099150371,12.12317795,0.663851351,0.0
Malawi,MWI,Dowa,L1MWI2068,2015,1.64566429,22.36349841,0.44486892,0.875399947
Malawi,MWI,Dowa,L1MWI2068,2016,1.439172812,21.47451799,0.369931131,925.9252581
Malawi,MWI,Karonga,L1MWI2069,2011,5.249258575,0.0,1.565224387,0.0
Malawi,MWI,Karonga,L1MWI2069,2012,4.529342633,0.0,1.507424593,0.0
Malawi,MWI,Karonga,L1MWI2069,2013,5.180716279,0.0,1.6641147840000001,0.0
Malawi,MWI,Karonga,L1MWI2069,2014,4.241502049,0.0,1.350984786,0.0
Malawi,MWI,Karonga,L1MWI2069,2015,3.995922651,0.0,1.319849406,0.0
Malawi,MWI,Karonga,L1MWI2069,2016,4.46396928,0.0,1.473130785,0.0
Malawi,MWI,Kasungu,L1MWI2070,2011,2.809138897,21.94117647,1.485637253,1.063213479
Malawi,MWI,Kasungu,L1MWI2070,2012,2.577283984,23.91632638,1.645941705,0.933196233
Malawi,MWI,Kasungu,L1MWI2070,2013,2.349431197,24.23565154,1.5054916239999998,1.01414082
Malawi,MWI,Kasungu,L1MWI2070,2014,2.260513841,0.0,1.156595257,1.359229154
Malawi,MWI,Kasungu,L1MWI2070,2015,1.8771078,24.06526703,1.333587285,0.903453467
Malawi,MWI,Kasungu,L1MWI2070,2016,1.54409432,23.28580328,1.270797955,827.3859128
Malawi,MWI,Likoma,L1MWI2071,2011,2.199677596,0.0,0.490909091,0.0
Malawi,MWI,Likoma,L1MWI2071,2012,1.98265896,0.0,0.385714286,0.0
Malawi,MWI,Likoma,L1MWI2071,2013,1.786111111,0.0,0.368421053,0.0
Malawi,MWI,Likoma,L1MWI2071,2014,1.880107527,0.0,0.418181818,0.0
Malawi,MWI,Likoma,L1MWI2071,2015,1.845860566,21.1037234,0.376033058,0.0
Malawi,MWI,Likoma,L1MWI2071,2016,1.686170213,0.0,0.36,0.0
Malawi,MWI,Lilongwe,L1MWI2072,2011,4.212185058999999,16.25537878,1.9579301660000001,1.163427364
Malawi,MWI,Lilongwe,L1MWI2072,2012,4.069620399,16.61925102,2.0540542999999998,1.09540012
Malawi,MWI,Lilongwe,L1MWI2072,2013,4.232424315,19.10024303,2.338152214,1.268894567
Malawi,MWI,Lilongwe,L1MWI2072,2014,0.0,19.79614966,0.81902058,0.0
Malawi,MWI,Lilongwe,L1MWI2072,2015,3.0084243440000003,10.89462602,1.8314927490000001,0.0
Malawi,MWI,Lilongwe,L1MWI2072,2016,2.548901987,17.80513542,1.56709601,1122.580693
Malawi,MWI,Machinga,L1MWI2073,2011,2.9854640569999997,0.0,0.668961457,0.0
Malawi,MWI,Machinga,L1MWI2073,2012,2.389235676,0.0,0.638112097,0.927759091
Malawi,MWI,Machinga,L1MWI2073,2013,2.5052797,0.0,0.709167665,1.037291695
Malawi,MWI,Machinga,L1MWI2073,2014,2.794631679,0.0,0.754573912,0.0
Malawi,MWI,Machinga,L1MWI2073,2015,1.8290493900000002,0.0,0.702286161,0.891493293
Malawi,MWI,Machinga,L1MWI2073,2016,1.017361603,0.0,0.62040054,610.1945854
Malawi,MWI,Mangochi,L1MWI2074,2011,1.402260595,0.0,0.576016809,0.886130445
Malawi,MWI,Mangochi,L1MWI2074,2012,1.212011498,0.0,0.606528932,0.792307256
Malawi,MWI,Mangochi,L1MWI2074,2013,1.309000342,0.0,0.595354173,1.096970868
Malawi,MWI,Mangochi,L1MWI2074,2014,1.587729987,0.0,0.628372954,1.107927513
Malawi,MWI,Mangochi,L1MWI2074,2015,0.730920838,0.0,0.528103633,0.799170584
Malawi,MWI,Mangochi,L1MWI2074,2016,0.442174904,0.0,0.485586004,625.7346749
Malawi,MWI,Mchinji,L1MWI2075,2012,4.704662594,25.52037351,2.2602437330000003,1.060650073
Malawi,MWI,Mchinji,L1MWI2075,2013,2.545096195,27.14027019,2.270760836,1.263582611
Malawi,MWI,Mchinji,L1MWI2075,2014,0.0,0.0,1.118737704,0.0
Malawi,MWI,Mchinji,L1MWI2075,2015,1.716260744,25.04432133,1.51016824,1.054640558
Malawi,MWI,Mchinji,L1MWI2075,2016,1.867169518,25.62968427,1.688302371,1160.87604
Malawi,MWI,Mulanje,L1MWI2076,2011,2.591730229,0.0,1.117331745,1.217415087
Malawi,MWI,Mulanje,L1MWI2076,2012,1.831086842,0.0,1.166501503,1.032840708
Malawi,MWI,Mulanje,L1MWI2076,2013,2.616149505,0.0,1.352414605,1.187020492
Malawi,MWI,Mulanje,L1MWI2076,2014,2.437546735,0.0,1.491346901,1.230182336
Malawi,MWI,Mulanje,L1MWI2076,2015,1.405709992,0.0,1.483046502,1.054346154
Malawi,MWI,Mulanje,L1MWI2076,2016,1.015089855,0.0,1.566298772,0.0
Malawi,MWI,Mwanza,L1MWI2077,2011,2.086027422,0.0,1.178771211,0.0
Malawi,MWI,Mwanza,L1MWI2077,2012,1.97907585,0.0,1.245504059,0.0
Malawi,MWI,Mwanza,L1MWI2077,2013,2.654083029,0.0,1.468359281,0.0
Malawi,MWI,Mwanza,L1MWI2077,2014,2.471437951,0.0,1.556303606,0.0
Malawi,MWI,Mwanza,L1MWI2077,2015,1.846861194,0.0,1.631079061,0.0
Malawi,MWI,Mwanza,L1MWI2077,2016,0.963663589,0.0,1.727681439,0.0
Malawi,MWI,Mzimba,L1MWI2078,2011,3.115850719,21.38944787,0.563315308,0.99255492
Malawi,MWI,Mzimba,L1MWI2078,2012,2.982675675,21.36890215,1.490388088,0.997776811
Malawi,MWI,Mzimba,L1MWI2078,2013,2.385733319,21.02273947,0.566805114,1.00917196
Malawi,MWI,Mzimba,L1MWI2078,2014,2.718418216,21.46000808,1.3659620399999999,0.0
Malawi,MWI,Mzimba,L1MWI2078,2015,2.091105769,19.38533111,1.196262077,0.0
Malawi,MWI,Mzimba,L1MWI2078,2016,1.900465715,20.30107763,0.439168894,911.4490102
Malawi,MWI,Neno,L1MWI2079,2011,1.524365241,0.0,1.058006266,0.0
Malawi,MWI,Neno,L1MWI2079,2012,1.411816653,0.0,1.067347228,0.0
Malawi,MWI,Neno,L1MWI2079,2013,1.867682902,0.0,1.129724423,0.0
Malawi,MWI,Neno,L1MWI2079,2014,1.987415415,0.0,1.172823957,0.0
Malawi,MWI,Neno,L1MWI2079,2015,1.562776232,0.0,1.259885427,0.0
Malawi,MWI,Neno,L1MWI2079,2016,0.996032566,0.0,1.122140551,0.0
Malawi,MWI,Nkhata Bay,L1MWI2080,2011,5.617767704,0.0,0.988431439,1.18913764
Malawi,MWI,Nkhata Bay,L1MWI2080,2012,5.264028299,0.0,0.981022837,1.247464072
Malawi,MWI,Nkhata Bay,L1MWI2080,2013,4.931209183,0.0,0.999067744,1.269969892
Malawi,MWI,Nkhata Bay,L1MWI2080,2014,4.862702094,0.0,1.010550996,1.302182994
Malawi,MWI,Nkhata Bay,L1MWI2080,2015,3.644619582,0.0,0.89817612,1.049492487
Malawi,MWI,Nkhata Bay,L1MWI2080,2016,3.502021241,0.0,0.968562874,1041.28209
Malawi,MWI,Nkhotakota,L1MWI2081,2011,5.4297368210000005,0.0,2.151732631,0.0
Malawi,MWI,Nkhotakota,L1MWI2081,2012,2.870923053,0.0,2.118723663,0.0
Malawi,MWI,Nkhotakota,L1MWI2081,2013,5.333020155,0.0,2.110209194,0.0
Malawi,MWI,Nkhotakota,L1MWI2081,2014,5.679261521,0.0,2.213903999,1.032858664
Malawi,MWI,Nkhotakota,L1MWI2081,2015,4.967675391,0.0,1.924522518,0.815266262
Malawi,MWI,Nkhotakota,L1MWI2081,2016,4.411805471,0.0,1.827016955,788.1170306
Malawi,MWI,Nsanje,L1MWI2082,2011,2.84056807,0.0,0.429531839,0.0
Malawi,MWI,Nsanje,L1MWI2082,2012,3.6008652110000003,0.0,0.487225171,0.0
Malawi,MWI,Nsanje,L1MWI2082,2013,4.0367407449999995,0.0,0.539359124,0.0
Malawi,MWI,Nsanje,L1MWI2082,2014,4.221305259,0.0,0.530226387,0.0
Malawi,MWI,Nsanje,L1MWI2082,2015,2.8866296350000002,0.0,0.487692813,0.0
Malawi,MWI,Nsanje,L1MWI2082,2016,1.382637301,0.0,0.152855543,0.0
Malawi,MWI,Ntcheu,L1MWI2083,2011,1.817147381,0.0,0.637176216,0.0
Malawi,MWI,Ntcheu,L1MWI2083,2012,1.588549758,0.0,0.633546494,0.0
Malawi,MWI,Ntcheu,L1MWI2083,2013,1.699870508,0.0,0.65831189,0.0
Malawi,MWI,Ntcheu,L1MWI2083,2014,1.836164895,0.0,0.685981589,0.0
Malawi,MWI,Ntcheu,L1MWI2083,2015,1.238484248,0.0,1.2150925780000001,0.0
Malawi,MWI,Ntcheu,L1MWI2083,2016,1.140032145,13.96147461,0.519994354,0.0
Malawi,MWI,Ntchisi,L1MWI2084,2012,3.093734422,21.64917606,2.0332398990000002,0.656644828
Malawi,MWI,Ntchisi,L1MWI2084,2013,2.95406172,21.08747253,2.102035136,0.0
Malawi,MWI,Ntchisi,L1MWI2084,2014,3.284578359,21.41458333,2.279161268,1.137820245
Malawi,MWI,Ntchisi,L1MWI2084,2015,2.719465528,0.0,0.960336692,0.0
Malawi,MWI,Ntchisi,L1MWI2084,2016,0.0,0.0,0.896403569,0.0
Malawi,MWI,Phalombe,L1MWI2085,2011,2.32099171,0.0,1.128841669,1.178027305
Malawi,MWI,Phalombe,L1MWI2085,2012,2.095101057,0.0,1.113365539,0.967659659
Malawi,MWI,Phalombe,L1MWI2085,2013,2.88127226,0.0,1.43795859,1.18632963
Malawi,MWI,Phalombe,L1MWI2085,2014,2.955433415,0.0,1.522741038,1.213762696
Malawi,MWI,Phalombe,L1MWI2085,2015,1.884792013,0.0,1.641821667,1.155212687
Malawi,MWI,Phalombe,L1MWI2085,2016,1.667474192,0.0,1.739941943,1161.805286
Malawi,MWI,Rumphi,L1MWI2086,2011,2.911528958,0.0,0.802100018,1.217698874
Malawi,MWI,Rumphi,L1MWI2086,2012,2.670537729,0.0,1.9215102219999998,1.317023318
Malawi,MWI,Rumphi,L1MWI2086,2013,2.368131521,0.0,0.936397475,1.462650328
Malawi,MWI,Rumphi,L1MWI2086,2014,2.335836605,0.0,0.64160444,1.440346227
Malawi,MWI,Rumphi,L1MWI2086,2015,1.597434743,0.0,0.651265733,1.192883837
Malawi,MWI,Rumphi,L1MWI2086,2016,1.824433389,0.0,0.629503275,1261.7854
Malawi,MWI,Salima,L1MWI2087,2011,3.5225098249999998,17.10374833,0.861450108,0.0
Malawi,MWI,Salima,L1MWI2087,2012,2.85344636,16.40297542,1.651718813,0.0
Malawi,MWI,Salima,L1MWI2087,2013,2.529557086,0.0,1.58708309,0.0
Malawi,MWI,Salima,L1MWI2087,2014,3.985860398,0.0,1.748524936,0.0
Malawi,MWI,Salima,L1MWI2087,2015,2.286321224,12.61559633,1.4115970899999999,0.0
Malawi,MWI,Salima,L1MWI2087,2016,2.334906887,0.0,1.481282354,0.0
Malawi,MWI,Thyolo,L1MWI2088,2011,2.707259187,0.0,0.90433126,0.0
Malawi,MWI,Thyolo,L1MWI2088,2012,2.180138994,0.0,0.870891912,0.0
Malawi,MWI,Thyolo,L1MWI2088,2013,2.724482596,0.0,0.980677401,0.0
Malawi,MWI,Thyolo,L1MWI2088,2014,2.819126301,0.0,1.119590224,0.0
Malawi,MWI,Thyolo,L1MWI2088,2015,2.059816535,0.0,1.252038926,0.0
Malawi,MWI,Thyolo,L1MWI2088,2016,1.211147732,0.0,1.278062808,0.0
Malawi,MWI,Zomba,L1MWI2089,2011,3.071415397,13.63464746,0.705,0.851854606
Malawi,MWI,Zomba,L1MWI2089,2012,2.3690066759999997,13.67770976,0.683670509,0.722953613
Malawi,MWI,Zomba,L1MWI2089,2013,3.4324729869999997,15.04860047,0.79009265,1.230627468
Malawi,MWI,Zomba,L1MWI2089,2014,3.90781922,14.2973416,0.799920199,1.198035907
Malawi,MWI,Zomba,L1MWI2089,2015,2.804676583,12.21399722,0.689823732,0.946249318
Malawi,MWI,Zomba,L1MWI2089,2016,1.460695387,11.66991606,1.0732271720000002,884.4883268
Mali,ML,Bamako,L1MLI1943,1974,1.406444906,0.0,0.0,0.0
Mali,ML,Bamako,L1MLI1943,1975,1.088823262,0.0,0.0,0.0
Mali,ML,Bamako,L1MLI1943,1976,1.211520302,0.0,0.0,0.0
Mali,ML,Bamako,L1MLI1943,1977,1.407382993,0.0,0.0,0.0
Mali,ML,Bamako,L1MLI1943,1978,2.791192768,0.0,0.0,0.0
Mali,ML,Bamako,L1MLI1943,1979,1.065958389,0.0,0.0,0.0
Mali,ML,Bamako,L1MLI1943,1980,1.175628381,0.0,0.0,0.0
Mali,ML,Bamako,L1MLI1943,1981,1.095976463,0.0,0.0,0.0
Mali,ML,Bamako,L1MLI1943,1983,7.460905872,0.0,0.743381596,0.0
Mali,ML,Bamako,L1MLI1943,1984,6.466240126000001,0.0,1.572674745,0.0
Mali,ML,Bamako,L1MLI1943,1985,6.667559257000001,0.0,2.951926107,0.0
Mali,ML,Bamako,L1MLI1943,1986,5.108710117999999,0.0,1.56815781,0.0
Mali,ML,Bamako,L1MLI1943,1987,4.347061062,0.0,1.106688565,0.0
Mali,ML,Bamako,L1MLI1943,1988,4.711744478,0.0,1.960574597,0.0
Mali,ML,Bamako,L1MLI1943,1989,4.044696312,0.0,1.975662272,0.0
Mali,ML,Bamako,L1MLI1943,1990,2.977145766,0.0,0.688369287,0.0
Mali,ML,Bamako,L1MLI1943,1991,5.583273514,0.0,1.181553678,0.0
Mali,ML,Bamako,L1MLI1943,1992,5.377224287000001,0.0,1.125751945,0.0
Mali,ML,Bamako,L1MLI1943,1993,4.272418693,0.0,1.503684709,0.0
Mali,ML,Bamako,L1MLI1943,1995,4.413510667,0.0,1.602744313,0.0
Mali,ML,Bamako,L1MLI1943,1996,5.385060573,0.0,1.14943229,0.0
Mali,ML,Bamako,L1MLI1943,1997,4.032505652999999,0.0,1.138146487,0.0
Mali,ML,Bamako,L1MLI1943,1998,6.004109591000001,0.0,0.335693877,0.0
Mali,ML,Bamako,L1MLI1943,1999,4.670073792,0.0,0.0,0.0
Mali,ML,Bamako,L1MLI1943,2000,4.045302442,0.0,1.179164898,0.0
Mali,ML,Bamako,L1MLI1943,2016,0.0,0.0,0.829411765,0.0
Mali,ML,Bamako,L1MLI1943,2017,0.0,0.0,1.264387983,0.0
Mali,ML,Bamako,L1MLI1943,2018,0.0,0.0,1.613050076,0.0
Mali,ML,Bamako,L1MLI1943,2019,0.0,0.0,1.153301071,0.0
Mali,ML,Bamako,L1MLI1943,2020,0.0,0.0,1.373555841,0.0
Mali,ML,Bamako,L1MLI1943,2022,8.034047628,0.0,0.0,0.0
Mali,ML,Gao,L1MLI1944,1975,0.556756757,0.0,0.0,0.0
Mali,ML,Gao,L1MLI1944,1982,1.4405049820000002,0.0,0.0,0.0
Mali,ML,Gao,L1MLI1944,1983,1.304196493,0.0,0.0,0.0
Mali,ML,Gao,L1MLI1944,1984,0.7882335819999999,0.0,0.0,0.0
Mali,ML,Gao,L1MLI1944,1985,1.32930976,0.0,0.0,0.0
Mali,ML,Gao,L1MLI1944,1986,0.660180341,0.0,0.0,0.0
Mali,ML,Gao,L1MLI1944,1987,1.868278554,0.0,0.0,0.0
Mali,ML,Gao,L1MLI1944,1988,1.217457749,0.0,0.0,0.0
Mali,ML,Gao,L1MLI1944,1989,0.967567568,0.0,0.0,0.0
Mali,ML,Gao,L1MLI1944,1990,0.517323867,0.0,0.0,0.0
Mali,ML,Gao,L1MLI1944,1991,2.033953743,0.0,0.0,0.0
Mali,ML,Gao,L1MLI1944,1992,2.865169805,0.0,0.0,0.0
Mali,ML,Gao,L1MLI1944,1993,1.847072534,0.0,0.0,0.0
Mali,ML,Gao,L1MLI1944,1995,1.1354994669999998,0.0,0.0,0.0
Mali,ML,Gao,L1MLI1944,1996,0.914059088,0.0,0.0,0.0
Mali,ML,Gao,L1MLI1944,1997,2.074953887,0.0,0.451797386,0.0
Mali,ML,Gao,L1MLI1944,1998,0.950984802,0.0,0.449871465,0.0
Mali,ML,Gao,L1MLI1944,1999,3.290081928,0.0,0.0,0.0
Mali,ML,Gao,L1MLI1944,2000,2.566269969,0.0,0.331428571,0.0
Mali,ML,Gao,L1MLI1944,2001,3.3116212359999997,0.0,0.212997904,0.0
Mali,ML,Gao,L1MLI1944,2002,1.0478755069999999,0.0,0.314935065,0.0
Mali,ML,Gao,L1MLI1944,2003,0.852631579,0.0,0.471848892,0.0
Mali,ML,Gao,L1MLI1944,2004,2.113548015,0.0,0.175,0.0
Mali,ML,Gao,L1MLI1944,2005,1.510637548,0.0,0.184531886,0.0
Mali,ML,Gao,L1MLI1944,2006,2.65410097,0.0,0.400169563,0.0
Mali,ML,Gao,L1MLI1944,2007,0.0,0.0,0.400275103,0.0
Mali,ML,Gao,L1MLI1944,2008,2.280544982,0.0,0.414634146,0.0
Mali,ML,Gao,L1MLI1944,2009,1.659226194,0.0,0.441301273,0.0
Mali,ML,Gao,L1MLI1944,2010,0.0,0.0,0.434252386,0.0
Mali,ML,Gao,L1MLI1944,2011,1.54422236,0.0,0.419919246,0.0
Mali,ML,Gao,L1MLI1944,2012,0.100756556,0.0,0.325,0.0
Mali,ML,Gao,L1MLI1944,2013,5.743383958,0.0,0.429054054,0.0
Mali,ML,Gao,L1MLI1944,2014,6.433122345000001,0.0,0.377631579,0.0
Mali,ML,Gao,L1MLI1944,2015,7.426942844,0.0,0.385930233,0.0
Mali,ML,Gao,L1MLI1944,2016,7.757810211,0.0,0.431799163,0.0
Mali,ML,Gao,L1MLI1944,2017,3.830346271,0.0,0.377631579,0.0
Mali,ML,Gao,L1MLI1944,2018,10.032681051,0.0,0.377033674,0.0
Mali,ML,Gao,L1MLI1944,2019,3.0720099999999997,0.0,0.319113878,0.0
Mali,ML,Gao,L1MLI1944,2020,3.209935648,0.0,0.373991935,0.0
Mali,ML,Gao,L1MLI1944,2021,2.832582521,0.0,0.3789,0.0
Mali,ML,Gao,L1MLI1944,2022,3.229744018,0.0,0.0,0.0
Mali,ML,Kayes,L1MLI1945,1974,0.909980913,0.0,0.0,0.0
Mali,ML,Kayes,L1MLI1945,1975,0.660698613,0.0,0.0,0.0
Mali,ML,Kayes,L1MLI1945,1976,1.368054146,0.0,0.0,0.0
Mali,ML,Kayes,L1MLI1945,1977,0.769522101,0.0,0.0,0.0
Mali,ML,Kayes,L1MLI1945,1978,0.754066986,0.0,0.0,0.0
Mali,ML,Kayes,L1MLI1945,1979,0.83999299,0.0,0.0,0.0
Mali,ML,Kayes,L1MLI1945,1980,0.251158798,0.0,0.0,0.0
Mali,ML,Kayes,L1MLI1945,1981,0.972532189,0.0,0.0,0.0
Mali,ML,Kayes,L1MLI1945,1982,4.459661508999999,0.0,1.077226038,0.0
Mali,ML,Kayes,L1MLI1945,1983,3.224659049,0.0,0.681997299,0.0
Mali,ML,Kayes,L1MLI1945,1984,3.5337124639999997,0.0,0.708108545,0.0
Mali,ML,Kayes,L1MLI1945,1985,2.477463922,0.0,1.139367191,0.0
Mali,ML,Kayes,L1MLI1945,1986,2.620289031,0.0,1.5963183760000001,0.0
Mali,ML,Kayes,L1MLI1945,1987,6.282738564,0.0,0.730690781,0.0
Mali,ML,Kayes,L1MLI1945,1988,4.926087651,0.0,1.001944794,0.0
Mali,ML,Kayes,L1MLI1945,1989,3.016924806,0.0,1.245741205,0.0
Mali,ML,Kayes,L1MLI1945,1990,1.314000224,1.176470588,0.490876017,0.0
Mali,ML,Kayes,L1MLI1945,1991,2.58735515,0.0,1.01501925,0.0
Mali,ML,Kayes,L1MLI1945,1992,5.213028345,0.0,1.0063763620000001,0.0
Mali,ML,Kayes,L1MLI1945,1993,4.523724151,2.356643357,0.380692704,0.0
Mali,ML,Kayes,L1MLI1945,1994,2.984684542,0.0,1.461658355,1.184313725
Mali,ML,Kayes,L1MLI1945,1995,2.940456835,0.0,1.578116905,0.834712528
Mali,ML,Kayes,L1MLI1945,1996,5.529544347,4.761904762,1.492536542,0.921135647
Mali,ML,Kayes,L1MLI1945,1997,2.8135546319999998,0.0,1.342858786,1.284052052
Mali,ML,Kayes,L1MLI1945,1998,3.636389671,0.0,1.1121550789999999,0.0
Mali,ML,Kayes,L1MLI1945,1999,4.567306384,0.0,0.0,0.0
Mali,ML,Kayes,L1MLI1945,2000,4.394049729000001,0.0,1.58304974,0.916959686
Mali,ML,Kayes,L1MLI1945,2001,3.757470476,0.0,1.020747645,1.048228518
Mali,ML,Kayes,L1MLI1945,2002,2.655022951,0.0,0.746970415,1.084035422
Mali,ML,Kayes,L1MLI1945,2003,1.4555582280000001,0.0,1.199148297,0.898436222
Mali,ML,Kayes,L1MLI1945,2004,2.443515079,0.0,1.072880024,0.986258039
Mali,ML,Kayes,L1MLI1945,2005,4.248024987,0.0,1.388052264,1.124720286
Mali,ML,Kayes,L1MLI1945,2006,4.115470139,0.0,1.743443293,0.97601937
Mali,ML,Kayes,L1MLI1945,2007,0.596900805,0.0,1.203530435,0.703430962
Mali,ML,Kayes,L1MLI1945,2008,4.352570278,0.0,1.537608053,1.075381813
Mali,ML,Kayes,L1MLI1945,2009,1.655194941,0.0,1.3694210340000001,0.703148884
Mali,ML,Kayes,L1MLI1945,2010,8.786155609,0.0,1.302636093,0.869783102
Mali,ML,Kayes,L1MLI1945,2011,1.733482059,0.0,1.2640494850000001,0.861588772
Mali,ML,Kayes,L1MLI1945,2012,5.567358201,0.0,1.4066790550000001,0.922375509
Mali,ML,Kayes,L1MLI1945,2013,5.311022619,8.266666667,2.2413921390000002,0.921052632
Mali,ML,Kayes,L1MLI1945,2014,1.0,0.0,1.748,0.921553734
Mali,ML,Kayes,L1MLI1945,2015,6.797512296,0.0,1.839334622,0.819733838
Mali,ML,Kayes,L1MLI1945,2016,6.726913973,0.0,1.4008657869999999,0.953414877
Mali,ML,Kayes,L1MLI1945,2017,8.674395971000001,0.0,1.209066156,0.99197308
Mali,ML,Kayes,L1MLI1945,2018,8.575290466,0.0,1.417876283,0.0
Mali,ML,Kayes,L1MLI1945,2019,7.686266283,0.0,1.291422516,1.013789846
Mali,ML,Kayes,L1MLI1945,2020,8.125001866,0.0,1.4359457979999999,1.024735988
Mali,ML,Kayes,L1MLI1945,2021,5.899052783,0.0,2.24238977,1.053918092
Mali,ML,Kayes,L1MLI1945,2022,6.640405170999999,0.0,0.0,0.0
Mali,ML,Kidal,L1MLI1946,2018,0.0,0.0,0.3,0.0
Mali,ML,Koulikoro,L1MLI1947,1974,1.406444906,0.0,0.0,0.0
Mali,ML,Koulikoro,L1MLI1947,1975,1.088823262,0.0,0.0,0.0
Mali,ML,Koulikoro,L1MLI1947,1976,1.211520302,0.0,0.0,0.0
Mali,ML,Koulikoro,L1MLI1947,1977,1.407382993,0.0,0.0,0.0
Mali,ML,Koulikoro,L1MLI1947,1978,2.791192768,0.0,0.0,0.0
Mali,ML,Koulikoro,L1MLI1947,1979,1.065958389,0.0,0.0,0.0
Mali,ML,Koulikoro,L1MLI1947,1980,1.175628381,0.0,0.0,0.0
Mali,ML,Koulikoro,L1MLI1947,1981,1.095976463,0.0,0.0,0.0
Mali,ML,Koulikoro,L1MLI1947,1983,7.460905872,0.0,0.743381596,0.91952424
Mali,ML,Koulikoro,L1MLI1947,1984,2.756220977,0.0,0.951681191,1.54951042
Mali,ML,Koulikoro,L1MLI1947,1985,5.0428948160000004,0.0,2.972812592,1.361794933
Mali,ML,Koulikoro,L1MLI1947,1986,4.163904923,0.0,1.117677587,1.592991724
Mali,ML,Koulikoro,L1MLI1947,1987,3.722599855,0.0,0.952350626,1.773037781
Mali,ML,Koulikoro,L1MLI1947,1988,3.7069315420000004,0.0,1.257788838,1.181650161
Mali,ML,Koulikoro,L1MLI1947,1989,3.8932160020000004,0.0,1.942341061,1.27362798
Mali,ML,Koulikoro,L1MLI1947,1990,1.984796692,0.0,0.675569584,1.036782364
Mali,ML,Koulikoro,L1MLI1947,1991,2.393631906,0.0,1.181553678,2.372244811
Mali,ML,Koulikoro,L1MLI1947,1992,2.18684358,0.0,0.599105334,2.372244811
Mali,ML,Koulikoro,L1MLI1947,1993,0.848689378,0.0,1.384136035,1.787528464
Mali,ML,Koulikoro,L1MLI1947,1995,0.0,0.0,0.857903913,1.178239764
Mali,ML,Koulikoro,L1MLI1947,1996,0.0,0.0,0.0,1.003175968
Mali,ML,Koulikoro,L1MLI1947,1997,0.0,0.0,0.675539277,1.011544317
Mali,ML,Koulikoro,L1MLI1947,1998,6.004109591000001,0.0,0.784936479,0.0
Mali,ML,Koulikoro,L1MLI1947,1999,4.670073792,0.0,0.0,0.0
Mali,ML,Koulikoro,L1MLI1947,2000,4.045302442,0.0,1.174344812,0.832042093
Mali,ML,Koulikoro,L1MLI1947,2001,3.022617785,1.680203046,0.976685274,0.948939073
Mali,ML,Koulikoro,L1MLI1947,2002,3.2921815160000003,0.0,0.8852317829999999,0.827514361
Mali,ML,Koulikoro,L1MLI1947,2003,3.756281641,0.0,1.44995071,0.992983645
Mali,ML,Koulikoro,L1MLI1947,2004,1.911934464,0.0,0.914677792,0.970033845
Mali,ML,Koulikoro,L1MLI1947,2005,5.990562489,0.0,1.407533549,0.916769129
Mali,ML,Koulikoro,L1MLI1947,2006,2.898372551,0.0,1.046820394,0.834266668
Mali,ML,Koulikoro,L1MLI1947,2007,5.159895712,0.0,1.43555726,0.792844564
Mali,ML,Koulikoro,L1MLI1947,2008,6.893012734999999,0.0,1.19410237,0.853401958
Mali,ML,Koulikoro,L1MLI1947,2009,2.983111,0.0,1.247792531,0.901730555
Mali,ML,Koulikoro,L1MLI1947,2010,5.6828014829999995,0.0,1.191567764,0.76836775
Mali,ML,Koulikoro,L1MLI1947,2011,5.144500491,0.0,1.635305744,0.820548014
Mali,ML,Koulikoro,L1MLI1947,2012,4.914824771999999,0.0,1.1496174780000001,0.723093465
Mali,ML,Koulikoro,L1MLI1947,2013,8.110788211,10.37820513,2.893916021,0.910497238
Mali,ML,Koulikoro,L1MLI1947,2014,1.0,0.0,3.186219551,0.909198167
Mali,ML,Koulikoro,L1MLI1947,2015,6.910892207,0.0,1.594503906,0.896694292
Mali,ML,Koulikoro,L1MLI1947,2016,4.476906393,0.0,1.572225482,0.962
Mali,ML,Koulikoro,L1MLI1947,2017,9.005660789,0.0,2.0180411009999997,0.943371675
Mali,ML,Koulikoro,L1MLI1947,2018,10.191539554,0.0,2.111761811,0.0
Mali,ML,Koulikoro,L1MLI1947,2019,7.7224141,0.0,1.058925538,0.933144848
Mali,ML,Koulikoro,L1MLI1947,2020,7.580420259,0.0,1.981507486,0.820891118
Mali,ML,Koulikoro,L1MLI1947,2021,6.541071241999999,0.0,1.557750057,1.057972056
Mali,ML,Koulikoro,L1MLI1947,2022,7.905155878,0.0,0.0,0.0
Mali,ML,Mopti,L1MLI1948,1974,0.669162696,0.0,0.0,0.0
Mali,ML,Mopti,L1MLI1948,1975,0.123006834,0.0,0.0,0.0
Mali,ML,Mopti,L1MLI1948,1976,0.510788199,0.0,0.0,0.0
Mali,ML,Mopti,L1MLI1948,1977,0.437810945,0.0,0.0,0.0
Mali,ML,Mopti,L1MLI1948,1979,0.671109823,0.0,0.0,0.0
Mali,ML,Mopti,L1MLI1948,1981,0.325003395,0.0,0.0,0.0
Mali,ML,Mopti,L1MLI1948,1982,2.461147577,0.0,0.304205189,0.0
Mali,ML,Mopti,L1MLI1948,1983,2.961669333,0.0,0.323733863,0.0
Mali,ML,Mopti,L1MLI1948,1984,1.254698984,0.0,0.9793089070000001,0.0
Mali,ML,Mopti,L1MLI1948,1985,2.301243973,0.0,1.033215694,0.0
Mali,ML,Mopti,L1MLI1948,1986,2.4121120940000003,0.0,0.8672245409999999,0.0
Mali,ML,Mopti,L1MLI1948,1987,2.646549785,0.0,0.5274785120000001,0.0
Mali,ML,Mopti,L1MLI1948,1988,1.7008930549999999,0.0,0.00381898,0.0
Mali,ML,Mopti,L1MLI1948,1989,2.109271756,0.0,0.736399716,0.0
Mali,ML,Mopti,L1MLI1948,1990,1.415590841,0.0,0.374354965,0.0
Mali,ML,Mopti,L1MLI1948,1991,2.0499081290000003,0.0,0.760849153,0.0
Mali,ML,Mopti,L1MLI1948,1992,2.8435929850000004,0.0,0.7768485780000001,0.0
Mali,ML,Mopti,L1MLI1948,1993,2.085574449,0.0,0.391128486,0.0
Mali,ML,Mopti,L1MLI1948,1995,2.615996004,0.0,1.08167555,0.0
Mali,ML,Mopti,L1MLI1948,1996,3.405222776,0.0,1.120906213,0.0
Mali,ML,Mopti,L1MLI1948,1997,1.8054753350000001,0.0,0.7177091710000001,0.0
Mali,ML,Mopti,L1MLI1948,1998,3.702195779,0.0,0.931906782,0.0
Mali,ML,Mopti,L1MLI1948,1999,4.152042665,0.0,0.0,0.0
Mali,ML,Mopti,L1MLI1948,2000,2.899766432,0.0,0.84069829,0.0
Mali,ML,Mopti,L1MLI1948,2001,2.3135042319999997,0.0,0.811904693,0.0
Mali,ML,Mopti,L1MLI1948,2002,0.351673284,0.0,0.6098644369999999,0.0
Mali,ML,Mopti,L1MLI1948,2003,3.269674261,0.0,1.180380277,0.0
Mali,ML,Mopti,L1MLI1948,2004,0.885428688,0.0,0.657976193,0.0
Mali,ML,Mopti,L1MLI1948,2005,2.4050324629999995,0.0,0.9444918600000001,0.0
Mali,ML,Mopti,L1MLI1948,2006,1.277475704,0.0,0.788862329,0.0
Mali,ML,Mopti,L1MLI1948,2007,3.2102848539999997,0.0,0.757937057,0.0
Mali,ML,Mopti,L1MLI1948,2008,2.409047395,0.0,1.136244643,0.0
Mali,ML,Mopti,L1MLI1948,2009,4.042862073,0.0,0.719521878,0.0
Mali,ML,Mopti,L1MLI1948,2010,0.570525337,0.0,0.867788582,0.0
Mali,ML,Mopti,L1MLI1948,2011,4.60090462,0.0,0.941411042,0.0
Mali,ML,Mopti,L1MLI1948,2012,1.928459366,0.0,1.0114694069999999,0.0
Mali,ML,Mopti,L1MLI1948,2013,7.280208186,0.0,1.420700618,0.0
Mali,ML,Mopti,L1MLI1948,2014,1.467917676,0.0,1.1775038,0.0
Mali,ML,Mopti,L1MLI1948,2015,7.2603809550000005,0.0,1.071317227,0.0
Mali,ML,Mopti,L1MLI1948,2016,9.311599264,0.0,1.134706323,0.0
Mali,ML,Mopti,L1MLI1948,2017,5.277807831,0.0,1.048731316,0.0
Mali,ML,Mopti,L1MLI1948,2018,6.359993519,0.0,1.312338778,0.0
Mali,ML,Mopti,L1MLI1948,2019,5.7664765,0.0,1.168622777,0.0
Mali,ML,Mopti,L1MLI1948,2020,5.586080282,0.0,1.1720519139999999,0.0
Mali,ML,Mopti,L1MLI1948,2021,5.876442937,0.0,1.020161547,0.0
Mali,ML,Mopti,L1MLI1948,2022,5.831577724000001,0.0,0.0,0.0
Mali,ML,Segou,L1MLI1949,1974,0.914608463,0.0,0.0,0.0
Mali,ML,Segou,L1MLI1949,1975,0.775687914,0.0,0.0,0.0
Mali,ML,Segou,L1MLI1949,1976,2.873124147,0.0,0.0,0.0
Mali,ML,Segou,L1MLI1949,1977,1.441745864,0.0,0.0,0.0
Mali,ML,Segou,L1MLI1949,1978,1.554344865,0.0,0.0,0.0
Mali,ML,Segou,L1MLI1949,1979,0.934194529,0.0,0.0,0.0
Mali,ML,Segou,L1MLI1949,1980,0.874220532,0.0,0.0,0.0
Mali,ML,Segou,L1MLI1949,1981,1.016662522,0.0,0.0,0.0
Mali,ML,Segou,L1MLI1949,1982,7.019041845,0.0,1.037590896,0.563160118
Mali,ML,Segou,L1MLI1949,1983,4.301122649,0.0,0.466420118,0.917453401
Mali,ML,Segou,L1MLI1949,1984,2.3429697689999998,0.0,0.476878496,55.561764937
Mali,ML,Segou,L1MLI1949,1985,5.654863782,0.0,0.973231286,59.061540498
Mali,ML,Segou,L1MLI1949,1986,6.824188335,1.836734694,1.106683272,64.369387331
Mali,ML,Segou,L1MLI1949,1987,4.878063906,0.0,0.654859964,78.613922676
Mali,ML,Segou,L1MLI1949,1988,6.226177332,2.330827068,0.873409855,77.001845032
Mali,ML,Segou,L1MLI1949,1989,6.29788783,0.0,0.768432355,66.591140247
Mali,ML,Segou,L1MLI1949,1990,5.445516799,4.722222222,1.079574577,0.39439941
Mali,ML,Segou,L1MLI1949,1991,2.193005971,0.0,0.525636017,6.516451604
Mali,ML,Segou,L1MLI1949,1992,5.969340041000001,0.0,0.617440918,0.584189034
Mali,ML,Segou,L1MLI1949,1993,6.754846251,0.0,0.857850479,5.806385347999999
Mali,ML,Segou,L1MLI1949,1995,5.970191349,0.0,0.797992316,74.454033645
Mali,ML,Segou,L1MLI1949,1996,7.554772129,0.0,1.0906991289999999,64.818503833
Mali,ML,Segou,L1MLI1949,1997,3.8328622250000004,0.0,0.9219231840000001,77.631682616
Mali,ML,Segou,L1MLI1949,1998,4.8464633070000005,0.0,0.9756247330000001,0.0
Mali,ML,Segou,L1MLI1949,1999,8.102658444000001,0.0,0.0,0.0
Mali,ML,Segou,L1MLI1949,2000,7.787975597000001,0.0,1.225167184,68.819996781
Mali,ML,Segou,L1MLI1949,2001,4.9781103390000006,0.0,0.999173938,69.483720681
Mali,ML,Segou,L1MLI1949,2002,2.198992541,0.0,0.64733945,70.639843143
Mali,ML,Segou,L1MLI1949,2003,5.4506874000000005,0.0,1.4764393249999999,74.08959969600001
Mali,ML,Segou,L1MLI1949,2004,2.672703027,0.0,0.959178576,78.858609841
Mali,ML,Segou,L1MLI1949,2005,2.3561861410000002,0.0,1.380536474,75.969875234
Mali,ML,Segou,L1MLI1949,2006,9.512062478,0.0,2.075432336,69.029158216
Mali,ML,Segou,L1MLI1949,2007,8.054935601,0.0,1.975468909,70.671838552
Mali,ML,Segou,L1MLI1949,2008,8.677060451,0.0,2.985608366,1.141945854
Mali,ML,Segou,L1MLI1949,2009,2.8263929869999997,0.0,2.393772544,75.679329983
Mali,ML,Segou,L1MLI1949,2010,4.126042202,0.0,2.382523271,0.967825839
Mali,ML,Segou,L1MLI1949,2011,9.092960731,0.0,2.478713162,78.421000209
Mali,ML,Segou,L1MLI1949,2012,12.143651359,0.0,5.406683811,78.27144000999999
Mali,ML,Segou,L1MLI1949,2013,12.819806114,0.0,2.523808958,74.45389139800001
Mali,ML,Segou,L1MLI1949,2014,7.560012492,0.0,2.067795821,1.007015566
Mali,ML,Segou,L1MLI1949,2015,12.531949202,0.0,2.100024169,0.93271737
Mali,ML,Segou,L1MLI1949,2016,8.340982019,0.0,1.906537227,0.970132091
Mali,ML,Segou,L1MLI1949,2017,9.397463118,0.0,2.971854119,0.962028444
Mali,ML,Segou,L1MLI1949,2018,15.894159907999999,0.0,2.13788963,0.0
Mali,ML,Segou,L1MLI1949,2019,9.96361305,0.0,1.541075405,0.949344669
Mali,ML,Segou,L1MLI1949,2020,10.081746788,0.0,2.129438998,0.699971234
Mali,ML,Segou,L1MLI1949,2021,8.191736044,0.0,1.785436377,1.027832334
Mali,ML,Segou,L1MLI1949,2022,9.377422983999999,0.0,0.0,0.0
Mali,ML,Sikasso,L1MLI1950,1974,3.274149828,0.0,0.0,0.0
Mali,ML,Sikasso,L1MLI1950,1975,2.690951821,0.0,0.0,0.0
Mali,ML,Sikasso,L1MLI1950,1976,2.601395731,0.0,0.0,0.0
Mali,ML,Sikasso,L1MLI1950,1977,2.763884646,0.0,0.0,0.0
Mali,ML,Sikasso,L1MLI1950,1978,4.167320181,0.0,0.0,0.0
Mali,ML,Sikasso,L1MLI1950,1979,3.479737525,0.0,0.0,0.0
Mali,ML,Sikasso,L1MLI1950,1980,1.952126645,0.0,0.0,0.0
Mali,ML,Sikasso,L1MLI1950,1981,1.085778533,0.0,0.0,0.0
Mali,ML,Sikasso,L1MLI1950,1982,9.427413991,0.0,1.543843547,1.182159263
Mali,ML,Sikasso,L1MLI1950,1983,9.014947362,0.0,0.976650143,1.079845917
Mali,ML,Sikasso,L1MLI1950,1984,4.050638757000001,0.0,1.089989326,1.152072832
Mali,ML,Sikasso,L1MLI1950,1985,4.774827347,3.054383497,1.147652755,1.387443397
Mali,ML,Sikasso,L1MLI1950,1986,5.787723743999999,6.86761964,1.363621321,1.651602702
Mali,ML,Sikasso,L1MLI1950,1987,3.636172234,3.018280825,1.1631372899999999,1.376484982
Mali,ML,Sikasso,L1MLI1950,1988,4.358455189000001,3.792071803,1.068466496,0.979860942
Mali,ML,Sikasso,L1MLI1950,1989,4.6124430929999995,0.0,1.051352394,1.210623593
Mali,ML,Sikasso,L1MLI1950,1990,5.070783979,7.4065455490000005,1.072239078,1.342486696
Mali,ML,Sikasso,L1MLI1950,1991,2.357370652,0.0,1.100416834,1.71986388
Mali,ML,Sikasso,L1MLI1950,1992,2.84452826,3.678220383,1.01111151,1.71986388
Mali,ML,Sikasso,L1MLI1950,1993,4.629228400000001,5.928379169,0.812212469,1.46387145
Mali,ML,Sikasso,L1MLI1950,1994,4.642661914,1.573611111,0.776671807,0.9246288
Mali,ML,Sikasso,L1MLI1950,1995,4.966636513,1.576388889,1.2770384479999999,1.246422519
Mali,ML,Sikasso,L1MLI1950,1996,6.1263535220000005,0.0,1.4903661499999998,1.116700048
Mali,ML,Sikasso,L1MLI1950,1997,4.990359724,0.0,1.4478200399999999,1.06300654
Mali,ML,Sikasso,L1MLI1950,1998,4.667532125,0.0,1.4486560229999998,0.0
Mali,ML,Sikasso,L1MLI1950,1999,6.017264548,0.0,0.0,0.0
Mali,ML,Sikasso,L1MLI1950,2000,6.013062461999999,0.0,1.641966507,1.109645013
Mali,ML,Sikasso,L1MLI1950,2001,4.1799831240000005,9.398550725,1.382655569,1.108269482
Mali,ML,Sikasso,L1MLI1950,2002,4.335866829,0.0,3.361750261,1.066980791
Mali,ML,Sikasso,L1MLI1950,2003,3.288129123,0.0,1.230227814,1.21003131
Mali,ML,Sikasso,L1MLI1950,2004,0.484361233,0.0,3.1813540209999998,1.094332988
Mali,ML,Sikasso,L1MLI1950,2005,6.347041785,0.0,3.143041976,0.995044706
Mali,ML,Sikasso,L1MLI1950,2006,6.878218673999999,0.0,1.7867984,0.870372707
Mali,ML,Sikasso,L1MLI1950,2007,4.233981702,0.0,2.770529562,0.892545551
Mali,ML,Sikasso,L1MLI1950,2008,4.269193533,0.0,1.661419955,1.106251885
Mali,ML,Sikasso,L1MLI1950,2009,3.013451734,0.0,1.848602546,1.03299543
Mali,ML,Sikasso,L1MLI1950,2010,12.960079229,0.0,1.48674075,0.878457258
Mali,ML,Sikasso,L1MLI1950,2011,4.631217068,0.0,1.334143979,0.958485363
Mali,ML,Sikasso,L1MLI1950,2012,1.595192916,0.0,1.63280288,0.891165415
Mali,ML,Sikasso,L1MLI1950,2013,7.679064713000001,8.461081402,2.848658544,0.994590439
Mali,ML,Sikasso,L1MLI1950,2014,1.0,0.0,2.186398327,1.063420405
Mali,ML,Sikasso,L1MLI1950,2015,7.923978026,0.0,1.7077141710000001,0.971540029
Mali,ML,Sikasso,L1MLI1950,2016,2.57348878,0.0,1.9209214430000001,1.042
Mali,ML,Sikasso,L1MLI1950,2017,9.452501253,0.0,1.42262202,1.03791284
Mali,ML,Sikasso,L1MLI1950,2018,8.966695526999999,0.0,1.756235999,0.0
Mali,ML,Sikasso,L1MLI1950,2019,8.001404578,0.0,1.259847486,0.936581334
Mali,ML,Sikasso,L1MLI1950,2020,8.441169786,0.0,1.844321757,0.797580196
Mali,ML,Sikasso,L1MLI1950,2021,7.26422972,0.0,2.119363308,1.067645968
Mali,ML,Sikasso,L1MLI1950,2022,8.071581049,0.0,0.0,0.0
Mali,ML,Tombouctou,L1MLI1951,1983,0.854758681,0.0,0.0,0.0
Mali,ML,Tombouctou,L1MLI1951,1984,0.439417631,0.0,0.0,0.0
Mali,ML,Tombouctou,L1MLI1951,1985,2.3346129419999997,0.0,0.0,0.0
Mali,ML,Tombouctou,L1MLI1951,1986,4.247023584000001,0.0,0.0,0.0
Mali,ML,Tombouctou,L1MLI1951,1987,3.351338183,0.0,0.0,0.0
Mali,ML,Tombouctou,L1MLI1951,1988,2.380369213,0.0,1.721994135,0.0
Mali,ML,Tombouctou,L1MLI1951,1989,0.705199547,0.0,0.041176471,0.0
Mali,ML,Tombouctou,L1MLI1951,1990,0.7747611240000001,0.0,0.473684211,0.0
Mali,ML,Tombouctou,L1MLI1951,1991,1.737713196,0.0,0.0,0.0
Mali,ML,Tombouctou,L1MLI1951,1992,2.1039477460000002,0.0,0.0,0.0
Mali,ML,Tombouctou,L1MLI1951,1993,1.88000173,0.0,0.0,0.0
Mali,ML,Tombouctou,L1MLI1951,1994,3.090909091,0.0,0.0,0.0
Mali,ML,Tombouctou,L1MLI1951,1995,1.218768895,0.0,0.0,0.0
Mali,ML,Tombouctou,L1MLI1951,1996,4.918600904,0.0,0.20508744,0.0
Mali,ML,Tombouctou,L1MLI1951,1997,2.428750106,0.0,0.697416974,0.0
Mali,ML,Tombouctou,L1MLI1951,1998,8.216176498000001,0.0,0.0,0.0
Mali,ML,Tombouctou,L1MLI1951,1999,8.723634261,0.0,1.2002525560000001,0.0
Mali,ML,Tombouctou,L1MLI1951,2000,8.986929202,0.0,0.459629101,0.0
Mali,ML,Tombouctou,L1MLI1951,2001,9.126811348,0.0,0.414136259,0.0
Mali,ML,Tombouctou,L1MLI1951,2002,1.906353135,0.0,0.44,0.0
Mali,ML,Tombouctou,L1MLI1951,2003,2.516793551,0.0,1.137503235,0.0
Mali,ML,Tombouctou,L1MLI1951,2004,2.609171598,0.0,0.624358975,0.0
Mali,ML,Tombouctou,L1MLI1951,2005,6.375519519,0.0,1.905053399,0.0
Mali,ML,Tombouctou,L1MLI1951,2006,6.388710357000001,0.0,0.997834945,0.0
Mali,ML,Tombouctou,L1MLI1951,2007,5.186794087,0.0,1.163737948,0.0
Mali,ML,Tombouctou,L1MLI1951,2008,6.239054775,0.0,1.190239833,0.0
Mali,ML,Tombouctou,L1MLI1951,2009,6.062815075,0.0,1.8578360569999999,0.0
Mali,ML,Tombouctou,L1MLI1951,2010,9.028519938,0.0,1.473649284,0.0
Mali,ML,Tombouctou,L1MLI1951,2011,11.541119115,0.0,1.578314875,0.0
Mali,ML,Tombouctou,L1MLI1951,2012,7.6696843580000005,0.0,1.07,0.0
Mali,ML,Tombouctou,L1MLI1951,2013,9.097740038000001,0.0,1.3089435310000002,0.0
Mali,ML,Tombouctou,L1MLI1951,2014,4.5,0.0,4.833140313,0.0
Mali,ML,Tombouctou,L1MLI1951,2015,14.395635709,0.0,0.857102727,0.0
Mali,ML,Tombouctou,L1MLI1951,2016,15.706298974,0.0,1.138205586,0.0
Mali,ML,Tombouctou,L1MLI1951,2017,15.101852727,0.0,1.041174539,0.0
Mali,ML,Tombouctou,L1MLI1951,2018,7.561697908999999,0.0,1.3940966540000002,0.0
Mali,ML,Tombouctou,L1MLI1951,2019,9.938323121,0.0,1.055508047,0.0
Mali,ML,Tombouctou,L1MLI1951,2020,13.08583337,0.0,1.3938683,0.0
Mali,ML,Tombouctou,L1MLI1951,2021,10.114524282,0.0,0.48009999999999997,0.0
Mali,ML,Tombouctou,L1MLI1951,2022,12.56965852,0.0,0.0,0.0
Mali,MLI,Bamako,L1MLI1943,2006,9.108999999999998,0.0,0.0,0.0
Mali,MLI,Gao,L1MLI1944,1987,1.16018275,0.0,0.0,0.0
Mali,MLI,Gao,L1MLI1944,1988,2.406050357,0.0,0.0,0.0
Mali,MLI,Gao,L1MLI1944,1989,1.323269302,0.0,0.0,0.0
Mali,MLI,Gao,L1MLI1944,1990,0.704733728,0.0,0.0,0.0
Mali,MLI,Gao,L1MLI1944,1994,3.111012587,0.0,0.0,0.0
Mali,MLI,Gao,L1MLI1944,1997,2.0,0.0,0.0,0.0
Mali,MLI,Gao,L1MLI1944,1998,0.612023937,0.0,0.0,0.0
Mali,MLI,Gao,L1MLI1944,2002,1.734,0.0,0.0,0.0
Mali,MLI,Gao,L1MLI1944,2003,1.383,0.0,0.0,0.0
Mali,MLI,Gao,L1MLI1944,2005,0.175,0.0,0.0,0.0
Mali,MLI,Gao,L1MLI1944,2006,0.666,0.0,0.0,0.0
Mali,MLI,Gao,L1MLI1944,2007,1.983,0.0,0.0,0.0
Mali,MLI,Gao,L1MLI1944,2008,1.21,0.0,0.0,0.0
Mali,MLI,Gao,L1MLI1944,2009,1.401,0.0,0.0,0.0
Mali,MLI,Gao,L1MLI1944,2010,9.062,0.0,0.0,0.0
Mali,MLI,Gao,L1MLI1944,2011,0.85,0.0,0.0,0.0
Mali,MLI,Gao,L1MLI1944,2012,0.452,0.0,0.0,0.0
Mali,MLI,Gao,L1MLI1944,2018,4.0,0.0,0.0,0.0
Mali,MLI,Kayes,L1MLI1945,1984,0.0,0.0,0.0,1.092105263
Mali,MLI,Kayes,L1MLI1945,1985,0.0,0.0,0.198640079,0.0
Mali,MLI,Kayes,L1MLI1945,1989,0.773468955,0.0,0.0,0.0
Mali,MLI,Kayes,L1MLI1945,1991,2.1713173049999996,1.176470588,0.0,0.0
Mali,MLI,Kayes,L1MLI1945,1993,0.0,0.0,0.9491146,0.0
Mali,MLI,Kayes,L1MLI1945,1994,0.0,2.357043236,0.0,0.0
Mali,MLI,Kayes,L1MLI1945,1995,0.790542108,0.0,0.0,0.0
Mali,MLI,Kayes,L1MLI1945,1997,0.0,0.0,0.057304827,0.0
Mali,MLI,Kayes,L1MLI1945,1998,1.312189055,0.0,0.0,0.0
Mali,MLI,Kayes,L1MLI1945,2001,0.746,0.0,0.0,0.0
Mali,MLI,Kayes,L1MLI1945,2002,1.549,0.0,0.0,0.0
Mali,MLI,Kayes,L1MLI1945,2003,2.142,0.0,0.0,0.0
Mali,MLI,Kayes,L1MLI1945,2004,2.6189999999999998,0.0,0.0,0.0
Mali,MLI,Kayes,L1MLI1945,2007,3.403,0.0,0.0,0.0
Mali,MLI,Kayes,L1MLI1945,2009,3.283,0.0,0.0,0.0
Mali,MLI,Kayes,L1MLI1945,2010,1.487,0.0,0.0,0.0
Mali,MLI,Kayes,L1MLI1945,2011,4.441999999999999,0.0,0.0,0.0
Mali,MLI,Kayes,L1MLI1945,2012,0.699,0.0,0.0,0.0
Mali,MLI,Kayes,L1MLI1945,2014,4.925567749,0.0,0.0,0.0
Mali,MLI,Kidal,L1MLI1946,1985,0.0,0.0,0.810776739,0.0
Mali,MLI,Kidal,L1MLI1946,2009,3.912,0.0,0.0,0.0
Mali,MLI,Koulikoro,L1MLI1947,1984,3.7079299769999996,0.6615965020000001,0.451343124,1.106382979
Mali,MLI,Koulikoro,L1MLI1947,1985,1.624664441,0.0,0.0,0.0
Mali,MLI,Koulikoro,L1MLI1947,1986,0.948051948,0.0,0.450480223,0.0
Mali,MLI,Koulikoro,L1MLI1947,1987,0.998515219,0.0,0.080667214,0.0
Mali,MLI,Koulikoro,L1MLI1947,1988,1.005781036,0.0,0.586709597,0.0
Mali,MLI,Koulikoro,L1MLI1947,1989,0.598878695,0.0,0.0,0.0
Mali,MLI,Koulikoro,L1MLI1947,1990,0.750045183,0.0,0.0,0.0
Mali,MLI,Koulikoro,L1MLI1947,1991,2.7920534630000002,0.0,0.0,0.0
Mali,MLI,Koulikoro,L1MLI1947,1992,2.0942099819999997,0.0,0.486454042,0.0
Mali,MLI,Koulikoro,L1MLI1947,1993,3.424900002,0.0,0.0,0.0
Mali,MLI,Koulikoro,L1MLI1947,1994,3.789384371,0.0,0.7950104379999999,1.086403982
Mali,MLI,Koulikoro,L1MLI1947,1995,4.413510667,0.0,0.709116077,0.0
Mali,MLI,Koulikoro,L1MLI1947,1996,5.385060573,0.0,1.14943229,0.0
Mali,MLI,Koulikoro,L1MLI1947,1997,4.032505652999999,0.0,0.450203908,0.0
Mali,MLI,Koulikoro,L1MLI1947,1998,0.0,0.0,0.335693877,0.0
Mali,MLI,Koulikoro,L1MLI1947,2001,1.498,0.0,0.0,0.0
Mali,MLI,Koulikoro,L1MLI1947,2002,1.492,0.0,0.0,0.0
Mali,MLI,Koulikoro,L1MLI1947,2003,0.716,0.0,0.0,0.0
Mali,MLI,Koulikoro,L1MLI1947,2004,2.682,0.0,0.0,0.0
Mali,MLI,Koulikoro,L1MLI1947,2006,2.703,0.0,0.0,0.0
Mali,MLI,Koulikoro,L1MLI1947,2007,0.817,0.0,0.0,0.0
Mali,MLI,Koulikoro,L1MLI1947,2008,0.877,0.0,0.0,0.0
Mali,MLI,Koulikoro,L1MLI1947,2009,3.627,0.0,0.0,0.0
Mali,MLI,Koulikoro,L1MLI1947,2010,1.153,0.0,0.0,0.0
Mali,MLI,Koulikoro,L1MLI1947,2012,1.325,0.0,0.0,0.0
Mali,MLI,Koulikoro,L1MLI1947,2014,5.622213689,0.0,0.0,0.0
Mali,MLI,Koulikoro,L1MLI1947,2016,2.508074347,0.0,0.0,0.0
Mali,MLI,Mopti,L1MLI1948,1984,0.083959266,0.0,0.0,0.0
Mali,MLI,Mopti,L1MLI1948,1985,0.726794284,0.0,0.439193481,0.0
Mali,MLI,Mopti,L1MLI1948,1987,1.27157531,1.176470588,0.0,0.0
Mali,MLI,Mopti,L1MLI1948,1988,0.668269959,0.0,0.0,0.0
Mali,MLI,Mopti,L1MLI1948,1989,0.963070391,0.0,0.0,0.0
Mali,MLI,Mopti,L1MLI1948,1990,1.3683605499999998,0.0,0.086088898,0.0
Mali,MLI,Mopti,L1MLI1948,1991,1.7737640040000002,0.0,0.0,0.0
Mali,MLI,Mopti,L1MLI1948,1992,1.112148767,0.0,0.0,0.0
Mali,MLI,Mopti,L1MLI1948,1994,2.267811023,0.0,0.342393359,0.0
Mali,MLI,Mopti,L1MLI1948,1996,0.0,1.038291605,0.0,0.0
Mali,MLI,Mopti,L1MLI1948,2001,1.018,0.0,0.0,0.0
Mali,MLI,Mopti,L1MLI1948,2002,2.784,0.0,0.0,0.0
Mali,MLI,Mopti,L1MLI1948,2004,2.219,0.0,0.0,0.0
Mali,MLI,Mopti,L1MLI1948,2006,1.162,0.0,0.0,0.0
Mali,MLI,Mopti,L1MLI1948,2007,0.569,0.0,0.0,0.0
Mali,MLI,Mopti,L1MLI1948,2008,1.0350000000000001,0.0,0.0,0.0
Mali,MLI,Mopti,L1MLI1948,2009,1.216,0.0,0.0,0.0
Mali,MLI,Mopti,L1MLI1948,2010,4.726,0.0,0.0,0.0
Mali,MLI,Mopti,L1MLI1948,2012,2.199,0.0,0.0,0.0
Mali,MLI,Mopti,L1MLI1948,2014,4.497737041000001,0.0,0.0,0.0
Mali,MLI,Sikasso,L1MLI1950,1984,1.239401954,3.71717518,0.0,1.991666667
Mali,MLI,Sikasso,L1MLI1950,1985,0.910299003,0.0,0.0,0.0
Mali,MLI,Sikasso,L1MLI1950,1987,1.248728581,0.0,0.0,0.0
Mali,MLI,Sikasso,L1MLI1950,1989,2.192012831,1.369863014,0.0,0.0
Mali,MLI,Sikasso,L1MLI1950,1990,0.0,0.0,0.256295634,0.0
Mali,MLI,Sikasso,L1MLI1950,1991,2.278028705,11.154889632,0.0,5.047233468
Mali,MLI,Sikasso,L1MLI1950,1992,1.438803576,0.0,0.0,0.0
Mali,MLI,Sikasso,L1MLI1950,1994,0.0,1.966485677,0.077728912,0.0
Mali,MLI,Sikasso,L1MLI1950,1998,1.468864723,0.0,0.0,0.0
Mali,MLI,Sikasso,L1MLI1950,2001,1.059,0.0,0.0,0.0
Mali,MLI,Sikasso,L1MLI1950,2002,1.306,0.0,0.0,0.0
Mali,MLI,Sikasso,L1MLI1950,2003,2.04,0.0,0.0,0.0
Mali,MLI,Sikasso,L1MLI1950,2004,5.166,0.0,0.0,0.0
Mali,MLI,Sikasso,L1MLI1950,2007,1.887,0.0,0.0,0.0
Mali,MLI,Sikasso,L1MLI1950,2008,3.756,0.0,0.0,0.0
Mali,MLI,Sikasso,L1MLI1950,2009,5.235,0.0,0.0,0.0
Mali,MLI,Sikasso,L1MLI1950,2010,4.8149999999999995,0.0,0.0,0.0
Mali,MLI,Sikasso,L1MLI1950,2011,1.076,0.0,0.0,0.0
Mali,MLI,Sikasso,L1MLI1950,2012,5.087,0.0,0.0,0.0
Mali,MLI,Sikasso,L1MLI1950,2014,7.177189697,0.0,0.0,0.0
Mali,MLI,Sikasso,L1MLI1950,2016,6.215210078,0.0,0.0,0.0
Mali,MLI,Ségou,L1MLI1949,1984,0.0,2.3892781490000004,0.0,0.0
Mali,MLI,Ségou,L1MLI1949,1985,0.0,0.0,0.138257845,0.0
Mali,MLI,Ségou,L1MLI1949,1990,0.0,0.0,0.0,73.94780943
Mali,MLI,Ségou,L1MLI1949,1991,3.646756279,2.835820896,0.0,0.0
Mali,MLI,Ségou,L1MLI1949,1992,0.0,0.0,0.0,63.93389199
Mali,MLI,Ségou,L1MLI1949,1994,5.665211242000001,0.0,0.695455889,79.467306326
Mali,MLI,Ségou,L1MLI1949,1998,3.331685506,0.0,0.0,0.0
Mali,MLI,Ségou,L1MLI1949,2001,2.07,0.0,0.0,0.0
Mali,MLI,Ségou,L1MLI1949,2002,3.787,0.0,0.0,0.0
Mali,MLI,Ségou,L1MLI1949,2003,1.379,0.0,0.0,0.0
Mali,MLI,Ségou,L1MLI1949,2004,5.888999999999999,0.0,0.0,0.0
Mali,MLI,Ségou,L1MLI1949,2005,4.172,0.0,0.0,0.0
Mali,MLI,Ségou,L1MLI1949,2007,0.884,0.0,0.0,0.0
Mali,MLI,Ségou,L1MLI1949,2008,2.303,0.0,0.0,0.0
Mali,MLI,Ségou,L1MLI1949,2009,7.776,0.0,0.0,0.0
Mali,MLI,Ségou,L1MLI1949,2010,3.654,0.0,0.0,0.0
Mali,MLI,Ségou,L1MLI1949,2012,0.668,0.0,0.0,0.0
Mali,MLI,Ségou,L1MLI1949,2014,4.830029041,0.0,0.0,0.0
Mali,MLI,Ségou,L1MLI1949,2016,5.041456572,0.0,0.0,0.0
Mali,MLI,Timbuktu,L1MLI1951,1986,0.0,1.111111111,0.0,0.0
Mali,MLI,Timbuktu,L1MLI1951,1988,1.954934719,0.0,0.0,0.0
Mali,MLI,Timbuktu,L1MLI1951,1989,1.464392093,0.0,0.0,0.0
Mali,MLI,Timbuktu,L1MLI1951,1990,1.359089949,0.0,0.0,0.0
Mali,MLI,Timbuktu,L1MLI1951,1994,5.0836431499999994,0.0,0.0,0.0
Mali,MLI,Timbuktu,L1MLI1951,1995,6.046310429,0.0,0.0,0.0
Mali,MLI,Timbuktu,L1MLI1951,1996,1.978205128,0.0,0.0,0.0
Mali,MLI,Timbuktu,L1MLI1951,2002,6.582,0.0,0.0,0.0
Mali,MLI,Timbuktu,L1MLI1951,2003,4.204000000000001,0.0,0.0,0.0
Mali,MLI,Timbuktu,L1MLI1951,2004,7.3309999999999995,0.0,0.0,0.0
Mali,MLI,Timbuktu,L1MLI1951,2005,0.067,0.0,0.0,0.0
Mali,MLI,Timbuktu,L1MLI1951,2006,1.131,0.0,0.0,0.0
Mali,MLI,Timbuktu,L1MLI1951,2007,3.957,0.0,0.0,0.0
Mali,MLI,Timbuktu,L1MLI1951,2008,3.104,0.0,0.0,0.0
Mali,MLI,Timbuktu,L1MLI1951,2009,4.838,0.0,0.0,0.0
Mali,MLI,Timbuktu,L1MLI1951,2010,3.902,0.0,0.0,0.0
Mali,MLI,Timbuktu,L1MLI1951,2012,5.377,0.0,0.0,0.0
Mali,MLI,Timbuktu,L1MLI1951,2013,0.606839328,0.0,0.0,0.0
Mali,MLI,Timbuktu,L1MLI1951,2014,8.501704611000001,0.0,0.0,0.0
Mali,MLI,Timbuktu,L1MLI1951,2018,3.489864865,0.0,0.0,0.0
Mauritania,MR,Adrar,L1MRT2030,1999,0.481203008,0.0,0.0,0.0
Mauritania,MR,Adrar,L1MRT2030,2000,0.3,0.0,0.0,0.0
Mauritania,MR,Adrar,L1MRT2030,2001,0.2,0.0,0.0,0.0
Mauritania,MR,Adrar,L1MRT2030,2003,0.352941176,0.0,0.0,0.0
Mauritania,MR,Adrar,L1MRT2030,2006,0.396396396,0.0,0.0,0.0
Mauritania,MR,Adrar,L1MRT2030,2007,0.392133492,0.0,0.0,0.0
Mauritania,MR,Adrar,L1MRT2030,2008,2.421153846,0.0,0.0,0.0
Mauritania,MR,Adrar,L1MRT2030,2010,2.54064528,0.0,0.399668325,0.0
Mauritania,MR,Adrar,L1MRT2030,2013,2.026430453,0.0,0.0,0.0
Mauritania,MR,Adrar,L1MRT2030,2016,2.287765829,0.0,0.0,0.0
Mauritania,MR,Assaba,L1MRT2031,1989,1.6945529009999998,0.0,0.0,0.0
Mauritania,MR,Assaba,L1MRT2031,1990,1.377321096,0.0,0.0,0.0
Mauritania,MR,Assaba,L1MRT2031,1991,0.938042005,0.0,0.0,0.0
Mauritania,MR,Assaba,L1MRT2031,1992,0.492805755,0.0,0.0,0.0
Mauritania,MR,Assaba,L1MRT2031,1993,1.1608937140000002,0.0,0.0,0.0
Mauritania,MR,Assaba,L1MRT2031,1998,1.10161729,0.0,0.0,0.0
Mauritania,MR,Assaba,L1MRT2031,1999,1.232754709,0.0,0.0,0.0
Mauritania,MR,Assaba,L1MRT2031,2000,1.674072034,0.0,0.0,0.0
Mauritania,MR,Assaba,L1MRT2031,2001,0.619632237,0.0,0.0,0.0
Mauritania,MR,Assaba,L1MRT2031,2002,0.717678407,0.0,0.0,0.0
Mauritania,MR,Assaba,L1MRT2031,2003,1.610441247,0.0,0.0,0.0
Mauritania,MR,Assaba,L1MRT2031,2004,0.32805202899999997,0.0,0.0,0.0
Mauritania,MR,Assaba,L1MRT2031,2005,1.0577819480000001,0.0,0.0,0.0
Mauritania,MR,Assaba,L1MRT2031,2006,0.9748406089999999,0.0,0.0,0.0
Mauritania,MR,Assaba,L1MRT2031,2007,0.897058125,0.0,0.0,0.0
Mauritania,MR,Assaba,L1MRT2031,2008,3.191535409,0.0,0.0,0.0
Mauritania,MR,Assaba,L1MRT2031,2009,0.6,0.0,0.0,0.0
Mauritania,MR,Assaba,L1MRT2031,2010,3.813094287,0.0,0.458970493,0.0
Mauritania,MR,Assaba,L1MRT2031,2011,0.8578704989999999,0.0,0.0,0.0
Mauritania,MR,Assaba,L1MRT2031,2012,3.003744723,0.0,0.0,0.0
Mauritania,MR,Assaba,L1MRT2031,2013,3.272560895,0.0,0.0,0.0
Mauritania,MR,Assaba,L1MRT2031,2014,1.217880522,0.0,0.0,0.0
Mauritania,MR,Assaba,L1MRT2031,2015,1.252046354,0.0,0.0,0.0
Mauritania,MR,Assaba,L1MRT2031,2016,2.257658745,0.0,0.0,0.0
Mauritania,MR,Brakna,L1MRT2032,1989,1.6975559310000001,0.0,0.49984051,0.0
Mauritania,MR,Brakna,L1MRT2032,1990,1.940084297,0.0,0.436386055,0.0
Mauritania,MR,Brakna,L1MRT2032,1991,0.781106699,0.0,0.40077821,0.0
Mauritania,MR,Brakna,L1MRT2032,1992,1.051668704,0.0,0.0,0.0
Mauritania,MR,Brakna,L1MRT2032,1993,1.258573739,0.0,0.294547398,0.0
Mauritania,MR,Brakna,L1MRT2032,1998,1.119877038,0.0,0.0,0.0
Mauritania,MR,Brakna,L1MRT2032,1999,1.5171869550000001,0.0,0.0,0.0
Mauritania,MR,Brakna,L1MRT2032,2000,5.8713714790000004,0.0,0.0,0.0
Mauritania,MR,Brakna,L1MRT2032,2001,5.7632215040000006,0.0,0.0,0.0
Mauritania,MR,Brakna,L1MRT2032,2002,4.94677567,0.0,0.0,0.0
Mauritania,MR,Brakna,L1MRT2032,2003,5.815996663,0.0,0.0,0.0
Mauritania,MR,Brakna,L1MRT2032,2004,4.846581014,0.0,0.0,0.0
Mauritania,MR,Brakna,L1MRT2032,2005,7.6363773880000005,0.0,0.0,0.0
Mauritania,MR,Brakna,L1MRT2032,2006,5.54834746,0.0,0.0,0.0
Mauritania,MR,Brakna,L1MRT2032,2007,5.739107869000001,0.0,0.0,0.0
Mauritania,MR,Brakna,L1MRT2032,2008,5.381693437999999,0.0,0.0,0.0
Mauritania,MR,Brakna,L1MRT2032,2009,5.736612054999999,0.0,0.0,0.0
Mauritania,MR,Brakna,L1MRT2032,2010,7.698783368000001,0.0,0.398812665,0.0
Mauritania,MR,Brakna,L1MRT2032,2011,8.656541217000001,0.0,0.0,0.0
Mauritania,MR,Brakna,L1MRT2032,2012,9.297949612,0.0,0.0,0.0
Mauritania,MR,Brakna,L1MRT2032,2013,8.850880984,0.0,0.0,0.0
Mauritania,MR,Brakna,L1MRT2032,2014,5.505365209000001,0.0,0.0,0.0
Mauritania,MR,Brakna,L1MRT2032,2015,5.387358687999999,0.0,0.0,0.0
Mauritania,MR,Brakna,L1MRT2032,2016,10.013368324,0.0,0.0,0.0
Mauritania,MR,Brakna,L1MRT2032,2017,3.129436326,0.0,0.0,0.0
Mauritania,MR,Brakna,L1MRT2032,2018,5.41376702,0.0,0.0,0.0
Mauritania,MR,Brakna,L1MRT2032,2019,5.292091837,0.0,0.0,0.0
Mauritania,MR,Gorgol,L1MRT2034,1989,1.7361895129999998,0.0,0.499851412,0.0
Mauritania,MR,Gorgol,L1MRT2034,1990,1.733188169,0.0,0.700538099,0.0
Mauritania,MR,Gorgol,L1MRT2034,1991,1.044246182,0.0,0.215072633,0.0
Mauritania,MR,Gorgol,L1MRT2034,1992,2.323331933,0.0,0.236269193,0.0
Mauritania,MR,Gorgol,L1MRT2034,1993,1.4302513970000001,0.0,0.199909543,0.0
Mauritania,MR,Gorgol,L1MRT2034,1998,1.4328651879999998,0.0,0.0,0.0
Mauritania,MR,Gorgol,L1MRT2034,1999,1.323355946,0.0,0.0,0.0
Mauritania,MR,Gorgol,L1MRT2034,2000,5.788827735,0.0,0.0,0.0
Mauritania,MR,Gorgol,L1MRT2034,2001,5.974109995,0.0,0.0,0.0
Mauritania,MR,Gorgol,L1MRT2034,2002,5.052365505,0.0,0.0,0.0
Mauritania,MR,Gorgol,L1MRT2034,2003,6.529601492,0.0,0.0,0.0
Mauritania,MR,Gorgol,L1MRT2034,2004,4.21423934,0.0,0.0,0.0
Mauritania,MR,Gorgol,L1MRT2034,2005,9.900047678,0.0,0.0,0.0
Mauritania,MR,Gorgol,L1MRT2034,2006,5.262331866,0.0,0.0,0.0
Mauritania,MR,Gorgol,L1MRT2034,2007,5.898737071,0.0,0.0,0.0
Mauritania,MR,Gorgol,L1MRT2034,2008,5.200024017,0.0,0.0,0.0
Mauritania,MR,Gorgol,L1MRT2034,2009,5.692962364,0.0,0.0,0.0
Mauritania,MR,Gorgol,L1MRT2034,2010,4.8991123750000005,0.0,0.460781557,0.0
Mauritania,MR,Gorgol,L1MRT2034,2011,5.354969945,0.0,0.0,0.0
Mauritania,MR,Gorgol,L1MRT2034,2012,4.691835934,0.0,0.0,0.0
Mauritania,MR,Gorgol,L1MRT2034,2013,6.842632255,0.0,0.0,0.0
Mauritania,MR,Gorgol,L1MRT2034,2014,5.146371223,0.0,0.0,0.0
Mauritania,MR,Gorgol,L1MRT2034,2015,5.796404063999999,0.0,0.0,0.0
Mauritania,MR,Gorgol,L1MRT2034,2016,7.3280702699999996,0.0,0.0,0.0
Mauritania,MR,Gorgol,L1MRT2034,2017,3.678454486,0.0,0.0,0.0
Mauritania,MR,Gorgol,L1MRT2034,2018,5.114877589,0.0,0.0,0.0
Mauritania,MR,Gorgol,L1MRT2034,2019,4.699159664,0.0,0.0,0.0
Mauritania,MR,Guidimaka,L1MRT2035,1989,2.3408392879999997,0.0,0.5,0.0
Mauritania,MR,Guidimaka,L1MRT2035,1990,2.169506726,0.0,0.692571429,0.0
Mauritania,MR,Guidimaka,L1MRT2035,1991,1.320237812,0.0,0.0,0.0
Mauritania,MR,Guidimaka,L1MRT2035,1992,0.50030175,0.0,0.0,0.0
Mauritania,MR,Guidimaka,L1MRT2035,1993,1.284719771,0.0,0.397959184,0.0
Mauritania,MR,Guidimaka,L1MRT2035,1998,0.327777778,0.0,0.0,0.0
Mauritania,MR,Guidimaka,L1MRT2035,1999,1.7617525619999999,0.0,0.0,0.0
Mauritania,MR,Guidimaka,L1MRT2035,2000,6.089981154,0.0,0.0,0.0
Mauritania,MR,Guidimaka,L1MRT2035,2001,3.0691465090000003,0.0,0.0,0.0
Mauritania,MR,Guidimaka,L1MRT2035,2002,4.41927674,0.0,0.0,0.0
Mauritania,MR,Guidimaka,L1MRT2035,2003,5.976462495,0.0,0.0,0.0
Mauritania,MR,Guidimaka,L1MRT2035,2004,3.774159084,0.0,0.0,0.0
Mauritania,MR,Guidimaka,L1MRT2035,2005,6.910797614,0.0,0.0,0.0
Mauritania,MR,Guidimaka,L1MRT2035,2006,5.792370224,0.0,0.0,0.0
Mauritania,MR,Guidimaka,L1MRT2035,2007,6.2949322389999995,0.0,0.0,0.0
Mauritania,MR,Guidimaka,L1MRT2035,2008,5.514970542,0.0,0.0,0.0
Mauritania,MR,Guidimaka,L1MRT2035,2009,4.530728457,0.0,0.0,0.0
Mauritania,MR,Guidimaka,L1MRT2035,2010,5.711544109,0.0,0.424924925,0.0
Mauritania,MR,Guidimaka,L1MRT2035,2011,5.056462762000001,0.0,0.0,0.0
Mauritania,MR,Guidimaka,L1MRT2035,2012,1.2547079239999999,0.0,0.0,0.0
Mauritania,MR,Guidimaka,L1MRT2035,2013,5.171827257,0.0,0.0,0.0
Mauritania,MR,Guidimaka,L1MRT2035,2014,5.515184454,0.0,0.0,0.0
Mauritania,MR,Guidimaka,L1MRT2035,2015,7.484435375,0.0,0.0,0.0
Mauritania,MR,Guidimaka,L1MRT2035,2016,6.103724588,0.0,0.0,0.0
Mauritania,MR,Guidimaka,L1MRT2035,2017,2.737654321,0.0,0.0,0.0
Mauritania,MR,Guidimaka,L1MRT2035,2018,5.36097561,0.0,0.0,0.0
Mauritania,MR,Guidimaka,L1MRT2035,2019,5.281954887,0.0,0.0,0.0
Mauritania,MR,Hodh ech Chargui,L1MRT2036,1989,0.850516425,0.0,0.406300053,0.0
Mauritania,MR,Hodh ech Chargui,L1MRT2036,1990,1.6511456510000002,0.0,0.682590288,0.0
Mauritania,MR,Hodh ech Chargui,L1MRT2036,1991,0.479233636,0.0,0.5,0.0
Mauritania,MR,Hodh ech Chargui,L1MRT2036,1993,0.653462953,0.0,0.435028249,0.0
Mauritania,MR,Hodh ech Chargui,L1MRT2036,1998,0.542337707,0.0,0.0,0.0
Mauritania,MR,Hodh ech Chargui,L1MRT2036,1999,0.959772424,0.0,0.0,0.0
Mauritania,MR,Hodh ech Chargui,L1MRT2036,2000,0.613268367,0.0,0.0,0.0
Mauritania,MR,Hodh ech Chargui,L1MRT2036,2001,0.696689411,0.0,0.0,0.0
Mauritania,MR,Hodh ech Chargui,L1MRT2036,2002,0.405047208,0.0,0.0,0.0
Mauritania,MR,Hodh ech Chargui,L1MRT2036,2003,0.783948302,0.0,0.0,0.0
Mauritania,MR,Hodh ech Chargui,L1MRT2036,2004,0.199588407,0.0,0.0,0.0
Mauritania,MR,Hodh ech Chargui,L1MRT2036,2005,0.997140547,0.0,0.0,0.0
Mauritania,MR,Hodh ech Chargui,L1MRT2036,2006,0.598044727,0.0,0.0,0.0
Mauritania,MR,Hodh ech Chargui,L1MRT2036,2007,1.48546153,0.0,0.0,0.0
Mauritania,MR,Hodh ech Chargui,L1MRT2036,2008,0.771246121,0.0,0.0,0.0
Mauritania,MR,Hodh ech Chargui,L1MRT2036,2009,0.8998477739999999,0.0,0.0,0.0
Mauritania,MR,Hodh ech Chargui,L1MRT2036,2010,0.759000847,0.0,0.382968127,0.0
Mauritania,MR,Hodh ech Chargui,L1MRT2036,2011,1.134761964,0.0,0.0,0.0
Mauritania,MR,Hodh ech Chargui,L1MRT2036,2012,3.70970579,0.0,0.0,0.0
Mauritania,MR,Hodh ech Chargui,L1MRT2036,2013,0.744497596,0.0,0.0,0.0
Mauritania,MR,Hodh ech Chargui,L1MRT2036,2014,0.607267709,0.0,0.0,0.0
Mauritania,MR,Hodh ech Chargui,L1MRT2036,2015,0.6288745680000001,0.0,0.0,0.0
Mauritania,MR,Hodh ech Chargui,L1MRT2036,2016,1.317915572,0.0,0.0,0.0
Mauritania,MR,Hodh el Gharbi,L1MRT2037,1989,1.8070128180000002,0.0,0.415700268,0.0
Mauritania,MR,Hodh el Gharbi,L1MRT2037,1990,1.722094411,0.0,0.400075415,0.0
Mauritania,MR,Hodh el Gharbi,L1MRT2037,1991,0.6584270400000001,0.0,0.4,0.0
Mauritania,MR,Hodh el Gharbi,L1MRT2037,1992,0.458151289,0.0,0.401496259,0.0
Mauritania,MR,Hodh el Gharbi,L1MRT2037,1993,1.025167664,0.0,0.100871731,0.0
Mauritania,MR,Hodh el Gharbi,L1MRT2037,1998,0.317848165,0.0,0.0,0.0
Mauritania,MR,Hodh el Gharbi,L1MRT2037,1999,0.851256396,0.0,0.0,0.0
Mauritania,MR,Hodh el Gharbi,L1MRT2037,2000,1.4017165790000001,0.0,0.0,0.0
Mauritania,MR,Hodh el Gharbi,L1MRT2037,2001,0.75017841,0.0,0.0,0.0
Mauritania,MR,Hodh el Gharbi,L1MRT2037,2002,0.203166227,0.0,0.0,0.0
Mauritania,MR,Hodh el Gharbi,L1MRT2037,2003,1.262339717,0.0,0.0,0.0
Mauritania,MR,Hodh el Gharbi,L1MRT2037,2004,0.50277647,0.0,0.0,0.0
Mauritania,MR,Hodh el Gharbi,L1MRT2037,2005,3.308690077,0.0,0.0,0.0
Mauritania,MR,Hodh el Gharbi,L1MRT2037,2006,0.399235323,0.0,0.0,0.0
Mauritania,MR,Hodh el Gharbi,L1MRT2037,2007,0.501528185,0.0,0.0,0.0
Mauritania,MR,Hodh el Gharbi,L1MRT2037,2008,3.001484597,0.0,0.0,0.0
Mauritania,MR,Hodh el Gharbi,L1MRT2037,2009,0.80213378,0.0,0.0,0.0
Mauritania,MR,Hodh el Gharbi,L1MRT2037,2010,1.0558094759999999,0.0,0.378971693,0.0
Mauritania,MR,Hodh el Gharbi,L1MRT2037,2011,0.691662721,0.0,0.0,0.0
Mauritania,MR,Hodh el Gharbi,L1MRT2037,2012,3.056009983,0.0,0.0,0.0
Mauritania,MR,Hodh el Gharbi,L1MRT2037,2013,0.914437953,0.0,0.0,0.0
Mauritania,MR,Hodh el Gharbi,L1MRT2037,2014,0.532903267,0.0,0.0,0.0
Mauritania,MR,Hodh el Gharbi,L1MRT2037,2015,1.1889199280000002,0.0,0.0,0.0
Mauritania,MR,Hodh el Gharbi,L1MRT2037,2016,2.754676319,0.0,0.0,0.0
Mauritania,MR,Inchiri,L1MRT2038,2006,0.400763359,0.0,0.0,0.0
Mauritania,MR,Inchiri,L1MRT2038,2007,0.400763359,0.0,0.0,0.0
Mauritania,MR,Inchiri,L1MRT2038,2010,0.457703927,0.0,0.399193548,0.0
Mauritania,MR,Inchiri,L1MRT2038,2013,0.36163522,0.0,0.0,0.0
Mauritania,MR,Inchiri,L1MRT2038,2016,0.326086957,0.0,0.0,0.0
Mauritania,MR,Tagant,L1MRT2040,1992,0.37,0.0,0.0,0.0
Mauritania,MR,Tagant,L1MRT2040,1998,0.585123967,0.0,0.0,0.0
Mauritania,MR,Tagant,L1MRT2040,1999,1.078623986,0.0,0.0,0.0
Mauritania,MR,Tagant,L1MRT2040,2000,1.068231097,0.0,0.0,0.0
Mauritania,MR,Tagant,L1MRT2040,2001,3.363164721,0.0,0.0,0.0
Mauritania,MR,Tagant,L1MRT2040,2002,0.194814296,0.0,0.0,0.0
Mauritania,MR,Tagant,L1MRT2040,2003,2.746833214,0.0,0.0,0.0
Mauritania,MR,Tagant,L1MRT2040,2004,2.11150918,0.0,0.0,0.0
Mauritania,MR,Tagant,L1MRT2040,2005,3.288790182,0.0,0.0,0.0
Mauritania,MR,Tagant,L1MRT2040,2006,1.213356613,0.0,0.0,0.0
Mauritania,MR,Tagant,L1MRT2040,2007,0.311086597,0.0,0.0,0.0
Mauritania,MR,Tagant,L1MRT2040,2008,2.6773344420000003,0.0,0.0,0.0
Mauritania,MR,Tagant,L1MRT2040,2009,0.300052549,0.0,0.0,0.0
Mauritania,MR,Tagant,L1MRT2040,2010,2.769555595,0.0,0.48660391,0.0
Mauritania,MR,Tagant,L1MRT2040,2011,0.204474967,0.0,0.0,0.0
Mauritania,MR,Tagant,L1MRT2040,2012,2.300252845,0.0,0.0,0.0
Mauritania,MR,Tagant,L1MRT2040,2013,2.344776248,0.0,0.0,0.0
Mauritania,MR,Tagant,L1MRT2040,2014,0.142757173,0.0,0.0,0.0
Mauritania,MR,Tagant,L1MRT2040,2015,0.348890855,0.0,0.0,0.0
Mauritania,MR,Tagant,L1MRT2040,2016,1.834619999,0.0,0.0,0.0
Mauritania,MR,Trarza,L1MRT2042,1989,1.740306442,0.0,0.5,0.0
Mauritania,MR,Trarza,L1MRT2042,1990,0.749405045,0.0,0.211538462,0.0
Mauritania,MR,Trarza,L1MRT2042,1991,0.8,0.0,0.400452489,0.0
Mauritania,MR,Trarza,L1MRT2042,1992,1.590078264,0.0,0.512195122,0.0
Mauritania,MR,Trarza,L1MRT2042,1993,1.44,0.0,0.0,0.0
Mauritania,MR,Trarza,L1MRT2042,1998,0.799607073,0.0,0.0,0.0
Mauritania,MR,Trarza,L1MRT2042,1999,1.409814324,0.0,0.0,0.0
Mauritania,MR,Trarza,L1MRT2042,2000,6.504790578,0.0,0.0,0.0
Mauritania,MR,Trarza,L1MRT2042,2001,5.093437699,0.0,0.0,0.0
Mauritania,MR,Trarza,L1MRT2042,2002,5.438930616,0.0,0.0,0.0
Mauritania,MR,Trarza,L1MRT2042,2003,5.89620928,0.0,0.0,0.0
Mauritania,MR,Trarza,L1MRT2042,2004,5.470037045,0.0,0.0,0.0
Mauritania,MR,Trarza,L1MRT2042,2005,5.612551133999999,0.0,0.0,0.0
Mauritania,MR,Trarza,L1MRT2042,2006,3.220056022,0.0,0.0,0.0
Mauritania,MR,Trarza,L1MRT2042,2007,5.810300935,0.0,0.0,0.0
Mauritania,MR,Trarza,L1MRT2042,2008,4.800013395,0.0,0.0,0.0
Mauritania,MR,Trarza,L1MRT2042,2009,5.350668112,0.0,0.0,0.0
Mauritania,MR,Trarza,L1MRT2042,2010,7.062563504,0.0,0.0,0.0
Mauritania,MR,Trarza,L1MRT2042,2011,6.353687883999999,0.0,0.0,0.0
Mauritania,MR,Trarza,L1MRT2042,2012,7.117667199000001,0.0,0.0,0.0
Mauritania,MR,Trarza,L1MRT2042,2013,6.621652677,0.0,0.0,0.0
Mauritania,MR,Trarza,L1MRT2042,2014,5.2200133,0.0,0.0,0.0
Mauritania,MR,Trarza,L1MRT2042,2015,4.625068175,0.0,0.0,0.0
Mauritania,MR,Trarza,L1MRT2042,2016,10.630381235,0.0,0.0,0.0
Mauritania,MR,Trarza,L1MRT2042,2017,5.06091916,0.0,0.0,0.0
Mauritania,MR,Trarza,L1MRT2042,2018,3.930529201,0.0,0.0,0.0
Mauritania,MR,Trarza,L1MRT2042,2019,3.492434741,0.0,0.0,0.0
Mauritania,MRT,Assaba,L1MRT2031,1992,0.949410523,0.0,0.460683082,0.0
Mauritania,MRT,Brakna,L1MRT2032,1992,0.0,0.0,0.400926586,0.0
Mauritania,MRT,Guidimaka,L1MRT2035,1992,1.0077038649999999,0.0,0.408163265,0.0
Mauritania,MRT,Hodh ech Chargui,L1MRT2036,1992,0.653561226,0.0,0.435462842,0.0
Morocco,MAR,Guelmim - Es-Semara,L1MAR1754,1996,5.003761979,0.0,3.948275862,0.0
Morocco,MAR,Marrakech - Tensift - Al Haouz,L1MAR1756,1996,3.68958501,0.0,2.810958989,1.5
Morocco,MAR,Oriental,L1MAR1758,1996,4.684303313,0.0,0.8687499999999999,104.74086957
Morocco,MAR,Souss - Massa - Draâ,L1MAR1760,1996,5.339448122,0.0,2.10843951,0.0
Mozambique,MOZ,Cabo Delgado,L1MOZ2019,1999,0.0,2.543038405,0.46680417,0.0
Mozambique,MOZ,Cabo Delgado,L1MOZ2019,2012,0.9425407509999999,0.0,0.292098307,1.118436785
Mozambique,MOZ,Cabo Delgado,L1MOZ2019,2014,0.425140797,0.0,0.511940639,1.13898057
Mozambique,MOZ,Cabo Delgado,L1MOZ2019,2015,0.672954587,0.0,0.191496256,0.532337311
Mozambique,MOZ,Gaza,L1MOZ2020,1999,0.850017551,6.483975956,0.48493622,0.708588064
Mozambique,MOZ,Gaza,L1MOZ2020,2012,0.195452758,0.0,0.279908454,6.531914894
Mozambique,MOZ,Gaza,L1MOZ2020,2014,1.0,0.0,0.240452862,0.0
Mozambique,MOZ,Gaza,L1MOZ2020,2015,14.404710610999999,0.0,0.138990536,0.0
Mozambique,MOZ,Inhambane,L1MOZ2021,2012,0.466994397,0.0,0.148699618,0.0
Mozambique,MOZ,Inhambane,L1MOZ2021,2014,0.0,0.0,0.194912291,0.132930514
Mozambique,MOZ,Inhambane,L1MOZ2021,2015,0.6646911209999999,0.0,0.159518281,0.0
Mozambique,MOZ,Manica,L1MOZ2022,1999,0.078818993,0.0,0.0,0.0
Mozambique,MOZ,Manica,L1MOZ2022,2012,0.0,0.0,0.28645289,1.3984025039999999
Mozambique,MOZ,Manica,L1MOZ2022,2014,0.0,0.0,1.596574948,0.636615205
Mozambique,MOZ,Manica,L1MOZ2022,2015,2.101706097,0.0,0.264626018,1.823232323
Mozambique,MOZ,Maputo,L1MOZ2023,1999,0.0,0.0,0.354259043,0.0
Mozambique,MOZ,Maputo,L1MOZ2023,2012,0.9228124630000001,0.0,0.434136172,0.0
Mozambique,MOZ,Maputo,L1MOZ2023,2014,0.0,0.0,8.704020209,0.0
Mozambique,MOZ,Maputo,L1MOZ2023,2015,2.2276048,0.0,0.460880854,0.0
Mozambique,MOZ,Nampula,L1MOZ2025,1999,0.0,1.475895781,0.658003187,0.0
Mozambique,MOZ,Nampula,L1MOZ2025,2012,0.427378666,0.0,0.839478774,2.796316455
Mozambique,MOZ,Nampula,L1MOZ2025,2014,0.249881908,0.0,0.655655995,2.103261999
Mozambique,MOZ,Nampula,L1MOZ2025,2015,0.810607887,0.0,0.257852718,0.980137011
Mozambique,MOZ,Nassa,L1MOZ2026,2012,1.219508287,0.0,0.9749378790000001,2.29989879
Mozambique,MOZ,Nassa,L1MOZ2026,2014,1.759695264,0.0,0.858841188,2.5292075880000002
Mozambique,MOZ,Nassa,L1MOZ2026,2015,0.789342421,0.0,0.240999771,1.782678968
Mozambique,MOZ,Sofala,L1MOZ2027,2012,0.0,0.0,0.118782914,1.524047871
Mozambique,MOZ,Sofala,L1MOZ2027,2014,0.0,0.0,0.266801347,0.675813953
Mozambique,MOZ,Sofala,L1MOZ2027,2015,1.016462468,0.0,0.311251314,0.0
Mozambique,MOZ,Tete,L1MOZ2028,2012,0.596162756,0.0,0.826335102,1.182149629
Mozambique,MOZ,Tete,L1MOZ2028,2014,1.0,0.0,0.83043007,1.084102509
Mozambique,MOZ,Tete,L1MOZ2028,2015,1.569339551,0.0,0.882437597,2.200205188
Mozambique,MOZ,Zambezia,L1MOZ2029,1999,1.15266477,0.0,0.489963269,0.0
Mozambique,MOZ,Zambezia,L1MOZ2029,2012,0.382692668,0.0,1.0334575000000001,1.13674264
Mozambique,MOZ,Zambezia,L1MOZ2029,2014,0.0,0.0,0.646982999,1.721743902
Mozambique,MOZ,Zambezia,L1MOZ2029,2015,1.204022561,0.0,0.77271727,2.28843763
Mozambique,MZ,Cabo Delgado,L1MOZ2019,1999,2.529677008,0.0,0.746528784,0.52746638
Mozambique,MZ,Cabo Delgado,L1MOZ2019,2000,1.215539156,5.9,0.83118699,0.0
Mozambique,MZ,Cabo Delgado,L1MOZ2019,2001,1.3823392179999998,6.1,0.802536978,0.0
Mozambique,MZ,Cabo Delgado,L1MOZ2019,2002,4.555988138,16.725163101,7.1473410049999995,1.339538148
Mozambique,MZ,Cabo Delgado,L1MOZ2019,2003,2.076901412,7.0,0.9890040790000001,1.371194259
Mozambique,MZ,Cabo Delgado,L1MOZ2019,2005,3.3583149800000003,8.41870155,2.906448012,7.807114976
Mozambique,MZ,Cabo Delgado,L1MOZ2019,2006,3.630887931,9.72182447,3.01473069,9.461025974
Mozambique,MZ,Cabo Delgado,L1MOZ2019,2007,1.48628305,6.30430303,1.623222769,0.370707011
Mozambique,MZ,Cabo Delgado,L1MOZ2019,2008,1.437066602,8.108926056,1.70707039,0.588160377
Mozambique,MZ,Cabo Delgado,L1MOZ2019,2009,2.348321693,8.51745443,1.217832749,0.0
Mozambique,MZ,Cabo Delgado,L1MOZ2019,2010,4.352967758,15.54305535,0.950735908,0.0
Mozambique,MZ,Cabo Delgado,L1MOZ2019,2012,1.057097384,7.69018583,0.6318403880000001,0.0
Mozambique,MZ,Cabo Delgado,L1MOZ2019,2014,1.932718607,3.779990485,0.61658784,0.0
Mozambique,MZ,Cabo Delgado,L1MOZ2019,2015,1.0309148289999999,7.470503965,0.780392027,0.177083333
Mozambique,MZ,Cabo Delgado,L1MOZ2019,2016,1.527148598,6.964053776,1.125839533,0.0
Mozambique,MZ,Cabo Delgado,L1MOZ2019,2017,1.215832094,8.11123981,1.571706248,0.0
Mozambique,MZ,Cabo Delgado,L1MOZ2019,2018,3.4363576680000003,8.184428414,1.7745635009999998,0.0
Mozambique,MZ,Cabo Delgado,L1MOZ2019,2019,3.679356669,8.61396441,1.760155176,0.0
Mozambique,MZ,Cabo Delgado,L1MOZ2019,2020,1.992421343,12.67583516,1.465142559,0.280057595
Mozambique,MZ,Cabo Delgado,L1MOZ2019,2021,2.121694769,12.76168433,1.386064654,0.0
Mozambique,MZ,Cabo Delgado,L1MOZ2019,2022,2.894478082,8.188753603,2.421289882,0.0
Mozambique,MZ,Gaza,L1MOZ2020,1999,3.018829772,0.0,0.311918009,0.0
Mozambique,MZ,Gaza,L1MOZ2020,2000,0.969832586,0.0,0.6444252260000001,0.0
Mozambique,MZ,Gaza,L1MOZ2020,2001,0.411930186,5.468975808,0.532304686,0.0
Mozambique,MZ,Gaza,L1MOZ2020,2002,2.772664992,9.466977457,2.282144978,0.02
Mozambique,MZ,Gaza,L1MOZ2020,2003,2.576866694,4.020642421,0.544206469,0.75
Mozambique,MZ,Gaza,L1MOZ2020,2004,0.9337822600000001,5.016527771,0.670762791,0.0
Mozambique,MZ,Gaza,L1MOZ2020,2005,3.472576376,8.170833333,0.717327893,0.0
Mozambique,MZ,Gaza,L1MOZ2020,2006,2.524557261,9.843478777,1.527252485,0.0
Mozambique,MZ,Gaza,L1MOZ2020,2007,1.804922017,9.958852259,0.753469297,0.243902439
Mozambique,MZ,Gaza,L1MOZ2020,2008,1.287904736,7.976286815,0.908799971,0.0
Mozambique,MZ,Gaza,L1MOZ2020,2009,1.0601995739999999,6.435235035,0.604496574,0.0
Mozambique,MZ,Gaza,L1MOZ2020,2010,1.35851487,5.471904979,0.44629156,0.0
Mozambique,MZ,Gaza,L1MOZ2020,2012,1.377769619,5.188526316,1.226796875,0.0
Mozambique,MZ,Gaza,L1MOZ2020,2014,0.987900932,4.493955224,0.301355617,0.0
Mozambique,MZ,Gaza,L1MOZ2020,2015,0.373145121,5.813895159,0.7968905609999999,0.0
Mozambique,MZ,Gaza,L1MOZ2020,2016,2.013383134,5.672101976,0.707630034,0.0
Mozambique,MZ,Gaza,L1MOZ2020,2017,1.8168154779999999,6.254266605,0.364400034,0.0
Mozambique,MZ,Gaza,L1MOZ2020,2018,6.159749253,7.316908883,0.841520346,0.0
Mozambique,MZ,Gaza,L1MOZ2020,2019,5.928661313999999,7.69668457,0.884136931,0.0
Mozambique,MZ,Gaza,L1MOZ2020,2020,0.599816182,4.339302192,0.7427012639999999,0.0
Mozambique,MZ,Gaza,L1MOZ2020,2021,3.65514047,4.368743765,0.533656376,0.0
Mozambique,MZ,Gaza,L1MOZ2020,2022,5.064866639,2.803285927,0.935274196,0.0
Mozambique,MZ,Inhambane,L1MOZ2021,1999,2.829998261,6.0,1.01499469,0.0
Mozambique,MZ,Inhambane,L1MOZ2021,2000,1.341421349,0.0,0.689984751,0.0
Mozambique,MZ,Inhambane,L1MOZ2021,2001,1.1979286820000001,10.1908266,0.47021561700000003,0.0
Mozambique,MZ,Inhambane,L1MOZ2021,2002,1.3613255130000002,21.548836263,1.0020563500000002,1.1464864860000001
Mozambique,MZ,Inhambane,L1MOZ2021,2003,1.147028287,5.197602282,0.5281348260000001,0.901785714
Mozambique,MZ,Inhambane,L1MOZ2021,2004,0.982727115,5.83813113,0.544943841,0.0
Mozambique,MZ,Inhambane,L1MOZ2021,2005,1.815446911,18.45710952,1.2386306,0.0
Mozambique,MZ,Inhambane,L1MOZ2021,2006,2.2547078259999997,17.49381984,1.5025862879999998,1.971162791
Mozambique,MZ,Inhambane,L1MOZ2021,2007,1.145800284,8.857062545,0.776403971,0.6130303029999999
Mozambique,MZ,Inhambane,L1MOZ2021,2008,0.861018858,8.801403616,0.686446641,0.07
Mozambique,MZ,Inhambane,L1MOZ2021,2009,1.0630817179999998,7.520452945,0.490520498,0.0
Mozambique,MZ,Inhambane,L1MOZ2021,2010,1.428898745,5.004275891,0.387500458,0.0
Mozambique,MZ,Inhambane,L1MOZ2021,2012,0.49240608799999996,4.079965338,0.31945454500000003,0.0
Mozambique,MZ,Inhambane,L1MOZ2021,2014,1.042952192,6.68141252,0.306294278,0.0
Mozambique,MZ,Inhambane,L1MOZ2021,2015,0.216577018,7.413387268,0.289411818,0.0
Mozambique,MZ,Inhambane,L1MOZ2021,2016,1.7629652869999999,16.6456153,1.10189663,0.0
Mozambique,MZ,Inhambane,L1MOZ2021,2017,1.419519851,22.03060194,1.652048835,0.0
Mozambique,MZ,Inhambane,L1MOZ2021,2018,4.174961218,31.9182504,1.208914255,0.0
Mozambique,MZ,Inhambane,L1MOZ2021,2019,4.3445683289999995,29.36290898,1.196820212,0.0
Mozambique,MZ,Inhambane,L1MOZ2021,2020,0.677058929,8.300847318,0.275964097,0.02
Mozambique,MZ,Inhambane,L1MOZ2021,2021,0.728115595,8.357135964,0.368953037,0.0
Mozambique,MZ,Inhambane,L1MOZ2021,2022,1.017067223,5.362467038,0.638542882,0.0
Mozambique,MZ,Manica,L1MOZ2022,1999,0.438396042,0.0,3.175298805,0.0
Mozambique,MZ,Manica,L1MOZ2022,2000,1.9732168360000002,0.0,1.091041462,0.0
Mozambique,MZ,Manica,L1MOZ2022,2001,1.7477833670000003,5.2,1.08932341,0.0
Mozambique,MZ,Manica,L1MOZ2022,2002,2.884895289,166.0815993,1.836718242,48.200505695
Mozambique,MZ,Manica,L1MOZ2022,2003,4.958002184,5.821856334,0.647061363,9.133773741
Mozambique,MZ,Manica,L1MOZ2022,2004,1.904162366,6.0,0.760170175,0.0
Mozambique,MZ,Manica,L1MOZ2022,2005,4.081466323000001,165.0231819,1.776728564,4.176465141
Mozambique,MZ,Manica,L1MOZ2022,2006,6.206179667000001,168.419023835,1.922226472,0.849985285
Mozambique,MZ,Manica,L1MOZ2022,2007,2.577255656,17.521309045000002,0.963993712,0.937812438
Mozambique,MZ,Manica,L1MOZ2022,2008,1.8241698129999997,13.657726428,1.155082945,1.424533333
Mozambique,MZ,Manica,L1MOZ2022,2009,1.894163486,5.31523202,0.840073541,0.0
Mozambique,MZ,Manica,L1MOZ2022,2010,1.902905482,5.865488086,0.122249752,0.0
Mozambique,MZ,Manica,L1MOZ2022,2012,2.360811082,7.523037037,0.6787422679999999,0.0
Mozambique,MZ,Manica,L1MOZ2022,2014,2.9069436250000003,3.340397351,0.49580724099999995,0.0
Mozambique,MZ,Manica,L1MOZ2022,2015,0.0,18.75334881,2.271053378,0.607476636
Mozambique,MZ,Manica,L1MOZ2022,2016,2.2380687569999997,15.4351909,0.825955923,0.0
Mozambique,MZ,Manica,L1MOZ2022,2017,1.990989321,17.49926686,0.5749081269999999,0.0
Mozambique,MZ,Manica,L1MOZ2022,2018,7.454932476,19.8703908,0.788400816,0.0
Mozambique,MZ,Manica,L1MOZ2022,2019,5.3742572189999995,20.85074158,1.0225070820000002,0.0
Mozambique,MZ,Manica,L1MOZ2022,2020,2.159359841,8.310696937,1.028302043,0.141284404
Mozambique,MZ,Manica,L1MOZ2022,2021,2.2863160760000003,8.367153496,1.209437769,0.0
Mozambique,MZ,Manica,L1MOZ2022,2022,3.114851706,5.368984928,2.11294303,0.0
Mozambique,MZ,Maputo,L1MOZ2023,1999,2.5911450269999996,3.433855597,0.604798748,0.0
Mozambique,MZ,Maputo,L1MOZ2023,2000,1.178174849,0.0,1.364098264,0.0
Mozambique,MZ,Maputo,L1MOZ2023,2002,1.215522117,9.025925926,0.861932288,1.3
Mozambique,MZ,Maputo,L1MOZ2023,2003,0.3,4.600314628,0.653815315,0.0
Mozambique,MZ,Maputo,L1MOZ2023,2004,0.950943739,5.0,0.616351886,0.0
Mozambique,MZ,Maputo,L1MOZ2023,2005,1.5723057759999999,3.957789845,0.536470792,3.65
Mozambique,MZ,Maputo,L1MOZ2023,2006,1.874232073,11.034647549999999,0.8966155010000001,0.0
Mozambique,MZ,Maputo,L1MOZ2023,2007,0.590352604,8.165878336,0.9562399300000001,0.0
Mozambique,MZ,Maputo,L1MOZ2023,2008,0.6209638439999999,11.507617635999999,0.455579211,0.0
Mozambique,MZ,Maputo,L1MOZ2023,2009,0.729078081,4.838913979,0.42443476999999996,0.0
Mozambique,MZ,Maputo,L1MOZ2023,2010,0.729140684,3.129245018,0.164279376,0.0
Mozambique,MZ,Maputo,L1MOZ2023,2012,0.0,7.148333333,0.208962264,0.0
Mozambique,MZ,Maputo,L1MOZ2023,2014,0.826517692,3.789039039,0.112414634,0.0
Mozambique,MZ,Maputo,L1MOZ2023,2015,0.9,14.22577837,1.5883501539999998,0.0
Mozambique,MZ,Maputo,L1MOZ2023,2016,4.281029169,8.637770737,1.1047056599999998,0.0
Mozambique,MZ,Maputo,L1MOZ2023,2017,1.7180939720000001,9.136139347,0.194781434,0.0
Mozambique,MZ,Maputo,L1MOZ2023,2018,9.373135886,9.587010668,1.253342123,0.0
Mozambique,MZ,Maputo,L1MOZ2023,2019,9.020925337,9.997398053,0.36898257599999995,0.0
Mozambique,MZ,Maputo,L1MOZ2023,2020,1.5746449680000003,12.22834275,0.30516368000000005,72.50755668
Mozambique,MZ,Maputo,L1MOZ2023,2021,1.7255293109999998,12.31101797,0.486173612,0.0
Mozambique,MZ,Maputo,L1MOZ2023,2022,2.427956606,7.899432308,0.845967114,0.0
Mozambique,MZ,Nampula,L1MOZ2025,1999,0.617399607,0.0,0.449998319,0.47508849
Mozambique,MZ,Nampula,L1MOZ2025,2000,1.489649638,5.9,0.960368192,0.0
Mozambique,MZ,Nampula,L1MOZ2025,2001,1.584674921,6.1,0.8707285330000001,0.0
Mozambique,MZ,Nampula,L1MOZ2025,2002,5.950853822,23.61639595,4.409743652,2.114217391
Mozambique,MZ,Nampula,L1MOZ2025,2003,1.076896133,5.074146871,1.000889818,0.704088124
Mozambique,MZ,Nampula,L1MOZ2025,2004,1.808687288,5.031782021,1.0558274810000001,0.0
Mozambique,MZ,Nampula,L1MOZ2025,2005,3.0053868780000004,10.50333739,2.059177695,1.673236232
Mozambique,MZ,Nampula,L1MOZ2025,2006,3.593501318,14.730403291,2.568567984,1.956209642
Mozambique,MZ,Nampula,L1MOZ2025,2007,1.932871392,8.926620337,1.4438535510000001,1.6399433609999998
Mozambique,MZ,Nampula,L1MOZ2025,2008,2.0275168910000003,8.384799355,1.444858285,0.297136591
Mozambique,MZ,Nampula,L1MOZ2025,2009,2.102093192,7.484907761,1.147619385,0.0
Mozambique,MZ,Nampula,L1MOZ2025,2010,3.728964182,12.2550943,0.377432435,0.0
Mozambique,MZ,Nampula,L1MOZ2025,2012,1.137630165,3.985769951,0.6409318399999999,0.0
Mozambique,MZ,Nampula,L1MOZ2025,2014,1.815394693,5.822664207,0.788026227,0.0
Mozambique,MZ,Nampula,L1MOZ2025,2015,0.589211563,5.217079842,2.2725298449999998,0.928023992
Mozambique,MZ,Nampula,L1MOZ2025,2016,1.912151122,4.112685386,0.864442334,0.0
Mozambique,MZ,Nampula,L1MOZ2025,2017,1.6148693779999999,5.574598434,0.9379506910000001,0.0
Mozambique,MZ,Nampula,L1MOZ2025,2018,2.913700606,5.236634576,0.9986068260000001,0.0
Mozambique,MZ,Nampula,L1MOZ2025,2019,3.8251365379999998,5.795579724,0.988553963,0.0
Mozambique,MZ,Nampula,L1MOZ2025,2020,2.915823012,11.55667389,1.866011255,0.197110706
Mozambique,MZ,Nampula,L1MOZ2025,2021,3.142154638,11.63495962,1.7290423259999999,0.0
Mozambique,MZ,Nampula,L1MOZ2025,2022,4.380458752,7.465756076,3.020296921,0.0
Mozambique,MZ,Sofala,L1MOZ2027,1999,0.0,0.0,0.922978994,0.131564601
Mozambique,MZ,Sofala,L1MOZ2027,2000,1.100679286,5.2,0.934486068,0.0
Mozambique,MZ,Sofala,L1MOZ2027,2001,1.7483518180000002,5.4,0.9374430490000001,0.0
Mozambique,MZ,Sofala,L1MOZ2027,2002,2.9567388580000005,20.197035726,1.6639945200000001,1.2946396390000001
Mozambique,MZ,Sofala,L1MOZ2027,2003,1.96243563,6.0,0.852346518,0.593776218
Mozambique,MZ,Sofala,L1MOZ2027,2004,1.655512984,6.504897225,0.918216594,0.0
Mozambique,MZ,Sofala,L1MOZ2027,2005,3.023360135,27.89598788,1.574449818,1.798407933
Mozambique,MZ,Sofala,L1MOZ2027,2006,4.303256235,56.73098302,2.282212024,2.033030147
Mozambique,MZ,Sofala,L1MOZ2027,2007,2.242063419,22.738561823,1.4963777459999998,0.861121734
Mozambique,MZ,Sofala,L1MOZ2027,2008,1.520534468,14.914079468,1.213690614,0.49833333300000004
Mozambique,MZ,Sofala,L1MOZ2027,2009,1.290535996,5.595208649,0.961638166,0.0
Mozambique,MZ,Sofala,L1MOZ2027,2010,0.58389298,3.158717342,0.451006711,0.0
Mozambique,MZ,Sofala,L1MOZ2027,2012,1.6498218480000002,6.333074074,0.44642267999999996,0.0
Mozambique,MZ,Sofala,L1MOZ2027,2014,2.075221801,3.85559633,0.431358025,0.0
Mozambique,MZ,Sofala,L1MOZ2027,2015,1.465712338,13.366,1.1147924710000001,0.745628047
Mozambique,MZ,Sofala,L1MOZ2027,2016,1.554993611,5.786156336,0.722120523,0.0
Mozambique,MZ,Sofala,L1MOZ2027,2017,2.1950711700000003,5.491416408,1.418190884,0.0
Mozambique,MZ,Sofala,L1MOZ2027,2018,2.6120130240000003,5.213009228,1.086712656,0.0
Mozambique,MZ,Sofala,L1MOZ2027,2019,2.710156798,5.212007011,1.5314803620000002,0.0
Mozambique,MZ,Sofala,L1MOZ2027,2020,1.7231646059999999,9.415777836,0.903649532,36.211063052
Mozambique,MZ,Sofala,L1MOZ2027,2021,1.818676209,9.479822335,1.0016919999999998,0.0
Mozambique,MZ,Sofala,L1MOZ2027,2022,2.3988332000000003,6.082790661,1.7497333309999998,0.0
Mozambique,MZ,Tete,L1MOZ2028,2000,1.454332269,0.0,0.53275151,0.0
Mozambique,MZ,Tete,L1MOZ2028,2001,1.535921348,5.4,0.630511558,0.0
Mozambique,MZ,Tete,L1MOZ2028,2002,2.87577261,75.95732049099999,2.995986956,2.457725034
Mozambique,MZ,Tete,L1MOZ2028,2003,0.867848679,5.5,0.6766414409999999,0.647610671
Mozambique,MZ,Tete,L1MOZ2028,2004,1.569119322,6.0,0.79172552,0.0
Mozambique,MZ,Tete,L1MOZ2028,2005,2.550546119,96.30377412,1.77814418,2.132274509
Mozambique,MZ,Tete,L1MOZ2028,2006,4.769635654,49.390705017,1.930862466,2.173724071
Mozambique,MZ,Tete,L1MOZ2028,2007,2.11866603,25.781608363,1.2797423,1.310426737
Mozambique,MZ,Tete,L1MOZ2028,2008,2.126699983,15.331513566000002,1.6442409749999998,1.297303297
Mozambique,MZ,Tete,L1MOZ2028,2009,1.7722149649999999,7.08688676,0.9768441190000001,0.0
Mozambique,MZ,Tete,L1MOZ2028,2010,1.223866064,1.450537505,0.246904193,0.0
Mozambique,MZ,Tete,L1MOZ2028,2012,1.328540196,23.34741935,1.731797791,0.0
Mozambique,MZ,Tete,L1MOZ2028,2014,2.246709766,13.99193548,0.5544061,0.0
Mozambique,MZ,Tete,L1MOZ2028,2015,0.266233766,10.78896377,1.244371809,0.0
Mozambique,MZ,Tete,L1MOZ2028,2016,2.214771688,21.64368517,1.164462849,0.0
Mozambique,MZ,Tete,L1MOZ2028,2017,2.118933403,32.04147031,0.8664886390000001,0.0
Mozambique,MZ,Tete,L1MOZ2028,2018,3.443608937,67.32298137,1.0908667840000001,0.0
Mozambique,MZ,Tete,L1MOZ2028,2019,3.070309848,42.61580087,1.231911414,0.0
Mozambique,MZ,Tete,L1MOZ2028,2020,2.5790877329999997,11.18985308,2.0414658279999998,0.81533101
Mozambique,MZ,Tete,L1MOZ2028,2021,2.724733726,11.26539754,1.249421881,0.0
Mozambique,MZ,Tete,L1MOZ2028,2022,3.725901188,7.228451296,2.185315047,0.0
Mozambique,MZ,Zambezia,L1MOZ2029,1999,1.909790778,3.228644101,0.453309431,0.45384559
Mozambique,MZ,Zambezia,L1MOZ2029,2000,1.538003467,5.9,1.2305843200000002,0.0
Mozambique,MZ,Zambezia,L1MOZ2029,2001,1.644731593,6.1,1.211260988,0.0
Mozambique,MZ,Zambezia,L1MOZ2029,2002,3.1451563169999996,22.246814535,3.074437414,3.031962339
Mozambique,MZ,Zambezia,L1MOZ2029,2003,1.351555885,7.0,1.220834033,0.927344134
Mozambique,MZ,Zambezia,L1MOZ2029,2004,1.935192032,7.001487004,1.248833762,0.0
Mozambique,MZ,Zambezia,L1MOZ2029,2005,2.832525928,14.93206044,2.408767792,1.962783013
Mozambique,MZ,Zambezia,L1MOZ2029,2006,3.8799062159999997,44.6831928,3.169021272,4.368279551
Mozambique,MZ,Zambezia,L1MOZ2029,2007,2.765286671,18.438067687,1.857126811,1.641014435
Mozambique,MZ,Zambezia,L1MOZ2029,2008,1.8653924080000002,33.826364508,1.777243151,1.3161340209999999
Mozambique,MZ,Zambezia,L1MOZ2029,2009,1.997460706,7.790308808,1.2439415010000001,0.0
Mozambique,MZ,Zambezia,L1MOZ2029,2010,3.37666238,8.47429184,0.925294075,0.0
Mozambique,MZ,Zambezia,L1MOZ2029,2012,1.275676869,5.012573433,0.690958418,0.0
Mozambique,MZ,Zambezia,L1MOZ2029,2014,2.005766689,3.9756031,0.711819247,0.0
Mozambique,MZ,Zambezia,L1MOZ2029,2015,0.187812188,7.232271464,1.186941392,0.0
Mozambique,MZ,Zambezia,L1MOZ2029,2016,1.6679744570000001,4.545257969,1.037572892,0.0
Mozambique,MZ,Zambezia,L1MOZ2029,2017,1.766579907,8.684296549,1.1808083169999999,0.0
Mozambique,MZ,Zambezia,L1MOZ2029,2018,3.8805874749999996,9.137988665,1.09957863,0.0
Mozambique,MZ,Zambezia,L1MOZ2029,2019,5.578358732,6.16810664,1.200367896,0.0
Mozambique,MZ,Zambezia,L1MOZ2029,2020,1.8247790039999998,11.59946676,1.6487155949999996,0.515463918
Mozambique,MZ,Zambezia,L1MOZ2029,2021,1.952135362,11.67801237,1.928999638,0.0
Mozambique,MZ,Zambezia,L1MOZ2029,2022,2.7123259109999998,7.493400982,3.369399973,0.0
Mozambique,MZ,Niassa,L1MOZ2026,1999,1.5749402639999999,2.0,0.580996749,0.0
Mozambique,MZ,Niassa,L1MOZ2026,2000,1.799856776,0.0,0.87173772,0.0
Mozambique,MZ,Niassa,L1MOZ2026,2001,1.775063719,6.1,0.792948046,0.0
Mozambique,MZ,Niassa,L1MOZ2026,2002,4.156233909,14.534478551,2.721913624,2.874024858
Mozambique,MZ,Niassa,L1MOZ2026,2003,1.186062308,7.0,0.9015729779999999,0.559870877
Mozambique,MZ,Niassa,L1MOZ2026,2004,2.1015104090000003,7.0,0.9073236600000001,0.0
Mozambique,MZ,Niassa,L1MOZ2026,2005,2.9229476659999998,23.21369552,2.1488402449999997,1.7967820479999999
Mozambique,MZ,Niassa,L1MOZ2026,2006,5.204508724,14.455391019,2.067511403,1.503412724
Mozambique,MZ,Niassa,L1MOZ2026,2007,1.8509540389999999,9.896035181,1.133735731,0.960239886
Mozambique,MZ,Niassa,L1MOZ2026,2008,2.10741627,12.889686487,1.7878210890000001,0.565769231
Mozambique,MZ,Niassa,L1MOZ2026,2009,2.454699372,7.889978145,1.258252168,0.0
Mozambique,MZ,Niassa,L1MOZ2026,2010,1.467429611,7.774379915,0.316191073,0.0
Mozambique,MZ,Niassa,L1MOZ2026,2012,1.330015896,11.63736655,0.725605332,0.0
Mozambique,MZ,Niassa,L1MOZ2026,2014,1.074481835,3.692903226,0.935808891,0.0
Mozambique,MZ,Niassa,L1MOZ2026,2015,1.315530703,9.691811049,2.5335322000000002,1.366362764
Mozambique,MZ,Niassa,L1MOZ2026,2016,1.581475303,7.363683877,1.127527414,0.0
Mozambique,MZ,Niassa,L1MOZ2026,2017,2.230200845,7.622948396,0.99503477,0.0
Mozambique,MZ,Niassa,L1MOZ2026,2018,4.027824067,7.778376229,1.1706296360000001,0.0
Mozambique,MZ,Niassa,L1MOZ2026,2019,4.413385781,7.811053805,1.310367668,0.0
Mozambique,MZ,Niassa,L1MOZ2026,2020,2.5901110110000003,10.48981051,1.8055115910000001,0.282172612
Mozambique,MZ,Niassa,L1MOZ2026,2021,2.7606714520000004,10.56063248,1.7770880770000002,0.0
Mozambique,MZ,Niassa,L1MOZ2026,2022,3.840975555,6.776338766,3.104010143,0.0
Namibia,NAM,Kavango,L1NAM2126,1995,0.423974281,0.0,0.130182422,0.0
Namibia,NAM,Kunene,L1NAM2128,1995,2.1582895140000002,0.0,0.129685158,0.0
Namibia,NAM,Ohangwena,L1NAM2129,1995,0.873419693,0.0,0.30103863200000003,0.0
Namibia,NAM,Omusati,L1NAM2131,1995,1.208258621,0.0,0.29939045200000003,0.0
Namibia,NAM,Oshana,L1NAM2132,1995,0.853505185,0.0,0.43915152,0.0
Namibia,NAM,Oshikoto,L1NAM2133,1995,0.6224669599999999,0.0,0.172754947,0.0
Namibia,NAM,Otjozondjupa,L1NAM2134,1995,0.0,0.0,0.25,0.0
Namibia,NAM,Zambezi,L1NAM2135,1995,1.7474540690000002,0.0,0.5461538459999999,0.0
Niger,NER,Agadez,L1NER2139,1998,2.3762300179999998,0.0,0.0,0.0
Niger,NER,Diffa,L1NER2140,1998,2.4524028440000003,0.0,0.177058377,0.0
Niger,NER,Dosso,L1NER2141,1998,6.220141923,0.0,0.176432594,0.0
Niger,NER,Maradi,L1NER2142,1998,0.65238116,0.0,0.188333294,0.0
Niger,NER,Tahoua,L1NER2144,1998,0.8476025009999999,0.0,0.186932122,0.0
Niger,NER,Tillabéry,L1NER2145,1998,2.739617002,0.0,0.155914683,0.0
Niger,NER,Zinder,L1NER2146,1998,0.52975816,0.0,0.282517426,0.0
Nigeria,NG,Abia,L1NGA2147,1999,3.6246270679999997,42.830916366,2.333333333,0.0
Nigeria,NG,Abia,L1NGA2147,2000,3.6629213480000002,41.589616014,2.333333333,0.0
Nigeria,NG,Abia,L1NGA2147,2001,3.6266666670000003,39.662303261,2.3823529409999997,0.0
Nigeria,NG,Abia,L1NGA2147,2002,3.6266666670000003,40.369702082,2.3823529409999997,0.0
Nigeria,NG,Abia,L1NGA2147,2003,3.7481320050000004,40.758601844,2.357142857,0.0
Nigeria,NG,Abia,L1NGA2147,2004,3.739442791,41.394139658,2.357142857,0.0
Nigeria,NG,Abia,L1NGA2147,2005,4.032783503,43.118376149,2.1496598639999998,0.0
Nigeria,NG,Abia,L1NGA2147,2006,3.7486766210000004,45.819801732,1.5547169809999999,0.0
Nigeria,NG,Abia,L1NGA2147,2007,3.76875584,40.116627309,0.0,0.0
Nigeria,NG,Abia,L1NGA2147,2008,3.577249636,42.753634972,0.0,0.0
Nigeria,NG,Abia,L1NGA2147,2009,3.8424905349999996,40.401528845,1.6011799409999998,0.0
Nigeria,NG,Abia,L1NGA2147,2010,3.926524635,38.090658250000004,1.6614987079999999,0.0
Nigeria,NG,Abia,L1NGA2147,2011,3.9391675,37.89177311,1.542519175,0.0
Nigeria,NG,Abia,L1NGA2147,2012,5.122864441,37.82827902,1.509391178,0.0
Nigeria,NG,Abia,L1NGA2147,2013,3.600313766,45.68989123,1.991884214,0.0
Nigeria,NG,Abia,L1NGA2147,2014,3.448334993,29.470895187,2.092902514,0.0
Nigeria,NG,Abia,L1NGA2147,2015,3.561650719,27.501990361,2.268930425,0.0
Nigeria,NG,Abia,L1NGA2147,2016,3.3421810919999997,20.965347391,1.9595514490000001,0.0
Nigeria,NG,Abia,L1NGA2147,2017,3.437536324,20.944628195,1.945143785,0.0
Nigeria,NG,Abia,L1NGA2147,2018,3.076315768,21.132453179,0.925233645,0.0
Nigeria,NG,Abia,L1NGA2147,2019,2.860104163,20.626784785999998,0.994520548,0.0
Nigeria,NG,Abia,L1NGA2147,2020,2.63748986,19.748293862,1.075448513,0.0
Nigeria,NG,Abia,L1NGA2147,2021,2.4078334359999998,20.402969853000002,1.055766228,0.0
Nigeria,NG,Abia,L1NGA2147,2022,2.338001242,14.723685064,1.045401673,0.0
Nigeria,NG,Abia,L1NGA2147,2023,2.3873296340000003,14.80785218,1.103651545,0.0
Nigeria,NG,Adamawa,L1NGA2148,1999,6.835145257,20.253584322000002,2.9312210060000004,0.709776751
Nigeria,NG,Adamawa,L1NGA2148,2000,6.876276497,17.061670798999998,3.865185185,0.910698497
Nigeria,NG,Adamawa,L1NGA2148,2001,7.112465028,17.1158367,3.033682792,1.030927835
Nigeria,NG,Adamawa,L1NGA2148,2002,7.112465028,17.095571409,3.033682792,0.933333333
Nigeria,NG,Adamawa,L1NGA2148,2003,7.112465028,17.182527931,3.621918086,0.933333333
Nigeria,NG,Adamawa,L1NGA2148,2004,7.112465028,19.226006192,3.621918086,1.0
Nigeria,NG,Adamawa,L1NGA2148,2005,5.83349502,14.050689195,3.0378464320000003,1.457489879
Nigeria,NG,Adamawa,L1NGA2148,2006,5.038950846,17.999244814,2.5574206090000002,1.506740682
Nigeria,NG,Adamawa,L1NGA2148,2007,5.050694168,14.842105263,3.093222916,0.0
Nigeria,NG,Adamawa,L1NGA2148,2008,3.766521367,0.0,3.862742149,0.0
Nigeria,NG,Adamawa,L1NGA2148,2009,5.3059728669999995,12.011370594,2.760522571,1.307189542
Nigeria,NG,Adamawa,L1NGA2148,2010,4.9762315379999995,3.662539308,3.459044104,0.912865197
Nigeria,NG,Adamawa,L1NGA2148,2011,4.753718994,3.924358997,3.663261463,0.106060606
Nigeria,NG,Adamawa,L1NGA2148,2012,4.7837837919999995,3.919569456,3.705663821,0.135838422
Nigeria,NG,Adamawa,L1NGA2148,2013,6.000345319999999,2.997406802,3.834349703,0.636856369
Nigeria,NG,Adamawa,L1NGA2148,2014,7.882086176,9.068787557,4.8822875240000005,0.655172414
Nigeria,NG,Adamawa,L1NGA2148,2015,7.084216082999999,8.766475387,4.466924078,0.58250911
Nigeria,NG,Adamawa,L1NGA2148,2016,5.708710506,11.440000561,3.067761252,0.415775401
Nigeria,NG,Adamawa,L1NGA2148,2017,6.232741452,11.431228320999999,4.211079217,0.452488688
Nigeria,NG,Adamawa,L1NGA2148,2018,6.254517886,0.0,4.305438121,0.456315075
Nigeria,NG,Adamawa,L1NGA2148,2019,6.237581533,0.0,4.280483852,0.470152505
Nigeria,NG,Adamawa,L1NGA2148,2020,6.161449493,0.0,4.232934064,0.476529757
Nigeria,NG,Adamawa,L1NGA2148,2021,6.063584651999999,0.0,4.2245053210000005,0.481074481
Nigeria,NG,Adamawa,L1NGA2148,2022,6.1069215759999995,0.0,3.0442273140000005,0.761266784
Nigeria,NG,Adamawa,L1NGA2148,2023,6.2790301170000005,0.0,3.18171644,0.805674361
Nigeria,NG,Akwa Ibom,L1NGA2149,1999,1.509233024,24.597166676,0.5,0.0
Nigeria,NG,Akwa Ibom,L1NGA2149,2000,2.667887668,23.414331072000003,0.4,0.0
Nigeria,NG,Akwa Ibom,L1NGA2149,2001,2.579556898,21.630895898,0.4,0.0
Nigeria,NG,Akwa Ibom,L1NGA2149,2002,2.558277654,20.828871741999997,0.4,0.0
Nigeria,NG,Akwa Ibom,L1NGA2149,2003,2.432216234,20.706716614,0.473684211,0.0
Nigeria,NG,Akwa Ibom,L1NGA2149,2004,2.801070472,21.695582579,0.44,0.0
Nigeria,NG,Akwa Ibom,L1NGA2149,2005,2.8670298049999996,22.08786949,0.428571429,0.0
Nigeria,NG,Akwa Ibom,L1NGA2149,2006,2.8596626260000004,23.486900970999997,0.388888889,0.0
Nigeria,NG,Akwa Ibom,L1NGA2149,2007,2.8596626260000004,22.927066836999998,0.0,0.0
Nigeria,NG,Akwa Ibom,L1NGA2149,2008,1.4784969239999999,20.552667465,1.490196078,0.0
Nigeria,NG,Akwa Ibom,L1NGA2149,2009,1.6217321610000002,24.303840991999998,0.371134021,0.0
Nigeria,NG,Akwa Ibom,L1NGA2149,2010,1.2097506560000002,17.533357574,0.988416988,0.0
Nigeria,NG,Akwa Ibom,L1NGA2149,2011,1.24491326,21.580089736999998,0.83540134,0.0
Nigeria,NG,Akwa Ibom,L1NGA2149,2012,1.247206889,21.464616816,0.836333964,0.0
Nigeria,NG,Akwa Ibom,L1NGA2149,2013,2.277412654,22.186877335000002,1.602546564,0.0
Nigeria,NG,Akwa Ibom,L1NGA2149,2014,5.475971618000001,24.929290438000002,2.7115228350000002,0.0
Nigeria,NG,Akwa Ibom,L1NGA2149,2015,5.0715351989999995,24.121103138000002,2.765534121,0.0
Nigeria,NG,Akwa Ibom,L1NGA2149,2016,3.339316204,23.483430335999998,2.078519235,0.0
Nigeria,NG,Akwa Ibom,L1NGA2149,2017,3.400359881,23.198300714,2.5342418540000002,0.0
Nigeria,NG,Akwa Ibom,L1NGA2149,2018,3.739736968,22.813385823,1.23654485,0.0
Nigeria,NG,Akwa Ibom,L1NGA2149,2019,3.5152083530000002,23.781335414,1.33997344,0.0
Nigeria,NG,Akwa Ibom,L1NGA2149,2020,3.262123668,23.307319439,1.407493369,0.0
Nigeria,NG,Akwa Ibom,L1NGA2149,2021,3.212349929,24.241050022,1.402640264,0.0
Nigeria,NG,Akwa Ibom,L1NGA2149,2022,3.1757342289999997,16.392425144,1.314966011,0.0
Nigeria,NG,Akwa Ibom,L1NGA2149,2023,3.243991964,16.484322210000002,1.388235748,0.0
Nigeria,NG,Anambra,L1NGA2150,1999,4.645553079000001,42.09683837,0.0,0.0
Nigeria,NG,Anambra,L1NGA2150,2000,4.527097796,40.54709228,0.0,0.0
Nigeria,NG,Anambra,L1NGA2150,2001,3.981925827,31.378512497000003,0.0,0.0
Nigeria,NG,Anambra,L1NGA2150,2002,4.269274027,32.867910372,0.0,0.0
Nigeria,NG,Anambra,L1NGA2150,2003,4.194235111,33.054402201,0.0,0.0
Nigeria,NG,Anambra,L1NGA2150,2004,4.223267155,32.797671038,0.0,0.0
Nigeria,NG,Anambra,L1NGA2150,2005,4.3987262739999995,41.327003082,0.0,0.0
Nigeria,NG,Anambra,L1NGA2150,2006,4.263742333,43.078937531,0.0,0.0
Nigeria,NG,Anambra,L1NGA2150,2007,4.589487782,35.62053652,0.0,0.0
Nigeria,NG,Anambra,L1NGA2150,2008,4.519509516,37.771195804,0.0,0.0
Nigeria,NG,Anambra,L1NGA2150,2009,4.527449258000001,38.39450401,0.0,0.0
Nigeria,NG,Anambra,L1NGA2150,2010,4.728605395,31.724244921,0.0,0.0
Nigeria,NG,Anambra,L1NGA2150,2011,4.676950832999999,31.707069181,0.0,0.0
Nigeria,NG,Anambra,L1NGA2150,2012,8.591424928,31.501931160999998,0.0,0.0
Nigeria,NG,Anambra,L1NGA2150,2013,4.759426784,37.172380718999996,0.256380909,0.0
Nigeria,NG,Anambra,L1NGA2150,2014,3.8088007380000004,19.634612562,0.45,0.0
Nigeria,NG,Anambra,L1NGA2150,2015,4.150603448,19.4454954,0.480490196,0.0
Nigeria,NG,Anambra,L1NGA2150,2016,3.627800896,24.458103645999998,0.773178434,0.0
Nigeria,NG,Anambra,L1NGA2150,2017,4.538035832,23.925021239,0.560509554,0.0
Nigeria,NG,Anambra,L1NGA2150,2018,4.566698334,22.564249088000004,0.5605107,0.0
Nigeria,NG,Anambra,L1NGA2150,2019,4.5439762120000005,19.798143064,0.565229062,0.0
Nigeria,NG,Anambra,L1NGA2150,2020,4.309872417,18.683191389999998,0.535290182,0.0
Nigeria,NG,Anambra,L1NGA2150,2021,4.350853498,18.924928147000003,0.533305613,0.0
Nigeria,NG,Anambra,L1NGA2150,2022,4.304976378,15.030904022,0.389472168,0.0
Nigeria,NG,Anambra,L1NGA2150,2023,4.396540254,15.118350277000001,0.411173526,0.0
Nigeria,NG,Bauchi,L1NGA2151,1999,8.135357779,9.842105263,1.959036828,1.524848485
Nigeria,NG,Bauchi,L1NGA2151,2000,7.898678963,9.473684211,1.912898184,1.524804178
Nigeria,NG,Bauchi,L1NGA2151,2001,7.3454382240000005,8.5,2.180742743,1.524817518
Nigeria,NG,Bauchi,L1NGA2151,2002,7.391858377,9.306358382,2.30781364,1.524871355
Nigeria,NG,Bauchi,L1NGA2151,2003,7.048729882,9.0,2.3605372520000003,1.524882137
Nigeria,NG,Bauchi,L1NGA2151,2004,6.767152126,8.021390374,2.270374474,1.524922118
Nigeria,NG,Bauchi,L1NGA2151,2005,6.977811619000001,11.506987451,2.296574019,0.0
Nigeria,NG,Bauchi,L1NGA2151,2006,7.086714429000001,10.029963392,2.1909444569999996,0.0
Nigeria,NG,Bauchi,L1NGA2151,2007,7.490437776,8.043478261,2.482740293,0.0
Nigeria,NG,Bauchi,L1NGA2151,2008,5.786357942,0.0,2.085283907,0.0
Nigeria,NG,Bauchi,L1NGA2151,2009,8.813605646000001,16.068990559,2.203963003,0.0
Nigeria,NG,Bauchi,L1NGA2151,2010,4.6907412950000005,16.516806723000002,2.001185705,0.0
Nigeria,NG,Bauchi,L1NGA2151,2011,7.095665266,16.393767507,1.7625762630000001,0.0
Nigeria,NG,Bauchi,L1NGA2151,2012,7.354586183,14.519747899999999,1.960549855,0.0
Nigeria,NG,Bauchi,L1NGA2151,2013,6.217284698,14.470792366,2.601044753,0.911764706
Nigeria,NG,Bauchi,L1NGA2151,2014,7.044071624,16.485370047,3.564524285,0.275862069
Nigeria,NG,Bauchi,L1NGA2151,2015,6.694852134,16.070414742,3.809074094,0.261786414
Nigeria,NG,Bauchi,L1NGA2151,2016,5.3917091159999995,11.496482754,2.841207861,0.273477812
Nigeria,NG,Bauchi,L1NGA2151,2017,5.538415317,11.301501643,2.892156636,0.297101449
Nigeria,NG,Bauchi,L1NGA2151,2018,5.700995455,3.780812486,2.909332051,0.297929607
Nigeria,NG,Bauchi,L1NGA2151,2019,5.618615839,3.72090558,2.907043112,0.300517598
Nigeria,NG,Bauchi,L1NGA2151,2020,5.342134146,3.661272196,2.88900249,0.302021035
Nigeria,NG,Bauchi,L1NGA2151,2021,5.43706295,3.672301305,2.880847009,0.303842992
Nigeria,NG,Bauchi,L1NGA2151,2022,4.996002514000001,4.127780888,1.96724313,0.475597249
Nigeria,NG,Bauchi,L1NGA2151,2023,5.136484919,4.153704293,2.0580356440000003,0.503340505
Nigeria,NG,Bayelsa,L1NGA2152,1999,3.000379587,29.425512455000003,0.0,0.0
Nigeria,NG,Bayelsa,L1NGA2152,2000,3.134950248,30.128795504,0.0,0.0
Nigeria,NG,Bayelsa,L1NGA2152,2001,3.1493803,31.822165132,0.0,0.0
Nigeria,NG,Bayelsa,L1NGA2152,2002,3.1493803,32.200746562999996,0.0,0.0
Nigeria,NG,Bayelsa,L1NGA2152,2003,3.189482938,32.19383391,0.0,0.0
Nigeria,NG,Bayelsa,L1NGA2152,2004,3.2784090910000003,29.685895604,0.0,0.0
Nigeria,NG,Bayelsa,L1NGA2152,2005,3.4191227059999996,30.781295994,0.0,0.0
Nigeria,NG,Bayelsa,L1NGA2152,2006,3.557577369,31.454906367,0.0,0.0
Nigeria,NG,Bayelsa,L1NGA2152,2007,3.451186757,31.295257141999997,0.0,0.0
Nigeria,NG,Bayelsa,L1NGA2152,2008,3.3445356459999998,26.700094891999996,1.528301887,0.0
Nigeria,NG,Bayelsa,L1NGA2152,2009,3.071411036,31.680011632,0.0,0.0
Nigeria,NG,Bayelsa,L1NGA2152,2010,2.775464433,23.597959267,0.0,0.0
Nigeria,NG,Bayelsa,L1NGA2152,2011,2.879166169,9.342089867,0.0,0.0
Nigeria,NG,Bayelsa,L1NGA2152,2012,3.539679207,9.17589426,0.0,0.0
Nigeria,NG,Bayelsa,L1NGA2152,2013,2.7485234800000002,29.056148767,0.99735993,0.0
Nigeria,NG,Bayelsa,L1NGA2152,2014,3.8767186239999996,9.703506489,1.0,0.0
Nigeria,NG,Bayelsa,L1NGA2152,2015,3.607806945,10.384556786000001,1.00487013,0.0
Nigeria,NG,Bayelsa,L1NGA2152,2016,3.71323676,17.048690235000002,0.754539341,0.0
Nigeria,NG,Bayelsa,L1NGA2152,2017,3.841069471,17.011418408,0.805614035,0.0
Nigeria,NG,Bayelsa,L1NGA2152,2018,3.590978384,15.161849605,0.81515775,0.0
Nigeria,NG,Bayelsa,L1NGA2152,2019,3.5728258029999997,14.548401689,0.862644416,0.0
Nigeria,NG,Bayelsa,L1NGA2152,2020,3.51752342,13.849395479999998,1.972204969,0.0
Nigeria,NG,Bayelsa,L1NGA2152,2021,3.478315914,14.160323565999999,1.906539075,0.0
Nigeria,NG,Bayelsa,L1NGA2152,2022,3.551216359,8.312434696,1.733415722,0.0
Nigeria,NG,Bayelsa,L1NGA2152,2023,3.6270819739999998,8.359828652000001,1.815618097,0.0
Nigeria,NG,Benue,L1NGA2153,1999,6.590465449,25.473610800000003,4.543176022,0.0
Nigeria,NG,Benue,L1NGA2153,2000,6.499722616000001,25.898188429999998,4.711968323,0.0
Nigeria,NG,Benue,L1NGA2153,2001,6.625086904,26.02840951,4.351847788,0.0
Nigeria,NG,Benue,L1NGA2153,2002,6.606797074,25.98924692,4.423701583,0.0
Nigeria,NG,Benue,L1NGA2153,2003,6.589372722,25.95733826,4.440636834,0.0
Nigeria,NG,Benue,L1NGA2153,2004,6.647298514999999,25.94950188,4.621051509999999,0.0
Nigeria,NG,Benue,L1NGA2153,2005,6.6874607489999995,35.031842091,4.698971925,0.0
Nigeria,NG,Benue,L1NGA2153,2006,6.738164575,35.850102384,4.762599601,0.0
Nigeria,NG,Benue,L1NGA2153,2007,6.730783853,25.880679049999998,4.761921689999999,0.0
Nigeria,NG,Benue,L1NGA2153,2008,6.550010347,26.944683223,4.135722954999999,0.0
Nigeria,NG,Benue,L1NGA2153,2009,6.561582237,27.039700516,4.150989538,0.0
Nigeria,NG,Benue,L1NGA2153,2010,6.917106742,20.389607539999997,4.403582295,0.0
Nigeria,NG,Benue,L1NGA2153,2011,6.169753024,95.46230094900001,5.683475125999999,0.0
Nigeria,NG,Benue,L1NGA2153,2012,6.219155965000001,102.01233020999999,5.745198588,0.0
Nigeria,NG,Benue,L1NGA2153,2013,6.815583520000001,26.761353041,4.287312912,0.0
Nigeria,NG,Benue,L1NGA2153,2014,8.201987670000001,33.689055213,4.712053263,0.0
Nigeria,NG,Benue,L1NGA2153,2015,8.444529485,33.717780464,4.848189489,0.0
Nigeria,NG,Benue,L1NGA2153,2016,6.658283517999999,28.929117723999997,4.755785692,0.0
Nigeria,NG,Benue,L1NGA2153,2017,6.695866634,27.700913661,4.716172715,0.0
Nigeria,NG,Benue,L1NGA2153,2018,6.445295478,26.402634453000005,4.678959797,0.0
Nigeria,NG,Benue,L1NGA2153,2019,6.237117031,27.235003759,4.573839459,0.0
Nigeria,NG,Benue,L1NGA2153,2020,5.9584516480000005,28.134950511000003,4.592016933,0.0
Nigeria,NG,Benue,L1NGA2153,2021,6.081145263,28.417948582,4.590804309,0.0
Nigeria,NG,Benue,L1NGA2153,2022,6.166800798000001,25.627330511,2.017750764,0.0
Nigeria,NG,Benue,L1NGA2153,2023,6.328894259999999,25.768766796,2.115699755,0.0
Nigeria,NG,Borno,L1NGA2154,1999,5.859440692,0.0,1.20795297,0.42840617
Nigeria,NG,Borno,L1NGA2154,2000,5.889457279,5.803571429,1.208024692,1.204152249
Nigeria,NG,Borno,L1NGA2154,2001,5.8656362589999995,5.394736842,1.2168936320000001,1.238390093
Nigeria,NG,Borno,L1NGA2154,2002,5.8656362589999995,5.394736842,1.200822933,1.454545455
Nigeria,NG,Borno,L1NGA2154,2003,5.8656362589999995,0.0,1.279655534,0.888888889
Nigeria,NG,Borno,L1NGA2154,2004,5.865782702,0.0,1.3551108479999998,0.881057269
Nigeria,NG,Borno,L1NGA2154,2005,6.107241514,15.125,1.242925344,0.8
Nigeria,NG,Borno,L1NGA2154,2006,6.173076743999999,16.25,1.3137801550000001,0.78751165
Nigeria,NG,Borno,L1NGA2154,2007,6.172284423,6.25,1.1979214329999999,0.0
Nigeria,NG,Borno,L1NGA2154,2008,6.211725963,11.25,1.578322867,0.218583476
Nigeria,NG,Borno,L1NGA2154,2009,6.3998509839999995,3.0,1.471793487,0.951865223
Nigeria,NG,Borno,L1NGA2154,2010,3.620833276,2.19047619,1.5423806070000001,0.570472295
Nigeria,NG,Borno,L1NGA2154,2011,7.666655691,2.19047619,0.928290141,0.402298851
Nigeria,NG,Borno,L1NGA2154,2012,9.694071239,2.19047619,0.935147953,0.326545546
Nigeria,NG,Borno,L1NGA2154,2013,5.299130159,0.0,1.239192658,0.827232796
Nigeria,NG,Borno,L1NGA2154,2014,3.6522296909999996,0.0,1.1953000679999999,0.377088305
Nigeria,NG,Borno,L1NGA2154,2015,3.5615082559999998,0.0,1.162473312,0.29991332
Nigeria,NG,Borno,L1NGA2154,2016,4.905512172,0.0,2.043180088,0.325361118
Nigeria,NG,Borno,L1NGA2154,2017,5.035876905,0.0,1.996275422,0.29580574
Nigeria,NG,Borno,L1NGA2154,2018,5.103975591,0.0,2.118224403,0.295154185
Nigeria,NG,Borno,L1NGA2154,2019,5.114376756,7.86163522,2.883991796,0.294053105
Nigeria,NG,Borno,L1NGA2154,2020,5.050298467,5.665566557,2.78598158,0.298863139
Nigeria,NG,Borno,L1NGA2154,2021,4.974930191,5.278884462,2.796289741,0.303610265
Nigeria,NG,Borno,L1NGA2154,2022,5.277200525,0.0,1.865669076,0.471942959
Nigeria,NG,Borno,L1NGA2154,2023,5.4218240280000005,0.0,1.9523457729999998,0.499473208
Nigeria,NG,Cross River,L1NGA2155,1999,4.63213857,28.196588173,0.0,0.0
Nigeria,NG,Cross River,L1NGA2155,2000,4.1712095399999995,27.116693874999996,1.421608137,0.0
Nigeria,NG,Cross River,L1NGA2155,2001,4.001319182,27.457905441,1.5056603769999999,0.0
Nigeria,NG,Cross River,L1NGA2155,2002,4.151636607,27.948957927000002,1.652874564,0.0
Nigeria,NG,Cross River,L1NGA2155,2003,3.953062516,28.228622268000002,1.633618931,0.0
Nigeria,NG,Cross River,L1NGA2155,2004,3.730038023,29.512481856,1.659294195,0.0
Nigeria,NG,Cross River,L1NGA2155,2005,4.496724981,30.030056331,1.641751164,0.0
Nigeria,NG,Cross River,L1NGA2155,2006,4.0579192939999995,29.974652547999998,1.712856923,0.0
Nigeria,NG,Cross River,L1NGA2155,2007,4.383257578,29.714593315,1.9223617490000002,0.0
Nigeria,NG,Cross River,L1NGA2155,2008,3.9178640400000004,29.735993659000002,2.017813468,0.0
Nigeria,NG,Cross River,L1NGA2155,2009,4.921129356,36.83899311,1.692369541,0.0
Nigeria,NG,Cross River,L1NGA2155,2010,5.358760536,101.507840969,1.5108492880000002,0.0
Nigeria,NG,Cross River,L1NGA2155,2011,4.875323864,36.883159117,1.400592895,0.0
Nigeria,NG,Cross River,L1NGA2155,2012,5.194809394,34.476406943,1.365671371,0.0
Nigeria,NG,Cross River,L1NGA2155,2013,3.9659251060000003,32.863267939,1.474848655,0.0
Nigeria,NG,Cross River,L1NGA2155,2014,3.4525814639999997,38.52347908,1.201550388,0.0
Nigeria,NG,Cross River,L1NGA2155,2015,3.4566327919999997,35.930879116,2.206862745,0.0
Nigeria,NG,Cross River,L1NGA2155,2016,3.6236236269999997,25.682938074,2.146571006,0.0
Nigeria,NG,Cross River,L1NGA2155,2017,3.756955025,25.827678145,2.165390877,0.0
Nigeria,NG,Cross River,L1NGA2155,2018,4.10256303,25.866977225,2.183977456,0.0
Nigeria,NG,Cross River,L1NGA2155,2019,4.107215773,25.805916414000002,2.271253882,0.0
Nigeria,NG,Cross River,L1NGA2155,2020,3.992856574,25.743644492999998,2.30156493,0.0
Nigeria,NG,Cross River,L1NGA2155,2021,4.102893119,25.998261012,2.302635567,0.0
Nigeria,NG,Cross River,L1NGA2155,2022,3.932485809,16.067238822,2.149927579,0.0
Nigeria,NG,Cross River,L1NGA2155,2023,4.016787243,16.156534702000002,2.250364104,0.0
Nigeria,NG,Delta,L1NGA2156,1999,1.711658842,31.196288767,0.769230769,0.0
Nigeria,NG,Delta,L1NGA2156,2000,3.013054276,31.457090562999998,0.681818182,0.0
Nigeria,NG,Delta,L1NGA2156,2001,3.3182063150000003,33.1115087,0.727272727,0.0
Nigeria,NG,Delta,L1NGA2156,2002,3.2941236070000004,34.005045020000004,0.689655172,0.0
Nigeria,NG,Delta,L1NGA2156,2003,3.2941236070000004,33.99990373,0.689655172,0.0
Nigeria,NG,Delta,L1NGA2156,2004,3.3106463049999997,26.42134124,0.714285714,0.0
Nigeria,NG,Delta,L1NGA2156,2005,3.948267477,32.187257561,0.75,0.0
Nigeria,NG,Delta,L1NGA2156,2006,3.945098988,31.168985464000002,0.724137931,0.0
Nigeria,NG,Delta,L1NGA2156,2007,4.651935722999999,27.719531013999998,0.763636364,0.0
Nigeria,NG,Delta,L1NGA2156,2008,4.232904562,36.510991711,1.203208556,0.0
Nigeria,NG,Delta,L1NGA2156,2009,3.306801751,37.88450528,0.644897959,0.0
Nigeria,NG,Delta,L1NGA2156,2010,2.721479685,38.74165288,0.0,0.0
Nigeria,NG,Delta,L1NGA2156,2011,2.7605894109999998,21.22765193,0.0,0.0
Nigeria,NG,Delta,L1NGA2156,2012,3.202899233,21.15384552,0.0,0.0
Nigeria,NG,Delta,L1NGA2156,2013,3.94436289,29.584241610000003,0.0,0.0
Nigeria,NG,Delta,L1NGA2156,2014,4.649840714,17.586317556,1.0,0.0
Nigeria,NG,Delta,L1NGA2156,2015,4.474457188,17.570079141,0.92,0.0
Nigeria,NG,Delta,L1NGA2156,2016,3.560613292,20.370339041,0.888501742,0.0
Nigeria,NG,Delta,L1NGA2156,2017,3.422059585,20.323350685999998,0.905749129,0.0
Nigeria,NG,Delta,L1NGA2156,2018,3.532658069,20.599813331,0.936635945,0.0
Nigeria,NG,Delta,L1NGA2156,2019,3.715438527,20.852933180999997,0.885499288,0.0
Nigeria,NG,Delta,L1NGA2156,2020,3.835184572,20.862133853,0.894601542,0.0
Nigeria,NG,Delta,L1NGA2156,2021,3.705387173,21.072971647,0.891030685,0.0
Nigeria,NG,Delta,L1NGA2156,2022,4.098435746,17.637461751,0.868783892,0.0
Nigeria,NG,Delta,L1NGA2156,2023,4.185676664,17.737053609,0.917192454,0.0
Nigeria,NG,Ebonyi,L1NGA2157,1999,4.8922937730000005,35.857014265,0.615869018,0.0
Nigeria,NG,Ebonyi,L1NGA2157,2000,4.838193382,34.43313153,0.606442577,0.0
Nigeria,NG,Ebonyi,L1NGA2157,2001,4.920056894,32.162075354,0.601876676,0.0
Nigeria,NG,Ebonyi,L1NGA2157,2002,4.920056894,33.568380376,0.631233596,0.0
Nigeria,NG,Ebonyi,L1NGA2157,2003,4.8779774289999995,34.24432576,0.59976247,0.0
Nigeria,NG,Ebonyi,L1NGA2157,2004,5.050579806,29.919737006000002,1.6706703040000002,0.0
Nigeria,NG,Ebonyi,L1NGA2157,2005,5.182615159,39.399472216999996,1.7610759489999999,0.0
Nigeria,NG,Ebonyi,L1NGA2157,2006,5.0514337309999995,39.288957928,1.7142857139999998,0.0
Nigeria,NG,Ebonyi,L1NGA2157,2007,5.0514337309999995,33.164677989,1.6780821910000001,0.0
Nigeria,NG,Ebonyi,L1NGA2157,2008,5.3996737360000004,32.613511907,0.777777778,0.0
Nigeria,NG,Ebonyi,L1NGA2157,2009,5.436620787,30.408050302999996,2.415159285,0.0
Nigeria,NG,Ebonyi,L1NGA2157,2010,5.840451217,57.870391807000004,2.114023721,0.0
Nigeria,NG,Ebonyi,L1NGA2157,2011,5.744174614,37.07227637,1.795075102,0.0
Nigeria,NG,Ebonyi,L1NGA2157,2012,8.20315712,36.816093406,130.138360512,0.0
Nigeria,NG,Ebonyi,L1NGA2157,2013,3.352190504,35.035310628000005,1.650965417,0.0
Nigeria,NG,Ebonyi,L1NGA2157,2014,3.881191572,25.629422633999997,2.740356937,0.0
Nigeria,NG,Ebonyi,L1NGA2157,2015,4.184062348,24.740863142,2.964004437,0.0
Nigeria,NG,Ebonyi,L1NGA2157,2016,3.9241329719999998,21.495392353,1.6868923359999999,0.0
Nigeria,NG,Ebonyi,L1NGA2157,2017,4.130825757,20.122217775,1.7070396909999999,0.0
Nigeria,NG,Ebonyi,L1NGA2157,2018,4.17681169,21.896590629000002,1.5967986490000001,0.0
Nigeria,NG,Ebonyi,L1NGA2157,2019,4.163188109,23.251689637,1.6214320469999999,0.0
Nigeria,NG,Ebonyi,L1NGA2157,2020,4.079351529,24.201486207000002,1.644924472,0.0
Nigeria,NG,Ebonyi,L1NGA2157,2021,4.050229142,25.063201658000004,1.660275548,0.0
Nigeria,NG,Ebonyi,L1NGA2157,2022,4.0397851330000005,9.454735656,1.4801906059999999,0.0
Nigeria,NG,Ebonyi,L1NGA2157,2023,4.1262192550000005,9.502411912,1.547874947,0.0
Nigeria,NG,Edo,L1NGA2158,1999,3.27245652,31.040571228999998,1.5928792569999999,0.0
Nigeria,NG,Edo,L1NGA2158,2000,3.379120456,31.316269135999995,1.607219596,0.0
Nigeria,NG,Edo,L1NGA2158,2001,3.4340159139999997,31.538637061,1.850094876,0.0
Nigeria,NG,Edo,L1NGA2158,2002,3.4340159139999997,31.633986922,1.850094876,0.0
Nigeria,NG,Edo,L1NGA2158,2003,3.4340159139999997,31.633986922,1.850094876,0.0
Nigeria,NG,Edo,L1NGA2158,2004,4.037454545,30.98659543,0.971428571,0.0
Nigeria,NG,Edo,L1NGA2158,2005,3.716053368,30.024083769999997,1.856818182,0.0
Nigeria,NG,Edo,L1NGA2158,2006,3.769193681,31.680307835,1.778936695,0.0
Nigeria,NG,Edo,L1NGA2158,2007,3.533069836,20.673169270000002,0.817610063,0.0
Nigeria,NG,Edo,L1NGA2158,2008,0.082465278,27.497482298,0.559310345,0.0
Nigeria,NG,Edo,L1NGA2158,2009,3.447963801,29.684620658,1.137016928,0.0
Nigeria,NG,Edo,L1NGA2158,2010,3.340431122,29.910210468,0.368191721,0.0
Nigeria,NG,Edo,L1NGA2158,2011,3.309145247,9.236591023,0.875381264,0.0
Nigeria,NG,Edo,L1NGA2158,2012,11.367945669000001,9.231121314,1.084313725,0.0
Nigeria,NG,Edo,L1NGA2158,2013,5.937474184,22.384780309,1.154684096,0.0
Nigeria,NG,Edo,L1NGA2158,2014,3.5689424009999997,13.512345333999999,2.123107308,0.0
Nigeria,NG,Edo,L1NGA2158,2015,3.907571078,13.089587928,1.982777474,0.0
Nigeria,NG,Edo,L1NGA2158,2016,3.616771217,21.705708645,1.7659806,0.0
Nigeria,NG,Edo,L1NGA2158,2017,3.7167607790000003,20.435861542,1.713505598,0.0
Nigeria,NG,Edo,L1NGA2158,2018,3.7190340099999997,20.435655224999998,1.712203669,0.0
Nigeria,NG,Edo,L1NGA2158,2019,3.759384626,19.355758159,1.586786655,0.0
Nigeria,NG,Edo,L1NGA2158,2020,3.725751432,17.515151842,1.4818338359999998,0.0
Nigeria,NG,Edo,L1NGA2158,2021,3.707669204,17.44538545,1.626448227,0.0
Nigeria,NG,Edo,L1NGA2158,2022,3.8772616940000004,13.276387284,1.3361959099999998,0.0
Nigeria,NG,Edo,L1NGA2158,2023,3.9590316659999996,13.350103952000001,1.401095317,0.0
Nigeria,NG,Ekiti,L1NGA2159,1999,2.3593337,32.469206404,1.96937799,0.0
Nigeria,NG,Ekiti,L1NGA2159,2000,2.292854063,31.695028373000003,3.27729367,0.0
Nigeria,NG,Ekiti,L1NGA2159,2001,2.443468099,33.360310738,1.13076923,0.0
Nigeria,NG,Ekiti,L1NGA2159,2002,2.4262306870000003,33.780557775,2.9141025640000002,0.0
Nigeria,NG,Ekiti,L1NGA2159,2003,2.3832194749999998,34.214079109,1.247435897,0.0
Nigeria,NG,Ekiti,L1NGA2159,2004,2.366146659,36.025084444,0.882352941,0.0
Nigeria,NG,Ekiti,L1NGA2159,2005,2.37210961,45.979757085,0.0,0.0
Nigeria,NG,Ekiti,L1NGA2159,2006,2.537887409,51.830833275,0.0,0.0
Nigeria,NG,Ekiti,L1NGA2159,2007,2.569138068,42.99952003,0.0,0.0
Nigeria,NG,Ekiti,L1NGA2159,2008,3.113600186,46.030012060000004,2.599661315,0.0
Nigeria,NG,Ekiti,L1NGA2159,2009,3.4848143990000002,44.095643423999995,1.873675355,0.0
Nigeria,NG,Ekiti,L1NGA2159,2010,3.049597189,48.23077535,2.0384992989999997,0.0
Nigeria,NG,Ekiti,L1NGA2159,2011,3.1274530670000003,27.741923631,1.6232487029999998,0.0
Nigeria,NG,Ekiti,L1NGA2159,2012,3.121986122,27.542635629000003,1.908106386,0.0
Nigeria,NG,Ekiti,L1NGA2159,2013,3.465003894,21.674383503,3.9544075139999997,0.0
Nigeria,NG,Ekiti,L1NGA2159,2014,5.119098285,24.586252047000002,2.061651538,0.0
Nigeria,NG,Ekiti,L1NGA2159,2015,5.121466514,23.879157453,2.0949139949999998,0.0
Nigeria,NG,Ekiti,L1NGA2159,2016,3.483167216,27.10167424,2.210659471,0.0
Nigeria,NG,Ekiti,L1NGA2159,2017,3.6411719710000003,25.917623898,2.194320097,0.0
Nigeria,NG,Ekiti,L1NGA2159,2018,3.639818338,26.066434099,0.911510963,0.0
Nigeria,NG,Ekiti,L1NGA2159,2019,3.577284462,26.066190366,0.909287086,0.0
Nigeria,NG,Ekiti,L1NGA2159,2020,3.480413445,26.066108197,0.9056813109999999,0.0
Nigeria,NG,Ekiti,L1NGA2159,2021,3.551159171,26.418424039,0.907388715,0.0
Nigeria,NG,Ekiti,L1NGA2159,2022,3.681757637,16.398661404000002,0.528932529,0.0
Nigeria,NG,Ekiti,L1NGA2159,2023,3.759774206,16.49190793,0.55840454,0.0
Nigeria,NG,Enugu,L1NGA2160,1999,4.1020833329999995,29.558052841,1.070972886,0.0
Nigeria,NG,Enugu,L1NGA2160,2000,3.9938622500000003,27.529668050999998,1.15805086,0.0
Nigeria,NG,Enugu,L1NGA2160,2001,4.047001202,27.720181533,1.156272401,0.0
Nigeria,NG,Enugu,L1NGA2160,2002,4.013332838,27.789792297000005,1.118938498,0.0
Nigeria,NG,Enugu,L1NGA2160,2003,4.21098623,28.231397881,1.075855523,0.0
Nigeria,NG,Enugu,L1NGA2160,2004,4.150336803,29.123907541,1.2060185190000001,0.0
Nigeria,NG,Enugu,L1NGA2160,2005,4.6547459270000004,35.83328302,1.468688201,0.0
Nigeria,NG,Enugu,L1NGA2160,2006,4.449797219000001,36.582422496999996,1.48217636,0.0
Nigeria,NG,Enugu,L1NGA2160,2007,5.19299076,23.87244185,1.463175445,0.0
Nigeria,NG,Enugu,L1NGA2160,2008,4.451659264,32.385184431,2.280821918,0.0
Nigeria,NG,Enugu,L1NGA2160,2009,4.836732938,31.283363179,1.8896107889999998,0.0
Nigeria,NG,Enugu,L1NGA2160,2010,3.728101036,161.93658929100002,1.488248158,0.0
Nigeria,NG,Enugu,L1NGA2160,2011,3.733496626,48.729750748,0.870059673,0.0
Nigeria,NG,Enugu,L1NGA2160,2012,5.50520138,48.815069826,1.268509347,0.0
Nigeria,NG,Enugu,L1NGA2160,2013,4.401774444,32.826842542,1.295114711,0.0
Nigeria,NG,Enugu,L1NGA2160,2014,3.937594149,33.802378134,1.817991466,0.0
Nigeria,NG,Enugu,L1NGA2160,2015,4.1264989530000005,33.769367596,2.0137830599999997,0.0
Nigeria,NG,Enugu,L1NGA2160,2016,4.941527187,32.742319435,1.9611609269999999,0.0
Nigeria,NG,Enugu,L1NGA2160,2017,5.0708560380000005,30.842900288000003,1.936060958,0.0
Nigeria,NG,Enugu,L1NGA2160,2018,5.15427486,30.908171993000003,1.935284545,0.0
Nigeria,NG,Enugu,L1NGA2160,2019,4.977467873,30.562240183,1.9575336229999998,0.0
Nigeria,NG,Enugu,L1NGA2160,2020,4.73144563,30.242984777,2.013750395,0.0
Nigeria,NG,Enugu,L1NGA2160,2021,4.765486656,29.596231467000003,2.126479562,0.0
Nigeria,NG,Enugu,L1NGA2160,2022,3.7227751300000005,23.53967428,1.89114114,0.0
Nigeria,NG,Enugu,L1NGA2160,2023,3.801459774,23.67098903,1.977038302,0.0
Nigeria,NG,Federal Capital Territory,L1NGA2161,1999,7.895018389,23.496628020000003,3.543010753,0.0
Nigeria,NG,Federal Capital Territory,L1NGA2161,2000,7.634535724,23.530213537,3.758601432,0.0
Nigeria,NG,Federal Capital Territory,L1NGA2161,2001,7.566730253999999,24.063013244,3.6757795050000004,0.0
Nigeria,NG,Federal Capital Territory,L1NGA2161,2002,7.802987474,24.875288311,3.949012375,0.0
Nigeria,NG,Federal Capital Territory,L1NGA2161,2003,7.482091066999999,24.91712707,3.231768231,0.0
Nigeria,NG,Federal Capital Territory,L1NGA2161,2004,4.99365908,15.83990981,1.602209945,0.0
Nigeria,NG,Federal Capital Territory,L1NGA2161,2005,0.0,6.52293578,0.0,0.0
Nigeria,NG,Federal Capital Territory,L1NGA2161,2006,0.0,7.064220183,0.0,0.0
Nigeria,NG,Federal Capital Territory,L1NGA2161,2007,0.0,14.10434783,1.575091575,0.0
Nigeria,NG,Federal Capital Territory,L1NGA2161,2008,6.9066232,27.2241642,3.564981384,0.0
Nigeria,NG,Federal Capital Territory,L1NGA2161,2009,6.8997857830000004,39.028040309999994,3.593539237,0.0
Nigeria,NG,Federal Capital Territory,L1NGA2161,2010,7.0598409559999995,11.31980075,3.525405913,0.0
Nigeria,NG,Federal Capital Territory,L1NGA2161,2011,7.867670401000001,2.487053088,3.633514693,0.0
Nigeria,NG,Federal Capital Territory,L1NGA2161,2012,7.855068819,23.54047619,3.843119452,0.0
Nigeria,NG,Federal Capital Territory,L1NGA2161,2013,6.146880833,24.586225210000002,3.998382675,0.0
Nigeria,NG,Federal Capital Territory,L1NGA2161,2014,6.725602811,13.373203371999999,1.265413915,0.677966102
Nigeria,NG,Federal Capital Territory,L1NGA2161,2015,7.095793009,12.530157099,1.395843799,0.625
Nigeria,NG,Federal Capital Territory,L1NGA2161,2016,6.3861125549999995,19.15708562,2.8455116929999997,0.270462633
Nigeria,NG,Federal Capital Territory,L1NGA2161,2017,6.5168042900000005,12.942917452,2.867985416,0.20971867
Nigeria,NG,Federal Capital Territory,L1NGA2161,2018,6.529150375,12.934059838,2.877688356,0.211195929
Nigeria,NG,Federal Capital Territory,L1NGA2161,2019,6.614535013,8.065308444,2.874230013,0.0
Nigeria,NG,Federal Capital Territory,L1NGA2161,2020,6.592851939,8.044479216000001,2.741961952,0.0
Nigeria,NG,Federal Capital Territory,L1NGA2161,2021,6.655669101,8.049715508,2.7366553590000002,0.0
Nigeria,NG,Federal Capital Territory,L1NGA2161,2022,6.874492355,9.838515998,1.47117988,0.0
Nigeria,NG,Federal Capital Territory,L1NGA2161,2023,7.064567202999999,9.895127039,1.542071344,0.0
Nigeria,NG,Gombe,L1NGA2162,1999,4.883341672,10.258608059,1.2829218039999999,1.96969697
Nigeria,NG,Gombe,L1NGA2162,2000,4.925386554,10.563793934,1.416689619,2.119565217
Nigeria,NG,Gombe,L1NGA2162,2001,5.195198632,10.825755714,1.3058650680000001,2.431610942
Nigeria,NG,Gombe,L1NGA2162,2002,5.2228280289999995,10.761163817,1.405865068,2.107142857
Nigeria,NG,Gombe,L1NGA2162,2003,5.402542351,10.697550585,1.471461867,1.350762527
Nigeria,NG,Gombe,L1NGA2162,2004,5.555133765,9.359977875,1.823747358,1.517094017
Nigeria,NG,Gombe,L1NGA2162,2005,5.6792552579999995,15.002581024000001,1.4824948519999999,1.666666667
Nigeria,NG,Gombe,L1NGA2162,2006,5.662107436,14.324143051,1.738100195,1.797468354
Nigeria,NG,Gombe,L1NGA2162,2007,5.724830327,8.817069922,1.612271512,0.0
Nigeria,NG,Gombe,L1NGA2162,2008,3.97929175,0.0,1.78907057,0.0
Nigeria,NG,Gombe,L1NGA2162,2009,5.709124555000001,9.954446622999999,2.503436495,0.0
Nigeria,NG,Gombe,L1NGA2162,2010,5.3753322279999995,3.766467066,1.91048243,0.0
Nigeria,NG,Gombe,L1NGA2162,2011,5.609798008,4.14852459,1.7620576950000002,0.0
Nigeria,NG,Gombe,L1NGA2162,2012,5.667066564,4.324183007,1.7639280739999998,0.0
Nigeria,NG,Gombe,L1NGA2162,2013,5.899750958,4.081632653,2.328229817,0.572
Nigeria,NG,Gombe,L1NGA2162,2014,7.098476648,6.169787765,3.7899376050000004,0.590038314
Nigeria,NG,Gombe,L1NGA2162,2015,6.710178924,5.59312353,3.80209841,0.640056022
Nigeria,NG,Gombe,L1NGA2162,2016,5.357320546,5.864559819,2.956586428,0.319123742
Nigeria,NG,Gombe,L1NGA2162,2017,5.5229948019999995,5.669046653,2.9288172359999995,0.350769231
Nigeria,NG,Gombe,L1NGA2162,2018,5.481867426,6.395412918,2.941917842,0.353049908
Nigeria,NG,Gombe,L1NGA2162,2019,5.334154117000001,6.13139987,2.9169993840000004,0.352022059
Nigeria,NG,Gombe,L1NGA2162,2020,5.145180765,5.87828974,2.8665599349999997,0.351005484
Nigeria,NG,Gombe,L1NGA2162,2021,5.046741964,5.965944272,2.8707915240000004,0.350468703
Nigeria,NG,Gombe,L1NGA2162,2022,5.040274046,6.90853205,1.888574396,0.545632393
Nigeria,NG,Gombe,L1NGA2162,2023,5.183974365999999,6.951919555,1.9773862050000002,0.577461238
Nigeria,NG,Imo,L1NGA2163,1999,2.374244736,34.399716486,0.7310924369999999,0.0
Nigeria,NG,Imo,L1NGA2163,2000,2.3366476790000004,34.499434386000004,0.7310924369999999,0.0
Nigeria,NG,Imo,L1NGA2163,2001,2.523435878,33.632917994,0.80952381,0.0
Nigeria,NG,Imo,L1NGA2163,2002,2.394769218,37.746978100999996,0.935897436,0.0
Nigeria,NG,Imo,L1NGA2163,2003,2.287542892,37.638120543,0.935897436,0.0
Nigeria,NG,Imo,L1NGA2163,2004,2.4219728419999997,37.948934483,0.935897436,0.0
Nigeria,NG,Imo,L1NGA2163,2005,2.614377573,47.772397141000006,1.051948052,0.0
Nigeria,NG,Imo,L1NGA2163,2006,2.55038238,48.059937462,0.976190476,0.0
Nigeria,NG,Imo,L1NGA2163,2007,2.384515187,41.23944969,0.8571428569999999,0.0
Nigeria,NG,Imo,L1NGA2163,2008,0.622222222,37.78785568,0.538461538,0.0
Nigeria,NG,Imo,L1NGA2163,2009,2.342805642,37.609645686,0.529411765,0.0
Nigeria,NG,Imo,L1NGA2163,2010,1.948421422,35.340186777,0.0,0.0
Nigeria,NG,Imo,L1NGA2163,2011,1.96864023,28.181246373,0.0,0.0
Nigeria,NG,Imo,L1NGA2163,2012,3.5962648550000003,28.688073933,0.0,0.0
Nigeria,NG,Imo,L1NGA2163,2013,1.697339969,34.507879619,0.483168458,0.0
Nigeria,NG,Imo,L1NGA2163,2014,5.402400363,18.948955555,1.504484305,0.0
Nigeria,NG,Imo,L1NGA2163,2015,4.887339112,19.043895968,1.689573991,0.0
Nigeria,NG,Imo,L1NGA2163,2016,3.600477004,23.777822711000002,2.1005371569999998,0.0
Nigeria,NG,Imo,L1NGA2163,2017,4.785612736,22.728376927,1.8687963029999999,0.0
Nigeria,NG,Imo,L1NGA2163,2018,4.809455161000001,24.440026142999997,1.846311208,0.0
Nigeria,NG,Imo,L1NGA2163,2019,4.648102277,19.836007619,1.713971215,0.0
Nigeria,NG,Imo,L1NGA2163,2020,4.384854024,18.878668382,1.581394094,0.0
Nigeria,NG,Imo,L1NGA2163,2021,4.363463291,19.060910197,1.5579423650000002,0.0
Nigeria,NG,Imo,L1NGA2163,2022,5.094514524,15.454670077,1.3807236029999999,0.0
Nigeria,NG,Imo,L1NGA2163,2023,5.217321784,15.547311756,1.444920687,0.0
Nigeria,NG,Jigawa,L1NGA2164,1999,5.299650639,0.0,0.428823529,0.0
Nigeria,NG,Jigawa,L1NGA2164,2000,5.031516871,0.0,0.439786154,0.0
Nigeria,NG,Jigawa,L1NGA2164,2001,5.083028259,0.0,0.476751583,0.0
Nigeria,NG,Jigawa,L1NGA2164,2002,5.108351993,0.0,0.483360332,0.0
Nigeria,NG,Jigawa,L1NGA2164,2003,5.119338677,0.0,0.483937893,0.0
Nigeria,NG,Jigawa,L1NGA2164,2004,5.444922877,0.0,0.5019841270000001,0.0
Nigeria,NG,Jigawa,L1NGA2164,2005,5.422650203,0.0,0.527154574,0.0
Nigeria,NG,Jigawa,L1NGA2164,2006,5.238967207000001,0.0,0.516133447,0.0
Nigeria,NG,Jigawa,L1NGA2164,2007,4.209407935,0.0,0.543440514,0.0
Nigeria,NG,Jigawa,L1NGA2164,2008,6.041575692,0.0,0.989090161,0.0
Nigeria,NG,Jigawa,L1NGA2164,2009,6.367294200000001,0.0,1.016315777,0.0
Nigeria,NG,Jigawa,L1NGA2164,2010,4.226548888,6.785464535,0.670673199,0.0
Nigeria,NG,Jigawa,L1NGA2164,2011,3.4852609279999998,0.0,0.691314693,0.0
Nigeria,NG,Jigawa,L1NGA2164,2012,6.029507517,0.0,0.156787797,0.0
Nigeria,NG,Jigawa,L1NGA2164,2013,5.606362004,7.850526316,1.609604767,0.0
Nigeria,NG,Jigawa,L1NGA2164,2014,7.8815936849999995,4.462099125,3.809270274,0.725925926
Nigeria,NG,Jigawa,L1NGA2164,2015,7.535031568,5.283421751,3.5651014389999998,0.535117057
Nigeria,NG,Jigawa,L1NGA2164,2016,5.627810711,3.01454867,2.606841834,0.323059681
Nigeria,NG,Jigawa,L1NGA2164,2017,5.941455131,10.28757669,3.3459452680000004,0.214285714
Nigeria,NG,Jigawa,L1NGA2164,2018,6.1157977070000005,10.20249411,3.712944696,0.217142857
Nigeria,NG,Jigawa,L1NGA2164,2019,6.010078345,10.1785904,3.85139138,0.220571429
Nigeria,NG,Jigawa,L1NGA2164,2020,5.459889806,10.15402664,3.9265076309999998,0.22084507
Nigeria,NG,Jigawa,L1NGA2164,2021,5.54031322,10.17353874,3.958275082,0.221111111
Nigeria,NG,Jigawa,L1NGA2164,2022,5.308197567000001,9.74022197,2.9871429970000003,0.348454278
Nigeria,NG,Jigawa,L1NGA2164,2023,5.4533863359999994,9.801393669,3.1305352930000003,0.368780698
Nigeria,NG,Kaduna,L1NGA2165,1999,7.375706849,18.92067985,5.279473783,2.08
Nigeria,NG,Kaduna,L1NGA2165,2000,7.229090472,19.254573600999997,5.317562884,2.0
Nigeria,NG,Kaduna,L1NGA2165,2001,7.602911354,19.804911851,5.3442240850000005,2.153846154
Nigeria,NG,Kaduna,L1NGA2165,2002,7.446237611,19.566895371999998,5.4452772750000005,0.0
Nigeria,NG,Kaduna,L1NGA2165,2003,7.466261811,23.966895371999996,5.4452772750000005,0.0
Nigeria,NG,Kaduna,L1NGA2165,2004,7.660883006,24.629572163,5.550142911,0.0
Nigeria,NG,Kaduna,L1NGA2165,2005,3.284235315,26.981135574,3.816244314,0.0
Nigeria,NG,Kaduna,L1NGA2165,2006,8.042074281,24.818129725999995,5.776173662,0.0
Nigeria,NG,Kaduna,L1NGA2165,2007,5.03126492,27.170301141000003,12.439014031000001,0.0
Nigeria,NG,Kaduna,L1NGA2165,2008,7.610811958,20.205002970000002,3.822507568,0.0
Nigeria,NG,Kaduna,L1NGA2165,2009,7.531656474,27.88430678,3.892597026,0.0
Nigeria,NG,Kaduna,L1NGA2165,2010,6.169024932,18.373066189,3.9425930539999996,0.0
Nigeria,NG,Kaduna,L1NGA2165,2011,4.411343244,27.693954202,6.043664525,0.0
Nigeria,NG,Kaduna,L1NGA2165,2012,4.41221888,27.040885587000002,1.253996425,0.0
Nigeria,NG,Kaduna,L1NGA2165,2013,2.94191188,28.829612217000005,2.3837941650000003,1.0
Nigeria,NG,Kaduna,L1NGA2165,2014,6.576755997,23.304640058,5.571392636,0.258064516
Nigeria,NG,Kaduna,L1NGA2165,2015,7.636474934000001,25.231169252,5.510956751,0.184810127
Nigeria,NG,Kaduna,L1NGA2165,2016,6.303994157,23.79561791,3.199911273,0.365909091
Nigeria,NG,Kaduna,L1NGA2165,2017,6.490242061,24.1737365,3.176947663,3.011494253
Nigeria,NG,Kaduna,L1NGA2165,2018,6.618983489,24.65244936,3.1265143799999997,3.019562716
Nigeria,NG,Kaduna,L1NGA2165,2019,6.617974384,24.85366932,3.151776787,3.077012835
Nigeria,NG,Kaduna,L1NGA2165,2020,6.582641067,25.06420851,3.1986897990000003,3.136094675
Nigeria,NG,Kaduna,L1NGA2165,2021,6.6294556799999995,25.18114572,3.2219469939999996,3.198317308
Nigeria,NG,Kaduna,L1NGA2165,2022,6.780609883,25.476468850000003,2.047008945,3.717333364
Nigeria,NG,Kaduna,L1NGA2165,2023,6.955911811,25.61891887,2.141165288,3.934177406
Nigeria,NG,Kano,L1NGA2166,1999,4.817659222,0.0,1.427932477,0.543164524
Nigeria,NG,Kano,L1NGA2166,2000,4.974181654,0.0,1.496692112,0.587326121
Nigeria,NG,Kano,L1NGA2166,2001,5.047409613,0.0,1.5254595709999998,0.831509847
Nigeria,NG,Kano,L1NGA2166,2002,5.047409613,0.0,1.5254595709999998,1.892430279
Nigeria,NG,Kano,L1NGA2166,2003,5.039135042,0.0,3.0708412920000003,0.794979079
Nigeria,NG,Kano,L1NGA2166,2004,5.039135042,0.0,3.059569224,0.565307944
Nigeria,NG,Kano,L1NGA2166,2005,5.1487017559999995,9.100813752,4.937786406,2.28257133
Nigeria,NG,Kano,L1NGA2166,2006,5.800938558,8.617547111,5.111567303999999,0.978673678
Nigeria,NG,Kano,L1NGA2166,2007,6.850567654,6.374269006,3.0426420399999996,0.0
Nigeria,NG,Kano,L1NGA2166,2008,6.926814691000001,16.14964371,3.359083493,1.661968286
Nigeria,NG,Kano,L1NGA2166,2009,7.806086176,13.621835443,2.929013285,1.671428571
Nigeria,NG,Kano,L1NGA2166,2010,6.814341647,13.789179104,2.946091858,1.448936807
Nigeria,NG,Kano,L1NGA2166,2011,7.2838869939999995,9.515209125,2.2154456519999997,0.132065068
Nigeria,NG,Kano,L1NGA2166,2012,7.321558141,8.771376812,2.284339905,0.10500779
Nigeria,NG,Kano,L1NGA2166,2013,6.996300617999999,8.514851485,3.133603965,1.0
Nigeria,NG,Kano,L1NGA2166,2014,7.223790493999999,4.850148368,3.4151137560000002,0.306553911
Nigeria,NG,Kano,L1NGA2166,2015,7.34597736,4.652263374,3.169241566,0.25839599
Nigeria,NG,Kano,L1NGA2166,2016,6.699340864,3.706602954,3.220253604,0.577310156
Nigeria,NG,Kano,L1NGA2166,2017,8.97186597,3.55508576,2.478601867,0.620767494
Nigeria,NG,Kano,L1NGA2166,2018,8.943186368,0.0,2.5232046300000004,0.621078763
Nigeria,NG,Kano,L1NGA2166,2019,8.868380477999999,0.0,2.5852848809999998,0.647388865
Nigeria,NG,Kano,L1NGA2166,2020,8.676996386999999,0.0,2.64677008,0.689539044
Nigeria,NG,Kano,L1NGA2166,2021,8.687542907000001,0.0,2.6587503999999997,0.731422723
Nigeria,NG,Kano,L1NGA2166,2022,8.935131691,0.0,1.4263503229999999,0.910276953
Nigeria,NG,Kano,L1NGA2166,2023,9.177539343,0.0,1.495822099,0.963376545
Nigeria,NG,Katsina,L1NGA2167,1999,3.715362673,0.0,2.104845331,1.029868578
Nigeria,NG,Katsina,L1NGA2167,2000,3.5628721810000004,0.0,2.27276486,1.174838113
Nigeria,NG,Katsina,L1NGA2167,2001,3.5844176119999998,0.0,1.97645084,1.584599267
Nigeria,NG,Katsina,L1NGA2167,2002,3.79918671,0.0,1.841290956,2.771982116
Nigeria,NG,Katsina,L1NGA2167,2003,3.778861915,0.0,1.810422923,1.253382709
Nigeria,NG,Katsina,L1NGA2167,2004,3.9466713660000003,0.0,2.0703408440000004,1.3050372
Nigeria,NG,Katsina,L1NGA2167,2005,4.2868654369999994,15.938974821,2.110835379,1.081239041
Nigeria,NG,Katsina,L1NGA2167,2006,4.084225213,23.689759818,2.22271345,1.079679928
Nigeria,NG,Katsina,L1NGA2167,2007,4.34413915,16.203379705,2.2906787250000002,0.0
Nigeria,NG,Katsina,L1NGA2167,2008,4.378161728,22.916468588,2.375161373,1.036819991
Nigeria,NG,Katsina,L1NGA2167,2009,4.453893959,20.315963916999998,2.545895018,0.994565217
Nigeria,NG,Katsina,L1NGA2167,2010,3.801286333,9.897467226,2.6535703109999997,1.020697812
Nigeria,NG,Katsina,L1NGA2167,2011,3.803603697,10.093853731,2.468486017,0.148849797
Nigeria,NG,Katsina,L1NGA2167,2012,3.791170064,9.325468483,2.569484598,0.160650933
Nigeria,NG,Katsina,L1NGA2167,2013,4.41826735,8.32566168,2.8832540740000003,1.0
Nigeria,NG,Katsina,L1NGA2167,2014,6.449929887,5.276827372,3.615639732,0.359516129
Nigeria,NG,Katsina,L1NGA2167,2015,7.088896642,6.080054645,3.5381836049999995,0.354927007
Nigeria,NG,Katsina,L1NGA2167,2016,5.72046928,3.094614407,2.625259603,0.436478826
Nigeria,NG,Katsina,L1NGA2167,2017,5.848989262,3.039814732,2.589714055,0.187987892
Nigeria,NG,Katsina,L1NGA2167,2018,6.2419076559999995,3.017249674,2.709259787,0.44044586
Nigeria,NG,Katsina,L1NGA2167,2019,6.189167842,2.642271293,2.5991232010000003,0.456078931
Nigeria,NG,Katsina,L1NGA2167,2020,6.005919136,2.310125484,2.536817595,0.47264631
Nigeria,NG,Katsina,L1NGA2167,2021,5.7028320269999995,2.315123508,2.544672163,0.487847222
Nigeria,NG,Katsina,L1NGA2167,2022,5.933945802,2.719628624,1.737366282,0.980228489
Nigeria,NG,Katsina,L1NGA2167,2023,6.100186446,2.736708729,1.8203664370000001,1.037408671
Nigeria,NG,Kebbi,L1NGA2168,1999,5.383694545,0.0,1.3945713620000002,0.0
Nigeria,NG,Kebbi,L1NGA2168,2000,5.192347935,0.0,1.392540793,0.0
Nigeria,NG,Kebbi,L1NGA2168,2001,5.250208325,0.0,1.413503828,0.0
Nigeria,NG,Kebbi,L1NGA2168,2002,5.267913712,0.0,1.424906336,0.0
Nigeria,NG,Kebbi,L1NGA2168,2003,5.379337039999999,0.0,1.460154058,0.0
Nigeria,NG,Kebbi,L1NGA2168,2004,5.379337039999999,0.0,1.460154058,0.0
Nigeria,NG,Kebbi,L1NGA2168,2005,4.972712141000001,27.476321067,2.408594646,1.016129032
Nigeria,NG,Kebbi,L1NGA2168,2006,5.52316939,26.422937994999998,2.320733657,0.9375
Nigeria,NG,Kebbi,L1NGA2168,2007,5.173502675,17.040016394,2.37161993,0.0
Nigeria,NG,Kebbi,L1NGA2168,2008,5.261145553,7.394651011,2.497080654,0.5625
Nigeria,NG,Kebbi,L1NGA2168,2009,6.04796494,14.298801291,2.543192135,1.108108108
Nigeria,NG,Kebbi,L1NGA2168,2010,4.068801237,8.406853076,2.385668378,0.491788321
Nigeria,NG,Kebbi,L1NGA2168,2011,4.4005779920000005,8.404702523,1.580127029,0.906278435
Nigeria,NG,Kebbi,L1NGA2168,2012,4.516956325,8.303082276,1.6002751960000001,0.869196823
Nigeria,NG,Kebbi,L1NGA2168,2013,4.802503113,7.07217695,2.092579937,1.0
Nigeria,NG,Kebbi,L1NGA2168,2014,6.6567483560000005,14.240878634,1.816360563,0.35
Nigeria,NG,Kebbi,L1NGA2168,2015,6.8069185480000005,12.653019021999999,1.8497461609999999,0.364359862
Nigeria,NG,Kebbi,L1NGA2168,2016,5.644780974,11.180665309,2.768899835,0.190319311
Nigeria,NG,Kebbi,L1NGA2168,2017,5.997438544,10.967155847,2.7927373089999996,0.364795918
Nigeria,NG,Kebbi,L1NGA2168,2018,6.103223497,10.924815594,2.891403698,0.365909671
Nigeria,NG,Kebbi,L1NGA2168,2019,6.075244156,10.835188299,2.9416949079999997,0.373404798
Nigeria,NG,Kebbi,L1NGA2168,2020,5.6631921610000004,10.742099515,2.976205216,0.38115905
Nigeria,NG,Kebbi,L1NGA2168,2021,5.656253871,10.686410839,2.9765134370000004,0.386659852
Nigeria,NG,Kebbi,L1NGA2168,2022,5.700924959,11.777566178,1.92786758,0.689789686
Nigeria,NG,Kebbi,L1NGA2168,2023,5.857617294,11.843462936,2.016900456,0.73002774
Nigeria,NG,Kogi,L1NGA2169,1999,6.018598835000001,30.893645622,3.287829817,0.0
Nigeria,NG,Kogi,L1NGA2169,2000,6.138783945,30.748440128,3.370438654,0.0
Nigeria,NG,Kogi,L1NGA2169,2001,5.813204701,33.045440733999996,3.438080496,0.0
Nigeria,NG,Kogi,L1NGA2169,2002,5.897966604,33.120052482999995,3.425675955,0.0
Nigeria,NG,Kogi,L1NGA2169,2003,6.1622510319999995,33.465050451,3.4291928479999996,0.0
Nigeria,NG,Kogi,L1NGA2169,2004,6.19005181,33.947436506,3.422379031,0.0
Nigeria,NG,Kogi,L1NGA2169,2005,6.391356066,34.839560914,3.49967629,0.0
Nigeria,NG,Kogi,L1NGA2169,2006,6.2427965180000005,36.365803431,3.58342602,0.0
Nigeria,NG,Kogi,L1NGA2169,2007,7.0854138529999995,27.14392261,3.521664263,0.0
Nigeria,NG,Kogi,L1NGA2169,2008,6.745419432,35.746216381,3.290549032,0.0
Nigeria,NG,Kogi,L1NGA2169,2009,5.844944062,36.196793904,3.2692468220000004,0.0
Nigeria,NG,Kogi,L1NGA2169,2010,11.070909704999998,34.578264931,2.383879736,0.0
Nigeria,NG,Kogi,L1NGA2169,2011,10.752127846,38.576983731999995,0.9074986100000001,0.0
Nigeria,NG,Kogi,L1NGA2169,2012,10.652746045,38.384626049000005,0.9033282579999999,0.0
Nigeria,NG,Kogi,L1NGA2169,2013,5.70613588,36.038706516999994,2.557438776,0.0
Nigeria,NG,Kogi,L1NGA2169,2014,6.974054466,16.029763658,2.6656172750000002,0.0
Nigeria,NG,Kogi,L1NGA2169,2015,6.1474930500000005,16.490182932,2.8022386499999996,0.0
Nigeria,NG,Kogi,L1NGA2169,2016,6.656288004,30.533517392,2.3384449719999996,0.0
Nigeria,NG,Kogi,L1NGA2169,2017,6.787042882,29.136329319999998,2.331660231,0.0
Nigeria,NG,Kogi,L1NGA2169,2018,6.688783646,27.557388372,2.412420293,0.0
Nigeria,NG,Kogi,L1NGA2169,2019,6.68975519,28.179188501,2.543343288,0.0
Nigeria,NG,Kogi,L1NGA2169,2020,6.635083495,28.342654375000002,2.613226593,0.0
Nigeria,NG,Kogi,L1NGA2169,2021,6.538920836999999,28.675264595999998,2.547849018,0.0
Nigeria,NG,Kogi,L1NGA2169,2022,6.6485259260000005,20.053244182,1.582274093,0.0
Nigeria,NG,Kogi,L1NGA2169,2023,6.827627001,20.167480752000003,1.6520161039999999,0.0
Nigeria,NG,Kwara,L1NGA2170,1999,5.406231936,24.44132027,2.9023124119999997,0.0
Nigeria,NG,Kwara,L1NGA2170,2000,5.4599036530000005,26.518941859999998,3.082442244,0.0
Nigeria,NG,Kwara,L1NGA2170,2001,4.961676975,27.13793103,2.975919733,0.0
Nigeria,NG,Kwara,L1NGA2170,2002,4.963003269,26.28571429,2.975919733,0.0
Nigeria,NG,Kwara,L1NGA2170,2003,5.119326104,26.24445582,2.923636364,0.0
Nigeria,NG,Kwara,L1NGA2170,2004,5.178797905000001,24.682937199999998,1.6914285709999999,0.0
Nigeria,NG,Kwara,L1NGA2170,2005,5.382738764000001,32.629314083,1.6004999999999998,0.0
Nigeria,NG,Kwara,L1NGA2170,2006,5.124517044,32.525318415,1.827352941,0.0
Nigeria,NG,Kwara,L1NGA2170,2007,4.93140647,23.682491579999997,3.443521436,0.0
Nigeria,NG,Kwara,L1NGA2170,2008,6.525185820999999,29.59279695,3.5723859320000004,0.0
Nigeria,NG,Kwara,L1NGA2170,2009,7.300307478000001,28.43109298,3.495631509,0.0
Nigeria,NG,Kwara,L1NGA2170,2010,7.686686598,81.55709522999999,2.82186748,0.0
Nigeria,NG,Kwara,L1NGA2170,2011,7.3378387499999995,132.00077541,1.995690088,0.0
Nigeria,NG,Kwara,L1NGA2170,2012,7.267457491,133.24374073,1.939657105,0.0
Nigeria,NG,Kwara,L1NGA2170,2013,4.692738615,18.946140938,2.253274127,0.0
Nigeria,NG,Kwara,L1NGA2170,2014,6.031728396,22.751268077,2.9518872910000002,0.0
Nigeria,NG,Kwara,L1NGA2170,2015,6.651620806,20.300026488,2.9378805970000004,0.0
Nigeria,NG,Kwara,L1NGA2170,2016,6.41287526,17.238648628,3.204398366,0.0
Nigeria,NG,Kwara,L1NGA2170,2017,6.636786956,16.891303133,3.191314857,0.0
Nigeria,NG,Kwara,L1NGA2170,2018,6.636819684000001,16.524961538,3.189783688,0.0
Nigeria,NG,Kwara,L1NGA2170,2019,6.565359053,15.619612247,3.1896100670000003,0.0
Nigeria,NG,Kwara,L1NGA2170,2020,6.402580572,14.869383232999999,3.149410844,0.0
Nigeria,NG,Kwara,L1NGA2170,2021,6.402175626,14.870772704,3.131765675,0.0
Nigeria,NG,Kwara,L1NGA2170,2022,6.450023347,13.200109873,1.9913734220000001,0.0
Nigeria,NG,Kwara,L1NGA2170,2023,6.628219986,13.271849587,2.0833189489999997,0.0
Nigeria,NG,Lagos,L1NGA2171,1999,3.8635870370000003,22.458385562000004,2.320961471,0.0
Nigeria,NG,Lagos,L1NGA2171,2000,3.7034213950000003,22.125808198,2.641688522,0.0
Nigeria,NG,Lagos,L1NGA2171,2001,4.1207919099999994,23.116561517,2.741302589,0.0
Nigeria,NG,Lagos,L1NGA2171,2002,4.092325991999999,21.549548668,3.2466460269999997,0.0
Nigeria,NG,Lagos,L1NGA2171,2003,4.072700891,21.426250496999998,2.677922078,0.0
Nigeria,NG,Lagos,L1NGA2171,2004,4.227347935999999,21.469166639999997,2.948474081,0.0
Nigeria,NG,Lagos,L1NGA2171,2005,4.986256871,14.03026135,2.733954451,0.0
Nigeria,NG,Lagos,L1NGA2171,2006,4.601812378,23.244647055999998,2.807881774,0.0
Nigeria,NG,Lagos,L1NGA2171,2007,4.875919885,20.18716476,3.825523908,0.0
Nigeria,NG,Lagos,L1NGA2171,2008,5.189982528,26.382291822,2.64084507,0.0
Nigeria,NG,Lagos,L1NGA2171,2009,5.472371333,29.102958155,3.046302333,0.0
Nigeria,NG,Lagos,L1NGA2171,2010,6.5362628449999995,21.966259709,2.216620517,0.0
Nigeria,NG,Lagos,L1NGA2171,2011,6.593168931999999,20.728383987,2.645054592,0.0
Nigeria,NG,Lagos,L1NGA2171,2012,8.524973904,20.572546120000002,2.569621487,0.0
Nigeria,NG,Lagos,L1NGA2171,2013,4.732245456,27.033117321000002,3.6141291779999998,0.0
Nigeria,NG,Lagos,L1NGA2171,2014,3.0636358,11.819904094,2.041713221,0.0
Nigeria,NG,Lagos,L1NGA2171,2015,3.303342506,12.45854302,1.913188248,0.0
Nigeria,NG,Lagos,L1NGA2171,2016,3.387956092,15.647868669,1.9792513120000002,0.0
Nigeria,NG,Lagos,L1NGA2171,2017,3.4753922590000004,15.384175455000001,1.861863133,0.0
Nigeria,NG,Lagos,L1NGA2171,2018,3.5700879050000003,15.129705856000001,0.695710281,0.0
Nigeria,NG,Lagos,L1NGA2171,2019,3.52497214,10.024885479,0.554312953,0.0
Nigeria,NG,Lagos,L1NGA2171,2020,3.383936488,9.397912939000001,0.525938423,0.0
Nigeria,NG,Lagos,L1NGA2171,2021,3.3366983240000003,9.419539252,0.525959368,0.0
Nigeria,NG,Lagos,L1NGA2171,2022,3.226305345,6.370572144,0.479426575,0.0
Nigeria,NG,Lagos,L1NGA2171,2023,3.2948535019999996,6.410580952,0.506140106,0.0
Nigeria,NG,Nasarawa,L1NGA2172,1999,5.638010891,23.580477986,4.224481867,0.0
Nigeria,NG,Nasarawa,L1NGA2172,2000,5.803455584,23.276827830000002,3.560536063,0.0
Nigeria,NG,Nasarawa,L1NGA2172,2001,6.112507989000001,23.69017847,3.8846554290000004,0.0
Nigeria,NG,Nasarawa,L1NGA2172,2002,5.9802177930000004,24.95091164,3.989019721,0.0
Nigeria,NG,Nasarawa,L1NGA2172,2003,5.751320871,25.14302456,3.949462525,0.0
Nigeria,NG,Nasarawa,L1NGA2172,2004,5.872927489,25.74962339,3.591738125,0.0
Nigeria,NG,Nasarawa,L1NGA2172,2005,6.488888347,37.884732406,3.4990648699999998,0.0
Nigeria,NG,Nasarawa,L1NGA2172,2006,6.542947262,39.313839826,3.554876262,0.0
Nigeria,NG,Nasarawa,L1NGA2172,2007,6.531201376,31.310674121,3.628064733,0.0
Nigeria,NG,Nasarawa,L1NGA2172,2008,7.182666576000001,30.762897712999997,3.0532838449999997,0.0
Nigeria,NG,Nasarawa,L1NGA2172,2009,7.632550802,41.595084502000006,3.2915794849999997,0.0
Nigeria,NG,Nasarawa,L1NGA2172,2010,6.360806913999999,36.911060177,1.771044759,0.0
Nigeria,NG,Nasarawa,L1NGA2172,2011,5.400577633999999,106.73959567600001,1.089724591,0.0
Nigeria,NG,Nasarawa,L1NGA2172,2012,5.330039052,107.992405054,1.117957789,0.0
Nigeria,NG,Nasarawa,L1NGA2172,2013,6.062870321,32.24267363,2.959271749,0.0
Nigeria,NG,Nasarawa,L1NGA2172,2014,7.436607306,26.250083251,3.61601647,0.0
Nigeria,NG,Nasarawa,L1NGA2172,2015,7.906178781,24.946196989,3.647575499,0.0
Nigeria,NG,Nasarawa,L1NGA2172,2016,6.602496619,27.767057836,3.006046209,0.0
Nigeria,NG,Nasarawa,L1NGA2172,2017,8.295336339,31.845338103,4.321850046,0.0
Nigeria,NG,Nasarawa,L1NGA2172,2018,8.342134226,31.695618309999997,4.467593128,0.0
Nigeria,NG,Nasarawa,L1NGA2172,2019,8.375403045,31.625254477,4.550972101,0.0
Nigeria,NG,Nasarawa,L1NGA2172,2020,8.208860865,31.554325806999998,4.505075528999999,0.0
Nigeria,NG,Nasarawa,L1NGA2172,2021,7.978273426,32.195537836999996,4.433332927,0.0
Nigeria,NG,Nasarawa,L1NGA2172,2022,7.409533534,26.368932397000002,3.1752549820000002,0.0
Nigeria,NG,Nasarawa,L1NGA2172,2023,7.611567258,26.510181859,3.3196366470000003,0.0
Nigeria,NG,Niger,L1NGA2173,1999,5.987206832,20.560146857,2.75422155,0.652173913
Nigeria,NG,Niger,L1NGA2173,2000,5.737578533000001,18.73881259,2.988471178,0.765625
Nigeria,NG,Niger,L1NGA2173,2001,5.694315108,18.722319747,2.659035207,0.766062603
Nigeria,NG,Niger,L1NGA2173,2002,6.156443819000001,23.159377778,2.70629825,0.764851485
Nigeria,NG,Niger,L1NGA2173,2003,5.707438848000001,18.597384827,2.635098628,0.764350453
Nigeria,NG,Niger,L1NGA2173,2004,5.57329841,19.894736842,2.593045306,0.766116942
Nigeria,NG,Niger,L1NGA2173,2005,5.402517770999999,29.645436331,2.557018084,0.0
Nigeria,NG,Niger,L1NGA2173,2006,5.868310486,30.763478650000003,2.189957021,0.0
Nigeria,NG,Niger,L1NGA2173,2007,6.163259715,27.906845293000003,2.5841047710000002,0.0
Nigeria,NG,Niger,L1NGA2173,2008,6.212677792,29.451874773999997,2.909533621,0.0
Nigeria,NG,Niger,L1NGA2173,2009,7.218545583999999,31.46780973,3.1279384620000004,0.0
Nigeria,NG,Niger,L1NGA2173,2010,4.591777101,25.189435522,3.1820776139999998,0.0
Nigeria,NG,Niger,L1NGA2173,2011,4.123813903,18.030130993,6.842937498,0.0
Nigeria,NG,Niger,L1NGA2173,2012,4.1709424639999995,17.958541676000003,6.866513627,0.0
Nigeria,NG,Niger,L1NGA2173,2013,4.6442620770000005,19.220870541,1.874942823,0.0
Nigeria,NG,Niger,L1NGA2173,2014,6.517045883,28.607276919,3.54231544,0.0
Nigeria,NG,Niger,L1NGA2173,2015,7.010628778999999,25.234438137,3.821570303,0.0
Nigeria,NG,Niger,L1NGA2173,2016,7.060134938000001,27.542296657,2.942975756,0.0
Nigeria,NG,Niger,L1NGA2173,2017,7.145376109000001,27.144970776999997,3.054789286,0.0
Nigeria,NG,Niger,L1NGA2173,2018,7.373480095,27.918856135000002,2.885361936,0.0
Nigeria,NG,Niger,L1NGA2173,2019,7.464014689,28.758680529000003,2.881557313,0.0
Nigeria,NG,Niger,L1NGA2173,2020,7.417868928999999,29.710652308,2.948857041,0.0
Nigeria,NG,Niger,L1NGA2173,2021,7.581560035000001,30.189120366,3.032595932,0.0
Nigeria,NG,Niger,L1NGA2173,2022,8.842793591,22.110351832,2.5684932050000002,0.0
Nigeria,NG,Niger,L1NGA2173,2023,9.083700381,22.228355018,2.693037505,0.0
Nigeria,NG,Ogun,L1NGA2174,1999,2.373789275,31.812445074,0.869816779,0.0
Nigeria,NG,Ogun,L1NGA2174,2000,2.5427929330000003,30.860318841999998,0.800298062,0.0
Nigeria,NG,Ogun,L1NGA2174,2001,2.933453215,30.049173333,0.5836542579999999,0.0
Nigeria,NG,Ogun,L1NGA2174,2002,2.65621614,27.58925043,0.578947368,0.0
Nigeria,NG,Ogun,L1NGA2174,2003,2.541183817,28.734574215000002,0.6,0.0
Nigeria,NG,Ogun,L1NGA2174,2004,2.5620150620000004,29.539315995000003,0.636363636,0.0
Nigeria,NG,Ogun,L1NGA2174,2005,2.993828253,22.553057322,0.6,0.0
Nigeria,NG,Ogun,L1NGA2174,2006,2.394628704,28.725053232,0.586206897,0.0
Nigeria,NG,Ogun,L1NGA2174,2007,3.681016778,30.503142556,0.65,0.0
Nigeria,NG,Ogun,L1NGA2174,2008,2.6076092309999996,29.790416729,0.631840796,0.0
Nigeria,NG,Ogun,L1NGA2174,2009,2.7594524920000003,30.057279012000002,0.775510204,0.0
Nigeria,NG,Ogun,L1NGA2174,2010,4.329127336,21.749156478,1.501380263,0.0
Nigeria,NG,Ogun,L1NGA2174,2011,4.439266859,21.009080180999998,1.88013561,0.0
Nigeria,NG,Ogun,L1NGA2174,2012,4.831481868,21.074951,1.915418453,0.0
Nigeria,NG,Ogun,L1NGA2174,2013,3.602662221,25.989411194,1.893448881,0.0
Nigeria,NG,Ogun,L1NGA2174,2014,4.522110694,27.118807465,3.248598101,0.0
Nigeria,NG,Ogun,L1NGA2174,2015,4.848742179,27.389030345000002,3.205946178,0.0
Nigeria,NG,Ogun,L1NGA2174,2016,4.663475206,28.100880675,2.259549423,0.0
Nigeria,NG,Ogun,L1NGA2174,2017,4.675273735,28.377075289,2.593292763,0.0
Nigeria,NG,Ogun,L1NGA2174,2018,3.5764580099999996,29.377008149999998,2.601355009,0.0
Nigeria,NG,Ogun,L1NGA2174,2019,3.666891759,28.197050769,2.645061826,0.0
Nigeria,NG,Ogun,L1NGA2174,2020,3.6805157179999997,27.069693587,2.812368136,0.0
Nigeria,NG,Ogun,L1NGA2174,2021,3.6589746090000004,27.200777898000002,2.783775602,0.0
Nigeria,NG,Ogun,L1NGA2174,2022,3.764026647,18.174743334,2.450896151,0.0
Nigeria,NG,Ogun,L1NGA2174,2023,3.843262608,18.280907818000003,2.557582407,0.0
Nigeria,NG,Ondo,L1NGA2175,1999,4.044234496,34.707085092,1.527173913,0.0
Nigeria,NG,Ondo,L1NGA2175,2000,4.065512947,34.71201209,1.527173913,0.0
Nigeria,NG,Ondo,L1NGA2175,2001,4.336113592,33.960277168,1.733966565,0.0
Nigeria,NG,Ondo,L1NGA2175,2002,4.302891612,37.287404742999996,1.627688172,0.0
Nigeria,NG,Ondo,L1NGA2175,2003,4.064648816,38.072835443,1.455882353,0.0
Nigeria,NG,Ondo,L1NGA2175,2004,4.022422508,38.632597866,1.729230769,0.0
Nigeria,NG,Ondo,L1NGA2175,2005,4.343641765999999,38.868036959,2.035714286,0.0
Nigeria,NG,Ondo,L1NGA2175,2006,3.6802786779999996,39.664912421000004,2.020050125,0.0
Nigeria,NG,Ondo,L1NGA2175,2007,3.629744262,39.643533432999995,1.671272727,0.0
Nigeria,NG,Ondo,L1NGA2175,2008,4.0872851830000005,45.768686439999996,1.403508772,0.0
Nigeria,NG,Ondo,L1NGA2175,2009,4.5479452049999995,47.939911583,1.0,1.0
Nigeria,NG,Ondo,L1NGA2175,2010,4.327333247,47.305838108,8.750585322,0.732142857
Nigeria,NG,Ondo,L1NGA2175,2011,4.393989809000001,47.22432641,1.205185481,0.0
Nigeria,NG,Ondo,L1NGA2175,2012,4.366639409,47.155560853000004,1.227313348,0.0
Nigeria,NG,Ondo,L1NGA2175,2013,4.822693282,42.678823791,0.958938441,0.0
Nigeria,NG,Ondo,L1NGA2175,2014,4.509709157,32.36564213,3.729356444,0.0
Nigeria,NG,Ondo,L1NGA2175,2015,4.126736094,32.713526294,4.0151620359999995,0.0
Nigeria,NG,Ondo,L1NGA2175,2016,5.061019112,33.812013803,3.259373159,0.0
Nigeria,NG,Ondo,L1NGA2175,2017,7.105720672,41.577831703,3.2490677889999997,0.0
Nigeria,NG,Ondo,L1NGA2175,2018,5.757860577000001,41.35642365,1.7102059139999999,0.0
Nigeria,NG,Ondo,L1NGA2175,2019,5.377304443,41.361998814,0.765533333,0.0
Nigeria,NG,Ondo,L1NGA2175,2020,4.983727114000001,40.894139784000004,0.766351405,0.0
Nigeria,NG,Ondo,L1NGA2175,2021,5.001928711,40.893303406,0.779025965,0.0
Nigeria,NG,Ondo,L1NGA2175,2022,4.859258618,26.808697527,0.741490025,0.0
Nigeria,NG,Ondo,L1NGA2175,2023,4.9620944090000005,26.965114434,0.782805785,0.0
Nigeria,NG,Osun,L1NGA2176,1999,2.928057665,90.73699692,1.257229833,0.0
Nigeria,NG,Osun,L1NGA2176,2000,3.0736842109999998,61.831586970000004,1.1666666669999999,0.0
Nigeria,NG,Osun,L1NGA2176,2001,3.1078431369999997,58.22114819,1.1666666669999999,0.0
Nigeria,NG,Osun,L1NGA2176,2002,3.1078431369999997,52.848326400000005,1.1666666669999999,0.0
Nigeria,NG,Osun,L1NGA2176,2003,3.1078431369999997,46.13743592,1.1666666669999999,0.0
Nigeria,NG,Osun,L1NGA2176,2004,3.2704998769999998,38.88509852,0.0,0.0
Nigeria,NG,Osun,L1NGA2176,2005,3.382975348,39.45854201,0.0,0.0
Nigeria,NG,Osun,L1NGA2176,2006,3.320437741,43.28826732,2.2,0.0
Nigeria,NG,Osun,L1NGA2176,2007,3.6951545560000003,30.38173484,1.0,0.0
Nigeria,NG,Osun,L1NGA2176,2008,3.556399662,49.789535279999996,0.640522876,0.0
Nigeria,NG,Osun,L1NGA2176,2009,4.623286025,42.6899267,0.681372549,0.0
Nigeria,NG,Osun,L1NGA2176,2010,3.4207682420000003,83.47796589699999,0.725252525,0.0
Nigeria,NG,Osun,L1NGA2176,2011,3.3560836849999998,31.513067329,0.169728481,0.0
Nigeria,NG,Osun,L1NGA2176,2012,4.074538636,31.358081716,0.426478873,0.0
Nigeria,NG,Osun,L1NGA2176,2013,4.183744971,38.778372691,0.694767442,0.0
Nigeria,NG,Osun,L1NGA2176,2014,3.890578079,26.175042479000002,1.438945688,0.0
Nigeria,NG,Osun,L1NGA2176,2015,3.558528428,27.528828303,2.70043008,0.0
Nigeria,NG,Osun,L1NGA2176,2016,4.1062049179999995,31.171775494000002,2.366240084,0.0
Nigeria,NG,Osun,L1NGA2176,2017,4.17707035,31.121394818,2.0466016419999997,0.0
Nigeria,NG,Osun,L1NGA2176,2018,4.306559837,31.754763705,2.104053723,0.0
Nigeria,NG,Osun,L1NGA2176,2019,4.162358724,30.182324598999998,1.746564334,0.0
Nigeria,NG,Osun,L1NGA2176,2020,3.9828870739999997,29.583521013000002,1.8798411640000001,0.0
Nigeria,NG,Osun,L1NGA2176,2021,4.078080619,29.801094391,1.8403150640000001,0.0
Nigeria,NG,Osun,L1NGA2176,2022,4.027202137,23.36630091,1.625485907,0.0
Nigeria,NG,Osun,L1NGA2176,2023,4.112135476,23.498114119999997,1.696551641,0.0
Nigeria,NG,Oyo,L1NGA2177,1999,3.654923097,44.304474762,2.978086727,0.0
Nigeria,NG,Oyo,L1NGA2177,2000,3.8853900149999996,64.936445326,2.875270542,0.0
Nigeria,NG,Oyo,L1NGA2177,2001,3.848113968,59.216411357,2.564244413,0.0
Nigeria,NG,Oyo,L1NGA2177,2002,3.83392329,51.388893247,2.583453838,0.0
Nigeria,NG,Oyo,L1NGA2177,2003,3.7342106900000003,49.260335657,2.74385176,0.0
Nigeria,NG,Oyo,L1NGA2177,2004,2.605314955,29.004259048,2.800684427,0.0
Nigeria,NG,Oyo,L1NGA2177,2005,2.497180142,22.0224368,2.642172617,0.0
Nigeria,NG,Oyo,L1NGA2177,2006,2.5178500980000003,25.872767567,2.5430403200000002,0.0
Nigeria,NG,Oyo,L1NGA2177,2007,2.417325759,27.731561139,2.5050798260000002,0.0
Nigeria,NG,Oyo,L1NGA2177,2008,3.0351832930000002,27.245560504,2.317843311,0.0
Nigeria,NG,Oyo,L1NGA2177,2009,2.838317951,28.078710932000003,2.695250817,0.0
Nigeria,NG,Oyo,L1NGA2177,2010,3.406108127,39.944498368,2.422922197,0.0
Nigeria,NG,Oyo,L1NGA2177,2011,3.3844910309999996,25.16700454,1.861396795,0.0
Nigeria,NG,Oyo,L1NGA2177,2012,5.929810557,25.477980996,1.72406161,0.0
Nigeria,NG,Oyo,L1NGA2177,2013,4.237811318,29.189032752,2.343396658,0.0
Nigeria,NG,Oyo,L1NGA2177,2014,5.631686972,24.408930786,1.3354262719999999,0.0
Nigeria,NG,Oyo,L1NGA2177,2015,4.381216151,23.774611589,1.396289421,0.0
Nigeria,NG,Oyo,L1NGA2177,2016,4.949687415,17.514581979,2.505840993,0.0
Nigeria,NG,Oyo,L1NGA2177,2017,5.015720731,17.400015359,2.4636467490000005,0.0
Nigeria,NG,Oyo,L1NGA2177,2018,5.096275523,17.430928159999997,2.5261015650000003,0.0
Nigeria,NG,Oyo,L1NGA2177,2019,4.962368885,17.054449886,2.615820588,0.859504132
Nigeria,NG,Oyo,L1NGA2177,2020,4.762567619,16.676991860999998,2.76799352,0.898876404
Nigeria,NG,Oyo,L1NGA2177,2021,4.817477729,14.085456346,2.729949994,0.934027778
Nigeria,NG,Oyo,L1NGA2177,2022,4.976550716,15.240339718,1.903558771,1.538069432
Nigeria,NG,Oyo,L1NGA2177,2023,5.101999755,15.330355251,1.992006959,1.627788427
Nigeria,NG,Plateau,L1NGA2178,1999,6.725751568,24.22986153,2.284834239,0.0
Nigeria,NG,Plateau,L1NGA2178,2000,7.068675356,24.80724233,2.2969367590000003,0.0
Nigeria,NG,Plateau,L1NGA2178,2001,6.694353952,23.649696499999997,2.2357142850000002,0.0
Nigeria,NG,Plateau,L1NGA2178,2002,6.835823040999999,23.279805969999998,2.248901972,0.0
Nigeria,NG,Plateau,L1NGA2178,2003,6.610741547,23.29025301,2.1474274859999998,0.0
Nigeria,NG,Plateau,L1NGA2178,2004,6.85934626,23.93333333,2.089361965,0.0
Nigeria,NG,Plateau,L1NGA2178,2005,7.2534715929999996,39.449418845,2.202519756,0.0
Nigeria,NG,Plateau,L1NGA2178,2006,7.29244209,40.328434795999996,2.3310763750000003,0.41958042
Nigeria,NG,Plateau,L1NGA2178,2007,6.397845889999999,18.95849191,2.4253980950000003,0.0
Nigeria,NG,Plateau,L1NGA2178,2008,6.579504829999999,32.318817938,1.9167970430000003,0.4
Nigeria,NG,Plateau,L1NGA2178,2009,7.083379012,35.669853992,2.4802764799999997,0.408887468
Nigeria,NG,Plateau,L1NGA2178,2010,7.332177474,20.914440210000002,1.191267033,0.355881086
Nigeria,NG,Plateau,L1NGA2178,2011,10.375735996,5.5666158679999995,0.954318562,0.033361134
Nigeria,NG,Plateau,L1NGA2178,2012,10.490069391999999,5.362934538,1.087217872,0.030391798
Nigeria,NG,Plateau,L1NGA2178,2013,6.911128283,15.294543143,1.918173937,0.0
Nigeria,NG,Plateau,L1NGA2178,2014,7.944572458,15.834423353,2.7358335269999996,0.818032787
Nigeria,NG,Plateau,L1NGA2178,2015,7.159944453,15.673355373,2.863585013,0.740517241
Nigeria,NG,Plateau,L1NGA2178,2016,6.609274305,21.885327621000002,2.425700364,0.597713098
Nigeria,NG,Plateau,L1NGA2178,2017,6.757879921000001,21.526735981999998,2.447746573,0.652631579
Nigeria,NG,Plateau,L1NGA2178,2018,6.858385861,21.681230429,2.483599462,0.663157895
Nigeria,NG,Plateau,L1NGA2178,2019,6.831809967000001,21.0634484,2.529073108,0.671578947
Nigeria,NG,Plateau,L1NGA2178,2020,6.749492233,20.46368378,2.576892346,0.672916667
Nigeria,NG,Plateau,L1NGA2178,2021,6.769595742,20.682899697,2.637160665,0.672164948
Nigeria,NG,Plateau,L1NGA2178,2022,6.609466892,17.062387021,1.8629914310000002,1.059643035
Nigeria,NG,Plateau,L1NGA2178,2023,6.79364899,17.153106871,1.9461352,1.12145603
Nigeria,NG,Rivers,L1NGA2179,1999,1.70629529,25.775559000999998,1.217258496,0.0
Nigeria,NG,Rivers,L1NGA2179,2000,1.851197982,23.444188943999997,1.5394736839999998,0.0
Nigeria,NG,Rivers,L1NGA2179,2001,3.646941473,26.021887297,1.5555555559999998,0.0
Nigeria,NG,Rivers,L1NGA2179,2002,1.800554017,23.310796851,1.8,0.0
Nigeria,NG,Rivers,L1NGA2179,2003,1.728646629,29.196868257999995,1.333333334,0.0
Nigeria,NG,Rivers,L1NGA2179,2004,1.729181005,29.6009454,1.9375,0.0
Nigeria,NG,Rivers,L1NGA2179,2005,1.600309837,19.819573351000003,1.519230769,0.0
Nigeria,NG,Rivers,L1NGA2179,2006,1.430617027,26.950809583,1.4817073170000001,0.0
Nigeria,NG,Rivers,L1NGA2179,2007,2.409879441,25.674895821,1.371428571,0.0
Nigeria,NG,Rivers,L1NGA2179,2008,1.521064145,23.413373962999998,0.0,0.0
Nigeria,NG,Rivers,L1NGA2179,2009,2.490909091,27.449313184999998,0.0,0.0
Nigeria,NG,Rivers,L1NGA2179,2010,2.49728101,21.046236723,0.0,0.0
Nigeria,NG,Rivers,L1NGA2179,2011,2.459757964,20.896060952,0.0,0.0
Nigeria,NG,Rivers,L1NGA2179,2012,8.958237007000001,20.673200469999998,0.0,0.0
Nigeria,NG,Rivers,L1NGA2179,2013,2.875392393,25.559987469,0.142679901,0.0
Nigeria,NG,Rivers,L1NGA2179,2014,3.9647135810000003,7.49565681,1.032806804,0.0
Nigeria,NG,Rivers,L1NGA2179,2015,3.938611967,7.650706410999999,1.046683047,0.0
Nigeria,NG,Rivers,L1NGA2179,2016,3.699379147,16.970458549,0.532573485,0.0
Nigeria,NG,Rivers,L1NGA2179,2017,3.887765255,16.730224956999997,0.54325135,0.0
Nigeria,NG,Rivers,L1NGA2179,2018,3.88641459,16.850659463,0.519375127,0.0
Nigeria,NG,Rivers,L1NGA2179,2019,3.977990752,15.906629343999999,0.531363287,0.0
Nigeria,NG,Rivers,L1NGA2179,2020,3.970160189,15.016179347,0.513864437,0.0
Nigeria,NG,Rivers,L1NGA2179,2021,4.031804259,15.406993693,0.494134745,0.0
Nigeria,NG,Rivers,L1NGA2179,2022,4.117382935,8.17008921,0.441744788,0.0
Nigeria,NG,Rivers,L1NGA2179,2023,4.204497194,8.218524325,0.466358714,0.0
Nigeria,NG,Sokoto,L1NGA2180,1999,3.605978016,2.591549296,1.2859208839999998,0.784615385
Nigeria,NG,Sokoto,L1NGA2180,2000,3.663912841,2.83286119,2.209929301,1.457142857
Nigeria,NG,Sokoto,L1NGA2180,2001,3.56693541,2.631578947,1.198717948,1.03931315
Nigeria,NG,Sokoto,L1NGA2180,2002,3.56693541,2.631578947,1.204144305,1.560379919
Nigeria,NG,Sokoto,L1NGA2180,2003,3.593541057,2.657142857,1.8953836480000001,0.953170327
Nigeria,NG,Sokoto,L1NGA2180,2004,3.432765608,2.769230769,1.348150937,0.739523418
Nigeria,NG,Sokoto,L1NGA2180,2005,3.508641029,3.031161473,1.969017849,0.936326157
Nigeria,NG,Sokoto,L1NGA2180,2006,3.6238520320000003,2.83625731,1.941403998,0.855895197
Nigeria,NG,Sokoto,L1NGA2180,2007,3.756480607,2.774725275,1.322044906,0.0
Nigeria,NG,Sokoto,L1NGA2180,2008,5.624387324000001,3.002538071,3.0320285460000003,0.0
Nigeria,NG,Sokoto,L1NGA2180,2009,4.74830361,3.611627907,2.330416771,1.048594378
Nigeria,NG,Sokoto,L1NGA2180,2010,3.782955008,0.0,2.260173847,0.991150442
Nigeria,NG,Sokoto,L1NGA2180,2011,3.1745391830000003,0.0,1.8285790880000001,0.612139918
Nigeria,NG,Sokoto,L1NGA2180,2012,3.246744248,0.0,1.815853122,0.580688986
Nigeria,NG,Sokoto,L1NGA2180,2013,4.069980964,2.96222664,1.998798995,1.0
Nigeria,NG,Sokoto,L1NGA2180,2014,4.83107032,5.3784219,2.838691678,0.403030303
Nigeria,NG,Sokoto,L1NGA2180,2015,4.985218564,4.957692308,2.851980109,0.366891892
Nigeria,NG,Sokoto,L1NGA2180,2016,5.2628782560000005,2.421955959,2.5446729379999997,0.357572587
Nigeria,NG,Sokoto,L1NGA2180,2017,8.36408871,3.665950591,2.043623555,0.706036745
Nigeria,NG,Sokoto,L1NGA2180,2018,8.394433572,3.681330472,2.011903284,0.706824147
Nigeria,NG,Sokoto,L1NGA2180,2019,8.364940666999999,3.67420669,2.047694767,0.709372539
Nigeria,NG,Sokoto,L1NGA2180,2020,8.218629949,3.667095116,2.114023878,0.711922269
Nigeria,NG,Sokoto,L1NGA2180,2021,8.167644359,3.66802226,2.179045008,0.714548319
Nigeria,NG,Sokoto,L1NGA2180,2022,8.002607230999999,4.278056878,1.195695592,1.11501262
Nigeria,NG,Sokoto,L1NGA2180,2023,8.245940532,4.304924162,1.254873743,1.180055082
Nigeria,NG,Taraba,L1NGA2181,1999,5.132071091,23.203709255,2.766386157,0.0
Nigeria,NG,Taraba,L1NGA2181,2000,5.296592190999999,22.47,3.033450509,0.0
Nigeria,NG,Taraba,L1NGA2181,2001,5.431880297999999,21.508694321,3.018537415,0.0
Nigeria,NG,Taraba,L1NGA2181,2002,5.431880297999999,22.645854141,3.018537415,0.0
Nigeria,NG,Taraba,L1NGA2181,2003,5.343179566,23.141681354,3.1497413520000004,0.0
Nigeria,NG,Taraba,L1NGA2181,2004,5.926317309,22.824323827,3.3902477519999996,0.0
Nigeria,NG,Taraba,L1NGA2181,2005,6.237098046,29.877065955000003,3.3926700690000002,0.0
Nigeria,NG,Taraba,L1NGA2181,2006,6.160879862,28.742142691999998,3.2608812499999997,0.0
Nigeria,NG,Taraba,L1NGA2181,2007,5.712564894000001,22.971116701,2.9511007090000003,0.0
Nigeria,NG,Taraba,L1NGA2181,2008,5.204229316999999,30.503233232,2.906594608,0.305970149
Nigeria,NG,Taraba,L1NGA2181,2009,3.678076249,31.59521274,2.996421678,0.340740741
Nigeria,NG,Taraba,L1NGA2181,2010,4.816660722,26.411114557999998,2.78011087,0.422396857
Nigeria,NG,Taraba,L1NGA2181,2011,4.668848257,36.610574884,2.4653172150000002,0.386468953
Nigeria,NG,Taraba,L1NGA2181,2012,4.6943737389999995,36.533714487,2.4933433320000002,0.254015467
Nigeria,NG,Taraba,L1NGA2181,2013,5.869731694,36.0669646,2.8019298470000003,0.0
Nigeria,NG,Taraba,L1NGA2181,2014,6.410140845,16.357246785999997,4.2968139,0.905
Nigeria,NG,Taraba,L1NGA2181,2015,6.979975663,16.621250846000002,4.114501308,0.732142857
Nigeria,NG,Taraba,L1NGA2181,2016,5.9531637029999995,22.324767912,2.997330472,0.328088848
Nigeria,NG,Taraba,L1NGA2181,2017,6.141791136,19.678081034,2.924758294,0.146666667
Nigeria,NG,Taraba,L1NGA2181,2018,6.342452452,19.905780434,3.046457167,0.146666667
Nigeria,NG,Taraba,L1NGA2181,2019,6.202132177,19.378252741,3.156095169,0.167114695
Nigeria,NG,Taraba,L1NGA2181,2020,5.981093949,18.961831515000004,3.290455326,0.191056911
Nigeria,NG,Taraba,L1NGA2181,2021,5.868491692,19.234462005,3.332536797,0.201495821
Nigeria,NG,Taraba,L1NGA2181,2022,5.929490722000001,18.938989413,1.896024924,0.338060359
Nigeria,NG,Taraba,L1NGA2181,2023,6.088244043,19.044758667,1.985831756,0.357780496
Nigeria,NG,Yobe,L1NGA2182,1999,4.778881818,5.089285714,1.718396685,0.0
Nigeria,NG,Yobe,L1NGA2182,2000,5.094085874999999,4.306451613,1.8543161929999998,0.0
Nigeria,NG,Yobe,L1NGA2182,2001,4.936203344,3.901408451,1.9180069929999999,0.0
Nigeria,NG,Yobe,L1NGA2182,2002,4.936203344,5.163934426,1.9180069929999999,0.0
Nigeria,NG,Yobe,L1NGA2182,2003,5.033838599999999,8.75625,1.820427181,0.0
Nigeria,NG,Yobe,L1NGA2182,2004,4.934238896,5.488372093,1.793696294,0.0
Nigeria,NG,Yobe,L1NGA2182,2005,4.79260613,4.946996466,1.746096841,0.0
Nigeria,NG,Yobe,L1NGA2182,2006,4.819793992999999,5.037174721,1.7562158399999999,0.0
Nigeria,NG,Yobe,L1NGA2182,2007,4.783356329,5.018939394,1.773816729,0.0
Nigeria,NG,Yobe,L1NGA2182,2008,1.4755283769999998,1.17804878,1.984855392,0.0
Nigeria,NG,Yobe,L1NGA2182,2009,4.727125422,5.112311015,1.947912619,0.0
Nigeria,NG,Yobe,L1NGA2182,2010,5.052596353,5.018404908,1.923747363,0.0
Nigeria,NG,Yobe,L1NGA2182,2011,2.341617068,5.033537832,6.721960675,0.0
Nigeria,NG,Yobe,L1NGA2182,2012,3.938992321,6.372122762,6.724972300999999,0.0
Nigeria,NG,Yobe,L1NGA2182,2013,2.799359482,6.347607053,3.398051491,0.75
Nigeria,NG,Yobe,L1NGA2182,2014,6.045392042,5.881235154,2.040715881,0.397540984
Nigeria,NG,Yobe,L1NGA2182,2015,5.747795374000001,5.303864169,2.103875093,0.396044158
Nigeria,NG,Yobe,L1NGA2182,2016,5.088764278,4.109777015,1.952465744,0.354499043
Nigeria,NG,Yobe,L1NGA2182,2017,5.906337206,2.689373297,3.143410252,0.358895706
Nigeria,NG,Yobe,L1NGA2182,2018,5.8434584880000005,2.679989154,3.483247211,0.359987745
Nigeria,NG,Yobe,L1NGA2182,2019,5.918088998,2.678323574,3.4501212029999997,0.37221374
Nigeria,NG,Yobe,L1NGA2182,2020,5.836307892,2.676658716,3.443381616,0.385879489
Nigeria,NG,Yobe,L1NGA2182,2021,5.884931266,2.677520724,3.4146859760000003,0.400242571
Nigeria,NG,Yobe,L1NGA2182,2022,5.751594713,3.061878738,3.137766581,0.634694406
Nigeria,NG,Yobe,L1NGA2182,2023,5.916539148,3.081108187,3.293632681,0.671718189
Nigeria,NG,Zamfara,L1NGA2183,1999,4.409274521,6.721311475,1.9633309259999998,1.093615186
Nigeria,NG,Zamfara,L1NGA2183,2000,4.365288574,6.666666667,1.8745161609999998,1.072518682
Nigeria,NG,Zamfara,L1NGA2183,2001,4.607196474,7.24137931,1.928124769,1.146403029
Nigeria,NG,Zamfara,L1NGA2183,2002,4.607196474,7.24137931,1.928124769,1.720871487
Nigeria,NG,Zamfara,L1NGA2183,2003,4.634857228,7.715063521,1.928124769,1.051616015
Nigeria,NG,Zamfara,L1NGA2183,2004,4.634857228,7.662431942,1.928124769,1.042363967
Nigeria,NG,Zamfara,L1NGA2183,2005,4.624801029,10.439098609,1.861232877,1.197802198
Nigeria,NG,Zamfara,L1NGA2183,2006,4.6284847419999995,10.44137931,1.811626009,1.195175439
Nigeria,NG,Zamfara,L1NGA2183,2007,4.636074875,6.963636363999999,1.877532751,0.0
Nigeria,NG,Zamfara,L1NGA2183,2008,5.835092586,7.306666667,2.1930977929999997,1.126967471
Nigeria,NG,Zamfara,L1NGA2183,2009,5.240016997,8.381818182,2.0005309440000003,1.206399476
Nigeria,NG,Zamfara,L1NGA2183,2010,6.238067292,11.45199063,2.691148294,2.18507109
Nigeria,NG,Zamfara,L1NGA2183,2011,6.453417439,9.803170774,2.886836004,0.047393365
Nigeria,NG,Zamfara,L1NGA2183,2012,6.50832808,10.96412556,1.67731948,0.052369668
Nigeria,NG,Zamfara,L1NGA2183,2013,5.6808908979999995,10.47008547,2.0864855469999997,1.0
Nigeria,NG,Zamfara,L1NGA2183,2014,6.850580699,7.082111437,2.968765612,0.644827586
Nigeria,NG,Zamfara,L1NGA2183,2015,7.103531644,6.166456494,2.835509392,0.608333333
Nigeria,NG,Zamfara,L1NGA2183,2016,5.548351927000001,1.783711048,2.233751555,0.71638207
Nigeria,NG,Zamfara,L1NGA2183,2017,6.918485617,1.745907007,2.540722948,0.297101449
Nigeria,NG,Zamfara,L1NGA2183,2018,6.849310394,1.717792793,2.243308458,0.300362319
Nigeria,NG,Zamfara,L1NGA2183,2019,6.711992206000001,1.794115388,2.003016348,0.406587166
Nigeria,NG,Zamfara,L1NGA2183,2020,6.481009478,1.874714904,2.079670158,0.525185797
Nigeria,NG,Zamfara,L1NGA2183,2021,6.526036405,1.879549114,1.985455775,0.664141414
Nigeria,NG,Zamfara,L1NGA2183,2022,6.29450054,2.231296789,1.466802081,1.09918919
Nigeria,NG,Zamfara,L1NGA2183,2023,6.486893982,2.245309851,1.533915275,1.163309081
Nigeria,NGA,Adamawa,L1NGA2148,1995,0.0,0.0,0.899414582,0.0
Nigeria,NGA,Akwa Ibom,L1NGA2149,1995,0.0,0.0,0.269565217,0.0
Nigeria,NGA,Anambra,L1NGA2150,1995,0.0,0.0,0.65060241,0.0
Nigeria,NGA,Bauchi,L1NGA2151,1995,0.0,0.0,0.240000896,0.0
Nigeria,NGA,Benue,L1NGA2153,1995,0.0,0.0,0.264935065,0.0
Nigeria,NGA,Borno,L1NGA2154,1995,0.0,0.0,0.765708995,0.0
Nigeria,NGA,Delta,L1NGA2156,1995,0.0,0.0,0.573170732,0.0
Nigeria,NGA,Edo,L1NGA2158,1995,0.0,0.0,0.608280255,0.0
Nigeria,NGA,Enugu,L1NGA2160,1995,0.0,0.0,0.986486486,0.0
Nigeria,NGA,Federal Capital Territory,L1NGA2161,1995,0.0,0.0,1.0,0.0
Nigeria,NGA,Imo,L1NGA2163,1995,0.0,0.0,0.638888889,0.0
Nigeria,NGA,Jigawa,L1NGA2164,1995,0.0,0.0,0.41300813,0.0
Nigeria,NGA,Kaduna,L1NGA2165,1995,0.0,0.0,2.469340991,0.0
Nigeria,NGA,Kaduna,L1NGA2165,1999,0.0,12.579770837,0.0,18.42857143
Nigeria,NGA,Kaduna,L1NGA2165,2000,0.0,16.034815436000002,0.0,20.44761905
Nigeria,NGA,Kaduna,L1NGA2165,2001,0.0,17.96613546,0.0,20.80454545
Nigeria,NGA,Kaduna,L1NGA2165,2002,1.788617886,22.39130435,0.0,27.195098035999997
Nigeria,NGA,Kaduna,L1NGA2165,2003,1.833333333,15.51630435,0.0,20.501225494
Nigeria,NGA,Kaduna,L1NGA2165,2004,0.0,15.07037037,0.0,20.717254905
Nigeria,NGA,Kaduna,L1NGA2165,2005,4.571363848,15.13852814,1.67951095,17.99956989
Nigeria,NGA,Kaduna,L1NGA2165,2006,0.0,15.14802632,0.0,17.89392709
Nigeria,NGA,Kaduna,L1NGA2165,2007,2.608761102,15.82474227,0.0,19.33371373
Nigeria,NGA,Kaduna,L1NGA2165,2008,0.0,19.174085853999998,0.0,18.95121427
Nigeria,NGA,Kaduna,L1NGA2165,2009,0.0,11.45118734,0.0,18.90871706
Nigeria,NGA,Kaduna,L1NGA2165,2010,0.0,14.011636093,0.0,6996.209728
Nigeria,NGA,Kaduna,L1NGA2165,2011,1.459459437,9.584663956,2.460481213,19.688724184
Nigeria,NGA,Kaduna,L1NGA2165,2012,1.492957734,8.388887838,1.634805496,19.625
Nigeria,NGA,Kaduna,L1NGA2165,2013,2.676000406,0.0,0.727001171,23.33845864
Nigeria,NGA,Kaduna,L1NGA2165,2014,4.123203549,0.0,0.0,20.40000122
Nigeria,NGA,Kano,L1NGA2166,1995,0.0,0.0,0.410000991,0.0
Nigeria,NGA,Katsina,L1NGA2167,1995,0.0,0.0,0.699991502,0.0
Nigeria,NGA,Kebbi,L1NGA2168,1995,0.0,0.0,2.2,0.0
Nigeria,NGA,Kogi,L1NGA2169,1995,0.0,0.0,0.639974779,0.0
Nigeria,NGA,Kwara,L1NGA2170,1995,0.0,0.0,2.350988308,0.0
Nigeria,NGA,Lagos,L1NGA2171,1995,0.0,0.0,0.666666667,0.0
Nigeria,NGA,Niger,L1NGA2173,1995,0.0,0.0,0.930007142,0.0
Nigeria,NGA,Ogun,L1NGA2174,1995,0.0,0.0,0.812834225,0.0
Nigeria,NGA,Ondo,L1NGA2175,1995,0.0,0.0,1.8881564489999998,0.0
Nigeria,NGA,Osun,L1NGA2176,1995,0.0,0.0,0.5,0.0
Nigeria,NGA,Oyo,L1NGA2177,1995,0.0,0.0,2.1419257849999997,0.0
Nigeria,NGA,Plateau,L1NGA2178,1995,0.0,0.0,0.432194046,0.0
Nigeria,NGA,Sokoto,L1NGA2180,1995,0.0,0.0,0.269998521,0.0
Nigeria,NGA,Taraba,L1NGA2181,1995,0.0,0.0,0.565008026,0.0
Nigeria,NGA,Yobe,L1NGA2182,1995,0.0,0.0,0.196204123,0.0
Republic of the Congo,COG,Bouenza,L1COG0576,1990,1.153068724,8.490160096,0.839584044,0.0
Republic of the Congo,COG,Cuvette,L1COG0578,1990,1.150284901,7.360335196,0.967741935,0.3
Republic of the Congo,COG,Lékoumou,L1COG0581,1990,0.753676471,5.227989073,1.83277592,0.315291645
Republic of the Congo,COG,Niari,L1COG0583,1990,1.0971428570000001,6.340349987,1.038417649,0.0
Republic of the Congo,COG,Plateaux,L1COG0584,1990,0.252038547,7.440711462,0.76859731,0.314814815
Republic of the Congo,COG,Pool,L1COG0586,1990,0.290993072,7.529939095,0.85114806,0.0
Republic of the Congo,COG,Sangha,L1COG0587,1990,0.369905956,9.519179304,1.029810298,0.0
Rwanda,RWA,Amajyaruguru,L1RWA2739,2013,2.0555,20.499499999999998,1.4965,0.0
Rwanda,RWA,Amajyaruguru,L1RWA2739,2014,2.754,15.523,1.6445,0.0
Rwanda,RWA,Amajyaruguru,L1RWA2739,2015,3.569536546,18.018227685,1.185470975,0.0
Rwanda,RWA,Amajyaruguru,L1RWA2739,2016,3.138534606,15.184224228,1.7068603279999999,0.0
Rwanda,RWA,Amajyepfo,L1RWA2740,2013,2.9844999999999997,22.7125,1.9105,0.0
Rwanda,RWA,Amajyepfo,L1RWA2740,2014,1.8425,13.6675,1.0365,0.0
Rwanda,RWA,Amajyepfo,L1RWA2740,2015,2.006569265,22.489978565,1.005792595,0.0
Rwanda,RWA,Amajyepfo,L1RWA2740,2016,1.429964761,14.498300324999999,0.580639005,0.0
Rwanda,RWA,Iburasirazuba,L1RWA2741,2013,2.0455,12.039,1.7355,0.0
Rwanda,RWA,Iburasirazuba,L1RWA2741,2014,2.5575,9.3045,1.3765,0.0
Rwanda,RWA,Iburasirazuba,L1RWA2741,2015,2.280527311,13.684209980000002,1.510076375,0.0
Rwanda,RWA,Iburasirazuba,L1RWA2741,2016,2.465639491,37.521145218,1.242028436,0.0
Rwanda,RWA,Iburengerazuba,L1RWA2742,2013,2.8395,14.712499999999999,1.7555,0.0
Rwanda,RWA,Iburengerazuba,L1RWA2742,2014,2.6455,13.368,1.6349999999999998,0.0
Rwanda,RWA,Iburengerazuba,L1RWA2742,2015,2.5890000559999997,18.204006463,1.442876564,0.0
Rwanda,RWA,Iburengerazuba,L1RWA2742,2016,3.495444115,24.302050741000002,1.991694733,0.0
Rwanda,RWA,Umujyi wa Kigali,L1RWA2743,2013,2.0205,11.3795,1.6669999999999998,0.0
Rwanda,RWA,Umujyi wa Kigali,L1RWA2743,2014,2.7395,13.0155,1.6595,0.0
Rwanda,RWA,Umujyi wa Kigali,L1RWA2743,2015,2.777911231,16.951287878000002,1.685277507,0.0
Rwanda,RWA,Umujyi wa Kigali,L1RWA2743,2016,3.4453015129999995,16.348697686999998,1.732872861,0.0
Senegal,SEN,Dakar,L1SEN2775,1992,0.0,0.0,0.649595687,0.0
Senegal,SEN,Dakar,L1SEN2775,1993,0.0,0.0,0.258158508,0.0
Senegal,SEN,Dakar,L1SEN2775,1994,0.0,0.0,0.348170732,0.0
Senegal,SEN,Dakar,L1SEN2775,1995,0.0,0.0,0.442166911,0.0
Senegal,SEN,Dakar,L1SEN2775,1996,0.0,0.0,0.8389698720000001,0.0
Senegal,SEN,Dakar,L1SEN2775,1997,0.308730959,0.0,0.899284639,0.0
Senegal,SEN,Diourbel,L1SEN2776,1992,0.0,0.0,0.481459551,0.0
Senegal,SEN,Diourbel,L1SEN2776,1993,0.0,0.0,0.591725857,0.0
Senegal,SEN,Diourbel,L1SEN2776,1994,0.0,0.0,0.480871789,0.0
Senegal,SEN,Diourbel,L1SEN2776,1995,0.0,0.0,0.73748316,0.0
Senegal,SEN,Diourbel,L1SEN2776,1996,0.0,0.0,0.561661256,0.0
Senegal,SEN,Diourbel,L1SEN2776,1997,0.487189898,0.0,0.448337121,0.0
Senegal,SEN,Diourbel,L1SEN2776,2009,1.7113738989999998,5.962078652,0.340619962,0.0
Senegal,SEN,Diourbel,L1SEN2776,2010,1.8434617370000002,5.573273273,0.348335622,0.0
Senegal,SEN,Diourbel,L1SEN2776,2011,1.7945163820000003,6.032986111,0.173527422,0.0
Senegal,SEN,Diourbel,L1SEN2776,2012,2.112206564,7.517241379,0.348265046,0.0
Senegal,SEN,Diourbel,L1SEN2776,2013,2.146644397,7.517241379,0.287198589,0.0
Senegal,SEN,Diourbel,L1SEN2776,2014,1.714645131,7.507936508,0.238023442,0.0
Senegal,SEN,Diourbel,L1SEN2776,2015,1.402525225,7.5,0.345581523,0.0
Senegal,SEN,Diourbel,L1SEN2776,2016,2.455338146,7.61227154,0.251784667,0.0
Senegal,SEN,Diourbel,L1SEN2776,2017,2.107182628,7.729537367,0.321597642,0.0
Senegal,SEN,Diourbel,L1SEN2776,2018,2.410330718,8.217703349,0.56797797,0.0
Senegal,SEN,Diourbel,L1SEN2776,2019,2.419950279,8.217703349,0.56797797,0.0
Senegal,SEN,Fatick,L1SEN2777,1992,0.0,0.0,0.436023781,0.0
Senegal,SEN,Fatick,L1SEN2777,1993,0.0,0.0,0.782063855,0.0
Senegal,SEN,Fatick,L1SEN2777,1994,0.0,0.0,0.48679991,0.0
Senegal,SEN,Fatick,L1SEN2777,1995,0.0,0.0,1.032291236,0.0
Senegal,SEN,Fatick,L1SEN2777,1996,0.0,0.0,0.8947875169999999,0.0
Senegal,SEN,Fatick,L1SEN2777,1997,3.0197416180000003,0.0,0.877863368,0.0
Senegal,SEN,Kaffrine,L1SEN2778,2010,5.880099063,6.0,0.463674051,0.586776374
Senegal,SEN,Kaffrine,L1SEN2778,2011,3.2511765500000003,6.500987492,0.367964334,0.438001618
Senegal,SEN,Kaffrine,L1SEN2778,2012,4.831667653,6.967213115,0.435591958,0.8546875
Senegal,SEN,Kaffrine,L1SEN2778,2013,5.226708193,6.967213115,0.474311243,0.8546875
Senegal,SEN,Kaffrine,L1SEN2778,2014,4.07642512,5.184782609,0.496732026,0.606473595
Senegal,SEN,Kaffrine,L1SEN2778,2015,3.268983076,3.06360424,0.403782895,0.0
Senegal,SEN,Kaffrine,L1SEN2778,2016,4.215540255,6.002547771,0.490595611,0.0
Senegal,SEN,Kaffrine,L1SEN2778,2017,4.851339884,8.103896104,0.347641509,0.0
Senegal,SEN,Kaffrine,L1SEN2778,2018,5.428729796000001,8.217514124,0.548842683,0.0
Senegal,SEN,Kaffrine,L1SEN2778,2019,5.428729796000001,8.217514124,0.548842683,0.378787879
Senegal,SEN,Kaolack,L1SEN2779,1992,0.0,0.0,0.806774007,0.0
Senegal,SEN,Kaolack,L1SEN2779,1993,0.0,0.0,0.89404,0.0
Senegal,SEN,Kaolack,L1SEN2779,1994,0.0,0.0,1.084071763,0.0
Senegal,SEN,Kaolack,L1SEN2779,1995,0.0,0.0,1.051862094,0.0
Senegal,SEN,Kaolack,L1SEN2779,1996,0.596318493,0.0,1.309519559,0.0
Senegal,SEN,Kaolack,L1SEN2779,1997,4.475152929,0.0,1.286882406,0.0
Senegal,SEN,Kaolack,L1SEN2779,2009,5.973557127,6.518820528,0.479788915,0.947521161
Senegal,SEN,Kaolack,L1SEN2779,2010,5.319009892,7.999821906,0.43692026,0.673076923
Senegal,SEN,Kaolack,L1SEN2779,2011,4.559064455,11.33712121,0.352980438,0.455991516
Senegal,SEN,Kaolack,L1SEN2779,2012,6.392416291,11.57913669,0.706744868,0.84981685
Senegal,SEN,Kaolack,L1SEN2779,2013,5.110832093,11.57913669,0.706744868,0.84981685
Senegal,SEN,Kaolack,L1SEN2779,2014,6.123580736000001,9.816901408,0.687745312,0.642201835
Senegal,SEN,Kaolack,L1SEN2779,2015,3.9154918700000003,14.02150538,0.501618497,0.545924968
Senegal,SEN,Kaolack,L1SEN2779,2016,6.089176564,20.06431095,0.673243883,0.0
Senegal,SEN,Kaolack,L1SEN2779,2017,5.271792768,17.11712511,0.633787661,0.0
Senegal,SEN,Kaolack,L1SEN2779,2018,5.915428664999999,18.48895777,0.670583116,0.0
Senegal,SEN,Kaolack,L1SEN2779,2019,5.9769097769999995,18.48895777,0.670583116,0.0
Senegal,SEN,Kolda,L1SEN2781,1992,0.0,0.0,0.970390337,0.0
Senegal,SEN,Kolda,L1SEN2781,1993,0.0,0.0,1.177947016,0.0
Senegal,SEN,Kolda,L1SEN2781,1994,0.0,0.0,1.112612927,0.0
Senegal,SEN,Kolda,L1SEN2781,1995,0.0,0.0,1.044211533,0.0
Senegal,SEN,Kolda,L1SEN2781,1996,0.455931765,10.388065999,1.373142578,0.0
Senegal,SEN,Kolda,L1SEN2781,1997,4.398506252,9.57981341,1.726190976,0.0
Senegal,SEN,Louga,L1SEN2782,1992,0.0,0.0,0.141981907,0.0
Senegal,SEN,Louga,L1SEN2782,1993,0.0,0.0,0.572058556,0.0
Senegal,SEN,Louga,L1SEN2782,1994,0.0,0.0,0.514990465,0.0
Senegal,SEN,Louga,L1SEN2782,1995,0.0,0.0,0.720603917,0.0
Senegal,SEN,Louga,L1SEN2782,1996,0.0,0.0,0.822740664,0.0
Senegal,SEN,Louga,L1SEN2782,1997,0.397409462,0.0,0.38017966700000005,0.0
Senegal,SEN,Louga,L1SEN2782,2009,2.206774417,6.0,0.495894143,0.0
Senegal,SEN,Louga,L1SEN2782,2010,1.197929532,0.0,0.407489907,0.0
Senegal,SEN,Louga,L1SEN2782,2011,1.216740412,6.000089103,0.392424297,0.0
Senegal,SEN,Louga,L1SEN2782,2012,1.6957720059999999,5.996640538,0.448301745,0.0
Senegal,SEN,Louga,L1SEN2782,2013,1.744329543,5.996640538,0.439836534,0.0
Senegal,SEN,Louga,L1SEN2782,2014,1.7227829049999999,6.0,0.331843908,0.0
Senegal,SEN,Louga,L1SEN2782,2015,1.2210011840000001,6.102,0.399996869,0.0
Senegal,SEN,Louga,L1SEN2782,2016,2.858090378,9.001527884,0.578471268,0.0
Senegal,SEN,Louga,L1SEN2782,2017,2.6354144369999997,9.815596037,0.75208028,0.0
Senegal,SEN,Louga,L1SEN2782,2018,1.219326897,14.28598096,0.59133125,0.0
Senegal,SEN,Louga,L1SEN2782,2019,1.334912457,14.28598096,0.59133125,0.0
Senegal,SEN,Saint-Louis,L1SEN2784,1993,0.0,0.0,0.205825243,0.0
Senegal,SEN,Saint-Louis,L1SEN2784,1994,0.0,0.0,0.699859444,0.0
Senegal,SEN,Saint-Louis,L1SEN2784,1995,0.0,0.0,0.405827629,0.0
Senegal,SEN,Saint-Louis,L1SEN2784,1996,0.0,0.0,0.400676549,0.0
Senegal,SEN,Saint-Louis,L1SEN2784,1997,9.276044435,0.0,0.473181925,0.0
Senegal,SEN,Sédhiou,L1SEN2785,2010,6.491064051,9.999793559,0.649997251,0.65005637
Senegal,SEN,Sédhiou,L1SEN2785,2011,3.52506567,10.25218371,0.552975327,0.495856663
Senegal,SEN,Sédhiou,L1SEN2785,2012,5.887794089,10.01115242,0.821190476,0.861771058
Senegal,SEN,Sédhiou,L1SEN2785,2013,5.925935658000001,10.01115242,0.710238095,0.861771058
Senegal,SEN,Sédhiou,L1SEN2785,2014,5.900314120000001,9.685483871,0.747126437,0.398496241
Senegal,SEN,Sédhiou,L1SEN2785,2015,6.330344038000001,8.699233716,0.613378493,0.0
Senegal,SEN,Sédhiou,L1SEN2785,2016,7.659682478000001,9.761321909,0.769230769,0.0
Senegal,SEN,Sédhiou,L1SEN2785,2017,7.215184322,12.37374861,0.462709285,0.0
Senegal,SEN,Sédhiou,L1SEN2785,2018,7.768557379000001,11.34892086,0.614331356,0.0
Senegal,SEN,Sédhiou,L1SEN2785,2019,8.717936864,11.34892086,0.614331356,0.0
Senegal,SEN,Tambacounda,L1SEN2786,1992,0.0,0.0,0.994320951,0.0
Senegal,SEN,Tambacounda,L1SEN2786,1993,0.0,0.0,1.045621061,0.0
Senegal,SEN,Tambacounda,L1SEN2786,1994,0.0,0.0,0.988942321,0.0
Senegal,SEN,Tambacounda,L1SEN2786,1995,0.0,0.0,0.949662688,0.0
Senegal,SEN,Tambacounda,L1SEN2786,1996,0.997409326,0.0,1.5733473390000001,0.0
Senegal,SEN,Tambacounda,L1SEN2786,1997,3.957762971,0.0,1.429321069,0.0
Senegal,SEN,Tambacounda,L1SEN2786,2009,6.95007513,15.0,0.717620187,1.201205528
Senegal,SEN,Tambacounda,L1SEN2786,2010,6.7517110350000005,15.00155945,0.499977197,1.013321703
Senegal,SEN,Tambacounda,L1SEN2786,2011,6.240103779000001,12.44444444,0.281703643,0.68834652
Senegal,SEN,Tambacounda,L1SEN2786,2012,10.105111818,0.0,0.454960091,1.008907913
Senegal,SEN,Tambacounda,L1SEN2786,2013,9.768722016,0.0,0.574686431,1.008907913
Senegal,SEN,Tambacounda,L1SEN2786,2014,5.183871056,0.0,0.593685655,0.802491803
Senegal,SEN,Tambacounda,L1SEN2786,2015,5.443129527,0.0,0.615042058,0.933050847
Senegal,SEN,Tambacounda,L1SEN2786,2016,6.588426393,12.0,0.51846033,0.0
Senegal,SEN,Tambacounda,L1SEN2786,2017,5.992023706,11.98153846,0.487857143,0.0
Senegal,SEN,Tambacounda,L1SEN2786,2018,5.668021263,12.16666667,0.80591819,0.0
Senegal,SEN,Tambacounda,L1SEN2786,2019,8.000647926,12.16666667,0.80591819,0.55769587
Senegal,SEN,Thiès,L1SEN2787,1992,0.0,0.0,0.162150424,0.0
Senegal,SEN,Thiès,L1SEN2787,1993,0.0,0.0,0.411308995,0.0
Senegal,SEN,Thiès,L1SEN2787,1994,0.0,0.0,0.454204303,0.0
Senegal,SEN,Thiès,L1SEN2787,1995,0.0,0.0,0.723214962,0.0
Senegal,SEN,Thiès,L1SEN2787,1996,0.0,2.42074928,0.592866892,0.0
Senegal,SEN,Thiès,L1SEN2787,1997,1.015746006,2.168846296,0.530342394,0.0
Senegal,SEN,Ziguinchor,L1SEN2788,1992,0.0,0.0,0.87401064,0.0
Senegal,SEN,Ziguinchor,L1SEN2788,1993,0.0,0.0,1.553908125,0.0
Senegal,SEN,Ziguinchor,L1SEN2788,1994,0.0,0.0,0.868583028,0.0
Senegal,SEN,Ziguinchor,L1SEN2788,1995,0.0,0.0,0.99341701,0.0
Senegal,SEN,Ziguinchor,L1SEN2788,1996,0.504065041,21.0,1.370684602,0.0
Senegal,SEN,Ziguinchor,L1SEN2788,1997,3.375342817,10.166322201,1.4367981109999999,0.0
Senegal,SEN,Ziguinchor,L1SEN2788,2009,4.831411341999999,10.0,0.578320912,0.0
Senegal,SEN,Ziguinchor,L1SEN2788,2010,4.134667715000001,9.997526793,0.300021377,0.0
Senegal,SEN,Ziguinchor,L1SEN2788,2011,3.077689547,9.572016461,0.313931889,0.0
Senegal,SEN,Ziguinchor,L1SEN2788,2012,4.348154959,10.03278689,0.351692104,0.0
Senegal,SEN,Ziguinchor,L1SEN2788,2013,4.469862689,10.03278689,0.547445255,0.0
Senegal,SEN,Ziguinchor,L1SEN2788,2014,3.958421821,10.30612245,0.520811099,0.0
Senegal,SEN,Ziguinchor,L1SEN2788,2015,4.234370194,10.0,0.401489506,0.0
Senegal,SEN,Ziguinchor,L1SEN2788,2016,4.884232876,10.02040816,0.482864844,0.0
Senegal,SEN,Ziguinchor,L1SEN2788,2017,5.932436431,10.0,0.482843137,0.0
Senegal,SEN,Ziguinchor,L1SEN2788,2018,6.285625414,10.77992278,0.44111349,0.0
Senegal,SEN,Ziguinchor,L1SEN2788,2019,6.532734316,10.77992278,0.44111349,0.0
Sierra Leone,SLE,Southern,L1SLE2811,1986,2.192867746,0.0,0.674244525,0.0
Sierra Leone,SLE,Eastern,L1SLE2809,1986,2.107460563,0.0,0.48445336,0.0
Sierra Leone,SLE,Northern,L1SLE2810,1986,2.0138125369999997,0.0,0.667768371,0.0
Somalia,SOM,Bakool,L1SOM2837,1994,0.35,0.0,0.0,0.0
Somalia,SOM,Bay,L1SOM2840,1994,0.407024793,0.0,0.0,0.0
Somalia,SOM,Bay,L1SOM2840,1995,0.725,0.0,0.0,0.0
Somalia,SOM,Gedo,L1SOM2842,1994,0.395789474,0.0,0.0,0.0
Somalia,SOM,Gedo,L1SOM2842,1995,0.671428571,0.0,0.0,0.0
Somalia,SOM,Hiiraan,L1SOM2843,1994,0.475609756,0.0,0.0,0.0
Somalia,SOM,Hiiraan,L1SOM2843,1995,0.6,0.0,0.0,0.0
Somalia,SOM,Jubbada Dhexe,L1SOM2844,1994,0.5,0.0,0.0,0.0
Somalia,SOM,Jubbada Dhexe,L1SOM2844,1995,0.738095238,0.0,0.0,0.0
Somalia,SOM,Jubbada Hoose,L1SOM2845,1994,0.461165049,0.0,0.0,0.0
Somalia,SOM,Jubbada Hoose,L1SOM2845,1995,0.68,0.0,0.0,0.0
Somalia,SOM,Shabeellaha Dhexe,L1SOM2849,1994,0.368421053,0.0,0.0,0.0
Somalia,SOM,Shabeellaha Dhexe,L1SOM2849,1995,0.717948718,0.0,0.0,0.0
Somalia,SOM,Shabeellaha Hoose,L1SOM2850,1994,1.928571429,0.0,0.0,0.0
Somalia,SOM,Shabeellaha Hoose,L1SOM2850,1995,0.681266491,0.0,0.0,0.0
South Africa,ZA,Eastern Cape,L1ZAF3629,1979,0.300018692,0.0,0.0,0.0
South Africa,ZA,Eastern Cape,L1ZAF3629,1980,0.177153153,0.0,0.0,0.0
South Africa,ZA,Eastern Cape,L1ZAF3629,1981,0.457627119,0.0,0.0,0.0
South Africa,ZA,Eastern Cape,L1ZAF3629,1982,0.398373984,0.0,0.0,0.0
South Africa,ZA,Eastern Cape,L1ZAF3629,1983,0.48838843,0.0,0.0,0.0
South Africa,ZA,Eastern Cape,L1ZAF3629,1984,0.521104167,0.0,0.0,0.0
South Africa,ZA,Eastern Cape,L1ZAF3629,1985,0.301159292,0.0,0.0,0.0
South Africa,ZA,Eastern Cape,L1ZAF3629,1986,0.193458333,0.0,0.0,0.0
South Africa,ZA,Eastern Cape,L1ZAF3629,1987,2.7518510110000003,0.0,0.0,0.0
South Africa,ZA,Eastern Cape,L1ZAF3629,1988,2.6695,0.0,0.0,0.0
South Africa,ZA,Eastern Cape,L1ZAF3629,1989,2.325010684,0.0,0.0,0.0
South Africa,ZA,Eastern Cape,L1ZAF3629,1990,6.349674546,0.0,0.0,0.0
South Africa,ZA,Eastern Cape,L1ZAF3629,1991,5.2721866550000005,0.0,0.0,0.0
South Africa,ZA,Eastern Cape,L1ZAF3629,1992,4.1033376409999995,0.0,0.0,0.0
South Africa,ZA,Eastern Cape,L1ZAF3629,1993,3.872518767,0.0,0.0,0.0
South Africa,ZA,Eastern Cape,L1ZAF3629,1994,7.522677046,0.0,0.0,0.0
South Africa,ZA,Eastern Cape,L1ZAF3629,1995,9.579594383,0.0,0.0,0.0
South Africa,ZA,Eastern Cape,L1ZAF3629,1996,8.983823529,0.0,0.0,0.0
South Africa,ZA,Eastern Cape,L1ZAF3629,1997,6.332820513,0.0,0.0,0.0
South Africa,ZA,Eastern Cape,L1ZAF3629,1998,5.4,0.0,0.0,0.0
South Africa,ZA,Eastern Cape,L1ZAF3629,1999,6.895833333000001,0.0,0.0,0.0
South Africa,ZA,Eastern Cape,L1ZAF3629,2000,7.233631485,0.0,2.494252874,0.0
South Africa,ZA,Eastern Cape,L1ZAF3629,2001,8.884373352,0.0,3.4,0.0
South Africa,ZA,Eastern Cape,L1ZAF3629,2002,12.694736842000001,0.0,3.646666667,0.0
South Africa,ZA,Eastern Cape,L1ZAF3629,2003,15.20952381,0.0,4.5,0.0
South Africa,ZA,Eastern Cape,L1ZAF3629,2004,13.58,0.0,2.8333333329999997,0.0
South Africa,ZA,Eastern Cape,L1ZAF3629,2005,14.795588235,0.0,3.5,0.0
South Africa,ZA,Eastern Cape,L1ZAF3629,2006,10.272527472,0.0,1.5,0.0
South Africa,ZA,Eastern Cape,L1ZAF3629,2007,9.1625,0.0,2.0,0.0
South Africa,ZA,Eastern Cape,L1ZAF3629,2008,9.3125,0.0,1.5,0.0
South Africa,ZA,Eastern Cape,L1ZAF3629,2009,9.775,0.0,3.5,0.0
South Africa,ZA,Eastern Cape,L1ZAF3629,2010,8.908536585,0.0,2.7,0.0
South Africa,ZA,Eastern Cape,L1ZAF3629,2011,8.74,0.0,2.5,0.0
South Africa,ZA,Eastern Cape,L1ZAF3629,2012,9.567346404999999,0.0,2.7,0.0
South Africa,ZA,Eastern Cape,L1ZAF3629,2013,10.202139037,0.0,3.5,0.0
South Africa,ZA,Eastern Cape,L1ZAF3629,2014,10.018918919,0.0,3.3,0.0
South Africa,ZA,Eastern Cape,L1ZAF3629,2015,17.1,0.0,2.7,0.0
South Africa,ZA,Eastern Cape,L1ZAF3629,2016,10.371428571,0.0,2.9,0.0
South Africa,ZA,Eastern Cape,L1ZAF3629,2017,12.0,0.0,3.0,0.0
South Africa,ZA,Eastern Cape,L1ZAF3629,2018,11.427586207000001,0.0,2.5,0.0
South Africa,ZA,Eastern Cape,L1ZAF3629,2019,11.602142857,0.0,3.0,0.0
South Africa,ZA,Eastern Cape,L1ZAF3629,2020,13.377777777999999,0.0,3.5,0.0
South Africa,ZA,Eastern Cape,L1ZAF3629,2021,13.774999999999999,0.0,4.5,0.0
South Africa,ZA,Eastern Cape,L1ZAF3629,2022,14.196226415,0.0,4.5,0.0
South Africa,ZA,Free State,L1ZAF3630,1979,1.324834038,0.0,0.0,0.0
South Africa,ZA,Free State,L1ZAF3630,1980,0.790896159,0.0,0.0,0.0
South Africa,ZA,Free State,L1ZAF3630,1981,1.36453202,0.0,0.72,0.0
South Africa,ZA,Free State,L1ZAF3630,1982,1.182489451,0.0,0.390625,0.0
South Africa,ZA,Free State,L1ZAF3630,1983,0.835948068,0.0,0.295081967,0.0
South Africa,ZA,Free State,L1ZAF3630,1984,1.197080522,0.0,0.25,0.0
South Africa,ZA,Free State,L1ZAF3630,1985,0.510601831,0.0,0.786885246,0.0
South Africa,ZA,Free State,L1ZAF3630,1986,1.395677536,0.0,0.424242424,0.0
South Africa,ZA,Free State,L1ZAF3630,1987,5.461765142,0.0,0.541666667,0.0
South Africa,ZA,Free State,L1ZAF3630,1988,5.898015034,0.0,2.1094527359999997,0.0
South Africa,ZA,Free State,L1ZAF3630,1989,5.822297163,0.0,2.3516483519999998,0.0
South Africa,ZA,Free State,L1ZAF3630,1990,4.7020402830000005,0.0,2.575163398,0.0
South Africa,ZA,Free State,L1ZAF3630,1991,4.833360915,0.0,3.605504275,0.0
South Africa,ZA,Free State,L1ZAF3630,1992,1.438696167,0.0,1.719117274,0.0
South Africa,ZA,Free State,L1ZAF3630,1993,3.291002115,0.0,3.348897306,0.0
South Africa,ZA,Free State,L1ZAF3630,1994,6.682291318,0.0,2.949135588,0.0
South Africa,ZA,Free State,L1ZAF3630,1995,2.410982774,0.0,2.33993287,0.0
South Africa,ZA,Free State,L1ZAF3630,1996,4.242177924,0.0,3.4082319770000002,0.0
South Africa,ZA,Free State,L1ZAF3630,1997,6.510952481,0.0,3.8181396709999995,0.0
South Africa,ZA,Free State,L1ZAF3630,1998,6.062314514,0.0,3.545947228,0.0
South Africa,ZA,Free State,L1ZAF3630,1999,5.637412332,0.0,3.4919017759999997,0.0
South Africa,ZA,Free State,L1ZAF3630,2000,7.8184114000000005,0.0,4.0,0.0
South Africa,ZA,Free State,L1ZAF3630,2001,11.612564103,0.0,3.45,0.0
South Africa,ZA,Free State,L1ZAF3630,2002,7.381460003999999,0.0,3.6,0.0
South Africa,ZA,Free State,L1ZAF3630,2003,12.692202162000001,0.0,3.498432526,0.0
South Africa,ZA,Free State,L1ZAF3630,2004,12.58253171,0.0,3.990042882,0.0
South Africa,ZA,Free State,L1ZAF3630,2005,13.952109213,0.0,4.34990112,0.0
South Africa,ZA,Free State,L1ZAF3630,2006,14.01007269,0.0,4.111111111,0.0
South Africa,ZA,Free State,L1ZAF3630,2007,13.374271468,0.0,2.603723404,0.0
South Africa,ZA,Free State,L1ZAF3630,2008,15.266047445000002,0.0,4.043749999999999,0.0
South Africa,ZA,Free State,L1ZAF3630,2009,15.987384427,0.0,4.966976744,0.0
South Africa,ZA,Free State,L1ZAF3630,2010,13.783944636000001,0.0,3.8994736839999997,0.0
South Africa,ZA,Free State,L1ZAF3630,2011,14.935602537000001,0.0,3.007407407,0.0
South Africa,ZA,Free State,L1ZAF3630,2012,9.67698939,0.0,3.29,0.0
South Africa,ZA,Free State,L1ZAF3630,2013,15.721382113999999,0.0,3.199354005,0.0
South Africa,ZA,Free State,L1ZAF3630,2014,17.407817416,0.0,4.376243781,0.0
South Africa,ZA,Free State,L1ZAF3630,2015,12.283196721,0.0,2.968888889,0.0
South Africa,ZA,Free State,L1ZAF3630,2016,6.727142857,0.0,2.3000000000000003,0.0
South Africa,ZA,Free State,L1ZAF3630,2017,13.646551724,0.0,5.25,0.0
South Africa,ZA,Free State,L1ZAF3630,2018,11.605502846,0.0,3.6,0.0
South Africa,ZA,Free State,L1ZAF3630,2019,9.823786408,0.0,3.1500000000000004,0.0
South Africa,ZA,Free State,L1ZAF3630,2020,14.449590164,0.0,4.3,0.0
South Africa,ZA,Free State,L1ZAF3630,2021,14.566384181,0.0,4.4,0.0
South Africa,ZA,Free State,L1ZAF3630,2022,11.685055125,0.0,4.15,0.0
South Africa,ZA,Gauteng,L1ZAF3631,1979,0.48,0.0,0.0,0.0
South Africa,ZA,Gauteng,L1ZAF3631,1980,1.5,0.0,0.0,0.0
South Africa,ZA,Gauteng,L1ZAF3631,1981,1.0,0.0,1.0,0.0
South Africa,ZA,Gauteng,L1ZAF3631,1982,1.333333333,0.0,1.0,0.0
South Africa,ZA,Gauteng,L1ZAF3631,1983,0.5226,0.0,1.0,0.0
South Africa,ZA,Gauteng,L1ZAF3631,1984,4.423142857,0.0,1.0,0.0
South Africa,ZA,Gauteng,L1ZAF3631,1985,4.288444444,0.0,1.0,0.0
South Africa,ZA,Gauteng,L1ZAF3631,1986,3.553666667,0.0,1.0,0.0
South Africa,ZA,Gauteng,L1ZAF3631,1987,5.5060924369999995,0.0,1.0,0.0
South Africa,ZA,Gauteng,L1ZAF3631,1988,5.980567517,0.0,2.75,0.0
South Africa,ZA,Gauteng,L1ZAF3631,1989,5.2794375,0.0,2.8,0.0
South Africa,ZA,Gauteng,L1ZAF3631,1990,5.040052902,0.0,2.857142857,0.0
South Africa,ZA,Gauteng,L1ZAF3631,1991,7.814374189,0.0,2.7,0.0
South Africa,ZA,Gauteng,L1ZAF3631,1992,9.011483968,0.0,1.102930566,0.0
South Africa,ZA,Gauteng,L1ZAF3631,1993,8.765347183,0.0,2.115241229,0.0
South Africa,ZA,Gauteng,L1ZAF3631,1994,5.575586247,0.0,1.696968485,0.0
South Africa,ZA,Gauteng,L1ZAF3631,1995,5.3382142859999995,0.0,1.1783673879999998,0.0
South Africa,ZA,Gauteng,L1ZAF3631,1996,5.997239475000001,0.0,1.423710594,0.0
South Africa,ZA,Gauteng,L1ZAF3631,1997,11.972395833,0.0,2.552909575,0.0
South Africa,ZA,Gauteng,L1ZAF3631,1998,12.141265597,0.0,3.973385105,0.0
South Africa,ZA,Gauteng,L1ZAF3631,1999,9.491666667,0.0,3.276923077,0.0
South Africa,ZA,Gauteng,L1ZAF3631,2000,9.291666667,0.0,2.4,0.0
South Africa,ZA,Gauteng,L1ZAF3631,2001,9.525225225,0.0,3.6,0.0
South Africa,ZA,Gauteng,L1ZAF3631,2002,11.222134387,0.0,4.05,0.0
South Africa,ZA,Gauteng,L1ZAF3631,2003,10.008499334,0.0,2.572256098,0.0
South Africa,ZA,Gauteng,L1ZAF3631,2004,12.063831183,0.0,3.06,0.0
South Africa,ZA,Gauteng,L1ZAF3631,2005,13.2017016,0.0,4.34,0.0
South Africa,ZA,Gauteng,L1ZAF3631,2006,13.142857143,0.0,3.550769231,0.0
South Africa,ZA,Gauteng,L1ZAF3631,2007,12.173684211,0.0,2.6799999999999997,0.0
South Africa,ZA,Gauteng,L1ZAF3631,2008,14.296551724,0.0,4.267647059,0.0
South Africa,ZA,Gauteng,L1ZAF3631,2009,14.796969697,0.0,4.569402985,0.0
South Africa,ZA,Gauteng,L1ZAF3631,2010,14.840000000000002,0.0,4.2,0.0
South Africa,ZA,Gauteng,L1ZAF3631,2011,14.117058824,0.0,2.5,0.0
South Africa,ZA,Gauteng,L1ZAF3631,2012,13.600402298999999,0.0,2.7,0.0
South Africa,ZA,Gauteng,L1ZAF3631,2013,14.306382978999999,0.0,3.4,0.0
South Africa,ZA,Gauteng,L1ZAF3631,2014,14.922985429,0.0,3.768,0.0
South Africa,ZA,Gauteng,L1ZAF3631,2015,13.059633028,0.0,3.5,0.0
South Africa,ZA,Gauteng,L1ZAF3631,2016,10.093333333,0.0,3.2,0.0
South Africa,ZA,Gauteng,L1ZAF3631,2017,15.9,0.0,4.3,0.0
South Africa,ZA,Gauteng,L1ZAF3631,2018,15.010714286,0.0,3.25,0.0
South Africa,ZA,Gauteng,L1ZAF3631,2019,14.822222222,0.0,3.4000000000000004,0.0
South Africa,ZA,Gauteng,L1ZAF3631,2020,15.476190476,0.0,3.25,0.0
South Africa,ZA,Gauteng,L1ZAF3631,2021,16.809259259,0.0,3.8,0.0
South Africa,ZA,Gauteng,L1ZAF3631,2022,17.498222222,0.0,3.2,0.0
South Africa,ZA,Kwazulu-Natal,L1ZAF3632,1979,0.982666667,0.0,0.0,0.0
South Africa,ZA,Kwazulu-Natal,L1ZAF3632,1980,1.5,0.0,0.0,0.0
South Africa,ZA,Kwazulu-Natal,L1ZAF3632,1981,2.0,0.0,1.0,0.0
South Africa,ZA,Kwazulu-Natal,L1ZAF3632,1982,5.5,0.0,1.0,0.0
South Africa,ZA,Kwazulu-Natal,L1ZAF3632,1983,4.65,0.0,1.0,0.0
South Africa,ZA,Kwazulu-Natal,L1ZAF3632,1984,4.32034188,0.0,1.0,0.0
South Africa,ZA,Kwazulu-Natal,L1ZAF3632,1985,3.520115274,0.0,1.0,0.0
South Africa,ZA,Kwazulu-Natal,L1ZAF3632,1986,3.9675,0.0,1.0,0.0
South Africa,ZA,Kwazulu-Natal,L1ZAF3632,1987,8.340221019000001,0.0,1.0,0.0
South Africa,ZA,Kwazulu-Natal,L1ZAF3632,1988,9.043690083,0.0,3.0,0.0
South Africa,ZA,Kwazulu-Natal,L1ZAF3632,1989,6.887507382,0.0,3.1,0.0
South Africa,ZA,Kwazulu-Natal,L1ZAF3632,1990,9.153654437,0.0,2.846153846,0.0
South Africa,ZA,Kwazulu-Natal,L1ZAF3632,1991,9.926557507999998,0.0,3.708369565,0.0
South Africa,ZA,Kwazulu-Natal,L1ZAF3632,1992,9.157579957,0.0,2.355986589,0.0
South Africa,ZA,Kwazulu-Natal,L1ZAF3632,1993,8.044226161000001,0.0,3.089865908,0.0
South Africa,ZA,Kwazulu-Natal,L1ZAF3632,1994,11.813419734,0.0,2.76024294,0.0
South Africa,ZA,Kwazulu-Natal,L1ZAF3632,1995,6.501763492,0.0,3.5039746089999997,0.0
South Africa,ZA,Kwazulu-Natal,L1ZAF3632,1996,8.326774194,0.0,3.097377952,0.0
South Africa,ZA,Kwazulu-Natal,L1ZAF3632,1997,7.460362602,0.0,4.712884572,0.0
South Africa,ZA,Kwazulu-Natal,L1ZAF3632,1998,9.986291486,0.0,2.191737288,0.0
South Africa,ZA,Kwazulu-Natal,L1ZAF3632,1999,10.68939394,0.0,5.016666667,0.0
South Africa,ZA,Kwazulu-Natal,L1ZAF3632,2000,10.322988506,0.0,4.1,0.0
South Africa,ZA,Kwazulu-Natal,L1ZAF3632,2001,8.002797202,0.0,4.2,0.0
South Africa,ZA,Kwazulu-Natal,L1ZAF3632,2002,11.983439042,0.0,4.45,0.0
South Africa,ZA,Kwazulu-Natal,L1ZAF3632,2003,13.333185637,0.0,4.178566731,0.0
South Africa,ZA,Kwazulu-Natal,L1ZAF3632,2004,14.107042471,0.0,5.166666667,0.0
South Africa,ZA,Kwazulu-Natal,L1ZAF3632,2005,12.049382716,0.0,5.776666667000001,0.0
South Africa,ZA,Kwazulu-Natal,L1ZAF3632,2006,12.182808717,0.0,4.0,0.0
South Africa,ZA,Kwazulu-Natal,L1ZAF3632,2007,14.320720721,0.0,4.9,0.0
South Africa,ZA,Kwazulu-Natal,L1ZAF3632,2008,13.818232931,0.0,5.814285714,0.0
South Africa,ZA,Kwazulu-Natal,L1ZAF3632,2009,14.353658537000001,0.0,4.4,0.0
South Africa,ZA,Kwazulu-Natal,L1ZAF3632,2010,14.154545455000001,0.0,5.45,0.0
South Africa,ZA,Kwazulu-Natal,L1ZAF3632,2011,13.949382716,0.0,5.239215686,0.0
South Africa,ZA,Kwazulu-Natal,L1ZAF3632,2012,14.752808989,0.0,4.7,0.0
South Africa,ZA,Kwazulu-Natal,L1ZAF3632,2013,16.305263158,0.0,4.8625,0.0
South Africa,ZA,Kwazulu-Natal,L1ZAF3632,2014,17.529879679,0.0,5.3,0.0
South Africa,ZA,Kwazulu-Natal,L1ZAF3632,2015,16.070588235,0.0,4.65,0.0
South Africa,ZA,Kwazulu-Natal,L1ZAF3632,2016,15.174418605,0.0,3.55,0.0
South Africa,ZA,Kwazulu-Natal,L1ZAF3632,2017,16.9,0.0,4.1378688519999995,0.0
South Africa,ZA,Kwazulu-Natal,L1ZAF3632,2018,17.073684211,0.0,4.3,0.0
South Africa,ZA,Kwazulu-Natal,L1ZAF3632,2019,15.863636364,0.0,4.15,0.0
South Africa,ZA,Kwazulu-Natal,L1ZAF3632,2020,16.954901961,0.0,4.1,0.0
South Africa,ZA,Kwazulu-Natal,L1ZAF3632,2021,18.097619048,0.0,5.9,0.0
South Africa,ZA,Kwazulu-Natal,L1ZAF3632,2022,17.616216215999998,0.0,4.95,0.0
South Africa,ZA,Limpopo,L1ZAF3633,1979,0.245833333,0.0,0.0,0.0
South Africa,ZA,Limpopo,L1ZAF3633,1980,1.05952381,0.0,0.0,0.0
South Africa,ZA,Limpopo,L1ZAF3633,1981,0.866071429,0.0,0.727272727,0.0
South Africa,ZA,Limpopo,L1ZAF3633,1982,0.678571429,0.0,0.36,0.0
South Africa,ZA,Limpopo,L1ZAF3633,1983,0.241019417,0.0,0.2,0.0
South Africa,ZA,Limpopo,L1ZAF3633,1984,0.901,0.0,0.260869565,0.0
South Africa,ZA,Limpopo,L1ZAF3633,1985,0.529413793,0.0,0.647058824,0.0
South Africa,ZA,Limpopo,L1ZAF3633,1986,0.359161616,0.0,0.416666667,0.0
South Africa,ZA,Limpopo,L1ZAF3633,1987,7.753139092,0.0,0.454545455,0.0
South Africa,ZA,Limpopo,L1ZAF3633,1988,5.732950851,0.0,2.6,0.0
South Africa,ZA,Limpopo,L1ZAF3633,1989,4.827929777,0.0,3.8333333329999997,0.0
South Africa,ZA,Limpopo,L1ZAF3633,1990,6.494286253,0.0,3.2,0.0
South Africa,ZA,Limpopo,L1ZAF3633,1991,8.002399225,0.0,3.642814371,0.0
South Africa,ZA,Limpopo,L1ZAF3633,1992,4.942207604,0.0,2.7322198269999998,0.0
South Africa,ZA,Limpopo,L1ZAF3633,1993,5.660458959,0.0,3.5953407100000003,0.0
South Africa,ZA,Limpopo,L1ZAF3633,1994,6.381613828000001,0.0,3.0114695989999998,0.0
South Africa,ZA,Limpopo,L1ZAF3633,1995,5.248742002,0.0,2.0915037329999997,0.0
South Africa,ZA,Limpopo,L1ZAF3633,1996,5.75,0.0,3.609617107,0.0
South Africa,ZA,Limpopo,L1ZAF3633,1997,9.500871459999999,0.0,3.651777394,0.0
South Africa,ZA,Limpopo,L1ZAF3633,1998,8.974444445,0.0,5.7651564969999995,0.0
South Africa,ZA,Limpopo,L1ZAF3633,1999,8.370270269999999,0.0,4.688888888999999,0.0
South Africa,ZA,Limpopo,L1ZAF3633,2000,10.252380952,0.0,4.3,0.0
South Africa,ZA,Limpopo,L1ZAF3633,2001,8.215384615,0.0,5.5,0.0
South Africa,ZA,Limpopo,L1ZAF3633,2002,8.6,0.0,5.4,0.0
South Africa,ZA,Limpopo,L1ZAF3633,2003,8.72669315,0.0,5.122115385,0.0
South Africa,ZA,Limpopo,L1ZAF3633,2004,9.525656949,0.0,5.013145929,0.0
South Africa,ZA,Limpopo,L1ZAF3633,2005,8.978609625,0.0,5.786,0.0
South Africa,ZA,Limpopo,L1ZAF3633,2006,9.791428571,0.0,6.6000000000000005,0.0
South Africa,ZA,Limpopo,L1ZAF3633,2007,8.616089466,0.0,4.823529412,0.0
South Africa,ZA,Limpopo,L1ZAF3633,2008,12.429824561,0.0,6.934615385000001,0.0
South Africa,ZA,Limpopo,L1ZAF3633,2009,13.511458333,0.0,6.5,0.0
South Africa,ZA,Limpopo,L1ZAF3633,2010,11.919101124,0.0,6.1,0.0
South Africa,ZA,Limpopo,L1ZAF3633,2011,12.103095030999999,0.0,5.70212766,0.0
South Africa,ZA,Limpopo,L1ZAF3633,2012,18.54,0.0,4.746428571,0.0
South Africa,ZA,Limpopo,L1ZAF3633,2013,13.609729639000001,0.0,6.175,0.0
South Africa,ZA,Limpopo,L1ZAF3633,2014,18.64,0.0,6.12,0.0
South Africa,ZA,Limpopo,L1ZAF3633,2015,18.371717172,0.0,6.1,0.0
South Africa,ZA,Limpopo,L1ZAF3633,2016,13.223364486,0.0,4.65,0.0
South Africa,ZA,Limpopo,L1ZAF3633,2017,16.9875,0.0,6.949999999999999,0.0
South Africa,ZA,Limpopo,L1ZAF3633,2018,16.381818182,0.0,6.9,0.0
South Africa,ZA,Limpopo,L1ZAF3633,2019,14.5,0.0,6.6,0.0
South Africa,ZA,Limpopo,L1ZAF3633,2020,15.950000000000001,0.0,6.5,0.0
South Africa,ZA,Limpopo,L1ZAF3633,2021,17.683999999999997,0.0,7.8,0.0
South Africa,ZA,Limpopo,L1ZAF3633,2022,15.925925926,0.0,7.7,0.0
South Africa,ZA,Mpumalanga,L1ZAF3634,1979,1.132411765,0.0,0.0,0.0
South Africa,ZA,Mpumalanga,L1ZAF3634,1980,1.913043478,0.0,0.0,0.0
South Africa,ZA,Mpumalanga,L1ZAF3634,1981,1.87755102,0.0,0.833333333,0.0
South Africa,ZA,Mpumalanga,L1ZAF3634,1982,2.08,0.0,1.0,0.0
South Africa,ZA,Mpumalanga,L1ZAF3634,1983,1.20925,0.0,0.75,0.0
South Africa,ZA,Mpumalanga,L1ZAF3634,1984,1.566716981,0.0,0.666666667,0.0
South Africa,ZA,Mpumalanga,L1ZAF3634,1985,2.115861111,0.0,1.0,0.0
South Africa,ZA,Mpumalanga,L1ZAF3634,1986,2.03512,0.0,1.0,0.0
South Africa,ZA,Mpumalanga,L1ZAF3634,1987,7.715676677,0.0,1.0,0.0
South Africa,ZA,Mpumalanga,L1ZAF3634,1988,8.605968348,0.0,3.083333333,0.0
South Africa,ZA,Mpumalanga,L1ZAF3634,1989,8.977220192,0.0,3.090909091,0.0
South Africa,ZA,Mpumalanga,L1ZAF3634,1990,6.224476645999999,0.0,3.277777778,0.0
South Africa,ZA,Mpumalanga,L1ZAF3634,1991,10.586737595999999,0.0,3.702686203,0.0
South Africa,ZA,Mpumalanga,L1ZAF3634,1992,8.883103443,0.0,1.459048149,0.0
South Africa,ZA,Mpumalanga,L1ZAF3634,1993,10.091383621,0.0,3.5148244319999997,0.0
South Africa,ZA,Mpumalanga,L1ZAF3634,1994,9.41346809,0.0,2.965701189,0.0
South Africa,ZA,Mpumalanga,L1ZAF3634,1995,7.454233215,0.0,2.41329267,0.0
South Africa,ZA,Mpumalanga,L1ZAF3634,1996,10.274361964,0.0,2.613710544,0.0
South Africa,ZA,Mpumalanga,L1ZAF3634,1997,8.955843496,0.0,3.228914207,0.0
South Africa,ZA,Mpumalanga,L1ZAF3634,1998,0.0,0.0,2.520528649,0.0
South Africa,ZA,Mpumalanga,L1ZAF3634,1999,12.010303031,0.0,3.55490324,0.0
South Africa,ZA,Mpumalanga,L1ZAF3634,2000,11.3275,0.0,4.7,0.0
South Africa,ZA,Mpumalanga,L1ZAF3634,2001,9.85,0.0,5.2,0.0
South Africa,ZA,Mpumalanga,L1ZAF3634,2002,12.099682029,0.0,4.25,0.0
South Africa,ZA,Mpumalanga,L1ZAF3634,2003,10.261552518,0.0,3.804882386,0.0
South Africa,ZA,Mpumalanga,L1ZAF3634,2004,12.387383412,0.0,4.748163265,0.0
South Africa,ZA,Mpumalanga,L1ZAF3634,2005,13.91240873,0.0,4.826785714,0.0
South Africa,ZA,Mpumalanga,L1ZAF3634,2006,13.353214285,0.0,2.75,0.0
South Africa,ZA,Mpumalanga,L1ZAF3634,2007,10.970212766,0.0,1.5499999999999998,0.0
South Africa,ZA,Mpumalanga,L1ZAF3634,2008,14.42519305,0.0,2.76097561,0.0
South Africa,ZA,Mpumalanga,L1ZAF3634,2009,15.510104820999999,0.0,3.6,0.0
South Africa,ZA,Mpumalanga,L1ZAF3634,2010,14.081687414000001,0.0,2.802413793,0.0
South Africa,ZA,Mpumalanga,L1ZAF3634,2011,14.772377621999999,0.0,2.4,0.0
South Africa,ZA,Mpumalanga,L1ZAF3634,2012,15.32,0.0,2.6652500000000003,0.0
South Africa,ZA,Mpumalanga,L1ZAF3634,2013,16.3219262,0.0,4.334146341,0.0
South Africa,ZA,Mpumalanga,L1ZAF3634,2014,16.573490909,0.0,5.050246305,0.0
South Africa,ZA,Mpumalanga,L1ZAF3634,2015,15.293380500000001,0.0,2.841428571,0.0
South Africa,ZA,Mpumalanga,L1ZAF3634,2016,14.134693878,0.0,2.7,0.0
South Africa,ZA,Mpumalanga,L1ZAF3634,2017,18.501020408,0.0,3.8499999999999996,0.0
South Africa,ZA,Mpumalanga,L1ZAF3634,2018,17.35,0.0,3.6,0.0
South Africa,ZA,Mpumalanga,L1ZAF3634,2019,16.874948240000002,0.0,2.55,0.0
South Africa,ZA,Mpumalanga,L1ZAF3634,2020,18.175730994,0.0,2.85,0.0
South Africa,ZA,Mpumalanga,L1ZAF3634,2021,20.22,0.0,3.7,0.0
South Africa,ZA,Mpumalanga,L1ZAF3634,2022,18.909708738,0.0,3.45,0.0
South Africa,ZA,North West,L1ZAF3635,1979,1.552576923,0.0,0.0,0.0
South Africa,ZA,North West,L1ZAF3635,1980,1.35,0.0,0.0,0.0
South Africa,ZA,North West,L1ZAF3635,1981,2.636363636,0.0,0.564814815,0.0
South Africa,ZA,North West,L1ZAF3635,1982,2.183908046,0.0,0.258823529,0.0
South Africa,ZA,North West,L1ZAF3635,1983,1.492035088,0.0,0.185185185,0.0
South Africa,ZA,North West,L1ZAF3635,1984,1.851769231,0.0,0.095238095,0.0
South Africa,ZA,North West,L1ZAF3635,1985,0.899112676,0.0,0.440860215,0.0
South Africa,ZA,North West,L1ZAF3635,1986,0.866296296,0.0,0.316455696,0.0
South Africa,ZA,North West,L1ZAF3635,1987,4.612221487999999,0.0,0.553571429,0.0
South Africa,ZA,North West,L1ZAF3635,1988,6.069716475,0.0,2.628947368,0.0
South Africa,ZA,North West,L1ZAF3635,1989,7.097599199999999,0.0,2.4958333329999998,0.0
South Africa,ZA,North West,L1ZAF3635,1990,5.90621294,0.0,3.19047619,0.0
South Africa,ZA,North West,L1ZAF3635,1991,5.075431022,0.0,2.097593391,0.0
South Africa,ZA,North West,L1ZAF3635,1992,4.688129859,0.0,1.4261120980000002,0.0
South Africa,ZA,North West,L1ZAF3635,1993,6.894101682,0.0,2.546395511,0.0
South Africa,ZA,North West,L1ZAF3635,1994,8.127305296,0.0,2.718914754,0.0
South Africa,ZA,North West,L1ZAF3635,1995,3.8359422,0.0,2.125931806,0.0
South Africa,ZA,North West,L1ZAF3635,1996,7.539707426,0.0,3.732262812,0.0
South Africa,ZA,North West,L1ZAF3635,1997,12.940999606,0.0,4.210806610000001,0.0
South Africa,ZA,North West,L1ZAF3635,1998,11.40742827,0.0,4.072403392,0.0
South Africa,ZA,North West,L1ZAF3635,1999,11.095212155,0.0,4.154370629,0.0
South Africa,ZA,North West,L1ZAF3635,2000,14.8,0.0,4.85,0.0
South Africa,ZA,North West,L1ZAF3635,2001,14.393391359999999,0.0,4.05,0.0
South Africa,ZA,North West,L1ZAF3635,2002,15.642170329999999,0.0,4.55,0.0
South Africa,ZA,North West,L1ZAF3635,2003,12.480120805999999,0.0,4.644989302,0.0
South Africa,ZA,North West,L1ZAF3635,2004,16.026420813,0.0,4.918353345,0.0
South Africa,ZA,North West,L1ZAF3635,2005,16.74949869,0.0,4.6106594780000005,0.0
South Africa,ZA,North West,L1ZAF3635,2006,15.735402549,0.0,4.952777778000001,0.0
South Africa,ZA,North West,L1ZAF3635,2007,15.239736652,0.0,3.4,0.0
South Africa,ZA,North West,L1ZAF3635,2008,17.617261241999998,0.0,4.95,0.0
South Africa,ZA,North West,L1ZAF3635,2009,17.557135275,0.0,5.5,0.0
South Africa,ZA,North West,L1ZAF3635,2010,17.058488298,0.0,5.0,0.0
South Africa,ZA,North West,L1ZAF3635,2011,18.838471584,0.0,4.55,0.0
South Africa,ZA,North West,L1ZAF3635,2012,17.405228758,0.0,3.55,0.0
South Africa,ZA,North West,L1ZAF3635,2013,16.83151285,0.0,2.334090909,0.0
South Africa,ZA,North West,L1ZAF3635,2014,18.65075188,0.0,4.795454545,0.0
South Africa,ZA,North West,L1ZAF3635,2015,14.942307692,0.0,2.960077519,0.0
South Africa,ZA,North West,L1ZAF3635,2016,9.024999999999999,0.0,2.0500000000000003,0.0
South Africa,ZA,North West,L1ZAF3635,2017,14.255873015999999,0.0,4.75,0.0
South Africa,ZA,North West,L1ZAF3635,2018,13.439583333000002,0.0,3.5999999999999996,0.0
South Africa,ZA,North West,L1ZAF3635,2019,11.236082474,0.0,3.05,0.0
South Africa,ZA,North West,L1ZAF3635,2020,14.309292035,0.0,4.3,0.0
South Africa,ZA,North West,L1ZAF3635,2021,15.02112069,0.0,5.199999999999999,0.0
South Africa,ZA,North West,L1ZAF3635,2022,13.383272059,0.0,4.8,0.0
South Africa,ZA,Northern Cape,L1ZAF3636,1979,1.432432432,0.0,0.0,0.0
South Africa,ZA,Northern Cape,L1ZAF3636,1980,2.403846154,0.0,0.0,0.0
South Africa,ZA,Northern Cape,L1ZAF3636,1981,1.597826087,0.0,1.081967213,0.0
South Africa,ZA,Northern Cape,L1ZAF3636,1982,1.625,0.0,0.309090909,0.0
South Africa,ZA,Northern Cape,L1ZAF3636,1983,1.204951807,0.0,0.307692308,0.0
South Africa,ZA,Northern Cape,L1ZAF3636,1984,3.09576087,0.0,0.196428571,0.0
South Africa,ZA,Northern Cape,L1ZAF3636,1985,3.198943396,0.0,0.551020408,0.0
South Africa,ZA,Northern Cape,L1ZAF3636,1986,3.863078431,0.0,0.245614035,0.0
South Africa,ZA,Northern Cape,L1ZAF3636,1987,9.962100495000001,0.0,0.390243902,0.0
South Africa,ZA,Northern Cape,L1ZAF3636,1988,11.516145532,0.0,3.7872340429999998,0.0
South Africa,ZA,Northern Cape,L1ZAF3636,1989,12.405774955,0.0,3.3,0.0
South Africa,ZA,Northern Cape,L1ZAF3636,1990,11.906359392999999,0.0,2.947619048,0.0
South Africa,ZA,Northern Cape,L1ZAF3636,1991,11.418736458999998,0.0,4.354761905,0.0
South Africa,ZA,Northern Cape,L1ZAF3636,1992,11.109377884,0.0,3.813065712,0.0
South Africa,ZA,Northern Cape,L1ZAF3636,1993,12.776863246000001,0.0,4.67268722,0.0
South Africa,ZA,Northern Cape,L1ZAF3636,1994,12.738423181,0.0,4.1846564619999995,0.0
South Africa,ZA,Northern Cape,L1ZAF3636,1995,4.968607143,0.0,5.197508933,0.0
South Africa,ZA,Northern Cape,L1ZAF3636,1996,11.740455338,0.0,7.07931056,0.0
South Africa,ZA,Northern Cape,L1ZAF3636,1997,15.658905188,0.0,8.7156457,0.0
South Africa,ZA,Northern Cape,L1ZAF3636,1998,20.774772037,0.0,6.409933634,0.0
South Africa,ZA,Northern Cape,L1ZAF3636,1999,18.039980535,0.0,8.626785714,0.0
South Africa,ZA,Northern Cape,L1ZAF3636,2000,20.333333330000002,0.0,7.6499999999999995,0.0
South Africa,ZA,Northern Cape,L1ZAF3636,2001,19.687104581,0.0,7.55,0.0
South Africa,ZA,Northern Cape,L1ZAF3636,2002,21.186920190000002,0.0,5.0,0.0
South Africa,ZA,Northern Cape,L1ZAF3636,2003,20.912767825,0.0,4.949999999999999,0.0
South Africa,ZA,Northern Cape,L1ZAF3636,2004,22.307547183,0.0,7.3288246269999995,0.0
South Africa,ZA,Northern Cape,L1ZAF3636,2005,23.477278351000002,0.0,8.475000000000001,0.0
South Africa,ZA,Northern Cape,L1ZAF3636,2006,23.163207550000003,0.0,8.9,0.0
South Africa,ZA,Northern Cape,L1ZAF3636,2007,23.700142172,0.0,9.020833333,0.0
South Africa,ZA,Northern Cape,L1ZAF3636,2008,24.969220782999997,0.0,9.571428571,0.0
South Africa,ZA,Northern Cape,L1ZAF3636,2009,24.449504949999998,0.0,8.6,0.0
South Africa,ZA,Northern Cape,L1ZAF3636,2010,25.830039724,0.0,7.712,0.0
South Africa,ZA,Northern Cape,L1ZAF3636,2011,26.576063830000002,0.0,7.526666667000001,0.0
South Africa,ZA,Northern Cape,L1ZAF3636,2012,25.93925668,0.0,7.6,0.0
South Africa,ZA,Northern Cape,L1ZAF3636,2013,27.600156638999998,0.0,7.5,0.0
South Africa,ZA,Northern Cape,L1ZAF3636,2014,27.52111554,0.0,8.2,0.0
South Africa,ZA,Northern Cape,L1ZAF3636,2015,26.41717172,0.0,9.097183099,0.0
South Africa,ZA,Northern Cape,L1ZAF3636,2016,20.80697674,0.0,7.4,0.0
South Africa,ZA,Northern Cape,L1ZAF3636,2017,22.88453608,0.0,9.0,0.0
South Africa,ZA,Northern Cape,L1ZAF3636,2018,22.4,0.0,8.0,0.0
South Africa,ZA,Northern Cape,L1ZAF3636,2019,21.289765459999998,0.0,7.0,0.0
South Africa,ZA,Northern Cape,L1ZAF3636,2020,21.84526882,0.0,7.65,0.0
South Africa,ZA,Northern Cape,L1ZAF3636,2021,22.63581081,0.0,8.1,0.0
South Africa,ZA,Northern Cape,L1ZAF3636,2022,22.63333333,0.0,8.05,0.0
South Africa,ZA,Western Cape,L1ZAF3637,1979,0.924932358,0.0,0.0,0.0
South Africa,ZA,Western Cape,L1ZAF3637,1980,0.880294659,0.0,0.0,0.0
South Africa,ZA,Western Cape,L1ZAF3637,1981,1.238273921,0.0,0.0,0.0
South Africa,ZA,Western Cape,L1ZAF3637,1982,1.282097649,0.0,0.0,0.0
South Africa,ZA,Western Cape,L1ZAF3637,1983,1.320754386,0.0,0.0,0.0
South Africa,ZA,Western Cape,L1ZAF3637,1984,1.128821429,0.0,0.0,0.0
South Africa,ZA,Western Cape,L1ZAF3637,1985,1.121858198,0.0,0.0,0.0
South Africa,ZA,Western Cape,L1ZAF3637,1986,1.024914119,0.0,0.0,0.0
South Africa,ZA,Western Cape,L1ZAF3637,1987,2.636039394,0.0,0.0,0.0
South Africa,ZA,Western Cape,L1ZAF3637,1988,3.114787136,0.0,1.0,0.0
South Africa,ZA,Western Cape,L1ZAF3637,1989,3.216648438,0.0,1.0,0.0
South Africa,ZA,Western Cape,L1ZAF3637,1990,3.462609392,0.0,1.0,0.0
South Africa,ZA,Western Cape,L1ZAF3637,1991,3.015674847,0.0,2.559917355,0.0
South Africa,ZA,Western Cape,L1ZAF3637,1992,3.872771189,0.0,2.888098468,0.0
South Africa,ZA,Western Cape,L1ZAF3637,1993,4.277036677,0.0,2.9534673390000004,0.0
South Africa,ZA,Western Cape,L1ZAF3637,1994,4.1086869440000005,0.0,1.066971081,0.0
South Africa,ZA,Western Cape,L1ZAF3637,1995,3.1079438340000003,0.0,1.713270142,0.0
South Africa,ZA,Western Cape,L1ZAF3637,1996,8.25,0.0,1.968531469,0.0
South Africa,ZA,Western Cape,L1ZAF3637,1997,9.088487242,0.0,0.0,0.0
South Africa,ZA,Western Cape,L1ZAF3637,1998,8.839819656,0.0,0.0,0.0
South Africa,ZA,Western Cape,L1ZAF3637,1999,10.317741935,0.0,0.0,0.0
South Africa,ZA,Western Cape,L1ZAF3637,2000,9.461111111,0.0,3.68,0.0
South Africa,ZA,Western Cape,L1ZAF3637,2001,9.75133785,0.0,3.7,0.0
South Africa,ZA,Western Cape,L1ZAF3637,2002,11.539997992,0.0,3.5,0.0
South Africa,ZA,Western Cape,L1ZAF3637,2003,10.824797334,0.0,3.0,0.0
South Africa,ZA,Western Cape,L1ZAF3637,2004,10.286911313000001,0.0,4.6,0.0
South Africa,ZA,Western Cape,L1ZAF3637,2005,16.849929750999998,0.0,5.0,0.0
South Africa,ZA,Western Cape,L1ZAF3637,2006,14.412820513,0.0,3.5,0.0
South Africa,ZA,Western Cape,L1ZAF3637,2007,14.771612903,0.0,2.3,0.0
South Africa,ZA,Western Cape,L1ZAF3637,2008,14.866666667,0.0,2.5,0.0
South Africa,ZA,Western Cape,L1ZAF3637,2009,15.1812627,0.0,2.8,0.0
South Africa,ZA,Western Cape,L1ZAF3637,2010,10.954246574999999,0.0,3.0,0.0
South Africa,ZA,Western Cape,L1ZAF3637,2011,12.467892626000001,0.0,3.2,0.0
South Africa,ZA,Western Cape,L1ZAF3637,2012,16.423289474,0.0,2.0,0.0
South Africa,ZA,Western Cape,L1ZAF3637,2013,15.793548387,0.0,2.0,0.0
South Africa,ZA,Western Cape,L1ZAF3637,2014,15.293606394,0.0,1.5,0.0
South Africa,ZA,Western Cape,L1ZAF3637,2015,14.45,0.0,3.3,0.0
South Africa,ZA,Western Cape,L1ZAF3637,2016,13.4,0.0,3.0,0.0
South Africa,ZA,Western Cape,L1ZAF3637,2017,11.8,0.0,3.0,0.0
South Africa,ZA,Western Cape,L1ZAF3637,2018,12.4,0.0,1.5,0.0
South Africa,ZA,Western Cape,L1ZAF3637,2019,10.95,0.0,1.9000000000000001,0.0
South Africa,ZA,Western Cape,L1ZAF3637,2020,12.35,0.0,1.5,0.0
South Africa,ZA,Western Cape,L1ZAF3637,2021,12.5,0.0,1.5,0.0
South Africa,ZA,Western Cape,L1ZAF3637,2022,11.962499999999999,0.0,1.5,0.0
South Africa,ZAF,Free State,L1ZAF3630,1992,0.749641815,0.0,0.0,0.0
South Africa,ZAF,Free State,L1ZAF3630,1993,2.640042037,0.0,0.0,0.0
South Africa,ZAF,Free State,L1ZAF3630,1995,1.350966667,0.0,0.0,0.0
South Africa,ZAF,Free State,L1ZAF3630,1996,2.970560496,0.0,0.0,0.0
South Africa,ZAF,Gauteng,L1ZAF3631,1990,2.775673641,0.0,0.0,0.0
South Africa,ZAF,Gauteng,L1ZAF3631,1991,3.242570161,0.0,0.0,0.0
South Africa,ZAF,Gauteng,L1ZAF3631,1994,0.343287297,0.0,0.0,0.0
South Africa,ZAF,Gauteng,L1ZAF3631,1995,1.75653125,0.0,0.0,0.0
South Africa,ZAF,Gauteng,L1ZAF3631,1996,4.186972973,0.0,0.0,0.0
South Africa,ZAF,Limpopo,L1ZAF3633,1991,2.493277446,0.0,0.0,0.0
South Africa,ZAF,Limpopo,L1ZAF3633,1992,1.077335984,0.0,0.0,0.0
South Africa,ZAF,Limpopo,L1ZAF3633,1993,1.46185882,0.0,0.0,0.0
South Africa,ZAF,Limpopo,L1ZAF3633,1994,2.050133465,0.0,0.0,0.0
South Africa,ZAF,Limpopo,L1ZAF3633,1996,1.48760088,0.0,0.0,0.0
South Africa,ZAF,Mpumalanga,L1ZAF3634,1990,3.086085595,0.0,0.0,0.0
South Africa,ZAF,Mpumalanga,L1ZAF3634,1994,1.796253047,0.0,0.0,0.0
South Africa,ZAF,Mpumalanga,L1ZAF3634,1998,7.559489865,0.0,1.167385677,0.0
South Africa,ZAF,North West,L1ZAF3635,1991,1.871892676,0.0,0.0,0.0
South Africa,ZAF,North West,L1ZAF3635,1995,1.134176871,0.0,0.0,0.0
South Africa,ZAF,Northern Cape,L1ZAF3636,1995,6.992636948,0.0,0.0,0.0
South Africa,ZAF,KwaZulu-Natal,L1ZAF3632,1998,0.0,0.0,12.032225913,0.0
South Sudan,SS,Upper Nile,L1SSD2887,1989,0.305979644,0.0,0.0,0.0
South Sudan,SS,Upper Nile,L1SSD2887,1990,0.638605442,0.0,0.0,0.0
South Sudan,SS,Upper Nile,L1SSD2887,1991,0.6582806569999999,0.0,0.0,0.0
South Sudan,SS,Upper Nile,L1SSD2887,1992,0.523865415,0.0,0.0,0.0
South Sudan,SS,Upper Nile,L1SSD2887,1993,0.6707792210000001,0.0,0.0,0.0
South Sudan,SS,Upper Nile,L1SSD2887,1994,0.352605624,0.0,0.0,0.0
South Sudan,SS,Upper Nile,L1SSD2887,1995,0.505614783,0.0,0.0,0.2
South Sudan,SS,Upper Nile,L1SSD2887,1996,0.663850486,0.0,0.0,0.0
South Sudan,SS,Upper Nile,L1SSD2887,1997,0.675182756,0.0,0.0,0.0
South Sudan,SS,Upper Nile,L1SSD2887,1998,0.317460317,0.0,0.0,0.0
South Sudan,SS,Upper Nile,L1SSD2887,1999,0.367965368,0.0,0.0,0.4
South Sudan,SS,Upper Nile,L1SSD2887,2000,0.46728972,0.0,0.0,0.555555556
South Sudan,SS,Upper Nile,L1SSD2887,2001,0.390174692,0.0,0.0,0.428571429
South Sudan,SS,Upper Nile,L1SSD2887,2002,0.729034977,0.0,0.0,0.0
South Sudan,SS,Upper Nile,L1SSD2887,2003,0.753045404,0.0,0.0,0.3
South Sudan,SS,Upper Nile,L1SSD2887,2004,0.6700834010000001,0.0,0.0,0.6
South Sudan,SS,Upper Nile,L1SSD2887,2005,0.694615905,0.0,0.0,0.6
South Sudan,SS,Upper Nile,L1SSD2887,2006,0.681864855,0.0,0.0,0.333333333
South Sudan,SS,Upper Nile,L1SSD2887,2007,0.5977734800000001,0.0,0.0,0.48015873
South Sudan,SS,Upper Nile,L1SSD2887,2008,0.666666667,0.0,0.0,0.333333333
South Sudan,SS,Upper Nile,L1SSD2887,2012,0.0,0.0,0.0,1.428571429
Sudan,SD,Northern,L1SDN2766,1975,2.8,0.0,0.0,0.0
Sudan,SD,Northern,L1SDN2766,1976,2.9,0.0,0.0,0.0
Sudan,SD,Northern,L1SDN2766,1977,2.3333333329999997,0.0,0.0,0.0
Sudan,SD,Northern,L1SDN2766,1978,2.1,0.0,0.0,0.0
Sudan,SD,Northern,L1SDN2766,1979,2.5,0.0,0.0,0.0
Sudan,SD,Northern,L1SDN2766,1980,2.6,0.0,0.0,0.0
Sudan,SD,Northern,L1SDN2766,1981,3.0,0.0,0.0,0.0
Sudan,SD,Northern,L1SDN2766,1983,2.166666667,0.0,0.0,0.0
Sudan,SD,Northern,L1SDN2766,1984,3.631578947,0.0,0.0,0.0
Sudan,SD,Northern,L1SDN2766,1985,3.404761905,0.0,0.0,0.0
Sudan,SD,Northern,L1SDN2766,1986,3.0,0.0,0.0,0.0
Sudan,SD,Northern,L1SDN2766,1987,3.375,0.0,0.0,0.0
Sudan,SD,Northern,L1SDN2766,1988,3.557692308,0.0,0.0,0.0
Sudan,SD,Northern,L1SDN2766,1989,4.1630434780000005,0.0,0.0,0.0
Sudan,SD,Northern,L1SDN2766,1990,1.7820512819999998,0.0,0.0,0.0
Sudan,SD,Northern,L1SDN2766,1991,2.907172996,0.0,0.0,0.0
Sudan,SD,Northern,L1SDN2766,1992,2.345238095,0.0,0.0,0.0
Sudan,SD,Northern,L1SDN2766,1993,2.275974026,0.0,0.0,0.0
Sudan,SD,Northern,L1SDN2766,1994,3.246598639,0.0,0.0,0.0
Sudan,SD,Northern,L1SDN2766,1995,3.339835165,0.0,0.0,0.0
Sudan,SD,Northern,L1SDN2766,1996,3.490421003,0.0,0.0,0.0
Sudan,SD,Northern,L1SDN2766,1997,3.0971633929999998,0.0,0.0,0.0
Sudan,SD,Northern,L1SDN2766,1998,1.512095747,0.0,0.0,0.0
Sudan,SD,Northern,L1SDN2766,1999,2.556972789,0.0,0.0,0.0
Sudan,SD,Northern,L1SDN2766,2000,2.563095238,0.0,0.0,0.0
Sudan,SD,Northern,L1SDN2766,2001,3.171452867,0.0,0.0,0.0
Sudan,SD,Northern,L1SDN2766,2002,2.727769056,0.0,0.0,0.0
Sudan,SD,Northern,L1SDN2766,2003,2.063265306,0.0,0.0,0.0
Sudan,SD,Northern,L1SDN2766,2004,2.762830688,0.0,0.0,0.0
Sudan,SD,Northern,L1SDN2766,2005,3.6688894850000002,0.0,0.0,0.0
Sudan,SD,Northern,L1SDN2766,2006,3.512380952,0.0,0.0,0.0
Sudan,SD,Northern,L1SDN2766,2007,3.196687371,0.0,0.0,0.0
Sudan,SD,Northern,L1SDN2766,2008,3.641259007,0.0,0.0,0.0
Sudan,SD,Northern,L1SDN2766,2009,1.558156028,0.0,0.0,0.0
Sudan,SD,Northern,L1SDN2766,2010,1.9649122799999998,0.0,0.0,0.0
Sudan,SD,Northern,L1SDN2766,2011,1.846830986,0.0,0.0,0.0
Sudan,SD,Northern,L1SDN2766,2012,1.52,0.0,0.0,0.0
Sudan,SD,Northern,L1SDN2766,2013,2.295482296,0.0,0.0,0.0
Sudan,SD,Northern,L1SDN2766,2014,4.130952381,0.0,0.0,0.0
Sudan,SD,Northern,L1SDN2766,2015,3.02247191,0.0,0.0,0.0
Sudan,SD,Northern,L1SDN2766,2016,4.017241379,0.0,0.0,0.0
Sudan,SD,Northern,L1SDN2766,2017,2.0,0.0,0.0,0.0
Sudan,SD,Blue Nile,L1SDN2759,1975,1.0476973680000001,0.0,0.0,0.0
Sudan,SD,Blue Nile,L1SDN2759,1976,1.080813172,0.0,0.0,0.0
Sudan,SD,Blue Nile,L1SDN2759,1977,0.99122807,0.0,0.0,0.0
Sudan,SD,Blue Nile,L1SDN2759,1978,1.189473684,0.0,0.0,0.0
Sudan,SD,Blue Nile,L1SDN2759,1979,1.074595722,0.0,0.0,0.0
Sudan,SD,Blue Nile,L1SDN2759,1980,1.118018455,0.0,0.0,0.0
Sudan,SD,Blue Nile,L1SDN2759,1981,1.353418853,0.0,0.0,0.0
Sudan,SD,Blue Nile,L1SDN2759,1982,0.596946913,0.0,0.0,0.0
Sudan,SD,Blue Nile,L1SDN2759,1983,0.849093774,0.0,0.0,0.0
Sudan,SD,Blue Nile,L1SDN2759,1984,0.483029381,0.0,0.0,0.0
Sudan,SD,Blue Nile,L1SDN2759,1985,0.737971192,0.0,0.0,0.0
Sudan,SD,Blue Nile,L1SDN2759,1990,0.585513728,0.0,0.0,0.1875
Sudan,SD,Blue Nile,L1SDN2759,1991,1.3632801620000001,0.0,0.0,0.217391304
Sudan,SD,Blue Nile,L1SDN2759,1992,0.986392128,0.0,0.0,0.090909091
Sudan,SD,Blue Nile,L1SDN2759,1993,0.826705237,0.0,0.0,0.2
Sudan,SD,Blue Nile,L1SDN2759,1994,0.860210507,0.0,0.0,0.1
Sudan,SD,Blue Nile,L1SDN2759,1995,0.664615356,0.0,0.0,0.138888889
Sudan,SD,Blue Nile,L1SDN2759,1996,1.25144677,0.0,0.0,0.06779661
Sudan,SD,Blue Nile,L1SDN2759,1997,0.871904762,0.0,0.0,0.1
Sudan,SD,Blue Nile,L1SDN2759,1998,0.830919765,0.0,0.0,0.0
Sudan,SD,Blue Nile,L1SDN2759,1999,0.49331356400000004,0.0,0.0,0.14
Sudan,SD,Blue Nile,L1SDN2759,2000,0.472537508,0.0,0.0,0.0
Sudan,SD,Blue Nile,L1SDN2759,2001,1.137001549,0.0,0.0,0.375
Sudan,SD,Blue Nile,L1SDN2759,2002,0.513216561,0.0,0.0,0.166666667
Sudan,SD,Blue Nile,L1SDN2759,2003,0.604259095,0.0,0.0,0.75
Sudan,SD,Blue Nile,L1SDN2759,2004,0.623699971,0.0,0.0,0.1
Sudan,SD,Blue Nile,L1SDN2759,2005,0.975800642,0.0,0.0,0.083333333
Sudan,SD,Blue Nile,L1SDN2759,2006,0.999487752,0.0,0.25,0.076923077
Sudan,SD,Blue Nile,L1SDN2759,2007,0.5109649119999999,0.0,0.285714286,0.090909091
Sudan,SD,Blue Nile,L1SDN2759,2008,0.740006799,0.0,0.247619048,0.404973545
Sudan,SD,Blue Nile,L1SDN2759,2009,0.197502473,0.0,0.142857143,0.2
Sudan,SD,Blue Nile,L1SDN2759,2010,0.28254877,0.0,0.0,0.444444444
Sudan,SD,Blue Nile,L1SDN2759,2011,0.385381882,0.0,0.0,0.481481481
Sudan,SD,Blue Nile,L1SDN2759,2012,0.205739662,0.0,0.0,0.586206897
Sudan,SD,Blue Nile,L1SDN2759,2013,0.566781998,0.0,0.0,1.30952381
Sudan,SD,Blue Nile,L1SDN2759,2014,0.724849138,0.0,0.0,1.904761905
Sudan,SD,Blue Nile,L1SDN2759,2015,0.785034965,0.0,0.0,1.384615385
Sudan,SD,Blue Nile,L1SDN2759,2016,1.0550976140000001,0.0,0.0,0.0
Sudan,SD,Blue Nile,L1SDN2759,2017,2.862707306,0.0,0.333333333,3.0
Sudan,SD,Central Darfur,L1SDN2760,1975,0.9888699080000001,0.0,0.0,0.0
Sudan,SD,Central Darfur,L1SDN2760,1976,1.197941176,0.0,0.0,0.0
Sudan,SD,Central Darfur,L1SDN2760,1977,1.487245535,0.0,0.0,0.0
Sudan,SD,Central Darfur,L1SDN2760,1978,1.160310447,0.0,0.0,0.0
Sudan,SD,Central Darfur,L1SDN2760,1979,0.858028169,0.0,0.0,0.0
Sudan,SD,Central Darfur,L1SDN2760,1980,1.0265346260000001,0.0,0.0,0.0
Sudan,SD,Central Darfur,L1SDN2760,1981,1.20822838,0.0,0.0,0.0
Sudan,SD,Central Darfur,L1SDN2760,1982,1.197031774,0.0,0.0,0.0
Sudan,SD,Central Darfur,L1SDN2760,1983,0.6471522430000001,0.0,0.0,0.0
Sudan,SD,Central Darfur,L1SDN2760,1984,0.559361702,0.0,0.0,0.0
Sudan,SD,Central Darfur,L1SDN2760,1985,0.886405737,0.0,0.0,0.0
Sudan,SD,Central Darfur,L1SDN2760,1986,0.428770394,0.0,0.0,0.0
Sudan,SD,Central Darfur,L1SDN2760,1987,0.324810992,0.0,0.0,0.0
Sudan,SD,Central Darfur,L1SDN2760,1988,0.865326567,0.0,0.0,0.0
Sudan,SD,Central Darfur,L1SDN2760,1989,0.324323705,0.0,0.0,0.0
Sudan,SD,Central Darfur,L1SDN2760,1990,0.152690948,0.0,0.054545455,0.0
Sudan,SD,Central Darfur,L1SDN2760,1991,0.6490729630000001,0.0,0.088888889,0.0
Sudan,SD,Central Darfur,L1SDN2760,1992,0.634873393,0.0,0.152941176,0.0
Sudan,SD,Central Darfur,L1SDN2760,1993,0.35923912999999996,0.0,0.18,0.0
Sudan,SD,Central Darfur,L1SDN2760,1994,1.376494428,0.0,0.26,0.0
Sudan,SD,Central Darfur,L1SDN2760,1995,0.834374669,0.0,0.315508021,0.0
Sudan,SD,Central Darfur,L1SDN2760,1996,1.581042756,0.0,0.384,0.0
Sudan,SD,Central Darfur,L1SDN2760,1997,1.202807106,0.0,0.4,0.0
Sudan,SD,Central Darfur,L1SDN2760,1998,1.076256539,0.0,0.2875,0.0
Sudan,SD,Central Darfur,L1SDN2760,1999,0.778869048,0.0,0.257142857,0.0
Sudan,SD,Central Darfur,L1SDN2760,2000,0.49089794600000003,0.0,0.149206349,0.0
Sudan,SD,Central Darfur,L1SDN2760,2001,0.946971692,0.0,0.326271186,0.0
Sudan,SD,Central Darfur,L1SDN2760,2002,0.430573057,0.0,0.18556701,0.0
Sudan,SD,Central Darfur,L1SDN2760,2003,0.668525918,0.0,0.231182796,0.0
Sudan,SD,Central Darfur,L1SDN2760,2004,0.450076867,0.0,0.166666667,0.0
Sudan,SD,Central Darfur,L1SDN2760,2005,1.0648351649999999,0.0,0.244444444,0.0
Sudan,SD,Central Darfur,L1SDN2760,2006,1.279894179,0.0,0.283333333,0.0
Sudan,SD,Central Darfur,L1SDN2760,2007,1.301896657,0.0,0.144736842,0.0
Sudan,SD,Central Darfur,L1SDN2760,2008,1.202420891,0.0,0.13,0.0
Sudan,SD,Central Darfur,L1SDN2760,2009,0.690073937,0.0,0.10625,0.0
Sudan,SD,Central Darfur,L1SDN2760,2010,0.62758076,0.0,0.1025,0.0
Sudan,SD,Central Darfur,L1SDN2760,2011,0.814163799,0.0,0.082304527,0.0
Sudan,SD,Central Darfur,L1SDN2760,2012,0.260464009,0.0,0.205882353,0.0
Sudan,SD,Central Darfur,L1SDN2760,2013,1.4655862339999999,0.0,0.616496599,0.0
Sudan,SD,Central Darfur,L1SDN2760,2014,0.772486772,0.0,0.964912281,0.0
Sudan,SD,Central Darfur,L1SDN2760,2015,1.540764791,0.0,0.393559928,0.0
Sudan,SD,Central Darfur,L1SDN2760,2016,2.740774077,0.0,0.867256637,0.0
Sudan,SD,Central Darfur,L1SDN2760,2017,1.9124579119999998,0.0,0.954545455,0.0
Sudan,SD,East Darfur,L1SDN2761,1975,0.9888699080000001,0.0,0.0,0.0
Sudan,SD,East Darfur,L1SDN2761,1976,1.197941176,0.0,0.0,0.0
Sudan,SD,East Darfur,L1SDN2761,1977,1.487245535,0.0,0.0,0.0
Sudan,SD,East Darfur,L1SDN2761,1978,1.160310447,0.0,0.0,0.0
Sudan,SD,East Darfur,L1SDN2761,1979,0.858028169,0.0,0.0,0.0
Sudan,SD,East Darfur,L1SDN2761,1980,1.0265346260000001,0.0,0.0,0.0
Sudan,SD,East Darfur,L1SDN2761,1981,1.20822838,0.0,0.0,0.0
Sudan,SD,East Darfur,L1SDN2761,1982,1.197031774,0.0,0.0,0.0
Sudan,SD,East Darfur,L1SDN2761,1983,0.6471522430000001,0.0,0.0,0.0
Sudan,SD,East Darfur,L1SDN2761,1984,0.559361702,0.0,0.0,0.0
Sudan,SD,East Darfur,L1SDN2761,1985,0.886405737,0.0,0.0,0.0
Sudan,SD,East Darfur,L1SDN2761,1986,0.428770394,0.0,0.0,0.0
Sudan,SD,East Darfur,L1SDN2761,1987,0.324810992,0.0,0.0,0.0
Sudan,SD,East Darfur,L1SDN2761,1988,0.865326567,0.0,0.0,0.0
Sudan,SD,East Darfur,L1SDN2761,1989,0.324323705,0.0,0.0,0.0
Sudan,SD,East Darfur,L1SDN2761,1990,0.104141965,0.0,0.038095238,0.0
Sudan,SD,East Darfur,L1SDN2761,1991,0.575224792,0.0,0.130612245,0.0
Sudan,SD,East Darfur,L1SDN2761,1992,0.537562078,0.0,0.107317073,0.0
Sudan,SD,East Darfur,L1SDN2761,1993,0.314817723,0.0,0.113541667,0.0
Sudan,SD,East Darfur,L1SDN2761,1994,0.5631494690000001,0.0,0.173,0.0
Sudan,SD,East Darfur,L1SDN2761,1995,0.508890498,0.0,0.166982922,0.0
Sudan,SD,East Darfur,L1SDN2761,1996,0.690888839,0.0,0.241420118,0.0
Sudan,SD,East Darfur,L1SDN2761,1997,0.41770388199999997,0.0,0.193950178,0.0
Sudan,SD,East Darfur,L1SDN2761,1998,0.350532711,0.0,0.144012945,0.0
Sudan,SD,East Darfur,L1SDN2761,1999,0.45187473499999997,0.0,0.243309002,0.0
Sudan,SD,East Darfur,L1SDN2761,2000,0.53511886,0.0,0.22200296,0.0
Sudan,SD,East Darfur,L1SDN2761,2001,0.519037844,0.0,0.23998295,0.0
Sudan,SD,East Darfur,L1SDN2761,2002,0.406065185,0.0,0.190932312,0.0
Sudan,SD,East Darfur,L1SDN2761,2003,0.432492947,0.0,0.183608302,0.0
Sudan,SD,East Darfur,L1SDN2761,2004,0.333562048,0.0,0.180952381,0.0
Sudan,SD,East Darfur,L1SDN2761,2005,0.5478533059999999,0.0,0.186335404,0.0
Sudan,SD,East Darfur,L1SDN2761,2006,0.657004632,0.0,0.24,0.0
Sudan,SD,East Darfur,L1SDN2761,2007,0.39916093799999997,0.0,0.096363636,0.0
Sudan,SD,East Darfur,L1SDN2761,2008,0.370818182,0.0,0.200199134,0.0
Sudan,SD,East Darfur,L1SDN2761,2009,0.19533025399999998,0.0,0.14,0.0
Sudan,SD,East Darfur,L1SDN2761,2010,0.43964095000000003,0.0,0.216035635,0.0
Sudan,SD,East Darfur,L1SDN2761,2011,0.186197793,0.0,0.191364801,0.0
Sudan,SD,East Darfur,L1SDN2761,2012,0.107333333,0.0,0.189285714,0.0
Sudan,SD,East Darfur,L1SDN2761,2013,0.27898537700000003,0.0,0.384825463,0.0
Sudan,SD,East Darfur,L1SDN2761,2014,0.233766234,0.0,0.796536797,0.0
Sudan,SD,East Darfur,L1SDN2761,2015,0.24676582000000002,0.0,0.27406199,0.0
Sudan,SD,East Darfur,L1SDN2761,2016,0.364475867,0.0,0.55,0.0
Sudan,SD,East Darfur,L1SDN2761,2017,0.37032381999999997,0.0,0.611111111,0.0
Sudan,SD,Gedaref,L1SDN2758,1990,0.627404582,0.0,1.192307692,0.852941176
Sudan,SD,Gedaref,L1SDN2758,1991,1.547826625,0.0,0.907692308,0.671232877
Sudan,SD,Gedaref,L1SDN2758,1992,1.331352589,0.0,0.736111111,0.507462687
Sudan,SD,Gedaref,L1SDN2758,1993,0.948835545,0.0,0.957142857,0.555555556
Sudan,SD,Gedaref,L1SDN2758,1994,1.091578506,0.0,0.735294118,0.647058824
Sudan,SD,Gedaref,L1SDN2758,1995,1.011365864,0.0,0.779411765,0.569767442
Sudan,SD,Gedaref,L1SDN2758,1996,1.1484195590000001,0.0,0.779411765,0.489130435
Sudan,SD,Gedaref,L1SDN2758,1997,0.993015674,0.0,0.901639344,0.46835443
Sudan,SD,Gedaref,L1SDN2758,1998,0.9784021499999999,0.0,0.222222222,0.324313725
Sudan,SD,Gedaref,L1SDN2758,1999,0.386848579,0.0,0.8125,0.304347826
Sudan,SD,Gedaref,L1SDN2758,2000,0.545726157,0.0,0.745454545,0.488372093
Sudan,SD,Gedaref,L1SDN2758,2001,0.424421979,0.0,0.84375,0.342857143
Sudan,SD,Gedaref,L1SDN2758,2002,0.377824027,0.0,1.0,0.57254902
Sudan,SD,Gedaref,L1SDN2758,2003,0.5981882430000001,0.0,0.689655172,0.526315789
Sudan,SD,Gedaref,L1SDN2758,2004,0.366858601,0.0,1.071428571,0.5
Sudan,SD,Gedaref,L1SDN2758,2005,0.497894981,0.0,1.150943396,0.511111111
Sudan,SD,Gedaref,L1SDN2758,2006,0.406944548,0.0,1.166666667,0.606557377
Sudan,SD,Gedaref,L1SDN2758,2007,1.329053281,0.0,1.12244898,0.238095238
Sudan,SD,Gedaref,L1SDN2758,2008,1.0436578220000001,0.0,1.161547619,0.454993386
Sudan,SD,Gedaref,L1SDN2758,2009,0.07972819,0.0,0.409836066,0.355
Sudan,SD,Gedaref,L1SDN2758,2010,0.280099195,0.0,0.732283465,0.25
Sudan,SD,Gedaref,L1SDN2758,2011,0.116990066,0.0,0.349593496,0.453125
Sudan,SD,Gedaref,L1SDN2758,2012,0.44764407100000003,0.0,0.674157303,0.666666667
Sudan,SD,Gedaref,L1SDN2758,2013,0.553949697,0.0,1.307847082,1.610644258
Sudan,SD,Gedaref,L1SDN2758,2014,0.8848307740000001,0.0,1.109570042,1.771871539
Sudan,SD,Gedaref,L1SDN2758,2015,1.9650678300000002,0.0,1.773584906,2.291666667
Sudan,SD,Gedaref,L1SDN2758,2016,3.107184808,0.0,2.06,0.0
Sudan,SD,Gedaref,L1SDN2758,2017,0.796233205,0.0,2.75,2.902439024
Sudan,SD,Gezira,L1SDN2757,1975,2.177637234,0.0,0.0,0.0
Sudan,SD,Gezira,L1SDN2757,1976,1.524559406,0.0,0.0,0.0
Sudan,SD,Gezira,L1SDN2757,1977,1.301648942,0.0,0.0,0.0
Sudan,SD,Gezira,L1SDN2757,1978,1.8982752760000001,0.0,0.0,0.0
Sudan,SD,Gezira,L1SDN2757,1979,0.9071654140000001,0.0,0.0,0.0
Sudan,SD,Gezira,L1SDN2757,1980,2.1572218420000002,0.0,0.0,0.0
Sudan,SD,Gezira,L1SDN2757,1981,1.9455991839999998,0.0,0.0,0.0
Sudan,SD,Gezira,L1SDN2757,1982,0.929922326,0.0,0.0,0.0
Sudan,SD,Gezira,L1SDN2757,1983,2.015251872,0.0,0.0,0.0
Sudan,SD,Gezira,L1SDN2757,1984,2.007456814,0.0,0.0,0.0
Sudan,SD,Gezira,L1SDN2757,1985,0.719387985,0.0,0.0,0.0
Sudan,SD,Gezira,L1SDN2757,1986,1.732538648,0.0,0.0,0.0
Sudan,SD,Gezira,L1SDN2757,1987,1.4849999999999999,0.0,0.0,0.0
Sudan,SD,Gezira,L1SDN2757,1988,2.0724754880000003,0.0,0.0,0.0
Sudan,SD,Gezira,L1SDN2757,1989,1.298882682,0.0,0.0,0.0
Sudan,SD,Gezira,L1SDN2757,1990,0.786931563,0.0,0.657697476,0.583333333
Sudan,SD,Gezira,L1SDN2757,1991,1.735103843,0.0,0.699496385,0.778846154
Sudan,SD,Gezira,L1SDN2757,1992,1.5274615040000001,0.0,0.819723999,0.611940299
Sudan,SD,Gezira,L1SDN2757,1993,1.508119669,0.0,0.749938646,0.543859649
Sudan,SD,Gezira,L1SDN2757,1994,1.542967072,0.0,0.826710532,0.636255707
Sudan,SD,Gezira,L1SDN2757,1995,1.3087145420000001,0.0,0.943010376,0.5946347
Sudan,SD,Gezira,L1SDN2757,1996,1.405427139,0.0,0.944434709,0.532596076
Sudan,SD,Gezira,L1SDN2757,1997,1.6830076859999998,0.0,0.830631629,0.684133238
Sudan,SD,Gezira,L1SDN2757,1998,1.088735065,0.0,0.611792808,0.519406191
Sudan,SD,Gezira,L1SDN2757,1999,1.1072185650000002,0.0,0.541488666,0.337838114
Sudan,SD,Gezira,L1SDN2757,2000,2.479733179,0.0,0.696562935,0.665951229
Sudan,SD,Gezira,L1SDN2757,2001,1.9039657929999998,0.0,0.733970953,0.68
Sudan,SD,Gezira,L1SDN2757,2002,1.8511275249999999,0.0,0.934266438,0.542616686
Sudan,SD,Gezira,L1SDN2757,2003,1.7103436680000002,0.0,0.91152253,0.333333333
Sudan,SD,Gezira,L1SDN2757,2004,1.982669034,0.0,0.926433177,0.643371825
Sudan,SD,Gezira,L1SDN2757,2005,1.677005005,0.0,0.916155269,0.601622309
Sudan,SD,Gezira,L1SDN2757,2006,2.168421104,0.0,0.892671203,0.651035432
Sudan,SD,Gezira,L1SDN2757,2007,1.850590624,0.0,0.886572966,0.615809666
Sudan,SD,Gezira,L1SDN2757,2008,1.8199857620000002,0.0,1.123019321,0.695003431
Sudan,SD,Gezira,L1SDN2757,2009,0.996330861,0.0,0.436542404,0.416666667
Sudan,SD,Gezira,L1SDN2757,2010,1.096636106,0.0,0.695957829,0.0
Sudan,SD,Gezira,L1SDN2757,2011,1.0360391180000001,0.0,0.825688073,1.064516129
Sudan,SD,Gezira,L1SDN2757,2012,0.888074137,0.0,0.9625,0.888888889
Sudan,SD,Gezira,L1SDN2757,2013,2.227737274,0.0,1.834733894,2.380952381
Sudan,SD,Gezira,L1SDN2757,2014,3.111356484,0.0,1.927990708,3.799392097
Sudan,SD,Gezira,L1SDN2757,2015,3.806576186,0.0,1.979381443,2.48
Sudan,SD,Gezira,L1SDN2757,2016,3.29491918,0.0,3.0512503860000004,0.0
Sudan,SD,Gezira,L1SDN2757,2017,1.808139535,0.0,3.45,3.844827586
Sudan,SD,Kassala,L1SDN2762,1990,1.130200308,0.0,0.153846154,0.384615385
Sudan,SD,Kassala,L1SDN2762,1991,1.150627895,0.0,0.659090909,0.658536585
Sudan,SD,Kassala,L1SDN2762,1992,1.0417094900000001,0.0,0.568627451,0.487804878
Sudan,SD,Kassala,L1SDN2762,1993,0.801089674,0.0,0.861111111,0.5
Sudan,SD,Kassala,L1SDN2762,1994,1.316289801,0.0,1.041666667,0.615384615
Sudan,SD,Kassala,L1SDN2762,1995,1.087376975,0.0,0.775510204,0.46031746
Sudan,SD,Kassala,L1SDN2762,1996,1.216931217,0.0,0.775510204,0.428571429
Sudan,SD,Kassala,L1SDN2762,1997,1.384765431,0.0,0.934782609,0.0
Sudan,SD,Kassala,L1SDN2762,1998,1.019116197,0.0,0.888888889,0.525
Sudan,SD,Kassala,L1SDN2762,1999,0.929083039,0.0,1.177777778,0.466666667
Sudan,SD,Kassala,L1SDN2762,2000,1.1513324630000001,0.0,0.891304348,0.575
Sudan,SD,Kassala,L1SDN2762,2001,1.311219095,0.0,1.285714286,0.7
Sudan,SD,Kassala,L1SDN2762,2002,1.159163059,0.0,0.857142857,0.684210526
Sudan,SD,Kassala,L1SDN2762,2003,1.408009728,0.0,1.107142857,0.4
Sudan,SD,Kassala,L1SDN2762,2004,0.869047619,0.0,1.032258065,0.0
Sudan,SD,Kassala,L1SDN2762,2005,0.927375517,0.0,1.290322581,0.444444444
Sudan,SD,Kassala,L1SDN2762,2006,1.138251125,0.0,1.413793103,0.710526316
Sudan,SD,Kassala,L1SDN2762,2007,0.807965892,0.0,1.355555556,0.7
Sudan,SD,Kassala,L1SDN2762,2008,0.473672615,0.0,1.637261905,0.685714286
Sudan,SD,Kassala,L1SDN2762,2009,0.17146283,0.0,0.87804878,0.694444444
Sudan,SD,Kassala,L1SDN2762,2010,0.871347055,0.0,1.533333333,0.764705882
Sudan,SD,Kassala,L1SDN2762,2011,0.7474437330000001,0.0,1.54,0.616666667
Sudan,SD,Kassala,L1SDN2762,2012,0.780200164,0.0,1.527777778,1.131578947
Sudan,SD,Kassala,L1SDN2762,2013,2.151360999,0.0,3.639455782,2.314814815
Sudan,SD,Kassala,L1SDN2762,2014,3.286378525,0.0,3.452380952,2.380952381
Sudan,SD,Kassala,L1SDN2762,2015,2.278767507,0.0,3.991935484,2.5625
Sudan,SD,Kassala,L1SDN2762,2016,3.505297569,0.0,3.887820513,0.0
Sudan,SD,Kassala,L1SDN2762,2017,3.2252747250000002,0.0,4.649350650000001,3.347826087
Sudan,SD,Khartoum,L1SDN2763,1990,0.5,0.0,0.0,0.0
Sudan,SD,Khartoum,L1SDN2763,1991,0.4,0.0,0.0,0.0
Sudan,SD,Khartoum,L1SDN2763,1992,1.392857143,0.0,0.0,0.0
Sudan,SD,Khartoum,L1SDN2763,1993,1.285714285,0.0,0.0,0.0
Sudan,SD,Khartoum,L1SDN2763,1994,0.476190476,0.0,0.0,0.0
Sudan,SD,Khartoum,L1SDN2763,1995,1.19047619,0.0,0.0,0.0
Sudan,SD,Khartoum,L1SDN2763,1996,1.19047619,0.0,0.0,0.0
Sudan,SD,Khartoum,L1SDN2763,1997,0.5,0.0,0.0,0.0
Sudan,SD,Khartoum,L1SDN2763,2001,0.169312169,0.0,0.0,0.0
Sudan,SD,Khartoum,L1SDN2763,2002,0.170068027,0.0,0.0,0.0
Sudan,SD,Khartoum,L1SDN2763,2003,0.238095238,0.0,0.0,0.0
Sudan,SD,Khartoum,L1SDN2763,2004,0.119047619,0.0,0.0,0.0
Sudan,SD,Khartoum,L1SDN2763,2005,0.158730159,0.0,0.0,0.0
Sudan,SD,Khartoum,L1SDN2763,2006,0.158730159,0.0,0.0,0.0
Sudan,SD,Khartoum,L1SDN2763,2007,1.047619047,0.0,0.0,0.0
Sudan,SD,Khartoum,L1SDN2763,2008,0.8788515400000001,0.0,0.0,0.0
Sudan,SD,Khartoum,L1SDN2763,2009,0.674603175,0.0,0.0,0.0
Sudan,SD,Khartoum,L1SDN2763,2010,0.8458715600000001,0.0,0.0,0.0
Sudan,SD,Khartoum,L1SDN2763,2011,0.666666667,0.0,0.0,0.0
Sudan,SD,Khartoum,L1SDN2763,2012,0.85774947,0.0,0.0,0.0
Sudan,SD,Khartoum,L1SDN2763,2013,0.512356841,0.0,0.0,0.0
Sudan,SD,Khartoum,L1SDN2763,2014,1.9342604300000001,0.0,0.0,0.0
Sudan,SD,Khartoum,L1SDN2763,2016,0.218181818,0.0,0.0,0.0
Sudan,SD,Khartoum,L1SDN2763,2017,3.583333333,0.0,0.0,0.0
Sudan,SD,North Darfur,L1SDN2764,1975,0.922640031,0.0,0.0,0.0
Sudan,SD,North Darfur,L1SDN2764,1976,0.852701325,0.0,0.0,0.0
Sudan,SD,North Darfur,L1SDN2764,1977,0.728091728,0.0,0.0,0.0
Sudan,SD,North Darfur,L1SDN2764,1978,0.883116884,0.0,0.0,0.0
Sudan,SD,North Darfur,L1SDN2764,1979,0.664318422,0.0,0.0,0.0
Sudan,SD,North Darfur,L1SDN2764,1980,0.785460993,0.0,0.0,0.0
Sudan,SD,North Darfur,L1SDN2764,1981,1.000462534,0.0,0.0,0.0
Sudan,SD,North Darfur,L1SDN2764,1982,0.448829613,0.0,0.0,0.0
Sudan,SD,North Darfur,L1SDN2764,1983,0.151445967,0.0,0.0,0.0
Sudan,SD,North Darfur,L1SDN2764,1984,0.13929824600000001,0.0,0.0,0.0
Sudan,SD,North Darfur,L1SDN2764,1985,0.677020958,0.0,0.0,0.0
Sudan,SD,North Darfur,L1SDN2764,1986,0.347517731,0.0,0.0,0.0
Sudan,SD,North Darfur,L1SDN2764,1987,0.14140981800000002,0.0,0.0,0.0
Sudan,SD,North Darfur,L1SDN2764,1988,0.656650864,0.0,0.0,0.0
Sudan,SD,North Darfur,L1SDN2764,1989,0.157439052,0.0,0.0,0.0
Sudan,SD,North Darfur,L1SDN2764,1990,0.075887393,0.0,0.033333333,0.0
Sudan,SD,North Darfur,L1SDN2764,1991,0.491389811,0.0,0.033333333,0.0
Sudan,SD,North Darfur,L1SDN2764,1992,0.461134841,0.0,0.083333333,0.0
Sudan,SD,North Darfur,L1SDN2764,1993,0.27833049000000004,0.0,0.088888889,0.0
Sudan,SD,North Darfur,L1SDN2764,1994,0.51054007,0.0,0.077777778,0.0
Sudan,SD,North Darfur,L1SDN2764,1995,0.027714561,0.0,0.063829787,0.0
Sudan,SD,North Darfur,L1SDN2764,1996,0.084445298,0.0,0.043478261,0.0
Sudan,SD,North Darfur,L1SDN2764,1997,0.190849156,0.0,0.178571429,0.0
Sudan,SD,North Darfur,L1SDN2764,1998,0.5526873999999999,0.0,0.272727273,0.0
Sudan,SD,North Darfur,L1SDN2764,1999,0.233277908,0.0,0.089171975,0.0
Sudan,SD,North Darfur,L1SDN2764,2000,0.166122656,0.0,0.195652174,0.0
Sudan,SD,North Darfur,L1SDN2764,2001,0.241887691,0.0,0.343373494,0.0
Sudan,SD,North Darfur,L1SDN2764,2002,0.191923436,0.0,0.16,0.0
Sudan,SD,North Darfur,L1SDN2764,2003,0.19773337500000002,0.0,0.141666667,0.0
Sudan,SD,North Darfur,L1SDN2764,2004,0.123040537,0.0,0.070512821,0.0
Sudan,SD,North Darfur,L1SDN2764,2005,0.239461499,0.0,0.15,0.0
Sudan,SD,North Darfur,L1SDN2764,2006,0.140018805,0.0,0.133333333,0.0
Sudan,SD,North Darfur,L1SDN2764,2007,0.183316052,0.0,0.071925754,0.0
Sudan,SD,North Darfur,L1SDN2764,2008,0.181096682,0.0,0.070206349,0.0
Sudan,SD,North Darfur,L1SDN2764,2009,0.021875,0.0,0.071925754,0.0
Sudan,SD,North Darfur,L1SDN2764,2010,0.207025434,0.0,0.225308642,0.0
Sudan,SD,North Darfur,L1SDN2764,2011,0.12435390700000001,0.0,0.073333333,0.0
Sudan,SD,North Darfur,L1SDN2764,2012,0.21657970999999998,0.0,0.196832579,0.0
Sudan,SD,North Darfur,L1SDN2764,2013,0.171193255,0.0,0.330452466,0.0
Sudan,SD,North Darfur,L1SDN2764,2014,0.56207483,0.0,0.361904762,0.0
Sudan,SD,North Darfur,L1SDN2764,2015,0.218090588,0.0,0.206349206,0.0
Sudan,SD,North Darfur,L1SDN2764,2016,1.433439866,0.0,0.199134199,0.0
Sudan,SD,North Darfur,L1SDN2764,2017,0.496598639,0.0,0.323809524,0.0
Sudan,SD,North Kordofan,L1SDN2765,1975,0.631304348,0.0,0.0,0.0
Sudan,SD,North Kordofan,L1SDN2765,1976,0.692025214,0.0,0.0,0.0
Sudan,SD,North Kordofan,L1SDN2765,1977,0.973615018,0.0,0.0,0.0
Sudan,SD,North Kordofan,L1SDN2765,1978,1.118661111,0.0,0.0,0.0
Sudan,SD,North Kordofan,L1SDN2765,1979,0.6815044859999999,0.0,0.0,0.0
Sudan,SD,North Kordofan,L1SDN2765,1980,0.882978724,0.0,0.0,0.0
Sudan,SD,North Kordofan,L1SDN2765,1981,0.769306931,0.0,0.0,0.0
Sudan,SD,North Kordofan,L1SDN2765,1982,0.255694197,0.0,0.0,0.0
Sudan,SD,North Kordofan,L1SDN2765,1983,0.24099301700000003,0.0,0.0,0.0
Sudan,SD,North Kordofan,L1SDN2765,1984,0.094193374,0.0,0.0,0.0
Sudan,SD,North Kordofan,L1SDN2765,1985,0.381749829,0.0,0.0,0.0
Sudan,SD,North Kordofan,L1SDN2765,1986,0.321566819,0.0,0.0,0.0
Sudan,SD,North Kordofan,L1SDN2765,1987,0.284892402,0.0,0.0,0.0
Sudan,SD,North Kordofan,L1SDN2765,1988,0.73610586,0.0,0.0,0.0
Sudan,SD,North Kordofan,L1SDN2765,1989,0.189382044,0.0,0.0,0.0
Sudan,SD,North Kordofan,L1SDN2765,1990,0.030567835999999998,0.0,0.02,0.0
Sudan,SD,North Kordofan,L1SDN2765,1991,0.153915529,0.0,0.066666667,0.0
Sudan,SD,North Kordofan,L1SDN2765,1992,0.185428891,0.0,0.066666667,0.0
Sudan,SD,North Kordofan,L1SDN2765,1993,0.16792748300000002,0.0,0.025,0.0
Sudan,SD,North Kordofan,L1SDN2765,1994,0.240149437,0.0,0.2125,0.5
Sudan,SD,North Kordofan,L1SDN2765,1995,0.062314089,0.0,0.136986301,0.11
Sudan,SD,North Kordofan,L1SDN2765,1996,0.050339241,0.0,0.038961039,0.25
Sudan,SD,North Kordofan,L1SDN2765,1997,0.066027659,0.0,0.086956522,0.14
Sudan,SD,North Kordofan,L1SDN2765,1998,0.116891548,0.0,0.183673469,0.066666667
Sudan,SD,North Kordofan,L1SDN2765,1999,0.07091465,0.0,0.013513514,0.14
Sudan,SD,North Kordofan,L1SDN2765,2000,0.080260738,0.0,0.093959732,0.0
Sudan,SD,North Kordofan,L1SDN2765,2001,0.18174294,0.0,0.153284672,0.0
Sudan,SD,North Kordofan,L1SDN2765,2002,0.067691029,0.0,0.06185567,0.0
Sudan,SD,North Kordofan,L1SDN2765,2003,0.265193184,0.0,0.288659794,0.18
Sudan,SD,North Kordofan,L1SDN2765,2004,0.095190894,0.0,0.066037736,0.0
Sudan,SD,North Kordofan,L1SDN2765,2005,0.318230626,0.0,0.259767687,0.18
Sudan,SD,North Kordofan,L1SDN2765,2006,0.515290844,0.0,0.160910518,0.0
Sudan,SD,North Kordofan,L1SDN2765,2007,0.335706075,0.0,0.224,0.0
Sudan,SD,North Kordofan,L1SDN2765,2008,0.217475588,0.0,0.141598997,0.0
Sudan,SD,North Kordofan,L1SDN2765,2009,0.07454435300000001,0.0,0.123188406,0.0
Sudan,SD,North Kordofan,L1SDN2765,2010,0.12535014,0.0,0.104663212,0.0
Sudan,SD,North Kordofan,L1SDN2765,2011,0.023657943,0.0,0.113432836,0.0
Sudan,SD,North Kordofan,L1SDN2765,2012,0.18682573400000002,0.0,0.212182741,0.0
Sudan,SD,North Kordofan,L1SDN2765,2013,0.106296878,0.0,0.06478782,0.0
Sudan,SD,North Kordofan,L1SDN2765,2014,0.542338374,0.0,0.316169828,0.0
Sudan,SD,North Kordofan,L1SDN2765,2015,0.162563255,0.0,0.170357751,0.0
Sudan,SD,North Kordofan,L1SDN2765,2016,0.575548094,0.0,0.285714286,0.0
Sudan,SD,North Kordofan,L1SDN2765,2017,0.497456498,0.0,0.727241018,0.333333333
Sudan,SD,Red Sea,L1SDN2767,1991,0.965986395,0.0,0.0,0.0
Sudan,SD,Red Sea,L1SDN2767,1992,1.104377105,0.0,0.0,0.0
Sudan,SD,Red Sea,L1SDN2767,1993,0.289164942,0.0,0.0,0.0
Sudan,SD,Red Sea,L1SDN2767,1994,0.7357142860000001,0.0,0.0,0.0
Sudan,SD,Red Sea,L1SDN2767,1995,0.701253133,0.0,0.0,0.0
Sudan,SD,Red Sea,L1SDN2767,1996,0.6012531329999999,0.0,0.0,0.0
Sudan,SD,Red Sea,L1SDN2767,1997,1.373482726,0.0,0.0,0.0
Sudan,SD,Red Sea,L1SDN2767,1998,0.760743322,0.0,0.0,0.0
Sudan,SD,Red Sea,L1SDN2767,1999,0.5481185479999999,0.0,0.0,0.0
Sudan,SD,Red Sea,L1SDN2767,2000,0.726190476,0.0,0.0,0.0
Sudan,SD,Red Sea,L1SDN2767,2001,0.996446886,0.0,0.0,0.0
Sudan,SD,Red Sea,L1SDN2767,2002,0.711484594,0.0,0.0,0.0
Sudan,SD,Red Sea,L1SDN2767,2003,0.556301723,0.0,0.0,0.0
Sudan,SD,Red Sea,L1SDN2767,2004,0.6112339680000001,0.0,0.0,0.0
Sudan,SD,Red Sea,L1SDN2767,2005,1.001831502,0.0,0.0,0.0
Sudan,SD,Red Sea,L1SDN2767,2006,0.518027081,0.0,0.0,0.0
Sudan,SD,Red Sea,L1SDN2767,2007,0.678844652,0.0,0.0,0.0
Sudan,SD,Red Sea,L1SDN2767,2008,0.682758621,0.0,0.0,0.0
Sudan,SD,Red Sea,L1SDN2767,2009,0.384363636,0.0,0.0,0.333333333
Sudan,SD,Red Sea,L1SDN2767,2010,0.366666667,0.0,0.0,0.6
Sudan,SD,Red Sea,L1SDN2767,2011,0.514509804,0.0,0.0,1.0
Sudan,SD,Red Sea,L1SDN2767,2012,0.518105924,0.0,0.0,0.0
Sudan,SD,Red Sea,L1SDN2767,2013,0.503370992,0.0,0.0,0.06
Sudan,SD,Red Sea,L1SDN2767,2014,1.188114134,0.0,0.0,0.0
Sudan,SD,Red Sea,L1SDN2767,2015,0.712818867,0.0,0.0,0.0
Sudan,SD,Red Sea,L1SDN2767,2016,2.338461538,0.0,0.0,0.0
Sudan,SD,Red Sea,L1SDN2767,2017,1.09090909,0.0,0.0,1.5
Sudan,SD,River Nile,L1SDN2768,1975,2.071428571,0.0,0.0,0.0
Sudan,SD,River Nile,L1SDN2768,1976,2.5,0.0,0.0,0.0
Sudan,SD,River Nile,L1SDN2768,1977,1.923076923,0.0,0.0,0.0
Sudan,SD,River Nile,L1SDN2768,1978,2.433333333,0.0,0.0,0.0
Sudan,SD,River Nile,L1SDN2768,1979,2.423076923,0.0,0.0,0.0
Sudan,SD,River Nile,L1SDN2768,1980,2.423076923,0.0,0.0,0.0
Sudan,SD,River Nile,L1SDN2768,1981,3.1,0.0,0.0,0.0
Sudan,SD,River Nile,L1SDN2768,1983,3.25,0.0,0.0,0.0
Sudan,SD,River Nile,L1SDN2768,1984,2.8333333329999997,0.0,0.0,0.0
Sudan,SD,River Nile,L1SDN2768,1985,2.676470588,0.0,0.0,0.0
Sudan,SD,River Nile,L1SDN2768,1986,2.866666667,0.0,0.0,0.0
Sudan,SD,River Nile,L1SDN2768,1987,2.4871794869999997,0.0,0.0,0.0
Sudan,SD,River Nile,L1SDN2768,1988,3.153846154,0.0,0.0,0.0
Sudan,SD,River Nile,L1SDN2768,1989,3.5833333329999997,0.0,0.0,0.0
Sudan,SD,River Nile,L1SDN2768,1990,1.5555555559999998,0.0,0.0,0.0
Sudan,SD,River Nile,L1SDN2768,1991,2.642276423,0.0,0.0,0.0
Sudan,SD,River Nile,L1SDN2768,1992,2.390335444,0.0,0.0,0.0
Sudan,SD,River Nile,L1SDN2768,1993,2.328131252,0.0,0.0,0.0
Sudan,SD,River Nile,L1SDN2768,1994,1.298412698,0.0,0.0,0.0
Sudan,SD,River Nile,L1SDN2768,1995,1.539829465,0.0,0.0,0.0
Sudan,SD,River Nile,L1SDN2768,1996,2.629672646,0.0,0.0,0.0
Sudan,SD,River Nile,L1SDN2768,1997,1.4708483010000002,0.0,0.0,0.0
Sudan,SD,River Nile,L1SDN2768,1998,1.667433988,0.0,0.0,0.0
Sudan,SD,River Nile,L1SDN2768,1999,2.728237449,0.0,0.0,0.0
Sudan,SD,River Nile,L1SDN2768,2000,3.466032074,0.0,0.0,0.0
Sudan,SD,River Nile,L1SDN2768,2001,3.4856727569999997,0.0,0.0,0.0
Sudan,SD,River Nile,L1SDN2768,2002,2.327429756,0.0,0.0,0.0
Sudan,SD,River Nile,L1SDN2768,2003,2.221861472,0.0,0.0,0.0
Sudan,SD,River Nile,L1SDN2768,2004,2.307326007,0.0,0.0,0.0
Sudan,SD,River Nile,L1SDN2768,2005,1.699579832,0.0,0.0,0.0
Sudan,SD,River Nile,L1SDN2768,2006,1.979987275,0.0,0.0,0.0
Sudan,SD,River Nile,L1SDN2768,2007,1.416425906,0.0,0.0,0.0
Sudan,SD,River Nile,L1SDN2768,2008,1.876188907,0.0,0.0,0.0
Sudan,SD,River Nile,L1SDN2768,2009,1.336693548,0.0,0.0,0.0
Sudan,SD,River Nile,L1SDN2768,2010,1.147423664,0.0,0.0,0.0
Sudan,SD,River Nile,L1SDN2768,2011,1.196428571,0.0,0.0,0.0
Sudan,SD,River Nile,L1SDN2768,2012,1.385507246,0.0,0.0,0.0
Sudan,SD,River Nile,L1SDN2768,2013,2.457142858,0.0,0.0,0.0
Sudan,SD,River Nile,L1SDN2768,2014,2.773809524,0.0,0.0,0.0
Sudan,SD,River Nile,L1SDN2768,2015,2.960317461,0.0,0.0,0.0
Sudan,SD,River Nile,L1SDN2768,2016,3.137931034,0.0,0.0,0.0
Sudan,SD,River Nile,L1SDN2768,2017,5.178571429,0.0,0.0,0.0
Sudan,SD,Sinnar,L1SDN2769,1975,1.0476973680000001,0.0,0.0,0.0
Sudan,SD,Sinnar,L1SDN2769,1976,1.080813172,0.0,0.0,0.0
Sudan,SD,Sinnar,L1SDN2769,1977,0.99122807,0.0,0.0,0.0
Sudan,SD,Sinnar,L1SDN2769,1978,1.189473684,0.0,0.0,0.0
Sudan,SD,Sinnar,L1SDN2769,1979,1.074595722,0.0,0.0,0.0
Sudan,SD,Sinnar,L1SDN2769,1980,1.118018455,0.0,0.0,0.0
Sudan,SD,Sinnar,L1SDN2769,1981,1.353418853,0.0,0.0,0.0
Sudan,SD,Sinnar,L1SDN2769,1982,0.596946913,0.0,0.0,0.0
Sudan,SD,Sinnar,L1SDN2769,1983,0.849093774,0.0,0.0,0.0
Sudan,SD,Sinnar,L1SDN2769,1984,0.483029381,0.0,0.0,0.0
Sudan,SD,Sinnar,L1SDN2769,1985,0.737971192,0.0,0.0,0.0
Sudan,SD,Sinnar,L1SDN2769,1990,0.43923909,0.0,1.0,0.0
Sudan,SD,Sinnar,L1SDN2769,1991,0.61244113,0.0,0.0,0.0
Sudan,SD,Sinnar,L1SDN2769,1992,0.5461497280000001,0.0,0.291666667,0.0
Sudan,SD,Sinnar,L1SDN2769,1993,0.35165896399999996,0.0,0.466666667,0.0
Sudan,SD,Sinnar,L1SDN2769,1994,0.3764431,0.0,0.428571429,0.266666667
Sudan,SD,Sinnar,L1SDN2769,1995,0.5912475180000001,0.0,0.571428571,0.333333333
Sudan,SD,Sinnar,L1SDN2769,1996,0.6523302209999999,0.0,0.571428571,0.298701299
Sudan,SD,Sinnar,L1SDN2769,1997,0.6325488610000001,0.0,0.0,0.170731707
Sudan,SD,Sinnar,L1SDN2769,1998,0.612719877,0.0,0.0,0.25
Sudan,SD,Sinnar,L1SDN2769,1999,0.578001314,0.0,0.0,0.24
Sudan,SD,Sinnar,L1SDN2769,2000,0.562533963,0.0,0.0,0.404761905
Sudan,SD,Sinnar,L1SDN2769,2001,0.597770298,0.0,0.0,0.366666667
Sudan,SD,Sinnar,L1SDN2769,2002,0.281441287,0.0,0.0,0.64516129
Sudan,SD,Sinnar,L1SDN2769,2003,0.9600427500000001,0.0,0.0,0.256410256
Sudan,SD,Sinnar,L1SDN2769,2004,0.401357672,0.0,0.0,0.571428571
Sudan,SD,Sinnar,L1SDN2769,2005,0.471340697,0.0,0.0,0.324324324
Sudan,SD,Sinnar,L1SDN2769,2006,0.494140056,0.0,1.0,0.428571429
Sudan,SD,Sinnar,L1SDN2769,2007,1.3180137840000001,0.0,0.666666667,0.486486486
Sudan,SD,Sinnar,L1SDN2769,2008,0.9284154290000001,0.0,1.267460317,0.347566138
Sudan,SD,Sinnar,L1SDN2769,2009,0.751414743,0.0,0.0,0.0
Sudan,SD,Sinnar,L1SDN2769,2010,0.845197034,0.0,1.0625,0.625
Sudan,SD,Sinnar,L1SDN2769,2011,0.611166678,0.0,0.5,0.571428571
Sudan,SD,Sinnar,L1SDN2769,2012,0.400099364,0.0,0.833333333,0.636363636
Sudan,SD,Sinnar,L1SDN2769,2013,1.391360136,0.0,1.360544218,2.186588921
Sudan,SD,Sinnar,L1SDN2769,2014,1.059256858,0.0,1.587301587,1.443001443
Sudan,SD,Sinnar,L1SDN2769,2015,0.613118739,0.0,1.538461538,1.8
Sudan,SD,Sinnar,L1SDN2769,2016,2.856862745,0.0,2.44047619,0.0
Sudan,SD,Sinnar,L1SDN2769,2017,3.9464104520000003,0.0,0.0,2.813953488
Sudan,SD,South Darfur,L1SDN2770,1975,0.9888699080000001,0.0,0.0,0.0
Sudan,SD,South Darfur,L1SDN2770,1976,1.197941176,0.0,0.0,0.0
Sudan,SD,South Darfur,L1SDN2770,1977,1.487245535,0.0,0.0,0.0
Sudan,SD,South Darfur,L1SDN2770,1978,1.160310447,0.0,0.0,0.0
Sudan,SD,South Darfur,L1SDN2770,1979,0.858028169,0.0,0.0,0.0
Sudan,SD,South Darfur,L1SDN2770,1980,1.0265346260000001,0.0,0.0,0.0
Sudan,SD,South Darfur,L1SDN2770,1981,1.20822838,0.0,0.0,0.0
Sudan,SD,South Darfur,L1SDN2770,1982,1.197031774,0.0,0.0,0.0
Sudan,SD,South Darfur,L1SDN2770,1983,0.6471522430000001,0.0,0.0,0.0
Sudan,SD,South Darfur,L1SDN2770,1984,0.559361702,0.0,0.0,0.0
Sudan,SD,South Darfur,L1SDN2770,1985,0.886405737,0.0,0.0,0.0
Sudan,SD,South Darfur,L1SDN2770,1986,0.428770394,0.0,0.0,0.0
Sudan,SD,South Darfur,L1SDN2770,1987,0.324810992,0.0,0.0,0.0
Sudan,SD,South Darfur,L1SDN2770,1988,0.865326567,0.0,0.0,0.0
Sudan,SD,South Darfur,L1SDN2770,1989,0.324323705,0.0,0.0,0.0
Sudan,SD,South Darfur,L1SDN2770,1990,0.434546034,0.0,0.038095238,0.0
Sudan,SD,South Darfur,L1SDN2770,1991,1.060817023,0.0,0.130612245,0.0
Sudan,SD,South Darfur,L1SDN2770,1992,1.0208675870000001,0.0,0.107317073,0.0
Sudan,SD,South Darfur,L1SDN2770,1993,0.312482214,0.0,0.113541667,0.0
Sudan,SD,South Darfur,L1SDN2770,1994,0.992312122,0.0,0.173,0.0
Sudan,SD,South Darfur,L1SDN2770,1995,0.815383175,0.0,0.166982922,0.0
Sudan,SD,South Darfur,L1SDN2770,1996,1.127148021,0.0,0.241420118,0.0
Sudan,SD,South Darfur,L1SDN2770,1997,0.59464461,0.0,0.193950178,0.0
Sudan,SD,South Darfur,L1SDN2770,1998,0.644367998,0.0,0.144012945,0.0
Sudan,SD,South Darfur,L1SDN2770,1999,0.700108341,0.0,0.243309002,0.0
Sudan,SD,South Darfur,L1SDN2770,2000,0.9362363370000001,0.0,0.22200296,0.0
Sudan,SD,South Darfur,L1SDN2770,2001,0.826215771,0.0,0.23998295,0.0
Sudan,SD,South Darfur,L1SDN2770,2002,1.263208042,0.0,0.190932312,0.0
Sudan,SD,South Darfur,L1SDN2770,2003,0.9324929470000001,0.0,0.183608302,0.0
Sudan,SD,South Darfur,L1SDN2770,2004,0.583562048,0.0,0.180952381,0.0
Sudan,SD,South Darfur,L1SDN2770,2005,0.8811866389999999,0.0,0.186335404,0.0
Sudan,SD,South Darfur,L1SDN2770,2006,1.157004632,0.0,0.24,0.0
Sudan,SD,South Darfur,L1SDN2770,2007,0.899160938,0.0,0.096363636,0.0
Sudan,SD,South Darfur,L1SDN2770,2008,0.870818182,0.0,0.200199134,0.0
Sudan,SD,South Darfur,L1SDN2770,2009,0.6953302539999999,0.0,0.14,0.0
Sudan,SD,South Darfur,L1SDN2770,2010,0.818951295,0.0,0.216035635,0.0
Sudan,SD,South Darfur,L1SDN2770,2011,0.6861977930000001,0.0,0.191364801,0.0
Sudan,SD,South Darfur,L1SDN2770,2012,0.75224268,0.0,0.22629521,0.0
Sudan,SD,South Darfur,L1SDN2770,2013,1.124757595,0.0,0.321088435,0.0
Sudan,SD,South Darfur,L1SDN2770,2014,1.6747144029999999,0.0,0.931403398,0.0
Sudan,SD,South Darfur,L1SDN2770,2015,1.402164502,0.0,0.523809524,0.0
Sudan,SD,South Darfur,L1SDN2770,2016,2.32788671,0.0,0.637566138,0.0
Sudan,SD,South Darfur,L1SDN2770,2017,1.935767936,0.0,1.128,0.0
Sudan,SD,South Kordofan,L1SDN2771,1975,0.7939055799999999,0.0,0.0,0.0
Sudan,SD,South Kordofan,L1SDN2771,1976,1.328971674,0.0,0.0,0.0
Sudan,SD,South Kordofan,L1SDN2771,1977,1.182017544,0.0,0.0,0.0
Sudan,SD,South Kordofan,L1SDN2771,1978,1.251433426,0.0,0.0,0.0
Sudan,SD,South Kordofan,L1SDN2771,1979,0.961883408,0.0,0.0,0.0
Sudan,SD,South Kordofan,L1SDN2771,1980,1.109439125,0.0,0.0,0.0
Sudan,SD,South Kordofan,L1SDN2771,1981,1.2346403860000001,0.0,0.0,0.0
Sudan,SD,South Kordofan,L1SDN2771,1982,1.179805014,0.0,0.0,0.0
Sudan,SD,South Kordofan,L1SDN2771,1983,0.83592233,0.0,0.0,0.0
Sudan,SD,South Kordofan,L1SDN2771,1984,0.40436507899999996,0.0,0.0,0.0
Sudan,SD,South Kordofan,L1SDN2771,1985,0.9845378149999999,0.0,0.0,0.0
Sudan,SD,South Kordofan,L1SDN2771,1986,0.7067965190000001,0.0,0.0,0.0
Sudan,SD,South Kordofan,L1SDN2771,1987,0.746008279,0.0,0.0,0.0
Sudan,SD,South Kordofan,L1SDN2771,1988,0.9860567520000001,0.0,0.0,0.0
Sudan,SD,South Kordofan,L1SDN2771,1989,0.603603603,0.0,0.0,0.0
Sudan,SD,South Kordofan,L1SDN2771,1990,0.063091794,0.0,0.05,0.0
Sudan,SD,South Kordofan,L1SDN2771,1991,0.402911058,0.0,0.09787234,0.01
Sudan,SD,South Kordofan,L1SDN2771,1992,0.535973766,0.0,0.114285714,0.333333333
Sudan,SD,South Kordofan,L1SDN2771,1993,0.262762763,0.0,0.044444444,0.08
Sudan,SD,South Kordofan,L1SDN2771,1994,0.651373265,0.0,0.235602094,0.03
Sudan,SD,South Kordofan,L1SDN2771,1995,0.345546439,0.0,0.16909621,0.07
Sudan,SD,South Kordofan,L1SDN2771,1996,0.475975684,0.0,0.057142857,0.105263158
Sudan,SD,South Kordofan,L1SDN2771,1997,0.527081671,0.0,0.270967742,0.083333333
Sudan,SD,South Kordofan,L1SDN2771,1998,0.7274565949999999,0.0,0.29,0.04
Sudan,SD,South Kordofan,L1SDN2771,1999,0.575936439,0.0,0.133333333,0.04
Sudan,SD,South Kordofan,L1SDN2771,2000,0.173855708,0.0,0.126666667,0.095238095
Sudan,SD,South Kordofan,L1SDN2771,2001,0.9647245849999999,0.0,0.181818182,0.5
Sudan,SD,South Kordofan,L1SDN2771,2002,0.43698855400000003,0.0,0.262295082,0.1
Sudan,SD,South Kordofan,L1SDN2771,2003,0.38734502800000004,0.0,0.07518797,0.090909091
Sudan,SD,South Kordofan,L1SDN2771,2004,0.552154022,0.0,0.136363636,0.07
Sudan,SD,South Kordofan,L1SDN2771,2005,0.600203021,0.0,0.192307692,0.1
Sudan,SD,South Kordofan,L1SDN2771,2006,0.838353864,0.0,0.25,0.117647059
Sudan,SD,South Kordofan,L1SDN2771,2007,0.541827935,0.0,0.244,0.3
Sudan,SD,South Kordofan,L1SDN2771,2008,0.440297421,0.0,0.240517241,0.140917108
Sudan,SD,South Kordofan,L1SDN2771,2009,0.238912588,0.0,0.276264591,0.0
Sudan,SD,South Kordofan,L1SDN2771,2010,0.394121249,0.0,0.277027027,0.0
Sudan,SD,South Kordofan,L1SDN2771,2011,0.230928305,0.0,0.2,0.0
Sudan,SD,South Kordofan,L1SDN2771,2012,0.21326340300000002,0.0,0.277777778,0.0
Sudan,SD,South Kordofan,L1SDN2771,2013,0.645408455,0.0,0.714285714,0.0
Sudan,SD,South Kordofan,L1SDN2771,2014,0.859836366,0.0,0.532754538,0.0
Sudan,SD,South Kordofan,L1SDN2771,2015,0.76476845,0.0,0.336617406,0.0
Sudan,SD,South Kordofan,L1SDN2771,2016,0.8380078639999999,0.0,0.371794872,0.0
Sudan,SD,South Kordofan,L1SDN2771,2017,0.832702272,0.0,0.8980998389999999,0.0
Sudan,SD,West Darfur,L1SDN2772,1975,0.944073377,0.0,0.0,0.0
Sudan,SD,West Darfur,L1SDN2772,1976,0.9221429969999999,0.0,0.0,0.0
Sudan,SD,West Darfur,L1SDN2772,1977,0.903237782,0.0,0.0,0.0
Sudan,SD,West Darfur,L1SDN2772,1978,0.951531781,0.0,0.0,0.0
Sudan,SD,West Darfur,L1SDN2772,1979,0.708259356,0.0,0.0,0.0
Sudan,SD,West Darfur,L1SDN2772,1980,0.838998625,0.0,0.0,0.0
Sudan,SD,West Darfur,L1SDN2772,1981,1.0388714920000002,0.0,0.0,0.0
Sudan,SD,West Darfur,L1SDN2772,1982,0.600208383,0.0,0.0,0.0
Sudan,SD,West Darfur,L1SDN2772,1983,0.260295392,0.0,0.0,0.0
Sudan,SD,West Darfur,L1SDN2772,1984,0.215997116,0.0,0.0,0.0
Sudan,SD,West Darfur,L1SDN2772,1985,0.697074481,0.0,0.0,0.0
Sudan,SD,West Darfur,L1SDN2772,1986,0.35718737,0.0,0.0,0.0
Sudan,SD,West Darfur,L1SDN2772,1987,0.15145634,0.0,0.0,0.0
Sudan,SD,West Darfur,L1SDN2772,1988,0.671083077,0.0,0.0,0.0
Sudan,SD,West Darfur,L1SDN2772,1989,0.168816828,0.0,0.0,0.0
Sudan,SD,West Darfur,L1SDN2772,1990,0.152690948,0.0,0.054545455,0.0
Sudan,SD,West Darfur,L1SDN2772,1991,0.6490729630000001,0.0,0.088888889,0.0
Sudan,SD,West Darfur,L1SDN2772,1992,0.634873393,0.0,0.152941176,0.0
Sudan,SD,West Darfur,L1SDN2772,1993,0.35923912999999996,0.0,0.18,0.0
Sudan,SD,West Darfur,L1SDN2772,1994,1.376494428,0.0,0.26,0.0
Sudan,SD,West Darfur,L1SDN2772,1995,0.834374669,0.0,0.315508021,0.0
Sudan,SD,West Darfur,L1SDN2772,1996,1.581042756,0.0,0.384,0.0
Sudan,SD,West Darfur,L1SDN2772,1997,1.202807106,0.0,0.4,0.0
Sudan,SD,West Darfur,L1SDN2772,1998,1.076256539,0.0,0.2875,0.0
Sudan,SD,West Darfur,L1SDN2772,1999,0.778869048,0.0,0.257142857,0.0
Sudan,SD,West Darfur,L1SDN2772,2000,0.49089794600000003,0.0,0.149206349,0.0
Sudan,SD,West Darfur,L1SDN2772,2001,0.9559369360000001,0.0,0.326271186,0.0
Sudan,SD,West Darfur,L1SDN2772,2002,0.430573057,0.0,0.18556701,0.0
Sudan,SD,West Darfur,L1SDN2772,2003,0.668525918,0.0,0.231182796,0.0
Sudan,SD,West Darfur,L1SDN2772,2004,0.450076867,0.0,0.166666667,0.0
Sudan,SD,West Darfur,L1SDN2772,2005,1.0648351649999999,0.0,0.244444444,0.0
Sudan,SD,West Darfur,L1SDN2772,2006,1.279894179,0.0,0.283333333,0.0
Sudan,SD,West Darfur,L1SDN2772,2007,1.301896657,0.0,0.144736842,0.0
Sudan,SD,West Darfur,L1SDN2772,2008,1.202420891,0.0,0.13,0.0
Sudan,SD,West Darfur,L1SDN2772,2009,0.690073937,0.0,0.10625,0.0
Sudan,SD,West Darfur,L1SDN2772,2010,0.62758076,0.0,0.1025,0.0
Sudan,SD,West Darfur,L1SDN2772,2011,0.814163799,0.0,0.082304527,0.0
Sudan,SD,West Darfur,L1SDN2772,2012,1.09462963,0.0,0.323809524,0.0
Sudan,SD,West Darfur,L1SDN2772,2013,1.8416906810000002,0.0,0.255102041,0.0
Sudan,SD,West Darfur,L1SDN2772,2014,1.976530929,0.0,0.637156271,0.0
Sudan,SD,West Darfur,L1SDN2772,2015,2.241454299,0.0,0.510204082,0.0
Sudan,SD,West Darfur,L1SDN2772,2016,1.784900701,0.0,1.055172414,0.0
Sudan,SD,West Darfur,L1SDN2772,2017,4.0464535470000005,0.0,0.75,0.0
Sudan,SD,West Kordofan,L1SDN2773,1975,0.7912194450000001,0.0,0.0,0.0
Sudan,SD,West Kordofan,L1SDN2773,1976,0.917121906,0.0,0.0,0.0
Sudan,SD,West Kordofan,L1SDN2773,1977,1.00129736,0.0,0.0,0.0
Sudan,SD,West Kordofan,L1SDN2773,1978,1.123937081,0.0,0.0,0.0
Sudan,SD,West Kordofan,L1SDN2773,1979,0.715987769,0.0,0.0,0.0
Sudan,SD,West Kordofan,L1SDN2773,1980,1.007157259,0.0,0.0,0.0
Sudan,SD,West Kordofan,L1SDN2773,1981,0.905784387,0.0,0.0,0.0
Sudan,SD,West Kordofan,L1SDN2773,1982,0.61852611,0.0,0.0,0.0
Sudan,SD,West Kordofan,L1SDN2773,1983,0.424281924,0.0,0.0,0.0
Sudan,SD,West Kordofan,L1SDN2773,1984,0.200795098,0.0,0.0,0.0
Sudan,SD,West Kordofan,L1SDN2773,1985,0.671622093,0.0,0.0,0.0
Sudan,SD,West Kordofan,L1SDN2773,1986,0.52834973,0.0,0.0,0.0
Sudan,SD,West Kordofan,L1SDN2773,1987,0.529101563,0.0,0.0,0.0
Sudan,SD,West Kordofan,L1SDN2773,1988,1.076753557,0.0,0.0,0.0
Sudan,SD,West Kordofan,L1SDN2773,1989,0.37032517,0.0,0.0,0.0
Sudan,SD,West Kordofan,L1SDN2773,1990,0.035938697,0.0,0.009404389,0.0
Sudan,SD,West Kordofan,L1SDN2773,1991,0.160173161,0.0,0.085714286,0.0
Sudan,SD,West Kordofan,L1SDN2773,1992,0.198089449,0.0,0.09787234,0.0
Sudan,SD,West Kordofan,L1SDN2773,1993,0.178398896,0.0,0.026470588,0.0
Sudan,SD,West Kordofan,L1SDN2773,1994,0.369588676,0.0,0.245073892,0.0
Sudan,SD,West Kordofan,L1SDN2773,1995,0.14023707700000002,0.0,0.090600227,0.0
Sudan,SD,West Kordofan,L1SDN2773,1996,0.043448938,0.0,0.137704918,0.0
Sudan,SD,West Kordofan,L1SDN2773,1997,0.310290732,0.0,0.158395649,0.0
Sudan,SD,West Kordofan,L1SDN2773,1998,0.33828316700000005,0.0,0.150843882,0.0
Sudan,SD,West Kordofan,L1SDN2773,1999,0.450261529,0.0,0.299497487,0.0
Sudan,SD,West Kordofan,L1SDN2773,2000,0.24305206000000001,0.0,0.149425287,0.0
Sudan,SD,West Kordofan,L1SDN2773,2001,0.306478304,0.0,0.133625411,0.0
Sudan,SD,West Kordofan,L1SDN2773,2002,0.457583337,0.0,0.235772358,0.0
Sudan,SD,West Kordofan,L1SDN2773,2003,0.327234758,0.0,0.114561028,0.0
Sudan,SD,West Kordofan,L1SDN2773,2004,0.209705651,0.0,0.041071429,0.0
Sudan,SD,West Kordofan,L1SDN2773,2005,0.453892687,0.0,0.258400827,0.127747453
Sudan,SD,West Kordofan,L1SDN2773,2006,0.7126376919999999,0.0,0.161951698,0.117647059
Sudan,SD,West Kordofan,L1SDN2773,2007,0.45414665600000004,0.0,0.227169442,0.3
Sudan,SD,West Kordofan,L1SDN2773,2008,0.325315823,0.0,0.162990894,0.140917108
Sudan,SD,West Kordofan,L1SDN2773,2009,0.140282942,0.0,0.142020308,0.0
Sudan,SD,West Kordofan,L1SDN2773,2010,0.199471969,0.0,0.137013536,0.0
Sudan,SD,West Kordofan,L1SDN2773,2011,0.08688800699999999,0.0,0.123251759,0.0
Sudan,SD,West Kordofan,L1SDN2773,2012,0.184168326,0.0,0.220377387,0.0
Sudan,SD,West Kordofan,L1SDN2773,2013,0.378166445,0.0,0.450016072,0.0
Sudan,SD,West Kordofan,L1SDN2773,2014,0.892304974,0.0,0.551709671,0.0
Sudan,SD,West Kordofan,L1SDN2773,2015,0.37202381,0.0,0.278911565,0.0
Sudan,SD,West Kordofan,L1SDN2773,2016,0.7083309040000001,0.0,0.336719884,0.0
Sudan,SD,West Kordofan,L1SDN2773,2017,0.589395216,0.0,1.0092489820000001,0.0
Sudan,SD,White Nile,L1SDN2774,1975,2.2894336429999997,0.0,0.0,0.0
Sudan,SD,White Nile,L1SDN2774,1976,1.904203324,0.0,0.0,0.0
Sudan,SD,White Nile,L1SDN2774,1977,1.4277153550000001,0.0,0.0,0.0
Sudan,SD,White Nile,L1SDN2774,1978,1.731259969,0.0,0.0,0.0
Sudan,SD,White Nile,L1SDN2774,1979,0.825396825,0.0,0.0,0.0
Sudan,SD,White Nile,L1SDN2774,1980,2.107240066,0.0,0.0,0.0
Sudan,SD,White Nile,L1SDN2774,1981,2.020069808,0.0,0.0,0.0
Sudan,SD,White Nile,L1SDN2774,1982,0.912909836,0.0,0.0,0.0
Sudan,SD,White Nile,L1SDN2774,1983,2.071328671,0.0,0.0,0.0
Sudan,SD,White Nile,L1SDN2774,1984,2.066890131,0.0,0.0,0.0
Sudan,SD,White Nile,L1SDN2774,1985,0.719607843,0.0,0.0,0.0
Sudan,SD,White Nile,L1SDN2774,1986,1.732538648,0.0,0.0,0.0
Sudan,SD,White Nile,L1SDN2774,1987,1.4849999999999999,0.0,0.0,0.0
Sudan,SD,White Nile,L1SDN2774,1988,2.0724754880000003,0.0,0.0,0.0
Sudan,SD,White Nile,L1SDN2774,1989,1.298882682,0.0,0.0,0.0
Sudan,SD,White Nile,L1SDN2774,1990,0.78627451,0.0,0.033333333,0.0
Sudan,SD,White Nile,L1SDN2774,1991,1.235329801,0.0,0.05,0.0
Sudan,SD,White Nile,L1SDN2774,1992,1.163706621,0.0,0.075,0.0
Sudan,SD,White Nile,L1SDN2774,1993,0.99529709,0.0,0.12,0.0
Sudan,SD,White Nile,L1SDN2774,1994,0.990905827,0.0,0.2,0.666666667
Sudan,SD,White Nile,L1SDN2774,1995,1.128979834,0.0,0.173076923,0.412272727
Sudan,SD,White Nile,L1SDN2774,1996,1.22885252,0.0,0.230769231,0.257313433
Sudan,SD,White Nile,L1SDN2774,1997,0.9046866140000001,0.0,0.097560976,0.277777778
Sudan,SD,White Nile,L1SDN2774,1998,0.9442433369999998,0.0,0.119047619,0.230769231
Sudan,SD,White Nile,L1SDN2774,1999,1.097175433,0.0,0.2,0.222222222
Sudan,SD,White Nile,L1SDN2774,2000,0.8658555729999999,0.0,0.184615385,0.344827586
Sudan,SD,White Nile,L1SDN2774,2001,1.024523082,0.0,0.235294118,0.0
Sudan,SD,White Nile,L1SDN2774,2002,1.287495873,0.0,0.218181818,0.285714286
Sudan,SD,White Nile,L1SDN2774,2003,1.488941974,0.0,0.2,0.333333333
Sudan,SD,White Nile,L1SDN2774,2004,0.964219882,0.0,0.12,0.56
Sudan,SD,White Nile,L1SDN2774,2005,1.156025635,0.0,0.222222222,0.375
Sudan,SD,White Nile,L1SDN2774,2006,1.657902298,0.0,0.16,0.35
Sudan,SD,White Nile,L1SDN2774,2007,1.232389949,0.0,0.18,0.25
Sudan,SD,White Nile,L1SDN2774,2008,1.025490743,0.0,0.168015873,0.403246753
Sudan,SD,White Nile,L1SDN2774,2009,0.921617896,0.0,0.128571429,0.416666667
Sudan,SD,White Nile,L1SDN2774,2010,1.117036266,0.0,0.130434783,0.0
Sudan,SD,White Nile,L1SDN2774,2011,0.28755158000000003,0.0,0.127272727,0.696969697
Sudan,SD,White Nile,L1SDN2774,2012,0.377810372,0.0,0.183098592,0.2
Sudan,SD,White Nile,L1SDN2774,2013,2.01252551,0.0,0.188964475,1.19047619
Sudan,SD,White Nile,L1SDN2774,2014,3.357066921,0.0,0.888888889,0.0
Sudan,SD,White Nile,L1SDN2774,2015,2.111088158,0.0,0.25,1.0
Sudan,SD,White Nile,L1SDN2774,2016,2.754637514,0.0,0.78125,0.0
Sudan,SD,White Nile,L1SDN2774,2017,0.986361026,0.0,0.36,0.6
Swaziland,SWZ,Hhohho,L1SWZ2944,1994,2.5517825519999997,5.170045045,3.172848617,0.457616316
Swaziland,SWZ,Hhohho,L1SWZ2944,1995,3.422982885,0.0,0.0,0.0
Swaziland,SWZ,Hhohho,L1SWZ2944,1997,0.632688928,0.0,0.0,0.0
Swaziland,SWZ,Hhohho,L1SWZ2944,1998,0.218265605,0.0,0.0,0.0
Swaziland,SWZ,Hhohho,L1SWZ2944,2000,1.900030269,3.65503876,1.1030899220000001,2.152402402
Swaziland,SWZ,Lubombo,L1SWZ2945,1994,1.111617312,1.28930131,2.141240313,0.684453099
Swaziland,SWZ,Lubombo,L1SWZ2945,1995,0.470409712,0.0,0.0,0.0
Swaziland,SWZ,Lubombo,L1SWZ2945,1997,1.932885906,0.0,0.0,0.0
Swaziland,SWZ,Lubombo,L1SWZ2945,1998,0.046082949,0.0,0.0,0.0
Swaziland,SWZ,Lubombo,L1SWZ2945,2000,3.664638601,5.0,1.9375,1.614943498
Swaziland,SWZ,Manzini,L1SWZ2946,1994,4.257096726,4.675789474,0.556012537,0.224783862
Swaziland,SWZ,Manzini,L1SWZ2946,1995,0.535885167,0.0,0.0,0.0
Swaziland,SWZ,Manzini,L1SWZ2946,1997,3.764705882,0.0,0.0,0.0
Swaziland,SWZ,Manzini,L1SWZ2946,1998,0.056087551,0.0,0.0,0.0
Swaziland,SWZ,Manzini,L1SWZ2946,2000,4.054238046,4.67679558,1.0548558579999998,1.689845475
Swaziland,SWZ,Shiselweni,L1SWZ2947,1994,1.4601038439999998,6.607043041,3.583868838,0.364717162
Swaziland,SWZ,Shiselweni,L1SWZ2947,1995,0.3628,0.0,0.0,0.0
Swaziland,SWZ,Shiselweni,L1SWZ2947,1997,0.195555556,0.0,0.0,0.0
Swaziland,SWZ,Shiselweni,L1SWZ2947,1998,0.018147087,0.0,0.0,0.0
Swaziland,SWZ,Shiselweni,L1SWZ2947,2000,2.020362413,2.590909091,0.28957440700000003,4.239549839
Tanzania,TZA,Mwanza,L1TZA3287,1992,3.0249814109999997,0.0,0.0,0.0
Tanzania,TZA,Mwanza,L1TZA3287,1993,3.648359553,0.0,0.0,0.0
Tanzania,TZA,Mwanza,L1TZA3287,1994,2.971221136,0.0,0.0,0.0
Tanzania,TZA,Mwanza,L1TZA3287,1995,4.887954184,0.0,0.049327354,0.0
Tanzania,TZA,Mwanza,L1TZA3287,1996,5.647106636,0.0,0.0,0.0
Tanzania,TZA,Mwanza,L1TZA3287,1997,3.876386482,0.0,0.0,0.0
Tanzania,TZA,Mwanza,L1TZA3287,1998,3.873084808,0.0,0.0,0.0
Tanzania,TZA,Arusha,L1TZA3267,1991,1.784946237,0.0,0.0,0.0
Tanzania,TZA,Arusha,L1TZA3267,1992,3.184815408,0.0,0.0,0.0
Tanzania,TZA,Arusha,L1TZA3267,1993,2.07591271,0.0,0.0,0.0
Tanzania,TZA,Arusha,L1TZA3267,1994,6.1057582340000005,0.0,0.0,0.0
Tanzania,TZA,Arusha,L1TZA3267,1995,10.120530600999999,0.0,0.0,0.0
Tanzania,TZA,Arusha,L1TZA3267,1996,5.830717893,0.0,0.0,0.0
Tanzania,TZA,Arusha,L1TZA3267,1997,4.030642459,0.0,0.0,0.0
Tanzania,TZA,Arusha,L1TZA3267,1998,6.213441549,0.0,0.0,0.0
Tanzania,TZA,Dar es Salaam,L1TZA3268,1992,1.5663690479999999,0.0,0.0,0.0
Tanzania,TZA,Dar es Salaam,L1TZA3268,1993,2.933333333,0.0,0.0,0.0
Tanzania,TZA,Dar es Salaam,L1TZA3268,1994,2.6346934220000002,0.0,0.0,0.0
Tanzania,TZA,Dar es Salaam,L1TZA3268,1995,3.5528600409999997,0.0,0.0,0.0
Tanzania,TZA,Dar es Salaam,L1TZA3268,1996,2.1334745760000002,0.0,0.0,0.0
Tanzania,TZA,Dar es Salaam,L1TZA3268,1997,2.78069073,0.0,0.0,0.0
Tanzania,TZA,Dar es Salaam,L1TZA3268,1998,2.3501202489999997,0.0,0.0,0.0
Tanzania,TZA,Dodoma,L1TZA3269,1992,1.860899654,0.0,0.0,0.0
Tanzania,TZA,Dodoma,L1TZA3269,1993,0.593679458,0.0,0.0,0.0
Tanzania,TZA,Dodoma,L1TZA3269,1994,2.5704779770000004,0.0,0.0,0.0
Tanzania,TZA,Dodoma,L1TZA3269,1995,2.4394300859999998,0.0,0.0,0.0
Tanzania,TZA,Dodoma,L1TZA3269,1996,3.497933617,0.0,0.0,0.0
Tanzania,TZA,Dodoma,L1TZA3269,1997,1.901906942,0.0,0.0,0.0
Tanzania,TZA,Dodoma,L1TZA3269,1998,1.4058974100000001,0.0,0.0,0.0
Tanzania,TZA,Iringa,L1TZA3271,1991,0.872483221,0.0,0.0,0.0
Tanzania,TZA,Iringa,L1TZA3271,1992,3.5809670760000003,0.0,0.0,0.0
Tanzania,TZA,Iringa,L1TZA3271,1993,4.835751281,0.0,0.0,0.0
Tanzania,TZA,Iringa,L1TZA3271,1994,5.077561418,0.0,0.0,0.0
Tanzania,TZA,Iringa,L1TZA3271,1995,4.838550829,0.0,0.0,0.0
Tanzania,TZA,Iringa,L1TZA3271,1996,4.523426554,0.0,0.0,0.0
Tanzania,TZA,Iringa,L1TZA3271,1997,4.312004229,0.0,0.0,0.0
Tanzania,TZA,Iringa,L1TZA3271,1998,4.706949021,0.0,0.0,0.0
Tanzania,TZA,Kagera,L1TZA3272,1992,2.4590909090000004,0.0,0.0,0.0
Tanzania,TZA,Kagera,L1TZA3272,1993,2.8779269129999996,0.0,0.0,0.0
Tanzania,TZA,Kagera,L1TZA3272,1994,1.569437906,0.0,0.0,0.0
Tanzania,TZA,Kagera,L1TZA3272,1995,3.033333333,0.0,0.401660281,0.0
Tanzania,TZA,Kagera,L1TZA3272,1996,1.7,0.0,0.0,0.0
Tanzania,TZA,Kagera,L1TZA3272,1997,1.138888889,0.0,0.0,0.0
Tanzania,TZA,Kagera,L1TZA3272,1998,1.7663934430000001,0.0,0.0,0.0
Tanzania,TZA,Kigoma,L1TZA3276,1992,0.8,0.0,0.0,0.0
Tanzania,TZA,Kigoma,L1TZA3276,1994,0.896551724,0.0,0.0,0.0
Tanzania,TZA,Kigoma,L1TZA3276,1995,1.0,0.0,0.0,0.0
Tanzania,TZA,Kigoma,L1TZA3276,1996,1.0,0.0,0.0,0.0
Tanzania,TZA,Kigoma,L1TZA3276,1997,2.606060606,0.0,0.0,0.0
Tanzania,TZA,Kigoma,L1TZA3276,1998,1.892857143,0.0,0.0,0.0
Tanzania,TZA,Kilimanjaro,L1TZA3277,1992,0.5,0.0,0.0,0.0
Tanzania,TZA,Kilimanjaro,L1TZA3277,1993,0.875,0.0,0.0,0.0
Tanzania,TZA,Kilimanjaro,L1TZA3277,1994,1.232817869,0.0,0.0,0.0
Tanzania,TZA,Kilimanjaro,L1TZA3277,1995,1.0,0.0,0.0,0.0
Tanzania,TZA,Kilimanjaro,L1TZA3277,1996,3.421514819,0.0,0.0,0.0
Tanzania,TZA,Kilimanjaro,L1TZA3277,1997,0.785714286,0.0,0.0,0.0
Tanzania,TZA,Kilimanjaro,L1TZA3277,1998,5.004378104,0.0,0.0,0.0
Tanzania,TZA,Lindi,L1TZA3280,1993,0.990619137,0.0,0.0,0.0
Tanzania,TZA,Lindi,L1TZA3280,1994,0.9,0.0,0.0,0.0
Tanzania,TZA,Lindi,L1TZA3280,1995,2.131669207,0.0,0.0,0.0
Tanzania,TZA,Lindi,L1TZA3280,1996,1.8116607770000002,0.0,0.0,0.0
Tanzania,TZA,Lindi,L1TZA3280,1997,0.91011236,0.0,0.0,0.0
Tanzania,TZA,Lindi,L1TZA3280,1998,0.900481541,0.0,0.0,0.0
Tanzania,TZA,Mara,L1TZA3282,1993,3.2637899729999997,0.0,0.0,0.0
Tanzania,TZA,Mara,L1TZA3282,1994,2.0263353349999997,0.0,0.0,0.0
Tanzania,TZA,Mara,L1TZA3282,1995,3.869891578,0.0,0.327956989,0.0
Tanzania,TZA,Mara,L1TZA3282,1996,3.2685916639999997,0.0,0.0,0.0
Tanzania,TZA,Mara,L1TZA3282,1997,2.290240478,0.0,0.0,0.0
Tanzania,TZA,Mara,L1TZA3282,1998,4.368817204,0.0,0.0,0.0
Tanzania,TZA,Mbeya,L1TZA3283,1993,3.318514716,0.0,0.0,0.0
Tanzania,TZA,Mbeya,L1TZA3283,1994,2.299424184,0.0,0.0,0.0
Tanzania,TZA,Mbeya,L1TZA3283,1995,3.511450382,0.0,0.0,0.0
Tanzania,TZA,Mbeya,L1TZA3283,1996,2.348837209,0.0,0.0,0.0
Tanzania,TZA,Mbeya,L1TZA3283,1997,2.354330709,0.0,0.0,0.0
Tanzania,TZA,Mbeya,L1TZA3283,1998,3.7935136820000004,0.0,0.0,0.0
Tanzania,TZA,Morogoro,L1TZA3285,1994,0.71849866,0.0,0.0,0.0
Tanzania,TZA,Morogoro,L1TZA3285,1995,1.453174966,0.0,0.0,0.0
Tanzania,TZA,Morogoro,L1TZA3285,1996,1.4,0.0,0.0,0.0
Tanzania,TZA,Morogoro,L1TZA3285,1997,1.356549365,0.0,0.0,0.0
Tanzania,TZA,Morogoro,L1TZA3285,1998,0.181818182,0.0,0.0,0.0
Tanzania,TZA,Mtwara,L1TZA3286,1992,0.899305556,0.0,0.0,0.0
Tanzania,TZA,Mtwara,L1TZA3286,1993,2.2019801979999998,0.0,0.0,0.0
Tanzania,TZA,Mtwara,L1TZA3286,1994,0.357487923,0.0,0.0,0.0
Tanzania,TZA,Mtwara,L1TZA3286,1995,1.6738654149999999,0.0,0.0,0.0
Tanzania,TZA,Mtwara,L1TZA3286,1996,2.567234849,0.0,0.0,0.0
Tanzania,TZA,Mtwara,L1TZA3286,1997,2.0856985040000002,0.0,0.0,0.0
Tanzania,TZA,Mtwara,L1TZA3286,1998,2.164674635,0.0,0.0,0.0
Tanzania,TZA,Rukwa,L1TZA3290,1991,2.0,0.0,0.0,0.0
Tanzania,TZA,Rukwa,L1TZA3290,1992,4.828446862,0.0,0.0,0.0
Tanzania,TZA,Rukwa,L1TZA3290,1993,2.428380608,0.0,0.0,0.0
Tanzania,TZA,Rukwa,L1TZA3290,1994,3.466750912,0.0,0.0,0.0
Tanzania,TZA,Rukwa,L1TZA3290,1995,6.179144108999999,0.0,0.0,0.0
Tanzania,TZA,Rukwa,L1TZA3290,1996,7.017379716,0.0,0.0,0.0
Tanzania,TZA,Rukwa,L1TZA3290,1997,8.130443168,0.0,0.0,0.0
Tanzania,TZA,Rukwa,L1TZA3290,1998,5.593687019,0.0,0.0,0.0
Tanzania,TZA,Ruvuma,L1TZA3291,1992,0.8,0.0,0.0,0.0
Tanzania,TZA,Ruvuma,L1TZA3291,1993,1.6,0.0,0.0,0.0
Tanzania,TZA,Ruvuma,L1TZA3291,1994,1.6,0.0,0.0,0.0
Tanzania,TZA,Ruvuma,L1TZA3291,1995,1.6,0.0,0.0,0.0
Tanzania,TZA,Ruvuma,L1TZA3291,1996,2.896452703,0.0,0.0,0.0
Tanzania,TZA,Ruvuma,L1TZA3291,1997,2.7939560439999997,0.0,0.0,0.0
Tanzania,TZA,Shinyanga,L1TZA3292,1992,3.074521092,0.0,0.0,0.0
Tanzania,TZA,Shinyanga,L1TZA3292,1993,5.020656436,0.0,0.0,0.0
Tanzania,TZA,Shinyanga,L1TZA3292,1994,4.694574235999999,0.0,0.0,0.0
Tanzania,TZA,Shinyanga,L1TZA3292,1995,3.26161438,0.0,0.0,0.0
Tanzania,TZA,Shinyanga,L1TZA3292,1996,5.085360022,0.0,0.0,0.0
Tanzania,TZA,Shinyanga,L1TZA3292,1997,4.107828525,0.0,0.0,0.0
Tanzania,TZA,Shinyanga,L1TZA3292,1998,2.849959989,0.0,0.0,0.0
Tanzania,TZA,Singida,L1TZA3294,1992,1.0,0.0,0.0,0.0
Tanzania,TZA,Singida,L1TZA3294,1993,0.9,0.0,0.0,0.0
Tanzania,TZA,Singida,L1TZA3294,1994,0.901380671,0.0,0.0,0.0
Tanzania,TZA,Singida,L1TZA3294,1995,3.973674977,0.0,0.0,0.0
Tanzania,TZA,Singida,L1TZA3294,1996,2.494274809,0.0,0.0,0.0
Tanzania,TZA,Singida,L1TZA3294,1997,2.347445209,0.0,0.0,0.0
Tanzania,TZA,Singida,L1TZA3294,1998,4.607928971,0.0,0.0,0.0
Tanzania,TZA,Tabora,L1TZA3296,1992,1.066350711,0.0,0.0,0.0
Tanzania,TZA,Tabora,L1TZA3296,1993,1.9929339320000001,0.0,0.0,0.0
Tanzania,TZA,Tabora,L1TZA3296,1994,3.922182983,0.0,0.0,0.0
Tanzania,TZA,Tabora,L1TZA3296,1995,4.411668156999999,0.0,0.0,0.0
Tanzania,TZA,Tabora,L1TZA3296,1996,3.592897937,0.0,0.0,0.0
Tanzania,TZA,Tabora,L1TZA3296,1997,1.5990337600000002,0.0,0.0,0.0
Tanzania,TZA,Tabora,L1TZA3296,1998,1.101941748,0.0,0.0,0.0
Tanzania,TZA,Tanga,L1TZA3297,1995,0.586666667,0.0,0.0,0.0
Tanzania,TZA,Tanga,L1TZA3297,1996,0.298507463,0.0,0.0,0.0
Tanzania,TZA,Tanga,L1TZA3297,1997,0.253521127,0.0,0.0,0.0
Tanzania,TZA,Tanga,L1TZA3297,1998,2.0,0.0,0.0,0.0
"Tanzania, United Republic of",TZ,Mwanza,L1TZA3287,1993,0.32023043,3.350502604,1.020478122,0.0
"Tanzania, United Republic of",TZ,Mwanza,L1TZA3287,1994,0.48359333,3.016855938,1.215698846,0.0
"Tanzania, United Republic of",TZ,Mwanza,L1TZA3287,1995,0.0,3.368993155,0.499948448,0.0
"Tanzania, United Republic of",TZ,Mwanza,L1TZA3287,1996,0.0,3.977557614,1.144528986,0.0
"Tanzania, United Republic of",TZ,Mwanza,L1TZA3287,1997,0.0,3.472694274,1.6681401820000001,0.0
"Tanzania, United Republic of",TZ,Mwanza,L1TZA3287,1998,0.934806772,3.390988423,1.918159571,0.0
"Tanzania, United Republic of",TZ,Mwanza,L1TZA3287,1999,3.866062756,4.184242913,1.344579405,0.0
"Tanzania, United Republic of",TZ,Mwanza,L1TZA3287,2000,4.100549663,2.876809308,1.515239297,0.0
"Tanzania, United Republic of",TZ,Mwanza,L1TZA3287,2001,5.491219709,3.091809939,2.263270017,0.0
"Tanzania, United Republic of",TZ,Mwanza,L1TZA3287,2003,2.907390215,3.8617585420000005,2.038967554,0.0
"Tanzania, United Republic of",TZ,Mwanza,L1TZA3287,2004,4.368041923,3.353627146,2.4428916210000002,0.0
"Tanzania, United Republic of",TZ,Mwanza,L1TZA3287,2005,4.226309172000001,3.8391119290000004,2.627085387,0.0
"Tanzania, United Republic of",TZ,Mwanza,L1TZA3287,2006,4.139599195,4.824480937,1.607396385,0.0
"Tanzania, United Republic of",TZ,Mwanza,L1TZA3287,2007,4.6673878339999995,3.990116469,1.074983814,0.0
"Tanzania, United Republic of",TZ,Mwanza,L1TZA3287,2008,4.713487955,0.0,2.742369688,0.0
"Tanzania, United Republic of",TZ,Mwanza,L1TZA3287,2010,5.585624702,5.2802665300000005,2.767490203,0.0
"Tanzania, United Republic of",TZ,Mwanza,L1TZA3287,2011,4.200011246000001,4.099994795000001,0.0,0.0
"Tanzania, United Republic of",TZ,Mwanza,L1TZA3287,2012,4.100099215,3.999990169,0.0,0.0
"Tanzania, United Republic of",TZ,Mwanza,L1TZA3287,2013,4.199999999999999,4.199925981,0.0,0.0
"Tanzania, United Republic of",TZ,Mwanza,L1TZA3287,2014,4.300000000000001,4.199185788,0.0,0.0
"Tanzania, United Republic of",TZ,Mwanza,L1TZA3287,2015,2.7812579150000003,1.635472598,2.294239363,0.0
"Tanzania, United Republic of",TZ,Arusha,L1TZA3267,1993,5.289460034999999,2.192919209,0.511670388,0.0
"Tanzania, United Republic of",TZ,Arusha,L1TZA3267,1994,1.731071837,3.073363725,0.901363828,0.0
"Tanzania, United Republic of",TZ,Arusha,L1TZA3267,1995,1.814603175,5.166802231,0.93116802,0.0
"Tanzania, United Republic of",TZ,Arusha,L1TZA3267,1996,1.66,10.202065704,0.881467816,0.0
"Tanzania, United Republic of",TZ,Arusha,L1TZA3267,1997,1.543240974,7.587312187,0.417672708,0.0
"Tanzania, United Republic of",TZ,Arusha,L1TZA3267,1998,1.426532104,8.733220933999998,0.803560401,0.0
"Tanzania, United Republic of",TZ,Arusha,L1TZA3267,1999,9.274347047,7.166219765999999,1.077885997,0.0
"Tanzania, United Republic of",TZ,Arusha,L1TZA3267,2000,4.24576142,6.528451647999999,0.387954457,0.0
"Tanzania, United Republic of",TZ,Arusha,L1TZA3267,2001,8.750417005,7.528349081,1.021466905,0.0
"Tanzania, United Republic of",TZ,Arusha,L1TZA3267,2003,6.821063766,8.823225725,2.7843597019999997,0.0
"Tanzania, United Republic of",TZ,Arusha,L1TZA3267,2004,7.070647234,7.205430566,0.284184766,0.0
"Tanzania, United Republic of",TZ,Arusha,L1TZA3267,2005,8.470623638,10.933400259,0.358803987,0.0
"Tanzania, United Republic of",TZ,Arusha,L1TZA3267,2006,10.901724246,10.247605517,0.747633598,0.0
"Tanzania, United Republic of",TZ,Arusha,L1TZA3267,2007,9.518673413000002,9.779767371,0.779362348,0.0
"Tanzania, United Republic of",TZ,Arusha,L1TZA3267,2008,8.495049080000001,0.0,1.149929816,0.0
"Tanzania, United Republic of",TZ,Arusha,L1TZA3267,2010,10.104286761,5.7572761,0.747578315,0.0
"Tanzania, United Republic of",TZ,Arusha,L1TZA3267,2011,3.8155654169999997,4.298405067,0.0,0.0
"Tanzania, United Republic of",TZ,Arusha,L1TZA3267,2012,4.899789958,3.999041584,0.0,0.0
"Tanzania, United Republic of",TZ,Arusha,L1TZA3267,2013,3.8999907670000002,4.192578338000001,0.0,0.0
"Tanzania, United Republic of",TZ,Arusha,L1TZA3267,2014,6.300223953,4.1,0.0,0.0
"Tanzania, United Republic of",TZ,Arusha,L1TZA3267,2015,6.083233178,0.0,1.0934065530000001,0.0
"Tanzania, United Republic of",TZ,Dar es Salaam,L1TZA3268,1993,0.0,2.137168142,0.0,0.0
"Tanzania, United Republic of",TZ,Dar es Salaam,L1TZA3268,1994,0.0,1.920401161,0.2,0.0
"Tanzania, United Republic of",TZ,Dar es Salaam,L1TZA3268,1995,0.0,3.534929405,0.0,0.0
"Tanzania, United Republic of",TZ,Dar es Salaam,L1TZA3268,1996,2.0,7.016254417,0.0,0.0
"Tanzania, United Republic of",TZ,Dar es Salaam,L1TZA3268,1997,0.0,11.518137752,0.0,0.0
"Tanzania, United Republic of",TZ,Dar es Salaam,L1TZA3268,1998,0.0,16.030942405,0.0,0.0
"Tanzania, United Republic of",TZ,Dar es Salaam,L1TZA3268,1999,2.466174514,15.168259311,0.0,0.0
"Tanzania, United Republic of",TZ,Dar es Salaam,L1TZA3268,2000,1.6162900279999999,14.432898411,0.0,0.0
"Tanzania, United Republic of",TZ,Dar es Salaam,L1TZA3268,2001,4.5804512729999995,6.34947037,0.502236842,0.0
"Tanzania, United Republic of",TZ,Dar es Salaam,L1TZA3268,2002,1.818181818,1.8222439659999998,0.0,0.0
"Tanzania, United Republic of",TZ,Dar es Salaam,L1TZA3268,2003,1.636429251,3.709524731,2.1684089870000003,0.0
"Tanzania, United Republic of",TZ,Dar es Salaam,L1TZA3268,2004,3.394522692,8.494716694000001,0.428571429,0.0
"Tanzania, United Republic of",TZ,Dar es Salaam,L1TZA3268,2005,1.160685805,8.291241799,2.5185185189999997,0.0
"Tanzania, United Republic of",TZ,Dar es Salaam,L1TZA3268,2006,2.229633898,3.4434455059999998,0.0,0.0
"Tanzania, United Republic of",TZ,Dar es Salaam,L1TZA3268,2007,2.408936853,4.007797278,0.0,0.0
"Tanzania, United Republic of",TZ,Dar es Salaam,L1TZA3268,2008,3.7503151699999995,0.0,0.308128544,0.0
"Tanzania, United Republic of",TZ,Dar es Salaam,L1TZA3268,2010,3.8366828589999997,10.247966145,0.0,0.0
"Tanzania, United Republic of",TZ,Dar es Salaam,L1TZA3268,2011,2.1,3.3,0.3,0.0
"Tanzania, United Republic of",TZ,Dar es Salaam,L1TZA3268,2012,1.6,3.3,0.3,0.0
"Tanzania, United Republic of",TZ,Dar es Salaam,L1TZA3268,2013,1.4,3.3,0.4,0.0
"Tanzania, United Republic of",TZ,Dar es Salaam,L1TZA3268,2014,1.4,3.5,0.4,0.0
"Tanzania, United Republic of",TZ,Dar es Salaam,L1TZA3268,2015,1.527883131,4.128842642,1.721751434,0.0
"Tanzania, United Republic of",TZ,Dodoma,L1TZA3269,1992,0.607449857,5.631578947,0.0,0.0
"Tanzania, United Republic of",TZ,Dodoma,L1TZA3269,1993,2.465948296,4.442130383,0.902977937,0.0
"Tanzania, United Republic of",TZ,Dodoma,L1TZA3269,1994,0.765723019,4.287739783,1.126687996,0.0
"Tanzania, United Republic of",TZ,Dodoma,L1TZA3269,1995,2.869682294,6.035096254,1.089499078,0.0
"Tanzania, United Republic of",TZ,Dodoma,L1TZA3269,1996,1.161797566,3.556925996,1.199900169,0.0
"Tanzania, United Republic of",TZ,Dodoma,L1TZA3269,1997,2.053131957,5.499245675,1.054950896,0.0
"Tanzania, United Republic of",TZ,Dodoma,L1TZA3269,1998,1.027905802,7.549117741,1.341799075,0.0
"Tanzania, United Republic of",TZ,Dodoma,L1TZA3269,1999,3.052894721,5.358207071,1.131712107,0.0
"Tanzania, United Republic of",TZ,Dodoma,L1TZA3269,2000,2.2054389,4.995964465,0.7359623070000001,0.0
"Tanzania, United Republic of",TZ,Dodoma,L1TZA3269,2001,1.841736827,10.308336715,0.9686759659999999,0.0
"Tanzania, United Republic of",TZ,Dodoma,L1TZA3269,2003,1.8927181130000001,4.407594715,1.163182613,0.0
"Tanzania, United Republic of",TZ,Dodoma,L1TZA3269,2004,3.792247293,2.822976671,2.492716085,0.0
"Tanzania, United Republic of",TZ,Dodoma,L1TZA3269,2005,3.181371941,3.471485734,2.2888596540000004,0.0
"Tanzania, United Republic of",TZ,Dodoma,L1TZA3269,2006,4.58869181,4.438167281,2.997458628,0.0
"Tanzania, United Republic of",TZ,Dodoma,L1TZA3269,2007,4.688598768,6.336831619000001,5.055505747,0.0
"Tanzania, United Republic of",TZ,Dodoma,L1TZA3269,2008,3.04992157,0.0,1.2607395019999998,0.0
"Tanzania, United Republic of",TZ,Dodoma,L1TZA3269,2010,3.438117826,7.46035318,1.397226909,0.0
"Tanzania, United Republic of",TZ,Dodoma,L1TZA3269,2011,2.1,2.29993058,0.0,0.0
"Tanzania, United Republic of",TZ,Dodoma,L1TZA3269,2012,2.1,2.3,0.0,0.0
"Tanzania, United Republic of",TZ,Dodoma,L1TZA3269,2013,2.3,2.5000279880000003,0.0,0.0
"Tanzania, United Republic of",TZ,Dodoma,L1TZA3269,2014,4.1,2.7001896089999997,0.0,0.0
"Tanzania, United Republic of",TZ,Dodoma,L1TZA3269,2015,1.7524839970000001,3.2027982150000005,1.500208455,0.0
"Tanzania, United Republic of",TZ,Iringa,L1TZA3271,1993,1.0,8.299008828,1.321660802,0.0
"Tanzania, United Republic of",TZ,Iringa,L1TZA3271,1994,0.993897123,6.842590459,1.308597381,0.0
"Tanzania, United Republic of",TZ,Iringa,L1TZA3271,1995,0.0,8.983465768,1.350671956,0.0
"Tanzania, United Republic of",TZ,Iringa,L1TZA3271,1996,0.769003378,8.489174091999999,1.263350666,0.0
"Tanzania, United Republic of",TZ,Iringa,L1TZA3271,1997,0.914728682,10.346909213,0.921045117,0.0
"Tanzania, United Republic of",TZ,Iringa,L1TZA3271,1998,1.890798403,11.993243943,0.715512173,0.0
"Tanzania, United Republic of",TZ,Iringa,L1TZA3271,1999,5.76313255,7.761085075,0.899054346,0.0
"Tanzania, United Republic of",TZ,Iringa,L1TZA3271,2000,6.26237222,9.47754273,1.1288187349999999,0.0
"Tanzania, United Republic of",TZ,Iringa,L1TZA3271,2001,5.969413692,7.769079583,1.466116099,0.0
"Tanzania, United Republic of",TZ,Iringa,L1TZA3271,2003,4.139440281,6.781930587,1.345755043,0.0
"Tanzania, United Republic of",TZ,Iringa,L1TZA3271,2004,6.279184237,7.223828256,4.780212702,0.0
"Tanzania, United Republic of",TZ,Iringa,L1TZA3271,2005,4.704451173999999,9.474884710000001,4.659138929,0.0
"Tanzania, United Republic of",TZ,Iringa,L1TZA3271,2006,6.776815107,11.496118372,4.932569947,0.0
"Tanzania, United Republic of",TZ,Iringa,L1TZA3271,2007,8.311050182999999,9.82515501,5.014823374,0.0
"Tanzania, United Republic of",TZ,Iringa,L1TZA3271,2008,6.581567457999999,0.0,0.774037989,0.0
"Tanzania, United Republic of",TZ,Iringa,L1TZA3271,2010,3.426409739,7.570147174,0.865145357,0.0
"Tanzania, United Republic of",TZ,Iringa,L1TZA3271,2011,3.9000000000000004,4.2,0.9,0.0
"Tanzania, United Republic of",TZ,Iringa,L1TZA3271,2012,3.9000000000000004,4.2,0.9,0.0
"Tanzania, United Republic of",TZ,Iringa,L1TZA3271,2013,4.0,4.2,1.0,0.0
"Tanzania, United Republic of",TZ,Iringa,L1TZA3271,2014,6.0,3.999009901,2.1,0.0
"Tanzania, United Republic of",TZ,Iringa,L1TZA3271,2015,9.492157106,7.172674993999999,1.431233206,0.0
"Tanzania, United Republic of",TZ,Kagera,L1TZA3272,1993,0.0,7.314021503999999,1.6573866339999999,0.0
"Tanzania, United Republic of",TZ,Kagera,L1TZA3272,1994,0.3967909,4.205165871,1.4308581519999999,0.0
"Tanzania, United Republic of",TZ,Kagera,L1TZA3272,1995,1.362634513,2.4747511309999997,0.581515712,0.0
"Tanzania, United Republic of",TZ,Kagera,L1TZA3272,1996,3.584807348,10.089876815,1.803645039,0.0
"Tanzania, United Republic of",TZ,Kagera,L1TZA3272,1997,2.162171534,6.658707194,1.7933507400000002,0.0
"Tanzania, United Republic of",TZ,Kagera,L1TZA3272,1998,3.07400555,6.806428628,1.35630625,0.0
"Tanzania, United Republic of",TZ,Kagera,L1TZA3272,1999,4.6092467720000005,7.250385543,2.523745678,0.0
"Tanzania, United Republic of",TZ,Kagera,L1TZA3272,2000,4.907246533,6.503925273,1.6215482940000001,0.0
"Tanzania, United Republic of",TZ,Kagera,L1TZA3272,2001,4.2850643459999995,14.825448034,1.616173657,0.0
"Tanzania, United Republic of",TZ,Kagera,L1TZA3272,2003,4.362141671,8.530334406,3.2374432759999996,0.0
"Tanzania, United Republic of",TZ,Kagera,L1TZA3272,2004,4.243271291999999,8.546099744000001,1.370143264,0.0
"Tanzania, United Republic of",TZ,Kagera,L1TZA3272,2005,4.300156132,9.031464057,2.3282313500000003,0.0
"Tanzania, United Republic of",TZ,Kagera,L1TZA3272,2006,0.586891114,3.974851338,0.292753626,0.0
"Tanzania, United Republic of",TZ,Kagera,L1TZA3272,2007,6.243772632000001,9.70822501,3.2509999890000003,0.0
"Tanzania, United Republic of",TZ,Kagera,L1TZA3272,2008,7.464339687000001,0.0,0.985893361,0.0
"Tanzania, United Republic of",TZ,Kagera,L1TZA3272,2010,4.752150589,11.050779025,3.293443161,0.0
"Tanzania, United Republic of",TZ,Kagera,L1TZA3272,2011,5.1,4.599915038,0.0,0.0
"Tanzania, United Republic of",TZ,Kagera,L1TZA3272,2012,5.1,4.500193424,0.0,0.0
"Tanzania, United Republic of",TZ,Kagera,L1TZA3272,2013,6.8999999999999995,4.7007249,0.0,0.0
"Tanzania, United Republic of",TZ,Kagera,L1TZA3272,2014,6.1,4.600244200000001,0.0,0.0
"Tanzania, United Republic of",TZ,Kagera,L1TZA3272,2015,4.902819968999999,6.481819989000001,1.497176724,0.0
"Tanzania, United Republic of",TZ,Kigoma,L1TZA3276,1992,2.178856167,6.0,0.0,0.0
"Tanzania, United Republic of",TZ,Kigoma,L1TZA3276,1993,4.54471257,7.59888966,0.726975314,0.0
"Tanzania, United Republic of",TZ,Kigoma,L1TZA3276,1994,2.151348863,8.958254358,0.812001724,0.0
"Tanzania, United Republic of",TZ,Kigoma,L1TZA3276,1995,4.007815506,7.727380116,1.51993371,0.0
"Tanzania, United Republic of",TZ,Kigoma,L1TZA3276,1996,3.870821649,3.632638556,1.489479748,0.0
"Tanzania, United Republic of",TZ,Kigoma,L1TZA3276,1997,3.78153015,4.087897748,2.2022156280000003,0.0
"Tanzania, United Republic of",TZ,Kigoma,L1TZA3276,1998,2.747365477,4.225940897,1.8547383590000002,0.0
"Tanzania, United Republic of",TZ,Kigoma,L1TZA3276,1999,4.610890907,3.1580023859999997,1.605102797,0.0
"Tanzania, United Republic of",TZ,Kigoma,L1TZA3276,2000,5.465883221,2.998364096,1.544544463,0.0
"Tanzania, United Republic of",TZ,Kigoma,L1TZA3276,2001,4.15218845,12.112472893,1.532986262,0.0
"Tanzania, United Republic of",TZ,Kigoma,L1TZA3276,2003,4.573768598,8.178563278,2.486574944,0.0
"Tanzania, United Republic of",TZ,Kigoma,L1TZA3276,2004,4.942156862999999,2.787681932,1.995871267,0.0
"Tanzania, United Republic of",TZ,Kigoma,L1TZA3276,2005,5.361840096,9.123554145,1.940441265,0.0
"Tanzania, United Republic of",TZ,Kigoma,L1TZA3276,2006,5.6988109730000005,10.285966274,2.116169534,0.0
"Tanzania, United Republic of",TZ,Kigoma,L1TZA3276,2007,6.810140123,11.962787561,1.6519669559999999,0.0
"Tanzania, United Republic of",TZ,Kigoma,L1TZA3276,2008,4.757538219,0.0,0.729472141,0.0
"Tanzania, United Republic of",TZ,Kigoma,L1TZA3276,2010,2.725491525,8.020951326,1.4217013330000001,0.0
"Tanzania, United Republic of",TZ,Kigoma,L1TZA3276,2011,4.599872908,4.199829836,0.0,0.0
"Tanzania, United Republic of",TZ,Kigoma,L1TZA3276,2012,4.500233318,4.100311429,0.0,0.0
"Tanzania, United Republic of",TZ,Kigoma,L1TZA3276,2013,4.8001919079999995,4.399903241,0.0,0.0
"Tanzania, United Republic of",TZ,Kigoma,L1TZA3276,2014,4.799951298,4.399074021,0.0,0.0
"Tanzania, United Republic of",TZ,Kigoma,L1TZA3276,2015,6.187009497,8.481825703,3.297942605,0.0
"Tanzania, United Republic of",TZ,Kilimanjaro,L1TZA3277,1991,0.533333333,0.0,0.0,0.0
"Tanzania, United Republic of",TZ,Kilimanjaro,L1TZA3277,1992,4.09964539,0.0,0.0,0.0
"Tanzania, United Republic of",TZ,Kilimanjaro,L1TZA3277,1993,5.410986632,7.888168035,1.0556884709999999,0.0
"Tanzania, United Republic of",TZ,Kilimanjaro,L1TZA3277,1994,5.887225825,10.220359635,0.960481492,0.0
"Tanzania, United Republic of",TZ,Kilimanjaro,L1TZA3277,1995,7.7886963,12.062760841,1.2385373149999999,0.0
"Tanzania, United Republic of",TZ,Kilimanjaro,L1TZA3277,1996,8.470513157,10.06254548,1.130398483,0.0
"Tanzania, United Republic of",TZ,Kilimanjaro,L1TZA3277,1997,12.273939773,12.314229838,1.33220775,0.0
"Tanzania, United Republic of",TZ,Kilimanjaro,L1TZA3277,1998,3.983247858,12.489851025,1.128580785,0.0
"Tanzania, United Republic of",TZ,Kilimanjaro,L1TZA3277,1999,11.563181478,8.102209078000001,1.8024768569999998,0.0
"Tanzania, United Republic of",TZ,Kilimanjaro,L1TZA3277,2000,6.435254520000001,18.800350278,0.559384106,0.0
"Tanzania, United Republic of",TZ,Kilimanjaro,L1TZA3277,2001,8.790259058,9.470314004999999,1.295432159,0.0
"Tanzania, United Republic of",TZ,Kilimanjaro,L1TZA3277,2003,5.531984934,9.182704866,1.375311236,0.0
"Tanzania, United Republic of",TZ,Kilimanjaro,L1TZA3277,2004,5.872872443,7.832038841,1.357751454,0.0
"Tanzania, United Republic of",TZ,Kilimanjaro,L1TZA3277,2005,8.767627174,7.953520515000001,1.60453043,0.0
"Tanzania, United Republic of",TZ,Kilimanjaro,L1TZA3277,2006,7.952760824,14.198702747,3.5925671369999996,0.0
"Tanzania, United Republic of",TZ,Kilimanjaro,L1TZA3277,2007,7.674722564,15.308906021999999,3.4230915090000003,0.0
"Tanzania, United Republic of",TZ,Kilimanjaro,L1TZA3277,2008,3.804485227,0.0,0.256458727,0.0
"Tanzania, United Republic of",TZ,Kilimanjaro,L1TZA3277,2010,9.858911724,14.508995386999999,1.99605802,0.0
"Tanzania, United Republic of",TZ,Kilimanjaro,L1TZA3277,2011,4.2,4.0,0.0,0.0
"Tanzania, United Republic of",TZ,Kilimanjaro,L1TZA3277,2012,4.4,4.0,0.0,0.0
"Tanzania, United Republic of",TZ,Kilimanjaro,L1TZA3277,2013,4.000024913,4.1,0.0,0.0
"Tanzania, United Republic of",TZ,Kilimanjaro,L1TZA3277,2014,7.8,3.9,0.0,0.0
"Tanzania, United Republic of",TZ,Kilimanjaro,L1TZA3277,2015,7.129078762000001,7.298318716,1.606913857,0.188322257
"Tanzania, United Republic of",TZ,Lindi,L1TZA3280,1992,2.991342657,0.0,0.0,0.0
"Tanzania, United Republic of",TZ,Lindi,L1TZA3280,1993,1.74086579,1.0,0.743902439,0.0
"Tanzania, United Republic of",TZ,Lindi,L1TZA3280,1994,1.135174959,1.0,0.919911012,0.0
"Tanzania, United Republic of",TZ,Lindi,L1TZA3280,1995,1.357258898,1.0,0.93614304,0.0
"Tanzania, United Republic of",TZ,Lindi,L1TZA3280,1996,0.932329455,1.0,1.594408316,0.0
"Tanzania, United Republic of",TZ,Lindi,L1TZA3280,1997,1.441931722,2.5367289399999997,0.923779962,0.0
"Tanzania, United Republic of",TZ,Lindi,L1TZA3280,1998,1.910734282,2.153553782,1.520881889,0.0
"Tanzania, United Republic of",TZ,Lindi,L1TZA3280,1999,3.5042255740000003,2.661708284,1.470582549,0.0
"Tanzania, United Republic of",TZ,Lindi,L1TZA3280,2000,2.450460368,2.148835203,0.400499324,0.0
"Tanzania, United Republic of",TZ,Lindi,L1TZA3280,2001,2.4153111050000002,2.2712932859999997,0.996499072,0.0
"Tanzania, United Republic of",TZ,Lindi,L1TZA3280,2003,1.274354669,1.5021301980000001,1.2858772589999998,0.0
"Tanzania, United Republic of",TZ,Lindi,L1TZA3280,2004,3.242283548,2.231411879,2.12855914,0.0
"Tanzania, United Republic of",TZ,Lindi,L1TZA3280,2005,2.062206741,2.0137301599999997,1.7417672450000001,0.0
"Tanzania, United Republic of",TZ,Lindi,L1TZA3280,2006,2.6343065890000004,4.649398725,1.399238283,0.0
"Tanzania, United Republic of",TZ,Lindi,L1TZA3280,2007,3.501113799,2.954428069,1.1686176609999999,0.0
"Tanzania, United Republic of",TZ,Lindi,L1TZA3280,2008,2.766198944,0.0,0.522359291,0.0
"Tanzania, United Republic of",TZ,Lindi,L1TZA3280,2010,4.018214273,2.5082299949999998,1.252270469,0.0
"Tanzania, United Republic of",TZ,Lindi,L1TZA3280,2011,2.0,2.4,0.0,0.0
"Tanzania, United Republic of",TZ,Lindi,L1TZA3280,2012,2.0,3.1999999999999997,0.0,0.0
"Tanzania, United Republic of",TZ,Lindi,L1TZA3280,2013,3.3000000000000003,2.5,0.0,0.0
"Tanzania, United Republic of",TZ,Lindi,L1TZA3280,2014,2.3,4.2,0.0,0.0
"Tanzania, United Republic of",TZ,Lindi,L1TZA3280,2015,2.740444662,3.429625161,2.103031841,0.0
"Tanzania, United Republic of",TZ,Mara,L1TZA3282,1992,2.1818050159999998,2.055045872,0.0,0.0
"Tanzania, United Republic of",TZ,Mara,L1TZA3282,1993,1.641315339,4.211732139,1.7757431000000001,0.0
"Tanzania, United Republic of",TZ,Mara,L1TZA3282,1994,2.7611465490000002,4.133056205,1.024039987,0.0
"Tanzania, United Republic of",TZ,Mara,L1TZA3282,1995,0.0,5.350046629,0.210850801,0.0
"Tanzania, United Republic of",TZ,Mara,L1TZA3282,1996,0.779990946,3.4954572730000004,1.0971419550000001,0.0
"Tanzania, United Republic of",TZ,Mara,L1TZA3282,1997,0.833806818,9.723170683,1.177858268,0.0
"Tanzania, United Republic of",TZ,Mara,L1TZA3282,1998,0.792599805,5.811660376,1.455557154,0.0
"Tanzania, United Republic of",TZ,Mara,L1TZA3282,1999,4.42352238,5.365804132,1.168067172,0.0
"Tanzania, United Republic of",TZ,Mara,L1TZA3282,2000,4.863685885000001,5.196489636,1.029144745,0.0
"Tanzania, United Republic of",TZ,Mara,L1TZA3282,2001,4.8323576599999996,6.428620287,1.8399550169999999,0.0
"Tanzania, United Republic of",TZ,Mara,L1TZA3282,2003,4.3448895400000005,7.643147145,4.558376085,0.0
"Tanzania, United Republic of",TZ,Mara,L1TZA3282,2004,4.991608308,6.759343308,1.279997694,0.0
"Tanzania, United Republic of",TZ,Mara,L1TZA3282,2005,5.7276231,7.305670194,2.333321183,0.0
"Tanzania, United Republic of",TZ,Mara,L1TZA3282,2006,8.572252939,9.973323996000001,3.373494595,0.0
"Tanzania, United Republic of",TZ,Mara,L1TZA3282,2007,8.196161291,13.761270472,4.862835652,0.0
"Tanzania, United Republic of",TZ,Mara,L1TZA3282,2008,5.406552598999999,0.0,3.566984429,0.0
"Tanzania, United Republic of",TZ,Mara,L1TZA3282,2010,6.7381167390000005,12.085545469000001,3.335389776,0.0
"Tanzania, United Republic of",TZ,Mara,L1TZA3282,2011,5.2,4.2003861,0.0,0.0
"Tanzania, United Republic of",TZ,Mara,L1TZA3282,2012,5.2,4.100397772,0.0,0.0
"Tanzania, United Republic of",TZ,Mara,L1TZA3282,2013,6.200619195,4.400299401,0.0,0.0
"Tanzania, United Republic of",TZ,Mara,L1TZA3282,2014,5.0,4.198411184999999,0.0,0.0
"Tanzania, United Republic of",TZ,Mara,L1TZA3282,2015,4.087168889999999,3.146256848,4.442238188,0.0
"Tanzania, United Republic of",TZ,Mbeya,L1TZA3283,1991,1.0,0.0,0.0,0.0
"Tanzania, United Republic of",TZ,Mbeya,L1TZA3283,1992,4.158924949,0.0,0.0,0.0
"Tanzania, United Republic of",TZ,Mbeya,L1TZA3283,1993,3.999083495,13.456351954,1.208385284,0.0
"Tanzania, United Republic of",TZ,Mbeya,L1TZA3283,1994,4.356036937000001,9.277511329,1.484689559,0.0
"Tanzania, United Republic of",TZ,Mbeya,L1TZA3283,1995,4.932268637,9.267670434,1.2246910839999998,0.0
"Tanzania, United Republic of",TZ,Mbeya,L1TZA3283,1996,5.225960013,9.555628408,1.410214046,0.0
"Tanzania, United Republic of",TZ,Mbeya,L1TZA3283,1997,4.147426461,12.082358889999998,1.13620538,0.0
"Tanzania, United Republic of",TZ,Mbeya,L1TZA3283,1998,4.305366316,11.652242331,1.313296754,0.0
"Tanzania, United Republic of",TZ,Mbeya,L1TZA3283,1999,6.178009014,11.678152776000001,1.098100193,0.0
"Tanzania, United Republic of",TZ,Mbeya,L1TZA3283,2000,6.693288863,11.393212713,0.961975229,0.0
"Tanzania, United Republic of",TZ,Mbeya,L1TZA3283,2001,7.214821656,8.648441347,1.515832524,0.0
"Tanzania, United Republic of",TZ,Mbeya,L1TZA3283,2003,4.714139158,13.475577995999998,2.364989072,0.0
"Tanzania, United Republic of",TZ,Mbeya,L1TZA3283,2004,7.266361157,7.517002977000001,2.155826618,0.0
"Tanzania, United Republic of",TZ,Mbeya,L1TZA3283,2005,7.093586159,7.140556247999999,3.860313729,0.0
"Tanzania, United Republic of",TZ,Mbeya,L1TZA3283,2006,6.763755847,13.352203556,3.597441818,0.0
"Tanzania, United Republic of",TZ,Mbeya,L1TZA3283,2007,8.403907184,14.575617503,5.0235913519999995,0.0
"Tanzania, United Republic of",TZ,Mbeya,L1TZA3283,2008,6.284830564,0.0,0.819877968,0.0
"Tanzania, United Republic of",TZ,Mbeya,L1TZA3283,2010,6.55832961,14.639566945999999,3.2121193249999997,0.0
"Tanzania, United Republic of",TZ,Mbeya,L1TZA3283,2011,6.0,4.4,0.0,0.0
"Tanzania, United Republic of",TZ,Mbeya,L1TZA3283,2012,6.0,4.4,0.0,0.0
"Tanzania, United Republic of",TZ,Mbeya,L1TZA3283,2013,6.099958342000001,4.5,0.0,0.0
"Tanzania, United Republic of",TZ,Mbeya,L1TZA3283,2014,7.6,4.6,0.0,0.0
"Tanzania, United Republic of",TZ,Mbeya,L1TZA3283,2015,5.304493068999999,6.8795462689999995,1.1017030669999999,18.66144127
"Tanzania, United Republic of",TZ,Morogoro,L1TZA3285,1992,3.474851127,2.440828402,0.0,0.0
"Tanzania, United Republic of",TZ,Morogoro,L1TZA3285,1993,5.325971469,4.967423423,1.7562430409999998,0.0
"Tanzania, United Republic of",TZ,Morogoro,L1TZA3285,1994,4.152619137,4.933771283,1.8356423039999998,0.0
"Tanzania, United Republic of",TZ,Morogoro,L1TZA3285,1995,3.710248881,4.740289501,1.7955788830000001,0.0
"Tanzania, United Republic of",TZ,Morogoro,L1TZA3285,1996,3.673080192,5.0,1.342697629,0.0
"Tanzania, United Republic of",TZ,Morogoro,L1TZA3285,1997,3.2357889220000002,10.489108544,1.6470686589999999,0.0
"Tanzania, United Republic of",TZ,Morogoro,L1TZA3285,1998,3.354829951,7.315454056,1.640396371,0.0
"Tanzania, United Republic of",TZ,Morogoro,L1TZA3285,1999,3.793655632,7.388800237,1.6560854260000002,0.0
"Tanzania, United Republic of",TZ,Morogoro,L1TZA3285,2000,2.455221708,8.391365663999999,1.0367265300000001,0.0
"Tanzania, United Republic of",TZ,Morogoro,L1TZA3285,2001,4.71385381,11.553746261,1.298818533,0.0
"Tanzania, United Republic of",TZ,Morogoro,L1TZA3285,2003,3.7198936490000003,9.747814219,1.9228135769999999,0.0
"Tanzania, United Republic of",TZ,Morogoro,L1TZA3285,2004,5.282086158,7.393709549,2.653766882,0.0
"Tanzania, United Republic of",TZ,Morogoro,L1TZA3285,2005,4.5571867919999995,7.521835174,3.022388494,0.0
"Tanzania, United Republic of",TZ,Morogoro,L1TZA3285,2006,6.535515228,11.985168454,2.401638112,0.0
"Tanzania, United Republic of",TZ,Morogoro,L1TZA3285,2007,6.470781173000001,8.584918649,1.703585082,0.0
"Tanzania, United Republic of",TZ,Morogoro,L1TZA3285,2008,4.409845176,0.0,0.469055038,0.0
"Tanzania, United Republic of",TZ,Morogoro,L1TZA3285,2010,5.865006076,5.271442276,2.030223182,0.0
"Tanzania, United Republic of",TZ,Morogoro,L1TZA3285,2011,3.5,4.100134862,0.0,0.0
"Tanzania, United Republic of",TZ,Morogoro,L1TZA3285,2012,3.5,3.999618029,0.0,0.0
"Tanzania, United Republic of",TZ,Morogoro,L1TZA3285,2013,3.119995834,3.8998439129999998,0.0,0.0
"Tanzania, United Republic of",TZ,Morogoro,L1TZA3285,2014,6.1,3.9,0.0,0.0
"Tanzania, United Republic of",TZ,Morogoro,L1TZA3285,2015,3.1127849750000003,1.032220777,2.854819871,10.49885713
"Tanzania, United Republic of",TZ,Mtwara,L1TZA3286,1992,2.097040598,0.0,0.0,0.0
"Tanzania, United Republic of",TZ,Mtwara,L1TZA3286,1993,1.052677127,0.0,0.8320352930000001,0.0
"Tanzania, United Republic of",TZ,Mtwara,L1TZA3286,1994,0.6879323079999999,0.0,0.386604455,0.0
"Tanzania, United Republic of",TZ,Mtwara,L1TZA3286,1995,2.355165262,0.723953095,0.768299247,0.0
"Tanzania, United Republic of",TZ,Mtwara,L1TZA3286,1996,0.738404547,1.305777799,0.822512835,0.0
"Tanzania, United Republic of",TZ,Mtwara,L1TZA3286,1997,0.757997466,0.987578941,0.6825238140000001,0.0
"Tanzania, United Republic of",TZ,Mtwara,L1TZA3286,1998,0.80428431,1.95662682,0.346767625,0.0
"Tanzania, United Republic of",TZ,Mtwara,L1TZA3286,1999,4.197923877,1.879217068,0.811315166,0.0
"Tanzania, United Republic of",TZ,Mtwara,L1TZA3286,2000,1.149550332,1.011673793,0.408625986,0.0
"Tanzania, United Republic of",TZ,Mtwara,L1TZA3286,2001,1.437927968,1.610249494,1.098256735,0.0
"Tanzania, United Republic of",TZ,Mtwara,L1TZA3286,2003,1.627442423,4.9113692559999995,1.208914233,0.0
"Tanzania, United Republic of",TZ,Mtwara,L1TZA3286,2004,2.659319343,3.042691638,1.3792606740000002,0.0
"Tanzania, United Republic of",TZ,Mtwara,L1TZA3286,2005,2.422451728,7.9619231379999995,2.463207886,0.0
"Tanzania, United Republic of",TZ,Mtwara,L1TZA3286,2006,1.9810968670000002,1.9502994599999999,3.631201412,0.0
"Tanzania, United Republic of",TZ,Mtwara,L1TZA3286,2007,3.247766377,1.411614284,3.174723071,0.0
"Tanzania, United Republic of",TZ,Mtwara,L1TZA3286,2008,2.731838861,0.0,0.623888816,0.0
"Tanzania, United Republic of",TZ,Mtwara,L1TZA3286,2010,4.323691685,3.157447439,3.2378721310000005,0.0
"Tanzania, United Republic of",TZ,Mtwara,L1TZA3286,2011,2.2,3.607692308,0.0,0.0
"Tanzania, United Republic of",TZ,Mtwara,L1TZA3286,2012,2.2,3.501459854,0.0,0.0
"Tanzania, United Republic of",TZ,Mtwara,L1TZA3286,2013,2.500001272,4.302803738,0.0,0.0
"Tanzania, United Republic of",TZ,Mtwara,L1TZA3286,2014,2.8,2.5,0.0,0.0
"Tanzania, United Republic of",TZ,Mtwara,L1TZA3286,2015,2.050039699,3.90176063,3.402539479,2.41509434
"Tanzania, United Republic of",TZ,Rukwa,L1TZA3290,1993,1.810976744,2.946547902,1.1605156870000002,0.0
"Tanzania, United Republic of",TZ,Rukwa,L1TZA3290,1994,1.967906908,3.572512603,1.56629112,0.0
"Tanzania, United Republic of",TZ,Rukwa,L1TZA3290,1995,2.493222667,5.273119161,2.168996946,0.0
"Tanzania, United Republic of",TZ,Rukwa,L1TZA3290,1996,0.0,6.67255814,1.510968758,0.0
"Tanzania, United Republic of",TZ,Rukwa,L1TZA3290,1997,0.0,10.761845004,1.915550171,0.0
"Tanzania, United Republic of",TZ,Rukwa,L1TZA3290,1998,1.219553073,8.111864462,1.4575588879999999,0.0
"Tanzania, United Republic of",TZ,Rukwa,L1TZA3290,1999,8.480746554,7.346436421,1.596253145,0.0
"Tanzania, United Republic of",TZ,Rukwa,L1TZA3290,2000,7.10907706,6.496478883,1.524877584,0.0
"Tanzania, United Republic of",TZ,Rukwa,L1TZA3290,2001,8.474206811,4.775689754,1.474121653,0.0
"Tanzania, United Republic of",TZ,Rukwa,L1TZA3290,2003,6.177754212999999,7.1305879569999995,2.913118675,0.0
"Tanzania, United Republic of",TZ,Rukwa,L1TZA3290,2004,6.636668761,7.775660913,1.4049940140000001,0.0
"Tanzania, United Republic of",TZ,Rukwa,L1TZA3290,2005,4.928542582,10.290692406000002,1.652797408,0.0
"Tanzania, United Republic of",TZ,Rukwa,L1TZA3290,2006,6.389148969000001,9.448625054999999,6.525975323000001,0.0
"Tanzania, United Republic of",TZ,Rukwa,L1TZA3290,2007,7.849119414999999,6.963045432,3.116519961,0.0
"Tanzania, United Republic of",TZ,Rukwa,L1TZA3290,2008,7.665822653,0.0,0.87792341,0.0
"Tanzania, United Republic of",TZ,Rukwa,L1TZA3290,2010,10.071586951,10.146687964,2.272002779,0.0
"Tanzania, United Republic of",TZ,Rukwa,L1TZA3290,2011,4.6,4.6,0.0,0.0
"Tanzania, United Republic of",TZ,Rukwa,L1TZA3290,2012,4.6,4.6,0.0,0.0
"Tanzania, United Republic of",TZ,Rukwa,L1TZA3290,2013,4.7,4.800000000000001,0.0,0.0
"Tanzania, United Republic of",TZ,Rukwa,L1TZA3290,2014,5.4,4.800000000000001,0.0,0.0
"Tanzania, United Republic of",TZ,Rukwa,L1TZA3290,2015,6.2890812380000005,1.732673267,1.540711778,1.879483501
"Tanzania, United Republic of",TZ,Ruvuma,L1TZA3291,1992,2.9473007879999997,4.414201183,0.0,0.0
"Tanzania, United Republic of",TZ,Ruvuma,L1TZA3291,1993,3.556085375,2.611927976,1.2856506520000002,0.0
"Tanzania, United Republic of",TZ,Ruvuma,L1TZA3291,1994,4.154643577,2.517135853,1.2517497,0.0
"Tanzania, United Republic of",TZ,Ruvuma,L1TZA3291,1995,4.241305661,5.3129077030000005,1.405534077,0.0
"Tanzania, United Republic of",TZ,Ruvuma,L1TZA3291,1996,2.079937706,2.9880323989999997,1.279810243,0.0
"Tanzania, United Republic of",TZ,Ruvuma,L1TZA3291,1997,3.376797436,2.753829526,1.5027679090000001,0.0
"Tanzania, United Republic of",TZ,Ruvuma,L1TZA3291,1998,4.286765229,2.341850228,1.1941992510000001,0.0
"Tanzania, United Republic of",TZ,Ruvuma,L1TZA3291,1999,5.011876604999999,3.0689492019999998,0.7280804519999999,0.0
"Tanzania, United Republic of",TZ,Ruvuma,L1TZA3291,2000,4.913569446,2.932753367,1.230147352,0.0
"Tanzania, United Republic of",TZ,Ruvuma,L1TZA3291,2001,5.1998345619999995,2.9951241299999998,1.202054264,0.0
"Tanzania, United Republic of",TZ,Ruvuma,L1TZA3291,2003,3.7774269719999998,4.937236354,1.8128761730000003,0.0
"Tanzania, United Republic of",TZ,Ruvuma,L1TZA3291,2004,5.547489578,3.383311677,2.4588095070000002,0.0
"Tanzania, United Republic of",TZ,Ruvuma,L1TZA3291,2005,4.397776002,11.289378842,2.54004918,0.0
"Tanzania, United Republic of",TZ,Ruvuma,L1TZA3291,2006,5.221036563,12.354144938000001,5.420034784,0.0
"Tanzania, United Republic of",TZ,Ruvuma,L1TZA3291,2007,4.3097127120000005,4.78526411,3.916558579,0.0
"Tanzania, United Republic of",TZ,Ruvuma,L1TZA3291,2008,4.444898458,0.0,1.34525324,0.0
"Tanzania, United Republic of",TZ,Ruvuma,L1TZA3291,2010,6.583257165000001,8.199842522,2.610134128,0.0
"Tanzania, United Republic of",TZ,Ruvuma,L1TZA3291,2011,4.6,4.099985653,0.0,0.0
"Tanzania, United Republic of",TZ,Ruvuma,L1TZA3291,2012,4.6,3.999985844,0.0,0.0
"Tanzania, United Republic of",TZ,Ruvuma,L1TZA3291,2013,5.2,4.699978584,0.0,0.0
"Tanzania, United Republic of",TZ,Ruvuma,L1TZA3291,2014,5.5,4.799929204,0.0,0.0
"Tanzania, United Republic of",TZ,Ruvuma,L1TZA3291,2015,3.950433915,2.242838697,1.7350760550000002,0.0
"Tanzania, United Republic of",TZ,Shinyanga,L1TZA3292,1993,0.735516373,3.683721022,0.557397901,0.0
"Tanzania, United Republic of",TZ,Shinyanga,L1TZA3292,1994,0.781650385,3.411030459,0.446839154,0.0
"Tanzania, United Republic of",TZ,Shinyanga,L1TZA3292,1995,2.436885416,2.142310833,0.634672071,0.0
"Tanzania, United Republic of",TZ,Shinyanga,L1TZA3292,1996,0.0,3.241637223,1.791755099,0.0
"Tanzania, United Republic of",TZ,Shinyanga,L1TZA3292,1997,0.0,6.299612183000001,2.040658117,0.0
"Tanzania, United Republic of",TZ,Shinyanga,L1TZA3292,1998,1.383404738,4.716192597,1.5651582,0.0
"Tanzania, United Republic of",TZ,Shinyanga,L1TZA3292,1999,2.720490372,4.7741763850000005,1.706892144,0.0
"Tanzania, United Republic of",TZ,Shinyanga,L1TZA3292,2000,3.398394023,4.745331158,1.516345083,0.0
"Tanzania, United Republic of",TZ,Shinyanga,L1TZA3292,2001,4.349710173,5.753765797,2.2817731500000002,0.0
"Tanzania, United Republic of",TZ,Shinyanga,L1TZA3292,2003,2.044650057,6.2787947,1.510480293,0.0
"Tanzania, United Republic of",TZ,Shinyanga,L1TZA3292,2004,4.342346322,3.397629385,2.928590391,0.0
"Tanzania, United Republic of",TZ,Shinyanga,L1TZA3292,2005,3.4518459970000004,3.0016845080000003,3.350368619,0.0
"Tanzania, United Republic of",TZ,Shinyanga,L1TZA3292,2006,3.25743729,4.714145535,3.9155339939999996,0.0
"Tanzania, United Republic of",TZ,Shinyanga,L1TZA3292,2007,2.746192092,4.323069198000001,3.115167496,0.0
"Tanzania, United Republic of",TZ,Shinyanga,L1TZA3292,2008,5.016050141,0.0,1.341863413,0.0
"Tanzania, United Republic of",TZ,Shinyanga,L1TZA3292,2010,4.7762060989999995,3.5642993140000003,3.921504763,0.0
"Tanzania, United Republic of",TZ,Shinyanga,L1TZA3292,2011,3.0,3.1998337980000002,0.0,0.0
"Tanzania, United Republic of",TZ,Shinyanga,L1TZA3292,2012,3.0,2.999696533,0.0,0.0
"Tanzania, United Republic of",TZ,Shinyanga,L1TZA3292,2013,3.4000000000000004,100.76666666999999,0.0,0.0
"Tanzania, United Republic of",TZ,Shinyanga,L1TZA3292,2014,4.2,3.700122474,0.0,0.0
"Tanzania, United Republic of",TZ,Shinyanga,L1TZA3292,2015,3.2505800440000003,6.922856863999999,2.838047198,2.122137405
"Tanzania, United Republic of",TZ,Singida,L1TZA3294,1992,1.219476025,0.0,0.0,0.0
"Tanzania, United Republic of",TZ,Singida,L1TZA3294,1993,5.075630881,2.466985177,1.197191294,0.0
"Tanzania, United Republic of",TZ,Singida,L1TZA3294,1994,5.145268315,2.633696167,1.1701048159999998,0.0
"Tanzania, United Republic of",TZ,Singida,L1TZA3294,1995,2.2711290980000003,4.692837466,1.835876807,0.0
"Tanzania, United Republic of",TZ,Singida,L1TZA3294,1996,6.236954084000001,4.983939261,1.5204348950000002,0.0
"Tanzania, United Republic of",TZ,Singida,L1TZA3294,1997,2.508397583,6.160099679,1.156021007,0.0
"Tanzania, United Republic of",TZ,Singida,L1TZA3294,1998,1.8013812200000001,6.0352405860000005,1.224487549,0.0
"Tanzania, United Republic of",TZ,Singida,L1TZA3294,1999,4.157710529,2.746880556,1.248064717,0.0
"Tanzania, United Republic of",TZ,Singida,L1TZA3294,2000,3.9274548850000004,2.4293467719999997,1.0625428559999999,0.0
"Tanzania, United Republic of",TZ,Singida,L1TZA3294,2001,5.130722741,2.874804794,1.2654878470000002,0.0
"Tanzania, United Republic of",TZ,Singida,L1TZA3294,2003,1.397516053,4.831425772999999,2.236975631,0.0
"Tanzania, United Republic of",TZ,Singida,L1TZA3294,2004,4.509791763,3.5991862140000004,4.68458168,0.0
"Tanzania, United Republic of",TZ,Singida,L1TZA3294,2005,3.862351639,3.683689659,4.381910411,0.0
"Tanzania, United Republic of",TZ,Singida,L1TZA3294,2006,4.138197341,8.304204966,3.2770896279999997,0.0
"Tanzania, United Republic of",TZ,Singida,L1TZA3294,2007,5.747532115,6.911081727999999,2.955866005,0.0
"Tanzania, United Republic of",TZ,Singida,L1TZA3294,2008,5.132105745,0.0,0.675605401,0.0
"Tanzania, United Republic of",TZ,Singida,L1TZA3294,2010,4.688988924999999,4.278393514,3.089307953,0.0
"Tanzania, United Republic of",TZ,Singida,L1TZA3294,2011,2.0,2.800528737,0.0,0.0
"Tanzania, United Republic of",TZ,Singida,L1TZA3294,2012,2.0,2.602028883,0.0,0.0
"Tanzania, United Republic of",TZ,Singida,L1TZA3294,2013,2.2,2.800919187,0.0,0.0
"Tanzania, United Republic of",TZ,Singida,L1TZA3294,2014,3.1,2.899627315,0.0,0.0
"Tanzania, United Republic of",TZ,Singida,L1TZA3294,2015,2.342074222,6.473452383,1.3547939960000002,0.0
"Tanzania, United Republic of",TZ,Tabora,L1TZA3296,1992,1.76,0.0,0.0,0.0
"Tanzania, United Republic of",TZ,Tabora,L1TZA3296,1993,0.704105031,3.2294977539999996,1.016701124,0.0
"Tanzania, United Republic of",TZ,Tabora,L1TZA3296,1994,0.294832827,1.300036258,0.834515416,0.0
"Tanzania, United Republic of",TZ,Tabora,L1TZA3296,1995,0.0,1.664813655,1.154522858,0.0
"Tanzania, United Republic of",TZ,Tabora,L1TZA3296,1996,1.111489112,3.978136591,1.223808065,0.0
"Tanzania, United Republic of",TZ,Tabora,L1TZA3296,1997,0.559319723,2.7207586839999998,0.75200223,0.0
"Tanzania, United Republic of",TZ,Tabora,L1TZA3296,1998,2.149855874,3.713927503,1.115086277,0.0
"Tanzania, United Republic of",TZ,Tabora,L1TZA3296,1999,3.1697064619999997,3.435313305,0.8409926050000001,0.0
"Tanzania, United Republic of",TZ,Tabora,L1TZA3296,2000,3.8465823419999996,3.516732203,0.925439976,0.0
"Tanzania, United Republic of",TZ,Tabora,L1TZA3296,2001,3.952743783,4.3121283340000005,1.469187955,0.0
"Tanzania, United Republic of",TZ,Tabora,L1TZA3296,2003,4.145182452,3.1299712,2.308273051,0.0
"Tanzania, United Republic of",TZ,Tabora,L1TZA3296,2004,3.3717132810000003,5.3938690309999995,1.0,0.0
"Tanzania, United Republic of",TZ,Tabora,L1TZA3296,2005,3.119097881,4.056238186,1.737775346,0.0
"Tanzania, United Republic of",TZ,Tabora,L1TZA3296,2006,4.3830544830000004,8.706115794,3.920094412,0.0
"Tanzania, United Republic of",TZ,Tabora,L1TZA3296,2007,4.566526533999999,7.330231028,2.655404844,0.0
"Tanzania, United Republic of",TZ,Tabora,L1TZA3296,2008,4.557002643,0.0,1.830364455,0.0
"Tanzania, United Republic of",TZ,Tabora,L1TZA3296,2010,4.819538294,5.158785918,2.91325017,0.0
"Tanzania, United Republic of",TZ,Tabora,L1TZA3296,2011,3.7,2.2994764400000003,0.0,0.0
"Tanzania, United Republic of",TZ,Tabora,L1TZA3296,2012,3.7,13.69425287,0.0,0.0
"Tanzania, United Republic of",TZ,Tabora,L1TZA3296,2013,3.6,14.804457650000002,0.0,0.0
"Tanzania, United Republic of",TZ,Tabora,L1TZA3296,2014,3.4000000000000004,18.80147493,0.0,0.0
"Tanzania, United Republic of",TZ,Tabora,L1TZA3296,2015,3.181774805,5.317142691,0.855297751,0.0
"Tanzania, United Republic of",TZ,Tanga,L1TZA3297,1992,2.781552253,2.673854447,0.0,0.0
"Tanzania, United Republic of",TZ,Tanga,L1TZA3297,1993,5.204820154,4.142916385,2.156257785,0.0
"Tanzania, United Republic of",TZ,Tanga,L1TZA3297,1994,3.597883231,8.759304042,1.5785682140000001,0.0
"Tanzania, United Republic of",TZ,Tanga,L1TZA3297,1995,3.795343961,6.482923914,2.466273221,0.0
"Tanzania, United Republic of",TZ,Tanga,L1TZA3297,1996,3.904961707,3.789905215,1.919481409,0.0
"Tanzania, United Republic of",TZ,Tanga,L1TZA3297,1997,4.164981128,5.83991701,1.876986825,0.0
"Tanzania, United Republic of",TZ,Tanga,L1TZA3297,1998,2.404319134,9.079530050999999,2.145477646,0.0
"Tanzania, United Republic of",TZ,Tanga,L1TZA3297,1999,3.663635481,6.467776464,2.1002820399999997,0.0
"Tanzania, United Republic of",TZ,Tanga,L1TZA3297,2000,3.377673295,5.032431371,1.815765829,0.0
"Tanzania, United Republic of",TZ,Tanga,L1TZA3297,2001,4.688257515,10.769070254999999,2.458573584,0.0
"Tanzania, United Republic of",TZ,Tanga,L1TZA3297,2003,5.6485275779999995,7.214369747000001,1.5518846179999999,0.0
"Tanzania, United Republic of",TZ,Tanga,L1TZA3297,2004,1.951777702,6.500257661,2.529710912,0.0
"Tanzania, United Republic of",TZ,Tanga,L1TZA3297,2005,3.630186623,6.382742593,3.8821039159999997,0.0
"Tanzania, United Republic of",TZ,Tanga,L1TZA3297,2006,4.952144012,12.364827109,3.052220123,0.0
"Tanzania, United Republic of",TZ,Tanga,L1TZA3297,2007,5.4049817650000005,7.312587588,2.7589506850000003,0.0
"Tanzania, United Republic of",TZ,Tanga,L1TZA3297,2008,5.533387268999999,0.0,0.972203901,0.0
"Tanzania, United Republic of",TZ,Tanga,L1TZA3297,2010,3.635680681,6.413701669,2.4587992080000003,0.0
"Tanzania, United Republic of",TZ,Tanga,L1TZA3297,2011,3.6999999999999997,4.3,0.0,0.0
"Tanzania, United Republic of",TZ,Tanga,L1TZA3297,2012,3.6999999999999997,4.358590993,0.0,0.0
"Tanzania, United Republic of",TZ,Tanga,L1TZA3297,2013,4.10052356,4.4,0.0,0.0
"Tanzania, United Republic of",TZ,Tanga,L1TZA3297,2014,4.600362319,4.199860042,0.0,0.0
"Tanzania, United Republic of",TZ,Tanga,L1TZA3297,2015,2.0841048140000002,5.964341753000001,2.3297911510000002,8.707294552
"Tanzania, United Republic of",TZ,Geita,L1TZA3270,1992,3.023272779,2.753000509,0.0,0.0
"Tanzania, United Republic of",TZ,Geita,L1TZA3270,1993,3.712657658,8.934875296000001,1.044884228,0.0
"Tanzania, United Republic of",TZ,Geita,L1TZA3270,1994,3.980261986,5.111297174000001,1.304749906,0.0
"Tanzania, United Republic of",TZ,Geita,L1TZA3270,1995,4.598866378,4.725137111,1.7841659020000002,0.0
"Tanzania, United Republic of",TZ,Geita,L1TZA3270,1996,5.284713155,8.26570916,1.616053615,0.0
"Tanzania, United Republic of",TZ,Geita,L1TZA3270,1997,4.115055652000001,6.732764701,1.815926452,0.0
"Tanzania, United Republic of",TZ,Geita,L1TZA3270,1998,5.243501650000001,5.088907615,1.641129225,0.0
"Tanzania, United Republic of",TZ,Geita,L1TZA3270,1999,3.346897849,5.888310209,1.696684265,0.0
"Tanzania, United Republic of",TZ,Geita,L1TZA3270,2000,4.064397413,4.51582795,1.343750373,0.0
"Tanzania, United Republic of",TZ,Geita,L1TZA3270,2001,4.986914366000001,12.342877206999999,1.912570351,0.0
"Tanzania, United Republic of",TZ,Geita,L1TZA3270,2003,2.6039987069999997,7.761596464,2.815746436,0.0
"Tanzania, United Republic of",TZ,Geita,L1TZA3270,2004,4.322794514,4.9767946300000006,2.757441491,0.0
"Tanzania, United Republic of",TZ,Geita,L1TZA3270,2005,3.815723973,5.756107691,3.9223955090000002,0.0
"Tanzania, United Republic of",TZ,Geita,L1TZA3270,2006,3.7052923640000004,5.2746426589999995,3.383769482,0.0
"Tanzania, United Republic of",TZ,Geita,L1TZA3270,2007,3.828747083,6.773814658999999,4.424997176000001,0.0
"Tanzania, United Republic of",TZ,Geita,L1TZA3270,2008,7.3326686819999995,0.0,2.847283936,0.0
"Tanzania, United Republic of",TZ,Geita,L1TZA3270,2010,5.231783211,8.349765961,5.24827466,0.0
"Tanzania, United Republic of",TZ,Geita,L1TZA3270,2011,4.850750028,4.082298175,0.0,0.0
"Tanzania, United Republic of",TZ,Geita,L1TZA3270,2012,4.793664241,3.949552917,0.0,0.0
"Tanzania, United Republic of",TZ,Geita,L1TZA3270,2013,4.199980661000001,4.199991461,0.0,0.0
"Tanzania, United Republic of",TZ,Geita,L1TZA3270,2014,5.614434527,4.213615202,0.0,0.0
"Tanzania, United Republic of",TZ,Geita,L1TZA3270,2015,6.871063458,3.053550886,2.9102802179999996,0.347859922
"Tanzania, United Republic of",TZ,Katavi,L1TZA3275,1991,2.0,0.0,0.0,0.0
"Tanzania, United Republic of",TZ,Katavi,L1TZA3275,1992,4.828446862,2.204954955,0.0,0.0
"Tanzania, United Republic of",TZ,Katavi,L1TZA3275,1993,5.433479618,4.567706503,1.1605156870000002,0.0
"Tanzania, United Republic of",TZ,Katavi,L1TZA3275,1994,5.282320511999999,5.187892099,1.56629112,0.0
"Tanzania, United Republic of",TZ,Katavi,L1TZA3275,1995,6.407940649,7.236275486,2.168996946,0.0
"Tanzania, United Republic of",TZ,Katavi,L1TZA3275,1996,5.816010481,8.819897786,1.510968758,0.0
"Tanzania, United Republic of",TZ,Katavi,L1TZA3275,1997,7.656418934,10.761845004,1.915550171,0.0
"Tanzania, United Republic of",TZ,Katavi,L1TZA3275,1998,7.961559358999999,8.111864462,1.4575588879999999,0.0
"Tanzania, United Republic of",TZ,Katavi,L1TZA3275,1999,9.630838635,7.346436421,1.596253145,0.0
"Tanzania, United Republic of",TZ,Katavi,L1TZA3275,2000,8.722218744,6.496478883,1.524877584,0.0
"Tanzania, United Republic of",TZ,Katavi,L1TZA3275,2001,8.474206811,4.775689754,1.474121653,0.0
"Tanzania, United Republic of",TZ,Katavi,L1TZA3275,2003,5.342370024,7.1305879569999995,3.2188900730000003,0.0
"Tanzania, United Republic of",TZ,Katavi,L1TZA3275,2004,7.5533354280000005,7.775660913,1.4049940140000001,0.0
"Tanzania, United Republic of",TZ,Katavi,L1TZA3275,2005,8.59200412,10.290692406000002,1.652797408,0.0
"Tanzania, United Republic of",TZ,Katavi,L1TZA3275,2006,7.267767426000001,9.448625054999999,6.525975323000001,0.0
"Tanzania, United Republic of",TZ,Katavi,L1TZA3275,2007,8.521656092999999,6.963045432,3.116519961,0.0
"Tanzania, United Republic of",TZ,Katavi,L1TZA3275,2008,8.202435043,0.0,0.876930212,0.0
"Tanzania, United Republic of",TZ,Katavi,L1TZA3275,2010,11.233732788000001,10.146687964,2.272002779,0.0
"Tanzania, United Republic of",TZ,Katavi,L1TZA3275,2011,5.0,4.6,0.0,0.0
"Tanzania, United Republic of",TZ,Katavi,L1TZA3275,2012,5.0,4.6,0.0,0.0
"Tanzania, United Republic of",TZ,Katavi,L1TZA3275,2013,5.200003131,4.799905508,0.0,0.0
"Tanzania, United Republic of",TZ,Katavi,L1TZA3275,2014,5.924199844,4.800000000000001,0.0,0.0
"Tanzania, United Republic of",TZ,Katavi,L1TZA3275,2015,3.714787854,1.598123936,1.7085015709999998,0.0
"Tanzania, United Republic of",TZ,Manyara,L1TZA3281,1991,1.784946237,0.0,0.0,0.0
"Tanzania, United Republic of",TZ,Manyara,L1TZA3281,1992,3.184815408,4.035714286,0.0,0.0
"Tanzania, United Republic of",TZ,Manyara,L1TZA3281,1993,9.562150673,9.503652771,1.0702088619999999,0.0
"Tanzania, United Republic of",TZ,Manyara,L1TZA3281,1994,7.272885780000001,9.774326142,1.431021582,0.0
"Tanzania, United Republic of",TZ,Manyara,L1TZA3281,1995,6.945381433,8.621058242,1.48798649,0.0
"Tanzania, United Republic of",TZ,Manyara,L1TZA3281,1996,10.903094326999998,9.222540845000001,1.335053967,0.0
"Tanzania, United Republic of",TZ,Manyara,L1TZA3281,1997,8.350217623999999,6.613454918,2.307988572,0.0
"Tanzania, United Republic of",TZ,Manyara,L1TZA3281,1998,8.867602688,6.544997298,1.3373744,0.0
"Tanzania, United Republic of",TZ,Manyara,L1TZA3281,1999,7.738658666,4.23463763,1.383559748,0.0
"Tanzania, United Republic of",TZ,Manyara,L1TZA3281,2000,2.758146716,9.030065478,0.797973737,0.0
"Tanzania, United Republic of",TZ,Manyara,L1TZA3281,2001,6.802393903,7.486298734,1.1643071219999999,0.0
"Tanzania, United Republic of",TZ,Manyara,L1TZA3281,2003,7.055217869,3.210538757,1.7761243310000001,0.0
"Tanzania, United Republic of",TZ,Manyara,L1TZA3281,2004,7.713867989,7.369097826000001,1.261523575,0.0
"Tanzania, United Republic of",TZ,Manyara,L1TZA3281,2005,6.401464058000001,10.751693888,3.212341684,0.0
"Tanzania, United Republic of",TZ,Manyara,L1TZA3281,2006,10.242136846000001,14.014185016999999,3.805340789,0.0
"Tanzania, United Republic of",TZ,Manyara,L1TZA3281,2007,11.024429783,11.111889805,3.0913495930000003,0.0
"Tanzania, United Republic of",TZ,Manyara,L1TZA3281,2008,7.424488023,0.0,1.5404453949999999,0.0
"Tanzania, United Republic of",TZ,Manyara,L1TZA3281,2010,9.917628049000001,10.619426333,3.218280288,0.0
"Tanzania, United Republic of",TZ,Manyara,L1TZA3281,2011,3.6,3.9,0.0,0.0
"Tanzania, United Republic of",TZ,Manyara,L1TZA3281,2012,3.800048757,3.9,0.0,0.0
"Tanzania, United Republic of",TZ,Manyara,L1TZA3281,2013,4.100090744,4.2,0.0,0.0
"Tanzania, United Republic of",TZ,Manyara,L1TZA3281,2014,4.5,4.0,0.0,0.0
"Tanzania, United Republic of",TZ,Manyara,L1TZA3281,2015,5.964812857,2.074702886,2.777846604,0.0
"Tanzania, United Republic of",TZ,Njombe,L1TZA3288,1991,0.87114094,0.0,0.0,0.0
"Tanzania, United Republic of",TZ,Njombe,L1TZA3288,1992,3.5809670760000003,2.65,0.0,0.0
"Tanzania, United Republic of",TZ,Njombe,L1TZA3288,1993,5.242718297,12.515708628999999,1.321660802,0.0
"Tanzania, United Republic of",TZ,Njombe,L1TZA3288,1994,5.776163095999999,8.814764371999999,1.308597381,0.0
"Tanzania, United Republic of",TZ,Njombe,L1TZA3288,1995,5.9767504030000005,12.507659316,1.350671956,0.0
"Tanzania, United Republic of",TZ,Njombe,L1TZA3288,1996,6.5315705059999996,9.929080743,1.263350666,0.0
"Tanzania, United Republic of",TZ,Njombe,L1TZA3288,1997,5.063799567999999,10.346909213,0.921045117,0.0
"Tanzania, United Republic of",TZ,Njombe,L1TZA3288,1998,4.685772163,11.993243943,0.715512173,0.0
"Tanzania, United Republic of",TZ,Njombe,L1TZA3288,1999,5.395412905999999,7.761085075,0.899054346,0.0
"Tanzania, United Republic of",TZ,Njombe,L1TZA3288,2000,6.270450542,9.47754273,1.1288187349999999,0.0
"Tanzania, United Republic of",TZ,Njombe,L1TZA3288,2001,6.254655027,7.769079583,1.466116099,0.0
"Tanzania, United Republic of",TZ,Njombe,L1TZA3288,2003,3.663919414,6.781930587,1.742016711,0.0
"Tanzania, United Republic of",TZ,Njombe,L1TZA3288,2004,6.45923898,7.223828256,4.780212702,0.0
"Tanzania, United Republic of",TZ,Njombe,L1TZA3288,2005,5.848904644,9.474884710000001,4.659138929,0.0
"Tanzania, United Republic of",TZ,Njombe,L1TZA3288,2006,6.737740297999999,11.496118372,4.932569947,0.0
"Tanzania, United Republic of",TZ,Njombe,L1TZA3288,2007,7.915551773999999,9.82515501,5.014823374,0.0
"Tanzania, United Republic of",TZ,Njombe,L1TZA3288,2008,5.6160468770000005,0.0,0.774083723,0.0
"Tanzania, United Republic of",TZ,Njombe,L1TZA3288,2010,3.10079054,7.570147174,0.865145357,0.0
"Tanzania, United Republic of",TZ,Njombe,L1TZA3288,2011,4.2,4.2,0.0,0.0
"Tanzania, United Republic of",TZ,Njombe,L1TZA3288,2012,4.2,4.2,0.0,0.0
"Tanzania, United Republic of",TZ,Njombe,L1TZA3288,2013,4.200014927,4.199562186,0.0,0.0
"Tanzania, United Republic of",TZ,Njombe,L1TZA3288,2014,6.8,3.999009901,0.0,0.0
"Tanzania, United Republic of",TZ,Njombe,L1TZA3288,2015,3.0861666800000003,10.335001349,1.70472431,0.0
"Tanzania, United Republic of",TZ,Pemba North,L1TZA3273,2008,4.820598712,0.0,0.905882353,0.0
"Tanzania, United Republic of",TZ,Pemba North,L1TZA3273,2015,2.810591653,2.733010595,1.466471428,0.0
"Tanzania, United Republic of",TZ,Pemba South,L1TZA3278,2008,3.695685365,0.0,1.11722365,0.0
"Tanzania, United Republic of",TZ,Pemba South,L1TZA3278,2015,3.305656453,8.342645229,0.855087892,0.0
"Tanzania, United Republic of",TZ,Pwani,L1TZA3289,1992,1.5663690479999999,0.0,0.0,0.0
"Tanzania, United Republic of",TZ,Pwani,L1TZA3289,1993,3.615781398,10.159192515,0.0,0.0
"Tanzania, United Republic of",TZ,Pwani,L1TZA3289,1994,5.570644089,9.948776813,0.0,0.0
"Tanzania, United Republic of",TZ,Pwani,L1TZA3289,1995,3.7642754179999995,9.986414355,0.0,0.0
"Tanzania, United Republic of",TZ,Pwani,L1TZA3289,1996,4.863945429999999,11.022434218,0.0,0.0
"Tanzania, United Republic of",TZ,Pwani,L1TZA3289,1997,2.625788142,8.564492017,0.0,0.0
"Tanzania, United Republic of",TZ,Pwani,L1TZA3289,1998,3.083046891,11.311542105000001,0.0,0.0
"Tanzania, United Republic of",TZ,Pwani,L1TZA3289,1999,3.376546373,9.210511942,0.0,0.0
"Tanzania, United Republic of",TZ,Pwani,L1TZA3289,2000,2.518176412,7.5257980490000005,0.0,0.0
"Tanzania, United Republic of",TZ,Pwani,L1TZA3289,2001,3.857458388,5.5118196180000005,0.51,0.0
"Tanzania, United Republic of",TZ,Pwani,L1TZA3289,2003,1.0887755239999999,8.313772633000001,0.930321994,0.0
"Tanzania, United Republic of",TZ,Pwani,L1TZA3289,2004,5.727897574,2.792493183,0.796661608,0.0
"Tanzania, United Republic of",TZ,Pwani,L1TZA3289,2005,3.023516002,5.210031772,0.0,0.0
"Tanzania, United Republic of",TZ,Pwani,L1TZA3289,2006,3.578900691,3.812321765,0.0,0.0
"Tanzania, United Republic of",TZ,Pwani,L1TZA3289,2007,3.543872175,3.59044864,0.0,0.0
"Tanzania, United Republic of",TZ,Pwani,L1TZA3289,2008,3.860229456,0.0,0.429807796,0.0
"Tanzania, United Republic of",TZ,Pwani,L1TZA3289,2010,3.7057007289999997,5.653435445,0.0,0.0
"Tanzania, United Republic of",TZ,Pwani,L1TZA3289,2011,1.2373506280000002,3.800878378,0.0,0.0
"Tanzania, United Republic of",TZ,Pwani,L1TZA3289,2012,1.6,3.701240506,0.0,0.0
"Tanzania, United Republic of",TZ,Pwani,L1TZA3289,2013,1.699993053,3.599641256,0.0,0.0
"Tanzania, United Republic of",TZ,Pwani,L1TZA3289,2014,3.4,3.612244898,0.0,0.0
"Tanzania, United Republic of",TZ,Pwani,L1TZA3289,2015,2.3447836850000003,2.489399448,2.4166587980000003,0.0
"Tanzania, United Republic of",TZ,Simiyu,L1TZA3293,1992,3.074521092,2.671388102,0.0,0.0
"Tanzania, United Republic of",TZ,Simiyu,L1TZA3293,1993,5.001230201,6.338480391,0.557397901,0.0
"Tanzania, United Republic of",TZ,Simiyu,L1TZA3293,1994,4.914142861,5.646952757999999,0.446839154,0.0
"Tanzania, United Republic of",TZ,Simiyu,L1TZA3293,1995,5.0486497,5.243213029,0.634672071,0.0
"Tanzania, United Republic of",TZ,Simiyu,L1TZA3293,1996,6.2599225579999995,6.255225102000001,1.791755099,0.0
"Tanzania, United Republic of",TZ,Simiyu,L1TZA3293,1997,4.106944136,6.299612183000001,2.040658117,0.0
"Tanzania, United Republic of",TZ,Simiyu,L1TZA3293,1998,5.963168964,4.716192597,1.5651582,0.0
"Tanzania, United Republic of",TZ,Simiyu,L1TZA3293,1999,2.720490372,4.7741763850000005,1.706892144,0.0
"Tanzania, United Republic of",TZ,Simiyu,L1TZA3293,2000,3.398394023,4.745331158,1.516345083,0.0
"Tanzania, United Republic of",TZ,Simiyu,L1TZA3293,2001,4.349710173,5.753765797,2.2817731500000002,0.0
"Tanzania, United Republic of",TZ,Simiyu,L1TZA3293,2003,2.044650057,6.2787947,1.510480293,0.0
"Tanzania, United Republic of",TZ,Simiyu,L1TZA3293,2004,4.342346322,3.397629385,2.928590391,0.0
"Tanzania, United Republic of",TZ,Simiyu,L1TZA3293,2005,3.4518459970000004,3.0016845080000003,3.350368619,0.0
"Tanzania, United Republic of",TZ,Simiyu,L1TZA3293,2006,3.25743729,4.714145535,3.9155339939999996,0.0
"Tanzania, United Republic of",TZ,Simiyu,L1TZA3293,2007,2.746192092,4.323069198000001,3.115167496,0.0
"Tanzania, United Republic of",TZ,Simiyu,L1TZA3293,2008,5.016050141,0.0,1.341863413,0.0
"Tanzania, United Republic of",TZ,Simiyu,L1TZA3293,2010,4.7762060989999995,3.5642993140000003,3.921504763,0.0
"Tanzania, United Republic of",TZ,Simiyu,L1TZA3293,2011,3.0,3.1998337980000002,0.0,0.0
"Tanzania, United Republic of",TZ,Simiyu,L1TZA3293,2012,3.0,2.999696533,0.0,0.0
"Tanzania, United Republic of",TZ,Simiyu,L1TZA3293,2013,3.400000155,2.599993477,0.0,0.0
"Tanzania, United Republic of",TZ,Simiyu,L1TZA3293,2014,4.2,3.700122474,0.0,0.0
"Tanzania, United Republic of",TZ,Simiyu,L1TZA3293,2015,3.84914158,2.988306708,1.652380694,6.164502165
"Tanzania, United Republic of",TZ,Zanzibar Central/South,L1TZA3279,2008,3.6714005600000004,0.0,0.25,0.0
"Tanzania, United Republic of",TZ,Zanzibar Central/South,L1TZA3279,2015,1.681227513,4.252627979,2.599757441,0.480225989
"Tanzania, United Republic of",TZ,Zanzibar North,L1TZA3274,2008,3.235798258,0.0,0.753968254,0.0
"Tanzania, United Republic of",TZ,Zanzibar North,L1TZA3274,2015,3.5245101479999996,7.859617267,0.548155324,2.697770438
"Tanzania, United Republic of",TZ,Zanzibar Urban/West,L1TZA3284,2008,3.946105372,0.0,0.815006468,0.0
"Tanzania, United Republic of",TZ,Zanzibar Urban/West,L1TZA3284,2015,3.3650843850000003,7.073127137999999,0.46875,2.327868852
Togo,TGO,Centre,L1TGO3017,1994,4.814292268000001,18.122577619,0.9353062,0.0
Togo,TGO,Savanes,L1TGO3021,1994,2.508130343,22.3372905,0.9847956609999999,0.0
Togo,TGO,Plateaux,L1TGO3020,1994,4.809554489,22.877123136999998,1.037678057,0.0
Togo,TGO,Kara,L1TGO3018,1994,4.7771440709999995,14.8578125,0.594726045,0.0
Togo,TGO,Maritime,L1TGO3019,1994,1.25190452,21.135988949999998,0.9436502410000001,0.0
Tunisia,TUN,Ariana,L1TUN3146,1994,1.938318952,0.0,0.0,0.0
Tunisia,TUN,Ariana,L1TUN3146,1999,1.484371362,0.0,0.0,0.0
Tunisia,TUN,Ariana,L1TUN3146,2000,0.637286325,0.0,0.0,0.0
Tunisia,TUN,Ariana,L1TUN3146,2012,5.344402948,0.0,0.0,0.0
Tunisia,TUN,Ariana,L1TUN3146,2013,7.053691275,0.0,0.0,0.0
Tunisia,TUN,Ariana,L1TUN3146,2014,6.21,0.0,0.0,0.0
Tunisia,TUN,Ariana,L1TUN3146,2015,5.662555038,0.0,0.0,0.0
Tunisia,TUN,Ariana,L1TUN3146,2016,2.796574074,0.0,0.0,0.0
Tunisia,TUN,Ben Arous (Tunis Sud),L1TUN3148,1994,2.513931888,0.0,0.0,0.0
Tunisia,TUN,Ben Arous (Tunis Sud),L1TUN3148,1999,0.992562929,0.0,0.0,0.0
Tunisia,TUN,Ben Arous (Tunis Sud),L1TUN3148,2000,0.755629139,0.0,0.0,0.0
Tunisia,TUN,Ben Arous (Tunis Sud),L1TUN3148,2012,7.136741239,0.0,0.0,0.0
Tunisia,TUN,Ben Arous (Tunis Sud),L1TUN3148,2013,6.133325393,0.0,0.0,0.0
Tunisia,TUN,Ben Arous (Tunis Sud),L1TUN3148,2014,7.109578613,0.0,0.0,0.0
Tunisia,TUN,Ben Arous (Tunis Sud),L1TUN3148,2015,3.750287197,0.0,0.0,0.0
Tunisia,TUN,Ben Arous (Tunis Sud),L1TUN3148,2016,1.869704209,0.0,0.0,0.0
Tunisia,TUN,Bizerte,L1TUN3149,1994,2.184436494,0.0,0.0,0.0
Tunisia,TUN,Bizerte,L1TUN3149,1999,2.108224993,0.0,0.0,0.0
Tunisia,TUN,Bizerte,L1TUN3149,2000,1.206283662,0.0,0.0,0.0
Tunisia,TUN,Bizerte,L1TUN3149,2012,5.2997246570000005,0.0,0.0,0.0
Tunisia,TUN,Bizerte,L1TUN3149,2013,5.221575543,0.0,0.0,0.0
Tunisia,TUN,Bizerte,L1TUN3149,2014,5.859565004999999,0.0,0.0,0.0
Tunisia,TUN,Bizerte,L1TUN3149,2015,4.774208717,0.0,0.0,0.0
Tunisia,TUN,Bizerte,L1TUN3149,2016,4.327913531,0.0,0.0,0.0
Tunisia,TUN,Béja,L1TUN3147,1994,3.263498249,0.0,0.0,0.0
Tunisia,TUN,Béja,L1TUN3147,1999,1.360619997,0.0,0.0,0.0
Tunisia,TUN,Béja,L1TUN3147,2000,0.597028502,0.0,0.0,0.0
Tunisia,TUN,Béja,L1TUN3147,2012,5.641362260999999,0.0,0.0,0.0
Tunisia,TUN,Béja,L1TUN3147,2013,6.549080814,0.0,0.0,0.0
Tunisia,TUN,Béja,L1TUN3147,2014,7.338942818,0.0,0.0,0.0
Tunisia,TUN,Béja,L1TUN3147,2015,5.160354664,0.0,0.0,0.0
Tunisia,TUN,Béja,L1TUN3147,2016,3.4191031769999998,0.0,0.0,0.0
Tunisia,TUN,Gabès,L1TUN3150,1994,0.6586361780000001,0.0,0.0,0.0
Tunisia,TUN,Gabès,L1TUN3150,1999,0.020983213,0.0,0.0,0.0
Tunisia,TUN,Gabès,L1TUN3150,2000,0.006381621,0.0,0.0,0.0
Tunisia,TUN,Gabès,L1TUN3150,2012,0.917611749,0.0,0.0,0.0
Tunisia,TUN,Gabès,L1TUN3150,2013,1.198156682,0.0,0.0,0.0
Tunisia,TUN,Gabès,L1TUN3150,2014,0.534725926,0.0,0.0,0.0
Tunisia,TUN,Gabès,L1TUN3150,2015,1.010526316,0.0,0.0,0.0
Tunisia,TUN,Gabès,L1TUN3150,2016,0.232096774,0.0,0.0,0.0
Tunisia,TUN,Gafsa,L1TUN3151,1999,0.038461538,0.0,0.0,0.0
Tunisia,TUN,Gafsa,L1TUN3151,2000,0.032848233,0.0,0.0,0.0
Tunisia,TUN,Gafsa,L1TUN3151,2012,0.464695118,0.0,0.0,0.0
Tunisia,TUN,Gafsa,L1TUN3151,2013,1.330634278,0.0,0.0,0.0
Tunisia,TUN,Gafsa,L1TUN3151,2014,2.4552941180000003,0.0,0.0,0.0
Tunisia,TUN,Gafsa,L1TUN3151,2015,2.65952381,0.0,0.0,0.0
Tunisia,TUN,Gafsa,L1TUN3151,2016,2.415,0.0,0.0,0.0
Tunisia,TUN,Jendouba,L1TUN3152,2012,5.953901118,0.0,0.0,0.0
Tunisia,TUN,Jendouba,L1TUN3152,2013,6.820683938,0.0,0.0,0.0
Tunisia,TUN,Jendouba,L1TUN3152,2014,6.765473544000001,0.0,0.0,0.0
Tunisia,TUN,Jendouba,L1TUN3152,2015,5.323474136,0.0,0.0,0.0
Tunisia,TUN,Jendouba,L1TUN3152,2016,3.689885166,0.0,0.0,0.0
Tunisia,TUN,Kairouan,L1TUN3153,1994,2.692671655,0.0,0.0,0.0
Tunisia,TUN,Kairouan,L1TUN3153,1999,0.682025316,0.0,0.0,0.0
Tunisia,TUN,Kairouan,L1TUN3153,2000,0.537959433,0.0,0.0,0.0
Tunisia,TUN,Kairouan,L1TUN3153,2012,3.54654927,0.0,0.0,0.0
Tunisia,TUN,Kairouan,L1TUN3153,2013,1.241942927,0.0,0.0,0.0
Tunisia,TUN,Kairouan,L1TUN3153,2014,3.221231795,0.0,0.0,0.0
Tunisia,TUN,Kairouan,L1TUN3153,2015,1.597480757,0.0,0.0,0.0
Tunisia,TUN,Kairouan,L1TUN3153,2016,1.682401462,0.0,0.0,0.0
Tunisia,TUN,Kassérine,L1TUN3154,1994,0.755789022,0.0,0.0,0.0
Tunisia,TUN,Kassérine,L1TUN3154,1999,0.161491171,0.0,0.0,0.0
Tunisia,TUN,Kassérine,L1TUN3154,2000,0.110363803,0.0,0.0,0.0
Tunisia,TUN,Kassérine,L1TUN3154,2012,1.028425001,0.0,0.0,0.0
Tunisia,TUN,Kassérine,L1TUN3154,2013,0.165235253,0.0,0.0,0.0
Tunisia,TUN,Kassérine,L1TUN3154,2014,1.3259280709999999,0.0,0.0,0.0
Tunisia,TUN,Kassérine,L1TUN3154,2015,0.470519484,0.0,0.0,0.0
Tunisia,TUN,Kassérine,L1TUN3154,2016,0.33822694999999997,0.0,0.0,0.0
Tunisia,TUN,Kebili,L1TUN3155,2012,0.485714286,0.0,0.0,0.0
Tunisia,TUN,Kebili,L1TUN3155,2016,0.0,0.0,0.0,0.0
Tunisia,TUN,Le Kef,L1TUN3156,1994,1.836785611,0.0,0.0,0.0
Tunisia,TUN,Le Kef,L1TUN3156,1999,0.640824283,0.0,0.0,0.0
Tunisia,TUN,Le Kef,L1TUN3156,2000,0.395007032,0.0,0.0,0.0
Tunisia,TUN,Le Kef,L1TUN3156,2012,4.608694613,0.0,0.0,0.0
Tunisia,TUN,Le Kef,L1TUN3156,2013,1.3521581010000001,0.0,0.0,0.0
Tunisia,TUN,Le Kef,L1TUN3156,2014,5.610426285,0.0,0.0,0.0
Tunisia,TUN,Le Kef,L1TUN3156,2015,3.534183519,0.0,0.0,0.0
Tunisia,TUN,Le Kef,L1TUN3156,2016,1.906563707,0.0,0.0,0.0
Tunisia,TUN,Mahdia,L1TUN3157,1994,1.351331719,0.0,0.0,0.0
Tunisia,TUN,Mahdia,L1TUN3157,1999,0.559180887,0.0,0.0,0.0
Tunisia,TUN,Mahdia,L1TUN3157,2000,0.476969697,0.0,0.0,0.0
Tunisia,TUN,Mahdia,L1TUN3157,2012,3.268559433,0.0,0.0,0.0
Tunisia,TUN,Mahdia,L1TUN3157,2014,3.218167701,0.0,0.0,0.0
Tunisia,TUN,Mahdia,L1TUN3157,2015,1.069897554,0.0,0.0,0.0
Tunisia,TUN,Mahdia,L1TUN3157,2016,0.060420168,0.0,0.0,0.0
Tunisia,TUN,Manubah,L1TUN3158,2012,7.09005483,0.0,0.0,0.0
Tunisia,TUN,Manubah,L1TUN3158,2013,5.3991525419999995,0.0,0.0,0.0
Tunisia,TUN,Manubah,L1TUN3158,2014,4.952450477,0.0,0.0,0.0
Tunisia,TUN,Manubah,L1TUN3158,2015,4.2250471869999995,0.0,0.0,0.0
Tunisia,TUN,Manubah,L1TUN3158,2016,2.3781621619999997,0.0,0.0,0.0
Tunisia,TUN,Monastir,L1TUN3160,1994,0.875,0.0,0.0,0.0
Tunisia,TUN,Monastir,L1TUN3160,1999,0.597902098,0.0,0.0,0.0
Tunisia,TUN,Monastir,L1TUN3160,2000,0.350480769,0.0,0.0,0.0
Tunisia,TUN,Monastir,L1TUN3160,2012,1.699551671,0.0,0.0,0.0
Tunisia,TUN,Monastir,L1TUN3160,2014,1.9208225110000001,0.0,0.0,0.0
Tunisia,TUN,Monastir,L1TUN3160,2015,0.927235772,0.0,0.0,0.0
Tunisia,TUN,Monastir,L1TUN3160,2016,0.0,0.0,0.0,0.0
Tunisia,TUN,Médenine,L1TUN3159,1994,0.746153846,0.0,0.0,0.0
Tunisia,TUN,Médenine,L1TUN3159,1999,0.088652482,0.0,0.0,0.0
Tunisia,TUN,Médenine,L1TUN3159,2000,0.185936647,0.0,0.0,0.0
Tunisia,TUN,Médenine,L1TUN3159,2012,0.7412634300000001,0.0,0.0,0.0
Tunisia,TUN,Médenine,L1TUN3159,2014,0.339705882,0.0,0.0,0.0
Tunisia,TUN,Médenine,L1TUN3159,2015,0.5979065729999999,0.0,0.0,0.0
Tunisia,TUN,Médenine,L1TUN3159,2016,0.33999999999999997,0.0,0.0,0.0
Tunisia,TUN,Nabeul,L1TUN3161,1994,2.1856972729999997,0.0,0.0,0.0
Tunisia,TUN,Nabeul,L1TUN3161,1999,1.732843137,0.0,0.0,0.0
Tunisia,TUN,Nabeul,L1TUN3161,2000,1.683168317,0.0,0.0,0.0
Tunisia,TUN,Nabeul,L1TUN3161,2012,7.383855001000001,0.0,0.0,0.0
Tunisia,TUN,Nabeul,L1TUN3161,2013,7.1416717169999995,0.0,0.0,0.0
Tunisia,TUN,Nabeul,L1TUN3161,2014,7.0189611339999995,0.0,0.0,0.0
Tunisia,TUN,Nabeul,L1TUN3161,2015,5.788547814999999,0.0,0.0,0.0
Tunisia,TUN,Nabeul,L1TUN3161,2016,2.950488048,0.0,0.0,0.0
Tunisia,TUN,Sfax,L1TUN3162,1994,0.831519652,0.0,0.0,0.0
Tunisia,TUN,Sfax,L1TUN3162,1999,0.077272727,0.0,0.0,0.0
Tunisia,TUN,Sfax,L1TUN3162,2000,0.1325,0.0,0.0,0.0
Tunisia,TUN,Sfax,L1TUN3162,2012,0.42507229599999996,0.0,0.0,0.0
Tunisia,TUN,Sfax,L1TUN3162,2013,0.24462479399999998,0.0,0.0,0.0
Tunisia,TUN,Sfax,L1TUN3162,2014,0.93980339,0.0,0.0,0.0
Tunisia,TUN,Sfax,L1TUN3162,2015,0.750958904,0.0,0.0,0.0
Tunisia,TUN,Sfax,L1TUN3162,2016,0.0,0.0,0.0,0.0
Tunisia,TUN,Sidi Bou Zid,L1TUN3163,1994,0.9835050810000001,0.0,0.0,0.0
Tunisia,TUN,Sidi Bou Zid,L1TUN3163,1999,0.41209763,0.0,0.0,0.0
Tunisia,TUN,Sidi Bou Zid,L1TUN3163,2000,0.354968095,0.0,0.0,0.0
Tunisia,TUN,Sidi Bou Zid,L1TUN3163,2012,2.1097035969999998,0.0,0.0,0.0
Tunisia,TUN,Sidi Bou Zid,L1TUN3163,2013,7.276778633999999,0.0,0.0,0.0
Tunisia,TUN,Sidi Bou Zid,L1TUN3163,2014,3.4198914659999997,0.0,0.0,0.0
Tunisia,TUN,Sidi Bou Zid,L1TUN3163,2015,3.065027107,0.0,0.0,0.0
Tunisia,TUN,Sidi Bou Zid,L1TUN3163,2016,7.72263706,0.0,0.0,0.0
Tunisia,TUN,Siliana,L1TUN3164,1994,1.011372178,0.0,0.0,0.0
Tunisia,TUN,Siliana,L1TUN3164,1999,0.717814509,0.0,0.0,0.0
Tunisia,TUN,Siliana,L1TUN3164,2000,0.333137295,0.0,0.0,0.0
Tunisia,TUN,Siliana,L1TUN3164,2012,4.3444444440000005,0.0,0.0,0.0
Tunisia,TUN,Siliana,L1TUN3164,2013,2.624692791,0.0,0.0,0.0
Tunisia,TUN,Siliana,L1TUN3164,2014,5.581707989,0.0,0.0,0.0
Tunisia,TUN,Siliana,L1TUN3164,2015,1.2382108920000001,0.0,0.0,0.0
Tunisia,TUN,Siliana,L1TUN3164,2016,1.771861361,0.0,0.0,0.0
Tunisia,TUN,Sousse,L1TUN3165,1994,0.650058445,0.0,0.0,0.0
Tunisia,TUN,Sousse,L1TUN3165,1999,0.278236915,0.0,0.0,0.0
Tunisia,TUN,Sousse,L1TUN3165,2000,0.347782258,0.0,0.0,0.0
Tunisia,TUN,Sousse,L1TUN3165,2012,2.304546955,0.0,0.0,0.0
Tunisia,TUN,Sousse,L1TUN3165,2013,0.081057712,0.0,0.0,0.0
Tunisia,TUN,Sousse,L1TUN3165,2014,2.3846659199999998,0.0,0.0,0.0
Tunisia,TUN,Sousse,L1TUN3165,2015,0.24953066,0.0,0.0,0.0
Tunisia,TUN,Sousse,L1TUN3165,2016,0.17464202,0.0,0.0,0.0
Tunisia,TUN,Tataouine,L1TUN3166,1994,0.303703704,0.0,0.0,0.0
Tunisia,TUN,Tataouine,L1TUN3166,2000,0.057209848,0.0,0.0,0.0
Tunisia,TUN,Tataouine,L1TUN3166,2012,0.329105853,0.0,0.0,0.0
Tunisia,TUN,Tataouine,L1TUN3166,2014,0.32332657200000003,0.0,0.0,0.0
Tunisia,TUN,Tataouine,L1TUN3166,2015,0.577776567,0.0,0.0,0.0
Tunisia,TUN,Tataouine,L1TUN3166,2016,0.32,0.0,0.0,0.0
Tunisia,TUN,Tozeur,L1TUN3167,2016,0.0,0.0,0.0,0.0
Tunisia,TUN,Tunis,L1TUN3168,1994,2.533333333,0.0,0.0,0.0
Tunisia,TUN,Tunis,L1TUN3168,1999,0.539375,0.0,0.0,0.0
Tunisia,TUN,Tunis,L1TUN3168,2000,0.708888889,0.0,0.0,0.0
Tunisia,TUN,Tunis,L1TUN3168,2012,6.889340813,0.0,0.0,0.0
Tunisia,TUN,Tunis,L1TUN3168,2013,4.600752314999999,0.0,0.0,0.0
Tunisia,TUN,Tunis,L1TUN3168,2014,4.975724318999999,0.0,0.0,0.0
Tunisia,TUN,Tunis,L1TUN3168,2015,3.492753623,0.0,0.0,0.0
Tunisia,TUN,Tunis,L1TUN3168,2016,3.145384615,0.0,0.0,0.0
Tunisia,TUN,Zaghouan,L1TUN3169,1994,2.12082777,0.0,0.0,0.0
Tunisia,TUN,Zaghouan,L1TUN3169,1999,0.844880213,0.0,0.0,0.0
Tunisia,TUN,Zaghouan,L1TUN3169,2000,0.532361624,0.0,0.0,0.0
Tunisia,TUN,Zaghouan,L1TUN3169,2012,3.822223685,0.0,0.0,0.0
Tunisia,TUN,Zaghouan,L1TUN3169,2013,1.1092675029999999,0.0,0.0,0.0
Tunisia,TUN,Zaghouan,L1TUN3169,2014,6.350492603,0.0,0.0,0.0
Tunisia,TUN,Zaghouan,L1TUN3169,2015,2.468566803,0.0,0.0,0.0
Tunisia,TUN,Zaghouan,L1TUN3169,2016,0.59163186,0.0,0.0,0.0
Uganda,UG,Central,L1UGA3312,2008,1.5625,19.807271833999998,4.0,0.0
Uganda,UG,Central,L1UGA3313,2008,2.926470588,16.03968254,2.214285714,0.0
Uganda,UG,Central,L1UGA3320,2008,3.5320129060000003,6.164917689999999,1.199076291,0.0
Uganda,UG,Central,L1UGA3322,2008,6.555215979,5.4893979029999995,4.310468514,0.0
Uganda,UG,Central,L1UGA3331,2008,7.719462232,7.4189148320000005,0.888927056,0.0
Uganda,UG,Central,L1UGA3331,2009,1.382550336,0.0,0.125,0.0
Uganda,UG,Central,L1UGA3332,2008,4.903081547999999,15.034844281,3.08648302,0.0
Uganda,UG,Central,L1UGA3339,2008,4.090792883,5.229018609000001,2.287397599,0.0
Uganda,UG,Central,L1UGA3339,2009,0.0,0.0,0.476744186,0.0
Uganda,UG,Central,L1UGA3340,2008,9.404762118,11.111995925999999,2.936638334,0.0
Uganda,UG,Central,L1UGA3340,2009,2.86649175,0.0,0.0,0.0
Uganda,UG,Central,L1UGA3341,2008,2.308526063,4.827256522000001,0.8198310740000001,0.0
Uganda,UG,Central,L1UGA3341,2009,0.0,0.0,0.41778975799999996,0.0
Uganda,UG,Central,L1UGA3343,2008,14.074301542,16.36657364,10.689802977,0.0
Uganda,UG,Central,L1UGA3343,2009,0.0,0.0,0.103896104,0.0
Uganda,UG,Central,L1UGA3348,2008,4.636833124000001,10.625230802,3.9638915919999995,0.0
Uganda,UG,Central,L1UGA3348,2009,1.234200743,0.0,0.0,0.0
Uganda,UG,Central,L1UGA3350,2008,4.805966497,10.336205795,2.23730417,0.0
Uganda,UG,Central,L1UGA3350,2009,0.0,0.0,0.560229446,0.0
Uganda,UG,Central,L1UGA3354,2008,1.645802246,11.581258615,1.394163048,0.0
Uganda,UG,Central,L1UGA3354,2009,0.995545657,0.0,0.093023256,0.0
Uganda,UG,Western,L1UGA3302,2008,1.813092551,6.4411587820000005,2.29753345,0.0
Uganda,UG,Western,L1UGA3303,2008,2.077917287,8.971777412,2.760494845,0.0
Uganda,UG,Western,L1UGA3303,2009,0.0,0.0,0.176823177,0.0
Uganda,UG,Western,L1UGA3306,2008,7.350989813,15.287319702,6.156544018,0.0
Uganda,UG,Western,L1UGA3306,2009,0.0,0.0,1.18335983,0.0
Uganda,UG,Western,L1UGA3309,2008,1.9464144169999997,10.576051447,3.2797331190000003,0.0
Uganda,UG,Western,L1UGA3310,2008,19.444654284000002,16.502434317,5.491322102,0.0
Uganda,UG,Western,L1UGA3315,2008,3.548188247,16.379677101,3.175593977,0.0
Uganda,UG,Western,L1UGA3315,2009,0.0,0.0,0.437863564,0.0
Uganda,UG,Western,L1UGA3316,2008,7.564439097999999,15.420364565,1.5673823550000001,0.0
Uganda,UG,Western,L1UGA3316,2009,0.0,0.0,0.729781161,0.0
Uganda,UG,Western,L1UGA3318,2008,7.171250156000001,11.899743218000001,5.110479552,0.0
Uganda,UG,Western,L1UGA3318,2009,0.0,0.0,0.149870801,0.0
Uganda,UG,Western,L1UGA3321,2008,9.151939045999999,8.172337674,7.924973568,0.0
Uganda,UG,Western,L1UGA3321,2009,0.0,0.0,1.617905676,0.0
Uganda,UG,Western,L1UGA3323,2008,5.340345557,18.174931262999998,1.186894704,0.0
Uganda,UG,Western,L1UGA3327,2008,7.265338015999999,12.913926059,4.588682685,0.0
Uganda,UG,Western,L1UGA3333,2008,8.850556969,5.3625529830000005,2.399716891,0.0
Uganda,UG,Western,L1UGA3333,2009,1.359851091,0.0,0.0,0.0
Uganda,UG,Western,L1UGA3336,2008,2.478291257,13.905941349,1.3592848389999999,0.0
Uganda,UG,Western,L1UGA3345,2008,6.174893004,8.214356679,3.8713692749999997,0.0
Uganda,UG,Western,L1UGA3349,2008,6.598402034,11.596132518000001,2.497630261,0.0
Uganda,UG,Eastern,L1UGA3301,2008,3.690990643,4.638473825,2.081175065,0.0
Uganda,UG,Eastern,L1UGA3301,2009,0.0,0.0,0.506092608,0.0
Uganda,UG,Eastern,L1UGA3304,2008,15.606090486,4.527957377,1.3138384159999998,0.0
Uganda,UG,Eastern,L1UGA3307,2008,13.409048278,23.37592456,2.248476451,0.0
Uganda,UG,Eastern,L1UGA3307,2009,0.0,0.0,0.385605617,0.0
Uganda,UG,Eastern,L1UGA3308,2008,2.5417363920000002,18.850818527999998,1.176419653,0.0
Uganda,UG,Eastern,L1UGA3311,2008,2.786057435,6.5584103890000005,2.038426409,0.0
Uganda,UG,Eastern,L1UGA3314,2008,5.175446027,7.827510039,1.845820454,0.0
Uganda,UG,Eastern,L1UGA3317,2008,8.72361809,6.203338807,0.562372188,0.0
Uganda,UG,Eastern,L1UGA3319,2008,1.195261307,1.514915905,0.8407958550000001,0.0
Uganda,UG,Eastern,L1UGA3319,2009,0.0,0.0,0.107840801,0.0
Uganda,UG,Eastern,L1UGA3326,2008,3.0846129270000002,5.459149645,4.1694009439999995,0.0
Uganda,UG,Eastern,L1UGA3326,2009,0.0,0.0,0.73228112,0.0
Uganda,UG,Eastern,L1UGA3334,2008,5.144680125000001,4.441165332000001,1.7553394390000001,0.0
Uganda,UG,Eastern,L1UGA3334,2009,0.0,0.0,0.499371069,0.0
Uganda,UG,Eastern,L1UGA3335,2008,8.741168533,7.4376319539999995,6.625527218999999,0.0
Uganda,UG,Eastern,L1UGA3335,2009,1.118492811,1.19434629,0.319218241,0.0
Uganda,UG,Eastern,L1UGA3347,2008,6.8042564,1.412946003,1.9139100510000002,0.0
Uganda,UG,Eastern,L1UGA3347,2009,4.847858672,0.0,0.0,0.0
Uganda,UG,Eastern,L1UGA3351,2008,5.875886089,7.53196918,5.5530155489999995,0.0
Uganda,UG,Eastern,L1UGA3351,2009,6.166666667,4.614035088,0.0,0.0
Uganda,UG,Eastern,L1UGA3352,2008,34.142135479000004,14.183205845,7.107727028999999,0.0
Uganda,UG,Eastern,L1UGA3352,2009,0.0,0.0,0.715663149,0.0
Uganda,UG,Eastern,L1UGA3353,2008,25.284696005,15.98650228,29.619580714999998,0.0
Uganda,UG,Eastern,L1UGA3353,2009,7.563450043,6.335616438,1.936132983,0.0
Uganda,UG,Northern,L1UGA3298,2008,15.0431353,16.274987134,7.870954832,0.0
Uganda,UG,Northern,L1UGA3298,2009,0.0,0.0,1.017409471,0.0
Uganda,UG,Northern,L1UGA3299,2008,4.145602211,16.550466907,3.2525513339999996,0.0
Uganda,UG,Northern,L1UGA3299,2009,0.0,0.0,0.474059124,0.0
Uganda,UG,Northern,L1UGA3300,2008,19.899047222,20.347129485,10.064507733,0.0
Uganda,UG,Northern,L1UGA3305,2008,4.824289628,45.169039295,4.757694112,0.0
Uganda,UG,Northern,L1UGA3324,2008,3.1877193640000003,3.752008394,1.7521842680000002,0.0
Uganda,UG,Northern,L1UGA3324,2009,0.291018902,0.0,0.0,0.0
Uganda,UG,Northern,L1UGA3325,2008,4.215001187,0.0,5.379445537,0.0
Uganda,UG,Northern,L1UGA3325,2009,0.543,0.0,0.0,0.0
Uganda,UG,Northern,L1UGA3330,2008,4.395624492,5.403836022,1.689382474,0.0
Uganda,UG,Northern,L1UGA3330,2009,0.585921325,1.298664044,0.268342951,0.0
Uganda,UG,Northern,L1UGA3337,2008,3.739291991,36.0,1.9136111359999999,0.0
Uganda,UG,Northern,L1UGA3338,2008,7.018579731,7.190039436,2.517692203,0.0
Uganda,UG,Northern,L1UGA3342,2008,0.27190322,8.685294278,0.283137076,0.0
Uganda,UG,Northern,L1UGA3342,2009,0.052704364,0.0,0.0,0.0
Uganda,UG,Northern,L1UGA3344,2008,4.391041087,9.410941473,2.389498188,0.0
Uganda,UG,Northern,L1UGA3346,2008,4.796131289,3.2391026629999997,2.25414844,0.0
Uganda,UG,Northern,L1UGA3346,2009,0.0,0.0,0.305179913,0.0
Uganda,UG,Northern,L1UGA3355,2008,5.0264814819999994,9.455221031,5.33876557,0.0
Uganda,UG,Northern,L1UGA3355,2009,3.636840929,0.0,0.42166267,0.0
Uganda,UGA,Busia,L1UGA3304,2009,10.365155,2.237564,0.551723,0.0
Uganda,UGA,Adjumani,L1UGA3298,2009,9.832543,5.986008,1.526521,0.0
Uganda,UGA,Apac,L1UGA3299,1981,4.801302777,13.510874786,2.621616616,0.0
Uganda,UGA,Apac,L1UGA3299,1982,3.9467693630000005,13.45828852,2.403686914,0.0
Uganda,UGA,Apac,L1UGA3299,1983,4.974890997,12.73685124,2.589969233,0.0
Uganda,UGA,Apac,L1UGA3299,1984,3.176221276,11.625012728,2.339895534,0.0
Uganda,UGA,Apac,L1UGA3299,1985,4.256204471,13.645462305999999,1.959146868,0.0
Uganda,UGA,Apac,L1UGA3299,1986,3.6051965,12.550920595000001,1.9928311870000002,0.0
Uganda,UGA,Apac,L1UGA3299,1987,4.217957800000001,13.161003706,2.030317922,0.0
Uganda,UGA,Apac,L1UGA3299,1988,4.309278997,13.14534664,2.224290253,0.0
Uganda,UGA,Apac,L1UGA3299,1989,4.545557521,13.196517968999999,2.4935288939999998,0.0
Uganda,UGA,Apac,L1UGA3299,1990,4.259851594,19.469703952000003,2.659216113,0.0
Uganda,UGA,Apac,L1UGA3299,1991,4.291802122,19.786905014000002,24.495271398999996,0.900020678
Uganda,UGA,Apac,L1UGA3299,1992,4.6164465340000005,12.08199578,2.5259673129999998,0.0
Uganda,UGA,Apac,L1UGA3299,2009,4.531227,5.601177,1.332921,0.0
Uganda,UGA,Arua,L1UGA3300,1981,5.674575256,20.397744688,1.621622367,0.0
Uganda,UGA,Arua,L1UGA3300,1982,5.1579942679999995,20.458224774,1.401125207,0.0
Uganda,UGA,Arua,L1UGA3300,1983,6.253336115,13.73332035,1.5888309440000001,0.0
Uganda,UGA,Arua,L1UGA3300,1984,4.3338313799999995,19.456852714,2.215132462,0.0
Uganda,UGA,Arua,L1UGA3300,1985,5.523032145,20.522059804999998,2.334926802,0.0
Uganda,UGA,Arua,L1UGA3300,1986,4.716385743,16.247388615,2.187823351,0.0
Uganda,UGA,Arua,L1UGA3300,1987,5.985038305,20.226452999,2.448313287,0.0
Uganda,UGA,Arua,L1UGA3300,1988,5.69751456,20.061195430999998,2.501710746,0.0
Uganda,UGA,Arua,L1UGA3300,1989,5.919273377,16.476587528,2.4758390610000003,0.0
Uganda,UGA,Arua,L1UGA3300,1990,7.002088967,19.441263192,2.629935502,0.0
Uganda,UGA,Arua,L1UGA3300,1991,5.696423920000001,19.766769091999997,6.465326962999999,0.599647266
Uganda,UGA,Arua,L1UGA3300,1992,6.022759487,12.064714234,2.519566887,0.0
Uganda,UGA,Arua,L1UGA3300,2009,18.947035,8.416599,5.542658,0.0
Uganda,UGA,Bugiri,L1UGA3301,2009,3.9630170000000002,1.976533,0.6104,0.0
Uganda,UGA,Bundibugyo,L1UGA3302,1981,6.0566028549999995,20.422290656,2.5683899329999997,0.0
Uganda,UGA,Bundibugyo,L1UGA3302,1982,5.148500794,20.256467439,2.48637235,0.0
Uganda,UGA,Bundibugyo,L1UGA3302,1983,5.938903677,19.70598389,2.668100582,0.0
Uganda,UGA,Bundibugyo,L1UGA3302,1984,4.333509088,19.44844895,2.0430918240000002,0.0
Uganda,UGA,Bundibugyo,L1UGA3302,1985,5.718226884,20.437096476999997,2.515844648,0.0
Uganda,UGA,Bundibugyo,L1UGA3302,1986,4.74610751,17.998617986,2.073017438,0.0
Uganda,UGA,Bundibugyo,L1UGA3302,1987,5.6357610959999995,20.499737668999998,2.242146906,0.0
Uganda,UGA,Bundibugyo,L1UGA3302,1988,5.637535951,20.175017771,2.2664232039999996,0.0
Uganda,UGA,Bundibugyo,L1UGA3302,1989,5.961636171,20.130113053000002,2.480164727,0.0
Uganda,UGA,Bundibugyo,L1UGA3302,1990,6.136455472,19.563711223,2.628079597,0.0
Uganda,UGA,Bundibugyo,L1UGA3302,1991,5.695382576,19.889559766999998,2.6994365090000003,0.0
Uganda,UGA,Bundibugyo,L1UGA3302,1992,4.9401543629999995,12.192323334,2.521661782,0.0
Uganda,UGA,Bundibugyo,L1UGA3302,2009,1.869231,3.182512,1.484937,0.0
Uganda,UGA,Bushenyi,L1UGA3303,1981,4.800971005,20.424542438,2.548576294,0.0
Uganda,UGA,Bushenyi,L1UGA3303,1982,3.9430055,20.458402129,2.4760373409999996,0.0
Uganda,UGA,Bushenyi,L1UGA3303,1983,4.974662529,19.736368534,2.6618834380000003,0.0
Uganda,UGA,Bushenyi,L1UGA3303,1984,3.176081586,19.455794018,2.157954739,0.0
Uganda,UGA,Bushenyi,L1UGA3303,1985,4.396610321,20.437929215,2.133748516,0.0
Uganda,UGA,Bushenyi,L1UGA3303,1986,3.6049847059999998,17.60256325,1.965218524,0.0
Uganda,UGA,Bushenyi,L1UGA3303,1987,4.170417156999999,20.243908399,2.380491867,0.0
Uganda,UGA,Bushenyi,L1UGA3303,1988,4.309634122,19.994107627,2.454506897,0.0
Uganda,UGA,Bushenyi,L1UGA3303,1989,4.550899498000001,20.12439696,2.485766602,0.0
Uganda,UGA,Bushenyi,L1UGA3303,1990,4.845436777,19.429840808,2.626378457,0.0
Uganda,UGA,Bushenyi,L1UGA3303,1991,4.333818356,19.757841575,2.698460057,0.0
Uganda,UGA,Bushenyi,L1UGA3303,1992,4.670048852,12.051152517999999,2.524045866,0.0
Uganda,UGA,Bushenyi,L1UGA3303,2009,3.246867,6.785024,0.963907,0.0
Uganda,UGA,Gulu,L1UGA3305,1981,6.046622429,13.510843636,1.620920677,0.0
Uganda,UGA,Gulu,L1UGA3305,1982,5.157959631000001,13.458093564,1.4008693810000001,0.0
Uganda,UGA,Gulu,L1UGA3305,1983,6.240507262,12.736655753,1.5889506230000001,0.0
Uganda,UGA,Gulu,L1UGA3305,1984,4.333084882,11.625191435,1.598908636,0.0
Uganda,UGA,Gulu,L1UGA3305,1985,5.442965357,13.645493703,1.4237241429999998,0.0
Uganda,UGA,Gulu,L1UGA3305,1986,4.660997631,12.55098009,1.443135984,0.0
Uganda,UGA,Gulu,L1UGA3305,1987,5.431214704,13.160055998,1.630264055,0.0
Uganda,UGA,Gulu,L1UGA3305,1988,5.614253946,10.541099013,1.510008934,0.0
Uganda,UGA,Gulu,L1UGA3305,1989,5.962632424,13.19640857,1.579993885,0.0
Uganda,UGA,Gulu,L1UGA3305,1990,5.937129918,12.395389899000001,1.6466376239999998,0.0
Uganda,UGA,Gulu,L1UGA3305,1991,5.687360835,12.491902475,1.528404456,0.0
Uganda,UGA,Gulu,L1UGA3305,1992,6.015061730999999,12.091625343,1.5117394480000002,0.0
Uganda,UGA,Gulu,L1UGA3305,2009,8.334449,2.638909,2.608659,0.0
Uganda,UGA,Hoima,L1UGA3306,1981,6.039596367,20.421514290999998,2.6216960499999997,0.0
Uganda,UGA,Hoima,L1UGA3306,1982,5.1602561300000005,20.458448457,2.500991167,0.0
Uganda,UGA,Hoima,L1UGA3306,1983,6.254333618,19.736781159,2.6887786680000003,0.0
Uganda,UGA,Hoima,L1UGA3306,1984,4.327746685,19.461517177,2.332901449,0.0
Uganda,UGA,Hoima,L1UGA3306,1985,5.59338136,20.437479133,2.18855988,0.0
Uganda,UGA,Hoima,L1UGA3306,1986,4.716665626999999,18.598782583000002,2.388026902,0.0
Uganda,UGA,Hoima,L1UGA3306,1987,5.648692768,21.150248941,2.551751263,0.0
Uganda,UGA,Hoima,L1UGA3306,1988,5.721726388,20.888003374,2.660465095,0.0
Uganda,UGA,Hoima,L1UGA3306,1989,5.962551637000001,20.124313471999997,2.479622846,0.0
Uganda,UGA,Hoima,L1UGA3306,1990,5.6043153089999995,19.877046359999998,2.628529825,0.0
Uganda,UGA,Hoima,L1UGA3306,1991,4.30458706,13.311590488,5.219671346,0.699626866
Uganda,UGA,Hoima,L1UGA3306,1992,4.631341663,31.723227131999998,2.653853497,0.0
Uganda,UGA,Hoima,L1UGA3306,2009,4.9214389999999995,7.782218,2.5379709999999998,0.0
Uganda,UGA,Iganga,L1UGA3307,1981,6.045542462,13.511075638,2.568538772,0.0
Uganda,UGA,Iganga,L1UGA3307,1982,5.160347494,13.458843389,2.480576168,0.0
Uganda,UGA,Iganga,L1UGA3307,1983,6.2538259709999995,12.736717930000001,2.6689180749999997,0.0
Uganda,UGA,Iganga,L1UGA3307,1984,4.329109939,11.625061346999999,2.109230679,0.0
Uganda,UGA,Iganga,L1UGA3307,1985,5.449535802,13.645409746,2.340130508,0.0
Uganda,UGA,Iganga,L1UGA3307,1986,4.7172093440000005,12.554197793,2.091914773,0.0
Uganda,UGA,Iganga,L1UGA3307,1987,5.649444818,13.164027302000001,2.447940537,0.0
Uganda,UGA,Iganga,L1UGA3307,1988,5.7191507779999995,13.122107383,2.526772797,0.0
Uganda,UGA,Iganga,L1UGA3307,1989,5.961808514,13.196859453999998,2.479605962,0.0
Uganda,UGA,Iganga,L1UGA3307,1990,6.020597176000001,19.448703513999998,2.6281395119999997,0.0
Uganda,UGA,Iganga,L1UGA3307,1991,5.6957449669999995,19.771790494,7.148347643,0.799837925
Uganda,UGA,Iganga,L1UGA3307,1992,6.023831726,12.070242759,2.5235349339999997,0.0
Uganda,UGA,Iganga,L1UGA3307,2009,18.505523000000004,11.497909,1.348705,0.0
Uganda,UGA,Jinja,L1UGA3308,1981,2.85543738,13.51127185,1.8916347450000002,0.0
Uganda,UGA,Jinja,L1UGA3308,1982,2.430078463,13.458392204999999,2.4820246200000002,0.0
Uganda,UGA,Jinja,L1UGA3308,1983,2.872727273,12.736786626,2.667913357,0.0
Uganda,UGA,Jinja,L1UGA3308,1984,2.150063207,11.626732031,2.108730115,0.0
Uganda,UGA,Jinja,L1UGA3308,1985,2.940222099,13.645406723999999,2.340348652,0.0
Uganda,UGA,Jinja,L1UGA3308,1986,2.361245592,12.513368677999999,2.085076663,0.0
Uganda,UGA,Jinja,L1UGA3308,1987,2.8826029970000002,13.126715858,2.442942484,0.0
Uganda,UGA,Jinja,L1UGA3308,1988,2.9769187749999997,13.085852223,2.427892909,0.0
Uganda,UGA,Jinja,L1UGA3308,1989,3.011706267,13.196682194000001,2.481098137,0.0
Uganda,UGA,Jinja,L1UGA3308,1990,2.595637452,19.428099625,2.6285854740000003,0.0
Uganda,UGA,Jinja,L1UGA3308,1991,2.860961904,19.754215589999998,2.6998913719999997,0.0
Uganda,UGA,Jinja,L1UGA3308,1992,2.977995071,12.051835475,2.52526645,0.0
Uganda,UGA,Jinja,L1UGA3308,2009,1.58011,5.79533,1.2672219999999998,0.0
Uganda,UGA,Kabale,L1UGA3309,1981,3.485255039,20.430118914,1.623270926,0.0
Uganda,UGA,Kabale,L1UGA3309,1982,2.564352934,20.458221636999998,1.401620709,0.0
Uganda,UGA,Kabale,L1UGA3309,1983,3.5749476739999997,19.736437913,1.588304832,0.0
Uganda,UGA,Kabale,L1UGA3309,1984,2.200855485,19.455231228,1.4654719809999999,0.0
Uganda,UGA,Kabale,L1UGA3309,1985,3.328360455,20.414023683,1.5147770239999998,0.0
Uganda,UGA,Kabale,L1UGA3309,1986,2.605532224,17.964537676,1.446329942,0.0
Uganda,UGA,Kabale,L1UGA3309,1987,3.192328498,20.568088836,1.6284663689999999,0.0
Uganda,UGA,Kabale,L1UGA3309,1988,3.033536947,20.31886493,1.510016335,0.0
Uganda,UGA,Kabale,L1UGA3309,1989,3.101006097,20.124279704,1.578895901,0.0
Uganda,UGA,Kabale,L1UGA3309,1990,2.988780061,19.591468647,1.647187544,0.0
Uganda,UGA,Kabale,L1UGA3309,1991,2.982379215,19.918583437,1.5275391630000001,0.0
Uganda,UGA,Kabale,L1UGA3309,1992,2.476973759,12.547340599,1.4449283419999999,0.0
Uganda,UGA,Kabale,L1UGA3309,2009,4.622271,7.656070000000001,2.4765,0.0
Uganda,UGA,Kabarole,L1UGA3310,1981,3.485282708,20.427337993000002,2.567429561,0.0
Uganda,UGA,Kabarole,L1UGA3310,1982,2.564371093,20.45843674,2.497586677,0.0
Uganda,UGA,Kabarole,L1UGA3310,1983,3.575089146,19.736773868,2.679766576,0.0
Uganda,UGA,Kabarole,L1UGA3310,1984,2.200922413,19.449395498,2.006896417,0.0
Uganda,UGA,Kabarole,L1UGA3310,1985,3.137147656,20.437484216,2.262186788,0.0
Uganda,UGA,Kabarole,L1UGA3310,1986,2.605243753,16.603802372,1.879095029,0.0
Uganda,UGA,Kabarole,L1UGA3310,1987,3.008207329,19.318519872,2.240518528,0.0
Uganda,UGA,Kabarole,L1UGA3310,1988,3.0334500350000004,19.100932394,2.2677893239999998,0.0
Uganda,UGA,Kabarole,L1UGA3310,1989,3.100972475,20.124368761,2.4802938770000003,0.0
Uganda,UGA,Kabarole,L1UGA3310,1990,2.519109002,18.983132648999998,2.62805389,0.0
Uganda,UGA,Kabarole,L1UGA3310,1991,2.982445319,19.294594843,3.884438913,0.0
Uganda,UGA,Kabarole,L1UGA3310,1992,3.135898539,11.593414203,2.524409285,0.0
Uganda,UGA,Kabarole,L1UGA3310,2009,19.734498,14.353785,4.040324999999999,0.0
Uganda,UGA,Kaberamaido,L1UGA3311,2009,8.466075,2.184393,3.0987489999999998,0.0
Uganda,UGA,Kalangala,L1UGA3312,1990,0.0,7.066666667,0.0,0.0
Uganda,UGA,Kalangala,L1UGA3312,1991,0.0,7.309090909,0.0,0.0
Uganda,UGA,Kalangala,L1UGA3312,1992,3.376470589,6.190056903,2.348763635,0.0
Uganda,UGA,Kalangala,L1UGA3312,2009,0.494214,7.155716,3.873113,0.0
Uganda,UGA,Kampala,L1UGA3313,1981,0.0,0.0,0.948586118,0.0
Uganda,UGA,Kampala,L1UGA3313,1982,0.0,0.0,1.079859367,0.0
Uganda,UGA,Kampala,L1UGA3313,1983,0.0,0.0,1.079805353,0.0
Uganda,UGA,Kampala,L1UGA3313,1984,0.0,0.0,0.770791882,0.0
Uganda,UGA,Kampala,L1UGA3313,1985,0.0,0.0,0.823029593,0.0
Uganda,UGA,Kampala,L1UGA3313,1986,0.0,0.0,0.838781575,0.0
Uganda,UGA,Kampala,L1UGA3313,1987,0.0,0.0,0.815627744,0.0
Uganda,UGA,Kampala,L1UGA3313,1988,0.0,0.0,1.014850098,0.0
Uganda,UGA,Kampala,L1UGA3313,1989,0.0,0.0,0.899919722,0.0
Uganda,UGA,Kampala,L1UGA3313,1990,0.0,7.0,1.061326861,0.0
Uganda,UGA,Kampala,L1UGA3313,1991,0.0,7.333333333,1.169866162,0.0
Uganda,UGA,Kampala,L1UGA3313,1992,0.0,0.0,1.011791997,0.0
Uganda,UGA,Kampala,L1UGA3313,2009,3.303632,5.728261,1.796296,0.0
Uganda,UGA,Kamuli,L1UGA3314,1981,4.72080907,13.510460674,2.570301578,0.0
Uganda,UGA,Kamuli,L1UGA3314,1982,3.772036859,13.458132718999998,2.483507313,0.0
Uganda,UGA,Kamuli,L1UGA3314,1983,4.845034776,12.736626874999999,2.668766317,0.0
Uganda,UGA,Kamuli,L1UGA3314,1984,3.354043525,11.623992476,2.2149437929999998,0.0
Uganda,UGA,Kamuli,L1UGA3314,1985,4.672668784,13.645489176,2.339728832,0.0
Uganda,UGA,Kamuli,L1UGA3314,1986,3.708778731,12.613657931,2.187185833,0.0
Uganda,UGA,Kamuli,L1UGA3314,1987,4.481466191000001,13.218555599999998,2.445838027,0.0
Uganda,UGA,Kamuli,L1UGA3314,1988,4.442304276,13.175113085,2.524819858,0.0
Uganda,UGA,Kamuli,L1UGA3314,1989,4.513787101,13.196607829000001,2.479909809,0.0
Uganda,UGA,Kamuli,L1UGA3314,1990,4.977220741,19.475925552,2.7078792359999997,0.0
Uganda,UGA,Kamuli,L1UGA3314,1991,4.3443109799999995,19.79915286,2.698247226,0.800034959
Uganda,UGA,Kamuli,L1UGA3314,1992,4.489883648,12.097078784,2.523698777,0.0
Uganda,UGA,Kamuli,L1UGA3314,2009,3.896199,2.646417,0.568963,0.0
Uganda,UGA,Kamwenge,L1UGA3315,2009,2.907235,8.26068,0.796491,0.0
Uganda,UGA,Kanungu,L1UGA3316,2009,12.996920999999999,5.369901,1.139128,0.0
Uganda,UGA,Kapchorwa,L1UGA3317,1981,6.057729188,20.422194543,2.0350716,0.0
Uganda,UGA,Kapchorwa,L1UGA3317,1982,5.153639514,20.458543814,1.4064706120000001,0.0
Uganda,UGA,Kapchorwa,L1UGA3317,1983,6.211891757,19.735944294,1.5868284830000001,0.0
Uganda,UGA,Kapchorwa,L1UGA3317,1984,4.3257460850000005,19.475671594,1.339055144,0.0
Uganda,UGA,Kapchorwa,L1UGA3317,1985,5.887310906,20.433158517,1.516587773,0.0
Uganda,UGA,Kapchorwa,L1UGA3317,1986,4.706678030000001,17.605814536,1.2511606450000001,0.0
Uganda,UGA,Kapchorwa,L1UGA3317,1987,5.442174641,20.234852715,1.630150187,0.0
Uganda,UGA,Kapchorwa,L1UGA3317,1988,5.326903293,20.063098632,1.509668566,0.0
Uganda,UGA,Kapchorwa,L1UGA3317,1989,5.963004111,20.128010882999998,1.580672069,0.0
Uganda,UGA,Kapchorwa,L1UGA3317,1990,5.827971359999999,19.448640196,1.647823216,0.0
Uganda,UGA,Kapchorwa,L1UGA3317,1991,5.680589789,19.767056854,1.529683811,0.0
Uganda,UGA,Kapchorwa,L1UGA3317,1992,6.009533364999999,12.065608945000001,1.513111241,0.0
Uganda,UGA,Kapchorwa,L1UGA3317,2009,4.188539,5.221343,0.654316,0.0
Uganda,UGA,Kasese,L1UGA3318,1981,4.800792249,20.435447957,2.550617397,0.0
Uganda,UGA,Kasese,L1UGA3318,1982,5.275895237,20.458767476000002,2.459108015,0.0
Uganda,UGA,Kasese,L1UGA3318,1983,5.969285632,19.733563676,2.645604122,0.0
Uganda,UGA,Kasese,L1UGA3318,1984,3.16866066,19.460029392,2.048508205,0.0
Uganda,UGA,Kasese,L1UGA3318,1985,4.590026291,20.431003382,2.3795605170000003,0.0
Uganda,UGA,Kasese,L1UGA3318,1986,3.599206349,16.592104166,1.862888253,0.0
Uganda,UGA,Kasese,L1UGA3318,1987,4.381220368999999,19.330449594,2.264373254,0.0
Uganda,UGA,Kasese,L1UGA3318,1988,9.520480254999999,19.110680333,2.33459602,0.0
Uganda,UGA,Kasese,L1UGA3318,1989,4.549956293999999,20.113246665,2.497772537,0.0
Uganda,UGA,Kasese,L1UGA3318,1990,3.491604346,18.977168848,2.629266486,0.0
Uganda,UGA,Kasese,L1UGA3318,1991,4.334376891,19.294585964,2.69815519,0.79995036
Uganda,UGA,Kasese,L1UGA3318,1992,4.655015134999999,11.568336375,2.524699547,0.0
Uganda,UGA,Kasese,L1UGA3318,2009,8.349914,8.314504,2.586489,0.0
Uganda,UGA,Katakwi,L1UGA3319,2009,2.4929439999999996,0.960003,0.172117,0.0
Uganda,UGA,Kayunga,L1UGA3320,2009,3.0298179999999997,2.354164,0.8179810000000001,0.0
Uganda,UGA,Kibale,L1UGA3321,1991,6.148195324,20.035519888,2.542814592,0.0
Uganda,UGA,Kibale,L1UGA3321,1992,6.514021307,14.254107325,2.380973876,0.0
Uganda,UGA,Kibale,L1UGA3321,2009,7.68356,5.623774,2.055821,0.0
Uganda,UGA,Kiboga,L1UGA3322,2009,8.325205,3.053502,4.736153,0.0
Uganda,UGA,Kisoro,L1UGA3323,1992,3.230073939,2.055903866,0.900047939,0.0
Uganda,UGA,Kisoro,L1UGA3323,2009,1.7884259999999998,10.50502,1.892314,0.0
Uganda,UGA,Kitgum,L1UGA3324,1981,6.044734806,13.517835286,1.6216121399999999,0.0
Uganda,UGA,Kitgum,L1UGA3324,1982,5.160596878,13.458264486,1.4008695310000001,0.0
Uganda,UGA,Kitgum,L1UGA3324,1983,6.217367477,12.736771777,1.588930831,0.0
Uganda,UGA,Kitgum,L1UGA3324,1984,4.335270216,11.62493469,1.539852585,0.0
Uganda,UGA,Kitgum,L1UGA3324,1985,5.45614058,13.645454241,1.423729718,0.0
Uganda,UGA,Kitgum,L1UGA3324,1986,4.6954018809999996,12.687907122999999,1.414698999,0.0
Uganda,UGA,Kitgum,L1UGA3324,1987,5.55055504,13.619029867000002,1.630267698,0.0
Uganda,UGA,Kitgum,L1UGA3324,1988,5.613666772,13.267667923,1.509981359,0.0
Uganda,UGA,Kitgum,L1UGA3324,1989,5.950938506,13.196601659,1.580012259,0.0
Uganda,UGA,Kitgum,L1UGA3324,1990,5.703930094,19.547733979,1.646725792,0.0
Uganda,UGA,Kitgum,L1UGA3324,1991,5.693470704999999,19.750485647999998,1.52836242,0.0
Uganda,UGA,Kitgum,L1UGA3324,1992,6.279121441,11.579333285,1.723211961,0.0
Uganda,UGA,Kitgum,L1UGA3324,2009,1.6065479999999999,0.040314,2.226242,0.0
Uganda,UGA,Kotido,L1UGA3325,1981,4.8005896759999995,13.514006707,1.622679709,0.0
Uganda,UGA,Kotido,L1UGA3325,1982,3.943106478,13.118644068,1.404171705,0.0
Uganda,UGA,Kotido,L1UGA3325,1983,4.974950498,12.707446809,1.5882092,0.0
Uganda,UGA,Kotido,L1UGA3325,1984,3.176461301,11.636806143,2.203552019,0.0
Uganda,UGA,Kotido,L1UGA3325,1985,4.588150117,13.647586727,1.51665486,0.0
Uganda,UGA,Kotido,L1UGA3325,1986,3.605100459,12.258801069,1.2200691460000002,0.0
Uganda,UGA,Kotido,L1UGA3325,1987,4.218204321,12.905172413999999,1.62821156,0.0
Uganda,UGA,Kotido,L1UGA3325,1988,4.309214632,12.883717559,1.5090822039999998,0.0
Uganda,UGA,Kotido,L1UGA3325,1989,4.551036038,13.206549202,1.580279629,0.0
Uganda,UGA,Kotido,L1UGA3325,1990,5.049090929,12.266858152,1.6467590360000002,0.0
Uganda,UGA,Kotido,L1UGA3325,1991,4.325324873,12.357590324,1.529176424,0.0
Uganda,UGA,Kotido,L1UGA3325,1992,3.7065022040000004,11.960014155,1.512981202,0.0
Uganda,UGA,Kotido,L1UGA3325,2009,1.856204,0.0,3.809836,0.0
Uganda,UGA,Kumi,L1UGA3326,1981,6.04416838,10.114855428,1.625382224,0.0
Uganda,UGA,Kumi,L1UGA3326,1982,5.113160022000001,13.179700059000002,1.403691341,0.0
Uganda,UGA,Kumi,L1UGA3326,1983,4.8154250613,12.736706266999999,0.789034776,0.0
Uganda,UGA,Kumi,L1UGA3326,1984,4.382106961,11.624878153000001,1.336418102,0.0
Uganda,UGA,Kumi,L1UGA3326,1985,6.347477602,13.605104814,1.5169528529999998,0.0
Uganda,UGA,Kumi,L1UGA3326,1986,4.717280044000001,12.513592812999999,1.2508651149999999,0.0
Uganda,UGA,Kumi,L1UGA3326,1987,5.645474857,13.237661467,1.630247647,0.0
Uganda,UGA,Kumi,L1UGA3326,1988,5.355180894,13.130789231,1.509972049,0.0
Uganda,UGA,Kumi,L1UGA3326,1989,5.708797853,13.196894522,1.41520204,0.0
Uganda,UGA,Kumi,L1UGA3326,1990,5.679665072,19.454395025,1.64664357,0.0
Uganda,UGA,Kumi,L1UGA3326,1991,5.693102253999999,19.778509676,1.502351294,0.0
Uganda,UGA,Kumi,L1UGA3326,1992,6.02456739,12.074510197999999,1.511786297,0.0
Uganda,UGA,Kumi,L1UGA3326,2009,2.689594,2.022121,1.088038,0.0
Uganda,UGA,Kyenjojo,L1UGA3327,2009,3.740405,6.597746000000001,1.59563,0.0
Uganda,UGA,Lake Victoria,L1UGA3329,1982,1.202702703,0.0,0.0,0.0
Uganda,UGA,Lira,L1UGA3330,1981,5.998454370999999,13.510621409999999,2.5716072150000002,0.0
Uganda,UGA,Lira,L1UGA3330,1982,5.145995085,13.461166231,2.480621068,0.0
Uganda,UGA,Lira,L1UGA3330,1983,6.2566917349999995,12.734371836,2.667377291,0.0
Uganda,UGA,Lira,L1UGA3330,1984,4.332631017000001,11.621889278,2.0201289890000003,0.0
Uganda,UGA,Lira,L1UGA3330,1985,5.4545928859999995,13.645439022,2.127298156,0.0
Uganda,UGA,Lira,L1UGA3330,1986,4.658095225,12.550487899,1.8815383920000002,0.0
Uganda,UGA,Lira,L1UGA3330,1987,5.432805678,13.160694902,2.103209124,0.0
Uganda,UGA,Lira,L1UGA3330,1988,5.626744186,13.144923191,2.4310233439999998,0.0
Uganda,UGA,Lira,L1UGA3330,1989,5.956978995,13.196707085,2.432204493,0.0
Uganda,UGA,Lira,L1UGA3330,1990,5.8915452550000005,19.460493857,2.644973107,0.0
Uganda,UGA,Lira,L1UGA3330,1991,6.497218506,19.783783637,6.00756855,0.59998288
Uganda,UGA,Lira,L1UGA3330,1992,6.010776467,12.081544469,2.539316265,0.0
Uganda,UGA,Lira,L1UGA3330,2009,2.1316550000000003,0.793535,0.49134,0.0
Uganda,UGA,Luwero,L1UGA3331,1986,3.6034254210000003,12.396518547,2.091377215,0.0
Uganda,UGA,Luwero,L1UGA3331,1987,4.293807662,13.020273083,2.439535635,0.0
Uganda,UGA,Luwero,L1UGA3331,1988,4.308330173,12.982743067000001,2.727527554,0.0
Uganda,UGA,Luwero,L1UGA3331,1989,4.552004442,13.19483618,2.489058037,0.0
Uganda,UGA,Luwero,L1UGA3331,1990,4.278914794,12.303068323,2.630423751,0.0
Uganda,UGA,Luwero,L1UGA3331,1991,4.3303942410000005,12.145139358,2.698798805,0.599009901
Uganda,UGA,Luwero,L1UGA3331,1992,3.416199533,11.999551063,2.524307813,0.0
Uganda,UGA,Luwero,L1UGA3331,2009,2.42953,3.997322,1.021492,0.0
Uganda,UGA,Masaka,L1UGA3332,1981,4.796952313,20.434318649,2.585839093,0.0
Uganda,UGA,Masaka,L1UGA3332,1982,3.947830162,20.458176042999998,2.475258524,0.0
Uganda,UGA,Masaka,L1UGA3332,1983,4.975101196000001,19.736562851,2.6604505520000004,0.0
Uganda,UGA,Masaka,L1UGA3332,1984,3.175406654,19.758364905999997,2.3110485179999998,0.0
Uganda,UGA,Masaka,L1UGA3332,1985,4.5873473570000005,20.412060677,2.300501601,0.0
Uganda,UGA,Masaka,L1UGA3332,1986,3.604251714,17.603962554,2.3786286829999996,0.0
Uganda,UGA,Masaka,L1UGA3332,1987,4.370452009,20.229943979,2.548822221,0.0
Uganda,UGA,Masaka,L1UGA3332,1988,4.308025604,19.995908687,2.651675296,0.0
Uganda,UGA,Masaka,L1UGA3332,1989,4.5512449870000005,20.12390692,2.4805011749999997,0.0
Uganda,UGA,Masaka,L1UGA3332,1990,4.357074889,19.430931303999998,2.62747047,0.0
Uganda,UGA,Masaka,L1UGA3332,1991,4.331312719,19.755050947,5.201058093,0.0
Uganda,UGA,Masaka,L1UGA3332,1992,4.666401298,17.548578765000002,2.607871176,0.0
Uganda,UGA,Masaka,L1UGA3332,2009,1.940666,10.071405,2.469096,0.0
Uganda,UGA,Masindi,L1UGA3333,1981,4.802849494,20.346807120999998,2.580028321,0.0
Uganda,UGA,Masindi,L1UGA3333,1982,3.9429468329999997,26.291463115,2.472334531,0.0
Uganda,UGA,Masindi,L1UGA3333,1983,4.975699162,19.736665302,2.660314575,0.0
Uganda,UGA,Masindi,L1UGA3333,1984,3.176452286,18.956812961,2.21560771,0.0
Uganda,UGA,Masindi,L1UGA3333,1985,4.396388411,20.423292934000003,2.1737385920000003,0.0
Uganda,UGA,Masindi,L1UGA3333,1986,3.605166368,17.513584037,2.223365449,0.0
Uganda,UGA,Masindi,L1UGA3333,1987,4.36864919,20.237935179,2.380224274,0.0
Uganda,UGA,Masindi,L1UGA3333,1988,4.309026117,19.985881861000003,2.462834539,0.0
Uganda,UGA,Masindi,L1UGA3333,1989,4.551255325,20.113399016000002,2.480065066,0.0
Uganda,UGA,Masindi,L1UGA3333,1990,4.542187876,19.430726796000002,2.284672945,0.0
Uganda,UGA,Masindi,L1UGA3333,1991,4.333334091999999,19.756100679,3.810612924,0.600127551
Uganda,UGA,Masindi,L1UGA3333,1992,4.669744995,31.057336662,2.523277815,0.0
Uganda,UGA,Masindi,L1UGA3333,2009,5.426174,4.766931,1.8528689999999999,0.0
Uganda,UGA,Mayuge,L1UGA3334,2009,6.3691949999999995,2.607271,0.576041,0.0
Uganda,UGA,Mbale,L1UGA3335,1981,6.03300744,20.430532812,2.5735072270000003,0.0
Uganda,UGA,Mbale,L1UGA3335,1982,5.155623792,20.458248139,2.512373525,0.0
Uganda,UGA,Mbale,L1UGA3335,1983,6.225514448,19.736823971,2.670078801,0.0
Uganda,UGA,Mbale,L1UGA3335,1984,4.340373571000001,19.437343980999998,2.21489441,0.0
Uganda,UGA,Mbale,L1UGA3335,1985,5.907880381,23.582397889000003,2.33704162,0.0
Uganda,UGA,Mbale,L1UGA3335,1986,4.727038379,17.696769006,2.186899608,0.0
Uganda,UGA,Mbale,L1UGA3335,1987,5.647156422,20.327111302,2.4463667819999997,0.0
Uganda,UGA,Mbale,L1UGA3335,1988,5.333491165,28.222578667,2.5246401670000003,0.0
Uganda,UGA,Mbale,L1UGA3335,1989,5.963653730999999,20.123874049,2.480528834,0.0
Uganda,UGA,Mbale,L1UGA3335,1990,6.248174268,19.47553592,2.628023939,0.0
Uganda,UGA,Mbale,L1UGA3335,1991,5.69565107,19.799627262,2.948375341,0.800361337
Uganda,UGA,Mbale,L1UGA3335,1992,6.02562702,12.097508288,2.522832792,0.0
Uganda,UGA,Mbale,L1UGA3335,2009,2.616748,6.841189,2.8795149999999996,0.0
Uganda,UGA,Mbarara,L1UGA3336,1981,4.8012620450000005,20.425788825,2.5716864079999997,0.0
Uganda,UGA,Mbarara,L1UGA3336,1982,3.943300044,20.458250125000003,2.489014175,0.0
Uganda,UGA,Mbarara,L1UGA3336,1983,4.975014954,19.736757863999998,2.674587961,0.0
Uganda,UGA,Mbarara,L1UGA3336,1984,3.176294962,19.456435307,2.2384494249999998,0.0
Uganda,UGA,Mbarara,L1UGA3336,1985,4.588569178,20.438579947999997,2.342811047,0.0
Uganda,UGA,Mbarara,L1UGA3336,1986,3.605193612,17.603490931,2.120372195,0.0
Uganda,UGA,Mbarara,L1UGA3336,1987,4.369828203,20.24004951,2.430317576,0.0
Uganda,UGA,Mbarara,L1UGA3336,1988,4.309369643,19.997445747999997,2.52938382,0.0
Uganda,UGA,Mbarara,L1UGA3336,1989,4.550885458,20.124368542,2.479593892,0.0
Uganda,UGA,Mbarara,L1UGA3336,1990,4.188936105,19.430637492000002,2.6276635109999997,0.0
Uganda,UGA,Mbarara,L1UGA3336,1991,4.333671956,19.752388835,3.319808507,0.0
Uganda,UGA,Mbarara,L1UGA3336,1992,4.669570194,12.051026603,2.523111673,0.0
Uganda,UGA,Mbarara,L1UGA3336,2009,4.423051,9.561628,2.1818429999999998,0.0
Uganda,UGA,Moroto,L1UGA3337,1981,4.805545768,12.447265023,1.622698478,0.0
Uganda,UGA,Moroto,L1UGA3337,1982,3.945324632,13.453742978,2.407388073,0.0
Uganda,UGA,Moroto,L1UGA3337,1983,4.973609479,12.714650206,2.588568773,0.0
Uganda,UGA,Moroto,L1UGA3337,1984,3.175548401,11.869408011,2.0930155,0.0
Uganda,UGA,Moroto,L1UGA3337,1985,4.58823153,13.642788332999999,2.1833228559999998,0.0
Uganda,UGA,Moroto,L1UGA3337,1986,3.605212355,12.272120328,1.9921766610000002,0.0
Uganda,UGA,Moroto,L1UGA3337,1987,4.219215761,12.897346789,2.484888979,0.0
Uganda,UGA,Moroto,L1UGA3337,1988,4.309807176,12.890048238,2.510559007,0.0
Uganda,UGA,Moroto,L1UGA3337,1989,4.550518877,13.203925365,2.459850642,0.0
Uganda,UGA,Moroto,L1UGA3337,1990,5.625426911,12.207441968,2.60243749,0.0
Uganda,UGA,Moroto,L1UGA3337,1991,4.326955062,6.0146963840000005,2.6703708400000004,0.0
Uganda,UGA,Moroto,L1UGA3337,1992,4.662656511,11.960795455,2.5098551569999996,0.0
Uganda,UGA,Moroto,L1UGA3337,2009,3.0252739999999996,0.0,0.578078,0.0
Uganda,UGA,Moyo,L1UGA3338,1981,4.803131578,13.514804353999999,1.6210973370000001,0.0
Uganda,UGA,Moyo,L1UGA3338,1982,3.9362000470000003,13.45868866,1.401580213,0.0
Uganda,UGA,Moyo,L1UGA3338,1983,4.975009096,12.735712717,1.576864536,0.0
Uganda,UGA,Moyo,L1UGA3338,1984,4.33093707,11.624596444,1.357740278,0.0
Uganda,UGA,Moyo,L1UGA3338,1985,5.787977036,13.645608524,1.5080721750000001,0.0
Uganda,UGA,Moyo,L1UGA3338,1986,4.715255787,12.612263596,1.2734970730000001,0.0
Uganda,UGA,Moyo,L1UGA3338,1987,5.648015046,13.217787367,1.6300201730000001,0.0
Uganda,UGA,Moyo,L1UGA3338,1988,5.700689743,13.201100019999998,1.509746452,0.0
Uganda,UGA,Moyo,L1UGA3338,1989,5.962170216,13.195310611,1.580776417,0.0
Uganda,UGA,Moyo,L1UGA3338,1990,5.354800312,19.459593581,1.647102796,0.0
Uganda,UGA,Moyo,L1UGA3338,1991,5.694507285,19.809609305,2.326665035,0.597952218
Uganda,UGA,Moyo,L1UGA3338,1992,5.919219420999999,11.543516653,1.724743629,0.0
Uganda,UGA,Moyo,L1UGA3338,2009,5.016082,0.930874,2.145032,0.0
Uganda,UGA,Mpigi,L1UGA3339,1981,6.055331769,20.419769982,2.580521151,0.0
Uganda,UGA,Mpigi,L1UGA3339,1982,3.940322277,20.458748644,2.476014255,0.0
Uganda,UGA,Mpigi,L1UGA3339,1983,4.976477545,19.73668076,2.6625532100000004,0.0
Uganda,UGA,Mpigi,L1UGA3339,1984,3.1761689090000003,19.447807834,2.096137052,0.0
Uganda,UGA,Mpigi,L1UGA3339,1985,4.674627508,20.458598487,2.332819236,0.0
Uganda,UGA,Mpigi,L1UGA3339,1986,3.604072398,17.606786895,2.074089923,0.0
Uganda,UGA,Mpigi,L1UGA3339,1987,4.6930739809999995,20.248664659,2.421728324,0.0
Uganda,UGA,Mpigi,L1UGA3339,1988,4.309951133,20.002494562000003,3.48224141,0.0
Uganda,UGA,Mpigi,L1UGA3339,1989,4.549191514,20.123762316,2.479746611,0.0
Uganda,UGA,Mpigi,L1UGA3339,1990,4.539113813,19.430156029,2.627947526,0.0
Uganda,UGA,Mpigi,L1UGA3339,1991,4.333659925,19.752863603,3.588675823,0.0
Uganda,UGA,Mpigi,L1UGA3339,1992,4.6729573250000005,12.051286599,2.524624793,0.0
Uganda,UGA,Mpigi,L1UGA3339,2009,1.667203,3.45146,1.6080809999999999,0.0
Uganda,UGA,Mubende,L1UGA3340,1981,4.796600808,20.43598664,2.621466288,0.0
Uganda,UGA,Mubende,L1UGA3340,1982,3.944129429,20.457811539999998,2.477803054,0.0
Uganda,UGA,Mubende,L1UGA3340,1983,4.975752696000001,19.736392951,2.66558075,0.0
Uganda,UGA,Mubende,L1UGA3340,1984,3.176303151,19.449508781,2.317830582,0.0
Uganda,UGA,Mubende,L1UGA3340,1985,4.588654611,20.435533792999998,2.398877815,0.0
Uganda,UGA,Mubende,L1UGA3340,1986,3.6055727699999998,17.600860598000004,2.2746126269999998,0.0
Uganda,UGA,Mubende,L1UGA3340,1987,4.363603958,20.231359570000002,2.446445662,0.0
Uganda,UGA,Mubende,L1UGA3340,1988,4.308777704,19.992542575,2.732210256,0.0
Uganda,UGA,Mubende,L1UGA3340,1989,4.550885397,20.127248704,2.480779653,0.0
Uganda,UGA,Mubende,L1UGA3340,1990,4.280304266,19.433142999999998,2.627056485,0.0
Uganda,UGA,Mubende,L1UGA3340,1991,4.333373589,19.756928284,2.697551995,0.0
Uganda,UGA,Mubende,L1UGA3340,1992,2.9541598359999997,5.572672216,1.919066139,0.0
Uganda,UGA,Mubende,L1UGA3340,2009,4.289937999999999,4.786023,3.456087,0.0
Uganda,UGA,Mukono,L1UGA3341,1981,4.701922673,20.420569036,2.558938779,0.0
Uganda,UGA,Mukono,L1UGA3341,1982,3.942477531,20.458281331000002,2.480854023,0.0
Uganda,UGA,Mukono,L1UGA3341,1983,4.974630046,19.733700885,2.6655293149999997,0.0
Uganda,UGA,Mukono,L1UGA3341,1984,3.176796276,19.519707161,2.217439106,0.0
Uganda,UGA,Mukono,L1UGA3341,1985,4.39611197,20.432845563999997,2.1508866749999997,0.0
Uganda,UGA,Mukono,L1UGA3341,1986,3.604625551,12.513729132,2.163646146,0.0
Uganda,UGA,Mukono,L1UGA3341,1987,4.369265201999999,13.12708385,2.4453367,0.0
Uganda,UGA,Mukono,L1UGA3341,1988,4.3097941340000006,13.086178314999998,2.264077618,0.0
Uganda,UGA,Mukono,L1UGA3341,1989,4.550807235000001,13.196559744,2.4812504989999997,0.0
Uganda,UGA,Mukono,L1UGA3341,1990,4.37618065,19.431895605,2.735596738,0.0
Uganda,UGA,Mukono,L1UGA3341,1991,4.333920657,19.754246518,6.048051421,0.0
Uganda,UGA,Mukono,L1UGA3341,1992,4.67006381,12.051771993,1.851854697,0.0
Uganda,UGA,Mukono,L1UGA3341,2009,2.0867560000000003,2.700518,0.434675,0.0
Uganda,UGA,Nakapiripirit,L1UGA3342,2009,0.109831,1.968641,0.368367,0.0
Uganda,UGA,Nakasongola,L1UGA3343,2009,10.309232,4.775275,1.928527,0.0
Uganda,UGA,Nebbi,L1UGA3344,1981,4.801137523,20.432305169,2.4546976270000003,0.0
Uganda,UGA,Nebbi,L1UGA3344,1982,3.943134657,20.457802237,2.546762296,0.0
Uganda,UGA,Nebbi,L1UGA3344,1983,4.9664183479999995,19.73619239,2.731655886,0.0
Uganda,UGA,Nebbi,L1UGA3344,1984,3.176098562,19.453994167,2.3177043040000003,0.0
Uganda,UGA,Nebbi,L1UGA3344,1985,4.588264702,20.404247275,2.516716205,0.0
Uganda,UGA,Nebbi,L1UGA3344,1986,3.6052496869999997,17.603413051,2.285715522,0.0
Uganda,UGA,Nebbi,L1UGA3344,1987,4.369756627,20.235194137,2.439733945,0.0
Uganda,UGA,Nebbi,L1UGA3344,1988,4.309271026999999,20.061267376,2.451173022,0.0
Uganda,UGA,Nebbi,L1UGA3344,1989,4.550907658,20.123522213,2.481157386,0.0
Uganda,UGA,Nebbi,L1UGA3344,1990,4.62735166,19.444227911,2.626588926,0.0
Uganda,UGA,Nebbi,L1UGA3344,1991,4.333683793,19.769339675999998,3.693368513,0.800098474
Uganda,UGA,Nebbi,L1UGA3344,1992,4.669515962,12.065345728,2.5210601080000004,0.0
Uganda,UGA,Nebbi,L1UGA3344,2009,5.016605,7.158707,1.330423,0.0
Uganda,UGA,Ntungamo,L1UGA3345,2009,5.876277,6.976762,4.955107,0.0
Uganda,UGA,Pader,L1UGA3346,2009,4.392450999999999,0.752096,0.792416,0.0
Uganda,UGA,Pallisa,L1UGA3347,1991,7.485018827,16.528780392,2.358038518,0.0
Uganda,UGA,Pallisa,L1UGA3347,1992,7.982552988,13.269536508000002,2.2470887509999997,0.0
Uganda,UGA,Pallisa,L1UGA3347,2009,5.244543,0.686015,1.094048,0.0
Uganda,UGA,Rakai,L1UGA3348,1981,4.804271384,20.413954243,2.570615423,0.0
Uganda,UGA,Rakai,L1UGA3348,1982,3.944960375,20.458146928999998,2.4832225980000002,0.0
Uganda,UGA,Rakai,L1UGA3348,1983,4.974338593,19.736701695999997,2.6686462040000003,0.0
Uganda,UGA,Rakai,L1UGA3348,1984,3.175406039,18.66322909,2.311725412,0.0
Uganda,UGA,Rakai,L1UGA3348,1985,3.740721566,20.39273385,2.3396282719999997,0.0
Uganda,UGA,Rakai,L1UGA3348,1986,3.6065748440000003,17.901240671000004,2.274050594,0.0
Uganda,UGA,Rakai,L1UGA3348,1987,4.368726973999999,19.774569938,2.44739768,0.0
Uganda,UGA,Rakai,L1UGA3348,1988,4.308917613999999,20.261990856,2.528156996,0.0
Uganda,UGA,Rakai,L1UGA3348,1989,4.552012612,20.125087192,2.4799106980000003,0.0
Uganda,UGA,Rakai,L1UGA3348,1990,4.106267618,19.565605112999997,2.62931406,0.0
Uganda,UGA,Rakai,L1UGA3348,1991,4.333572278,19.891636165,3.3004994410000004,0.0
Uganda,UGA,Rakai,L1UGA3348,1992,4.669321407,12.188483932,2.410599455,0.0
Uganda,UGA,Rakai,L1UGA3348,2009,2.469187,7.955708,3.545962,0.0
Uganda,UGA,Rukungiri,L1UGA3349,1981,4.803617067,20.427040005,1.621669004,0.0
Uganda,UGA,Rukungiri,L1UGA3349,1982,3.943331323,20.457984820000004,1.400493567,0.0
Uganda,UGA,Rukungiri,L1UGA3349,1983,4.975181,19.736253954,1.589041096,0.0
Uganda,UGA,Rukungiri,L1UGA3349,1984,3.176209337,19.456683192,1.465764276,0.0
Uganda,UGA,Rukungiri,L1UGA3349,1985,4.588089146,20.413742618,1.51684734,0.0
Uganda,UGA,Rukungiri,L1UGA3349,1986,3.605568182,17.901212223,1.251183642,0.0
Uganda,UGA,Rukungiri,L1UGA3349,1987,4.37043852,20.510719769,1.630014445,0.0
Uganda,UGA,Rukungiri,L1UGA3349,1988,4.309198648000001,20.263885485,1.509906526,0.0
Uganda,UGA,Rukungiri,L1UGA3349,1989,4.550846826,20.12359392,1.580202774,0.0
Uganda,UGA,Rukungiri,L1UGA3349,1990,4.059950025,19.564457084,1.646496696,0.0
Uganda,UGA,Rukungiri,L1UGA3349,1991,4.333590548,19.89091402,1.528531014,0.0
Uganda,UGA,Rukungiri,L1UGA3349,1992,4.669251898,12.187406162,1.511624997,0.0
Uganda,UGA,Rukungiri,L1UGA3349,2009,5.664783,3.1619539999999997,1.422005,0.0
Uganda,UGA,Sembabule,L1UGA3350,2009,10.429599,7.24701,1.263215,0.0
Uganda,UGA,Sironko,L1UGA3351,2009,2.786301,4.174424,3.0184569999999997,0.0
Uganda,UGA,Soroti,L1UGA3352,1981,4.162235272,3.973749689,1.621753359,0.0
Uganda,UGA,Soroti,L1UGA3352,1982,3.811402983,4.447804292,1.389601533,0.0
Uganda,UGA,Soroti,L1UGA3352,1983,4.269457276000001,4.578414146,1.5889076659999999,0.0
Uganda,UGA,Soroti,L1UGA3352,1984,3.1299289119999996,4.566448189,1.336354153,0.0
Uganda,UGA,Soroti,L1UGA3352,1985,4.200992735,5.2426219849999995,1.516770041,0.0
Uganda,UGA,Soroti,L1UGA3352,1986,3.363700431,4.63214037,1.2508335009999998,0.0
Uganda,UGA,Soroti,L1UGA3352,1987,3.9881153179999997,4.534290374,1.630201917,0.0
Uganda,UGA,Soroti,L1UGA3352,1988,4.152435649,4.514947333,1.509986794,0.0
Uganda,UGA,Soroti,L1UGA3352,1989,4.458054548,4.844761047,1.5800032979999998,0.0
Uganda,UGA,Soroti,L1UGA3352,1990,4.141128,11.630709708000001,1.646695327,0.0
Uganda,UGA,Soroti,L1UGA3352,1991,4.212028237,11.971439223,1.528454167,0.0
Uganda,UGA,Soroti,L1UGA3352,1992,4.5119865489999995,4.747026133,1.511610198,0.0
Uganda,UGA,Soroti,L1UGA3352,2009,20.979390000000002,4.566282,6.647972,0.0
Uganda,UGA,Tororo,L1UGA3353,1981,6.043985135,11.259755229,2.568921824,0.0
Uganda,UGA,Tororo,L1UGA3353,1982,5.160684278000001,13.458189459,2.452807957,0.0
Uganda,UGA,Tororo,L1UGA3353,1983,6.25387308,12.736750704999999,2.669842485,0.0
Uganda,UGA,Tororo,L1UGA3353,1984,4.3293661199999995,11.624973611,2.116519388,0.0
Uganda,UGA,Tororo,L1UGA3353,1985,5.937750481,13.645484548999999,2.3390641170000004,0.0
Uganda,UGA,Tororo,L1UGA3353,1986,4.7181631930000005,12.813401244,2.0977011799999996,0.0
Uganda,UGA,Tororo,L1UGA3353,1987,5.649587544,13.402188450999999,2.454674689,0.0
Uganda,UGA,Tororo,L1UGA3353,1988,5.699339448,13.381805914000001,2.479520671,0.0
Uganda,UGA,Tororo,L1UGA3353,1989,5.961948693,13.196564074,2.480577994,0.0
Uganda,UGA,Tororo,L1UGA3353,1990,5.841617742,12.504518082,2.628290278,0.0
Uganda,UGA,Tororo,L1UGA3353,1991,5.252359889999999,10.452189441,8.108115263,0.9
Uganda,UGA,Tororo,L1UGA3353,1992,5.501317174,8.569512475,2.753409285,0.0
Uganda,UGA,Tororo,L1UGA3353,2009,16.335441,6.410273,4.400428,0.0
Uganda,UGA,Wakiso,L1UGA3354,2009,1.693289,6.114948,0.8999440000000001,0.0
Uganda,UGA,Yumbe,L1UGA3355,2009,2.052891,2.653265,2.752003,0.0
Zambia,ZMB,Central,L1ZMB3638,1991,1.987118737,0.0,0.0,0.0
Zambia,ZMB,Central,L1ZMB3638,1992,5.702312882,0.177245413,1.5786972540000002,0.518284024
Zambia,ZMB,Southern,L1ZMB3646,1991,1.586876582,0.0,0.0,0.0
Zambia,ZMB,Southern,L1ZMB3646,1992,4.337035472,0.144851658,1.477924617,0.296107638
Zambia,ZMB,Western,L1ZMB3647,1991,1.2167633,0.0,0.0,0.0
Zambia,ZMB,Western,L1ZMB3647,1992,2.9471345820000003,0.334209264,1.064504201,0.304568528
Zambia,ZMB,Eastern,L1ZMB3640,1991,1.524959089,0.0,0.0,0.0
Zambia,ZMB,Eastern,L1ZMB3640,1992,2.743452622,0.240163148,1.282066655,0.520903118
Zambia,ZMB,Northern,L1ZMB3645,1991,2.107322582,0.0,0.0,0.0
Zambia,ZMB,Northern,L1ZMB3645,1992,3.6097141639999997,0.546873102,1.402873753,0.153095238
Zambia,ZMB,Copperbelt,L1ZMB3639,1991,1.580686646,0.0,0.0,0.0
Zambia,ZMB,Copperbelt,L1ZMB3639,1992,3.685281083,0.587894144,1.519631226,0.296380368
Zambia,ZMB,Luapula,L1ZMB3641,1991,2.179271457,0.0,0.0,0.0
Zambia,ZMB,Luapula,L1ZMB3641,1992,4.603989926,0.727612508,1.684801325,0.333714286
Zambia,ZMB,Lusaka,L1ZMB3642,1991,1.86900975,0.0,0.0,0.0
Zambia,ZMB,Lusaka,L1ZMB3642,1992,6.2969792259999995,0.077160494,1.674168913,0.684863248
Zambia,ZMB,North-Western,L1ZMB3644,1991,1.566444876,0.0,0.0,0.0
Zambia,ZMB,North-Western,L1ZMB3644,1992,3.173892172,0.262774328,1.466187636,0.516764706
Zimbabwe,ZW,Manicaland,L1ZWE3655,2001,1.115300481,0.0,0.0,0.0
Zimbabwe,ZW,Manicaland,L1ZWE3655,2003,0.549998539,0.0,0.0,0.0
Zimbabwe,ZW,Manicaland,L1ZWE3655,2004,0.350002888,0.0,0.0,0.0
Zimbabwe,ZW,Manicaland,L1ZWE3655,2006,0.883561644,0.0,0.0,0.0
Zimbabwe,ZW,Manicaland,L1ZWE3655,2007,0.565400844,0.0,0.0,0.0
Zimbabwe,ZW,Manicaland,L1ZWE3655,2008,0.345000841,0.0,0.0,0.0
Zimbabwe,ZW,Manicaland,L1ZWE3655,2009,0.779998615,0.0,0.0,0.0
Zimbabwe,ZW,Manicaland,L1ZWE3655,2010,0.50055684,0.0,0.0,0.0
Zimbabwe,ZW,Manicaland,L1ZWE3655,2011,0.610001297,0.0,0.0,0.0
Zimbabwe,ZW,Manicaland,L1ZWE3655,2012,0.637417419,0.0,0.0,0.0
Zimbabwe,ZW,Manicaland,L1ZWE3655,2013,0.730000053,0.0,0.0,0.0
Zimbabwe,ZW,Manicaland,L1ZWE3655,2014,0.809995957,0.0,0.0,0.0
Zimbabwe,ZW,Manicaland,L1ZWE3655,2015,0.426873997,0.0,0.0,0.0
Zimbabwe,ZW,Manicaland,L1ZWE3655,2016,0.380844742,0.0,0.0,0.0
Zimbabwe,ZW,Manicaland,L1ZWE3655,2017,1.010102193,0.0,0.0,0.0
Zimbabwe,ZW,Manicaland,L1ZWE3655,2018,0.819927137,0.0,0.0,0.0
Zimbabwe,ZW,Manicaland,L1ZWE3655,2019,0.218795788,0.0,0.0,0.0
Zimbabwe,ZW,Manicaland,L1ZWE3655,2020,0.286383241,0.0,0.0,0.0
Zimbabwe,ZW,Manicaland,L1ZWE3655,2021,1.11777588,0.0,0.0,0.0
Zimbabwe,ZW,Manicaland,L1ZWE3655,2022,0.573630575,0.0,0.0,0.0
Zimbabwe,ZW,Mashonaland Central,L1ZWE3656,2001,1.769081505,0.0,0.0,0.0
Zimbabwe,ZW,Mashonaland Central,L1ZWE3656,2003,0.760000905,0.0,0.0,0.0
Zimbabwe,ZW,Mashonaland Central,L1ZWE3656,2004,0.550003613,0.0,0.0,0.0
Zimbabwe,ZW,Mashonaland Central,L1ZWE3656,2006,1.158415842,0.0,0.0,0.0
Zimbabwe,ZW,Mashonaland Central,L1ZWE3656,2007,0.821256039,0.0,0.0,0.0
Zimbabwe,ZW,Mashonaland Central,L1ZWE3656,2008,0.500999531,0.0,0.0,0.0
Zimbabwe,ZW,Mashonaland Central,L1ZWE3656,2009,0.969999001,0.0,0.0,0.0
Zimbabwe,ZW,Mashonaland Central,L1ZWE3656,2010,1.242867231,0.0,0.0,0.0
Zimbabwe,ZW,Mashonaland Central,L1ZWE3656,2011,1.280000345,0.0,0.0,0.0
Zimbabwe,ZW,Mashonaland Central,L1ZWE3656,2012,0.836715023,0.0,0.0,0.0
Zimbabwe,ZW,Mashonaland Central,L1ZWE3656,2013,1.089996738,0.0,0.0,0.0
Zimbabwe,ZW,Mashonaland Central,L1ZWE3656,2014,1.269997931,0.0,0.0,0.0
Zimbabwe,ZW,Mashonaland Central,L1ZWE3656,2015,1.052393552,0.0,0.0,0.0
Zimbabwe,ZW,Mashonaland Central,L1ZWE3656,2016,0.716147,0.0,0.0,0.0
Zimbabwe,ZW,Mashonaland Central,L1ZWE3656,2017,1.981871719,0.0,0.0,0.0
Zimbabwe,ZW,Mashonaland Central,L1ZWE3656,2018,1.729147047,0.0,0.0,0.0
Zimbabwe,ZW,Mashonaland Central,L1ZWE3656,2019,0.762744431,0.0,0.0,0.0
Zimbabwe,ZW,Mashonaland Central,L1ZWE3656,2020,0.904018067,0.0,0.0,0.0
Zimbabwe,ZW,Mashonaland Central,L1ZWE3656,2021,2.351611163,0.0,0.0,0.0
Zimbabwe,ZW,Mashonaland Central,L1ZWE3656,2022,1.565721188,0.0,0.0,0.0
Zimbabwe,ZW,Mashonaland East,L1ZWE3657,2001,1.333848167,0.0,0.0,0.0
Zimbabwe,ZW,Mashonaland East,L1ZWE3657,2003,0.71,0.0,0.0,0.0
Zimbabwe,ZW,Mashonaland East,L1ZWE3657,2004,0.550000196,0.0,0.0,0.0
Zimbabwe,ZW,Mashonaland East,L1ZWE3657,2006,0.840816327,0.0,0.0,0.0
Zimbabwe,ZW,Mashonaland East,L1ZWE3657,2007,0.537366548,0.0,0.0,0.0
Zimbabwe,ZW,Mashonaland East,L1ZWE3657,2008,0.272999711,0.0,0.0,0.0
Zimbabwe,ZW,Mashonaland East,L1ZWE3657,2009,0.769998511,0.0,0.0,0.0
Zimbabwe,ZW,Mashonaland East,L1ZWE3657,2010,0.745892334,0.0,0.0,0.0
Zimbabwe,ZW,Mashonaland East,L1ZWE3657,2011,0.600001616,0.0,0.0,0.0
Zimbabwe,ZW,Mashonaland East,L1ZWE3657,2012,0.563907518,0.0,0.0,0.0
Zimbabwe,ZW,Mashonaland East,L1ZWE3657,2013,0.629993811,0.0,0.0,0.0
Zimbabwe,ZW,Mashonaland East,L1ZWE3657,2014,0.809999554,0.0,0.0,0.0
Zimbabwe,ZW,Mashonaland East,L1ZWE3657,2015,0.553472573,0.0,0.0,0.0
Zimbabwe,ZW,Mashonaland East,L1ZWE3657,2016,0.608586065,0.0,0.0,0.0
Zimbabwe,ZW,Mashonaland East,L1ZWE3657,2017,1.255912591,0.0,0.0,0.0
Zimbabwe,ZW,Mashonaland East,L1ZWE3657,2018,1.026547582,0.0,0.0,0.0
Zimbabwe,ZW,Mashonaland East,L1ZWE3657,2019,0.743288558,0.0,0.0,0.0
Zimbabwe,ZW,Mashonaland East,L1ZWE3657,2020,0.670204555,0.0,0.0,0.0
Zimbabwe,ZW,Mashonaland East,L1ZWE3657,2021,1.861846,0.0,0.0,0.0
Zimbabwe,ZW,Mashonaland East,L1ZWE3657,2022,0.732283423,0.0,0.0,0.0
Zimbabwe,ZW,Mashonaland West,L1ZWE3658,2001,2.388962341,0.0,0.0,0.0
Zimbabwe,ZW,Mashonaland West,L1ZWE3658,2003,0.850003221,0.0,0.0,0.0
Zimbabwe,ZW,Mashonaland West,L1ZWE3658,2004,0.6,0.0,0.0,0.0
Zimbabwe,ZW,Mashonaland West,L1ZWE3658,2006,1.045226131,0.0,0.0,0.0
Zimbabwe,ZW,Mashonaland West,L1ZWE3658,2007,0.717592593,0.0,0.0,0.0
Zimbabwe,ZW,Mashonaland West,L1ZWE3658,2008,0.444998269,0.0,0.0,0.0
Zimbabwe,ZW,Mashonaland West,L1ZWE3658,2009,1.260002351,0.0,0.0,0.0
Zimbabwe,ZW,Mashonaland West,L1ZWE3658,2010,1.277800327,0.0,0.0,0.0
Zimbabwe,ZW,Mashonaland West,L1ZWE3658,2011,1.190001214,0.0,0.0,0.0
Zimbabwe,ZW,Mashonaland West,L1ZWE3658,2012,0.956586157,0.0,0.0,0.0
Zimbabwe,ZW,Mashonaland West,L1ZWE3658,2013,0.779998395,0.0,0.0,0.0
Zimbabwe,ZW,Mashonaland West,L1ZWE3658,2014,1.280000301,0.0,0.0,0.0
Zimbabwe,ZW,Mashonaland West,L1ZWE3658,2015,0.934801629,0.0,0.0,0.0
Zimbabwe,ZW,Mashonaland West,L1ZWE3658,2016,0.707611706,0.0,0.0,0.0
Zimbabwe,ZW,Mashonaland West,L1ZWE3658,2017,1.945286557,0.0,0.0,0.0
Zimbabwe,ZW,Mashonaland West,L1ZWE3658,2018,1.550932819,0.0,0.0,0.0
Zimbabwe,ZW,Mashonaland West,L1ZWE3658,2019,0.766992871,0.0,0.0,0.0
Zimbabwe,ZW,Mashonaland West,L1ZWE3658,2020,1.024364613,0.0,0.0,0.0
Zimbabwe,ZW,Mashonaland West,L1ZWE3658,2021,2.33913839,0.0,0.0,0.0
Zimbabwe,ZW,Mashonaland West,L1ZWE3658,2022,1.807292168,0.0,0.0,0.0
Zimbabwe,ZW,Masvingo,L1ZWE3659,2001,0.67095789,0.0,0.0,0.0
Zimbabwe,ZW,Masvingo,L1ZWE3659,2003,0.460001563,0.0,0.0,0.0
Zimbabwe,ZW,Masvingo,L1ZWE3659,2004,0.420001094,0.0,0.0,0.0
Zimbabwe,ZW,Masvingo,L1ZWE3659,2006,0.73553719,0.0,0.0,0.0
Zimbabwe,ZW,Masvingo,L1ZWE3659,2007,0.391836735,0.0,0.0,0.0
Zimbabwe,ZW,Masvingo,L1ZWE3659,2008,0.140999578,0.0,0.0,0.0
Zimbabwe,ZW,Masvingo,L1ZWE3659,2009,0.679999422,0.0,0.0,0.0
Zimbabwe,ZW,Masvingo,L1ZWE3659,2010,0.244472284,0.0,0.0,0.0
Zimbabwe,ZW,Masvingo,L1ZWE3659,2011,0.28999837,0.0,0.0,0.0
Zimbabwe,ZW,Masvingo,L1ZWE3659,2013,0.329998069,0.0,0.0,0.0
Zimbabwe,ZW,Masvingo,L1ZWE3659,2014,0.539997778,0.0,0.0,0.0
Zimbabwe,ZW,Masvingo,L1ZWE3659,2015,0.14428955,0.0,0.0,0.0
Zimbabwe,ZW,Masvingo,L1ZWE3659,2016,0.095831982,0.0,0.0,0.0
Zimbabwe,ZW,Masvingo,L1ZWE3659,2017,0.615626198,0.0,0.0,0.0
Zimbabwe,ZW,Masvingo,L1ZWE3659,2018,0.537210165,0.0,0.0,0.0
Zimbabwe,ZW,Masvingo,L1ZWE3659,2019,0.385950251,0.0,0.0,0.0
Zimbabwe,ZW,Masvingo,L1ZWE3659,2020,0.282831567,0.0,0.0,0.0
Zimbabwe,ZW,Masvingo,L1ZWE3659,2021,0.542888666,0.0,0.0,0.0
Zimbabwe,ZW,Masvingo,L1ZWE3659,2022,0.324000944,0.0,0.0,0.0
Zimbabwe,ZW,Matabeleland North,L1ZWE3660,2001,0.722190151,0.0,0.0,0.0
Zimbabwe,ZW,Matabeleland North,L1ZWE3660,2003,0.400008667,0.0,0.0,0.0
Zimbabwe,ZW,Matabeleland North,L1ZWE3660,2004,0.449995307,0.0,0.0,0.0
Zimbabwe,ZW,Matabeleland North,L1ZWE3660,2006,0.731182796,0.0,0.0,0.0
Zimbabwe,ZW,Matabeleland North,L1ZWE3660,2007,0.126984127,0.0,0.0,0.0
Zimbabwe,ZW,Matabeleland North,L1ZWE3660,2008,0.112005876,0.0,0.0,0.0
Zimbabwe,ZW,Matabeleland North,L1ZWE3660,2009,0.639994566,0.0,0.0,0.0
Zimbabwe,ZW,Matabeleland North,L1ZWE3660,2010,0.726311722,0.0,0.0,0.0
Zimbabwe,ZW,Matabeleland North,L1ZWE3660,2011,0.479998797,0.0,0.0,0.0
Zimbabwe,ZW,Matabeleland North,L1ZWE3660,2012,0.348621274,0.0,0.0,0.0
Zimbabwe,ZW,Matabeleland North,L1ZWE3660,2013,0.360002386,0.0,0.0,0.0
Zimbabwe,ZW,Matabeleland North,L1ZWE3660,2014,0.600001524,0.0,0.0,0.0
Zimbabwe,ZW,Matabeleland North,L1ZWE3660,2015,0.183228218,0.0,0.0,0.0
Zimbabwe,ZW,Matabeleland North,L1ZWE3660,2016,0.19868635,0.0,0.0,0.0
Zimbabwe,ZW,Matabeleland North,L1ZWE3660,2017,0.532763555,0.0,0.0,0.0
Zimbabwe,ZW,Matabeleland North,L1ZWE3660,2018,0.403289807,0.0,0.0,0.0
Zimbabwe,ZW,Matabeleland North,L1ZWE3660,2019,0.131978205,0.0,0.0,0.0
Zimbabwe,ZW,Matabeleland North,L1ZWE3660,2020,0.22145459,0.0,0.0,0.0
Zimbabwe,ZW,Matabeleland North,L1ZWE3660,2021,0.770403252,0.0,0.0,0.0
Zimbabwe,ZW,Matabeleland North,L1ZWE3660,2022,0.230145928,0.0,0.0,0.0
Zimbabwe,ZW,Matabeleland South,L1ZWE3661,2001,0.28254442,0.0,0.0,0.0
Zimbabwe,ZW,Matabeleland South,L1ZWE3661,2003,0.199983859,0.0,0.0,0.0
Zimbabwe,ZW,Matabeleland South,L1ZWE3661,2004,0.400005489,0.0,0.0,0.0
Zimbabwe,ZW,Matabeleland South,L1ZWE3661,2006,0.62962963,0.0,0.0,0.0
Zimbabwe,ZW,Matabeleland South,L1ZWE3661,2007,0.076923077,0.0,0.0,0.0
Zimbabwe,ZW,Matabeleland South,L1ZWE3661,2008,0.097001089,0.0,0.0,0.0
Zimbabwe,ZW,Matabeleland South,L1ZWE3661,2009,0.729999282,0.0,0.0,0.0
Zimbabwe,ZW,Matabeleland South,L1ZWE3661,2010,0.417421568,0.0,0.0,0.0
Zimbabwe,ZW,Matabeleland South,L1ZWE3661,2011,0.23999812,0.0,0.0,0.0
Zimbabwe,ZW,Matabeleland South,L1ZWE3661,2012,0.155821082,0.0,0.0,0.0
Zimbabwe,ZW,Matabeleland South,L1ZWE3661,2013,0.359992381,0.0,0.0,0.0
Zimbabwe,ZW,Matabeleland South,L1ZWE3661,2014,0.61000165,0.0,0.0,0.0
Zimbabwe,ZW,Matabeleland South,L1ZWE3661,2015,0.109850138,0.0,0.0,0.0
Zimbabwe,ZW,Matabeleland South,L1ZWE3661,2016,0.292700982,0.0,0.0,0.0
Zimbabwe,ZW,Matabeleland South,L1ZWE3661,2017,0.63206303,0.0,0.0,0.0
Zimbabwe,ZW,Matabeleland South,L1ZWE3661,2018,0.673550218,0.0,0.0,0.0
Zimbabwe,ZW,Matabeleland South,L1ZWE3661,2019,0.191745604,0.0,0.0,0.0
Zimbabwe,ZW,Matabeleland South,L1ZWE3661,2020,0.309867095,0.0,0.0,0.0
Zimbabwe,ZW,Matabeleland South,L1ZWE3661,2021,0.675966314,0.0,0.0,0.0
Zimbabwe,ZW,Matabeleland South,L1ZWE3661,2022,0.322087398,0.0,0.0,0.0
Zimbabwe,ZW,Midlands,L1ZWE3662,2001,0.399717217,0.0,0.0,0.0
Zimbabwe,ZW,Midlands,L1ZWE3662,2003,0.300001113,0.0,0.0,0.0
Zimbabwe,ZW,Midlands,L1ZWE3662,2004,0.400001128,0.0,0.0,0.0
Zimbabwe,ZW,Midlands,L1ZWE3662,2006,0.787709497,0.0,0.0,0.0
Zimbabwe,ZW,Midlands,L1ZWE3662,2007,0.248466258,0.0,0.0,0.0
Zimbabwe,ZW,Midlands,L1ZWE3662,2008,0.09799964,0.0,0.0,0.0
Zimbabwe,ZW,Midlands,L1ZWE3662,2009,0.670001491,0.0,0.0,0.0
Zimbabwe,ZW,Midlands,L1ZWE3662,2010,0.682251957,0.0,0.0,0.0
Zimbabwe,ZW,Midlands,L1ZWE3662,2011,0.520000208,0.0,0.0,0.0
Zimbabwe,ZW,Midlands,L1ZWE3662,2012,0.56675714,0.0,0.0,0.0
Zimbabwe,ZW,Midlands,L1ZWE3662,2013,0.420002001,0.0,0.0,0.0
Zimbabwe,ZW,Midlands,L1ZWE3662,2014,0.680000796,0.0,0.0,0.0
Zimbabwe,ZW,Midlands,L1ZWE3662,2015,0.271998646,0.0,0.0,0.0
Zimbabwe,ZW,Midlands,L1ZWE3662,2016,0.248542382,0.0,0.0,0.0
Zimbabwe,ZW,Midlands,L1ZWE3662,2017,0.818260743,0.0,0.0,0.0
Zimbabwe,ZW,Midlands,L1ZWE3662,2018,0.678392034,0.0,0.0,0.0
Zimbabwe,ZW,Midlands,L1ZWE3662,2019,0.281290714,0.0,0.0,0.0
Zimbabwe,ZW,Midlands,L1ZWE3662,2020,0.406941283,0.0,0.0,0.0
Zimbabwe,ZW,Midlands,L1ZWE3662,2021,0.834901314,0.0,0.0,0.0
Zimbabwe,ZW,Midlands,L1ZWE3662,2022,0.422668211,0.0,0.0,0.0
Zimbabwe,ZWE,Manicaland,L1ZWE3655,1994,0.7110973380000001,0.0,0.402465472,0.329443711
Zimbabwe,ZWE,Manicaland,L1ZWE3655,2012,1.125703588,13.471908334,1.901629415,2.8482880219999998
Zimbabwe,ZWE,Manicaland,L1ZWE3655,2015,1.365703328,8.906642812000001,1.323871177,2.3760213269999997
Zimbabwe,ZWE,Mashonaland Central,L1ZWE3656,1994,1.608913322,0.0,0.688225097,0.740192768
Zimbabwe,ZWE,Mashonaland Central,L1ZWE3656,2012,1.2363926120000002,15.931671362,2.405784013,24.373273174999998
Zimbabwe,ZWE,Mashonaland Central,L1ZWE3656,2015,0.6981214,6.708348214,2.9612104940000004,1.950609409
Zimbabwe,ZWE,Mashonaland East,L1ZWE3657,1994,3.18012161,0.0,0.774911919,0.882934132
Zimbabwe,ZWE,Mashonaland East,L1ZWE3657,2012,3.949674426,15.065774801,3.347371269,2.496605109
Zimbabwe,ZWE,Mashonaland East,L1ZWE3657,2015,1.232218671,15.416925653000002,2.087977945,1.398453642
Zimbabwe,ZWE,Mashonaland West,L1ZWE3658,1994,2.566597882,0.0,0.698471359,0.787969687
Zimbabwe,ZWE,Mashonaland West,L1ZWE3658,2012,1.252866403,9.058974359,2.431058764,2.2996522
Zimbabwe,ZWE,Mashonaland West,L1ZWE3658,2015,2.155723363,9.458450047,2.138758145,1.726293952
Zimbabwe,ZWE,Masvingo,L1ZWE3659,1994,0.482976838,0.0,0.517600779,0.586267606
Zimbabwe,ZWE,Masvingo,L1ZWE3659,2012,0.812306253,2.496594349,0.568353259,98.007502712
Zimbabwe,ZWE,Masvingo,L1ZWE3659,2015,0.49754420400000005,21.962698166,0.921854677,122.090304619
Zimbabwe,ZWE,Matabeleland North,L1ZWE3660,1994,0.438698586,0.0,0.280444126,0.0
Zimbabwe,ZWE,Matabeleland North,L1ZWE3660,2012,0.35618405,7.255813953,0.722486269,0.494474266
Zimbabwe,ZWE,Matabeleland North,L1ZWE3660,2015,0.289577268,0.875,2.22945545,0.387283237
Zimbabwe,ZWE,Matabeleland South,L1ZWE3661,1994,0.327192872,0.0,0.396254807,0.0
Zimbabwe,ZWE,Matabeleland South,L1ZWE3661,2012,0.069490762,4.776761517,0.260766214,0.342307692
Zimbabwe,ZWE,Matabeleland South,L1ZWE3661,2015,0.27756375,11.173913043,0.455728727,0.0
Zimbabwe,ZWE,Midlands,L1ZWE3662,1994,14.14451544,0.0,0.917087265,0.571800478
Zimbabwe,ZWE,Midlands,L1ZWE3662,2012,2.2323922549999997,18.016092661000002,2.5003761399999997,1.655377488
Zimbabwe,ZWE,Midlands,L1ZWE3662,2015,13.738672123,6.069411906,1.334959524,1.462924337
