country,country_code,admin_1,L1_GID,harvest_year,Cereals_Prod_Ton,Roots_tubers_Prod_Ton,Legumes_pulses_Prod_Ton,Cash_crops_Prod_Ton
Angola,AO,Bengo,L1AGO0035,1997,0.61,3.5,0.0,0.0
Angola,AO,Bengo,L1AGO0035,1998,0.7,6.5,0.0,0.0
Angola,AO,Bengo,L1AGO0035,1999,0.899956408,6.0,0.0,0.0
Angola,AO,Bengo,L1AGO0035,2000,1.199960008,9.0,0.0,0.0
Angola,AO,Bengo,L1AGO0035,2001,0.600031407,8.995529689000001,0.0,0.0
Angola,AO,Bengo,L1AGO0035,2002,0.649975771,7.497942152,0.0,0.0
Angola,AO,Bengo,L1AGO0035,2003,0.600025582,4.0,0.0,0.0
Angola,AO,Bengo,L1AGO0035,2004,0.749956102,4.0,0.0,0.0
Angola,AO,Bengo,L1AGO0035,2005,0.499935442,7.004679281,0.0,0.0
Angola,AO,Bengo,L1AGO0035,2006,0.339946243,17.000460241,0.574356252,0.0
Angola,AO,Bengo,L1AGO0035,2007,0.299984933,15.49946111,0.2,0.0
Angola,AO,Bengo,L1AGO0035,2008,0.699920032,29.890653435,0.750014512,0.0
Angola,AO,Bengo,L1AGO0035,2009,0.892630367,30.000111041,0.599956591,0.0
Angola,AO,Bengo,L1AGO0035,2010,0.954375156,14.008861492,0.0,0.0
Angola,AO,Bengo,L1AGO0035,2011,1.038063861,13.674890235,0.0,0.0
Angola,AO,Bengo,L1AGO0035,2012,0.300206414,9.100649349,0.0,0.0
Angola,AO,Bengo,L1AGO0035,2013,0.899420087,13.508916791,0.0,0.0
Angola,AO,Bengo,L1AGO0035,2014,0.648568561,18.197511348,0.0,0.0
Angola,AO,Bengo,L1AGO0035,2015,0.547973028,23.077999585,1.26300634,0.0
Angola,AO,Bengo,L1AGO0035,2016,0.547973028,23.077999585,1.26300634,0.0
Angola,AO,Bengo,L1AGO0035,2017,0.590407757,15.837957586,0.672270408,0.0
Angola,AO,Benguela,L1AGO0036,1997,0.53,4.0,0.0,0.0
Angola,AO,Benguela,L1AGO0036,1998,0.9,6.0,0.0,0.0
Angola,AO,Benguela,L1AGO0036,1999,0.599998196,5.0,0.0,0.0
Angola,AO,Benguela,L1AGO0036,2000,0.800001786,5.0,0.0,0.0
Angola,AO,Benguela,L1AGO0036,2001,1.300006823,10.000264392,0.350015352,0.0
Angola,AO,Benguela,L1AGO0036,2002,1.089995344,10.340239618,0.789952519,0.0
Angola,AO,Benguela,L1AGO0036,2003,0.95998401,0.0,0.280140386,0.0
Angola,AO,Benguela,L1AGO0036,2004,1.160012561,0.0,0.649839245,0.0
Angola,AO,Benguela,L1AGO0036,2005,1.050000477,13.171433225,0.699583952,0.0
Angola,AO,Benguela,L1AGO0036,2006,0.789993677,11.499318801,0.40218182,0.0
Angola,AO,Benguela,L1AGO0036,2007,0.700040083,8.799445471,0.6998729239999999,0.0
Angola,AO,Benguela,L1AGO0036,2008,1.049979175,14.889407217,0.5700769210000001,0.0
Angola,AO,Benguela,L1AGO0036,2009,0.988769519,23.000039335,0.970208576,0.0
Angola,AO,Benguela,L1AGO0036,2010,2.256745476,17.246757082000002,0.972731616,0.0
Angola,AO,Benguela,L1AGO0036,2011,2.504854454,19.188356101,1.315966946,0.0
Angola,AO,Benguela,L1AGO0036,2012,0.319925647,11.447321199,0.540650029,0.0
Angola,AO,Benguela,L1AGO0036,2013,1.408503915,19.134883632,1.345092313,0.095798319
Angola,AO,Benguela,L1AGO0036,2014,1.5294927179999998,23.296114746,1.746605995,0.074789916
Angola,AO,Benguela,L1AGO0036,2015,1.383671097,22.883436548,1.765573243,0.0
Angola,AO,Benguela,L1AGO0036,2016,1.383671097,28.534572325,1.765573243,0.0
Angola,AO,Benguela,L1AGO0036,2017,0.952331315,19.516681379,1.345432454,0.0
Angola,AO,Bie,L1AGO0037,1997,0.416,4.0,0.0,0.0
Angola,AO,Bie,L1AGO0037,1998,0.6,4.0,0.0,0.0
Angola,AO,Bie,L1AGO0037,1999,0.6,6.5,0.0,0.0
Angola,AO,Bie,L1AGO0037,2000,0.400002254,6.500012549,0.0,0.0
Angola,AO,Bie,L1AGO0037,2001,1.100019328,13.99966178,0.400012461,0.0
Angola,AO,Bie,L1AGO0037,2002,1.25003286,14.34031825,0.6999494390000001,0.0
Angola,AO,Bie,L1AGO0037,2003,1.019955551,13.178699664,0.4499767839999999,0.0
Angola,AO,Bie,L1AGO0037,2004,0.799967653,12.881259478,0.449979782,0.0
Angola,AO,Bie,L1AGO0037,2005,1.748830189,11.837919126,0.650001678,0.0
Angola,AO,Bie,L1AGO0037,2006,1.7524883839999998,17.999955173,0.820500196,0.0
Angola,AO,Bie,L1AGO0037,2007,1.299864544,21.999996432,1.199891571,0.0
Angola,AO,Bie,L1AGO0037,2008,2.029997373,21.44037037,1.229627876,0.0
Angola,AO,Bie,L1AGO0037,2009,1.460502286,19.700004786,1.22987523,0.0
Angola,AO,Bie,L1AGO0037,2010,1.784881537,16.737138343,1.233781896,0.0
Angola,AO,Bie,L1AGO0037,2011,2.054393499,17.478528622000002,1.381692562,0.0
Angola,AO,Bie,L1AGO0037,2012,1.064054843,13.592146908,0.435798609,0.0
Angola,AO,Bie,L1AGO0037,2013,2.442591704,21.116870608,1.442641595,0.109243697
Angola,AO,Bie,L1AGO0037,2014,2.690970624,27.619622565,1.901461621,0.133181126
Angola,AO,Bie,L1AGO0037,2015,2.7092703030000003,20.129535806,1.849389024,0.0
Angola,AO,Bie,L1AGO0037,2016,2.7092703030000003,23.789606313,1.849389024,0.0
Angola,AO,Bie,L1AGO0037,2017,1.716379997,24.698440138,1.455129983,0.0
Angola,AO,Cabinda,L1AGO0038,1997,1.5300931269999998,4.0,0.0,0.0
Angola,AO,Cabinda,L1AGO0038,1998,1.2999999999999998,4.0,0.0,0.0
Angola,AO,Cabinda,L1AGO0038,1999,0.700226244,6.0,0.0,0.0
Angola,AO,Cabinda,L1AGO0038,2000,0.8,10.0,0.0,0.0
Angola,AO,Cabinda,L1AGO0038,2001,0.800067831,15.500635687,0.499865772,0.0
Angola,AO,Cabinda,L1AGO0038,2002,0.650041563,16.691817868,0.7001684619999999,0.0
Angola,AO,Cabinda,L1AGO0038,2003,0.800030836,14.640558505,1.200106468,0.0
Angola,AO,Cabinda,L1AGO0038,2004,0.799900324,13.976238597,0.800041528,0.0
Angola,AO,Cabinda,L1AGO0038,2005,0.5,13.040577942,0.7099820139999999,0.0
Angola,AO,Cabinda,L1AGO0038,2006,0.539891206,17.497711592,0.83763582,0.0
Angola,AO,Cabinda,L1AGO0038,2007,0.4,18.400314194,0.6999369449999999,0.0
Angola,AO,Cabinda,L1AGO0038,2008,1.060096154,12.469575945,0.749926678,0.0
Angola,AO,Cabinda,L1AGO0038,2009,0.479960416,12.864390007,1.050047876,0.25
Angola,AO,Cabinda,L1AGO0038,2010,0.463230898,19.555789785,1.053025893,0.0
Angola,AO,Cabinda,L1AGO0038,2011,0.459022078,18.161494495,0.99879447,0.0
Angola,AO,Cabinda,L1AGO0038,2012,0.291368567,14.347849807,0.7039555740000001,0.0
Angola,AO,Cabinda,L1AGO0038,2013,0.428555137,16.463746324,0.980810311,0.141868512
Angola,AO,Cabinda,L1AGO0038,2014,0.375028428,20.262984974,1.26782923,0.150613611
Angola,AO,Cabinda,L1AGO0038,2015,0.351159649,12.822141317,1.3769457260000002,0.0
Angola,AO,Cabinda,L1AGO0038,2016,0.351159649,20.344603139,1.3769457260000002,0.0
Angola,AO,Cabinda,L1AGO0038,2017,0.329687804,19.279021362,1.299809859,0.0
Angola,AO,Cunene,L1AGO0042,1997,0.82,5.0,0.0,0.0
Angola,AO,Cunene,L1AGO0042,1998,1.2,6.0,0.0,0.0
Angola,AO,Cunene,L1AGO0042,1999,0.4,0.0,0.0,0.0
Angola,AO,Cunene,L1AGO0042,2000,0.400031586,0.0,0.0,0.0
Angola,AO,Cunene,L1AGO0042,2001,0.900030455,1.5003427,0.25,0.0
Angola,AO,Cunene,L1AGO0042,2002,0.700133821,0.0,0.100262123,0.0
Angola,AO,Cunene,L1AGO0042,2003,0.340021694,0.0,0.0,0.0
Angola,AO,Cunene,L1AGO0042,2004,0.449979263,0.0,0.149854979,0.0
Angola,AO,Cunene,L1AGO0042,2005,0.673272412,0.0,0.249850746,0.0
Angola,AO,Cunene,L1AGO0042,2006,0.696526258,0.0,0.254321711,0.0
Angola,AO,Cunene,L1AGO0042,2007,1.195985647,0.0,0.2,0.0
Angola,AO,Cunene,L1AGO0042,2008,0.169983346,0.0,0.17009094,0.0
Angola,AO,Cunene,L1AGO0042,2009,0.001992761,0.0,0.0,0.0
Angola,AO,Cunene,L1AGO0042,2010,0.644663267,4.527345999,0.239726027,0.0
Angola,AO,Cunene,L1AGO0042,2011,0.944749832,4.643526171,0.314269694,0.0
Angola,AO,Cunene,L1AGO0042,2012,0.2059050909999999,8.270450462,0.2708010899999999,0.0
Angola,AO,Cunene,L1AGO0042,2013,0.239697365,6.962472899,0.070882852,0.0
Angola,AO,Cunene,L1AGO0042,2014,0.366456027,12.030169161,0.092580982,0.0
Angola,AO,Cunene,L1AGO0042,2015,0.423906936,3.502463677,0.377240143,0.0
Angola,AO,Cunene,L1AGO0042,2016,0.423906936,7.228635346000001,0.377240143,0.0
Angola,AO,Cunene,L1AGO0042,2017,0.7401254399999999,17.053109957,0.403877221,0.0
Angola,AO,Huambo,L1AGO0043,1997,0.509960595,4.0,0.0,0.0
Angola,AO,Huambo,L1AGO0043,1998,1.27994281,4.0,0.0,0.0
Angola,AO,Huambo,L1AGO0043,1999,0.600002242,6.5,0.0,0.0
Angola,AO,Huambo,L1AGO0043,2000,0.400001028,6.5,0.0,0.0
Angola,AO,Huambo,L1AGO0043,2001,1.3000110930000002,14.999880545,0.399992036,0.0
Angola,AO,Huambo,L1AGO0043,2002,1.249989642,15.340625955,0.792507394,0.0
Angola,AO,Huambo,L1AGO0043,2003,1.069494233,9.000065317,0.829979833,0.0
Angola,AO,Huambo,L1AGO0043,2004,0.8,13.656432493,0.399960642,0.0
Angola,AO,Huambo,L1AGO0043,2005,1.050008932,13.837910233,0.600011525,0.0
Angola,AO,Huambo,L1AGO0043,2006,0.7665412389999999,18.000423874,0.5500651249999999,0.0
Angola,AO,Huambo,L1AGO0043,2007,0.799990704,22.099885584,1.399962707,0.0
Angola,AO,Huambo,L1AGO0043,2008,1.280047147,20.900386847,1.188003896,0.0
Angola,AO,Huambo,L1AGO0043,2009,1.17514357,22.000521346,1.190104209,0.0
Angola,AO,Huambo,L1AGO0043,2010,1.3268858019999998,16.024889243,1.19165654,0.012727273
Angola,AO,Huambo,L1AGO0043,2011,1.487348616,16.005054629,1.307372011,0.0
Angola,AO,Huambo,L1AGO0043,2012,0.3666025819999999,9.355234732,0.265996015,0.0
Angola,AO,Huambo,L1AGO0043,2013,1.8011741330000002,15.248023262,1.3404346349999998,0.034802784
Angola,AO,Huambo,L1AGO0043,2014,1.95369877,20.069267413,1.743230537,0.03956229
Angola,AO,Huambo,L1AGO0043,2015,1.958209681,15.24763699,4.156688645,0.0
Angola,AO,Huambo,L1AGO0043,2016,1.958209681,18.780449599,4.156688645,0.0
Angola,AO,Huambo,L1AGO0043,2017,1.738577956,16.846406528000003,3.086171343,0.0
Angola,AO,Huila,L1AGO0044,1997,0.720080998,0.0,0.0,0.0
Angola,AO,Huila,L1AGO0044,1998,0.599828179,0.0,0.0,0.0
Angola,AO,Huila,L1AGO0044,1999,0.700001202,4.0,0.0,0.0
Angola,AO,Huila,L1AGO0044,2000,0.700002325,4.0,0.0,0.0
Angola,AO,Huila,L1AGO0044,2001,1.549990061,11.000977995,0.449966792,0.0
Angola,AO,Huila,L1AGO0044,2002,1.449996352,11.401703675,0.70007657,0.0
Angola,AO,Huila,L1AGO0044,2003,1.700006111,7.995555947,1.050138947,0.0
Angola,AO,Huila,L1AGO0044,2004,1.029995553,5.200114426000001,0.410042811,0.0
Angola,AO,Huila,L1AGO0044,2005,1.09999953,11.837500996,0.6497136990000001,0.0
Angola,AO,Huila,L1AGO0044,2006,0.783445409,13.138925971,0.192513838,0.0
Angola,AO,Huila,L1AGO0044,2007,1.199995254,19.500248479,0.900029175,0.0
Angola,AO,Huila,L1AGO0044,2008,0.429989193,22.879832295,0.5598930209999999,0.0
Angola,AO,Huila,L1AGO0044,2009,1.1579607040000002,20.000135796,0.560019752,0.0
Angola,AO,Huila,L1AGO0044,2010,1.25362818,16.952574444,0.560388278,0.0
Angola,AO,Huila,L1AGO0044,2011,1.545809532,18.598717607,0.793102097,0.0
Angola,AO,Huila,L1AGO0044,2012,0.391124032,14.245958447,0.220722654,0.0
Angola,AO,Huila,L1AGO0044,2013,0.826126666,18.234977030000003,0.6891646419999999,0.197811448
Angola,AO,Huila,L1AGO0044,2014,0.8985830910000001,23.502318623,0.903071356,0.466101695
Angola,AO,Huila,L1AGO0044,2015,0.900954246,16.251303636,1.331599481,0.0
Angola,AO,Huila,L1AGO0044,2016,0.900954246,18.648330068,1.331599481,0.0
Angola,AO,Huila,L1AGO0044,2017,1.994590902,18.775784579,1.708346148,0.0
Angola,AO,Cuando Cubango,L1AGO0039,1997,0.819981835,5.0,0.0,0.0
Angola,AO,Cuando Cubango,L1AGO0039,1998,1.350515464,5.0,0.0,0.0
Angola,AO,Cuando Cubango,L1AGO0039,1999,0.599974604,4.0,0.0,0.0
Angola,AO,Cuando Cubango,L1AGO0039,2000,0.600020914,4.0,0.0,0.0
Angola,AO,Cuando Cubango,L1AGO0039,2001,1.100046179,6.999509564,0.399764614,0.0
Angola,AO,Cuando Cubango,L1AGO0039,2002,1.100011238,8.376331548,0.399954107,0.0
Angola,AO,Cuando Cubango,L1AGO0039,2003,0.899991564,8.244648666,0.600382416,0.0
Angola,AO,Cuando Cubango,L1AGO0039,2004,0.699996085,5.04627308,0.200023057,0.0
Angola,AO,Cuando Cubango,L1AGO0039,2005,0.849989781,10.175061747,0.649905027,0.0
Angola,AO,Cuando Cubango,L1AGO0039,2006,0.907920683,14.368664355,0.822858133,0.0
Angola,AO,Cuando Cubango,L1AGO0039,2007,1.299995751,12.672207888,0.599975044,0.0
Angola,AO,Cuando Cubango,L1AGO0039,2008,0.940027473,12.258301197000002,0.63995039,0.0
Angola,AO,Cuando Cubango,L1AGO0039,2009,0.7676502479999999,12.590788667,0.5999103880000001,0.0
Angola,AO,Cuando Cubango,L1AGO0039,2010,1.194808187,16.63458908,0.599975327,0.0
Angola,AO,Cuando Cubango,L1AGO0039,2011,1.254905167,16.559001897,0.792761681,0.0
Angola,AO,Cuando Cubango,L1AGO0039,2012,0.365756587,11.346873993000004,0.207857602,0.0
Angola,AO,Cuando Cubango,L1AGO0039,2013,5.085932907,14.879358558,0.850108315,0.0
Angola,AO,Cuando Cubango,L1AGO0039,2014,4.6656510970000005,17.527235601,1.088371364,0.0
Angola,AO,Cuando Cubango,L1AGO0039,2015,1.687157091,7.346620047,1.370900297,0.0
Angola,AO,Cuando Cubango,L1AGO0039,2016,1.687157091,11.625033436,1.370900297,0.0
Angola,AO,Cuando Cubango,L1AGO0039,2017,1.139436884,4.934552326,1.003287197,0.0
Angola,AO,Kuanza Norte,L1AGO0040,1997,1.71,4.0,0.0,0.0
Angola,AO,Kuanza Norte,L1AGO0040,1998,2.05,5.0,0.0,0.0
Angola,AO,Kuanza Norte,L1AGO0040,1999,0.749947424,7.0,0.0,0.0
Angola,AO,Kuanza Norte,L1AGO0040,2000,0.699977793,10.0,0.0,0.0
Angola,AO,Kuanza Norte,L1AGO0040,2001,0.299936126,18.499892459,0.350048528,0.0
Angola,AO,Kuanza Norte,L1AGO0040,2002,0.6,19.20614528,0.7500328169999999,0.0
Angola,AO,Kuanza Norte,L1AGO0040,2003,0.6,16.222079632,0.950010265,0.0
Angola,AO,Kuanza Norte,L1AGO0040,2004,0.499971814,11.934775503,0.696249529,0.0
Angola,AO,Kuanza Norte,L1AGO0040,2005,0.5,14.516967852,0.710031263,0.0
Angola,AO,Kuanza Norte,L1AGO0040,2006,0.490006207,17.342430110000002,0.791176395,0.0
Angola,AO,Kuanza Norte,L1AGO0040,2007,0.5,25.600779727000003,0.6000097719999999,0.5
Angola,AO,Kuanza Norte,L1AGO0040,2008,0.699969353,31.199053155,0.8000040429999999,0.0
Angola,AO,Kuanza Norte,L1AGO0040,2009,0.550008697,29.997987965,0.899962119,0.250024686
Angola,AO,Kuanza Norte,L1AGO0040,2010,0.717594164,21.493473,0.925203303,0.0
Angola,AO,Kuanza Norte,L1AGO0040,2011,0.728061184,22.695199725,0.993791605,0.0
Angola,AO,Kuanza Norte,L1AGO0040,2012,0.204592209,26.60753424,0.414267367,0.0
Angola,AO,Kuanza Norte,L1AGO0040,2013,0.608568836,24.592251377000004,1.361785491,0.281132075
Angola,AO,Kuanza Norte,L1AGO0040,2014,0.644962038,30.502665595,1.757140874,0.198113208
Angola,AO,Kuanza Norte,L1AGO0040,2015,0.723673623,54.24490374,1.844145452,0.0
Angola,AO,Kuanza Norte,L1AGO0040,2016,0.723673623,68.17834729,1.844145452,0.0
Angola,AO,Kuanza Norte,L1AGO0040,2017,0.927154755,24.623496597,1.179932367,0.0
Angola,AO,Cuanza Sul,L1AGO0041,1997,0.35,0.0,0.0,0.0
Angola,AO,Cuanza Sul,L1AGO0041,1998,0.5,4.0,0.0,0.0
Angola,AO,Cuanza Sul,L1AGO0041,1999,0.75,6.0,0.0,0.0
Angola,AO,Cuanza Sul,L1AGO0041,2000,0.6,6.0,0.0,0.0
Angola,AO,Cuanza Sul,L1AGO0041,2001,1.299765324,14.50028559,0.400021087,0.0
Angola,AO,Cuanza Sul,L1AGO0041,2002,0.999817572,16.765320725,0.700027645,0.0
Angola,AO,Cuanza Sul,L1AGO0041,2003,1.049796915,15.112513783,0.800004462,0.0
Angola,AO,Cuanza Sul,L1AGO0041,2004,0.59999496,15.656327428,0.649958666,0.0
Angola,AO,Cuanza Sul,L1AGO0041,2005,0.699997515,14.507121453,0.700021623,0.0
Angola,AO,Cuanza Sul,L1AGO0041,2006,0.443396843,21.001034019,0.5542014390000001,0.0
Angola,AO,Cuanza Sul,L1AGO0041,2007,0.399997612,22.401628272,0.600011412,0.5
Angola,AO,Cuanza Sul,L1AGO0041,2008,0.699996675,25.397928994,0.549997202,0.0
Angola,AO,Cuanza Sul,L1AGO0041,2009,0.649998995,23.400791228,0.5999878869999999,0.25
Angola,AO,Cuanza Sul,L1AGO0041,2010,0.607296945,22.397131513,0.6047493829999999,0.752408377
Angola,AO,Cuanza Sul,L1AGO0041,2011,0.652929641,22.347191981,0.941103665,0.0
Angola,AO,Cuanza Sul,L1AGO0041,2012,0.189440675,14.350855553,0.275227162,0.0
Angola,AO,Cuanza Sul,L1AGO0041,2013,0.687232532,20.061603971,0.8728700110000001,0.533073585
Angola,AO,Cuanza Sul,L1AGO0041,2014,0.756666497,25.117395945,1.113894439,0.357544953
Angola,AO,Cuanza Sul,L1AGO0041,2015,0.715583228,18.722919998,1.225749703,0.0
Angola,AO,Cuanza Sul,L1AGO0041,2016,0.715583228,24.487311586,1.225749703,0.0
Angola,AO,Cuanza Sul,L1AGO0041,2017,0.871563975,25.23918835,1.250817474,0.0
Angola,AO,Luanda,L1AGO0045,1997,0.51,3.5,0.0,0.0
Angola,AO,Luanda,L1AGO0045,1998,0.5,6.0,0.0,0.0
Angola,AO,Luanda,L1AGO0045,1999,0.800247372,5.0,0.0,0.0
Angola,AO,Luanda,L1AGO0045,2000,0.6,9.0,0.0,0.0
Angola,AO,Luanda,L1AGO0045,2001,0.599750623,14.499227497,0.5,0.0
Angola,AO,Luanda,L1AGO0045,2002,0.499946138,16.206222945,0.3502658,0.0
Angola,AO,Luanda,L1AGO0045,2003,0.59994501,13.734325824,0.349828179,0.0
Angola,AO,Luanda,L1AGO0045,2004,0.5,7.655279503,0.300699301,0.0
Angola,AO,Luanda,L1AGO0045,2005,0.500299581,10.681770087,0.305755396,0.0
Angola,AO,Luanda,L1AGO0045,2006,0.499806726,15.011427947,0.306264501,0.0
Angola,AO,Luanda,L1AGO0045,2007,0.5,13.587666721,0.7,0.0
Angola,AO,Luanda,L1AGO0045,2008,0.609896433,19.632209718,0.370967742,0.0
Angola,AO,Luanda,L1AGO0045,2009,0.539948454,12.59991893,0.3,0.0
Angola,AO,Luanda,L1AGO0045,2010,0.563259471,9.862586467,0.300353357,0.0
Angola,AO,Luanda,L1AGO0045,2011,0.725078699,10.850539084,0.353571429,0.0
Angola,AO,Luanda,L1AGO0045,2012,0.321070234,3.065814394,0.13986014,0.0
Angola,AO,Luanda,L1AGO0045,2013,0.772552043,11.25763023,0.284615385,0.0
Angola,AO,Luanda,L1AGO0045,2014,0.898561696,16.034378832999998,0.363471971,0.0
Angola,AO,Luanda,L1AGO0045,2015,0.759493671,10.95139032,0.494845361,0.0
Angola,AO,Luanda,L1AGO0045,2016,0.759493671,16.501627491,0.494845361,0.0
Angola,AO,Luanda,L1AGO0045,2017,0.880333654,18.246123767,0.506329114,0.0
Angola,AO,Lunda Norte,L1AGO0046,1997,0.720052122,0.0,0.0,0.0
Angola,AO,Lunda Norte,L1AGO0046,1998,0.8,0.0,0.0,0.0
Angola,AO,Lunda Norte,L1AGO0046,1999,0.600064092,5.500013153,0.0,0.0
Angola,AO,Lunda Norte,L1AGO0046,2000,0.500058255,10.0,0.0,0.0
Angola,AO,Lunda Norte,L1AGO0046,2001,1.6005296800000002,13.500774889,0.3,0.0
Angola,AO,Lunda Norte,L1AGO0046,2002,1.699501247,16.193069258,0.599958435,0.0
Angola,AO,Lunda Norte,L1AGO0046,2003,1.899756685,8.247197307,0.750081625,0.0
Angola,AO,Lunda Norte,L1AGO0046,2004,1.499948243,11.475559854,0.750065768,0.0
Angola,AO,Lunda Norte,L1AGO0046,2005,1.150256826,12.007724184,0.702828988,0.0
Angola,AO,Lunda Norte,L1AGO0046,2006,0.439985272,16.10006567,0.730104893,0.0
Angola,AO,Lunda Norte,L1AGO0046,2007,0.7,14.100943939,0.700037411,0.0
Angola,AO,Lunda Norte,L1AGO0046,2008,1.069773145,15.499955042,0.749816101,0.0
Angola,AO,Lunda Norte,L1AGO0046,2009,0.8096259960000001,13.700129064,0.7501702610000001,0.0
Angola,AO,Lunda Norte,L1AGO0046,2010,1.014453649,13.167552692,0.750023396,0.0
Angola,AO,Lunda Norte,L1AGO0046,2011,1.160318186,16.084811889,0.864360465,0.0
Angola,AO,Lunda Norte,L1AGO0046,2012,1.097736567,14.674797393,0.73192935,0.0
Angola,AO,Lunda Norte,L1AGO0046,2013,1.280835144,17.743990553,0.906312531,0.0
Angola,AO,Lunda Norte,L1AGO0046,2014,1.3669378330000002,21.584564983,1.220365869,0.0
Angola,AO,Lunda Norte,L1AGO0046,2015,1.326870242,16.042648074,1.308333497,0.0
Angola,AO,Lunda Norte,L1AGO0046,2016,1.326870242,21.129070917,1.308333497,0.0
Angola,AO,Lunda Norte,L1AGO0046,2017,0.603461698,15.999242406,0.902828119,0.0
Angola,AO,Lunda Sul,L1AGO0047,1997,1.236000464,4.0,0.0,0.0
Angola,AO,Lunda Sul,L1AGO0047,1998,1.45,6.0,0.0,0.0
Angola,AO,Lunda Sul,L1AGO0047,1999,0.600027594,5.500016232,0.0,0.0
Angola,AO,Lunda Sul,L1AGO0047,2000,0.5,10.0,0.0,0.0
Angola,AO,Lunda Sul,L1AGO0047,2001,1.5000692999999998,13.499659732,0.400161681,0.0
Angola,AO,Lunda Sul,L1AGO0047,2002,1.749510764,15.704728331,0.7999254499999999,0.0
Angola,AO,Lunda Sul,L1AGO0047,2003,1.666612747,13.235243282,0.800039628,0.0
Angola,AO,Lunda Sul,L1AGO0047,2004,1.388805319,11.656544383,0.141786851,0.0
Angola,AO,Lunda Sul,L1AGO0047,2005,0.778876446,12.006712719,0.320772834,0.0
Angola,AO,Lunda Sul,L1AGO0047,2006,0.439966648,15.905156887,0.322332417,0.0
Angola,AO,Lunda Sul,L1AGO0047,2007,0.399948757,14.700317477,0.598245614,0.0
Angola,AO,Lunda Sul,L1AGO0047,2008,1.110223202,16.79984893,0.800064288,0.0
Angola,AO,Lunda Sul,L1AGO0047,2009,0.976898584,16.300241022,0.700305439,0.0
Angola,AO,Lunda Sul,L1AGO0047,2010,1.553618315,19.567736418,0.6999092149999999,0.0
Angola,AO,Lunda Sul,L1AGO0047,2011,1.629289275,19.01110995,0.935064845,0.0
Angola,AO,Lunda Sul,L1AGO0047,2012,1.076427823,14.811104491,0.6787646700000001,0.0
Angola,AO,Lunda Sul,L1AGO0047,2013,1.698667501,19.540487502,0.903759511,0.0
Angola,AO,Lunda Sul,L1AGO0047,2014,1.820627891,24.375847301,1.172744912,0.0
Angola,AO,Lunda Sul,L1AGO0047,2015,1.867146802,18.295145979,1.328757751,0.0
Angola,AO,Lunda Sul,L1AGO0047,2016,1.867146802,23.303048856,1.328757751,0.0
Angola,AO,Lunda Sul,L1AGO0047,2017,0.675218476,25.73690661,1.089162579,0.0
Angola,AO,Malanje,L1AGO0048,1997,1.220008418,0.0,0.0,0.0
Angola,AO,Malanje,L1AGO0048,1998,1.75,2.0,0.0,0.0
Angola,AO,Malanje,L1AGO0048,1999,0.649992736,7.0,0.0,0.0
Angola,AO,Malanje,L1AGO0048,2000,0.699989516,7.5,0.0,0.0
Angola,AO,Malanje,L1AGO0048,2001,0.400016354,15.999040141999998,0.349993867,0.0
Angola,AO,Malanje,L1AGO0048,2002,0.649974537,19.692367661,0.6491987100000001,0.0
Angola,AO,Malanje,L1AGO0048,2003,0.849993041,14.640977881,0.949984853,0.0
Angola,AO,Malanje,L1AGO0048,2004,0.65,13.108219008,0.5999796310000001,0.0
Angola,AO,Malanje,L1AGO0048,2005,1.197802198,13.007027036,0.710012038,0.0
Angola,AO,Malanje,L1AGO0048,2006,0.525396753,17.199837287,0.860146162,0.0
Angola,AO,Malanje,L1AGO0048,2007,0.5,18.598713313,0.499998059,0.0
Angola,AO,Malanje,L1AGO0048,2008,0.800004085,32.31040464,0.800021293,0.0
Angola,AO,Malanje,L1AGO0048,2009,0.509996553,32.202019034,0.8000211859999999,0.0
Angola,AO,Malanje,L1AGO0048,2010,1.394304049,18.490961712,1.263075044,0.0
Angola,AO,Malanje,L1AGO0048,2011,1.5300723559999998,21.807993484,1.53051187,0.0
Angola,AO,Malanje,L1AGO0048,2012,0.898561961,16.620816682,0.865095838,0.0
Angola,AO,Malanje,L1AGO0048,2013,1.63968205,22.621649876,1.6561178019999998,0.129666858
Angola,AO,Malanje,L1AGO0048,2014,1.715426716,27.078109592,2.086779294,0.190407812
Angola,AO,Malanje,L1AGO0048,2015,1.627535653,16.178548590000002,1.414218559,0.0
Angola,AO,Malanje,L1AGO0048,2016,1.627535653,19.06873089,1.414218559,0.0
Angola,AO,Malanje,L1AGO0048,2017,2.611933828,15.965452928,1.188998979,0.0
Angola,AO,Moxico,L1AGO0049,1997,0.509999119,4.0,0.0,0.0
Angola,AO,Moxico,L1AGO0049,1998,1.1,8.0,0.0,0.0
Angola,AO,Moxico,L1AGO0049,1999,0.600009371,6.0,0.0,0.0
Angola,AO,Moxico,L1AGO0049,2000,0.500021166,7.0,0.0,0.0
Angola,AO,Moxico,L1AGO0049,2001,2.6001613260000003,11.00035381,0.39996115,0.0
Angola,AO,Moxico,L1AGO0049,2002,2.399422098,14.253335857,0.7999189630000001,0.0
Angola,AO,Moxico,L1AGO0049,2003,2.398721048,12.112566347,0.7999185369999999,0.0
Angola,AO,Moxico,L1AGO0049,2004,1.700230285,12.153773614,0.4999436929999999,0.0
Angola,AO,Moxico,L1AGO0049,2005,1.4996806559999998,13.505349022,0.7499966929999999,0.0
Angola,AO,Moxico,L1AGO0049,2006,1.364343171,20.990174279,0.750031635,0.0
Angola,AO,Moxico,L1AGO0049,2007,1.299861878,16.099831815,0.7,0.0
Angola,AO,Moxico,L1AGO0049,2008,0.94023255,19.369933723,0.180039354,0.0
Angola,AO,Moxico,L1AGO0049,2009,0.9809671,19.29999616,0.600024927,0.0
Angola,AO,Moxico,L1AGO0049,2010,2.174580353,16.203393203999997,1.0000122930000002,0.0
Angola,AO,Moxico,L1AGO0049,2011,2.615383248,16.311187411,1.349314536,0.0
Angola,AO,Moxico,L1AGO0049,2012,1.2201978,12.981704989,0.2654242519999999,0.0
Angola,AO,Moxico,L1AGO0049,2013,3.126503855,18.703426504,1.417344806,0.0
Angola,AO,Moxico,L1AGO0049,2014,3.419472743,21.6073177,1.808747211,0.0
Angola,AO,Moxico,L1AGO0049,2015,3.358161678,7.390641248,1.901096584,0.0
Angola,AO,Moxico,L1AGO0049,2016,3.358161678,15.190330854,1.901096584,0.0
Angola,AO,Moxico,L1AGO0049,2017,2.457816009,21.800732908,1.800949851,0.0
Angola,AO,Namibe,L1AGO0050,1997,0.619992441,5.0,0.0,0.0
Angola,AO,Namibe,L1AGO0050,1998,0.8,5.0,0.0,0.0
Angola,AO,Namibe,L1AGO0050,1999,0.299987207,0.0,0.0,0.0
Angola,AO,Namibe,L1AGO0050,2000,0.600059338,0.0,0.0,0.0
Angola,AO,Namibe,L1AGO0050,2001,0.999986507,2.5,0.200406918,0.0
Angola,AO,Namibe,L1AGO0050,2002,0.900087547,6.997911229,0.3,0.0
Angola,AO,Namibe,L1AGO0050,2003,0.999920579,4.987273022,0.249808429,0.0
Angola,AO,Namibe,L1AGO0050,2004,0.800052673,2.509259259,0.249769585,0.0
Angola,AO,Namibe,L1AGO0050,2005,0.8499032879999999,5.000773993999999,0.300139276,0.0
Angola,AO,Namibe,L1AGO0050,2006,0.698924321,3.0,0.5003465,0.0
Angola,AO,Namibe,L1AGO0050,2007,1.099976185,0.0,0.398170732,0.0
Angola,AO,Namibe,L1AGO0050,2008,0.649890386,23.398548579,0.5186156049999999,0.0
Angola,AO,Namibe,L1AGO0050,2009,0.900955897,24.500538213,0.521224199,0.0
Angola,AO,Namibe,L1AGO0050,2010,1.007132822,18.946607827,0.615489237,0.0
Angola,AO,Namibe,L1AGO0050,2011,1.147960135,21.613577537,0.719309016,0.0
Angola,AO,Namibe,L1AGO0050,2012,0.291048429,16.001700268,0.233385603,0.0
Angola,AO,Namibe,L1AGO0050,2013,0.517523291,20.451731262,0.5590353480000001,0.0
Angola,AO,Namibe,L1AGO0050,2014,0.5864473139999999,23.961030078,0.7946347810000001,0.0
Angola,AO,Namibe,L1AGO0050,2015,0.951012251,14.138776997,1.068757197,0.0
Angola,AO,Namibe,L1AGO0050,2016,0.951012251,18.493651525,1.068757197,0.0
Angola,AO,Namibe,L1AGO0050,2017,1.179175126,16.765231254,0.996701674,0.0
Angola,AO,Uige,L1AGO0051,1997,1.46,0.0,0.0,0.0
Angola,AO,Uige,L1AGO0051,1998,1.7000000000000002,2.0,0.0,0.0
Angola,AO,Uige,L1AGO0051,1999,0.849990752,5.500004342,0.0,0.0
Angola,AO,Uige,L1AGO0051,2000,0.800011915,10.0,0.0,0.0
Angola,AO,Uige,L1AGO0051,2001,0.350012636,19.00049143,0.45001872,0.0
Angola,AO,Uige,L1AGO0051,2002,0.649989977,20.205029076,0.8500177289999999,0.0
Angola,AO,Uige,L1AGO0051,2003,0.75,14.140617105,0.600023444,0.0
Angola,AO,Uige,L1AGO0051,2004,1.650129282,14.61384194,0.599994442,0.0
Angola,AO,Uige,L1AGO0051,2005,1.199922798,14.506569696,0.7100108089999999,0.0
Angola,AO,Uige,L1AGO0051,2006,0.499974906,16.834299715,0.783378559,0.0
Angola,AO,Uige,L1AGO0051,2007,0.5,24.499123288,0.6000005340000001,0.5
Angola,AO,Uige,L1AGO0051,2008,0.500014268,35.920661606,0.819990947,0.0
Angola,AO,Uige,L1AGO0051,2009,0.649955765,29.899110185,0.699999721,0.250059312
Angola,AO,Uige,L1AGO0051,2010,1.45162704,22.522744838,0.699994039,0.0
Angola,AO,Uige,L1AGO0051,2011,1.758265559,21.49891947,0.896992674,0.0
Angola,AO,Uige,L1AGO0051,2012,0.7943353769999999,14.79685151,0.5891486619999999,0.0
Angola,AO,Uige,L1AGO0051,2013,1.916351071,21.025316195,1.090023015,0.318150449
Angola,AO,Uige,L1AGO0051,2014,2.037475237,26.305050968000003,1.430240337,0.309796523
Angola,AO,Uige,L1AGO0051,2015,2.102254807,17.023739257,1.584419579,0.0
Angola,AO,Uige,L1AGO0051,2016,2.102254807,25.048081223,1.584419579,0.0
Angola,AO,Uige,L1AGO0051,2017,0.956984981,25.124368102,1.664762229,0.0
Angola,AO,Zaire,L1AGO0052,1997,0.409971711,5.0,0.0,0.0
Angola,AO,Zaire,L1AGO0052,1998,1.499976102,6.5,0.0,0.0
Angola,AO,Zaire,L1AGO0052,1999,0.85005692,5.500014141,0.0,0.0
Angola,AO,Zaire,L1AGO0052,2000,0.899937067,9.0,0.0,0.0
Angola,AO,Zaire,L1AGO0052,2001,0.399824253,13.000125534,0.500079885,0.0
Angola,AO,Zaire,L1AGO0052,2002,0.649917732,14.74150428,0.900027617,0.0
Angola,AO,Zaire,L1AGO0052,2003,0.649963513,12.613928085,0.8507903720000001,0.0
Angola,AO,Zaire,L1AGO0052,2004,0.499817585,11.838872321,0.6001448899999999,0.0
Angola,AO,Zaire,L1AGO0052,2005,0.5,12.006127566,0.71000257,0.0
Angola,AO,Zaire,L1AGO0052,2006,0.400147929,15.50014676,0.649979867,0.0
Angola,AO,Zaire,L1AGO0052,2007,0.399856425,18.396370276,0.600030184,0.0
Angola,AO,Zaire,L1AGO0052,2008,0.829727844,24.660483424,0.670142111,0.0
Angola,AO,Zaire,L1AGO0052,2009,0.44994995,30.20023174,0.8000220849999999,0.0
Angola,AO,Zaire,L1AGO0052,2010,0.563313609,19.683832088,0.785144672,0.0
Angola,AO,Zaire,L1AGO0052,2011,0.586643945,18.099022152,0.966741266,0.0
Angola,AO,Zaire,L1AGO0052,2012,0.329892608,11.308849955,0.622351658,0.0
Angola,AO,Zaire,L1AGO0052,2013,0.615250231,18.388845098,0.948959178,0.0
Angola,AO,Zaire,L1AGO0052,2014,0.656762295,19.940706218000003,1.313754399,0.0
Angola,AO,Zaire,L1AGO0052,2015,0.669128388,13.890961969,1.399893726,0.0
Angola,AO,Zaire,L1AGO0052,2016,0.669128388,22.489859748,1.399893726,0.0
Angola,AO,Zaire,L1AGO0052,2017,1.104972376,23.781000583,1.319492998,0.0
Burkina Faso,BFA,Boucle Du Mouhoun,L1BFA0216,1995,6.230819093,0.0,2.975706043,1.083920055
Burkina Faso,BFA,Boucle Du Mouhoun,L1BFA0216,1996,6.332838275,0.0,15.31611951,0.776945735
Burkina Faso,BFA,Boucle Du Mouhoun,L1BFA0216,1997,3.566369925,0.0,5.740830222,1.039102248
Burkina Faso,BFA,Boucle Du Mouhoun,L1BFA0216,1998,4.931904434,0.0,3.992621741,0.749349705
Burkina Faso,BFA,Boucle Du Mouhoun,L1BFA0216,1999,7.254788823,0.0,4.979316433,1.050567791
Burkina Faso,BFA,Boucle Du Mouhoun,L1BFA0216,2000,2.882238759,0.0,2.026899798,0.910270702
Burkina Faso,BFA,Boucle Du Mouhoun,L1BFA0216,2001,5.128802824,0.0,5.779538594,1.157409359
Burkina Faso,BFA,Boucle Du Mouhoun,L1BFA0216,2002,4.8889658140000005,0.0,3.938127433,1.0219261
Burkina Faso,BFA,Boucle Du Mouhoun,L1BFA0216,2003,9.502929071,0.0,10.99948367,1.123072265
Burkina Faso,BFA,Boucle Du Mouhoun,L1BFA0216,2004,3.636499698,0.0,3.319637374,1.069645891
Burkina Faso,BFA,Boucle Du Mouhoun,L1BFA0216,2005,6.483849653,0.0,2.614265734,1.302163768
Burkina Faso,BFA,Boucle Du Mouhoun,L1BFA0216,2006,8.46668995,0.0,3.448319642,1.501137093
Burkina Faso,BFA,Boucle Du Mouhoun,L1BFA0216,2007,5.526017611,0.0,1.958269849,1.012311485
Burkina Faso,BFA,Boucle Du Mouhoun,L1BFA0216,2008,5.942386008000001,41.81179273,3.880189911,1.33141948
Burkina Faso,BFA,Boucle Du Mouhoun,L1BFA0216,2009,6.923295389,39.500807104,4.400641963,1.189494664
Burkina Faso,BFA,Boucle Du Mouhoun,L1BFA0216,2010,6.547874511,15.162796373,7.106732044,1.376399723
Burkina Faso,BFA,Boucle Du Mouhoun,L1BFA0216,2011,5.714809529,27.68384075,5.635806763,1.178770895
Burkina Faso,BFA,Boucle Du Mouhoun,L1BFA0216,2012,6.627325059,4.396449704,5.178871376,1.017212198
Burkina Faso,BFA,Boucle Du Mouhoun,L1BFA0216,2013,6.96191956,25.45322793,4.433788407,1.252164083
Burkina Faso,BFA,Boucle Du Mouhoun,L1BFA0216,2014,7.140205706,2.315789474,4.02913761,1.532516483
Burkina Faso,BFA,Boucle Du Mouhoun,L1BFA0216,2015,6.815178743000001,0.0,3.718165496,1.262918434
Burkina Faso,BFA,Boucle Du Mouhoun,L1BFA0216,2016,6.304409514,1.041916168,2.777339386,1.203639262
Burkina Faso,BFA,Boucle Du Mouhoun,L1BFA0216,2017,5.421726274999999,28.78832117,3.158201892,0.891502372
Burkina Faso,BFA,Boucle Du Mouhoun,L1BFA0216,2018,6.238104031000001,11.42307692,3.284189,1.062992424
Burkina Faso,BFA,Cascades,L1BFA0217,1995,5.925373345000001,0.0,1.945845005,0.489987905
Burkina Faso,BFA,Cascades,L1BFA0217,1996,6.112217777,0.0,1.513292434,1.428191905
Burkina Faso,BFA,Cascades,L1BFA0217,1997,5.337814912000001,0.0,0.721962617,1.593277588
Burkina Faso,BFA,Cascades,L1BFA0217,1998,5.323560296,0.0,1.414925373,1.184625612
Burkina Faso,BFA,Cascades,L1BFA0217,1999,6.892941792,0.0,0.796363636,1.520692884
Burkina Faso,BFA,Cascades,L1BFA0217,2000,6.906016393,0.0,1.151869159,1.348624417
Burkina Faso,BFA,Cascades,L1BFA0217,2001,8.114437841,0.0,1.415961945,1.201376453
Burkina Faso,BFA,Cascades,L1BFA0217,2002,8.125732102,0.0,2.710486891,1.343150581
Burkina Faso,BFA,Cascades,L1BFA0217,2003,7.924235734,0.0,1.291307233,1.06738437
Burkina Faso,BFA,Cascades,L1BFA0217,2004,8.550881804,0.0,1.225479143,1.273260667
Burkina Faso,BFA,Cascades,L1BFA0217,2005,9.814629324,0.0,1.430325353,1.161758296
Burkina Faso,BFA,Cascades,L1BFA0217,2006,13.710957046,0.0,1.677647059,1.753665331
Burkina Faso,BFA,Cascades,L1BFA0217,2007,8.225118313,0.0,0.997212544,1.312409157
Burkina Faso,BFA,Cascades,L1BFA0217,2008,6.851499641,8.981730414000001,3.259313746,1.42106922
Burkina Faso,BFA,Cascades,L1BFA0217,2009,6.606023699,8.470773494,3.902164453,1.319070513
Burkina Faso,BFA,Cascades,L1BFA0217,2010,6.199006464,8.444136977,3.488443838,1.007438117
Burkina Faso,BFA,Cascades,L1BFA0217,2011,6.331093796,10.694168577,4.084324421,1.139762358
Burkina Faso,BFA,Cascades,L1BFA0217,2012,7.267062886000001,9.041594951,2.775574552,1.15847639
Burkina Faso,BFA,Cascades,L1BFA0217,2013,6.518685953,7.103678215,2.880856403,1.242789249
Burkina Faso,BFA,Cascades,L1BFA0217,2014,6.904818021,15.747725567,3.997839637,1.122910169
Burkina Faso,BFA,Cascades,L1BFA0217,2015,6.958569945000001,2.038461538,3.830048732,1.46954827
Burkina Faso,BFA,Cascades,L1BFA0217,2016,6.5857133,9.818283917,4.075907013,1.42779964
Burkina Faso,BFA,Cascades,L1BFA0217,2017,6.2259856330000005,10.098959108,2.91200434,1.213222581
Burkina Faso,BFA,Cascades,L1BFA0217,2018,6.925990789,20.663928971,2.536146497,0.99005247
Burkina Faso,BFA,Centre,L1BFA0218,1995,2.615838743,0.0,0.0,0.0
Burkina Faso,BFA,Centre,L1BFA0218,1996,3.032708866,0.0,69.65217391,0.0
Burkina Faso,BFA,Centre,L1BFA0218,1997,1.142132091,0.0,9.9,0.0
Burkina Faso,BFA,Centre,L1BFA0218,1998,2.630764948,0.0,7.046511628,0.0
Burkina Faso,BFA,Centre,L1BFA0218,1999,49.866948711000006,0.0,9.710526316,0.0
Burkina Faso,BFA,Centre,L1BFA0218,2000,1.891553711,0.0,2.181818182,0.0
Burkina Faso,BFA,Centre,L1BFA0218,2001,4.920427719,0.0,3.532414497,0.0
Burkina Faso,BFA,Centre,L1BFA0218,2002,4.068879531,0.0,3.518203883,0.47826087
Burkina Faso,BFA,Centre,L1BFA0218,2003,15.383592967000002,0.0,16.53664303,0.0
Burkina Faso,BFA,Centre,L1BFA0218,2004,4.429309066,0.0,4.368451688,0.456790123
Burkina Faso,BFA,Centre,L1BFA0218,2005,4.6261669,0.0,3.218181818,1.370517928
Burkina Faso,BFA,Centre,L1BFA0218,2006,5.186387377,0.0,2.193573668,1.996240602
Burkina Faso,BFA,Centre,L1BFA0218,2007,4.059774388,0.0,2.304,0.0
Burkina Faso,BFA,Centre,L1BFA0218,2008,4.552366355,0.0,5.596908777,1.011990408
Burkina Faso,BFA,Centre,L1BFA0218,2009,4.792632849,16.45454545,8.261319936,0.813829787
Burkina Faso,BFA,Centre,L1BFA0218,2010,5.874457556,1.0,7.010312705,0.0
Burkina Faso,BFA,Centre,L1BFA0218,2011,4.539558473,0.0,4.0521038350000005,0.0
Burkina Faso,BFA,Centre,L1BFA0218,2012,7.946155903,0.0,4.033277557,0.0
Burkina Faso,BFA,Centre,L1BFA0218,2013,7.113761335,0.0,4.013699609,0.0
Burkina Faso,BFA,Centre,L1BFA0218,2014,8.228554747,2.071428571,3.429009127,0.0
Burkina Faso,BFA,Centre,L1BFA0218,2015,6.172968695,0.0,6.632926242,0.0
Burkina Faso,BFA,Centre,L1BFA0218,2016,7.031072012,0.0,3.279495626,2.002008032
Burkina Faso,BFA,Centre,L1BFA0218,2017,5.242644854,9.333333333,2.657570704,0.0
Burkina Faso,BFA,Centre,L1BFA0218,2018,6.002877856,8.666666667,2.297111908,0.0
Burkina Faso,BFA,Centre-est,L1BFA0219,1995,5.0040932950000006,0.0,9.820713664,6.661016949
Burkina Faso,BFA,Centre-est,L1BFA0219,1996,4.63472834,0.0,26.62837163,0.545961003
Burkina Faso,BFA,Centre-est,L1BFA0219,1997,3.414155819,0.0,25.66706876,1.47826087
Burkina Faso,BFA,Centre-est,L1BFA0219,1998,4.089021208,0.0,18.68458585,0.68683274
Burkina Faso,BFA,Centre-est,L1BFA0219,1999,4.709372233,0.0,16.59078134,0.674088292
Burkina Faso,BFA,Centre-est,L1BFA0219,2000,3.957530283,0.0,8.202328967,0.746881497
Burkina Faso,BFA,Centre-est,L1BFA0219,2001,6.066223587,0.0,11.0160487,1.165485714
Burkina Faso,BFA,Centre-est,L1BFA0219,2002,6.094083465,0.0,12.46468401,0.956487132
Burkina Faso,BFA,Centre-est,L1BFA0219,2003,7.293485291,0.0,26.31523643,1.287022235
Burkina Faso,BFA,Centre-est,L1BFA0219,2004,6.725484599,0.0,11.19062181,1.150488107
Burkina Faso,BFA,Centre-est,L1BFA0219,2005,5.611546838000001,0.0,12.15646259,0.818311647
Burkina Faso,BFA,Centre-est,L1BFA0219,2006,5.727443291,0.0,10.56607275,0.576710557
Burkina Faso,BFA,Centre-est,L1BFA0219,2007,4.193799717,0.0,7.558166863,0.685121107
Burkina Faso,BFA,Centre-est,L1BFA0219,2008,6.360791130000001,17.36942675,20.089568396,1.091011517
Burkina Faso,BFA,Centre-est,L1BFA0219,2009,5.901454793999999,11.48969072,20.963448574,0.976785284
Burkina Faso,BFA,Centre-est,L1BFA0219,2010,6.14864726,15.96323529,11.423430369,1.151900585
Burkina Faso,BFA,Centre-est,L1BFA0219,2011,5.590563146999999,2.689655172,17.4025334,0.85319198
Burkina Faso,BFA,Centre-est,L1BFA0219,2012,5.738963652000001,2.782496782,12.785084052,1.157984483
Burkina Faso,BFA,Centre-est,L1BFA0219,2013,5.696423168,13.88986784,12.678136847,1.282582721
Burkina Faso,BFA,Centre-est,L1BFA0219,2014,6.680356336999999,0.934977578,6.106524379,1.350042084
Burkina Faso,BFA,Centre-est,L1BFA0219,2015,5.704519060000001,0.0,5.60630841,1.368657357
Burkina Faso,BFA,Centre-est,L1BFA0219,2016,6.261172999,9.0,8.679790563,1.481281793
Burkina Faso,BFA,Centre-est,L1BFA0219,2017,5.886622568,6.0,5.618532766,1.077839986
Burkina Faso,BFA,Centre-est,L1BFA0219,2018,6.437647648,7.888888889,5.504556895,0.955002778
Burkina Faso,BFA,Centre-nord,L1BFA0220,1995,7.788543846,0.0,252.2293578,2.935031847
Burkina Faso,BFA,Centre-nord,L1BFA0220,1996,4.91887582,0.0,29.602,0.597788528
Burkina Faso,BFA,Centre-nord,L1BFA0220,1997,4.542753227,0.0,11.85867446,0.393700787
Burkina Faso,BFA,Centre-nord,L1BFA0220,1998,5.952724992,0.0,38.03754266,0.914001049
Burkina Faso,BFA,Centre-nord,L1BFA0220,1999,6.383903043,0.0,31.77827715,0.823076923
Burkina Faso,BFA,Centre-nord,L1BFA0220,2000,4.921952664000001,0.0,13.56738392,0.424242424
Burkina Faso,BFA,Centre-nord,L1BFA0220,2001,6.260578376,0.0,35.00688073,0.640790402
Burkina Faso,BFA,Centre-nord,L1BFA0220,2002,6.371208349,0.0,18.06845638,0.636576788
Burkina Faso,BFA,Centre-nord,L1BFA0220,2003,55.946098858,0.0,68.45903955,0.628514056
Burkina Faso,BFA,Centre-nord,L1BFA0220,2004,4.580355834000001,0.0,13.11206588,0.45503212
Burkina Faso,BFA,Centre-nord,L1BFA0220,2005,6.120402471,0.0,11.58677991,0.555323591
Burkina Faso,BFA,Centre-nord,L1BFA0220,2006,6.087050039,0.0,17.82229673,0.971014493
Burkina Faso,BFA,Centre-nord,L1BFA0220,2007,3.641770794,0.0,5.137884615,0.287671233
Burkina Faso,BFA,Centre-nord,L1BFA0220,2008,5.451208637000001,24.0,8.627135227,3.821428571
Burkina Faso,BFA,Centre-nord,L1BFA0220,2009,4.323040432,0.0,5.058348731,0.666666667
Burkina Faso,BFA,Centre-nord,L1BFA0220,2010,4.455277239,0.0,9.927003736,1.730627306
Burkina Faso,BFA,Centre-nord,L1BFA0220,2011,4.225947298,0.0,4.522405797,0.0
Burkina Faso,BFA,Centre-nord,L1BFA0220,2012,5.929973293,0.0,8.197425182,0.0
Burkina Faso,BFA,Centre-nord,L1BFA0220,2013,5.280351045,0.0,5.67039579,0.0
Burkina Faso,BFA,Centre-nord,L1BFA0220,2014,4.547264743,0.0,4.245091353,0.640625
Burkina Faso,BFA,Centre-nord,L1BFA0220,2015,4.923429294,1.045454545,6.089821042,0.380952381
Burkina Faso,BFA,Centre-nord,L1BFA0220,2016,4.781139965,0.333333333,6.434258412999999,0.434782609
Burkina Faso,BFA,Centre-nord,L1BFA0220,2017,4.243092236,0.0,2.469353902,0.038961039
Burkina Faso,BFA,Centre-nord,L1BFA0220,2018,5.210229655,0.0,3.414115872,0.722222222
Burkina Faso,BFA,Centre-ouest,L1BFA0221,1995,3.364786424,0.0,148.1861199,0.915886392
Burkina Faso,BFA,Centre-ouest,L1BFA0221,1996,5.054396402,0.0,20.79225062,1.233884511
Burkina Faso,BFA,Centre-ouest,L1BFA0221,1997,3.547617322,0.0,5.208111308,0.839391979
Burkina Faso,BFA,Centre-ouest,L1BFA0221,1998,3.837787865,0.0,7.792944785,0.898752829
Burkina Faso,BFA,Centre-ouest,L1BFA0221,1999,4.867388717000001,0.0,11.72035928,1.096243265
Burkina Faso,BFA,Centre-ouest,L1BFA0221,2000,4.078265557,0.0,8.26631016,1.110025197
Burkina Faso,BFA,Centre-ouest,L1BFA0221,2001,4.618059287,0.0,8.30756262,0.935790061
Burkina Faso,BFA,Centre-ouest,L1BFA0221,2002,4.308556359,0.0,6.29008222,0.896842518
Burkina Faso,BFA,Centre-ouest,L1BFA0221,2003,4.030620765,0.0,12.18494624,0.753596506
Burkina Faso,BFA,Centre-ouest,L1BFA0221,2004,4.235359082,0.0,8.745107399,0.698727129
Burkina Faso,BFA,Centre-ouest,L1BFA0221,2005,4.775180329,0.0,7.507939218,0.908523778
Burkina Faso,BFA,Centre-ouest,L1BFA0221,2006,5.100702704,0.0,9.999269895,0.860549567
Burkina Faso,BFA,Centre-ouest,L1BFA0221,2007,4.201697605,0.0,3.539980257,0.679159384
Burkina Faso,BFA,Centre-ouest,L1BFA0221,2008,4.794887832000001,4.259259259,7.070968976,0.953979532
Burkina Faso,BFA,Centre-ouest,L1BFA0221,2009,4.776722331,7.666666667,14.525187038,0.734771443
Burkina Faso,BFA,Centre-ouest,L1BFA0221,2010,3.969987501,15.02777778,15.404953141,0.609386282
Burkina Faso,BFA,Centre-ouest,L1BFA0221,2011,3.698599836,0.666666667,10.541682313,0.381978022
Burkina Faso,BFA,Centre-ouest,L1BFA0221,2012,5.35577468,0.0,7.798457525,0.496219592
Burkina Faso,BFA,Centre-ouest,L1BFA0221,2013,4.532492245,4.849056604,7.233977524,0.635187259
Burkina Faso,BFA,Centre-ouest,L1BFA0221,2014,5.990406453,16.5,6.857476282,1.436993699
Burkina Faso,BFA,Centre-ouest,L1BFA0221,2015,5.2847944810000005,11.962640098,11.671028697,1.096994914
Burkina Faso,BFA,Centre-ouest,L1BFA0221,2016,5.173456433999999,9.75,4.593008465,0.964069661
Burkina Faso,BFA,Centre-ouest,L1BFA0221,2017,4.059359574,4.880208333,4.004160667,0.879095265
Burkina Faso,BFA,Centre-ouest,L1BFA0221,2018,5.84303475,9.571428571,4.444059329,0.806167041
Burkina Faso,BFA,Centre-sud,L1BFA0222,1995,3.980505487,0.0,2.537722109,0.746538871
Burkina Faso,BFA,Centre-sud,L1BFA0222,1996,5.846616044999999,0.0,21.25777332,0.976992605
Burkina Faso,BFA,Centre-sud,L1BFA0222,1997,3.2617649440000003,0.0,3.428512567,1.228475814
Burkina Faso,BFA,Centre-sud,L1BFA0222,1998,4.093952187,0.0,4.138870284,0.673027835
Burkina Faso,BFA,Centre-sud,L1BFA0222,1999,4.883829747,0.0,4.912804587,0.900782361
Burkina Faso,BFA,Centre-sud,L1BFA0222,2000,3.981029336,0.0,2.366063738,0.566647179
Burkina Faso,BFA,Centre-sud,L1BFA0222,2001,4.818672514,0.0,5.396817248,1.144768856
Burkina Faso,BFA,Centre-sud,L1BFA0222,2002,4.717840282,0.0,3.986478711,1.022411314
Burkina Faso,BFA,Centre-sud,L1BFA0222,2003,4.494528494,0.0,6.299091941,0.985485181
Burkina Faso,BFA,Centre-sud,L1BFA0222,2004,5.092647409,0.0,3.887396286,1.095313936
Burkina Faso,BFA,Centre-sud,L1BFA0222,2005,5.264194549000001,0.0,4.134585692,1.23932892
Burkina Faso,BFA,Centre-sud,L1BFA0222,2006,5.876461674,0.0,2.652924083,1.021321962
Burkina Faso,BFA,Centre-sud,L1BFA0222,2007,4.110430624,0.0,1.5360134,0.942864271
Burkina Faso,BFA,Centre-sud,L1BFA0222,2008,5.1183688190000005,16.73071719,5.236462821,1.317097863
Burkina Faso,BFA,Centre-sud,L1BFA0222,2009,5.151208793,5.608280255,5.893558164,0.973172988
Burkina Faso,BFA,Centre-sud,L1BFA0222,2010,4.981573752999999,13.32997988,5.9774723210000005,0.728836139
Burkina Faso,BFA,Centre-sud,L1BFA0222,2011,5.044147708000001,15.649388047,7.556103151999999,0.84305458
Burkina Faso,BFA,Centre-sud,L1BFA0222,2012,5.114671631,11.58120438,7.172638600000001,0.851456411
Burkina Faso,BFA,Centre-sud,L1BFA0222,2013,5.539596839,7.229508197,5.936825432,1.262060642
Burkina Faso,BFA,Centre-sud,L1BFA0222,2014,6.009152885,12.14754098,5.623566616,1.449441002
Burkina Faso,BFA,Centre-sud,L1BFA0222,2015,5.633333544999999,11.82320442,7.617394838,1.049479554
Burkina Faso,BFA,Centre-sud,L1BFA0222,2016,6.0704220840000005,4.888461538,5.237627885,1.152349133
Burkina Faso,BFA,Centre-sud,L1BFA0222,2017,5.491184585999999,9.038133641,4.219546801,1.091414626
Burkina Faso,BFA,Centre-sud,L1BFA0222,2018,5.431410562,11.02621723,3.351862291,1.091617021
Burkina Faso,BFA,Est,L1BFA0223,1995,4.459339420999999,0.0,17.70707071,0.592998955
Burkina Faso,BFA,Est,L1BFA0223,1996,5.255544954,0.0,35.06892523,1.70855775
Burkina Faso,BFA,Est,L1BFA0223,1997,4.1819153060000005,0.0,21.70135747,1.110773085
Burkina Faso,BFA,Est,L1BFA0223,1998,5.517203414999999,0.0,35.64317841,1.071395192
Burkina Faso,BFA,Est,L1BFA0223,1999,5.480011686999999,0.0,20.40057915,1.139059305
Burkina Faso,BFA,Est,L1BFA0223,2000,3.521020017,0.0,24.34198113,0.931422189
Burkina Faso,BFA,Est,L1BFA0223,2001,4.742955224999999,0.0,14.8971029,1.218685243
Burkina Faso,BFA,Est,L1BFA0223,2002,5.630678359000001,0.0,13.67752443,1.095862508
Burkina Faso,BFA,Est,L1BFA0223,2003,5.802818958,0.0,25.29102845,1.004494017
Burkina Faso,BFA,Est,L1BFA0223,2004,5.854314422,0.0,15.64368517,1.178011816
Burkina Faso,BFA,Est,L1BFA0223,2005,6.007643493,0.0,11.23737916,1.004983657
Burkina Faso,BFA,Est,L1BFA0223,2006,6.235596301,0.0,13.44397363,0.879280592
Burkina Faso,BFA,Est,L1BFA0223,2007,4.031106556,0.0,3.468397531,0.83332285
Burkina Faso,BFA,Est,L1BFA0223,2008,6.566477709,11.69454545,11.470419308,1.49794692
Burkina Faso,BFA,Est,L1BFA0223,2009,4.8741277620000005,8.714592275,7.240178993999999,0.549258179
Burkina Faso,BFA,Est,L1BFA0223,2010,5.111972007,11.37203166,6.668846562000001,0.792422192
Burkina Faso,BFA,Est,L1BFA0223,2011,4.220155264000001,1.665898618,15.266143167,0.878244296
Burkina Faso,BFA,Est,L1BFA0223,2012,6.31803777,4.846749226,10.385164278,1.216811195
Burkina Faso,BFA,Est,L1BFA0223,2013,5.507463253,6.234273319,12.346110133,1.095889422
Burkina Faso,BFA,Est,L1BFA0223,2014,6.248410566,4.0,12.005117516,1.012303512
Burkina Faso,BFA,Est,L1BFA0223,2015,5.749964575,8.5,5.608672851,0.789317507
Burkina Faso,BFA,Est,L1BFA0223,2016,5.611824159999999,1.822222222,5.509254087,0.813999091
Burkina Faso,BFA,Est,L1BFA0223,2017,4.427498882,6.979166667,4.819459625,0.959460122
Burkina Faso,BFA,Est,L1BFA0223,2018,5.240007662,11.775,4.395184678,0.811424227
Burkina Faso,BFA,Hauts-bassins,L1BFA0224,1995,5.0308167820000005,0.0,2.691192461,1.077172019
Burkina Faso,BFA,Hauts-bassins,L1BFA0224,1996,6.180091921,0.0,2.987488829,1.025443944
Burkina Faso,BFA,Hauts-bassins,L1BFA0224,1997,6.008796632999999,0.0,2.001404494,1.454888834
Burkina Faso,BFA,Hauts-bassins,L1BFA0224,1998,6.127631735,0.0,2.178726318,1.129968442
Burkina Faso,BFA,Hauts-bassins,L1BFA0224,1999,6.911068242,0.0,3.596125996,1.314908064
Burkina Faso,BFA,Hauts-bassins,L1BFA0224,2000,5.765901509000001,0.0,1.514627321,1.020988132
Burkina Faso,BFA,Hauts-bassins,L1BFA0224,2001,6.12630006,0.0,3.004152028,1.172880934
Burkina Faso,BFA,Hauts-bassins,L1BFA0224,2002,5.897706976,0.0,2.852107926,1.103578711
Burkina Faso,BFA,Hauts-bassins,L1BFA0224,2003,6.3288702390000005,0.0,2.547311178,1.062248629
Burkina Faso,BFA,Hauts-bassins,L1BFA0224,2004,5.499394057,0.0,2.506190184,1.008434242
Burkina Faso,BFA,Hauts-bassins,L1BFA0224,2005,6.856651425,0.0,2.116130988,1.10391105
Burkina Faso,BFA,Hauts-bassins,L1BFA0224,2006,8.054739058,0.0,2.422926753,1.358808915
Burkina Faso,BFA,Hauts-bassins,L1BFA0224,2007,4.693260556,0.0,1.018212479,1.033222106
Burkina Faso,BFA,Hauts-bassins,L1BFA0224,2008,7.704797275,15.647366371,3.622560017000001,1.424934344
Burkina Faso,BFA,Hauts-bassins,L1BFA0224,2009,7.373085396,22.948819004,4.792047078,1.301470638
Burkina Faso,BFA,Hauts-bassins,L1BFA0224,2010,6.3028629590000005,14.993078025,3.860466661,1.152786457
Burkina Faso,BFA,Hauts-bassins,L1BFA0224,2011,6.621226023999999,19.919500027,2.837564277,1.226268096
Burkina Faso,BFA,Hauts-bassins,L1BFA0224,2012,7.88244487,15.414028105,3.1703815209999995,1.284856048
Burkina Faso,BFA,Hauts-bassins,L1BFA0224,2013,7.577148228,25.139421627,2.9666528540000003,1.25095978
Burkina Faso,BFA,Hauts-bassins,L1BFA0224,2014,7.743676537000001,13.292776037,2.758307693,1.403970276
Burkina Faso,BFA,Hauts-bassins,L1BFA0224,2015,7.223290787000001,16.635046753,3.472228863,1.143828167
Burkina Faso,BFA,Hauts-bassins,L1BFA0224,2016,6.380029804,22.877380044,2.863296984,1.221072036
Burkina Faso,BFA,Hauts-bassins,L1BFA0224,2017,5.596010571000001,24.822098930000003,2.969694087,1.031768557
Burkina Faso,BFA,Hauts-bassins,L1BFA0224,2018,5.815110185,15.03506369,3.161294718,1.135706156
Burkina Faso,BFA,Nord,L1BFA0225,1995,4.16116782,0.0,221.1923077,13.64285714
Burkina Faso,BFA,Nord,L1BFA0225,1996,4.304803059,0.0,161.2285714,1.0
Burkina Faso,BFA,Nord,L1BFA0225,1997,2.778378653,0.0,89.05263158,0.6
Burkina Faso,BFA,Nord,L1BFA0225,1998,4.857598234,0.0,102.9652605,0.8
Burkina Faso,BFA,Nord,L1BFA0225,1999,4.460732774,0.0,23.78212291,0.0
Burkina Faso,BFA,Nord,L1BFA0225,2000,2.899248769,0.0,45.96794872,0.0
Burkina Faso,BFA,Nord,L1BFA0225,2001,4.185258750999999,0.0,59.82420554,0.700787402
Burkina Faso,BFA,Nord,L1BFA0225,2002,4.658492905999999,0.0,26.38928255,0.0
Burkina Faso,BFA,Nord,L1BFA0225,2003,3.5211548660000003,0.0,43.09090909,1.362068966
Burkina Faso,BFA,Nord,L1BFA0225,2004,3.010898649,0.0,29.38033175,0.0
Burkina Faso,BFA,Nord,L1BFA0225,2005,6.872557759999999,0.0,26.67471721,0.0
Burkina Faso,BFA,Nord,L1BFA0225,2006,5.909647325,0.0,23.81519655,0.0
Burkina Faso,BFA,Nord,L1BFA0225,2007,6.166597727000001,0.0,62.05405405,0.0
Burkina Faso,BFA,Nord,L1BFA0225,2008,6.54968092,17.220357942,14.16391432,1.413781569
Burkina Faso,BFA,Nord,L1BFA0225,2009,6.12387291,16.461439538,12.982461046,1.348666122
Burkina Faso,BFA,Nord,L1BFA0225,2010,6.699213135,14.695240571,15.059539805,1.472801262
Burkina Faso,BFA,Nord,L1BFA0225,2011,6.418465387,10.197098916,10.134166811,1.705574706
Burkina Faso,BFA,Nord,L1BFA0225,2012,8.110003482,11.376718061,14.483918211,1.28375184
Burkina Faso,BFA,Nord,L1BFA0225,2013,7.833573401,9.95608722,12.679878556,1.462698166
Burkina Faso,BFA,Nord,L1BFA0225,2014,8.216107898,15.247601157,12.397838504,1.482007882
Burkina Faso,BFA,Nord,L1BFA0225,2015,7.240648158,3.90768342,13.690605027,1.41309046
Burkina Faso,BFA,Nord,L1BFA0225,2016,7.036533068,15.05693033,6.395171529000001,1.420280824
Burkina Faso,BFA,Nord,L1BFA0225,2017,4.727412987999999,19.043708927,6.5192974800000005,1.01013327
Burkina Faso,BFA,Nord,L1BFA0225,2018,6.808053934999999,18.725415822,6.501925675000001,1.022264442
Burkina Faso,BFA,Plateau Central,L1BFA0226,1995,4.2471990690000005,0.0,55.06105991,2.461538462
Burkina Faso,BFA,Plateau Central,L1BFA0226,1996,4.528111525,0.0,14.44572025,1.323529412
Burkina Faso,BFA,Plateau Central,L1BFA0226,1997,2.512742519,0.0,8.939688716,1.201498751
Burkina Faso,BFA,Plateau Central,L1BFA0226,1998,4.834211629,0.0,7.700827498,1.23079096
Burkina Faso,BFA,Plateau Central,L1BFA0226,1999,5.644860755,0.0,24.73133415,1.019193858
Burkina Faso,BFA,Plateau Central,L1BFA0226,2000,3.734762836,0.0,3.841354724,0.98716303
Burkina Faso,BFA,Plateau Central,L1BFA0226,2001,4.841379224000001,0.0,3.997564727,0.680244034
Burkina Faso,BFA,Plateau Central,L1BFA0226,2002,5.556877298,0.0,6.310870301,1.417248255
Burkina Faso,BFA,Plateau Central,L1BFA0226,2003,16.524675462,0.0,7.101894317,1.096794668
Burkina Faso,BFA,Plateau Central,L1BFA0226,2004,3.703899494,0.0,5.061599861,2.041666667
Burkina Faso,BFA,Plateau Central,L1BFA0226,2005,5.548830586,0.0,7.654875872,0.762489981
Burkina Faso,BFA,Plateau Central,L1BFA0226,2006,5.196889843,0.0,5.455338809,1.444500251
Burkina Faso,BFA,Plateau Central,L1BFA0226,2007,4.292924354,0.0,3.173719376,0.966814159
Burkina Faso,BFA,Plateau Central,L1BFA0226,2008,4.692204289999999,80.33333333,7.297958692,1.01319854
Burkina Faso,BFA,Plateau Central,L1BFA0226,2009,3.950126594,1.5,4.7441433790000005,1.083772701
Burkina Faso,BFA,Plateau Central,L1BFA0226,2010,5.571280655999999,0.0,5.792303330999999,1.305433186
Burkina Faso,BFA,Plateau Central,L1BFA0226,2011,4.986342584,0.0,6.75112607,1.371329019
Burkina Faso,BFA,Plateau Central,L1BFA0226,2012,5.910610083,20.0,6.378395201,0.799919808
Burkina Faso,BFA,Plateau Central,L1BFA0226,2013,6.011182750000001,1.571428571,5.877646387,1.011002445
Burkina Faso,BFA,Plateau Central,L1BFA0226,2014,6.055355675,0.65,6.645338447,0.954531947
Burkina Faso,BFA,Plateau Central,L1BFA0226,2015,5.770638332,0.75,5.226537391000001,0.898065125
Burkina Faso,BFA,Plateau Central,L1BFA0226,2016,5.89856658,0.0,4.014939481,1.451939292
Burkina Faso,BFA,Plateau Central,L1BFA0226,2017,5.273005234999999,3.777777778,2.140365052,1.241839763
Burkina Faso,BFA,Plateau Central,L1BFA0226,2018,5.758691973,0.0,3.078331842,0.399323998
Burkina Faso,BFA,Sahel,L1BFA0227,1995,6.511975338999999,0.0,122.969697,0.0
Burkina Faso,BFA,Sahel,L1BFA0227,1996,5.523984947,0.0,54.18421053,0.0
Burkina Faso,BFA,Sahel,L1BFA0227,1997,5.349258450000001,0.0,15.9125,0.0
Burkina Faso,BFA,Sahel,L1BFA0227,1998,7.677973366,0.0,339.1047619,0.0
Burkina Faso,BFA,Sahel,L1BFA0227,1999,7.788021212,0.0,56.22596154,0.0
Burkina Faso,BFA,Sahel,L1BFA0227,2000,4.713203034,0.0,41.19417476,0.0
Burkina Faso,BFA,Sahel,L1BFA0227,2001,7.417754700000001,0.0,14.02519685,0.0
Burkina Faso,BFA,Sahel,L1BFA0227,2002,5.140853616999999,0.0,9.939106901,0.0
Burkina Faso,BFA,Sahel,L1BFA0227,2003,134.207392908,0.0,100.0049751,0.0
Burkina Faso,BFA,Sahel,L1BFA0227,2004,3.188786217,0.0,4.08492569,0.0
Burkina Faso,BFA,Sahel,L1BFA0227,2005,6.614097308,0.0,33.38983051,0.0
Burkina Faso,BFA,Sahel,L1BFA0227,2006,5.967559692,0.0,33.50488281,0.0
Burkina Faso,BFA,Sahel,L1BFA0227,2007,6.254868635,0.0,7.515837104,0.0
Burkina Faso,BFA,Sahel,L1BFA0227,2008,5.221686468,20.98937598,5.5555580110000005,1.072249589
Burkina Faso,BFA,Sahel,L1BFA0227,2009,5.277736934,22.87975733,4.44812753,1.156016598
Burkina Faso,BFA,Sahel,L1BFA0227,2010,4.547745916,17.414429739,7.001514447,0.803766605
Burkina Faso,BFA,Sahel,L1BFA0227,2011,4.616185301,38.908955698,5.930770847,0.826463726
Burkina Faso,BFA,Sahel,L1BFA0227,2012,8.705413957,24.76602973,6.895176759,1.067292029
Burkina Faso,BFA,Sahel,L1BFA0227,2013,6.338061001,12.817775585,3.541109874,1.113879318
Burkina Faso,BFA,Sahel,L1BFA0227,2014,5.629212562,15.595753587,5.729237686,0.746668461
Burkina Faso,BFA,Sahel,L1BFA0227,2015,5.737852696000001,12.899295689,5.311974799000001,0.504749799
Burkina Faso,BFA,Sahel,L1BFA0227,2016,5.280650132,13.150007342,4.434097866,0.679397167
Burkina Faso,BFA,Sahel,L1BFA0227,2017,5.544577189,25.82034923,3.156211559,0.635843849
Burkina Faso,BFA,Sahel,L1BFA0227,2018,7.032618561,27.62512475,3.425890466,0.712715034
Burkina Faso,BFA,Sud-ouest,L1BFA0228,1995,4.409932496,0.0,19.36089239,0.878886432
Burkina Faso,BFA,Sud-ouest,L1BFA0228,1996,5.612658732,0.0,21.86462094,1.233452406
Burkina Faso,BFA,Sud-ouest,L1BFA0228,1997,4.986016366,0.0,23.34741144,1.231482589
Burkina Faso,BFA,Sud-ouest,L1BFA0228,1998,5.001607566000001,0.0,10.7793788,1.088704602
Burkina Faso,BFA,Sud-ouest,L1BFA0228,1999,5.5827862790000005,0.0,3.695950994,0.998562185
Burkina Faso,BFA,Sud-ouest,L1BFA0228,2000,4.5754859240000005,0.0,4.058678366,0.921646806
Burkina Faso,BFA,Sud-ouest,L1BFA0228,2001,4.328014014,0.0,7.654857143,1.012001568
Burkina Faso,BFA,Sud-ouest,L1BFA0228,2002,4.855871499,0.0,7.52966466,0.726943096
Burkina Faso,BFA,Sud-ouest,L1BFA0228,2003,4.571013154,0.0,13.64401294,1.031332263
Burkina Faso,BFA,Sud-ouest,L1BFA0228,2004,4.750564145,0.0,12.67460317,1.079122901
Burkina Faso,BFA,Sud-ouest,L1BFA0228,2005,3.989146472,0.0,6.783232978,0.861697865
Burkina Faso,BFA,Sud-ouest,L1BFA0228,2006,6.3466450860000005,0.0,7.982859532,0.995101997
Burkina Faso,BFA,Sud-ouest,L1BFA0228,2007,4.503230847,0.0,3.633947707,0.848842629
Burkina Faso,BFA,Sud-ouest,L1BFA0228,2008,5.193950808,9.244841018,11.422177999,1.259737718
Burkina Faso,BFA,Sud-ouest,L1BFA0228,2009,5.825435318,13.817708686,8.682692331,1.181845581
Burkina Faso,BFA,Sud-ouest,L1BFA0228,2010,4.327899043,12.091057717000002,8.657123364,0.931382054
Burkina Faso,BFA,Sud-ouest,L1BFA0228,2011,4.315994123,10.239876549,10.264664875,0.91773314
Burkina Faso,BFA,Sud-ouest,L1BFA0228,2012,5.978002715,7.066417696,7.000745578,0.888613573
Burkina Faso,BFA,Sud-ouest,L1BFA0228,2013,4.418411558,8.354784979,5.498715168,1.029604761
Burkina Faso,BFA,Sud-ouest,L1BFA0228,2014,6.378434831,8.528214369,5.854475972,1.290281116
Burkina Faso,BFA,Sud-ouest,L1BFA0228,2015,5.698200758,19.354614157,5.45664944,1.296202623
Burkina Faso,BFA,Sud-ouest,L1BFA0228,2016,6.197433409,14.920432063,4.573549946,1.251369984
Burkina Faso,BFA,Sud-ouest,L1BFA0228,2017,5.428258403,10.554002855,4.947754722,1.331723027
Burkina Faso,BFA,Sud-ouest,L1BFA0228,2018,6.319391744000001,15.101035931,4.293791195,1.259898454
Burundi,BI,Bubanza,L1BDI0181,2012,5.732733338,22.931981414,4.44607493,0.0
Burundi,BI,Bubanza,L1BDI0181,2013,2.557791609,20.176972955,2.9420550940000005,0.0
Burundi,BI,Bubanza,L1BDI0181,2014,5.075470167000001,26.153819401,2.536735225,0.0
Burundi,BI,Bubanza,L1BDI0181,2015,2.349126424,16.856257235,6.410543392,0.0
Burundi,BI,Bubanza,L1BDI0181,2016,3.812433576,17.861208538,2.142249385,0.0
Burundi,BI,Bujumbura Rural,L1BDI0183,2012,10.55861272,30.110338876,7.621396042,0.0
Burundi,BI,Bujumbura Rural,L1BDI0183,2013,8.507931946,21.179196818,2.497249191,0.0
Burundi,BI,Bujumbura Rural,L1BDI0183,2014,8.795894121,18.836607468,1.170027889,0.0
Burundi,BI,Bujumbura Rural,L1BDI0183,2015,6.975722685999999,30.023195921000003,1.283071637,0.0
Burundi,BI,Bujumbura Rural,L1BDI0183,2016,1.466086613,31.527385751000004,0.698626894,0.0
Burundi,BI,Bururi,L1BDI0184,2012,1.579174784,17.640832940000003,0.618164968,0.0
Burundi,BI,Bururi,L1BDI0184,2013,3.517990129,23.290204731,0.710039069,0.0
Burundi,BI,Bururi,L1BDI0184,2014,2.442093719,28.497848408,1.128625279,0.0
Burundi,BI,Bururi,L1BDI0184,2015,1.089502117,26.989182308,2.216945678,0.0
Burundi,BI,Bururi,L1BDI0184,2016,4.581247672,17.856615031,1.843723673,0.0
Burundi,BI,Cankuzo,L1BDI0185,2012,8.833386648000001,19.910165174000003,1.5423589130000002,0.0
Burundi,BI,Cankuzo,L1BDI0185,2013,7.350751976,18.555451152,1.347932976,0.0
Burundi,BI,Cankuzo,L1BDI0185,2014,5.424675545,22.822947777,2.288837613,0.0
Burundi,BI,Cankuzo,L1BDI0185,2015,1.256664776,20.444064816,0.558392881,0.0
Burundi,BI,Cankuzo,L1BDI0185,2016,1.745560849,21.189110578,1.5295767530000002,0.0
Burundi,BI,Cibitoke,L1BDI0186,2012,10.024013484,31.896960577,2.545340368,0.0
Burundi,BI,Cibitoke,L1BDI0186,2013,5.518316479,17.341835829,2.979096151,0.0
Burundi,BI,Cibitoke,L1BDI0186,2014,12.374819608,26.010240832,3.029412225,0.0
Burundi,BI,Cibitoke,L1BDI0186,2015,4.725247706,22.046782138,3.866333072,0.0
Burundi,BI,Cibitoke,L1BDI0186,2016,2.60123358,5.611498719,1.341608691,0.0
Burundi,BI,Gitega,L1BDI0187,2012,8.300947193,27.361609233,5.774932269999999,0.0
Burundi,BI,Gitega,L1BDI0187,2013,5.397257214,18.489677917,5.207797213,0.0
Burundi,BI,Gitega,L1BDI0187,2014,4.858001362,29.903082718,4.103642957,0.0
Burundi,BI,Gitega,L1BDI0187,2015,0.8200865159999999,55.115923916,0.67903293,0.0
Burundi,BI,Gitega,L1BDI0187,2016,0.844453578,65.20766787,1.166102461,0.0
Burundi,BI,Karuzi,L1BDI0188,2012,3.632460315,31.216411795,31.256444356,0.0
Burundi,BI,Karuzi,L1BDI0188,2013,4.189876035,19.669213568,2.727061711,0.0
Burundi,BI,Karuzi,L1BDI0188,2014,3.363399602,22.310152429,6.2685172510000005,0.0
Burundi,BI,Karuzi,L1BDI0188,2015,2.074123212,61.40109361,3.608690567000001,0.0
Burundi,BI,Karuzi,L1BDI0188,2016,2.001506049,31.612863431,1.405584385,0.0
Burundi,BI,Kayanza,L1BDI0189,2012,9.494959013,31.783151313,2.406329138,0.0
Burundi,BI,Kayanza,L1BDI0189,2013,4.755398986,23.010437531,6.273038652,0.0
Burundi,BI,Kayanza,L1BDI0189,2014,5.772523164,34.357643958,2.417881834,0.0
Burundi,BI,Kayanza,L1BDI0189,2015,2.428545414,28.097926935,1.47421443,0.0
Burundi,BI,Kayanza,L1BDI0189,2016,1.633431085,27.152420513,1.050607992,0.0
Burundi,BI,Kirundo,L1BDI0190,2012,5.0556495550000005,22.95459787,1.667170949,0.0
Burundi,BI,Kirundo,L1BDI0190,2013,9.099814726,24.608962515,1.6806369449999998,0.0
Burundi,BI,Kirundo,L1BDI0190,2014,7.431489215,50.386032126,1.38517189,0.0
Burundi,BI,Kirundo,L1BDI0190,2015,5.184953143,19.217116542,2.089446826,0.0
Burundi,BI,Kirundo,L1BDI0190,2016,6.061275673,32.497748552000004,1.131072078,0.0
Burundi,BI,Makamba,L1BDI0191,2012,9.450421501,36.180285625,21.028851229,0.0
Burundi,BI,Makamba,L1BDI0191,2013,4.894905551,19.460199429,5.381878409,0.0
Burundi,BI,Makamba,L1BDI0191,2014,3.4750412180000003,25.705408072,2.806150128,0.0
Burundi,BI,Makamba,L1BDI0191,2015,2.236376339,55.79542124699999,2.162328069,0.0
Burundi,BI,Makamba,L1BDI0191,2016,1.309983059,23.427882743,2.6282203170000003,0.0
Burundi,BI,Muramvya,L1BDI0192,2012,2.700838459,23.307283548,1.962077814,0.0
Burundi,BI,Muramvya,L1BDI0192,2013,2.417267637,20.274353498,2.235962969,0.0
Burundi,BI,Muramvya,L1BDI0192,2014,5.17529441,43.770993316,2.7575273780000003,0.0
Burundi,BI,Muramvya,L1BDI0192,2015,1.393098944,63.016753556,0.877426216,0.0
Burundi,BI,Muramvya,L1BDI0192,2016,1.121967106,34.546919247,0.970736994,0.0
Burundi,BI,Muyinga,L1BDI0193,2012,3.631631199,24.105991229,4.4971472640000005,0.0
Burundi,BI,Muyinga,L1BDI0193,2013,5.021557510999999,20.670675789,2.00974785,0.0
Burundi,BI,Muyinga,L1BDI0193,2014,7.814393926,21.11952107,1.267290532,0.0
Burundi,BI,Muyinga,L1BDI0193,2015,2.364993216,31.684177296,7.38622773,0.0
Burundi,BI,Muyinga,L1BDI0193,2016,1.96661157,25.520462982,1.4295547869999998,0.0
Burundi,BI,Mwaro,L1BDI0194,2012,4.839728421999999,32.399858665,5.753689098,0.0
Burundi,BI,Mwaro,L1BDI0194,2013,2.778769861,19.218810426,9.734422028,0.0
Burundi,BI,Mwaro,L1BDI0194,2014,1.847570718,38.022291012,24.340452337,0.0
Burundi,BI,Mwaro,L1BDI0194,2015,0.893122953,36.830928518,2.0693857,0.0
Burundi,BI,Mwaro,L1BDI0194,2016,0.743675595,62.165268663,0.712864721,0.0
Burundi,BI,Ngozi,L1BDI0195,2012,7.413566071,14.532952712,1.892984879,0.0
Burundi,BI,Ngozi,L1BDI0195,2013,5.109253136,20.896319297,2.287906559,0.0
Burundi,BI,Ngozi,L1BDI0195,2014,7.564942267,21.433573193,2.268579757,0.0
Burundi,BI,Ngozi,L1BDI0195,2015,5.092986453,38.60437344,1.028896496,0.0
Burundi,BI,Ngozi,L1BDI0195,2016,4.673076923,42.835404461,1.165788532,0.0
Burundi,BI,Rutana,L1BDI0196,2012,15.902017880000002,18.995362287,4.674974055,0.0
Burundi,BI,Rutana,L1BDI0196,2013,5.956571343,23.450990816,4.797021938,0.0
Burundi,BI,Rutana,L1BDI0196,2014,5.154591329,37.655340486,2.654135772,0.0
Burundi,BI,Rutana,L1BDI0196,2015,9.105745682,19.913115942,1.828015988,0.0
Burundi,BI,Rutana,L1BDI0196,2016,3.187562646,36.626900361,1.14339464,0.0
Burundi,BI,Ruyigi,L1BDI0197,2012,3.5498050459999995,26.289807323,3.828632536,0.0
Burundi,BI,Ruyigi,L1BDI0197,2013,4.83239088,18.651528502,2.865692786,0.0
Burundi,BI,Ruyigi,L1BDI0197,2014,5.3204158790000005,34.833487343,5.884653650000001,0.0
Burundi,BI,Ruyigi,L1BDI0197,2015,1.4319886670000002,20.355875751,1.227517604,0.0
Burundi,BI,Ruyigi,L1BDI0197,2016,2.397020947,37.291766085,0.930177713,0.0
Cameroon,CMR,Centre,L1CMR0541,1989,1.571416618,42.639112065,1.133327177,68.539945612
Cameroon,CMR,Centre,L1CMR0541,2001,2.831852784,39.111922324000005,1.100352379,0.0
Cameroon,CMR,Centre,L1CMR0541,2009,1.999987526,27.86277832,2.296888977,0.0
Cameroon,CMR,Centre,L1CMR0541,2010,1.811627362,27.574066417,2.263057544,0.0
Cameroon,CMR,Centre,L1CMR0541,2011,1.591464278,28.962589259,2.255607772,0.0
Cameroon,CMR,Est,L1CMR0542,1989,2.201809325,42.148482879,4.063138138,18.350314238
Cameroon,CMR,Est,L1CMR0542,2001,1.527138249,42.73167732900001,0.878082088,0.0
Cameroon,CMR,Est,L1CMR0542,2009,2.0,26.377872766,2.254423405,0.0
Cameroon,CMR,Est,L1CMR0542,2010,1.886249818,27.708184064,2.356341379,0.0
Cameroon,CMR,Est,L1CMR0542,2011,1.975558404,28.171083837,2.247276126,0.0
Cameroon,CMR,Nord,L1CMR0545,1989,3.09181686,24.65514553,1.845576136,1.193316723
Cameroon,CMR,Nord,L1CMR0545,2001,6.116032969,30.209776491,0.967987454,0.0
Cameroon,CMR,Nord,L1CMR0545,2009,2.0,23.436531251,2.720812998,0.0
Cameroon,CMR,Nord,L1CMR0545,2010,1.965278944,22.50135572,2.26362354,0.0
Cameroon,CMR,Nord,L1CMR0545,2011,1.763515006,22.9531297,2.84485748,0.0
Cameroon,CMR,Sud - Ouest,L1CMR0549,1989,2.221264863,31.285271662,1.88775297,87.566897148
Cameroon,CMR,Sud - Ouest,L1CMR0549,2001,3.601322677,29.426661948,1.650264982,0.0
Cameroon,CMR,Sud - Ouest,L1CMR0549,2009,2.394912147,32.088404027,2.434084445,0.0
Cameroon,CMR,Sud - Ouest,L1CMR0549,2010,2.372313397,29.929421735,2.300403002,0.0
Cameroon,CMR,Sud - Ouest,L1CMR0549,2011,2.288136094,28.644824714,2.346279697,0.0
Cameroon,CMR,Adamaoua,L1CMR0540,1989,2.155334587,25.305089124,1.726490454,26.602451295
Cameroon,CMR,Adamaoua,L1CMR0540,2001,3.530806392,49.15581622399999,2.274637797,0.0
Cameroon,CMR,Adamaoua,L1CMR0540,2009,2.0,21.134480628,2.367196195,0.0
Cameroon,CMR,Adamaoua,L1CMR0540,2010,1.936812705,38.853935854,2.472848583,0.0
Cameroon,CMR,Adamaoua,L1CMR0540,2011,1.756787723,39.470819521,2.055880898,0.0
Cameroon,CMR,Extrême - Nord,L1CMR0543,1989,6.427253626,5.0,1.260044947,0.846043851
Cameroon,CMR,Extrême - Nord,L1CMR0543,2001,5.69051891,26.198567595,1.112884835,0.0
Cameroon,CMR,Extrême - Nord,L1CMR0543,2009,1.530003251,27.364982465,2.624444325,0.0
Cameroon,CMR,Extrême - Nord,L1CMR0543,2010,1.590463918,22.359734527,3.223603052,0.0
Cameroon,CMR,Extrême - Nord,L1CMR0543,2011,1.304469907,23.315871132,2.756190053,0.0
Cameroon,CMR,Littoral,L1CMR0544,1989,1.585616025,25.042822923000003,1.990154386,15.956224929
Cameroon,CMR,Littoral,L1CMR0544,2001,2.129876543,33.883937589999995,1.36790194,0.0
Cameroon,CMR,Littoral,L1CMR0544,2009,1.999985847,44.463538995,2.000367827,0.0
Cameroon,CMR,Littoral,L1CMR0544,2010,2.172428317,37.910353994,1.964794244,0.0
Cameroon,CMR,Littoral,L1CMR0544,2011,2.122109679,39.476726499,1.7610682949999998,0.0
Cameroon,CMR,Nord - Ouest,L1CMR0546,1989,5.499150268999999,28.342330994,2.093077888,32.027355861
Cameroon,CMR,Nord - Ouest,L1CMR0546,2001,6.209241619,43.724989525,1.559345646,0.0
Cameroon,CMR,Nord - Ouest,L1CMR0546,2009,2.0,23.992214893000003,2.516890382,0.0
Cameroon,CMR,Nord - Ouest,L1CMR0546,2010,2.185694823,19.174954052,2.539349414,0.0
Cameroon,CMR,Nord - Ouest,L1CMR0546,2011,2.317784462,19.738203373,1.995518908,0.0
Cameroon,CMR,Ouest,L1CMR0547,1989,3.864898295,16.687588739000002,0.7219209040000001,15.238659689
Cameroon,CMR,Ouest,L1CMR0547,2001,4.006060157,332.030573585,1.725000341,0.0
Cameroon,CMR,Ouest,L1CMR0547,2009,2.000006722,31.747167356,2.516743622,0.0
Cameroon,CMR,Ouest,L1CMR0547,2010,2.005274708,22.792235595,2.289920882,0.0
Cameroon,CMR,Ouest,L1CMR0547,2011,1.989699185,14.956320564,1.981710759,0.0
Cameroon,CMR,Sud,L1CMR0548,1989,1.330958549,40.314103393,3.46650625,25.421243292
Cameroon,CMR,Sud,L1CMR0548,2001,1.827160494,28.974536441,0.5613268,0.0
Cameroon,CMR,Sud,L1CMR0548,2009,2.000025307,30.424031887,1.088852624,0.0
Cameroon,CMR,Sud,L1CMR0548,2010,1.935597719,30.887288948,1.254733788,0.0
Cameroon,CMR,Sud,L1CMR0548,2011,1.766483443,29.293879236,1.778420278,0.0
Chad,TCD,Kanem,L1TCD3002,1983,0.122696391,0.0,0.8,0.0
Chad,TCD,Kanem,L1TCD3002,1984,1.966666667,0.0,0.6002886,0.0
Chad,TCD,Kanem,L1TCD3002,1985,2.610279002,0.0,1.191011236,0.0
Chad,TCD,Kanem,L1TCD3002,1986,1.847813092,0.0,0.743321719,0.0
Chad,TCD,Kanem,L1TCD3002,1987,3.029646018,0.0,1.0,0.0
Chad,TCD,Kanem,L1TCD3002,1988,3.53841295,0.0,0.0,0.0
Chad,TCD,Kanem,L1TCD3002,1989,2.0878834219999995,0.0,0.0,0.0
Chad,TCD,Kanem,L1TCD3002,1990,0.15,0.0,0.0,0.0
Chad,TCD,Kanem,L1TCD3002,1991,2.192018853,0.0,0.0,0.0
Chad,TCD,Kanem,L1TCD3002,1992,4.503077673,0.0,1.5,0.0
Chad,TCD,Kanem,L1TCD3002,1993,0.2,0.0,0.0,0.0
Chad,TCD,Kanem,L1TCD3002,1994,1.317031709,0.0,0.0,0.0
Chad,TCD,Kanem,L1TCD3002,1995,0.212,0.0,0.0,0.0
Chad,TCD,Kanem,L1TCD3002,1998,0.3,0.0,0.0,0.0
Chad,TCD,Ouaddai,L1TCD3010,1983,0.78501955,0.0,0.0,0.0
Chad,TCD,Ouaddai,L1TCD3010,1984,3.316824897,0.0,0.0,0.0
Chad,TCD,Ouaddai,L1TCD3010,1985,1.5375,0.0,0.0,0.0
Chad,TCD,Ouaddai,L1TCD3010,1986,1.677655979,0.0,0.0,0.0
Chad,TCD,Ouaddai,L1TCD3010,1987,1.571417388,0.0,0.399852589,0.0
Chad,TCD,Ouaddai,L1TCD3010,1988,1.50263335,0.0,0.0,0.0
Chad,TCD,Ouaddai,L1TCD3010,1989,1.801312374,0.0,0.0,0.0
Chad,TCD,Ouaddai,L1TCD3010,1990,0.349724362,0.0,0.282144297,0.0
Chad,TCD,Ouaddai,L1TCD3010,1991,1.170797101,0.0,0.733333333,0.0
Chad,TCD,Ouaddai,L1TCD3010,1992,1.2633333329999998,0.0,1.0,0.0
Chad,TCD,Ouaddai,L1TCD3010,1993,0.830033003,0.0,0.351836735,0.0
Chad,TCD,Ouaddai,L1TCD3010,1994,2.336173007,0.0,1.024590164,0.0
Chad,TCD,Ouaddai,L1TCD3010,1995,1.378305826,0.0,0.0,0.0
Chad,TCD,Ouaddai,L1TCD3010,1998,1.200029053,0.0,2.250025946,0.0
Chad,TCD,Salamat,L1TCD3011,1994,1.0,0.0,0.0,0.0
Chad,TD,Kanem,L1TCD3002,1990,1.3,0.0,0.0,0.0
Chad,TD,Kanem,L1TCD3002,1995,0.4,0.0,0.0,0.0
Chad,TD,Kanem,L1TCD3002,2000,0.15,0.0,0.634439417,0.0
Chad,TD,Kanem,L1TCD3002,2001,2.410075122,0.0,0.15,0.0
Chad,TD,Kanem,L1TCD3002,2002,0.1,0.0,0.0,0.0
Chad,TD,Kanem,L1TCD3002,2003,0.4,0.0,0.3,0.0
Chad,TD,Kanem,L1TCD3002,2004,0.154,0.0,0.0,0.0
Chad,TD,Kanem,L1TCD3002,2005,1.0,0.0,0.3,0.0
Chad,TD,Kanem,L1TCD3002,2006,0.7,0.0,0.0,0.0
Chad,TD,Kanem,L1TCD3002,2007,0.786,0.0,0.0,0.0
Chad,TD,Kanem,L1TCD3002,2008,0.778,0.0,0.25,0.0
Chad,TD,Kanem,L1TCD3002,2009,0.224,0.0,0.0,0.0
Chad,TD,Kanem,L1TCD3002,2010,1.096000797,0.0,0.0,0.0
Chad,TD,Kanem,L1TCD3002,2011,0.257,0.0,0.1,0.0
Chad,TD,Kanem,L1TCD3002,2012,0.99529,0.0,0.4,0.0
Chad,TD,Kanem,L1TCD3002,2013,0.813,0.0,0.252,0.0
Chad,TD,Kanem,L1TCD3002,2014,1.075,0.0,0.075,0.0
Chad,TD,Kanem,L1TCD3002,2015,0.801,0.0,0.0,0.0
Chad,TD,Kanem,L1TCD3002,2016,0.902570271,0.0,0.20675,0.0
Chad,TD,Kanem,L1TCD3002,2017,1.255,0.0,0.25091,0.0
Chad,TD,Salamat,L1TCD3011,1983,0.936191261,0.0,0.0,0.0
Chad,TD,Salamat,L1TCD3011,1984,0.832616617,0.0,0.0,0.0
Chad,TD,Salamat,L1TCD3011,1985,2.0852044000000003,0.0,0.0,0.0
Chad,TD,Salamat,L1TCD3011,1986,1.851305035,0.0,0.0,0.0
Chad,TD,Salamat,L1TCD3011,1987,1.529892104,0.0,0.6,0.0
Chad,TD,Salamat,L1TCD3011,1988,1.144618807,0.0,0.0,0.0
Chad,TD,Salamat,L1TCD3011,1989,1.3090689210000002,0.0,0.0,0.0
Chad,TD,Salamat,L1TCD3011,1990,1.261538462,0.0,0.452192863,0.0
Chad,TD,Salamat,L1TCD3011,1991,1.805485232,0.0,1.435294118,0.0
Chad,TD,Salamat,L1TCD3011,1992,1.624911272,0.0,0.8200000000000001,0.0
Chad,TD,Salamat,L1TCD3011,1993,1.923076924,0.0,0.0,0.0
Chad,TD,Salamat,L1TCD3011,1994,2.568865347,0.0,2.108144786,0.0
Chad,TD,Salamat,L1TCD3011,1995,3.080372186,0.0,0.0,0.0
Chad,TD,Salamat,L1TCD3011,1998,2.109090909,0.0,0.940004979,0.0
Chad,TD,Salamat,L1TCD3011,2000,1.714576657,0.0,1.699816488,0.0
Chad,TD,Salamat,L1TCD3011,2001,7.142709077,12.5,1.998191137,0.0
Chad,TD,Salamat,L1TCD3011,2002,4.291666667,12.0,1.5,0.0
Chad,TD,Salamat,L1TCD3011,2003,6.076828517,23.31690141,1.52484915,0.0
Chad,TD,Salamat,L1TCD3011,2004,2.31393341,0.0,1.559562723,0.0
Chad,TD,Salamat,L1TCD3011,2005,4.0379132040000005,24.0,1.6,0.0
Chad,TD,Salamat,L1TCD3011,2006,3.991170507,3.5,1.5,0.0
Chad,TD,Salamat,L1TCD3011,2007,4.433,0.0,1.5,0.0
Chad,TD,Salamat,L1TCD3011,2008,4.678526998000001,6.0,1.1985772849999998,0.0
Chad,TD,Salamat,L1TCD3011,2009,5.050315688,12.0,2.470803807,0.0
Chad,TD,Salamat,L1TCD3011,2010,6.105311249,0.0,1.5,0.0
Chad,TD,Salamat,L1TCD3011,2011,5.565875816,0.0,1.712865844,0.0
Chad,TD,Salamat,L1TCD3011,2012,7.495011553,10.558,1.816025861,0.0
Chad,TD,Salamat,L1TCD3011,2013,6.633897062,19.756,1.722273609,0.0
Chad,TD,Salamat,L1TCD3011,2014,6.7385194,21.851,1.766035,0.0
Chad,TD,Salamat,L1TCD3011,2015,6.195163634,20.817,1.72217768,0.0
Chad,TD,Salamat,L1TCD3011,2016,6.983307487,18.3816,1.465812015,0.0
Chad,TD,Salamat,L1TCD3011,2017,6.308339355,20.970272,1.957591883,0.0
Chad,TD,Barl El Gazal,L1TCD2994,1983,0.122696391,0.0,0.8,0.0
Chad,TD,Barl El Gazal,L1TCD2994,1984,1.966666667,0.0,0.6002886,0.0
Chad,TD,Barl El Gazal,L1TCD2994,1985,2.610279002,0.0,1.191011236,0.0
Chad,TD,Barl El Gazal,L1TCD2994,1986,1.847813092,0.0,0.743321719,0.0
Chad,TD,Barl El Gazal,L1TCD2994,1987,3.029646018,0.0,1.0,0.0
Chad,TD,Barl El Gazal,L1TCD2994,1988,3.436988464,0.0,0.0,0.0
Chad,TD,Barl El Gazal,L1TCD2994,1989,2.0878834219999995,0.0,0.0,0.0
Chad,TD,Barl El Gazal,L1TCD2994,1990,2.576180352,0.0,0.0,0.0
Chad,TD,Barl El Gazal,L1TCD2994,1991,2.192018853,0.0,0.0,0.0
Chad,TD,Barl El Gazal,L1TCD2994,1992,4.503077673,0.0,1.5,0.0
Chad,TD,Barl El Gazal,L1TCD2994,1993,0.2,0.0,0.0,0.0
Chad,TD,Barl El Gazal,L1TCD2994,1994,1.317031709,0.0,0.0,0.0
Chad,TD,Barl El Gazal,L1TCD2994,1995,0.612,0.0,0.0,0.0
Chad,TD,Barl El Gazal,L1TCD2994,1998,0.3,0.0,0.0,0.0
Chad,TD,Barl El Gazal,L1TCD2994,2000,0.2755539139999999,0.0,0.634439417,0.0
Chad,TD,Barl El Gazal,L1TCD2994,2001,2.410075122,0.0,0.15,0.0
Chad,TD,Barl El Gazal,L1TCD2994,2002,0.1,0.0,0.0,0.0
Chad,TD,Barl El Gazal,L1TCD2994,2003,0.4,0.0,0.3,0.0
Chad,TD,Barl El Gazal,L1TCD2994,2004,0.154,0.0,0.0,0.0
Chad,TD,Barl El Gazal,L1TCD2994,2005,1.6,0.0,0.3,0.0
Chad,TD,Barl El Gazal,L1TCD2994,2006,0.7,0.0,0.0,0.0
Chad,TD,Barl El Gazal,L1TCD2994,2007,0.786,0.0,0.0,0.0
Chad,TD,Barl El Gazal,L1TCD2994,2008,1.078,0.0,0.25,0.0
Chad,TD,Barl El Gazal,L1TCD2994,2009,0.486,0.0,0.0,0.0
Chad,TD,Barl El Gazal,L1TCD2994,2010,0.976011317,0.0,0.0,0.0
Chad,TD,Barl El Gazal,L1TCD2994,2011,1.4,0.0,0.0,0.0
Chad,TD,Barl El Gazal,L1TCD2994,2012,1.785470588,0.0,0.0,0.0
Chad,TD,Barl El Gazal,L1TCD2994,2013,1.4805352939999998,0.0,0.238,0.0
Chad,TD,Barl El Gazal,L1TCD2994,2014,1.589,0.0,0.462,0.0
Chad,TD,Barl El Gazal,L1TCD2994,2015,1.61,0.0,0.0,0.0
Chad,TD,Barl El Gazal,L1TCD2994,2016,1.63128,0.0,0.35,0.0
Chad,TD,Barl El Gazal,L1TCD2994,2017,1.5460288000000002,0.0,0.385,0.0
Chad,TD,Guera,L1TCD3000,1983,1.257102017,0.0,0.0,0.0
Chad,TD,Guera,L1TCD3000,1984,0.522435199,0.0,0.0,0.0
Chad,TD,Guera,L1TCD3000,1985,0.814580262,0.0,0.0,0.0
Chad,TD,Guera,L1TCD3000,1986,0.8742222159999999,0.0,0.0,0.0
Chad,TD,Guera,L1TCD3000,1987,0.880845924,0.0,0.24972973,0.0
Chad,TD,Guera,L1TCD3000,1988,1.199980365,0.0,0.0,0.0
Chad,TD,Guera,L1TCD3000,1989,0.899843294,0.0,0.0,0.0
Chad,TD,Guera,L1TCD3000,1990,0.673463497,0.0,0.299958281,0.0
Chad,TD,Guera,L1TCD3000,1991,1.0695810570000002,0.0,1.1299019609999998,0.0
Chad,TD,Guera,L1TCD3000,1992,1.325280936,0.0,1.036956522,0.0
Chad,TD,Guera,L1TCD3000,1993,0.8259062779999999,0.0,0.468468468,0.0
Chad,TD,Guera,L1TCD3000,1994,1.33,0.0,0.836956522,0.0
Chad,TD,Guera,L1TCD3000,1995,1.5558965059999998,0.0,0.0,0.0
Chad,TD,Guera,L1TCD3000,1998,1.266666667,0.0,1.186531579,0.0
Chad,TD,Guera,L1TCD3000,2000,2.048176004,0.0,0.926983035,0.0
Chad,TD,Guera,L1TCD3000,2001,2.8352934130000005,0.0,1.20097561,0.0
Chad,TD,Guera,L1TCD3000,2002,2.888085911,0.0,1.175082461,0.0
Chad,TD,Guera,L1TCD3000,2003,3.30701478,0.0,1.396961064,0.0
Chad,TD,Guera,L1TCD3000,2004,2.224179562,0.0,0.806991404,0.0
Chad,TD,Guera,L1TCD3000,2005,3.25,0.0,1.4,0.0
Chad,TD,Guera,L1TCD3000,2006,3.470242105,4.308270677,0.79,0.0
Chad,TD,Guera,L1TCD3000,2007,1.976466135,0.0,2.127,0.0
Chad,TD,Guera,L1TCD3000,2008,3.483648818,0.0,1.673,0.0
Chad,TD,Guera,L1TCD3000,2009,0.858674683,0.0,1.565477178,0.0
Chad,TD,Guera,L1TCD3000,2010,3.458959555,0.0,2.18,0.0
Chad,TD,Guera,L1TCD3000,2011,2.475920287,8.597864769,0.943043056,0.0
Chad,TD,Guera,L1TCD3000,2012,4.627659646,0.0,1.674602898,0.0
Chad,TD,Guera,L1TCD3000,2013,2.888103831,12.673000000000002,1.385392307,0.0
Chad,TD,Guera,L1TCD3000,2014,2.015637516,0.0,0.8891784110000001,0.0
Chad,TD,Guera,L1TCD3000,2015,2.837371672,5.7330000000000005,1.907042401,0.0
Chad,TD,Guera,L1TCD3000,2016,3.057466344,5.964292,1.889689314,0.0
Chad,TD,Guera,L1TCD3000,2017,3.112964459,8.032117573,1.400391448,0.0
Chad,TD,Hadjer Lamis,L1TCD3001,1983,0.134200551,0.0,0.0,0.0
Chad,TD,Hadjer Lamis,L1TCD3001,1984,2.647494648,0.0,0.0,0.0
Chad,TD,Hadjer Lamis,L1TCD3001,1985,2.583123189,0.0,0.0,0.0
Chad,TD,Hadjer Lamis,L1TCD3001,1986,2.636972312,0.0,0.0,0.0
Chad,TD,Hadjer Lamis,L1TCD3001,1987,2.554186353,0.0,0.699945325,0.0
Chad,TD,Hadjer Lamis,L1TCD3001,1988,4.867979227999999,0.0,0.0,0.0
Chad,TD,Hadjer Lamis,L1TCD3001,1989,0.855393098,0.0,0.0,0.0
Chad,TD,Hadjer Lamis,L1TCD3001,1990,3.46,0.0,0.50608828,0.0
Chad,TD,Hadjer Lamis,L1TCD3001,1991,2.282662138,0.0,2.049689441,0.0
Chad,TD,Hadjer Lamis,L1TCD3001,1992,7.466445757000001,0.0,1.115160549,0.0
Chad,TD,Hadjer Lamis,L1TCD3001,1993,6.224736433,0.0,0.6,0.0
Chad,TD,Hadjer Lamis,L1TCD3001,1994,8.414527124,0.0,0.997670512,0.0
Chad,TD,Hadjer Lamis,L1TCD3001,1995,5.044068542,0.0,0.0,0.0
Chad,TD,Hadjer Lamis,L1TCD3001,1998,7.611167893,0.0,1.725007133,0.0
Chad,TD,Hadjer Lamis,L1TCD3001,2000,3.813051041,0.0,0.990019616,0.0
Chad,TD,Hadjer Lamis,L1TCD3001,2001,5.658248017,12.0,1.086993901,0.0
Chad,TD,Hadjer Lamis,L1TCD3001,2002,3.596410704,12.0,0.959954168,0.0
Chad,TD,Hadjer Lamis,L1TCD3001,2003,7.597050825,12.0,1.289994748,0.0
Chad,TD,Hadjer Lamis,L1TCD3001,2004,3.472201678,10.0,1.949979944,0.0
Chad,TD,Hadjer Lamis,L1TCD3001,2005,5.568773466,22.0,1.5,0.0
Chad,TD,Hadjer Lamis,L1TCD3001,2006,5.617392639,6.0,1.25,0.0
Chad,TD,Hadjer Lamis,L1TCD3001,2007,5.282771743,0.0,0.857,0.0
Chad,TD,Hadjer Lamis,L1TCD3001,2008,5.400855198,0.0,1.1,0.0
Chad,TD,Hadjer Lamis,L1TCD3001,2009,3.204557603,14.0,1.078598904,0.0
Chad,TD,Hadjer Lamis,L1TCD3001,2010,3.868072168,0.0,1.2,0.0
Chad,TD,Hadjer Lamis,L1TCD3001,2011,6.562106943,0.0,1.680749769,0.0
Chad,TD,Hadjer Lamis,L1TCD3001,2012,7.809187247,8.5,1.336,0.0
Chad,TD,Hadjer Lamis,L1TCD3001,2013,6.485356189000001,0.0,2.083066667,0.0
Chad,TD,Hadjer Lamis,L1TCD3001,2014,1.981060866,0.95,0.65,0.0
Chad,TD,Hadjer Lamis,L1TCD3001,2015,4.47773224,0.95,1.739290227,0.0
Chad,TD,Hadjer Lamis,L1TCD3001,2016,5.379212967,6.9500625,1.590949861,0.0
Chad,TD,Hadjer Lamis,L1TCD3001,2017,4.3986230840000005,8.76701375,1.534152069,0.0
Chad,TD,Lac,L1TCD3003,1985,1.191011236,0.0,0.0,0.0
Chad,TD,Lac,L1TCD3003,1986,0.743321719,0.0,0.0,0.0
Chad,TD,Lac,L1TCD3003,1987,1.0,0.0,0.0,0.0
Chad,TD,Lac,L1TCD3003,1988,1.741072979,0.0,0.0,0.0
Chad,TD,Lac,L1TCD3003,1989,1.579477458,0.0,0.0,0.0
Chad,TD,Lac,L1TCD3003,1990,1.525121582,0.0,0.0,0.0
Chad,TD,Lac,L1TCD3003,1991,1.700788997,0.0,0.0,0.0
Chad,TD,Lac,L1TCD3003,1992,2.772770958,0.0,0.8,0.0
Chad,TD,Lac,L1TCD3003,1993,3.768542599,0.0,0.0,0.0
Chad,TD,Lac,L1TCD3003,1994,4.336898959,0.0,2.502268602,0.0
Chad,TD,Lac,L1TCD3003,1995,2.383386113,0.0,0.0,0.0
Chad,TD,Lac,L1TCD3003,1998,2.159372955,0.0,0.0,0.0
Chad,TD,Lac,L1TCD3003,2000,3.159351967,0.0,1.075163057,0.0
Chad,TD,Lac,L1TCD3003,2001,3.522584212,25.0,0.8,0.0
Chad,TD,Lac,L1TCD3003,2002,3.223936282,25.91463415,0.0,0.0
Chad,TD,Lac,L1TCD3003,2003,4.336107347,35.05517241,1.7,0.0
Chad,TD,Lac,L1TCD3003,2004,1.48,20.0,1.198324022,0.0
Chad,TD,Lac,L1TCD3003,2005,4.5,35.0,0.0,0.0
Chad,TD,Lac,L1TCD3003,2006,4.0,8.0,0.0,0.0
Chad,TD,Lac,L1TCD3003,2007,4.865,0.0,0.0,0.0
Chad,TD,Lac,L1TCD3003,2008,4.183,13.0,0.7,0.0
Chad,TD,Lac,L1TCD3003,2009,4.503921569,15.692307692,0.0,0.0
Chad,TD,Lac,L1TCD3003,2010,6.598824855,25.814766082,0.835,0.0
Chad,TD,Lac,L1TCD3003,2011,6.614576861000001,27.77652464,0.306666667,0.0
Chad,TD,Lac,L1TCD3003,2012,7.63,37.22208835,2.87,0.0
Chad,TD,Lac,L1TCD3003,2013,9.222,33.65454545,0.905,0.0
Chad,TD,Lac,L1TCD3003,2014,7.874722837999999,36.04548023,2.4000000000000004,0.0
Chad,TD,Lac,L1TCD3003,2015,9.574835886,21.5,2.6,0.0
Chad,TD,Lac,L1TCD3003,2016,10.358197058,20.066,1.947333333,0.0
Chad,TD,Lac,L1TCD3003,2017,7.825492537000001,32.66053246,2.328853333,0.0
Chad,TD,Logone Occidental,L1TCD3004,1983,1.5954251900000005,0.0,1.691462983,0.0
Chad,TD,Logone Occidental,L1TCD3004,1984,1.153246781,0.0,2.20336354,0.0
Chad,TD,Logone Occidental,L1TCD3004,1985,1.971318503,0.0,1.601331542,0.0
Chad,TD,Logone Occidental,L1TCD3004,1986,2.200925524,0.0,0.661681279,0.0
Chad,TD,Logone Occidental,L1TCD3004,1987,1.403318065,0.0,0.599989211,0.0
Chad,TD,Logone Occidental,L1TCD3004,1988,4.350636128,0.0,0.701990537,0.0
Chad,TD,Logone Occidental,L1TCD3004,1989,2.749249334,0.0,1.005988509,0.0
Chad,TD,Logone Occidental,L1TCD3004,1990,3.5700000000000003,0.0,0.783377876,0.0
Chad,TD,Logone Occidental,L1TCD3004,1991,4.1657407410000005,0.0,1.63,0.0
Chad,TD,Logone Occidental,L1TCD3004,1992,3.827,0.0,1.416991827,0.0
Chad,TD,Logone Occidental,L1TCD3004,1993,1.2694452699999998,0.0,0.85994152,0.0
Chad,TD,Logone Occidental,L1TCD3004,1994,4.273923896,0.0,1.735980231,0.0
Chad,TD,Logone Occidental,L1TCD3004,1995,2.365062641,0.0,0.0,0.0
Chad,TD,Logone Occidental,L1TCD3004,1998,2.866917408,0.0,1.279958367,0.0
Chad,TD,Logone Occidental,L1TCD3004,2000,3.351191899,0.0,1.461593822,0.0
Chad,TD,Logone Occidental,L1TCD3004,2001,3.066923131,11.0,1.346282414,0.0
Chad,TD,Logone Occidental,L1TCD3004,2002,3.72171784,10.0,1.279973298,0.0
Chad,TD,Logone Occidental,L1TCD3004,2003,3.446434595,10.0,1.442655685,0.0
Chad,TD,Logone Occidental,L1TCD3004,2004,3.174192811,8.0,1.511338583,0.0
Chad,TD,Logone Occidental,L1TCD3004,2005,3.61676637,10.0,0.98,0.0
Chad,TD,Logone Occidental,L1TCD3004,2006,3.899,6.279,0.98,0.0
Chad,TD,Logone Occidental,L1TCD3004,2007,3.789,9.8,2.123,0.0
Chad,TD,Logone Occidental,L1TCD3004,2008,3.854,9.8,1.83,0.0
Chad,TD,Logone Occidental,L1TCD3004,2009,3.1735447280000004,8.726585076,1.248141274,0.0
Chad,TD,Logone Occidental,L1TCD3004,2010,3.641014079,20.115,1.456,0.0
Chad,TD,Logone Occidental,L1TCD3004,2011,3.379519813,15.6953207,1.487617731,0.0
Chad,TD,Logone Occidental,L1TCD3004,2012,2.463571429,9.377,1.914,0.0
Chad,TD,Logone Occidental,L1TCD3004,2013,3.541376129,15.831583493000002,1.479,0.0
Chad,TD,Logone Occidental,L1TCD3004,2014,4.864122109,12.86573733,1.852434467,0.0
Chad,TD,Logone Occidental,L1TCD3004,2015,3.326567895,17.396929722,1.637540031,0.0
Chad,TD,Logone Occidental,L1TCD3004,2016,3.554915776,25.2824,1.709075445,0.0
Chad,TD,Logone Occidental,L1TCD3004,2017,3.545880651,18.93180468,1.885007968,0.0
Chad,TD,Logone Oriental,L1TCD3005,1983,1.837944259,0.0,0.585035013,0.0
Chad,TD,Logone Oriental,L1TCD3005,1984,1.561675904,0.0,0.685570586,0.0
Chad,TD,Logone Oriental,L1TCD3005,1985,2.278334415,0.0,0.697655196,0.0
Chad,TD,Logone Oriental,L1TCD3005,1986,2.766885087,0.0,0.73383854,0.0
Chad,TD,Logone Oriental,L1TCD3005,1987,1.6522963819999998,0.0,0.600008169,0.0
Chad,TD,Logone Oriental,L1TCD3005,1988,3.67978452,0.0,0.663409659,0.0
Chad,TD,Logone Oriental,L1TCD3005,1989,3.234240306,0.0,1.020920676,0.0
Chad,TD,Logone Oriental,L1TCD3005,1990,3.731176471,0.0,0.624292371,0.0
Chad,TD,Logone Oriental,L1TCD3005,1991,3.027739321,0.0,1.195325203,0.0
Chad,TD,Logone Oriental,L1TCD3005,1992,2.798857143,0.0,1.287002357,0.0
Chad,TD,Logone Oriental,L1TCD3005,1993,1.856707974,0.0,0.75010553,0.0
Chad,TD,Logone Oriental,L1TCD3005,1994,3.355308297,0.0,1.666945071,0.0
Chad,TD,Logone Oriental,L1TCD3005,1995,2.436018937,0.0,0.0,0.0
Chad,TD,Logone Oriental,L1TCD3005,1998,2.9382974,0.0,1.476483559,0.0
Chad,TD,Logone Oriental,L1TCD3005,2000,2.419682526,0.0,1.505409222,0.0
Chad,TD,Logone Oriental,L1TCD3005,2001,2.614506565,11.0,1.410186627,0.0
Chad,TD,Logone Oriental,L1TCD3005,2002,3.203923808,11.0,1.439983074,0.0
Chad,TD,Logone Oriental,L1TCD3005,2003,3.923563978,11.0,1.43834461,0.0
Chad,TD,Logone Oriental,L1TCD3005,2004,3.616519516,7.784431138,1.835697674,0.0
Chad,TD,Logone Oriental,L1TCD3005,2005,3.335,11.0,0.95,0.0
Chad,TD,Logone Oriental,L1TCD3005,2006,3.502,3.384,0.95,0.0
Chad,TD,Logone Oriental,L1TCD3005,2007,5.255000000000001,4.5,1.3,0.0
Chad,TD,Logone Oriental,L1TCD3005,2008,3.468,4.5,1.6,0.0
Chad,TD,Logone Oriental,L1TCD3005,2009,3.410514072,3.679981843,1.525416854,0.0
Chad,TD,Logone Oriental,L1TCD3005,2010,3.308980925,15.533,1.242446868,0.0
Chad,TD,Logone Oriental,L1TCD3005,2011,3.782663792,9.42549826,1.556004998,0.0
Chad,TD,Logone Oriental,L1TCD3005,2012,4.627,8.0,1.487427894,0.0
Chad,TD,Logone Oriental,L1TCD3005,2013,4.123,13.375581343,2.327571429,0.0
Chad,TD,Logone Oriental,L1TCD3005,2014,4.386474793,3.526814138,1.950571008,0.0
Chad,TD,Logone Oriental,L1TCD3005,2015,4.393,7.65,2.329609317,0.0
Chad,TD,Logone Oriental,L1TCD3005,2016,4.167428804,20.374093953,2.385529129,0.0
Chad,TD,Logone Oriental,L1TCD3005,2017,4.402982317999999,13.255088905,2.3142946120000003,0.0
Chad,TD,Mandoul,L1TCD3006,1983,1.536765815,0.0,0.647201018,0.0
Chad,TD,Mandoul,L1TCD3006,1984,1.057294041,0.0,0.518499433,0.0
Chad,TD,Mandoul,L1TCD3006,1985,2.363906552,0.0,1.053779863,0.0
Chad,TD,Mandoul,L1TCD3006,1986,3.036503913,0.0,0.905914846,0.0
Chad,TD,Mandoul,L1TCD3006,1987,2.526149609,0.0,0.830405633,0.0
Chad,TD,Mandoul,L1TCD3006,1988,4.717665657,0.0,0.802564723,0.0
Chad,TD,Mandoul,L1TCD3006,1989,4.657204058,0.0,1.693004825,0.0
Chad,TD,Mandoul,L1TCD3006,1990,3.086993658,0.0,0.653907904,0.0
Chad,TD,Mandoul,L1TCD3006,1991,4.211943785000001,0.0,1.690080972,0.0
Chad,TD,Mandoul,L1TCD3006,1992,3.551,0.0,1.134996057,0.0
Chad,TD,Mandoul,L1TCD3006,1993,1.965093011,0.0,0.8,0.0
Chad,TD,Mandoul,L1TCD3006,1994,4.349737743,0.0,1.484891203,0.0
Chad,TD,Mandoul,L1TCD3006,1995,2.96480396,0.0,0.0,0.0
Chad,TD,Mandoul,L1TCD3006,1998,2.711520355,0.0,1.793420334,0.0
Chad,TD,Mandoul,L1TCD3006,2000,2.5727851260000003,0.0,1.676710637,0.0
Chad,TD,Mandoul,L1TCD3006,2001,2.595683681,12.0,1.630125138,0.0
Chad,TD,Mandoul,L1TCD3006,2002,3.708913547,12.0,1.509999153,0.0
Chad,TD,Mandoul,L1TCD3006,2003,3.37198347,12.0,1.499165774,0.0
Chad,TD,Mandoul,L1TCD3006,2004,3.648727493,8.0,2.112815235,0.0
Chad,TD,Mandoul,L1TCD3006,2005,3.033,12.0,0.97,0.0
Chad,TD,Mandoul,L1TCD3006,2006,2.7910000000000004,2.77,0.48,0.0
Chad,TD,Mandoul,L1TCD3006,2007,3.033,4.324,1.21,0.0
Chad,TD,Mandoul,L1TCD3006,2008,3.326,4.8,1.745,0.0
Chad,TD,Mandoul,L1TCD3006,2009,2.613676494,3.47442632,1.675234203,0.0
Chad,TD,Mandoul,L1TCD3006,2010,2.785003203,15.005,2.352,0.0
Chad,TD,Mandoul,L1TCD3006,2011,3.39116906,4.010606568,1.889182885,0.0
Chad,TD,Mandoul,L1TCD3006,2012,2.919864865,9.72,2.22283568,0.0
Chad,TD,Mandoul,L1TCD3006,2013,3.637989655,16.900000000000002,1.621350168,0.0
Chad,TD,Mandoul,L1TCD3006,2014,3.545158921,3.792535803,1.676739707,0.0
Chad,TD,Mandoul,L1TCD3006,2015,3.257,14.325628473999998,2.433758348,0.0
Chad,TD,Mandoul,L1TCD3006,2016,3.447268722,23.7028,1.694373745,0.0
Chad,TD,Mandoul,L1TCD3006,2017,3.373431456,15.825398808,2.190149334,0.0
Chad,TD,Ouaddai,L1TCD3010,1992,0.0,0.0,0.185714286,0.0
Chad,TD,Ouaddai,L1TCD3010,2000,0.537006797,0.0,1.668485729,0.0
Chad,TD,Ouaddai,L1TCD3010,2001,1.209865624,0.0,2.156443245,0.0
Chad,TD,Ouaddai,L1TCD3010,2002,1.219990943,0.0,1.564995563,0.0
Chad,TD,Ouaddai,L1TCD3010,2003,1.614406504,0.0,1.614097212,0.0
Chad,TD,Ouaddai,L1TCD3010,2004,1.5439741510000002,0.0,1.2914422010000002,0.0
Chad,TD,Ouaddai,L1TCD3010,2005,2.2,0.0,1.589808494,0.0
Chad,TD,Ouaddai,L1TCD3010,2006,1.415246378,0.0,1.1,0.0
Chad,TD,Ouaddai,L1TCD3010,2007,1.408313834,0.0,1.65,0.0
Chad,TD,Ouaddai,L1TCD3010,2008,2.208222019,0.0,1.2999999999999998,0.0
Chad,TD,Ouaddai,L1TCD3010,2009,1.902385849,0.0,0.866245296,0.0
Chad,TD,Ouaddai,L1TCD3010,2010,2.095000805,0.0,1.65,0.0
Chad,TD,Ouaddai,L1TCD3010,2011,0.832727463,0.0,0.6859999999999999,0.0
Chad,TD,Ouaddai,L1TCD3010,2012,2.654,0.0,1.598,0.0
Chad,TD,Ouaddai,L1TCD3010,2013,1.859,0.0,1.373,0.0
Chad,TD,Ouaddai,L1TCD3010,2014,2.765948199,0.0,1.636,0.0
Chad,TD,Ouaddai,L1TCD3010,2015,1.92613059,0.0,1.3994,0.0
Chad,TD,Ouaddai,L1TCD3010,2016,1.832244102,0.0,1.382022117,0.0
Chad,TD,Ouaddai,L1TCD3010,2017,2.141473814,0.0,1.5372905019999998,0.0
Chad,TD,Sila,L1TCD3012,1983,0.739040931,0.0,0.0,0.0
Chad,TD,Sila,L1TCD3012,1984,0.534171835,0.0,0.0,0.0
Chad,TD,Sila,L1TCD3012,1985,1.5961409569999998,0.0,0.0,0.0
Chad,TD,Sila,L1TCD3012,1986,1.6929479550000002,0.0,0.0,0.0
Chad,TD,Sila,L1TCD3012,1987,1.57150639,0.0,0.399852589,0.0
Chad,TD,Sila,L1TCD3012,1988,1.449217844,0.0,0.0,0.0
Chad,TD,Sila,L1TCD3012,1989,1.816745871,0.0,0.0,0.0
Chad,TD,Sila,L1TCD3012,1990,0.35,0.0,0.273149942,0.0
Chad,TD,Sila,L1TCD3012,1991,1.3516133849999998,0.0,0.733333333,0.0
Chad,TD,Sila,L1TCD3012,1992,1.210944338,0.0,1.185714286,0.0
Chad,TD,Sila,L1TCD3012,1993,0.8822488319999999,0.0,0.351836735,0.0
Chad,TD,Sila,L1TCD3012,1994,2.314164458,0.0,1.024590164,0.0
Chad,TD,Sila,L1TCD3012,1995,1.411696543,0.0,0.0,0.0
Chad,TD,Sila,L1TCD3012,1998,1.200029053,0.0,2.250025946,0.0
Chad,TD,Sila,L1TCD3012,2000,0.537006797,0.0,1.6699948999999998,0.0
Chad,TD,Sila,L1TCD3012,2001,1.209865624,0.0,2.161346139,0.0
Chad,TD,Sila,L1TCD3012,2002,1.689861073,0.0,1.564995563,0.0
Chad,TD,Sila,L1TCD3012,2003,1.964406504,0.0,1.619997327,0.0
Chad,TD,Sila,L1TCD3012,2004,1.5439741510000002,0.0,1.299056604,0.0
Chad,TD,Sila,L1TCD3012,2005,2.925,0.0,1.594,0.0
Chad,TD,Sila,L1TCD3012,2006,1.478984702,0.0,1.1,0.0
Chad,TD,Sila,L1TCD3012,2007,2.921320402,0.0,1.65,0.0
Chad,TD,Sila,L1TCD3012,2008,3.420713016,0.0,1.2999999999999998,0.0
Chad,TD,Sila,L1TCD3012,2009,3.229182593,0.0,0.866245296,0.0
Chad,TD,Sila,L1TCD3012,2010,3.766648654,0.0,1.6,0.0
Chad,TD,Sila,L1TCD3012,2011,2.554292213,0.0,1.253820752,0.0
Chad,TD,Sila,L1TCD3012,2012,6.085322689,0.0,2.745,0.0
Chad,TD,Sila,L1TCD3012,2013,3.728110241,0.0,1.680273684,0.0
Chad,TD,Sila,L1TCD3012,2014,2.528082073,0.0,1.232742923,0.0
Chad,TD,Sila,L1TCD3012,2015,3.835753745,0.0,1.702545305,0.0
Chad,TD,Sila,L1TCD3012,2016,4.105828501,5.9,1.523387773,0.0
Chad,TD,Sila,L1TCD3012,2017,4.453327689,6.49,1.839385277,0.0
Chad,TD,Biltine,L1TCD3016,1985,1.857142857,0.0,0.0,0.0
Chad,TD,Biltine,L1TCD3016,1986,0.488153249,0.0,0.0,0.0
Chad,TD,Biltine,L1TCD3016,1987,0.6985469639999999,0.0,0.3,0.0
Chad,TD,Biltine,L1TCD3016,1988,1.1,0.0,0.0,0.0
Chad,TD,Biltine,L1TCD3016,1989,0.638858843,0.0,0.0,0.0
Chad,TD,Biltine,L1TCD3016,1990,0.55,0.0,0.0,0.0
Chad,TD,Biltine,L1TCD3016,1991,0.4794444439999999,0.0,0.0,0.0
Chad,TD,Biltine,L1TCD3016,1992,1.0,0.0,0.6,0.0
Chad,TD,Biltine,L1TCD3016,1993,0.51,0.0,0.134782609,0.0
Chad,TD,Biltine,L1TCD3016,1994,0.7519511720000001,0.0,1.258478564,0.0
Chad,TD,Biltine,L1TCD3016,1995,0.246006508,0.0,0.0,0.0
Chad,TD,Biltine,L1TCD3016,1998,0.35,0.0,1.575126143,0.0
Chad,TD,Biltine,L1TCD3016,2000,0.294026558,0.0,0.17164216,0.0
Chad,TD,Biltine,L1TCD3016,2001,0.625,0.0,0.95,0.0
Chad,TD,Biltine,L1TCD3016,2002,0.918000734,0.0,0.7836883,0.0
Chad,TD,Biltine,L1TCD3016,2003,0.914408027,0.0,1.1,0.0
Chad,TD,Biltine,L1TCD3016,2004,0.55,0.0,0.6,0.0
Chad,TD,Biltine,L1TCD3016,2005,0.38,0.0,1.29,0.0
Chad,TD,Biltine,L1TCD3016,2006,0.716,0.0,0.4,0.0
Chad,TD,Biltine,L1TCD3016,2007,0.825339657,0.0,0.0,0.0
Chad,TD,Biltine,L1TCD3016,2008,0.7869999999999999,0.0,1.16,0.0
Chad,TD,Biltine,L1TCD3016,2009,0.53914869,0.0,0.799332561,0.0
Chad,TD,Biltine,L1TCD3016,2010,1.202966113,0.0,1.5,0.0
Chad,TD,Biltine,L1TCD3016,2011,0.5832146069999999,0.0,0.467425699,0.0
Chad,TD,Biltine,L1TCD3016,2012,0.991591113,0.0,0.6336709819999999,0.0
Chad,TD,Biltine,L1TCD3016,2013,0.88,0.0,0.966,0.0
Chad,TD,Biltine,L1TCD3016,2014,1.258412242,0.0,2.222112833,0.0
Chad,TD,Biltine,L1TCD3016,2015,0.838,0.0,2.2781656640000003,0.0
Chad,TD,Biltine,L1TCD3016,2016,1.50801967,0.0,1.283398797,0.0
Chad,TD,Biltine,L1TCD3016,2017,1.1800000000000002,0.0,1.456,0.0
Ethiopia,ETH,Addis Ababa,L1ETH0917,1991,3.040229885,0.0,0.0,0.0
Ethiopia,ETH,Afar,L1ETH0918,1991,1.365849012,0.0,0.0,0.0
Ethiopia,ETH,Afar,L1ETH0918,2007,2.876671459,0.0,0.0,0.0
Ethiopia,ETH,Afar,L1ETH0918,2008,2.582563642,0.0,0.0,0.0
Ethiopia,ETH,Afar,L1ETH0918,2009,4.811912635,0.0,0.0,0.0
Ethiopia,ETH,Afar,L1ETH0918,2010,5.405315199,0.0,0.0,0.0
Ethiopia,ETH,Afar,L1ETH0918,2011,4.601913225,0.0,0.0,0.0
Ethiopia,ETH,Afar,L1ETH0918,2012,2.984220436,0.0,0.0,0.0
Ethiopia,ETH,Afar,L1ETH0918,2013,2.728846461,0.0,0.0,0.0
Ethiopia,ETH,Afar,L1ETH0918,2014,4.916790903,0.0,0.0,0.0
Ethiopia,ETH,Afar,L1ETH0918,2015,1.681071385,0.0,0.0,0.0
Ethiopia,ETH,Afar,L1ETH0918,2016,4.993796139,0.0,1.014197204,0.0
Ethiopia,ETH,Afar,L1ETH0918,2017,1.920978217,0.0,0.421748229,0.0
Ethiopia,ETH,Amhara,L1ETH0919,1991,6.314105165,0.0,0.0,0.0
Ethiopia,ETH,Amhara,L1ETH0919,2007,10.061876587,8.528001963,3.419170323,0.366165953
Ethiopia,ETH,Amhara,L1ETH0919,2008,10.100408386999998,9.295879321,3.784821639,0.352613509
Ethiopia,ETH,Amhara,L1ETH0919,2009,10.790412881000002,13.712820064,3.391925151,0.366876488
Ethiopia,ETH,Amhara,L1ETH0919,2010,11.701413897,8.794786815,3.869399269,0.384716016
Ethiopia,ETH,Amhara,L1ETH0919,2011,14.67590082,12.151495764,4.132130651000001,0.374798953
Ethiopia,ETH,Amhara,L1ETH0919,2012,12.359248566,22.503084996,5.585020365,13.160853702
Ethiopia,ETH,Amhara,L1ETH0919,2013,16.374265442000002,8.198305583,5.648486257,39.491205487
Ethiopia,ETH,Amhara,L1ETH0919,2014,17.088264502,24.146115488,6.149612366,45.94561111
Ethiopia,ETH,Amhara,L1ETH0919,2015,17.237235628,24.945511561,6.84987561,34.009677464000006
Ethiopia,ETH,Amhara,L1ETH0919,2016,18.309346024,13.770437013,6.53777877,34.264988705
Ethiopia,ETH,Amhara,L1ETH0919,2017,19.286889428,10.45480043,5.143145951,0.348719387
Ethiopia,ETH,Amhara,L1ETH0919,2018,20.385815552,15.19149815,9.798182259,0.0
Ethiopia,ETH,Beneshangul Gumu,L1ETH0920,1991,4.039877938,0.0,0.0,0.0
Ethiopia,ETH,Beneshangul Gumu,L1ETH0920,2007,10.389895099,18.783813511,4.243057312,10.603019047
Ethiopia,ETH,Beneshangul Gumu,L1ETH0920,2008,11.296220759,12.302940462,4.6462052620000005,0.386007501
Ethiopia,ETH,Beneshangul Gumu,L1ETH0920,2009,11.0063645,9.665794414,4.639623791,20.561814911
Ethiopia,ETH,Beneshangul Gumu,L1ETH0920,2010,9.040427683,15.585798873999998,3.463694592,0.538356915
Ethiopia,ETH,Beneshangul Gumu,L1ETH0920,2011,9.161141602,15.33387762,5.615709012,0.52379197
Ethiopia,ETH,Beneshangul Gumu,L1ETH0920,2012,9.81641761,43.69363032,5.765065620000001,4.9233289970000005
Ethiopia,ETH,Beneshangul Gumu,L1ETH0920,2013,10.659057463,43.93409604,5.589312764000001,0.262557283
Ethiopia,ETH,Beneshangul Gumu,L1ETH0920,2014,9.523965324,59.132867561000005,6.311473863,0.356139743
Ethiopia,ETH,Beneshangul Gumu,L1ETH0920,2015,11.98958945,52.9878553,5.875385669,14.589165908
Ethiopia,ETH,Beneshangul Gumu,L1ETH0920,2016,10.526621756,64.52146903,6.297392497000001,0.388597451
Ethiopia,ETH,Beneshangul Gumu,L1ETH0920,2017,13.979790065,28.214228050000003,5.591552833,0.0
Ethiopia,ETH,Beneshangul Gumu,L1ETH0920,2018,13.105164129,0.0,6.136941857,0.0
Ethiopia,ETH,Dire Dawa,L1ETH0921,1991,1.9,0.0,0.0,0.0
Ethiopia,ETH,Dire Dawa,L1ETH0921,2007,3.292477889,0.0,1.239309557,0.0
Ethiopia,ETH,Dire Dawa,L1ETH0921,2008,2.34223331,0.0,0.933547285,0.0
Ethiopia,ETH,Dire Dawa,L1ETH0921,2009,2.062040551,0.0,1.177324387,0.0
Ethiopia,ETH,Dire Dawa,L1ETH0921,2010,2.372,11.2071533,1.850677705,0.357993906
Ethiopia,ETH,Dire Dawa,L1ETH0921,2011,3.04796252,11.20695309,1.518517109,0.358011293
Ethiopia,ETH,Dire Dawa,L1ETH0921,2012,3.125113858,0.0,1.298296628,0.174458509
Ethiopia,ETH,Dire Dawa,L1ETH0921,2013,3.687497853,0.0,1.544950786,0.200198238
Ethiopia,ETH,Dire Dawa,L1ETH0921,2014,3.332832736,0.0,1.850560393,0.264339051
Ethiopia,ETH,Dire Dawa,L1ETH0921,2015,2.60521207,0.0,0.929288061,0.09556756
Ethiopia,ETH,Dire Dawa,L1ETH0921,2016,3.994830524,0.0,1.78815237,0.09504157
Ethiopia,ETH,Dire Dawa,L1ETH0921,2017,2.916579184,0.0,1.027303492,0.109542002
Ethiopia,ETH,Dire Dawa,L1ETH0921,2018,3.397215149,0.0,0.0,0.0
Ethiopia,ETH,Gambela,L1ETH0922,1991,1.376831502,0.0,0.0,0.0
Ethiopia,ETH,Gambela,L1ETH0922,2007,3.443568428,18.000577504,0.750128465,0.0
Ethiopia,ETH,Gambela,L1ETH0922,2008,4.453691959,17.999956684,2.368651771,0.0
Ethiopia,ETH,Gambela,L1ETH0922,2009,3.675380992,18.588925448,0.895965104,0.0
Ethiopia,ETH,Gambela,L1ETH0922,2010,3.498659905,18.589672204,0.0,0.0
Ethiopia,ETH,Gambela,L1ETH0922,2011,3.715403444,18.589105873,0.234326383,0.0
Ethiopia,ETH,Gambela,L1ETH0922,2012,3.717674834,41.40485677,1.029508662,0.0
Ethiopia,ETH,Gambela,L1ETH0922,2013,3.969824765,39.20042166,0.313164523,0.0
Ethiopia,ETH,Gambela,L1ETH0922,2014,3.120512003,0.0,0.0,0.0
Ethiopia,ETH,Gambela,L1ETH0922,2015,3.216688724,0.0,0.885714286,0.0
Ethiopia,ETH,Gambela,L1ETH0922,2016,5.976214928000001,8.000257732,0.78486782,0.0
Ethiopia,ETH,Gambela,L1ETH0922,2017,3.986407047,0.0,0.823891343,0.0
Ethiopia,ETH,Hareri,L1ETH0923,1991,2.680970149,0.0,0.0,0.0
Ethiopia,ETH,Hareri,L1ETH0923,2007,4.53983134,0.0,1.322359107,0.0
Ethiopia,ETH,Hareri,L1ETH0923,2008,5.88544399,0.0,1.316731687,0.0
Ethiopia,ETH,Hareri,L1ETH0923,2009,6.096136959,0.0,1.718802241,0.0
Ethiopia,ETH,Hareri,L1ETH0923,2010,5.469885647,8.443021595,1.871250351,0.459981278
Ethiopia,ETH,Hareri,L1ETH0923,2011,6.172863036,8.443119645,2.305861722,0.0
Ethiopia,ETH,Hareri,L1ETH0923,2012,3.147405235,0.869235624,2.04649995,0.276014188
Ethiopia,ETH,Hareri,L1ETH0923,2013,3.15616647,6.505883113,2.638123737,0.0
Ethiopia,ETH,Hareri,L1ETH0923,2014,4.193131683000001,0.0,1.007520997,0.0
Ethiopia,ETH,Hareri,L1ETH0923,2015,3.234155982,0.0,0.845013417,0.0
Ethiopia,ETH,Hareri,L1ETH0923,2016,4.044929946,20.01998965,1.096007141,0.285840708
Ethiopia,ETH,Hareri,L1ETH0923,2017,5.276631478,18.05781731,0.700169657,0.0
Ethiopia,ETH,Hareri,L1ETH0923,2018,5.898162912999999,18.23599942,0.852722534,0.0
Ethiopia,ETH,Oromia,L1ETH0924,1991,6.886358113,0.0,0.0,0.0
Ethiopia,ETH,Oromia,L1ETH0924,2007,10.735401218,20.653748475,5.641267794999999,31.241225173
Ethiopia,ETH,Oromia,L1ETH0924,2008,10.948399638,20.998529909,5.577937954,30.496094045000003
Ethiopia,ETH,Oromia,L1ETH0924,2009,12.785527080999998,21.38275788,6.094603742,31.469163797
Ethiopia,ETH,Oromia,L1ETH0924,2010,12.041831498,21.317116891,7.1374732430000005,35.60409693
Ethiopia,ETH,Oromia,L1ETH0924,2011,14.460672123,16.835250128000002,6.320088438999999,34.375669796000004
Ethiopia,ETH,Oromia,L1ETH0924,2012,16.828895191,62.465611683,7.977197049,18.496405547
Ethiopia,ETH,Oromia,L1ETH0924,2013,18.389872898,69.554491415,9.040177742,42.203901631
Ethiopia,ETH,Oromia,L1ETH0924,2014,18.492630811,95.785847029,9.417892294,43.695097881
Ethiopia,ETH,Oromia,L1ETH0924,2015,15.50763341,69.281869325,9.425479503999998,42.268268203
Ethiopia,ETH,Oromia,L1ETH0924,2016,19.440287960000003,84.65153383,7.734586158,42.84786242
Ethiopia,ETH,Oromia,L1ETH0924,2017,17.586776284,83.40306806,7.985192942999999,46.667308026
Ethiopia,ETH,Oromia,L1ETH0924,2018,19.451406632,95.6555284,10.552843987,0.0
Ethiopia,ETH,Somali,L1ETH0925,1991,0.554749269,0.0,0.0,0.0
Ethiopia,ETH,Somali,L1ETH0925,2007,2.668381974,0.0,0.44389111,0.0
Ethiopia,ETH,Somali,L1ETH0925,2008,4.353305395,0.0,0.136846405,0.0
Ethiopia,ETH,Somali,L1ETH0925,2009,5.092988826,0.0,0.0,0.0
Ethiopia,ETH,Somali,L1ETH0925,2010,4.914721686,0.0,0.0,0.0
Ethiopia,ETH,Somali,L1ETH0925,2011,5.410727923,7.125064935,0.0,0.0
Ethiopia,ETH,Somali,L1ETH0925,2012,9.552023555000002,0.0,1.465721264,0.0
Ethiopia,ETH,Somali,L1ETH0925,2013,5.420926831,0.0,0.595177651,0.0
Ethiopia,ETH,Somali,L1ETH0925,2014,5.733519833,0.0,0.0,0.0
Ethiopia,ETH,Somali,L1ETH0925,2015,4.782589071,0.0,0.796601288,0.0
Ethiopia,ETH,Somali,L1ETH0925,2016,3.932036259,0.0,1.168753321,0.0
Ethiopia,ETH,Somali,L1ETH0925,2017,4.376583071,0.0,0.0,0.0
Ethiopia,ETH,SNNPR,L1ETH0926,1991,7.110075364,0.0,0.0,0.0
Ethiopia,ETH,SNNPR,L1ETH0926,2007,7.603556006,25.694696754,2.343883028,38.711801466
Ethiopia,ETH,SNNPR,L1ETH0926,2008,8.766943811,25.330703734000004,3.084990186,37.599024418
Ethiopia,ETH,SNNPR,L1ETH0926,2009,10.506170418,26.038560737,2.845517485,43.265097655
Ethiopia,ETH,SNNPR,L1ETH0926,2010,10.717794678,27.659349783,2.617554415,52.748828231
Ethiopia,ETH,SNNPR,L1ETH0926,2011,10.544138547,33.94435325,2.575650022,50.783812722
Ethiopia,ETH,SNNPR,L1ETH0926,2012,10.233801309,63.44388341,3.160477815,29.440340419
Ethiopia,ETH,SNNPR,L1ETH0926,2013,10.537164197,71.936572457,3.173166012,54.840177805
Ethiopia,ETH,SNNPR,L1ETH0926,2014,12.249721912999998,73.691177077,6.611391646,58.344401049
Ethiopia,ETH,SNNPR,L1ETH0926,2015,10.22823452,72.904063328,6.227680492,53.723714867
Ethiopia,ETH,SNNPR,L1ETH0926,2016,12.141860218,69.357574227,6.454205977999999,52.508288337
Ethiopia,ETH,SNNPR,L1ETH0926,2017,13.064464587,67.002671445,3.421955634,52.041673455
Ethiopia,ETH,SNNPR,L1ETH0926,2018,17.331078342,66.75339493,7.761870364,0.0
Ethiopia,ETH,Tigray,L1ETH0927,1991,3.936827108,0.0,0.0,0.0
Ethiopia,ETH,Tigray,L1ETH0927,2007,8.419601352,8.274593247,3.847238789,0.0
Ethiopia,ETH,Tigray,L1ETH0927,2008,9.749313906,8.376153124,4.738004298,0.0
Ethiopia,ETH,Tigray,L1ETH0927,2009,8.295772499,8.59787994,3.783719933,0.0
Ethiopia,ETH,Tigray,L1ETH0927,2010,9.049016394,0.0,4.053145186,0.0
Ethiopia,ETH,Tigray,L1ETH0927,2011,11.079615679,8.137985892,4.458238351,0.0
Ethiopia,ETH,Tigray,L1ETH0927,2012,11.292800158,0.0,3.960276912,0.0
Ethiopia,ETH,Tigray,L1ETH0927,2013,11.501558118999998,0.0,3.811540173,0.0
Ethiopia,ETH,Tigray,L1ETH0927,2014,12.463609388,0.0,4.132984443,0.0
Ethiopia,ETH,Tigray,L1ETH0927,2015,13.165743358,0.0,3.573589089,0.0
Ethiopia,ETH,Tigray,L1ETH0927,2016,12.761029353,8.098034457,4.479780536,0.0
Ethiopia,ETH,Tigray,L1ETH0927,2017,17.876399328,7.844802144,4.6329752,0.0
Ethiopia,ETH,Tigray,L1ETH0927,2018,13.903568918,7.925088134,4.760492135,0.0
Guinea,GIN,Boke,L1GIN1015,2010,2.434186409,6.471830091,0.85,0.0
Guinea,GIN,Boke,L1GIN1015,2011,2.838918209,6.51331006,0.8,0.0
Guinea,GIN,Boke,L1GIN1015,2012,2.708658717,6.513342815,0.800193222,0.0
Guinea,GIN,Boke,L1GIN1015,2013,3.3236437600000004,6.51333261,0.727943882,0.0
Guinea,GIN,Boke,L1GIN1015,2014,3.679624665,6.84,0.8,0.0
Guinea,GIN,Boke,L1GIN1015,2015,2.838926404,6.563120706,0.8,0.0
Guinea,GIN,Boke,L1GIN1015,2016,2.8848016430000003,6.596291557,0.9,0.0
Guinea,GIN,Boke,L1GIN1015,2017,3.231152313,6.915290221,0.96485503,0.0
Guinea,GIN,Conakry,L1GIN1016,2010,0.0,0.0,0.0,0.0
Guinea,GIN,Conakry,L1GIN1016,2011,0.0,0.0,0.0,0.0
Guinea,GIN,Conakry,L1GIN1016,2012,0.0,0.0,0.0,0.0
Guinea,GIN,Conakry,L1GIN1016,2013,0.0,0.0,0.0,0.0
Guinea,GIN,Conakry,L1GIN1016,2014,0.0,0.0,0.0,0.0
Guinea,GIN,Conakry,L1GIN1016,2015,0.0,0.0,0.0,0.0
Guinea,GIN,Conakry,L1GIN1016,2016,0.0,0.0,0.0,0.0
Guinea,GIN,Conakry,L1GIN1016,2017,0.0,0.0,0.0,0.0
Guinea,GIN,Faranah,L1GIN1017,2010,3.001520801,3.58727888,0.85,0.0
Guinea,GIN,Faranah,L1GIN1017,2011,3.024040904,3.610270864,0.8,0.0
Guinea,GIN,Faranah,L1GIN1017,2012,3.287322101,3.61028902,0.75591113,0.0
Guinea,GIN,Faranah,L1GIN1017,2013,3.311075482,3.610283364,0.649505147,0.0
Guinea,GIN,Faranah,L1GIN1017,2014,3.2312660870000003,8.2,0.8,0.0
Guinea,GIN,Faranah,L1GIN1017,2015,3.268297185,3.63788047,0.7,0.0
Guinea,GIN,Faranah,L1GIN1017,2016,3.2858870180000004,3.656266783,0.75,0.0
Guinea,GIN,Faranah,L1GIN1017,2017,3.286137303,8.29369292,0.962493651,0.0
Guinea,GIN,Kankan,L1GIN1018,2010,3.000580775,8.810664107,0.67,0.0
Guinea,GIN,Kankan,L1GIN1018,2011,4.964708803,8.867134389,0.67,0.0
Guinea,GIN,Kankan,L1GIN1018,2012,3.169427272,8.867178982,0.603115574,0.0
Guinea,GIN,Kankan,L1GIN1018,2013,5.003712177000001,8.867165089,0.740373149,0.0
Guinea,GIN,Kankan,L1GIN1018,2014,3.250010134,7.95,0.8,0.0
Guinea,GIN,Kankan,L1GIN1018,2015,3.269838503,8.934945946,0.8,0.0
Guinea,GIN,Kankan,L1GIN1018,2016,3.3717939880000003,8.980104305,0.68332635,0.0
Guinea,GIN,Kankan,L1GIN1018,2017,3.04996219,8.037520635,0.964868538,0.0
Guinea,GIN,Kindia,L1GIN1019,1998,3.223812741,5.238933967,0.924478644,0.0
Guinea,GIN,Kindia,L1GIN1019,2010,4.765782595,7.498535723,0.74,0.0
Guinea,GIN,Kindia,L1GIN1019,2011,4.906812748,7.546596167,0.78,0.0
Guinea,GIN,Kindia,L1GIN1019,2012,2.614321915,7.546634119,0.8,0.0
Guinea,GIN,Kindia,L1GIN1019,2013,4.94181948,7.546622295,0.78,0.0
Guinea,GIN,Kindia,L1GIN1019,2014,3.149994749,6.76,0.78,0.0
Guinea,GIN,Kindia,L1GIN1019,2015,2.702581967,7.604308886,0.810956578,0.0
Guinea,GIN,Kindia,L1GIN1019,2016,3.2381384760000005,7.642742035,0.9,0.0
Guinea,GIN,Kindia,L1GIN1019,2017,3.391623543,6.840556965,0.9,0.0
Guinea,GIN,Labe,L1GIN1020,2010,3.372869252,7.667957716,0.75,0.0
Guinea,GIN,Labe,L1GIN1020,2011,3.700590993,7.717104037,0.722802811,0.0
Guinea,GIN,Labe,L1GIN1020,2012,3.5465620710000003,7.717142847,0.8,0.0
Guinea,GIN,Labe,L1GIN1020,2013,3.571613975,7.717130756,0.75,0.0
Guinea,GIN,Labe,L1GIN1020,2014,3.569652218,8.23,0.75,0.0
Guinea,GIN,Labe,L1GIN1020,2015,3.43971745,7.776120718,0.8,0.0
Guinea,GIN,Labe,L1GIN1020,2016,3.547425275,7.815422227,0.85,0.0
Guinea,GIN,Labe,L1GIN1020,2017,3.569002747,8.328052962,0.904569398,0.0
Guinea,GIN,Mamou,L1GIN1021,2010,4.942135234,7.760747651,0.78430006,0.0
Guinea,GIN,Mamou,L1GIN1021,2011,5.092623736,7.810488692,0.706998976,0.0
Guinea,GIN,Mamou,L1GIN1021,2012,5.113365843,7.810527971,0.8256209,0.0
Guinea,GIN,Mamou,L1GIN1021,2013,5.129001742,7.810515734,0.894884055,0.0
Guinea,GIN,Mamou,L1GIN1021,2014,3.379998198,7.8,0.78,0.0
Guinea,GIN,Mamou,L1GIN1021,2015,3.372583398,7.870219533,0.952946974,0.0
Guinea,GIN,Mamou,L1GIN1021,2016,3.478995571,7.909996629,0.888607961,0.0
Guinea,GIN,Mamou,L1GIN1021,2017,3.538253823,7.892041493,0.940755632,0.0
Guinea,GIN,Nzerekore,L1GIN1022,1998,3.43575487,8.815075198,0.93938401,0.0
Guinea,GIN,Nzerekore,L1GIN1022,2010,2.736452976,10.13267023,0.0,0.0
Guinea,GIN,Nzerekore,L1GIN1022,2011,4.627466447,10.19761366,0.754164504,0.0
Guinea,GIN,Nzerekore,L1GIN1022,2012,2.890568185,10.19766495,0.754164504,0.0
Guinea,GIN,Nzerekore,L1GIN1022,2013,4.662980107000001,10.19764897,0.82818829,0.0
Guinea,GIN,Nzerekore,L1GIN1022,2014,2.660018125,9.14,0.75,0.0
Guinea,GIN,Nzerekore,L1GIN1022,2015,2.9861480410000003,10.27560008,0.80444148,0.0
Guinea,GIN,Nzerekore,L1GIN1022,2016,3.077061863,10.32753428,0.854463887,0.0
Guinea,GIN,Nzerekore,L1GIN1022,2017,3.5085559,9.243526458,0.904575434,0.0
Lesotho,LS,Berea,L1LSO1721,1982,2.226356696,0.0,0.882352941,0.0
Lesotho,LS,Berea,L1LSO1721,1983,1.70646625,0.0,0.875,0.0
Lesotho,LS,Berea,L1LSO1721,1984,1.089167961,0.0,0.761904762,0.0
Lesotho,LS,Berea,L1LSO1721,1985,1.725077371,0.0,0.9375,0.0
Lesotho,LS,Berea,L1LSO1721,1986,1.757586947,0.0,1.0,0.0
Lesotho,LS,Berea,L1LSO1721,1987,1.640540508,0.0,0.717948718,0.0
Lesotho,LS,Berea,L1LSO1721,1988,2.68585487,0.0,0.784615385,0.0
Lesotho,LS,Berea,L1LSO1721,1989,1.629399293,0.0,0.75,0.0
Lesotho,LS,Berea,L1LSO1721,1990,2.151844609,0.0,0.714285714,0.0
Lesotho,LS,Berea,L1LSO1721,1991,0.759146825,0.0,0.866666667,0.0
Lesotho,LS,Berea,L1LSO1721,1992,1.122782608,0.0,0.416666667,0.0
Lesotho,LS,Berea,L1LSO1721,1993,1.69932421,0.0,0.708029197,0.0
Lesotho,LS,Berea,L1LSO1721,1994,1.914138177,0.0,1.0,0.0
Lesotho,LS,Berea,L1LSO1721,1995,2.627341707,0.0,0.43442623,0.0
Lesotho,LS,Berea,L1LSO1721,1996,2.390718638,0.0,1.0,0.0
Lesotho,LS,Berea,L1LSO1721,1997,0.933980004,0.0,0.877202349,0.0
Lesotho,LS,Berea,L1LSO1721,1998,5.151881109,0.0,0.911266783,0.0
Lesotho,LS,Berea,L1LSO1721,1999,2.225485189,0.0,0.911253776,0.0
Lesotho,LS,Berea,L1LSO1721,2000,1.706848986,0.0,0.959357278,0.0
Lesotho,LS,Berea,L1LSO1721,2001,1.658244316,0.0,0.722930978,0.0
Lesotho,LS,Berea,L1LSO1721,2002,1.539954173,0.0,0.865365854,0.0
Lesotho,LS,Berea,L1LSO1721,2003,1.005703696,0.0,0.853470437,0.0
Lesotho,LS,Berea,L1LSO1721,2004,0.675915461,0.0,0.954915807,0.0
Lesotho,LS,Berea,L1LSO1721,2005,2.002001759,0.0,0.435876289,0.0
Lesotho,LS,Berea,L1LSO1721,2006,1.769885396,0.0,0.581444759,0.0
Lesotho,LS,Berea,L1LSO1721,2007,0.7619245450000001,0.0,0.734265734,0.0
Lesotho,LS,Berea,L1LSO1721,2008,0.767154291,0.0,0.180664063,0.0
Lesotho,LS,Berea,L1LSO1721,2009,0.8850743600000001,0.0,0.867021277,0.0
Lesotho,LS,Berea,L1LSO1721,2010,2.025260298,0.0,0.804961352,0.0
Lesotho,LS,Berea,L1LSO1721,2011,0.691167,0.0,0.075293227,0.0
Lesotho,LS,Berea,L1LSO1721,2012,0.693988732,0.0,0.957614943,0.0
Lesotho,LS,Berea,L1LSO1721,2013,2.002780347,0.0,0.660968661,0.0
Lesotho,LS,Berea,L1LSO1721,2014,1.2807370219999998,0.0,0.054512958,0.0
Lesotho,LS,Berea,L1LSO1721,2015,0.882809554,0.0,0.126203432,0.0
Lesotho,LS,Berea,L1LSO1721,2016,0.62980999,0.0,0.04041845,0.0
Lesotho,LS,Berea,L1LSO1721,2017,1.710700309,0.0,0.0,0.0
Lesotho,LS,Berea,L1LSO1721,2018,0.592811461,0.0,0.0,0.0
Lesotho,LS,Berea,L1LSO1721,2019,1.540718596,0.0,0.00295858,0.0
Lesotho,LS,Berea,L1LSO1721,2020,1.0569488420000002,0.0,0.586572438,0.0
Lesotho,LS,Berea,L1LSO1721,2021,1.726615635,0.0,0.005053057,0.0
Lesotho,LS,Berea,L1LSO1721,2022,0.891947151,0.0,0.008229725,0.0
Lesotho,LS,Butha Buthe,L1LSO1722,1982,2.0526645770000003,0.0,1.0,0.0
Lesotho,LS,Butha Buthe,L1LSO1722,1983,2.278298205,0.0,1.0,0.0
Lesotho,LS,Butha Buthe,L1LSO1722,1984,1.5702822579999998,0.0,0.4,0.0
Lesotho,LS,Butha Buthe,L1LSO1722,1985,1.972976191,0.0,0.4,0.0
Lesotho,LS,Butha Buthe,L1LSO1722,1986,2.041843186,0.0,0.5,0.0
Lesotho,LS,Butha Buthe,L1LSO1722,1987,1.841616162,0.0,0.75,0.0
Lesotho,LS,Butha Buthe,L1LSO1722,1988,3.151611023,0.0,0.857142857,0.0
Lesotho,LS,Butha Buthe,L1LSO1722,1989,2.359852293,0.0,0.666666667,0.0
Lesotho,LS,Butha Buthe,L1LSO1722,1990,1.788043177,0.0,0.666666667,0.0
Lesotho,LS,Butha Buthe,L1LSO1722,1991,1.6653586960000002,0.0,1.0,0.0
Lesotho,LS,Butha Buthe,L1LSO1722,1992,1.171142857,0.0,1.0,0.0
Lesotho,LS,Butha Buthe,L1LSO1722,1993,3.821344615,0.0,0.37037037,0.0
Lesotho,LS,Butha Buthe,L1LSO1722,1994,2.427459765,0.0,1.0,0.0
Lesotho,LS,Butha Buthe,L1LSO1722,1995,2.394145152,0.0,0.482142857,0.0
Lesotho,LS,Butha Buthe,L1LSO1722,1996,2.5102029099999994,0.0,0.880808081,0.0
Lesotho,LS,Butha Buthe,L1LSO1722,1997,4.161162146,0.0,0.0875,0.0
Lesotho,LS,Butha Buthe,L1LSO1722,1998,4.870882229,0.0,0.996677741,0.0
Lesotho,LS,Butha Buthe,L1LSO1722,1999,2.672302733,0.0,0.682437851,0.0
Lesotho,LS,Butha Buthe,L1LSO1722,2000,2.636130488,0.0,0.632142857,0.0
Lesotho,LS,Butha Buthe,L1LSO1722,2001,2.53941173,0.0,0.811965812,0.0
Lesotho,LS,Butha Buthe,L1LSO1722,2002,1.613023765,0.0,0.318518519,0.0
Lesotho,LS,Butha Buthe,L1LSO1722,2003,1.402107397,0.0,0.507712082,0.0
Lesotho,LS,Butha Buthe,L1LSO1722,2004,2.214229127,0.0,0.995192308,0.0
Lesotho,LS,Butha Buthe,L1LSO1722,2005,1.676848963,0.0,0.629554656,0.0
Lesotho,LS,Butha Buthe,L1LSO1722,2006,1.567415617,0.0,1.0,0.0
Lesotho,LS,Butha Buthe,L1LSO1722,2007,0.786573995,0.0,0.528461849,0.0
Lesotho,LS,Butha Buthe,L1LSO1722,2008,0.6647156249999999,0.0,0.207672634,0.0
Lesotho,LS,Butha Buthe,L1LSO1722,2009,1.552987633,0.0,1.0,0.0
Lesotho,LS,Butha Buthe,L1LSO1722,2010,2.249067873,0.0,0.861445783,0.0
Lesotho,LS,Butha Buthe,L1LSO1722,2011,0.960375922,0.0,0.348498635,0.0
Lesotho,LS,Butha Buthe,L1LSO1722,2012,2.935897886,0.0,0.597127223,0.0
Lesotho,LS,Butha Buthe,L1LSO1722,2013,2.657018866,0.0,0.591478697,0.0
Lesotho,LS,Butha Buthe,L1LSO1722,2014,1.354672334,0.0,0.133738602,0.0
Lesotho,LS,Butha Buthe,L1LSO1722,2015,1.6071460910000002,0.0,0.165694282,0.0
Lesotho,LS,Butha Buthe,L1LSO1722,2016,0.486501585,0.0,0.0,0.0
Lesotho,LS,Butha Buthe,L1LSO1722,2017,2.1487128,0.0,0.0,0.0
Lesotho,LS,Butha Buthe,L1LSO1722,2018,1.0323133809999998,0.0,0.0,0.0
Lesotho,LS,Butha Buthe,L1LSO1722,2019,1.233121827,0.0,0.035714286,0.0
Lesotho,LS,Butha Buthe,L1LSO1722,2020,2.069873426,0.0,0.15658363,0.0
Lesotho,LS,Butha Buthe,L1LSO1722,2021,2.341338374,0.0,0.49382716,0.0
Lesotho,LS,Butha Buthe,L1LSO1722,2022,0.317782805,0.0,0.020784314,0.0
Lesotho,LS,Leribe,L1LSO1723,1982,2.095623099,0.0,0.846153846,0.0
Lesotho,LS,Leribe,L1LSO1723,1983,2.283882784,0.0,0.8125,0.0
Lesotho,LS,Leribe,L1LSO1723,1984,2.700594952,0.0,0.808510638,0.0
Lesotho,LS,Leribe,L1LSO1723,1985,1.6848939399999998,0.0,0.518518519,0.0
Lesotho,LS,Leribe,L1LSO1723,1986,2.33139598,0.0,0.907407407,0.0
Lesotho,LS,Leribe,L1LSO1723,1987,2.390157187,0.0,0.770833333,0.0
Lesotho,LS,Leribe,L1LSO1723,1988,3.771421992,0.0,0.827160494,0.0
Lesotho,LS,Leribe,L1LSO1723,1989,3.202764226,0.0,0.8125,0.0
Lesotho,LS,Leribe,L1LSO1723,1990,2.405430152,0.0,0.434782609,0.0
Lesotho,LS,Leribe,L1LSO1723,1991,1.147936242,0.0,1.0,0.0
Lesotho,LS,Leribe,L1LSO1723,1992,1.224885204,0.0,0.470588235,0.0
Lesotho,LS,Leribe,L1LSO1723,1993,2.415099897,0.0,0.047979798,0.0
Lesotho,LS,Leribe,L1LSO1723,1994,2.671022558,0.0,0.98762215,0.0
Lesotho,LS,Leribe,L1LSO1723,1995,1.998280371,0.0,0.706137184,0.0
Lesotho,LS,Leribe,L1LSO1723,1996,2.99884602,0.0,0.820566632,0.0
Lesotho,LS,Leribe,L1LSO1723,1997,2.094345972,0.0,0.81051984,0.0
Lesotho,LS,Leribe,L1LSO1723,1998,1.856411081,0.0,0.671150972,0.0
Lesotho,LS,Leribe,L1LSO1723,1999,2.898641502,0.0,0.901082677,0.0
Lesotho,LS,Leribe,L1LSO1723,2000,2.205778189,0.0,0.990250696,0.0
Lesotho,LS,Leribe,L1LSO1723,2001,1.868521993,0.0,0.943790353,0.0
Lesotho,LS,Leribe,L1LSO1723,2002,2.011710638,0.0,0.691125087,0.0
Lesotho,LS,Leribe,L1LSO1723,2003,2.011137254,0.0,0.801853998,0.0
Lesotho,LS,Leribe,L1LSO1723,2004,1.856331401,0.0,0.881287726,0.0
Lesotho,LS,Leribe,L1LSO1723,2005,1.628351527,0.0,1.0,0.0
Lesotho,LS,Leribe,L1LSO1723,2006,1.680601734,0.0,0.990018484,0.0
Lesotho,LS,Leribe,L1LSO1723,2007,1.347875689,0.0,0.9905549,0.0
Lesotho,LS,Leribe,L1LSO1723,2008,1.214074717,0.0,0.14195231,0.0
Lesotho,LS,Leribe,L1LSO1723,2009,2.008808684,0.0,0.952010376,0.0
Lesotho,LS,Leribe,L1LSO1723,2010,2.123229654,0.0,0.935115327,0.0
Lesotho,LS,Leribe,L1LSO1723,2011,1.430463293,0.0,0.183566033,0.0
Lesotho,LS,Leribe,L1LSO1723,2012,1.445094759,0.0,0.933616364,0.0
Lesotho,LS,Leribe,L1LSO1723,2013,1.529774677,0.0,0.834648058,0.0
Lesotho,LS,Leribe,L1LSO1723,2014,1.530880121,0.0,0.144553073,0.0
Lesotho,LS,Leribe,L1LSO1723,2015,2.695399093,0.0,0.258349328,0.0
Lesotho,LS,Leribe,L1LSO1723,2016,1.324081042,0.0,0.44077961,0.0
Lesotho,LS,Leribe,L1LSO1723,2017,2.402846726,0.0,0.0,0.0
Lesotho,LS,Leribe,L1LSO1723,2018,0.6912210489999999,0.0,0.0,0.0
Lesotho,LS,Leribe,L1LSO1723,2019,0.7186480239999999,0.0,0.263554217,0.0
Lesotho,LS,Leribe,L1LSO1723,2020,1.692831271,0.0,0.200125471,0.0
Lesotho,LS,Leribe,L1LSO1723,2021,2.4651940650000004,0.0,0.086805556,0.0
Lesotho,LS,Leribe,L1LSO1723,2022,0.5688257379999999,0.0,0.077691562,0.0
Lesotho,LS,Mafeteng,L1LSO1724,1982,0.783328997,0.0,0.727272727,0.0
Lesotho,LS,Mafeteng,L1LSO1724,1983,1.25152684,0.0,0.928571429,0.0
Lesotho,LS,Mafeteng,L1LSO1724,1984,1.279607013,0.0,0.578947368,0.0
Lesotho,LS,Mafeteng,L1LSO1724,1985,1.342420621,0.0,0.916666667,0.0
Lesotho,LS,Mafeteng,L1LSO1724,1986,0.960349586,0.0,0.914285714,0.0
Lesotho,LS,Mafeteng,L1LSO1724,1987,0.796321454,0.0,0.766666667,0.0
Lesotho,LS,Mafeteng,L1LSO1724,1988,1.671855603,0.0,0.803921569,0.0
Lesotho,LS,Mafeteng,L1LSO1724,1989,0.924210397,0.0,0.775,0.0
Lesotho,LS,Mafeteng,L1LSO1724,1990,1.548737212,0.0,0.263157895,0.0
Lesotho,LS,Mafeteng,L1LSO1724,1991,1.020760401,0.0,0.315789474,0.0
Lesotho,LS,Mafeteng,L1LSO1724,1992,1.244419194,0.0,0.5,0.0
Lesotho,LS,Mafeteng,L1LSO1724,1993,1.947074669,0.0,0.963320463,0.0
Lesotho,LS,Mafeteng,L1LSO1724,1994,1.2959846869999998,0.0,1.0,0.0
Lesotho,LS,Mafeteng,L1LSO1724,1995,0.3951764579999999,0.0,0.027522936,0.0
Lesotho,LS,Mafeteng,L1LSO1724,1996,2.329336869,0.0,0.852725793,0.0
Lesotho,LS,Mafeteng,L1LSO1724,1997,0.936415205,0.0,0.676840982,0.0
Lesotho,LS,Mafeteng,L1LSO1724,1998,1.940862534,0.0,0.997398092,0.0
Lesotho,LS,Mafeteng,L1LSO1724,1999,1.520840051,0.0,0.992877493,0.0
Lesotho,LS,Mafeteng,L1LSO1724,2000,0.89648207,0.0,0.907725908,0.0
Lesotho,LS,Mafeteng,L1LSO1724,2001,1.4846846699999998,0.0,0.996080139,0.0
Lesotho,LS,Mafeteng,L1LSO1724,2002,1.301142939,0.0,0.850144092,0.0
Lesotho,LS,Mafeteng,L1LSO1724,2003,1.54684676,0.0,0.963674322,0.0
Lesotho,LS,Mafeteng,L1LSO1724,2004,0.940456399,0.0,0.914304124,0.0
Lesotho,LS,Mafeteng,L1LSO1724,2005,0.702284841,0.0,1.0,0.0
Lesotho,LS,Mafeteng,L1LSO1724,2006,1.2170673719999998,0.0,0.933172303,0.0
Lesotho,LS,Mafeteng,L1LSO1724,2007,0.5512191449999999,0.0,0.831467295,0.0
Lesotho,LS,Mafeteng,L1LSO1724,2008,0.367079845,0.0,0.394638404,0.0
Lesotho,LS,Mafeteng,L1LSO1724,2009,0.712432183,0.0,0.891975309,0.0
Lesotho,LS,Mafeteng,L1LSO1724,2010,0.864216381,0.0,0.739910314,0.0
Lesotho,LS,Mafeteng,L1LSO1724,2011,0.4880308,0.0,0.120473023,0.0
Lesotho,LS,Mafeteng,L1LSO1724,2012,0.316490708,0.0,1.188548865,0.0
Lesotho,LS,Mafeteng,L1LSO1724,2013,1.685035299,0.0,0.483110261,0.0
Lesotho,LS,Mafeteng,L1LSO1724,2014,0.952476983,0.0,0.22694718,0.0
Lesotho,LS,Mafeteng,L1LSO1724,2015,1.422166511,0.0,0.073170732,0.0
Lesotho,LS,Mafeteng,L1LSO1724,2016,0.092197939,0.0,0.097276265,0.0
Lesotho,LS,Mafeteng,L1LSO1724,2017,1.786564493,0.0,0.0,0.0
Lesotho,LS,Mafeteng,L1LSO1724,2018,0.386970323,0.0,0.0,0.0
Lesotho,LS,Mafeteng,L1LSO1724,2019,1.7120729949999998,0.0,0.186652763,0.0
Lesotho,LS,Mafeteng,L1LSO1724,2020,1.628332914,0.0,0.549698795,0.0
Lesotho,LS,Mafeteng,L1LSO1724,2021,1.7094265549999998,0.0,0.142857143,0.0
Lesotho,LS,Mafeteng,L1LSO1724,2022,0.858773872,0.0,0.429090071,0.0
Lesotho,LS,Maseru,L1LSO1725,1982,1.7508339089999998,0.0,1.111111111,0.0
Lesotho,LS,Maseru,L1LSO1725,1983,2.168230852,0.0,0.875,0.0
Lesotho,LS,Maseru,L1LSO1725,1984,1.940827527,0.0,1.142857143,0.0
Lesotho,LS,Maseru,L1LSO1725,1985,2.16090759,0.0,1.153846154,0.0
Lesotho,LS,Maseru,L1LSO1725,1986,1.978674003,0.0,0.804878049,0.0
Lesotho,LS,Maseru,L1LSO1725,1987,1.994409647,0.0,0.777777778,0.0
Lesotho,LS,Maseru,L1LSO1725,1988,2.417628352,0.0,0.85,0.0
Lesotho,LS,Maseru,L1LSO1725,1989,2.423789125,0.0,0.8125,0.0
Lesotho,LS,Maseru,L1LSO1725,1990,2.160288106,0.0,0.357142857,0.0
Lesotho,LS,Maseru,L1LSO1725,1991,0.806259602,0.0,0.52,0.0
Lesotho,LS,Maseru,L1LSO1725,1992,1.3513558410000002,0.0,0.25,0.0
Lesotho,LS,Maseru,L1LSO1725,1993,1.887945621,0.0,0.638157895,0.0
Lesotho,LS,Maseru,L1LSO1725,1994,1.776501345,0.0,0.614443084,0.0
Lesotho,LS,Maseru,L1LSO1725,1995,1.646748558,0.0,0.795,0.0
Lesotho,LS,Maseru,L1LSO1725,1996,2.775834911,0.0,0.259423503,0.0
Lesotho,LS,Maseru,L1LSO1725,1997,1.883515291,0.0,1.0,0.0
Lesotho,LS,Maseru,L1LSO1725,1998,3.149166801,0.0,1.284773663,0.0
Lesotho,LS,Maseru,L1LSO1725,1999,3.397185308,0.0,0.843706294,0.0
Lesotho,LS,Maseru,L1LSO1725,2000,2.6622092320000004,0.0,0.809409888,0.0
Lesotho,LS,Maseru,L1LSO1725,2001,3.240737279,0.0,0.950537634,0.0
Lesotho,LS,Maseru,L1LSO1725,2002,1.676611647,0.0,0.421778412,0.0
Lesotho,LS,Maseru,L1LSO1725,2003,1.141905431,0.0,0.781176471,0.0
Lesotho,LS,Maseru,L1LSO1725,2004,1.565714461,0.0,1.166556072,0.0
Lesotho,LS,Maseru,L1LSO1725,2005,1.3227409259999998,0.0,0.849678457,0.0
Lesotho,LS,Maseru,L1LSO1725,2006,1.56874955,0.0,0.176218073,0.0
Lesotho,LS,Maseru,L1LSO1725,2007,1.227518551,0.0,0.434882651,0.0
Lesotho,LS,Maseru,L1LSO1725,2008,1.090856866,0.0,0.048937024,0.0
Lesotho,LS,Maseru,L1LSO1725,2009,1.354563524,0.0,1.053311793,0.0
Lesotho,LS,Maseru,L1LSO1725,2010,1.835454126,0.0,0.85884158,0.0
Lesotho,LS,Maseru,L1LSO1725,2011,2.2116708110000003,0.0,0.102756892,0.0
Lesotho,LS,Maseru,L1LSO1725,2012,1.799360301,0.0,0.238461538,0.0
Lesotho,LS,Maseru,L1LSO1725,2013,2.91888066,0.0,0.875471698,0.0
Lesotho,LS,Maseru,L1LSO1725,2014,1.648693992,0.0,0.122546673,0.0
Lesotho,LS,Maseru,L1LSO1725,2015,2.003547515,0.0,0.282841473,0.0
Lesotho,LS,Maseru,L1LSO1725,2016,0.7323714210000001,0.0,0.0625,0.0
Lesotho,LS,Maseru,L1LSO1725,2017,2.7927953700000003,0.0,0.0,0.0
Lesotho,LS,Maseru,L1LSO1725,2018,0.885440261,0.0,0.0,0.0
Lesotho,LS,Maseru,L1LSO1725,2019,0.965413494,0.0,0.011439466,0.0
Lesotho,LS,Maseru,L1LSO1725,2020,1.67420742,0.0,0.281081081,0.0
Lesotho,LS,Maseru,L1LSO1725,2021,1.3699757090000002,0.0,0.164556962,0.0
Lesotho,LS,Maseru,L1LSO1725,2022,0.77048809,0.0,0.062565789,0.0
Lesotho,LS,Mohale's Hoek,L1LSO1726,1982,1.822092525,0.0,0.818181818,0.0
Lesotho,LS,Mohale's Hoek,L1LSO1726,1983,0.816231466,0.0,0.6,0.0
Lesotho,LS,Mohale's Hoek,L1LSO1726,1984,0.861133743,0.0,0.666666667,0.0
Lesotho,LS,Mohale's Hoek,L1LSO1726,1985,1.459634695,0.0,0.75,0.0
Lesotho,LS,Mohale's Hoek,L1LSO1726,1986,1.167071848,0.0,0.875,0.0
Lesotho,LS,Mohale's Hoek,L1LSO1726,1987,1.688258854,0.0,0.5,0.0
Lesotho,LS,Mohale's Hoek,L1LSO1726,1988,2.1584013410000003,0.0,0.055,0.0
Lesotho,LS,Mohale's Hoek,L1LSO1726,1989,1.399459183,0.0,0.5625,0.0
Lesotho,LS,Mohale's Hoek,L1LSO1726,1990,0.379677419,0.0,0.0,0.0
Lesotho,LS,Mohale's Hoek,L1LSO1726,1991,0.933976697,0.0,0.526315789,0.0
Lesotho,LS,Mohale's Hoek,L1LSO1726,1992,1.453258438,0.0,0.428571429,0.0
Lesotho,LS,Mohale's Hoek,L1LSO1726,1993,2.063936013,0.0,0.166666667,0.0
Lesotho,LS,Mohale's Hoek,L1LSO1726,1994,1.984627779,0.0,0.696302124,0.0
Lesotho,LS,Mohale's Hoek,L1LSO1726,1995,1.8450438090000003,0.0,0.4,0.0
Lesotho,LS,Mohale's Hoek,L1LSO1726,1996,2.886736072,0.0,0.901663051,0.0
Lesotho,LS,Mohale's Hoek,L1LSO1726,1997,0.709591689,0.0,0.975382003,0.0
Lesotho,LS,Mohale's Hoek,L1LSO1726,1998,4.735110577,0.0,0.997191011,0.0
Lesotho,LS,Mohale's Hoek,L1LSO1726,1999,2.9744568100000004,0.0,0.958666667,0.0
Lesotho,LS,Mohale's Hoek,L1LSO1726,2000,0.990210825,0.0,1.0,0.0
Lesotho,LS,Mohale's Hoek,L1LSO1726,2001,1.922156714,0.0,0.74639525,0.0
Lesotho,LS,Mohale's Hoek,L1LSO1726,2002,0.6426573329999999,0.0,0.185641769,0.0
Lesotho,LS,Mohale's Hoek,L1LSO1726,2003,3.060232701,0.0,1.0,0.0
Lesotho,LS,Mohale's Hoek,L1LSO1726,2004,1.978497531,0.0,0.951273533,0.0
Lesotho,LS,Mohale's Hoek,L1LSO1726,2005,1.114830804,0.0,0.785992218,0.0
Lesotho,LS,Mohale's Hoek,L1LSO1726,2006,1.124935843,0.0,0.714940422,0.0
Lesotho,LS,Mohale's Hoek,L1LSO1726,2007,0.61398412,0.0,0.931487398,0.0
Lesotho,LS,Mohale's Hoek,L1LSO1726,2008,0.487989812,0.0,0.214971978,0.0
Lesotho,LS,Mohale's Hoek,L1LSO1726,2009,1.1264356749999995,0.0,0.955145119,0.0
Lesotho,LS,Mohale's Hoek,L1LSO1726,2010,1.2668995070000002,0.0,0.913782991,0.0
Lesotho,LS,Mohale's Hoek,L1LSO1726,2011,1.267425218,0.0,0.042876902,0.0
Lesotho,LS,Mohale's Hoek,L1LSO1726,2012,1.450872836,0.0,0.689204764,0.0
Lesotho,LS,Mohale's Hoek,L1LSO1726,2013,1.707933844,0.0,0.616232097,0.0
Lesotho,LS,Mohale's Hoek,L1LSO1726,2014,1.7652264940000002,0.0,0.14004914,0.0
Lesotho,LS,Mohale's Hoek,L1LSO1726,2015,1.488534791,0.0,0.243450768,0.0
Lesotho,LS,Mohale's Hoek,L1LSO1726,2016,1.148673451,0.0,0.155531216,0.0
Lesotho,LS,Mohale's Hoek,L1LSO1726,2017,3.3217381,0.0,0.0,0.0
Lesotho,LS,Mohale's Hoek,L1LSO1726,2018,0.986743183,0.0,0.0,0.0
Lesotho,LS,Mohale's Hoek,L1LSO1726,2019,0.846438012,0.0,0.368055556,0.0
Lesotho,LS,Mohale's Hoek,L1LSO1726,2020,0.80162767,0.0,0.588059701,0.0
Lesotho,LS,Mohale's Hoek,L1LSO1726,2021,0.788797039,0.0,0.432432432,0.0
Lesotho,LS,Mokhotlong,L1LSO1727,1982,1.1660052909999998,0.0,0.333333333,0.0
Lesotho,LS,Mokhotlong,L1LSO1727,1983,1.297270115,0.0,0.5,0.0
Lesotho,LS,Mokhotlong,L1LSO1727,1984,2.275149666,0.0,1.0,0.0
Lesotho,LS,Mokhotlong,L1LSO1727,1985,1.169606731,0.0,0.0,0.0
Lesotho,LS,Mokhotlong,L1LSO1727,1986,1.692685905,0.0,0.666666667,0.0
Lesotho,LS,Mokhotlong,L1LSO1727,1987,1.396911422,0.0,1.0,0.0
Lesotho,LS,Mokhotlong,L1LSO1727,1988,2.302413793,0.0,1.0,0.0
Lesotho,LS,Mokhotlong,L1LSO1727,1989,3.340357143,0.0,1.0,0.0
Lesotho,LS,Mokhotlong,L1LSO1727,1990,0.787011956,0.0,1.0,0.0
Lesotho,LS,Mokhotlong,L1LSO1727,1991,1.122064999,0.0,1.0,0.0
Lesotho,LS,Mokhotlong,L1LSO1727,1992,1.377680555,0.0,0.5,0.0
Lesotho,LS,Mokhotlong,L1LSO1727,1993,2.688442176,0.0,0.079710145,0.0
Lesotho,LS,Mokhotlong,L1LSO1727,1994,1.962542411,0.0,0.941747573,0.0
Lesotho,LS,Mokhotlong,L1LSO1727,1995,1.373018993,0.0,0.991304348,0.0
Lesotho,LS,Mokhotlong,L1LSO1727,1996,3.497888745,0.0,1.0,0.0
Lesotho,LS,Mokhotlong,L1LSO1727,1997,1.693927612,0.0,0.886178862,0.0
Lesotho,LS,Mokhotlong,L1LSO1727,1998,3.710165059,0.0,1.0,0.0
Lesotho,LS,Mokhotlong,L1LSO1727,1999,2.399765917,0.0,0.994490358,0.0
Lesotho,LS,Mokhotlong,L1LSO1727,2000,0.996747335,0.0,0.973305955,0.0
Lesotho,LS,Mokhotlong,L1LSO1727,2001,2.350928989,0.0,0.857575758,0.0
Lesotho,LS,Mokhotlong,L1LSO1727,2002,2.247321836,0.0,0.990088106,0.0
Lesotho,LS,Mokhotlong,L1LSO1727,2003,1.392831601,0.0,1.0,0.0
Lesotho,LS,Mokhotlong,L1LSO1727,2004,1.225647435,0.0,1.0,0.0
Lesotho,LS,Mokhotlong,L1LSO1727,2005,1.829974026,0.0,1.0,0.0
Lesotho,LS,Mokhotlong,L1LSO1727,2006,1.057728576,0.0,1.0,0.0
Lesotho,LS,Mokhotlong,L1LSO1727,2007,0.799772238,0.0,1.156140351,0.0
Lesotho,LS,Mokhotlong,L1LSO1727,2008,0.6471652450000001,0.0,0.29991357,0.0
Lesotho,LS,Mokhotlong,L1LSO1727,2009,1.601324678,0.0,0.983306836,0.0
Lesotho,LS,Mokhotlong,L1LSO1727,2010,4.7194071310000005,0.0,1.0,0.0
Lesotho,LS,Mokhotlong,L1LSO1727,2011,2.807208706,0.0,0.267784847,0.0
Lesotho,LS,Mokhotlong,L1LSO1727,2012,1.837922212,0.0,1.048537234,0.0
Lesotho,LS,Mokhotlong,L1LSO1727,2013,3.586651923,0.0,0.883040936,0.0
Lesotho,LS,Mokhotlong,L1LSO1727,2014,2.217267724,0.0,0.122189638,0.0
Lesotho,LS,Mokhotlong,L1LSO1727,2015,2.961043534,0.0,0.844467641,0.0
Lesotho,LS,Mokhotlong,L1LSO1727,2016,0.827145222,0.0,0.27826087,0.0
Lesotho,LS,Mokhotlong,L1LSO1727,2017,3.94596266,0.0,0.0,0.0
Lesotho,LS,Mokhotlong,L1LSO1727,2018,1.737068095,0.0,0.0,0.0
Lesotho,LS,Qacha's Nek,L1LSO1728,1982,2.011363636,0.0,1.0,0.0
Lesotho,LS,Qacha's Nek,L1LSO1728,1983,0.791620879,0.0,1.0,0.0
Lesotho,LS,Qacha's Nek,L1LSO1728,1984,0.96675,0.0,0.333333333,0.0
Lesotho,LS,Qacha's Nek,L1LSO1728,1985,2.771391942,0.0,1.0,0.0
Lesotho,LS,Qacha's Nek,L1LSO1728,1986,1.739681818,0.0,0.666666667,0.0
Lesotho,LS,Qacha's Nek,L1LSO1728,1987,1.524010101,0.0,0.5,0.0
Lesotho,LS,Qacha's Nek,L1LSO1728,1988,0.971961538,0.0,0.5,0.0
Lesotho,LS,Qacha's Nek,L1LSO1728,1989,1.913931372,0.0,0.666666667,0.0
Lesotho,LS,Qacha's Nek,L1LSO1728,1991,0.521709416,0.0,0.0,0.0
Lesotho,LS,Qacha's Nek,L1LSO1728,1992,1.2915931390000002,0.0,0.0,0.0
Lesotho,LS,Qacha's Nek,L1LSO1728,1993,0.957617363,0.0,1.0,0.0
Lesotho,LS,Qacha's Nek,L1LSO1728,1994,1.618514079,0.0,0.0,0.0
Lesotho,LS,Qacha's Nek,L1LSO1728,1995,0.6483358969999999,0.0,0.030769231,0.0
Lesotho,LS,Qacha's Nek,L1LSO1728,1996,1.229740236,0.0,1.0,0.0
Lesotho,LS,Qacha's Nek,L1LSO1728,1997,2.487008711,0.0,0.586666667,0.0
Lesotho,LS,Qacha's Nek,L1LSO1728,1998,1.842140745,0.0,0.488505747,0.0
Lesotho,LS,Qacha's Nek,L1LSO1728,1999,1.4120759740000002,0.0,0.986263736,0.0
Lesotho,LS,Qacha's Nek,L1LSO1728,2000,1.313869186,0.0,0.976608187,0.0
Lesotho,LS,Qacha's Nek,L1LSO1728,2001,2.389328683,0.0,0.674772036,0.0
Lesotho,LS,Qacha's Nek,L1LSO1728,2002,2.7188467320000003,0.0,0.785294118,0.0
Lesotho,LS,Qacha's Nek,L1LSO1728,2003,0.557016027,0.0,0.976047904,0.0
Lesotho,LS,Qacha's Nek,L1LSO1728,2004,1.928567927,0.0,1.0,0.0
Lesotho,LS,Qacha's Nek,L1LSO1728,2005,1.911766526,0.0,1.0,0.0
Lesotho,LS,Qacha's Nek,L1LSO1728,2006,0.775183618,0.0,1.0,0.0
Lesotho,LS,Qacha's Nek,L1LSO1728,2007,0.231326013,0.0,0.993421053,0.0
Lesotho,LS,Qacha's Nek,L1LSO1728,2008,1.022224474,0.0,0.385714286,0.0
Lesotho,LS,Qacha's Nek,L1LSO1728,2009,1.025554876,0.0,0.852601156,0.0
Lesotho,LS,Qacha's Nek,L1LSO1728,2010,3.251617065,0.0,0.961370262,0.0
Lesotho,LS,Qacha's Nek,L1LSO1728,2011,1.607714461,0.0,0.356358941,0.0
Lesotho,LS,Qacha's Nek,L1LSO1728,2012,0.571916919,0.0,1.084556254,0.0
Lesotho,LS,Qacha's Nek,L1LSO1728,2013,2.59792042,0.0,0.276811594,0.0
Lesotho,LS,Qacha's Nek,L1LSO1728,2014,1.557126392,0.0,0.233793836,0.0
Lesotho,LS,Qacha's Nek,L1LSO1728,2015,0.68105913,0.0,0.100208768,0.0
Lesotho,LS,Qacha's Nek,L1LSO1728,2016,0.367373381,0.0,0.081081081,0.0
Lesotho,LS,Qacha's Nek,L1LSO1728,2017,1.843238395,0.0,0.0,0.0
Lesotho,LS,Qacha's Nek,L1LSO1728,2018,5.429748982,0.0,0.0,0.0
Lesotho,LS,Quthing,L1LSO1729,1982,1.615656565,0.0,0.818181818,0.0
Lesotho,LS,Quthing,L1LSO1729,1983,0.8120313429999999,0.0,0.428571429,0.0
Lesotho,LS,Quthing,L1LSO1729,1984,1.314354451,0.0,0.714285714,0.0
Lesotho,LS,Quthing,L1LSO1729,1985,0.964695261,0.0,0.666666667,0.0
Lesotho,LS,Quthing,L1LSO1729,1986,1.235355556,0.0,0.857142857,0.0
Lesotho,LS,Quthing,L1LSO1729,1987,1.841725179,0.0,0.6,0.0
Lesotho,LS,Quthing,L1LSO1729,1988,2.088665431,0.0,0.555555556,0.0
Lesotho,LS,Quthing,L1LSO1729,1989,2.048092469,0.0,0.571428571,0.0
Lesotho,LS,Quthing,L1LSO1729,1990,2.1909620810000003,0.0,0.5,0.0
Lesotho,LS,Quthing,L1LSO1729,1991,1.291642857,0.0,0.857142857,0.0
Lesotho,LS,Quthing,L1LSO1729,1992,1.199707793,0.0,0.428571429,0.0
Lesotho,LS,Quthing,L1LSO1729,1993,0.986081987,0.0,0.859060403,0.0
Lesotho,LS,Quthing,L1LSO1729,1994,2.292408677,0.0,1.0,0.0
Lesotho,LS,Quthing,L1LSO1729,1995,1.450554963,0.0,1.0,0.0
Lesotho,LS,Quthing,L1LSO1729,1996,2.9641446150000004,0.0,0.851415094,0.0
Lesotho,LS,Quthing,L1LSO1729,1997,1.686760964,0.0,0.951515152,0.0
Lesotho,LS,Quthing,L1LSO1729,1998,3.006885602,0.0,0.561174551,0.0
Lesotho,LS,Quthing,L1LSO1729,1999,2.361210598,0.0,0.922077922,0.0
Lesotho,LS,Quthing,L1LSO1729,2000,2.975833493,0.0,1.0,0.0
Lesotho,LS,Quthing,L1LSO1729,2001,2.865269265,0.0,0.952447552,0.0
Lesotho,LS,Quthing,L1LSO1729,2002,1.066622958,0.0,0.751434034,0.0
Lesotho,LS,Quthing,L1LSO1729,2003,2.173567375,0.0,0.740847784,0.0
Lesotho,LS,Quthing,L1LSO1729,2004,1.308692572,0.0,0.805580558,0.0
Lesotho,LS,Quthing,L1LSO1729,2005,1.002392246,0.0,1.0,0.0
Lesotho,LS,Quthing,L1LSO1729,2006,1.02152233,0.0,0.93006993,0.0
Lesotho,LS,Quthing,L1LSO1729,2007,0.631412372,0.0,0.709732989,0.0
Lesotho,LS,Quthing,L1LSO1729,2008,0.750650295,0.0,0.466225166,0.0
Lesotho,LS,Quthing,L1LSO1729,2009,1.5520812679999998,0.0,0.911575563,0.0
Lesotho,LS,Quthing,L1LSO1729,2010,1.695613982,0.0,0.661221315,0.0
Lesotho,LS,Quthing,L1LSO1729,2011,2.483850867,0.0,0.14013346,0.0
Lesotho,LS,Quthing,L1LSO1729,2012,1.193291038,0.0,0.704121965,0.0
Lesotho,LS,Quthing,L1LSO1729,2013,1.758973515,0.0,0.561366512,0.0
Lesotho,LS,Quthing,L1LSO1729,2014,1.247713775,0.0,0.128349788,0.0
Lesotho,LS,Quthing,L1LSO1729,2015,1.940689032,0.0,0.072472982,0.0
Lesotho,LS,Quthing,L1LSO1729,2016,0.3207600869999999,0.0,0.041878173,0.0
Lesotho,LS,Quthing,L1LSO1729,2017,2.364026321,0.0,0.0,0.0
Lesotho,LS,Quthing,L1LSO1729,2018,0.780785992,0.0,0.0,0.0
Lesotho,LS,Thaba Tseka,L1LSO1730,1982,1.011720022,0.0,0.666666667,0.0
Lesotho,LS,Thaba Tseka,L1LSO1730,1983,0.921034323,0.0,0.5,0.0
Lesotho,LS,Thaba Tseka,L1LSO1730,1984,2.229825043,0.0,1.0,0.0
Lesotho,LS,Thaba Tseka,L1LSO1730,1985,0.90209127,0.0,0.0,0.0
Lesotho,LS,Thaba Tseka,L1LSO1730,1986,1.601007752,0.0,0.0,0.0
Lesotho,LS,Thaba Tseka,L1LSO1730,1987,1.727837773,0.0,0.6,0.0
Lesotho,LS,Thaba Tseka,L1LSO1730,1988,1.915712936,0.0,0.625,0.0
Lesotho,LS,Thaba Tseka,L1LSO1730,1989,1.414439038,0.0,0.666666667,0.0
Lesotho,LS,Thaba Tseka,L1LSO1730,1990,2.108586405,0.0,0.75,0.0
Lesotho,LS,Thaba Tseka,L1LSO1730,1991,0.801667696,0.0,0.0,0.0
Lesotho,LS,Thaba Tseka,L1LSO1730,1992,1.355929911,0.0,0.4,0.0
Lesotho,LS,Thaba Tseka,L1LSO1730,1993,1.48739108,0.0,0.847736626,0.0
Lesotho,LS,Thaba Tseka,L1LSO1730,1994,2.616114293,0.0,0.779816514,0.0
Lesotho,LS,Thaba Tseka,L1LSO1730,1995,2.2634427240000004,0.0,0.772727273,0.0
Lesotho,LS,Thaba Tseka,L1LSO1730,1996,4.414398715,0.0,0.6171875,0.0
Lesotho,LS,Thaba Tseka,L1LSO1730,1997,2.685334864,0.0,0.993442623,0.0
Lesotho,LS,Thaba Tseka,L1LSO1730,1998,4.268536537,0.0,0.99702381,0.0
Lesotho,LS,Thaba Tseka,L1LSO1730,1999,2.876094701,0.0,1.0,0.0
Lesotho,LS,Thaba Tseka,L1LSO1730,2000,2.271874618,0.0,1.0,0.0
Lesotho,LS,Thaba Tseka,L1LSO1730,2001,3.661977219,0.0,0.853564547,0.0
Lesotho,LS,Thaba Tseka,L1LSO1730,2002,1.8464773,0.0,0.924460432,0.0
Lesotho,LS,Thaba Tseka,L1LSO1730,2003,2.226733716,0.0,0.922382671,0.0
Lesotho,LS,Thaba Tseka,L1LSO1730,2004,2.281061268,0.0,1.0,0.0
Lesotho,LS,Thaba Tseka,L1LSO1730,2005,2.177301626,0.0,0.325562701,0.0
Lesotho,LS,Thaba Tseka,L1LSO1730,2006,2.035459309,0.0,1.0,0.0
Lesotho,LS,Thaba Tseka,L1LSO1730,2007,0.7651777790000001,0.0,0.850677789,0.0
Lesotho,LS,Thaba Tseka,L1LSO1730,2008,0.418287341,0.0,0.007633588,0.0
Lesotho,LS,Thaba Tseka,L1LSO1730,2009,1.234302837,0.0,1.0,0.0
Lesotho,LS,Thaba Tseka,L1LSO1730,2010,2.4066857930000003,0.0,0.977011494,0.0
Lesotho,LS,Thaba Tseka,L1LSO1730,2011,2.626149442,0.0,0.300530348,0.0
Lesotho,LS,Thaba Tseka,L1LSO1730,2012,1.572575697,0.0,0.758507853,0.0
Lesotho,LS,Thaba Tseka,L1LSO1730,2013,2.490297315,0.0,0.371312898,0.0
Lesotho,LS,Thaba Tseka,L1LSO1730,2014,1.521078202,0.0,0.103098592,0.0
Lesotho,LS,Thaba Tseka,L1LSO1730,2015,1.44251529,0.0,0.080597015,0.0
Lesotho,LS,Thaba Tseka,L1LSO1730,2016,0.756047964,0.0,0.072463768,0.0
Lesotho,LS,Thaba Tseka,L1LSO1730,2017,2.611273556,0.0,0.0,0.0
Lesotho,LS,Thaba Tseka,L1LSO1730,2018,1.1084981699999998,0.0,0.0,0.0
Lesotho,LSO,Berea,L1LSO1721,1997,0.791550464,0.0,0.0,0.0
Lesotho,LSO,Maseru,L1LSO1725,1997,0.467934377,0.0,0.0,0.0
Lesotho,LSO,Mokhotlong,L1LSO1727,1997,1.532386126,0.0,0.0,0.0
Lesotho,LSO,Quthing,L1LSO1729,1997,1.691310441,0.0,0.0,0.0
Lesotho,LSO,Thaba Tseka,L1LSO1730,1997,2.160645812,0.0,0.0,0.0
Lesotho,LSO,Mohale's Hoek,L1LSO1726,1990,1.7207509879999998,0.0,0.866666667,0.0
Lesotho,LSO,Mohale's Hoek,L1LSO1726,1997,2.377317427,0.0,0.0,0.0
Lesotho,LSO,Qacha's Nek,L1LSO1728,1990,1.389438546,0.0,1.0,0.0
Lesotho,LSO,Qacha's Nek,L1LSO1728,1994,0.0,0.0,0.088105727,0.0
Mali,ML,Bamako,L1MLI1943,1974,1.406444906,0.0,0.0,0.0
Mali,ML,Bamako,L1MLI1943,1975,1.088823262,0.0,0.0,0.0
Mali,ML,Bamako,L1MLI1943,1976,1.211520302,0.0,0.0,0.0
Mali,ML,Bamako,L1MLI1943,1977,1.407382993,0.0,0.0,0.0
Mali,ML,Bamako,L1MLI1943,1978,2.791192768,0.0,0.0,0.0
Mali,ML,Bamako,L1MLI1943,1979,1.065958389,0.0,0.0,0.0
Mali,ML,Bamako,L1MLI1943,1980,1.175628381,0.0,0.0,0.0
Mali,ML,Bamako,L1MLI1943,1981,1.095976463,0.0,0.0,0.0
Mali,ML,Bamako,L1MLI1943,1983,7.460905872,0.0,0.743381596,0.0
Mali,ML,Bamako,L1MLI1943,1984,6.466240126000001,0.0,1.572674745,0.0
Mali,ML,Bamako,L1MLI1943,1985,6.667559257000001,0.0,2.951926107,0.0
Mali,ML,Bamako,L1MLI1943,1986,5.108710117999999,0.0,1.56815781,0.0
Mali,ML,Bamako,L1MLI1943,1987,4.347061062,0.0,1.106688565,0.0
Mali,ML,Bamako,L1MLI1943,1988,4.711744478,0.0,1.960574597,0.0
Mali,ML,Bamako,L1MLI1943,1989,4.044696312,0.0,1.975662272,0.0
Mali,ML,Bamako,L1MLI1943,1990,2.977145766,0.0,0.688369287,0.0
Mali,ML,Bamako,L1MLI1943,1991,5.583273514,0.0,1.181553678,0.0
Mali,ML,Bamako,L1MLI1943,1992,5.377224287000001,0.0,1.125751945,0.0
Mali,ML,Bamako,L1MLI1943,1993,4.272418693,0.0,1.503684709,0.0
Mali,ML,Bamako,L1MLI1943,1995,4.413510667,0.0,1.602744313,0.0
Mali,ML,Bamako,L1MLI1943,1996,5.385060573,0.0,1.14943229,0.0
Mali,ML,Bamako,L1MLI1943,1997,4.032505652999999,0.0,1.138146487,0.0
Mali,ML,Bamako,L1MLI1943,1998,6.004109591000001,0.0,0.335693877,0.0
Mali,ML,Bamako,L1MLI1943,1999,4.670073792,0.0,0.0,0.0
Mali,ML,Bamako,L1MLI1943,2000,4.045302442,0.0,1.179164898,0.0
Mali,ML,Bamako,L1MLI1943,2016,0.0,0.0,0.829411765,0.0
Mali,ML,Bamako,L1MLI1943,2017,0.0,0.0,1.264387983,0.0
Mali,ML,Bamako,L1MLI1943,2018,0.0,0.0,1.613050076,0.0
Mali,ML,Bamako,L1MLI1943,2019,0.0,0.0,1.153301071,0.0
Mali,ML,Bamako,L1MLI1943,2020,0.0,0.0,1.373555841,0.0
Mali,ML,Bamako,L1MLI1943,2022,8.034047628,0.0,0.0,0.0
Mali,ML,Gao,L1MLI1944,1975,0.556756757,0.0,0.0,0.0
Mali,ML,Gao,L1MLI1944,1982,1.4405049820000002,0.0,0.0,0.0
Mali,ML,Gao,L1MLI1944,1983,1.304196493,0.0,0.0,0.0
Mali,ML,Gao,L1MLI1944,1984,0.7882335819999999,0.0,0.0,0.0
Mali,ML,Gao,L1MLI1944,1985,1.32930976,0.0,0.0,0.0
Mali,ML,Gao,L1MLI1944,1986,0.660180341,0.0,0.0,0.0
Mali,ML,Gao,L1MLI1944,1987,1.868278554,0.0,0.0,0.0
Mali,ML,Gao,L1MLI1944,1988,1.217457749,0.0,0.0,0.0
Mali,ML,Gao,L1MLI1944,1989,0.967567568,0.0,0.0,0.0
Mali,ML,Gao,L1MLI1944,1990,0.517323867,0.0,0.0,0.0
Mali,ML,Gao,L1MLI1944,1991,2.033953743,0.0,0.0,0.0
Mali,ML,Gao,L1MLI1944,1992,2.865169805,0.0,0.0,0.0
Mali,ML,Gao,L1MLI1944,1993,1.847072534,0.0,0.0,0.0
Mali,ML,Gao,L1MLI1944,1995,1.1354994669999998,0.0,0.0,0.0
Mali,ML,Gao,L1MLI1944,1996,0.914059088,0.0,0.0,0.0
Mali,ML,Gao,L1MLI1944,1997,2.074953887,0.0,0.451797386,0.0
Mali,ML,Gao,L1MLI1944,1998,0.950984802,0.0,0.449871465,0.0
Mali,ML,Gao,L1MLI1944,1999,3.290081928,0.0,0.0,0.0
Mali,ML,Gao,L1MLI1944,2000,2.566269969,0.0,0.331428571,0.0
Mali,ML,Gao,L1MLI1944,2001,3.311621236,0.0,0.212997904,0.0
Mali,ML,Gao,L1MLI1944,2002,1.047875507,0.0,0.314935065,0.0
Mali,ML,Gao,L1MLI1944,2003,0.852631579,0.0,0.471848892,0.0
Mali,ML,Gao,L1MLI1944,2004,2.113548015,0.0,0.175,0.0
Mali,ML,Gao,L1MLI1944,2005,1.510637548,0.0,0.184531886,0.0
Mali,ML,Gao,L1MLI1944,2006,2.65410097,0.0,0.400169563,0.0
Mali,ML,Gao,L1MLI1944,2007,0.0,0.0,0.400275103,0.0
Mali,ML,Gao,L1MLI1944,2008,2.280544982,0.0,0.414634146,0.0
Mali,ML,Gao,L1MLI1944,2009,1.659226194,0.0,0.441301273,0.0
Mali,ML,Gao,L1MLI1944,2010,0.0,0.0,0.434252386,0.0
Mali,ML,Gao,L1MLI1944,2011,1.54422236,0.0,0.419919246,0.0
Mali,ML,Gao,L1MLI1944,2012,0.100756556,0.0,0.325,0.0
Mali,ML,Gao,L1MLI1944,2013,5.743383958,0.0,0.429054054,0.0
Mali,ML,Gao,L1MLI1944,2014,6.433122345000001,0.0,0.377631579,0.0
Mali,ML,Gao,L1MLI1944,2015,7.426942844,0.0,0.385930233,0.0
Mali,ML,Gao,L1MLI1944,2016,7.757810211,0.0,0.431799163,0.0
Mali,ML,Gao,L1MLI1944,2017,3.830346271,0.0,0.377631579,0.0
Mali,ML,Gao,L1MLI1944,2018,10.032681051,0.0,0.377033674,0.0
Mali,ML,Gao,L1MLI1944,2019,3.07201,0.0,0.319113878,0.0
Mali,ML,Gao,L1MLI1944,2020,3.209935648,0.0,0.373991935,0.0
Mali,ML,Gao,L1MLI1944,2021,2.832582521,0.0,0.3789,0.0
Mali,ML,Gao,L1MLI1944,2022,3.229744018,0.0,0.0,0.0
Mali,ML,Kayes,L1MLI1945,1974,0.909980913,0.0,0.0,0.0
Mali,ML,Kayes,L1MLI1945,1975,0.660698613,0.0,0.0,0.0
Mali,ML,Kayes,L1MLI1945,1976,1.368054146,0.0,0.0,0.0
Mali,ML,Kayes,L1MLI1945,1977,0.769522101,0.0,0.0,0.0
Mali,ML,Kayes,L1MLI1945,1978,0.754066986,0.0,0.0,0.0
Mali,ML,Kayes,L1MLI1945,1979,0.83999299,0.0,0.0,0.0
Mali,ML,Kayes,L1MLI1945,1980,0.251158798,0.0,0.0,0.0
Mali,ML,Kayes,L1MLI1945,1981,0.972532189,0.0,0.0,0.0
Mali,ML,Kayes,L1MLI1945,1982,4.459661508999999,0.0,1.077226038,0.0
Mali,ML,Kayes,L1MLI1945,1983,3.224659049,0.0,0.681997299,0.0
Mali,ML,Kayes,L1MLI1945,1984,3.533712464,0.0,0.708108545,0.0
Mali,ML,Kayes,L1MLI1945,1985,2.477463922,0.0,1.139367191,0.0
Mali,ML,Kayes,L1MLI1945,1986,2.620289031,0.0,1.596318376,0.0
Mali,ML,Kayes,L1MLI1945,1987,6.282738564,0.0,0.730690781,0.0
Mali,ML,Kayes,L1MLI1945,1988,4.926087651,0.0,1.001944794,0.0
Mali,ML,Kayes,L1MLI1945,1989,3.016924806,0.0,1.245741205,0.0
Mali,ML,Kayes,L1MLI1945,1990,1.314000224,1.176470588,0.490876017,0.0
Mali,ML,Kayes,L1MLI1945,1991,2.58735515,0.0,1.01501925,0.0
Mali,ML,Kayes,L1MLI1945,1992,5.213028345,0.0,1.006376362,0.0
Mali,ML,Kayes,L1MLI1945,1993,4.523724151,2.356643357,0.380692704,0.0
Mali,ML,Kayes,L1MLI1945,1994,2.984684542,0.0,1.461658355,1.184313725
Mali,ML,Kayes,L1MLI1945,1995,2.940456835,0.0,1.578116905,0.834712528
Mali,ML,Kayes,L1MLI1945,1996,5.529544347,4.761904762,1.492536542,0.921135647
Mali,ML,Kayes,L1MLI1945,1997,2.813554632,0.0,1.342858786,1.284052052
Mali,ML,Kayes,L1MLI1945,1998,3.636389671,0.0,1.112155079,0.0
Mali,ML,Kayes,L1MLI1945,1999,4.567306384,0.0,0.0,0.0
Mali,ML,Kayes,L1MLI1945,2000,4.394049729000001,0.0,1.58304974,0.916959686
Mali,ML,Kayes,L1MLI1945,2001,3.757470476,0.0,1.020747645,1.048228518
Mali,ML,Kayes,L1MLI1945,2002,2.655022951,0.0,0.746970415,1.084035422
Mali,ML,Kayes,L1MLI1945,2003,1.455558228,0.0,1.199148297,0.898436222
Mali,ML,Kayes,L1MLI1945,2004,2.443515079,0.0,1.072880024,0.986258039
Mali,ML,Kayes,L1MLI1945,2005,4.248024987,0.0,1.388052264,1.124720286
Mali,ML,Kayes,L1MLI1945,2006,4.115470139,0.0,1.743443293,0.97601937
Mali,ML,Kayes,L1MLI1945,2007,0.596900805,0.0,1.203530435,0.703430962
Mali,ML,Kayes,L1MLI1945,2008,4.352570278,0.0,1.537608053,1.075381813
Mali,ML,Kayes,L1MLI1945,2009,1.655194941,0.0,1.369421034,0.703148884
Mali,ML,Kayes,L1MLI1945,2010,8.786155609,0.0,1.302636093,0.869783102
Mali,ML,Kayes,L1MLI1945,2011,1.733482059,0.0,1.264049485,0.861588772
Mali,ML,Kayes,L1MLI1945,2012,5.567358201,0.0,1.406679055,0.922375509
Mali,ML,Kayes,L1MLI1945,2013,5.311022619,8.266666667,2.241392139,0.921052632
Mali,ML,Kayes,L1MLI1945,2014,1.0,0.0,1.748,0.921553734
Mali,ML,Kayes,L1MLI1945,2015,6.797512296,0.0,1.839334622,0.819733838
Mali,ML,Kayes,L1MLI1945,2016,6.726913973,0.0,1.400865787,0.953414877
Mali,ML,Kayes,L1MLI1945,2017,8.674395971000001,0.0,1.209066156,0.99197308
Mali,ML,Kayes,L1MLI1945,2018,8.575290466,0.0,1.417876283,0.0
Mali,ML,Kayes,L1MLI1945,2019,7.686266283,0.0,1.291422516,1.013789846
Mali,ML,Kayes,L1MLI1945,2020,8.125001866,0.0,1.435945798,1.024735988
Mali,ML,Kayes,L1MLI1945,2021,5.899052783,0.0,2.24238977,1.053918092
Mali,ML,Kayes,L1MLI1945,2022,6.640405170999999,0.0,0.0,0.0
Mali,ML,Kidal,L1MLI1946,2018,0.0,0.0,0.3,0.0
Mali,ML,Koulikoro,L1MLI1947,1974,1.406444906,0.0,0.0,0.0
Mali,ML,Koulikoro,L1MLI1947,1975,1.088823262,0.0,0.0,0.0
Mali,ML,Koulikoro,L1MLI1947,1976,1.211520302,0.0,0.0,0.0
Mali,ML,Koulikoro,L1MLI1947,1977,1.407382993,0.0,0.0,0.0
Mali,ML,Koulikoro,L1MLI1947,1978,2.791192768,0.0,0.0,0.0
Mali,ML,Koulikoro,L1MLI1947,1979,1.065958389,0.0,0.0,0.0
Mali,ML,Koulikoro,L1MLI1947,1980,1.175628381,0.0,0.0,0.0
Mali,ML,Koulikoro,L1MLI1947,1981,1.095976463,0.0,0.0,0.0
Mali,ML,Koulikoro,L1MLI1947,1983,7.460905872,0.0,0.743381596,0.91952424
Mali,ML,Koulikoro,L1MLI1947,1984,2.756220977,0.0,0.951681191,1.54951042
Mali,ML,Koulikoro,L1MLI1947,1985,5.042894816,0.0,2.972812592,1.361794933
Mali,ML,Koulikoro,L1MLI1947,1986,4.163904923,0.0,1.117677587,1.592991724
Mali,ML,Koulikoro,L1MLI1947,1987,3.722599855,0.0,0.952350626,1.773037781
Mali,ML,Koulikoro,L1MLI1947,1988,3.706931542,0.0,1.257788838,1.181650161
Mali,ML,Koulikoro,L1MLI1947,1989,3.893216002,0.0,1.942341061,1.27362798
Mali,ML,Koulikoro,L1MLI1947,1990,1.984796692,0.0,0.675569584,1.036782364
Mali,ML,Koulikoro,L1MLI1947,1991,2.393631906,0.0,1.181553678,2.372244811
Mali,ML,Koulikoro,L1MLI1947,1992,2.18684358,0.0,0.599105334,2.372244811
Mali,ML,Koulikoro,L1MLI1947,1993,0.848689378,0.0,1.384136035,1.787528464
Mali,ML,Koulikoro,L1MLI1947,1995,0.0,0.0,0.857903913,1.178239764
Mali,ML,Koulikoro,L1MLI1947,1996,0.0,0.0,0.0,1.003175968
Mali,ML,Koulikoro,L1MLI1947,1997,0.0,0.0,0.675539277,1.011544317
Mali,ML,Koulikoro,L1MLI1947,1998,6.004109591000001,0.0,0.784936479,0.0
Mali,ML,Koulikoro,L1MLI1947,1999,4.670073792,0.0,0.0,0.0
Mali,ML,Koulikoro,L1MLI1947,2000,4.045302442,0.0,1.174344812,0.832042093
Mali,ML,Koulikoro,L1MLI1947,2001,3.022617785,1.680203046,0.976685274,0.948939073
Mali,ML,Koulikoro,L1MLI1947,2002,3.2921815160000003,0.0,0.8852317829999999,0.827514361
Mali,ML,Koulikoro,L1MLI1947,2003,3.756281641,0.0,1.44995071,0.992983645
Mali,ML,Koulikoro,L1MLI1947,2004,1.911934464,0.0,0.914677792,0.970033845
Mali,ML,Koulikoro,L1MLI1947,2005,5.990562489,0.0,1.407533549,0.916769129
Mali,ML,Koulikoro,L1MLI1947,2006,2.898372551,0.0,1.046820394,0.834266668
Mali,ML,Koulikoro,L1MLI1947,2007,5.159895712,0.0,1.43555726,0.792844564
Mali,ML,Koulikoro,L1MLI1947,2008,6.893012734999999,0.0,1.19410237,0.853401958
Mali,ML,Koulikoro,L1MLI1947,2009,2.983111,0.0,1.247792531,0.901730555
Mali,ML,Koulikoro,L1MLI1947,2010,5.682801483,0.0,1.191567764,0.76836775
Mali,ML,Koulikoro,L1MLI1947,2011,5.144500491,0.0,1.635305744,0.820548014
Mali,ML,Koulikoro,L1MLI1947,2012,4.914824771999999,0.0,1.149617478,0.723093465
Mali,ML,Koulikoro,L1MLI1947,2013,8.110788211,10.37820513,2.893916021,0.910497238
Mali,ML,Koulikoro,L1MLI1947,2014,1.0,0.0,3.186219551,0.909198167
Mali,ML,Koulikoro,L1MLI1947,2015,6.910892207,0.0,1.594503906,0.896694292
Mali,ML,Koulikoro,L1MLI1947,2016,4.476906393,0.0,1.572225482,0.962
Mali,ML,Koulikoro,L1MLI1947,2017,9.005660789,0.0,2.018041101,0.943371675
Mali,ML,Koulikoro,L1MLI1947,2018,10.191539554,0.0,2.111761811,0.0
Mali,ML,Koulikoro,L1MLI1947,2019,7.7224141,0.0,1.058925538,0.933144848
Mali,ML,Koulikoro,L1MLI1947,2020,7.580420259,0.0,1.981507486,0.820891118
Mali,ML,Koulikoro,L1MLI1947,2021,6.541071241999999,0.0,1.557750057,1.057972056
Mali,ML,Koulikoro,L1MLI1947,2022,7.905155878,0.0,0.0,0.0
Mali,ML,Mopti,L1MLI1948,1974,0.669162696,0.0,0.0,0.0
Mali,ML,Mopti,L1MLI1948,1975,0.123006834,0.0,0.0,0.0
Mali,ML,Mopti,L1MLI1948,1976,0.510788199,0.0,0.0,0.0
Mali,ML,Mopti,L1MLI1948,1977,0.437810945,0.0,0.0,0.0
Mali,ML,Mopti,L1MLI1948,1979,0.671109823,0.0,0.0,0.0
Mali,ML,Mopti,L1MLI1948,1981,0.325003395,0.0,0.0,0.0
Mali,ML,Mopti,L1MLI1948,1982,2.461147577,0.0,0.304205189,0.0
Mali,ML,Mopti,L1MLI1948,1983,2.961669333,0.0,0.323733863,0.0
Mali,ML,Mopti,L1MLI1948,1984,1.254698984,0.0,0.979308907,0.0
Mali,ML,Mopti,L1MLI1948,1985,2.301243973,0.0,1.033215694,0.0
Mali,ML,Mopti,L1MLI1948,1986,2.4121120940000003,0.0,0.8672245409999999,0.0
Mali,ML,Mopti,L1MLI1948,1987,2.646549785,0.0,0.5274785120000001,0.0
Mali,ML,Mopti,L1MLI1948,1988,1.700893055,0.0,0.00381898,0.0
Mali,ML,Mopti,L1MLI1948,1989,2.109271756,0.0,0.736399716,0.0
Mali,ML,Mopti,L1MLI1948,1990,1.415590841,0.0,0.374354965,0.0
Mali,ML,Mopti,L1MLI1948,1991,2.0499081290000003,0.0,0.760849153,0.0
Mali,ML,Mopti,L1MLI1948,1992,2.8435929850000004,0.0,0.7768485780000001,0.0
Mali,ML,Mopti,L1MLI1948,1993,2.085574449,0.0,0.391128486,0.0
Mali,ML,Mopti,L1MLI1948,1995,2.615996004,0.0,1.08167555,0.0
Mali,ML,Mopti,L1MLI1948,1996,3.405222776,0.0,1.120906213,0.0
Mali,ML,Mopti,L1MLI1948,1997,1.805475335,0.0,0.7177091710000001,0.0
Mali,ML,Mopti,L1MLI1948,1998,3.702195779,0.0,0.931906782,0.0
Mali,ML,Mopti,L1MLI1948,1999,4.152042665,0.0,0.0,0.0
Mali,ML,Mopti,L1MLI1948,2000,2.899766432,0.0,0.84069829,0.0
Mali,ML,Mopti,L1MLI1948,2001,2.313504232,0.0,0.811904693,0.0
Mali,ML,Mopti,L1MLI1948,2002,0.351673284,0.0,0.6098644369999999,0.0
Mali,ML,Mopti,L1MLI1948,2003,3.269674261,0.0,1.180380277,0.0
Mali,ML,Mopti,L1MLI1948,2004,0.885428688,0.0,0.657976193,0.0
Mali,ML,Mopti,L1MLI1948,2005,2.4050324629999995,0.0,0.94449186,0.0
Mali,ML,Mopti,L1MLI1948,2006,1.277475704,0.0,0.788862329,0.0
Mali,ML,Mopti,L1MLI1948,2007,3.210284854,0.0,0.757937057,0.0
Mali,ML,Mopti,L1MLI1948,2008,2.409047395,0.0,1.136244643,0.0
Mali,ML,Mopti,L1MLI1948,2009,4.042862073,0.0,0.719521878,0.0
Mali,ML,Mopti,L1MLI1948,2010,0.570525337,0.0,0.867788582,0.0
Mali,ML,Mopti,L1MLI1948,2011,4.60090462,0.0,0.941411042,0.0
Mali,ML,Mopti,L1MLI1948,2012,1.928459366,0.0,1.011469407,0.0
Mali,ML,Mopti,L1MLI1948,2013,7.280208186,0.0,1.420700618,0.0
Mali,ML,Mopti,L1MLI1948,2014,1.467917676,0.0,1.1775038,0.0
Mali,ML,Mopti,L1MLI1948,2015,7.260380955,0.0,1.071317227,0.0
Mali,ML,Mopti,L1MLI1948,2016,9.311599264,0.0,1.134706323,0.0
Mali,ML,Mopti,L1MLI1948,2017,5.277807831,0.0,1.048731316,0.0
Mali,ML,Mopti,L1MLI1948,2018,6.359993519,0.0,1.312338778,0.0
Mali,ML,Mopti,L1MLI1948,2019,5.7664765,0.0,1.168622777,0.0
Mali,ML,Mopti,L1MLI1948,2020,5.586080282,0.0,1.172051914,0.0
Mali,ML,Mopti,L1MLI1948,2021,5.876442937,0.0,1.020161547,0.0
Mali,ML,Mopti,L1MLI1948,2022,5.831577724000001,0.0,0.0,0.0
Mali,ML,Segou,L1MLI1949,1974,0.914608463,0.0,0.0,0.0
Mali,ML,Segou,L1MLI1949,1975,0.775687914,0.0,0.0,0.0
Mali,ML,Segou,L1MLI1949,1976,2.873124147,0.0,0.0,0.0
Mali,ML,Segou,L1MLI1949,1977,1.441745864,0.0,0.0,0.0
Mali,ML,Segou,L1MLI1949,1978,1.554344865,0.0,0.0,0.0
Mali,ML,Segou,L1MLI1949,1979,0.934194529,0.0,0.0,0.0
Mali,ML,Segou,L1MLI1949,1980,0.874220532,0.0,0.0,0.0
Mali,ML,Segou,L1MLI1949,1981,1.016662522,0.0,0.0,0.0
Mali,ML,Segou,L1MLI1949,1982,7.019041845,0.0,1.037590896,0.563160118
Mali,ML,Segou,L1MLI1949,1983,4.301122649,0.0,0.466420118,0.917453401
Mali,ML,Segou,L1MLI1949,1984,2.342969769,0.0,0.476878496,55.561764937
Mali,ML,Segou,L1MLI1949,1985,5.654863782,0.0,0.973231286,59.061540498
Mali,ML,Segou,L1MLI1949,1986,6.824188335,1.836734694,1.106683272,64.369387331
Mali,ML,Segou,L1MLI1949,1987,4.878063906,0.0,0.654859964,78.613922676
Mali,ML,Segou,L1MLI1949,1988,6.226177332,2.330827068,0.873409855,77.001845032
Mali,ML,Segou,L1MLI1949,1989,6.29788783,0.0,0.768432355,66.591140247
Mali,ML,Segou,L1MLI1949,1990,5.445516799,4.722222222,1.079574577,0.39439941
Mali,ML,Segou,L1MLI1949,1991,2.193005971,0.0,0.525636017,6.516451604
Mali,ML,Segou,L1MLI1949,1992,5.969340041000001,0.0,0.617440918,0.584189034
Mali,ML,Segou,L1MLI1949,1993,6.754846251,0.0,0.857850479,5.806385347999999
Mali,ML,Segou,L1MLI1949,1995,5.970191349,0.0,0.797992316,74.454033645
Mali,ML,Segou,L1MLI1949,1996,7.554772129,0.0,1.090699129,64.818503833
Mali,ML,Segou,L1MLI1949,1997,3.832862225,0.0,0.921923184,77.631682616
Mali,ML,Segou,L1MLI1949,1998,4.8464633070000005,0.0,0.975624733,0.0
Mali,ML,Segou,L1MLI1949,1999,8.102658444000001,0.0,0.0,0.0
Mali,ML,Segou,L1MLI1949,2000,7.787975597000001,0.0,1.225167184,68.819996781
Mali,ML,Segou,L1MLI1949,2001,4.9781103390000006,0.0,0.999173938,69.483720681
Mali,ML,Segou,L1MLI1949,2002,2.198992541,0.0,0.64733945,70.639843143
Mali,ML,Segou,L1MLI1949,2003,5.4506874000000005,0.0,1.476439325,74.08959969600001
Mali,ML,Segou,L1MLI1949,2004,2.672703027,0.0,0.959178576,78.858609841
Mali,ML,Segou,L1MLI1949,2005,2.356186141,0.0,1.380536474,75.969875234
Mali,ML,Segou,L1MLI1949,2006,9.512062478,0.0,2.075432336,69.029158216
Mali,ML,Segou,L1MLI1949,2007,8.054935601,0.0,1.975468909,70.671838552
Mali,ML,Segou,L1MLI1949,2008,8.677060451,0.0,2.985608366,1.141945854
Mali,ML,Segou,L1MLI1949,2009,2.826392987,0.0,2.393772544,75.679329983
Mali,ML,Segou,L1MLI1949,2010,4.126042202,0.0,2.382523271,0.967825839
Mali,ML,Segou,L1MLI1949,2011,9.092960731,0.0,2.478713162,78.421000209
Mali,ML,Segou,L1MLI1949,2012,12.143651359,0.0,5.406683811,78.27144000999999
Mali,ML,Segou,L1MLI1949,2013,12.819806114,0.0,2.523808958,74.45389139800001
Mali,ML,Segou,L1MLI1949,2014,7.560012492,0.0,2.067795821,1.007015566
Mali,ML,Segou,L1MLI1949,2015,12.531949202,0.0,2.100024169,0.93271737
Mali,ML,Segou,L1MLI1949,2016,8.340982019,0.0,1.906537227,0.970132091
Mali,ML,Segou,L1MLI1949,2017,9.397463118,0.0,2.971854119,0.962028444
Mali,ML,Segou,L1MLI1949,2018,15.894159908,0.0,2.13788963,0.0
Mali,ML,Segou,L1MLI1949,2019,9.96361305,0.0,1.541075405,0.949344669
Mali,ML,Segou,L1MLI1949,2020,10.081746788,0.0,2.129438998,0.699971234
Mali,ML,Segou,L1MLI1949,2021,8.191736044,0.0,1.785436377,1.027832334
Mali,ML,Segou,L1MLI1949,2022,9.377422984,0.0,0.0,0.0
Mali,ML,Sikasso,L1MLI1950,1974,3.274149828,0.0,0.0,0.0
Mali,ML,Sikasso,L1MLI1950,1975,2.690951821,0.0,0.0,0.0
Mali,ML,Sikasso,L1MLI1950,1976,2.601395731,0.0,0.0,0.0
Mali,ML,Sikasso,L1MLI1950,1977,2.763884646,0.0,0.0,0.0
Mali,ML,Sikasso,L1MLI1950,1978,4.167320181,0.0,0.0,0.0
Mali,ML,Sikasso,L1MLI1950,1979,3.479737525,0.0,0.0,0.0
Mali,ML,Sikasso,L1MLI1950,1980,1.952126645,0.0,0.0,0.0
Mali,ML,Sikasso,L1MLI1950,1981,1.085778533,0.0,0.0,0.0
Mali,ML,Sikasso,L1MLI1950,1982,9.427413991,0.0,1.543843547,1.182159263
Mali,ML,Sikasso,L1MLI1950,1983,9.014947362,0.0,0.976650143,1.079845917
Mali,ML,Sikasso,L1MLI1950,1984,4.050638757000001,0.0,1.089989326,1.152072832
Mali,ML,Sikasso,L1MLI1950,1985,4.774827347,3.054383497,1.147652755,1.387443397
Mali,ML,Sikasso,L1MLI1950,1986,5.787723743999999,6.86761964,1.363621321,1.651602702
Mali,ML,Sikasso,L1MLI1950,1987,3.636172234,3.018280825,1.16313729,1.376484982
Mali,ML,Sikasso,L1MLI1950,1988,4.358455189000001,3.792071803,1.068466496,0.979860942
Mali,ML,Sikasso,L1MLI1950,1989,4.612443093,0.0,1.051352394,1.210623593
Mali,ML,Sikasso,L1MLI1950,1990,5.070783979,7.406545549,1.072239078,1.342486696
Mali,ML,Sikasso,L1MLI1950,1991,2.357370652,0.0,1.100416834,1.71986388
Mali,ML,Sikasso,L1MLI1950,1992,2.84452826,3.678220383,1.01111151,1.71986388
Mali,ML,Sikasso,L1MLI1950,1993,4.629228400000001,5.928379169,0.812212469,1.46387145
Mali,ML,Sikasso,L1MLI1950,1994,4.642661914,1.573611111,0.776671807,0.9246288
Mali,ML,Sikasso,L1MLI1950,1995,4.966636513,1.576388889,1.277038448,1.246422519
Mali,ML,Sikasso,L1MLI1950,1996,6.1263535220000005,0.0,1.4903661499999998,1.116700048
Mali,ML,Sikasso,L1MLI1950,1997,4.990359724,0.0,1.44782004,1.06300654
Mali,ML,Sikasso,L1MLI1950,1998,4.667532125,0.0,1.4486560229999998,0.0
Mali,ML,Sikasso,L1MLI1950,1999,6.017264548,0.0,0.0,0.0
Mali,ML,Sikasso,L1MLI1950,2000,6.013062461999999,0.0,1.641966507,1.109645013
Mali,ML,Sikasso,L1MLI1950,2001,4.1799831240000005,9.398550725,1.382655569,1.108269482
Mali,ML,Sikasso,L1MLI1950,2002,4.335866829,0.0,3.361750261,1.066980791
Mali,ML,Sikasso,L1MLI1950,2003,3.288129123,0.0,1.230227814,1.21003131
Mali,ML,Sikasso,L1MLI1950,2004,0.484361233,0.0,3.181354021,1.094332988
Mali,ML,Sikasso,L1MLI1950,2005,6.347041785,0.0,3.143041976,0.995044706
Mali,ML,Sikasso,L1MLI1950,2006,6.878218673999999,0.0,1.7867984,0.870372707
Mali,ML,Sikasso,L1MLI1950,2007,4.233981702,0.0,2.770529562,0.892545551
Mali,ML,Sikasso,L1MLI1950,2008,4.269193533,0.0,1.661419955,1.106251885
Mali,ML,Sikasso,L1MLI1950,2009,3.013451734,0.0,1.848602546,1.03299543
Mali,ML,Sikasso,L1MLI1950,2010,12.960079229,0.0,1.48674075,0.878457258
Mali,ML,Sikasso,L1MLI1950,2011,4.631217068,0.0,1.334143979,0.958485363
Mali,ML,Sikasso,L1MLI1950,2012,1.595192916,0.0,1.63280288,0.891165415
Mali,ML,Sikasso,L1MLI1950,2013,7.679064713000001,8.461081402,2.848658544,0.994590439
Mali,ML,Sikasso,L1MLI1950,2014,1.0,0.0,2.186398327,1.063420405
Mali,ML,Sikasso,L1MLI1950,2015,7.923978026,0.0,1.707714171,0.971540029
Mali,ML,Sikasso,L1MLI1950,2016,2.57348878,0.0,1.920921443,1.042
Mali,ML,Sikasso,L1MLI1950,2017,9.452501253,0.0,1.42262202,1.03791284
Mali,ML,Sikasso,L1MLI1950,2018,8.966695526999999,0.0,1.756235999,0.0
Mali,ML,Sikasso,L1MLI1950,2019,8.001404578,0.0,1.259847486,0.936581334
Mali,ML,Sikasso,L1MLI1950,2020,8.441169786,0.0,1.844321757,0.797580196
Mali,ML,Sikasso,L1MLI1950,2021,7.26422972,0.0,2.119363308,1.067645968
Mali,ML,Sikasso,L1MLI1950,2022,8.071581049,0.0,0.0,0.0
Mali,ML,Tombouctou,L1MLI1951,1983,0.854758681,0.0,0.0,0.0
Mali,ML,Tombouctou,L1MLI1951,1984,0.439417631,0.0,0.0,0.0
Mali,ML,Tombouctou,L1MLI1951,1985,2.334612942,0.0,0.0,0.0
Mali,ML,Tombouctou,L1MLI1951,1986,4.247023584000001,0.0,0.0,0.0
Mali,ML,Tombouctou,L1MLI1951,1987,3.351338183,0.0,0.0,0.0
Mali,ML,Tombouctou,L1MLI1951,1988,2.380369213,0.0,1.721994135,0.0
Mali,ML,Tombouctou,L1MLI1951,1989,0.705199547,0.0,0.041176471,0.0
Mali,ML,Tombouctou,L1MLI1951,1990,0.7747611240000001,0.0,0.473684211,0.0
Mali,ML,Tombouctou,L1MLI1951,1991,1.737713196,0.0,0.0,0.0
Mali,ML,Tombouctou,L1MLI1951,1992,2.103947746,0.0,0.0,0.0
Mali,ML,Tombouctou,L1MLI1951,1993,1.88000173,0.0,0.0,0.0
Mali,ML,Tombouctou,L1MLI1951,1994,3.090909091,0.0,0.0,0.0
Mali,ML,Tombouctou,L1MLI1951,1995,1.218768895,0.0,0.0,0.0
Mali,ML,Tombouctou,L1MLI1951,1996,4.918600904,0.0,0.20508744,0.0
Mali,ML,Tombouctou,L1MLI1951,1997,2.428750106,0.0,0.697416974,0.0
Mali,ML,Tombouctou,L1MLI1951,1998,8.216176498000001,0.0,0.0,0.0
Mali,ML,Tombouctou,L1MLI1951,1999,8.723634261,0.0,1.200252556,0.0
Mali,ML,Tombouctou,L1MLI1951,2000,8.986929202,0.0,0.459629101,0.0
Mali,ML,Tombouctou,L1MLI1951,2001,9.126811348,0.0,0.414136259,0.0
Mali,ML,Tombouctou,L1MLI1951,2002,1.906353135,0.0,0.44,0.0
Mali,ML,Tombouctou,L1MLI1951,2003,2.516793551,0.0,1.137503235,0.0
Mali,ML,Tombouctou,L1MLI1951,2004,2.609171598,0.0,0.624358975,0.0
Mali,ML,Tombouctou,L1MLI1951,2005,6.375519519,0.0,1.905053399,0.0
Mali,ML,Tombouctou,L1MLI1951,2006,6.388710357000001,0.0,0.997834945,0.0
Mali,ML,Tombouctou,L1MLI1951,2007,5.186794087,0.0,1.163737948,0.0
Mali,ML,Tombouctou,L1MLI1951,2008,6.239054775,0.0,1.190239833,0.0
Mali,ML,Tombouctou,L1MLI1951,2009,6.062815075,0.0,1.857836057,0.0
Mali,ML,Tombouctou,L1MLI1951,2010,9.028519938,0.0,1.473649284,0.0
Mali,ML,Tombouctou,L1MLI1951,2011,11.541119115,0.0,1.578314875,0.0
Mali,ML,Tombouctou,L1MLI1951,2012,7.669684358,0.0,1.07,0.0
Mali,ML,Tombouctou,L1MLI1951,2013,9.097740038,0.0,1.3089435310000002,0.0
Mali,ML,Tombouctou,L1MLI1951,2014,4.5,0.0,4.833140313,0.0
Mali,ML,Tombouctou,L1MLI1951,2015,14.395635709,0.0,0.857102727,0.0
Mali,ML,Tombouctou,L1MLI1951,2016,15.706298974,0.0,1.138205586,0.0
Mali,ML,Tombouctou,L1MLI1951,2017,15.101852727,0.0,1.041174539,0.0
Mali,ML,Tombouctou,L1MLI1951,2018,7.561697908999999,0.0,1.3940966540000002,0.0
Mali,ML,Tombouctou,L1MLI1951,2019,9.938323121,0.0,1.055508047,0.0
Mali,ML,Tombouctou,L1MLI1951,2020,13.08583337,0.0,1.3938683,0.0
Mali,ML,Tombouctou,L1MLI1951,2021,10.114524282,0.0,0.4800999999999999,0.0
Mali,ML,Tombouctou,L1MLI1951,2022,12.56965852,0.0,0.0,0.0
Mali,MLI,Bamako,L1MLI1943,2006,9.108999999999998,0.0,0.0,0.0
Mali,MLI,Gao,L1MLI1944,1987,1.16018275,0.0,0.0,0.0
Mali,MLI,Gao,L1MLI1944,1988,2.406050357,0.0,0.0,0.0
Mali,MLI,Gao,L1MLI1944,1989,1.323269302,0.0,0.0,0.0
Mali,MLI,Gao,L1MLI1944,1990,0.704733728,0.0,0.0,0.0
Mali,MLI,Gao,L1MLI1944,1994,3.111012587,0.0,0.0,0.0
Mali,MLI,Gao,L1MLI1944,1997,2.0,0.0,0.0,0.0
Mali,MLI,Gao,L1MLI1944,1998,0.612023937,0.0,0.0,0.0
Mali,MLI,Gao,L1MLI1944,2002,1.734,0.0,0.0,0.0
Mali,MLI,Gao,L1MLI1944,2003,1.383,0.0,0.0,0.0
Mali,MLI,Gao,L1MLI1944,2005,0.175,0.0,0.0,0.0
Mali,MLI,Gao,L1MLI1944,2006,0.666,0.0,0.0,0.0
Mali,MLI,Gao,L1MLI1944,2007,1.983,0.0,0.0,0.0
Mali,MLI,Gao,L1MLI1944,2008,1.21,0.0,0.0,0.0
Mali,MLI,Gao,L1MLI1944,2009,1.401,0.0,0.0,0.0
Mali,MLI,Gao,L1MLI1944,2010,9.062,0.0,0.0,0.0
Mali,MLI,Gao,L1MLI1944,2011,0.85,0.0,0.0,0.0
Mali,MLI,Gao,L1MLI1944,2012,0.452,0.0,0.0,0.0
Mali,MLI,Gao,L1MLI1944,2018,4.0,0.0,0.0,0.0
Mali,MLI,Kayes,L1MLI1945,1984,0.0,0.0,0.0,1.092105263
Mali,MLI,Kayes,L1MLI1945,1985,0.0,0.0,0.198640079,0.0
Mali,MLI,Kayes,L1MLI1945,1989,0.773468955,0.0,0.0,0.0
Mali,MLI,Kayes,L1MLI1945,1991,2.171317305,1.176470588,0.0,0.0
Mali,MLI,Kayes,L1MLI1945,1993,0.0,0.0,0.9491146,0.0
Mali,MLI,Kayes,L1MLI1945,1994,0.0,2.357043236,0.0,0.0
Mali,MLI,Kayes,L1MLI1945,1995,0.790542108,0.0,0.0,0.0
Mali,MLI,Kayes,L1MLI1945,1997,0.0,0.0,0.057304827,0.0
Mali,MLI,Kayes,L1MLI1945,1998,1.312189055,0.0,0.0,0.0
Mali,MLI,Kayes,L1MLI1945,2001,0.746,0.0,0.0,0.0
Mali,MLI,Kayes,L1MLI1945,2002,1.549,0.0,0.0,0.0
Mali,MLI,Kayes,L1MLI1945,2003,2.142,0.0,0.0,0.0
Mali,MLI,Kayes,L1MLI1945,2004,2.619,0.0,0.0,0.0
Mali,MLI,Kayes,L1MLI1945,2007,3.403,0.0,0.0,0.0
Mali,MLI,Kayes,L1MLI1945,2009,3.283,0.0,0.0,0.0
Mali,MLI,Kayes,L1MLI1945,2010,1.487,0.0,0.0,0.0
Mali,MLI,Kayes,L1MLI1945,2011,4.441999999999999,0.0,0.0,0.0
Mali,MLI,Kayes,L1MLI1945,2012,0.699,0.0,0.0,0.0
Mali,MLI,Kayes,L1MLI1945,2014,4.925567749,0.0,0.0,0.0
Mali,MLI,Kidal,L1MLI1946,1985,0.0,0.0,0.810776739,0.0
Mali,MLI,Kidal,L1MLI1946,2009,3.912,0.0,0.0,0.0
Mali,MLI,Koulikoro,L1MLI1947,1984,3.707929977,0.6615965020000001,0.451343124,1.106382979
Mali,MLI,Koulikoro,L1MLI1947,1985,1.624664441,0.0,0.0,0.0
Mali,MLI,Koulikoro,L1MLI1947,1986,0.948051948,0.0,0.450480223,0.0
Mali,MLI,Koulikoro,L1MLI1947,1987,0.998515219,0.0,0.080667214,0.0
Mali,MLI,Koulikoro,L1MLI1947,1988,1.005781036,0.0,0.586709597,0.0
Mali,MLI,Koulikoro,L1MLI1947,1989,0.598878695,0.0,0.0,0.0
Mali,MLI,Koulikoro,L1MLI1947,1990,0.750045183,0.0,0.0,0.0
Mali,MLI,Koulikoro,L1MLI1947,1991,2.792053463,0.0,0.0,0.0
Mali,MLI,Koulikoro,L1MLI1947,1992,2.094209982,0.0,0.486454042,0.0
Mali,MLI,Koulikoro,L1MLI1947,1993,3.424900002,0.0,0.0,0.0
Mali,MLI,Koulikoro,L1MLI1947,1994,3.789384371,0.0,0.7950104379999999,1.086403982
Mali,MLI,Koulikoro,L1MLI1947,1995,4.413510667,0.0,0.709116077,0.0
Mali,MLI,Koulikoro,L1MLI1947,1996,5.385060573,0.0,1.14943229,0.0
Mali,MLI,Koulikoro,L1MLI1947,1997,4.032505652999999,0.0,0.450203908,0.0
Mali,MLI,Koulikoro,L1MLI1947,1998,0.0,0.0,0.335693877,0.0
Mali,MLI,Koulikoro,L1MLI1947,2001,1.498,0.0,0.0,0.0
Mali,MLI,Koulikoro,L1MLI1947,2002,1.492,0.0,0.0,0.0
Mali,MLI,Koulikoro,L1MLI1947,2003,0.716,0.0,0.0,0.0
Mali,MLI,Koulikoro,L1MLI1947,2004,2.682,0.0,0.0,0.0
Mali,MLI,Koulikoro,L1MLI1947,2006,2.703,0.0,0.0,0.0
Mali,MLI,Koulikoro,L1MLI1947,2007,0.817,0.0,0.0,0.0
Mali,MLI,Koulikoro,L1MLI1947,2008,0.877,0.0,0.0,0.0
Mali,MLI,Koulikoro,L1MLI1947,2009,3.627,0.0,0.0,0.0
Mali,MLI,Koulikoro,L1MLI1947,2010,1.153,0.0,0.0,0.0
Mali,MLI,Koulikoro,L1MLI1947,2012,1.325,0.0,0.0,0.0
Mali,MLI,Koulikoro,L1MLI1947,2014,5.622213689,0.0,0.0,0.0
Mali,MLI,Koulikoro,L1MLI1947,2016,2.508074347,0.0,0.0,0.0
Mali,MLI,Mopti,L1MLI1948,1984,0.083959266,0.0,0.0,0.0
Mali,MLI,Mopti,L1MLI1948,1985,0.726794284,0.0,0.439193481,0.0
Mali,MLI,Mopti,L1MLI1948,1987,1.27157531,1.176470588,0.0,0.0
Mali,MLI,Mopti,L1MLI1948,1988,0.668269959,0.0,0.0,0.0
Mali,MLI,Mopti,L1MLI1948,1989,0.963070391,0.0,0.0,0.0
Mali,MLI,Mopti,L1MLI1948,1990,1.3683605499999998,0.0,0.086088898,0.0
Mali,MLI,Mopti,L1MLI1948,1991,1.7737640040000002,0.0,0.0,0.0
Mali,MLI,Mopti,L1MLI1948,1992,1.112148767,0.0,0.0,0.0
Mali,MLI,Mopti,L1MLI1948,1994,2.267811023,0.0,0.342393359,0.0
Mali,MLI,Mopti,L1MLI1948,1996,0.0,1.038291605,0.0,0.0
Mali,MLI,Mopti,L1MLI1948,2001,1.018,0.0,0.0,0.0
Mali,MLI,Mopti,L1MLI1948,2002,2.784,0.0,0.0,0.0
Mali,MLI,Mopti,L1MLI1948,2004,2.219,0.0,0.0,0.0
Mali,MLI,Mopti,L1MLI1948,2006,1.162,0.0,0.0,0.0
Mali,MLI,Mopti,L1MLI1948,2007,0.569,0.0,0.0,0.0
Mali,MLI,Mopti,L1MLI1948,2008,1.035,0.0,0.0,0.0
Mali,MLI,Mopti,L1MLI1948,2009,1.216,0.0,0.0,0.0
Mali,MLI,Mopti,L1MLI1948,2010,4.726,0.0,0.0,0.0
Mali,MLI,Mopti,L1MLI1948,2012,2.199,0.0,0.0,0.0
Mali,MLI,Mopti,L1MLI1948,2014,4.497737041000001,0.0,0.0,0.0
Mali,MLI,Sikasso,L1MLI1950,1984,1.239401954,3.71717518,0.0,1.991666667
Mali,MLI,Sikasso,L1MLI1950,1985,0.910299003,0.0,0.0,0.0
Mali,MLI,Sikasso,L1MLI1950,1987,1.248728581,0.0,0.0,0.0
Mali,MLI,Sikasso,L1MLI1950,1989,2.192012831,1.369863014,0.0,0.0
Mali,MLI,Sikasso,L1MLI1950,1990,0.0,0.0,0.256295634,0.0
Mali,MLI,Sikasso,L1MLI1950,1991,2.278028705,11.154889632,0.0,5.047233468
Mali,MLI,Sikasso,L1MLI1950,1992,1.438803576,0.0,0.0,0.0
Mali,MLI,Sikasso,L1MLI1950,1994,0.0,1.966485677,0.077728912,0.0
Mali,MLI,Sikasso,L1MLI1950,1998,1.468864723,0.0,0.0,0.0
Mali,MLI,Sikasso,L1MLI1950,2001,1.059,0.0,0.0,0.0
Mali,MLI,Sikasso,L1MLI1950,2002,1.306,0.0,0.0,0.0
Mali,MLI,Sikasso,L1MLI1950,2003,2.04,0.0,0.0,0.0
Mali,MLI,Sikasso,L1MLI1950,2004,5.166,0.0,0.0,0.0
Mali,MLI,Sikasso,L1MLI1950,2007,1.887,0.0,0.0,0.0
Mali,MLI,Sikasso,L1MLI1950,2008,3.756,0.0,0.0,0.0
Mali,MLI,Sikasso,L1MLI1950,2009,5.235,0.0,0.0,0.0
Mali,MLI,Sikasso,L1MLI1950,2010,4.815,0.0,0.0,0.0
Mali,MLI,Sikasso,L1MLI1950,2011,1.076,0.0,0.0,0.0
Mali,MLI,Sikasso,L1MLI1950,2012,5.087,0.0,0.0,0.0
Mali,MLI,Sikasso,L1MLI1950,2014,7.177189697,0.0,0.0,0.0
Mali,MLI,Sikasso,L1MLI1950,2016,6.215210078,0.0,0.0,0.0
Mali,MLI,Segou,L1MLI1949,1984,0.0,2.3892781490000004,0.0,0.0
Mali,MLI,Segou,L1MLI1949,1985,0.0,0.0,0.138257845,0.0
Mali,MLI,Segou,L1MLI1949,1990,0.0,0.0,0.0,73.94780943
Mali,MLI,Segou,L1MLI1949,1991,3.646756279,2.835820896,0.0,0.0
Mali,MLI,Segou,L1MLI1949,1992,0.0,0.0,0.0,63.93389199
Mali,MLI,Segou,L1MLI1949,1994,5.665211242000001,0.0,0.695455889,79.467306326
Mali,MLI,Segou,L1MLI1949,1998,3.331685506,0.0,0.0,0.0
Mali,MLI,Segou,L1MLI1949,2001,2.07,0.0,0.0,0.0
Mali,MLI,Segou,L1MLI1949,2002,3.787,0.0,0.0,0.0
Mali,MLI,Segou,L1MLI1949,2003,1.379,0.0,0.0,0.0
Mali,MLI,Segou,L1MLI1949,2004,5.888999999999999,0.0,0.0,0.0
Mali,MLI,Segou,L1MLI1949,2005,4.172,0.0,0.0,0.0
Mali,MLI,Segou,L1MLI1949,2007,0.884,0.0,0.0,0.0
Mali,MLI,Segou,L1MLI1949,2008,2.303,0.0,0.0,0.0
Mali,MLI,Segou,L1MLI1949,2009,7.776,0.0,0.0,0.0
Mali,MLI,Segou,L1MLI1949,2010,3.654,0.0,0.0,0.0
Mali,MLI,Segou,L1MLI1949,2012,0.668,0.0,0.0,0.0
Mali,MLI,Segou,L1MLI1949,2014,4.830029041,0.0,0.0,0.0
Mali,MLI,Segou,L1MLI1949,2016,5.041456572,0.0,0.0,0.0
Mali,MLI,Tombouctou,L1MLI1951,1986,0.0,1.111111111,0.0,0.0
Mali,MLI,Tombouctou,L1MLI1951,1988,1.954934719,0.0,0.0,0.0
Mali,MLI,Tombouctou,L1MLI1951,1989,1.464392093,0.0,0.0,0.0
Mali,MLI,Tombouctou,L1MLI1951,1990,1.359089949,0.0,0.0,0.0
Mali,MLI,Tombouctou,L1MLI1951,1994,5.08364315,0.0,0.0,0.0
Mali,MLI,Tombouctou,L1MLI1951,1995,6.046310429,0.0,0.0,0.0
Mali,MLI,Tombouctou,L1MLI1951,1996,1.978205128,0.0,0.0,0.0
Mali,MLI,Tombouctou,L1MLI1951,2002,6.582,0.0,0.0,0.0
Mali,MLI,Tombouctou,L1MLI1951,2003,4.204000000000001,0.0,0.0,0.0
Mali,MLI,Tombouctou,L1MLI1951,2004,7.330999999999999,0.0,0.0,0.0
Mali,MLI,Tombouctou,L1MLI1951,2005,0.067,0.0,0.0,0.0
Mali,MLI,Tombouctou,L1MLI1951,2006,1.131,0.0,0.0,0.0
Mali,MLI,Tombouctou,L1MLI1951,2007,3.957,0.0,0.0,0.0
Mali,MLI,Tombouctou,L1MLI1951,2008,3.104,0.0,0.0,0.0
Mali,MLI,Tombouctou,L1MLI1951,2009,4.838,0.0,0.0,0.0
Mali,MLI,Tombouctou,L1MLI1951,2010,3.902,0.0,0.0,0.0
Mali,MLI,Tombouctou,L1MLI1951,2012,5.377,0.0,0.0,0.0
Mali,MLI,Tombouctou,L1MLI1951,2013,0.606839328,0.0,0.0,0.0
Mali,MLI,Tombouctou,L1MLI1951,2014,8.501704611000001,0.0,0.0,0.0
Mali,MLI,Tombouctou,L1MLI1951,2018,3.489864865,0.0,0.0,0.0
Mozambique,MOZ,Cabo Delgado,L1MOZ2019,1999,0.0,2.543038405,0.46680417,0.0
Mozambique,MOZ,Cabo Delgado,L1MOZ2019,2012,0.942540751,0.0,0.292098307,1.118436785
Mozambique,MOZ,Cabo Delgado,L1MOZ2019,2014,0.425140797,0.0,0.511940639,1.13898057
Mozambique,MOZ,Cabo Delgado,L1MOZ2019,2015,0.672954587,0.0,0.191496256,0.532337311
Mozambique,MOZ,Gaza,L1MOZ2020,1999,0.850017551,6.483975956,0.48493622,0.708588064
Mozambique,MOZ,Gaza,L1MOZ2020,2012,0.195452758,0.0,0.279908454,6.531914894
Mozambique,MOZ,Gaza,L1MOZ2020,2014,1.0,0.0,0.240452862,0.0
Mozambique,MOZ,Gaza,L1MOZ2020,2015,14.404710611,0.0,0.138990536,0.0
Mozambique,MOZ,Inhambane,L1MOZ2021,2012,0.466994397,0.0,0.148699618,0.0
Mozambique,MOZ,Inhambane,L1MOZ2021,2014,0.0,0.0,0.194912291,0.132930514
Mozambique,MOZ,Inhambane,L1MOZ2021,2015,0.6646911209999999,0.0,0.159518281,0.0
Mozambique,MOZ,Manica,L1MOZ2022,1999,0.078818993,0.0,0.0,0.0
Mozambique,MOZ,Manica,L1MOZ2022,2012,0.0,0.0,0.28645289,1.398402504
Mozambique,MOZ,Manica,L1MOZ2022,2014,0.0,0.0,1.596574948,0.636615205
Mozambique,MOZ,Manica,L1MOZ2022,2015,2.101706097,0.0,0.264626018,1.823232323
Mozambique,MOZ,Maputo,L1MOZ2023,1999,0.0,0.0,0.354259043,0.0
Mozambique,MOZ,Maputo,L1MOZ2023,2012,0.922812463,0.0,0.434136172,0.0
Mozambique,MOZ,Maputo,L1MOZ2023,2014,0.0,0.0,8.704020209,0.0
Mozambique,MOZ,Maputo,L1MOZ2023,2015,2.2276048,0.0,0.460880854,0.0
Mozambique,MOZ,Nampula,L1MOZ2025,1999,0.0,1.475895781,0.658003187,0.0
Mozambique,MOZ,Nampula,L1MOZ2025,2012,0.427378666,0.0,0.839478774,2.796316455
Mozambique,MOZ,Nampula,L1MOZ2025,2014,0.249881908,0.0,0.655655995,2.103261999
Mozambique,MOZ,Nampula,L1MOZ2025,2015,0.810607887,0.0,0.257852718,0.980137011
Mozambique,MOZ,Lago niassa,L1MOZ2026,2012,1.219508287,0.0,0.974937879,2.29989879
Mozambique,MOZ,Lago niassa,L1MOZ2026,2014,1.759695264,0.0,0.858841188,2.529207588
Mozambique,MOZ,Lago niassa,L1MOZ2026,2015,0.789342421,0.0,0.240999771,1.782678968
Mozambique,MOZ,Sofala,L1MOZ2027,2012,0.0,0.0,0.118782914,1.524047871
Mozambique,MOZ,Sofala,L1MOZ2027,2014,0.0,0.0,0.266801347,0.675813953
Mozambique,MOZ,Sofala,L1MOZ2027,2015,1.016462468,0.0,0.311251314,0.0
Mozambique,MOZ,Tete,L1MOZ2028,2012,0.596162756,0.0,0.826335102,1.182149629
Mozambique,MOZ,Tete,L1MOZ2028,2014,1.0,0.0,0.83043007,1.084102509
Mozambique,MOZ,Tete,L1MOZ2028,2015,1.569339551,0.0,0.882437597,2.200205188
Mozambique,MOZ,Zambezia,L1MOZ2029,1999,1.15266477,0.0,0.489963269,0.0
Mozambique,MOZ,Zambezia,L1MOZ2029,2012,0.382692668,0.0,1.0334575,1.13674264
Mozambique,MOZ,Zambezia,L1MOZ2029,2014,0.0,0.0,0.646982999,1.721743902
Mozambique,MOZ,Zambezia,L1MOZ2029,2015,1.204022561,0.0,0.77271727,2.28843763
Mozambique,MZ,Cabo Delgado,L1MOZ2019,1999,2.529677008,0.0,0.746528784,0.52746638
Mozambique,MZ,Cabo Delgado,L1MOZ2019,2000,1.215539156,5.9,0.83118699,0.0
Mozambique,MZ,Cabo Delgado,L1MOZ2019,2001,1.3823392179999998,6.1,0.802536978,0.0
Mozambique,MZ,Cabo Delgado,L1MOZ2019,2002,4.555988138,16.725163101,7.147341005,1.339538148
Mozambique,MZ,Cabo Delgado,L1MOZ2019,2003,2.076901412,7.0,0.989004079,1.371194259
Mozambique,MZ,Cabo Delgado,L1MOZ2019,2005,3.3583149800000003,8.41870155,2.906448012,7.807114976
Mozambique,MZ,Cabo Delgado,L1MOZ2019,2006,3.630887931,9.72182447,3.01473069,9.461025974
Mozambique,MZ,Cabo Delgado,L1MOZ2019,2007,1.48628305,6.30430303,1.623222769,0.370707011
Mozambique,MZ,Cabo Delgado,L1MOZ2019,2008,1.437066602,8.108926056,1.70707039,0.588160377
Mozambique,MZ,Cabo Delgado,L1MOZ2019,2009,2.348321693,8.51745443,1.217832749,0.0
Mozambique,MZ,Cabo Delgado,L1MOZ2019,2010,4.352967758,15.54305535,0.950735908,0.0
Mozambique,MZ,Cabo Delgado,L1MOZ2019,2012,1.057097384,7.69018583,0.6318403880000001,0.0
Mozambique,MZ,Cabo Delgado,L1MOZ2019,2014,1.932718607,3.779990485,0.61658784,0.0
Mozambique,MZ,Cabo Delgado,L1MOZ2019,2015,1.030914829,7.470503965,0.780392027,0.177083333
Mozambique,MZ,Cabo Delgado,L1MOZ2019,2016,1.527148598,6.964053776,1.125839533,0.0
Mozambique,MZ,Cabo Delgado,L1MOZ2019,2017,1.215832094,8.11123981,1.571706248,0.0
Mozambique,MZ,Cabo Delgado,L1MOZ2019,2018,3.4363576680000003,8.184428414,1.7745635009999998,0.0
Mozambique,MZ,Cabo Delgado,L1MOZ2019,2019,3.679356669,8.61396441,1.760155176,0.0
Mozambique,MZ,Cabo Delgado,L1MOZ2019,2020,1.992421343,12.67583516,1.465142559,0.280057595
Mozambique,MZ,Cabo Delgado,L1MOZ2019,2021,2.121694769,12.76168433,1.386064654,0.0
Mozambique,MZ,Cabo Delgado,L1MOZ2019,2022,2.894478082,8.188753603,2.421289882,0.0
Mozambique,MZ,Gaza,L1MOZ2020,1999,3.018829772,0.0,0.311918009,0.0
Mozambique,MZ,Gaza,L1MOZ2020,2000,0.969832586,0.0,0.6444252260000001,0.0
Mozambique,MZ,Gaza,L1MOZ2020,2001,0.411930186,5.468975808,0.532304686,0.0
Mozambique,MZ,Gaza,L1MOZ2020,2002,2.772664992,9.466977457,2.282144978,0.02
Mozambique,MZ,Gaza,L1MOZ2020,2003,2.576866694,4.020642421,0.544206469,0.75
Mozambique,MZ,Gaza,L1MOZ2020,2004,0.93378226,5.016527771,0.670762791,0.0
Mozambique,MZ,Gaza,L1MOZ2020,2005,3.472576376,8.170833333,0.717327893,0.0
Mozambique,MZ,Gaza,L1MOZ2020,2006,2.524557261,9.843478777,1.527252485,0.0
Mozambique,MZ,Gaza,L1MOZ2020,2007,1.804922017,9.958852259,0.753469297,0.243902439
Mozambique,MZ,Gaza,L1MOZ2020,2008,1.287904736,7.976286815,0.908799971,0.0
Mozambique,MZ,Gaza,L1MOZ2020,2009,1.060199574,6.435235035,0.604496574,0.0
Mozambique,MZ,Gaza,L1MOZ2020,2010,1.35851487,5.471904979,0.44629156,0.0
Mozambique,MZ,Gaza,L1MOZ2020,2012,1.377769619,5.188526316,1.226796875,0.0
Mozambique,MZ,Gaza,L1MOZ2020,2014,0.987900932,4.493955224,0.301355617,0.0
Mozambique,MZ,Gaza,L1MOZ2020,2015,0.373145121,5.813895159,0.7968905609999999,0.0
Mozambique,MZ,Gaza,L1MOZ2020,2016,2.013383134,5.672101976,0.707630034,0.0
Mozambique,MZ,Gaza,L1MOZ2020,2017,1.816815478,6.254266605,0.364400034,0.0
Mozambique,MZ,Gaza,L1MOZ2020,2018,6.159749253,7.316908883,0.841520346,0.0
Mozambique,MZ,Gaza,L1MOZ2020,2019,5.928661313999999,7.69668457,0.884136931,0.0
Mozambique,MZ,Gaza,L1MOZ2020,2020,0.599816182,4.339302192,0.7427012639999999,0.0
Mozambique,MZ,Gaza,L1MOZ2020,2021,3.65514047,4.368743765,0.533656376,0.0
Mozambique,MZ,Gaza,L1MOZ2020,2022,5.064866639,2.803285927,0.935274196,0.0
Mozambique,MZ,Inhambane,L1MOZ2021,1999,2.829998261,6.0,1.01499469,0.0
Mozambique,MZ,Inhambane,L1MOZ2021,2000,1.341421349,0.0,0.689984751,0.0
Mozambique,MZ,Inhambane,L1MOZ2021,2001,1.197928682,10.1908266,0.470215617,0.0
Mozambique,MZ,Inhambane,L1MOZ2021,2002,1.3613255130000002,21.548836263,1.0020563500000002,1.146486486
Mozambique,MZ,Inhambane,L1MOZ2021,2003,1.147028287,5.197602282,0.5281348260000001,0.901785714
Mozambique,MZ,Inhambane,L1MOZ2021,2004,0.982727115,5.83813113,0.544943841,0.0
Mozambique,MZ,Inhambane,L1MOZ2021,2005,1.815446911,18.45710952,1.2386306,0.0
Mozambique,MZ,Inhambane,L1MOZ2021,2006,2.254707826,17.49381984,1.5025862879999998,1.971162791
Mozambique,MZ,Inhambane,L1MOZ2021,2007,1.145800284,8.857062545,0.776403971,0.6130303029999999
Mozambique,MZ,Inhambane,L1MOZ2021,2008,0.861018858,8.801403616,0.686446641,0.07
Mozambique,MZ,Inhambane,L1MOZ2021,2009,1.0630817179999998,7.520452945,0.490520498,0.0
Mozambique,MZ,Inhambane,L1MOZ2021,2010,1.428898745,5.004275891,0.387500458,0.0
Mozambique,MZ,Inhambane,L1MOZ2021,2012,0.4924060879999999,4.079965338,0.319454545,0.0
Mozambique,MZ,Inhambane,L1MOZ2021,2014,1.042952192,6.68141252,0.306294278,0.0
Mozambique,MZ,Inhambane,L1MOZ2021,2015,0.216577018,7.413387268,0.289411818,0.0
Mozambique,MZ,Inhambane,L1MOZ2021,2016,1.762965287,16.6456153,1.10189663,0.0
Mozambique,MZ,Inhambane,L1MOZ2021,2017,1.419519851,22.03060194,1.652048835,0.0
Mozambique,MZ,Inhambane,L1MOZ2021,2018,4.174961218,31.9182504,1.208914255,0.0
Mozambique,MZ,Inhambane,L1MOZ2021,2019,4.344568329,29.36290898,1.196820212,0.0
Mozambique,MZ,Inhambane,L1MOZ2021,2020,0.677058929,8.300847318,0.275964097,0.02
Mozambique,MZ,Inhambane,L1MOZ2021,2021,0.728115595,8.357135964,0.368953037,0.0
Mozambique,MZ,Inhambane,L1MOZ2021,2022,1.017067223,5.362467038,0.638542882,0.0
Mozambique,MZ,Manica,L1MOZ2022,1999,0.438396042,0.0,3.175298805,0.0
Mozambique,MZ,Manica,L1MOZ2022,2000,1.973216836,0.0,1.091041462,0.0
Mozambique,MZ,Manica,L1MOZ2022,2001,1.7477833670000005,5.2,1.08932341,0.0
Mozambique,MZ,Manica,L1MOZ2022,2002,2.884895289,166.0815993,1.836718242,48.200505695
Mozambique,MZ,Manica,L1MOZ2022,2003,4.958002184,5.821856334,0.647061363,9.133773741
Mozambique,MZ,Manica,L1MOZ2022,2004,1.904162366,6.0,0.760170175,0.0
Mozambique,MZ,Manica,L1MOZ2022,2005,4.081466323000001,165.0231819,1.776728564,4.176465141
Mozambique,MZ,Manica,L1MOZ2022,2006,6.206179667000001,168.419023835,1.922226472,0.849985285
Mozambique,MZ,Manica,L1MOZ2022,2007,2.577255656,17.521309045000002,0.963993712,0.937812438
Mozambique,MZ,Manica,L1MOZ2022,2008,1.824169813,13.657726428,1.155082945,1.424533333
Mozambique,MZ,Manica,L1MOZ2022,2009,1.894163486,5.31523202,0.840073541,0.0
Mozambique,MZ,Manica,L1MOZ2022,2010,1.902905482,5.865488086,0.122249752,0.0
Mozambique,MZ,Manica,L1MOZ2022,2012,2.360811082,7.523037037,0.6787422679999999,0.0
Mozambique,MZ,Manica,L1MOZ2022,2014,2.9069436250000003,3.340397351,0.4958072409999999,0.0
Mozambique,MZ,Manica,L1MOZ2022,2015,0.0,18.75334881,2.271053378,0.607476636
Mozambique,MZ,Manica,L1MOZ2022,2016,2.238068757,15.4351909,0.825955923,0.0
Mozambique,MZ,Manica,L1MOZ2022,2017,1.990989321,17.49926686,0.5749081269999999,0.0
Mozambique,MZ,Manica,L1MOZ2022,2018,7.454932476,19.8703908,0.788400816,0.0
Mozambique,MZ,Manica,L1MOZ2022,2019,5.374257219,20.85074158,1.0225070820000002,0.0
Mozambique,MZ,Manica,L1MOZ2022,2020,2.159359841,8.310696937,1.028302043,0.141284404
Mozambique,MZ,Manica,L1MOZ2022,2021,2.2863160760000003,8.367153496,1.209437769,0.0
Mozambique,MZ,Manica,L1MOZ2022,2022,3.114851706,5.368984928,2.11294303,0.0
Mozambique,MZ,Maputo,L1MOZ2023,1999,2.591145027,3.433855597,0.604798748,0.0
Mozambique,MZ,Maputo,L1MOZ2023,2000,1.178174849,0.0,1.364098264,0.0
Mozambique,MZ,Maputo,L1MOZ2023,2002,1.215522117,9.025925926,0.861932288,1.3
Mozambique,MZ,Maputo,L1MOZ2023,2003,0.3,4.600314628,0.653815315,0.0
Mozambique,MZ,Maputo,L1MOZ2023,2004,0.950943739,5.0,0.616351886,0.0
Mozambique,MZ,Maputo,L1MOZ2023,2005,1.572305776,3.957789845,0.536470792,3.65
Mozambique,MZ,Maputo,L1MOZ2023,2006,1.874232073,11.03464755,0.8966155010000001,0.0
Mozambique,MZ,Maputo,L1MOZ2023,2007,0.590352604,8.165878336,0.95623993,0.0
Mozambique,MZ,Maputo,L1MOZ2023,2008,0.6209638439999999,11.507617636,0.455579211,0.0
Mozambique,MZ,Maputo,L1MOZ2023,2009,0.729078081,4.838913979,0.4244347699999999,0.0
Mozambique,MZ,Maputo,L1MOZ2023,2010,0.729140684,3.129245018,0.164279376,0.0
Mozambique,MZ,Maputo,L1MOZ2023,2012,0.0,7.148333333,0.208962264,0.0
Mozambique,MZ,Maputo,L1MOZ2023,2014,0.826517692,3.789039039,0.112414634,0.0
Mozambique,MZ,Maputo,L1MOZ2023,2015,0.9,14.22577837,1.5883501539999998,0.0
Mozambique,MZ,Maputo,L1MOZ2023,2016,4.281029169,8.637770737,1.1047056599999998,0.0
Mozambique,MZ,Maputo,L1MOZ2023,2017,1.718093972,9.136139347,0.194781434,0.0
Mozambique,MZ,Maputo,L1MOZ2023,2018,9.373135886,9.587010668,1.253342123,0.0
Mozambique,MZ,Maputo,L1MOZ2023,2019,9.020925337,9.997398053,0.3689825759999999,0.0
Mozambique,MZ,Maputo,L1MOZ2023,2020,1.5746449680000003,12.22834275,0.30516368,72.50755668
Mozambique,MZ,Maputo,L1MOZ2023,2021,1.7255293109999998,12.31101797,0.486173612,0.0
Mozambique,MZ,Maputo,L1MOZ2023,2022,2.427956606,7.899432308,0.845967114,0.0
Mozambique,MZ,Nampula,L1MOZ2025,1999,0.617399607,0.0,0.449998319,0.47508849
Mozambique,MZ,Nampula,L1MOZ2025,2000,1.489649638,5.9,0.960368192,0.0
Mozambique,MZ,Nampula,L1MOZ2025,2001,1.584674921,6.1,0.8707285330000001,0.0
Mozambique,MZ,Nampula,L1MOZ2025,2002,5.950853822,23.61639595,4.409743652,2.114217391
Mozambique,MZ,Nampula,L1MOZ2025,2003,1.076896133,5.074146871,1.000889818,0.704088124
Mozambique,MZ,Nampula,L1MOZ2025,2004,1.808687288,5.031782021,1.055827481,0.0
Mozambique,MZ,Nampula,L1MOZ2025,2005,3.0053868780000004,10.50333739,2.059177695,1.673236232
Mozambique,MZ,Nampula,L1MOZ2025,2006,3.593501318,14.730403291,2.568567984,1.956209642
Mozambique,MZ,Nampula,L1MOZ2025,2007,1.932871392,8.926620337,1.443853551,1.6399433609999998
Mozambique,MZ,Nampula,L1MOZ2025,2008,2.0275168910000003,8.384799355,1.444858285,0.297136591
Mozambique,MZ,Nampula,L1MOZ2025,2009,2.102093192,7.484907761,1.147619385,0.0
Mozambique,MZ,Nampula,L1MOZ2025,2010,3.728964182,12.2550943,0.377432435,0.0
Mozambique,MZ,Nampula,L1MOZ2025,2012,1.137630165,3.985769951,0.6409318399999999,0.0
Mozambique,MZ,Nampula,L1MOZ2025,2014,1.815394693,5.822664207,0.788026227,0.0
Mozambique,MZ,Nampula,L1MOZ2025,2015,0.589211563,5.217079842,2.272529845,0.928023992
Mozambique,MZ,Nampula,L1MOZ2025,2016,1.912151122,4.112685386,0.864442334,0.0
Mozambique,MZ,Nampula,L1MOZ2025,2017,1.614869378,5.574598434,0.937950691,0.0
Mozambique,MZ,Nampula,L1MOZ2025,2018,2.913700606,5.236634576,0.998606826,0.0
Mozambique,MZ,Nampula,L1MOZ2025,2019,3.825136538,5.795579724,0.988553963,0.0
Mozambique,MZ,Nampula,L1MOZ2025,2020,2.915823012,11.55667389,1.866011255,0.197110706
Mozambique,MZ,Nampula,L1MOZ2025,2021,3.142154638,11.63495962,1.729042326,0.0
Mozambique,MZ,Nampula,L1MOZ2025,2022,4.380458752,7.465756076,3.020296921,0.0
Mozambique,MZ,Sofala,L1MOZ2027,1999,0.0,0.0,0.922978994,0.131564601
Mozambique,MZ,Sofala,L1MOZ2027,2000,1.100679286,5.2,0.934486068,0.0
Mozambique,MZ,Sofala,L1MOZ2027,2001,1.7483518180000002,5.4,0.937443049,0.0
Mozambique,MZ,Sofala,L1MOZ2027,2002,2.9567388580000005,20.197035726,1.66399452,1.294639639
Mozambique,MZ,Sofala,L1MOZ2027,2003,1.96243563,6.0,0.852346518,0.593776218
Mozambique,MZ,Sofala,L1MOZ2027,2004,1.655512984,6.504897225,0.918216594,0.0
Mozambique,MZ,Sofala,L1MOZ2027,2005,3.023360135,27.89598788,1.574449818,1.798407933
Mozambique,MZ,Sofala,L1MOZ2027,2006,4.303256235,56.73098302,2.282212024,2.033030147
Mozambique,MZ,Sofala,L1MOZ2027,2007,2.242063419,22.738561823,1.4963777459999998,0.861121734
Mozambique,MZ,Sofala,L1MOZ2027,2008,1.520534468,14.914079468,1.213690614,0.498333333
Mozambique,MZ,Sofala,L1MOZ2027,2009,1.290535996,5.595208649,0.961638166,0.0
Mozambique,MZ,Sofala,L1MOZ2027,2010,0.58389298,3.158717342,0.451006711,0.0
Mozambique,MZ,Sofala,L1MOZ2027,2012,1.6498218480000002,6.333074074,0.4464226799999999,0.0
Mozambique,MZ,Sofala,L1MOZ2027,2014,2.075221801,3.85559633,0.431358025,0.0
Mozambique,MZ,Sofala,L1MOZ2027,2015,1.465712338,13.366,1.114792471,0.745628047
Mozambique,MZ,Sofala,L1MOZ2027,2016,1.554993611,5.786156336,0.722120523,0.0
Mozambique,MZ,Sofala,L1MOZ2027,2017,2.1950711700000003,5.491416408,1.418190884,0.0
Mozambique,MZ,Sofala,L1MOZ2027,2018,2.6120130240000003,5.213009228,1.086712656,0.0
Mozambique,MZ,Sofala,L1MOZ2027,2019,2.710156798,5.212007011,1.5314803620000002,0.0
Mozambique,MZ,Sofala,L1MOZ2027,2020,1.723164606,9.415777836,0.903649532,36.211063052
Mozambique,MZ,Sofala,L1MOZ2027,2021,1.818676209,9.479822335,1.0016919999999998,0.0
Mozambique,MZ,Sofala,L1MOZ2027,2022,2.3988332000000003,6.082790661,1.7497333309999998,0.0
Mozambique,MZ,Tete,L1MOZ2028,2000,1.454332269,0.0,0.53275151,0.0
Mozambique,MZ,Tete,L1MOZ2028,2001,1.535921348,5.4,0.630511558,0.0
Mozambique,MZ,Tete,L1MOZ2028,2002,2.87577261,75.95732049099999,2.995986956,2.457725034
Mozambique,MZ,Tete,L1MOZ2028,2003,0.867848679,5.5,0.6766414409999999,0.647610671
Mozambique,MZ,Tete,L1MOZ2028,2004,1.569119322,6.0,0.79172552,0.0
Mozambique,MZ,Tete,L1MOZ2028,2005,2.550546119,96.30377412,1.77814418,2.132274509
Mozambique,MZ,Tete,L1MOZ2028,2006,4.769635654,49.390705017,1.930862466,2.173724071
Mozambique,MZ,Tete,L1MOZ2028,2007,2.11866603,25.781608363,1.2797423,1.310426737
Mozambique,MZ,Tete,L1MOZ2028,2008,2.126699983,15.331513566000002,1.6442409749999998,1.297303297
Mozambique,MZ,Tete,L1MOZ2028,2009,1.772214965,7.08688676,0.976844119,0.0
Mozambique,MZ,Tete,L1MOZ2028,2010,1.223866064,1.450537505,0.246904193,0.0
Mozambique,MZ,Tete,L1MOZ2028,2012,1.328540196,23.34741935,1.731797791,0.0
Mozambique,MZ,Tete,L1MOZ2028,2014,2.246709766,13.99193548,0.5544061,0.0
Mozambique,MZ,Tete,L1MOZ2028,2015,0.266233766,10.78896377,1.244371809,0.0
Mozambique,MZ,Tete,L1MOZ2028,2016,2.214771688,21.64368517,1.164462849,0.0
Mozambique,MZ,Tete,L1MOZ2028,2017,2.118933403,32.04147031,0.8664886390000001,0.0
Mozambique,MZ,Tete,L1MOZ2028,2018,3.443608937,67.32298137,1.090866784,0.0
Mozambique,MZ,Tete,L1MOZ2028,2019,3.070309848,42.61580087,1.231911414,0.0
Mozambique,MZ,Tete,L1MOZ2028,2020,2.579087733,11.18985308,2.041465828,0.81533101
Mozambique,MZ,Tete,L1MOZ2028,2021,2.724733726,11.26539754,1.249421881,0.0
Mozambique,MZ,Tete,L1MOZ2028,2022,3.725901188,7.228451296,2.185315047,0.0
Mozambique,MZ,Zambezia,L1MOZ2029,1999,1.909790778,3.228644101,0.453309431,0.45384559
Mozambique,MZ,Zambezia,L1MOZ2029,2000,1.538003467,5.9,1.2305843200000002,0.0
Mozambique,MZ,Zambezia,L1MOZ2029,2001,1.644731593,6.1,1.211260988,0.0
Mozambique,MZ,Zambezia,L1MOZ2029,2002,3.145156317,22.246814535,3.074437414,3.031962339
Mozambique,MZ,Zambezia,L1MOZ2029,2003,1.351555885,7.0,1.220834033,0.927344134
Mozambique,MZ,Zambezia,L1MOZ2029,2004,1.935192032,7.001487004,1.248833762,0.0
Mozambique,MZ,Zambezia,L1MOZ2029,2005,2.832525928,14.93206044,2.408767792,1.962783013
Mozambique,MZ,Zambezia,L1MOZ2029,2006,3.879906216,44.6831928,3.169021272,4.368279551
Mozambique,MZ,Zambezia,L1MOZ2029,2007,2.765286671,18.438067687,1.857126811,1.641014435
Mozambique,MZ,Zambezia,L1MOZ2029,2008,1.865392408,33.826364508,1.777243151,1.316134021
Mozambique,MZ,Zambezia,L1MOZ2029,2009,1.997460706,7.790308808,1.243941501,0.0
Mozambique,MZ,Zambezia,L1MOZ2029,2010,3.37666238,8.47429184,0.925294075,0.0
Mozambique,MZ,Zambezia,L1MOZ2029,2012,1.275676869,5.012573433,0.690958418,0.0
Mozambique,MZ,Zambezia,L1MOZ2029,2014,2.005766689,3.9756031,0.711819247,0.0
Mozambique,MZ,Zambezia,L1MOZ2029,2015,0.187812188,7.232271464,1.186941392,0.0
Mozambique,MZ,Zambezia,L1MOZ2029,2016,1.667974457,4.545257969,1.037572892,0.0
Mozambique,MZ,Zambezia,L1MOZ2029,2017,1.766579907,8.684296549,1.180808317,0.0
Mozambique,MZ,Zambezia,L1MOZ2029,2018,3.880587475,9.137988665,1.09957863,0.0
Mozambique,MZ,Zambezia,L1MOZ2029,2019,5.578358732,6.16810664,1.200367896,0.0
Mozambique,MZ,Zambezia,L1MOZ2029,2020,1.824779004,11.59946676,1.6487155949999996,0.515463918
Mozambique,MZ,Zambezia,L1MOZ2029,2021,1.952135362,11.67801237,1.928999638,0.0
Mozambique,MZ,Zambezia,L1MOZ2029,2022,2.712325911,7.493400982,3.369399973,0.0
Mozambique,MZ,Niassa,L1MOZ2026,1999,1.574940264,2.0,0.580996749,0.0
Mozambique,MZ,Niassa,L1MOZ2026,2000,1.799856776,0.0,0.87173772,0.0
Mozambique,MZ,Niassa,L1MOZ2026,2001,1.775063719,6.1,0.792948046,0.0
Mozambique,MZ,Niassa,L1MOZ2026,2002,4.156233909,14.534478551,2.721913624,2.874024858
Mozambique,MZ,Niassa,L1MOZ2026,2003,1.186062308,7.0,0.901572978,0.559870877
Mozambique,MZ,Niassa,L1MOZ2026,2004,2.1015104090000003,7.0,0.90732366,0.0
Mozambique,MZ,Niassa,L1MOZ2026,2005,2.922947666,23.21369552,2.148840245,1.796782048
Mozambique,MZ,Niassa,L1MOZ2026,2006,5.204508724,14.455391019,2.067511403,1.503412724
Mozambique,MZ,Niassa,L1MOZ2026,2007,1.850954039,9.896035181,1.133735731,0.960239886
Mozambique,MZ,Niassa,L1MOZ2026,2008,2.10741627,12.889686487,1.787821089,0.565769231
Mozambique,MZ,Niassa,L1MOZ2026,2009,2.454699372,7.889978145,1.258252168,0.0
Mozambique,MZ,Niassa,L1MOZ2026,2010,1.467429611,7.774379915,0.316191073,0.0
Mozambique,MZ,Niassa,L1MOZ2026,2012,1.330015896,11.63736655,0.725605332,0.0
Mozambique,MZ,Niassa,L1MOZ2026,2014,1.074481835,3.692903226,0.935808891,0.0
Mozambique,MZ,Niassa,L1MOZ2026,2015,1.315530703,9.691811049,2.5335322,1.366362764
Mozambique,MZ,Niassa,L1MOZ2026,2016,1.581475303,7.363683877,1.127527414,0.0
Mozambique,MZ,Niassa,L1MOZ2026,2017,2.230200845,7.622948396,0.99503477,0.0
Mozambique,MZ,Niassa,L1MOZ2026,2018,4.027824067,7.778376229,1.170629636,0.0
Mozambique,MZ,Niassa,L1MOZ2026,2019,4.413385781,7.811053805,1.310367668,0.0
Mozambique,MZ,Niassa,L1MOZ2026,2020,2.5901110110000003,10.48981051,1.805511591,0.282172612
Mozambique,MZ,Niassa,L1MOZ2026,2021,2.7606714520000004,10.56063248,1.7770880770000002,0.0
Mozambique,MZ,Niassa,L1MOZ2026,2022,3.840975555,6.776338766,3.104010143,0.0
Rwanda,RWA,North/Amajyaruguru,L1RWA2739,2013,2.0555,20.4995,1.4965,0.0
Rwanda,RWA,North/Amajyaruguru,L1RWA2739,2014,2.754,15.523,1.6445,0.0
Rwanda,RWA,North/Amajyaruguru,L1RWA2739,2015,3.569536546,18.018227685,1.185470975,0.0
Rwanda,RWA,North/Amajyaruguru,L1RWA2739,2016,3.138534606,15.184224228,1.706860328,0.0
Rwanda,RWA,South/Amajyepfo,L1RWA2740,2013,2.9845,22.7125,1.9105,0.0
Rwanda,RWA,South/Amajyepfo,L1RWA2740,2014,1.8425,13.6675,1.0365,0.0
Rwanda,RWA,South/Amajyepfo,L1RWA2740,2015,2.006569265,22.489978565,1.005792595,0.0
Rwanda,RWA,South/Amajyepfo,L1RWA2740,2016,1.429964761,14.498300325,0.580639005,0.0
Rwanda,RWA,East/Iburasirazuba,L1RWA2741,2013,2.0455,12.039,1.7355,0.0
Rwanda,RWA,East/Iburasirazuba,L1RWA2741,2014,2.5575,9.3045,1.3765,0.0
Rwanda,RWA,East/Iburasirazuba,L1RWA2741,2015,2.280527311,13.684209980000002,1.510076375,0.0
Rwanda,RWA,East/Iburasirazuba,L1RWA2741,2016,2.465639491,37.521145218,1.242028436,0.0
Rwanda,RWA,West/Iburengerazuba,L1RWA2742,2013,2.8395,14.7125,1.7555,0.0
Rwanda,RWA,West/Iburengerazuba,L1RWA2742,2014,2.6455,13.368,1.6349999999999998,0.0
Rwanda,RWA,West/Iburengerazuba,L1RWA2742,2015,2.589000056,18.204006463,1.442876564,0.0
Rwanda,RWA,West/Iburengerazuba,L1RWA2742,2016,3.495444115,24.302050741,1.991694733,0.0
Rwanda,RWA,Kigali City/Umujyi wa Kigali,L1RWA2743,2013,2.0205,11.3795,1.6669999999999998,0.0
Rwanda,RWA,Kigali City/Umujyi wa Kigali,L1RWA2743,2014,2.7395,13.0155,1.6595,0.0
Rwanda,RWA,Kigali City/Umujyi wa Kigali,L1RWA2743,2015,2.777911231,16.951287878000002,1.685277507,0.0
Rwanda,RWA,Kigali City/Umujyi wa Kigali,L1RWA2743,2016,3.4453015129999995,16.348697686999998,1.732872861,0.0
Senegal,SEN,Dakar,L1SEN2775,1992,0.0,0.0,0.649595687,0.0
Senegal,SEN,Dakar,L1SEN2775,1993,0.0,0.0,0.258158508,0.0
Senegal,SEN,Dakar,L1SEN2775,1994,0.0,0.0,0.348170732,0.0
Senegal,SEN,Dakar,L1SEN2775,1995,0.0,0.0,0.442166911,0.0
Senegal,SEN,Dakar,L1SEN2775,1996,0.0,0.0,0.8389698720000001,0.0
Senegal,SEN,Dakar,L1SEN2775,1997,0.308730959,0.0,0.899284639,0.0
Senegal,SEN,Diourbel,L1SEN2776,1992,0.0,0.0,0.481459551,0.0
Senegal,SEN,Diourbel,L1SEN2776,1993,0.0,0.0,0.591725857,0.0
Senegal,SEN,Diourbel,L1SEN2776,1994,0.0,0.0,0.480871789,0.0
Senegal,SEN,Diourbel,L1SEN2776,1995,0.0,0.0,0.73748316,0.0
Senegal,SEN,Diourbel,L1SEN2776,1996,0.0,0.0,0.561661256,0.0
Senegal,SEN,Diourbel,L1SEN2776,1997,0.487189898,0.0,0.448337121,0.0
Senegal,SEN,Diourbel,L1SEN2776,2009,1.7113738989999998,5.962078652,0.340619962,0.0
Senegal,SEN,Diourbel,L1SEN2776,2010,1.843461737,5.573273273,0.348335622,0.0
Senegal,SEN,Diourbel,L1SEN2776,2011,1.7945163820000003,6.032986111,0.173527422,0.0
Senegal,SEN,Diourbel,L1SEN2776,2012,2.112206564,7.517241379,0.348265046,0.0
Senegal,SEN,Diourbel,L1SEN2776,2013,2.146644397,7.517241379,0.287198589,0.0
Senegal,SEN,Diourbel,L1SEN2776,2014,1.714645131,7.507936508,0.238023442,0.0
Senegal,SEN,Diourbel,L1SEN2776,2015,1.402525225,7.5,0.345581523,0.0
Senegal,SEN,Diourbel,L1SEN2776,2016,2.455338146,7.61227154,0.251784667,0.0
Senegal,SEN,Diourbel,L1SEN2776,2017,2.107182628,7.729537367,0.321597642,0.0
Senegal,SEN,Diourbel,L1SEN2776,2018,2.410330718,8.217703349,0.56797797,0.0
Senegal,SEN,Diourbel,L1SEN2776,2019,2.419950279,8.217703349,0.56797797,0.0
Senegal,SEN,Fatick,L1SEN2777,1992,0.0,0.0,0.436023781,0.0
Senegal,SEN,Fatick,L1SEN2777,1993,0.0,0.0,0.782063855,0.0
Senegal,SEN,Fatick,L1SEN2777,1994,0.0,0.0,0.48679991,0.0
Senegal,SEN,Fatick,L1SEN2777,1995,0.0,0.0,1.032291236,0.0
Senegal,SEN,Fatick,L1SEN2777,1996,0.0,0.0,0.8947875169999999,0.0
Senegal,SEN,Fatick,L1SEN2777,1997,3.0197416180000003,0.0,0.877863368,0.0
Senegal,SEN,Kaffrine,L1SEN2778,2010,5.880099063,6.0,0.463674051,0.586776374
Senegal,SEN,Kaffrine,L1SEN2778,2011,3.2511765500000003,6.500987492,0.367964334,0.438001618
Senegal,SEN,Kaffrine,L1SEN2778,2012,4.831667653,6.967213115,0.435591958,0.8546875
Senegal,SEN,Kaffrine,L1SEN2778,2013,5.226708193,6.967213115,0.474311243,0.8546875
Senegal,SEN,Kaffrine,L1SEN2778,2014,4.07642512,5.184782609,0.496732026,0.606473595
Senegal,SEN,Kaffrine,L1SEN2778,2015,3.268983076,3.06360424,0.403782895,0.0
Senegal,SEN,Kaffrine,L1SEN2778,2016,4.215540255,6.002547771,0.490595611,0.0
Senegal,SEN,Kaffrine,L1SEN2778,2017,4.851339884,8.103896104,0.347641509,0.0
Senegal,SEN,Kaffrine,L1SEN2778,2018,5.428729796000001,8.217514124,0.548842683,0.0
Senegal,SEN,Kaffrine,L1SEN2778,2019,5.428729796000001,8.217514124,0.548842683,0.378787879
Senegal,SEN,Kaolack,L1SEN2779,1992,0.0,0.0,0.806774007,0.0
Senegal,SEN,Kaolack,L1SEN2779,1993,0.0,0.0,0.89404,0.0
Senegal,SEN,Kaolack,L1SEN2779,1994,0.0,0.0,1.084071763,0.0
Senegal,SEN,Kaolack,L1SEN2779,1995,0.0,0.0,1.051862094,0.0
Senegal,SEN,Kaolack,L1SEN2779,1996,0.596318493,0.0,1.309519559,0.0
Senegal,SEN,Kaolack,L1SEN2779,1997,4.475152929,0.0,1.286882406,0.0
Senegal,SEN,Kaolack,L1SEN2779,2009,5.973557127,6.518820528,0.479788915,0.947521161
Senegal,SEN,Kaolack,L1SEN2779,2010,5.319009892,7.999821906,0.43692026,0.673076923
Senegal,SEN,Kaolack,L1SEN2779,2011,4.559064455,11.33712121,0.352980438,0.455991516
Senegal,SEN,Kaolack,L1SEN2779,2012,6.392416291,11.57913669,0.706744868,0.84981685
Senegal,SEN,Kaolack,L1SEN2779,2013,5.110832093,11.57913669,0.706744868,0.84981685
Senegal,SEN,Kaolack,L1SEN2779,2014,6.123580736000001,9.816901408,0.687745312,0.642201835
Senegal,SEN,Kaolack,L1SEN2779,2015,3.91549187,14.02150538,0.501618497,0.545924968
Senegal,SEN,Kaolack,L1SEN2779,2016,6.089176564,20.06431095,0.673243883,0.0
Senegal,SEN,Kaolack,L1SEN2779,2017,5.271792768,17.11712511,0.633787661,0.0
Senegal,SEN,Kaolack,L1SEN2779,2018,5.915428664999999,18.48895777,0.670583116,0.0
Senegal,SEN,Kaolack,L1SEN2779,2019,5.976909777,18.48895777,0.670583116,0.0
Senegal,SEN,Kolda,L1SEN2781,1992,0.0,0.0,0.970390337,0.0
Senegal,SEN,Kolda,L1SEN2781,1993,0.0,0.0,1.177947016,0.0
Senegal,SEN,Kolda,L1SEN2781,1994,0.0,0.0,1.112612927,0.0
Senegal,SEN,Kolda,L1SEN2781,1995,0.0,0.0,1.044211533,0.0
Senegal,SEN,Kolda,L1SEN2781,1996,0.455931765,10.388065999,1.373142578,0.0
Senegal,SEN,Kolda,L1SEN2781,1997,4.398506252,9.57981341,1.726190976,0.0
Senegal,SEN,Louga,L1SEN2782,1992,0.0,0.0,0.141981907,0.0
Senegal,SEN,Louga,L1SEN2782,1993,0.0,0.0,0.572058556,0.0
Senegal,SEN,Louga,L1SEN2782,1994,0.0,0.0,0.514990465,0.0
Senegal,SEN,Louga,L1SEN2782,1995,0.0,0.0,0.720603917,0.0
Senegal,SEN,Louga,L1SEN2782,1996,0.0,0.0,0.822740664,0.0
Senegal,SEN,Louga,L1SEN2782,1997,0.397409462,0.0,0.380179667,0.0
Senegal,SEN,Louga,L1SEN2782,2009,2.206774417,6.0,0.495894143,0.0
Senegal,SEN,Louga,L1SEN2782,2010,1.197929532,0.0,0.407489907,0.0
Senegal,SEN,Louga,L1SEN2782,2011,1.216740412,6.000089103,0.392424297,0.0
Senegal,SEN,Louga,L1SEN2782,2012,1.695772006,5.996640538,0.448301745,0.0
Senegal,SEN,Louga,L1SEN2782,2013,1.744329543,5.996640538,0.439836534,0.0
Senegal,SEN,Louga,L1SEN2782,2014,1.722782905,6.0,0.331843908,0.0
Senegal,SEN,Louga,L1SEN2782,2015,1.221001184,6.102,0.399996869,0.0
Senegal,SEN,Louga,L1SEN2782,2016,2.858090378,9.001527884,0.578471268,0.0
Senegal,SEN,Louga,L1SEN2782,2017,2.635414437,9.815596037,0.75208028,0.0
Senegal,SEN,Louga,L1SEN2782,2018,1.219326897,14.28598096,0.59133125,0.0
Senegal,SEN,Louga,L1SEN2782,2019,1.334912457,14.28598096,0.59133125,0.0
Senegal,SEN,Saint louis,L1SEN2784,1993,0.0,0.0,0.205825243,0.0
Senegal,SEN,Saint louis,L1SEN2784,1994,0.0,0.0,0.699859444,0.0
Senegal,SEN,Saint louis,L1SEN2784,1995,0.0,0.0,0.405827629,0.0
Senegal,SEN,Saint louis,L1SEN2784,1996,0.0,0.0,0.400676549,0.0
Senegal,SEN,Saint louis,L1SEN2784,1997,9.276044435,0.0,0.473181925,0.0
Senegal,SEN,Sedhiou,L1SEN2785,2010,6.491064051,9.999793559,0.649997251,0.65005637
Senegal,SEN,Sedhiou,L1SEN2785,2011,3.52506567,10.25218371,0.552975327,0.495856663
Senegal,SEN,Sedhiou,L1SEN2785,2012,5.887794089,10.01115242,0.821190476,0.861771058
Senegal,SEN,Sedhiou,L1SEN2785,2013,5.925935658000001,10.01115242,0.710238095,0.861771058
Senegal,SEN,Sedhiou,L1SEN2785,2014,5.900314120000001,9.685483871,0.747126437,0.398496241
Senegal,SEN,Sedhiou,L1SEN2785,2015,6.330344038000001,8.699233716,0.613378493,0.0
Senegal,SEN,Sedhiou,L1SEN2785,2016,7.659682478000001,9.761321909,0.769230769,0.0
Senegal,SEN,Sedhiou,L1SEN2785,2017,7.215184322,12.37374861,0.462709285,0.0
Senegal,SEN,Sedhiou,L1SEN2785,2018,7.768557379000001,11.34892086,0.614331356,0.0
Senegal,SEN,Sedhiou,L1SEN2785,2019,8.717936864,11.34892086,0.614331356,0.0
Senegal,SEN,Tambacounda,L1SEN2786,1992,0.0,0.0,0.994320951,0.0
Senegal,SEN,Tambacounda,L1SEN2786,1993,0.0,0.0,1.045621061,0.0
Senegal,SEN,Tambacounda,L1SEN2786,1994,0.0,0.0,0.988942321,0.0
Senegal,SEN,Tambacounda,L1SEN2786,1995,0.0,0.0,0.949662688,0.0
Senegal,SEN,Tambacounda,L1SEN2786,1996,0.997409326,0.0,1.573347339,0.0
Senegal,SEN,Tambacounda,L1SEN2786,1997,3.957762971,0.0,1.429321069,0.0
Senegal,SEN,Tambacounda,L1SEN2786,2009,6.95007513,15.0,0.717620187,1.201205528
Senegal,SEN,Tambacounda,L1SEN2786,2010,6.7517110350000005,15.00155945,0.499977197,1.013321703
Senegal,SEN,Tambacounda,L1SEN2786,2011,6.240103779000001,12.44444444,0.281703643,0.68834652
Senegal,SEN,Tambacounda,L1SEN2786,2012,10.105111818,0.0,0.454960091,1.008907913
Senegal,SEN,Tambacounda,L1SEN2786,2013,9.768722016,0.0,0.574686431,1.008907913
Senegal,SEN,Tambacounda,L1SEN2786,2014,5.183871056,0.0,0.593685655,0.802491803
Senegal,SEN,Tambacounda,L1SEN2786,2015,5.443129527,0.0,0.615042058,0.933050847
Senegal,SEN,Tambacounda,L1SEN2786,2016,6.588426393,12.0,0.51846033,0.0
Senegal,SEN,Tambacounda,L1SEN2786,2017,5.992023706,11.98153846,0.487857143,0.0
Senegal,SEN,Tambacounda,L1SEN2786,2018,5.668021263,12.16666667,0.80591819,0.0
Senegal,SEN,Tambacounda,L1SEN2786,2019,8.000647926,12.16666667,0.80591819,0.55769587
Senegal,SEN,Thies,L1SEN2787,1992,0.0,0.0,0.162150424,0.0
Senegal,SEN,Thies,L1SEN2787,1993,0.0,0.0,0.411308995,0.0
Senegal,SEN,Thies,L1SEN2787,1994,0.0,0.0,0.454204303,0.0
Senegal,SEN,Thies,L1SEN2787,1995,0.0,0.0,0.723214962,0.0
Senegal,SEN,Thies,L1SEN2787,1996,0.0,2.42074928,0.592866892,0.0
Senegal,SEN,Thies,L1SEN2787,1997,1.015746006,2.168846296,0.530342394,0.0
Senegal,SEN,Ziguinchor,L1SEN2788,1992,0.0,0.0,0.87401064,0.0
Senegal,SEN,Ziguinchor,L1SEN2788,1993,0.0,0.0,1.553908125,0.0
Senegal,SEN,Ziguinchor,L1SEN2788,1994,0.0,0.0,0.868583028,0.0
Senegal,SEN,Ziguinchor,L1SEN2788,1995,0.0,0.0,0.99341701,0.0
Senegal,SEN,Ziguinchor,L1SEN2788,1996,0.504065041,21.0,1.370684602,0.0
Senegal,SEN,Ziguinchor,L1SEN2788,1997,3.375342817,10.166322201,1.436798111,0.0
Senegal,SEN,Ziguinchor,L1SEN2788,2009,4.831411341999999,10.0,0.578320912,0.0
Senegal,SEN,Ziguinchor,L1SEN2788,2010,4.134667715000001,9.997526793,0.300021377,0.0
Senegal,SEN,Ziguinchor,L1SEN2788,2011,3.077689547,9.572016461,0.313931889,0.0
Senegal,SEN,Ziguinchor,L1SEN2788,2012,4.348154959,10.03278689,0.351692104,0.0
Senegal,SEN,Ziguinchor,L1SEN2788,2013,4.469862689,10.03278689,0.547445255,0.0
Senegal,SEN,Ziguinchor,L1SEN2788,2014,3.958421821,10.30612245,0.520811099,0.0
Senegal,SEN,Ziguinchor,L1SEN2788,2015,4.234370194,10.0,0.401489506,0.0
Senegal,SEN,Ziguinchor,L1SEN2788,2016,4.884232876,10.02040816,0.482864844,0.0
Senegal,SEN,Ziguinchor,L1SEN2788,2017,5.932436431,10.0,0.482843137,0.0
Senegal,SEN,Ziguinchor,L1SEN2788,2018,6.285625414,10.77992278,0.44111349,0.0
Senegal,SEN,Ziguinchor,L1SEN2788,2019,6.532734316,10.77992278,0.44111349,0.0
Sierra Leone,SLE,Southern,L1SLE2811,1986,2.192867746,0.0,0.674244525,0.0
Sierra Leone,SLE,Eastern,L1SLE2809,1986,2.107460563,0.0,0.48445336,0.0
Sierra Leone,SLE,Northern,L1SLE2810,1986,2.013812537,0.0,0.667768371,0.0
South Africa,ZA,Eastern Cape,L1ZAF3629,1979,0.300018692,0.0,0.0,0.0
South Africa,ZA,Eastern Cape,L1ZAF3629,1980,0.177153153,0.0,0.0,0.0
South Africa,ZA,Eastern Cape,L1ZAF3629,1981,0.457627119,0.0,0.0,0.0
South Africa,ZA,Eastern Cape,L1ZAF3629,1982,0.398373984,0.0,0.0,0.0
South Africa,ZA,Eastern Cape,L1ZAF3629,1983,0.48838843,0.0,0.0,0.0
South Africa,ZA,Eastern Cape,L1ZAF3629,1984,0.521104167,0.0,0.0,0.0
South Africa,ZA,Eastern Cape,L1ZAF3629,1985,0.301159292,0.0,0.0,0.0
South Africa,ZA,Eastern Cape,L1ZAF3629,1986,0.193458333,0.0,0.0,0.0
South Africa,ZA,Eastern Cape,L1ZAF3629,1987,2.7518510110000003,0.0,0.0,0.0
South Africa,ZA,Eastern Cape,L1ZAF3629,1988,2.6695,0.0,0.0,0.0
South Africa,ZA,Eastern Cape,L1ZAF3629,1989,2.325010684,0.0,0.0,0.0
South Africa,ZA,Eastern Cape,L1ZAF3629,1990,6.349674546,0.0,0.0,0.0
South Africa,ZA,Eastern Cape,L1ZAF3629,1991,5.2721866550000005,0.0,0.0,0.0
South Africa,ZA,Eastern Cape,L1ZAF3629,1992,4.103337641,0.0,0.0,0.0
South Africa,ZA,Eastern Cape,L1ZAF3629,1993,3.872518767,0.0,0.0,0.0
South Africa,ZA,Eastern Cape,L1ZAF3629,1994,7.522677046,0.0,0.0,0.0
South Africa,ZA,Eastern Cape,L1ZAF3629,1995,9.579594383,0.0,0.0,0.0
South Africa,ZA,Eastern Cape,L1ZAF3629,1996,8.983823529,0.0,0.0,0.0
South Africa,ZA,Eastern Cape,L1ZAF3629,1997,6.332820513,0.0,0.0,0.0
South Africa,ZA,Eastern Cape,L1ZAF3629,1998,5.4,0.0,0.0,0.0
South Africa,ZA,Eastern Cape,L1ZAF3629,1999,6.895833333000001,0.0,0.0,0.0
South Africa,ZA,Eastern Cape,L1ZAF3629,2000,7.233631485,0.0,2.494252874,0.0
South Africa,ZA,Eastern Cape,L1ZAF3629,2001,8.884373352,0.0,3.4,0.0
South Africa,ZA,Eastern Cape,L1ZAF3629,2002,12.694736842,0.0,3.646666667,0.0
South Africa,ZA,Eastern Cape,L1ZAF3629,2003,15.20952381,0.0,4.5,0.0
South Africa,ZA,Eastern Cape,L1ZAF3629,2004,13.58,0.0,2.833333333,0.0
South Africa,ZA,Eastern Cape,L1ZAF3629,2005,14.795588235,0.0,3.5,0.0
South Africa,ZA,Eastern Cape,L1ZAF3629,2006,10.272527472,0.0,1.5,0.0
South Africa,ZA,Eastern Cape,L1ZAF3629,2007,9.1625,0.0,2.0,0.0
South Africa,ZA,Eastern Cape,L1ZAF3629,2008,9.3125,0.0,1.5,0.0
South Africa,ZA,Eastern Cape,L1ZAF3629,2009,9.775,0.0,3.5,0.0
South Africa,ZA,Eastern Cape,L1ZAF3629,2010,8.908536585,0.0,2.7,0.0
South Africa,ZA,Eastern Cape,L1ZAF3629,2011,8.74,0.0,2.5,0.0
South Africa,ZA,Eastern Cape,L1ZAF3629,2012,9.567346405,0.0,2.7,0.0
South Africa,ZA,Eastern Cape,L1ZAF3629,2013,10.202139037,0.0,3.5,0.0
South Africa,ZA,Eastern Cape,L1ZAF3629,2014,10.018918919,0.0,3.3,0.0
South Africa,ZA,Eastern Cape,L1ZAF3629,2015,17.1,0.0,2.7,0.0
South Africa,ZA,Eastern Cape,L1ZAF3629,2016,10.371428571,0.0,2.9,0.0
South Africa,ZA,Eastern Cape,L1ZAF3629,2017,12.0,0.0,3.0,0.0
South Africa,ZA,Eastern Cape,L1ZAF3629,2018,11.427586207,0.0,2.5,0.0
South Africa,ZA,Eastern Cape,L1ZAF3629,2019,11.602142857,0.0,3.0,0.0
South Africa,ZA,Eastern Cape,L1ZAF3629,2020,13.377777778,0.0,3.5,0.0
South Africa,ZA,Eastern Cape,L1ZAF3629,2021,13.775,0.0,4.5,0.0
South Africa,ZA,Eastern Cape,L1ZAF3629,2022,14.196226415,0.0,4.5,0.0
South Africa,ZA,Free State,L1ZAF3630,1979,1.324834038,0.0,0.0,0.0
South Africa,ZA,Free State,L1ZAF3630,1980,0.790896159,0.0,0.0,0.0
South Africa,ZA,Free State,L1ZAF3630,1981,1.36453202,0.0,0.72,0.0
South Africa,ZA,Free State,L1ZAF3630,1982,1.182489451,0.0,0.390625,0.0
South Africa,ZA,Free State,L1ZAF3630,1983,0.835948068,0.0,0.295081967,0.0
South Africa,ZA,Free State,L1ZAF3630,1984,1.197080522,0.0,0.25,0.0
South Africa,ZA,Free State,L1ZAF3630,1985,0.510601831,0.0,0.786885246,0.0
South Africa,ZA,Free State,L1ZAF3630,1986,1.395677536,0.0,0.424242424,0.0
South Africa,ZA,Free State,L1ZAF3630,1987,5.461765142,0.0,0.541666667,0.0
South Africa,ZA,Free State,L1ZAF3630,1988,5.898015034,0.0,2.109452736,0.0
South Africa,ZA,Free State,L1ZAF3630,1989,5.822297163,0.0,2.351648352,0.0
South Africa,ZA,Free State,L1ZAF3630,1990,4.7020402830000005,0.0,2.575163398,0.0
South Africa,ZA,Free State,L1ZAF3630,1991,4.833360915,0.0,3.605504275,0.0
South Africa,ZA,Free State,L1ZAF3630,1992,1.438696167,0.0,1.719117274,0.0
South Africa,ZA,Free State,L1ZAF3630,1993,3.291002115,0.0,3.348897306,0.0
South Africa,ZA,Free State,L1ZAF3630,1994,6.682291318,0.0,2.949135588,0.0
South Africa,ZA,Free State,L1ZAF3630,1995,2.410982774,0.0,2.33993287,0.0
South Africa,ZA,Free State,L1ZAF3630,1996,4.242177924,0.0,3.408231977,0.0
South Africa,ZA,Free State,L1ZAF3630,1997,6.510952481,0.0,3.818139671,0.0
South Africa,ZA,Free State,L1ZAF3630,1998,6.062314514,0.0,3.545947228,0.0
South Africa,ZA,Free State,L1ZAF3630,1999,5.637412332,0.0,3.491901776,0.0
South Africa,ZA,Free State,L1ZAF3630,2000,7.8184114,0.0,4.0,0.0
South Africa,ZA,Free State,L1ZAF3630,2001,11.612564103,0.0,3.45,0.0
South Africa,ZA,Free State,L1ZAF3630,2002,7.381460003999999,0.0,3.6,0.0
South Africa,ZA,Free State,L1ZAF3630,2003,12.692202162,0.0,3.498432526,0.0
South Africa,ZA,Free State,L1ZAF3630,2004,12.58253171,0.0,3.990042882,0.0
South Africa,ZA,Free State,L1ZAF3630,2005,13.952109213,0.0,4.34990112,0.0
South Africa,ZA,Free State,L1ZAF3630,2006,14.01007269,0.0,4.111111111,0.0
South Africa,ZA,Free State,L1ZAF3630,2007,13.374271468,0.0,2.603723404,0.0
South Africa,ZA,Free State,L1ZAF3630,2008,15.266047445000002,0.0,4.043749999999999,0.0
South Africa,ZA,Free State,L1ZAF3630,2009,15.987384427,0.0,4.966976744,0.0
South Africa,ZA,Free State,L1ZAF3630,2010,13.783944636,0.0,3.899473684,0.0
South Africa,ZA,Free State,L1ZAF3630,2011,14.935602537,0.0,3.007407407,0.0
South Africa,ZA,Free State,L1ZAF3630,2012,9.67698939,0.0,3.29,0.0
South Africa,ZA,Free State,L1ZAF3630,2013,15.721382114,0.0,3.199354005,0.0
South Africa,ZA,Free State,L1ZAF3630,2014,17.407817416,0.0,4.376243781,0.0
South Africa,ZA,Free State,L1ZAF3630,2015,12.283196721,0.0,2.968888889,0.0
South Africa,ZA,Free State,L1ZAF3630,2016,6.727142857,0.0,2.3000000000000003,0.0
South Africa,ZA,Free State,L1ZAF3630,2017,13.646551724,0.0,5.25,0.0
South Africa,ZA,Free State,L1ZAF3630,2018,11.605502846,0.0,3.6,0.0
South Africa,ZA,Free State,L1ZAF3630,2019,9.823786408,0.0,3.1500000000000004,0.0
South Africa,ZA,Free State,L1ZAF3630,2020,14.449590164,0.0,4.3,0.0
South Africa,ZA,Free State,L1ZAF3630,2021,14.566384181,0.0,4.4,0.0
South Africa,ZA,Free State,L1ZAF3630,2022,11.685055125,0.0,4.15,0.0
South Africa,ZA,Gauteng,L1ZAF3631,1979,0.48,0.0,0.0,0.0
South Africa,ZA,Gauteng,L1ZAF3631,1980,1.5,0.0,0.0,0.0
South Africa,ZA,Gauteng,L1ZAF3631,1981,1.0,0.0,1.0,0.0
South Africa,ZA,Gauteng,L1ZAF3631,1982,1.333333333,0.0,1.0,0.0
South Africa,ZA,Gauteng,L1ZAF3631,1983,0.5226,0.0,1.0,0.0
South Africa,ZA,Gauteng,L1ZAF3631,1984,4.423142857,0.0,1.0,0.0
South Africa,ZA,Gauteng,L1ZAF3631,1985,4.288444444,0.0,1.0,0.0
South Africa,ZA,Gauteng,L1ZAF3631,1986,3.553666667,0.0,1.0,0.0
South Africa,ZA,Gauteng,L1ZAF3631,1987,5.506092437,0.0,1.0,0.0
South Africa,ZA,Gauteng,L1ZAF3631,1988,5.980567517,0.0,2.75,0.0
South Africa,ZA,Gauteng,L1ZAF3631,1989,5.2794375,0.0,2.8,0.0
South Africa,ZA,Gauteng,L1ZAF3631,1990,5.040052902,0.0,2.857142857,0.0
South Africa,ZA,Gauteng,L1ZAF3631,1991,7.814374189,0.0,2.7,0.0
South Africa,ZA,Gauteng,L1ZAF3631,1992,9.011483968,0.0,1.102930566,0.0
South Africa,ZA,Gauteng,L1ZAF3631,1993,8.765347183,0.0,2.115241229,0.0
South Africa,ZA,Gauteng,L1ZAF3631,1994,5.575586247,0.0,1.696968485,0.0
South Africa,ZA,Gauteng,L1ZAF3631,1995,5.338214286,0.0,1.1783673879999998,0.0
South Africa,ZA,Gauteng,L1ZAF3631,1996,5.997239475000001,0.0,1.423710594,0.0
South Africa,ZA,Gauteng,L1ZAF3631,1997,11.972395833,0.0,2.552909575,0.0
South Africa,ZA,Gauteng,L1ZAF3631,1998,12.141265597,0.0,3.973385105,0.0
South Africa,ZA,Gauteng,L1ZAF3631,1999,9.491666667,0.0,3.276923077,0.0
South Africa,ZA,Gauteng,L1ZAF3631,2000,9.291666667,0.0,2.4,0.0
South Africa,ZA,Gauteng,L1ZAF3631,2001,9.525225225,0.0,3.6,0.0
South Africa,ZA,Gauteng,L1ZAF3631,2002,11.222134387,0.0,4.05,0.0
South Africa,ZA,Gauteng,L1ZAF3631,2003,10.008499334,0.0,2.572256098,0.0
South Africa,ZA,Gauteng,L1ZAF3631,2004,12.063831183,0.0,3.06,0.0
South Africa,ZA,Gauteng,L1ZAF3631,2005,13.2017016,0.0,4.34,0.0
South Africa,ZA,Gauteng,L1ZAF3631,2006,13.142857143,0.0,3.550769231,0.0
South Africa,ZA,Gauteng,L1ZAF3631,2007,12.173684211,0.0,2.68,0.0
South Africa,ZA,Gauteng,L1ZAF3631,2008,14.296551724,0.0,4.267647059,0.0
South Africa,ZA,Gauteng,L1ZAF3631,2009,14.796969697,0.0,4.569402985,0.0
South Africa,ZA,Gauteng,L1ZAF3631,2010,14.840000000000002,0.0,4.2,0.0
South Africa,ZA,Gauteng,L1ZAF3631,2011,14.117058824,0.0,2.5,0.0
South Africa,ZA,Gauteng,L1ZAF3631,2012,13.600402299,0.0,2.7,0.0
South Africa,ZA,Gauteng,L1ZAF3631,2013,14.306382979,0.0,3.4,0.0
South Africa,ZA,Gauteng,L1ZAF3631,2014,14.922985429,0.0,3.768,0.0
South Africa,ZA,Gauteng,L1ZAF3631,2015,13.059633028,0.0,3.5,0.0
South Africa,ZA,Gauteng,L1ZAF3631,2016,10.093333333,0.0,3.2,0.0
South Africa,ZA,Gauteng,L1ZAF3631,2017,15.9,0.0,4.3,0.0
South Africa,ZA,Gauteng,L1ZAF3631,2018,15.010714286,0.0,3.25,0.0
South Africa,ZA,Gauteng,L1ZAF3631,2019,14.822222222,0.0,3.4000000000000004,0.0
South Africa,ZA,Gauteng,L1ZAF3631,2020,15.476190476,0.0,3.25,0.0
South Africa,ZA,Gauteng,L1ZAF3631,2021,16.809259259,0.0,3.8,0.0
South Africa,ZA,Gauteng,L1ZAF3631,2022,17.498222222,0.0,3.2,0.0
South Africa,ZA,KwaZulu-Natal,L1ZAF3632,1979,0.982666667,0.0,0.0,0.0
South Africa,ZA,KwaZulu-Natal,L1ZAF3632,1980,1.5,0.0,0.0,0.0
South Africa,ZA,KwaZulu-Natal,L1ZAF3632,1981,2.0,0.0,1.0,0.0
South Africa,ZA,KwaZulu-Natal,L1ZAF3632,1982,5.5,0.0,1.0,0.0
South Africa,ZA,KwaZulu-Natal,L1ZAF3632,1983,4.65,0.0,1.0,0.0
South Africa,ZA,KwaZulu-Natal,L1ZAF3632,1984,4.32034188,0.0,1.0,0.0
South Africa,ZA,KwaZulu-Natal,L1ZAF3632,1985,3.520115274,0.0,1.0,0.0
South Africa,ZA,KwaZulu-Natal,L1ZAF3632,1986,3.9675,0.0,1.0,0.0
South Africa,ZA,KwaZulu-Natal,L1ZAF3632,1987,8.340221019000001,0.0,1.0,0.0
South Africa,ZA,KwaZulu-Natal,L1ZAF3632,1988,9.043690083,0.0,3.0,0.0
South Africa,ZA,KwaZulu-Natal,L1ZAF3632,1989,6.887507382,0.0,3.1,0.0
South Africa,ZA,KwaZulu-Natal,L1ZAF3632,1990,9.153654437,0.0,2.846153846,0.0
South Africa,ZA,KwaZulu-Natal,L1ZAF3632,1991,9.926557507999998,0.0,3.708369565,0.0
South Africa,ZA,KwaZulu-Natal,L1ZAF3632,1992,9.157579957,0.0,2.355986589,0.0
South Africa,ZA,KwaZulu-Natal,L1ZAF3632,1993,8.044226161000001,0.0,3.089865908,0.0
South Africa,ZA,KwaZulu-Natal,L1ZAF3632,1994,11.813419734,0.0,2.76024294,0.0
South Africa,ZA,KwaZulu-Natal,L1ZAF3632,1995,6.501763492,0.0,3.503974609,0.0
South Africa,ZA,KwaZulu-Natal,L1ZAF3632,1996,8.326774194,0.0,3.097377952,0.0
South Africa,ZA,KwaZulu-Natal,L1ZAF3632,1997,7.460362602,0.0,4.712884572,0.0
South Africa,ZA,KwaZulu-Natal,L1ZAF3632,1998,9.986291486,0.0,2.191737288,0.0
South Africa,ZA,KwaZulu-Natal,L1ZAF3632,1999,10.68939394,0.0,5.016666667,0.0
South Africa,ZA,KwaZulu-Natal,L1ZAF3632,2000,10.322988506,0.0,4.1,0.0
South Africa,ZA,KwaZulu-Natal,L1ZAF3632,2001,8.002797202,0.0,4.2,0.0
South Africa,ZA,KwaZulu-Natal,L1ZAF3632,2002,11.983439042,0.0,4.45,0.0
South Africa,ZA,KwaZulu-Natal,L1ZAF3632,2003,13.333185637,0.0,4.178566731,0.0
South Africa,ZA,KwaZulu-Natal,L1ZAF3632,2004,14.107042471,0.0,5.166666667,0.0
South Africa,ZA,KwaZulu-Natal,L1ZAF3632,2005,12.049382716,0.0,5.776666667000001,0.0
South Africa,ZA,KwaZulu-Natal,L1ZAF3632,2006,12.182808717,0.0,4.0,0.0
South Africa,ZA,KwaZulu-Natal,L1ZAF3632,2007,14.320720721,0.0,4.9,0.0
South Africa,ZA,KwaZulu-Natal,L1ZAF3632,2008,13.818232931,0.0,5.814285714,0.0
South Africa,ZA,KwaZulu-Natal,L1ZAF3632,2009,14.353658537,0.0,4.4,0.0
South Africa,ZA,KwaZulu-Natal,L1ZAF3632,2010,14.154545455,0.0,5.45,0.0
South Africa,ZA,KwaZulu-Natal,L1ZAF3632,2011,13.949382716,0.0,5.239215686,0.0
South Africa,ZA,KwaZulu-Natal,L1ZAF3632,2012,14.752808989,0.0,4.7,0.0
South Africa,ZA,KwaZulu-Natal,L1ZAF3632,2013,16.305263158,0.0,4.8625,0.0
South Africa,ZA,KwaZulu-Natal,L1ZAF3632,2014,17.529879679,0.0,5.3,0.0
South Africa,ZA,KwaZulu-Natal,L1ZAF3632,2015,16.070588235,0.0,4.65,0.0
South Africa,ZA,KwaZulu-Natal,L1ZAF3632,2016,15.174418605,0.0,3.55,0.0
South Africa,ZA,KwaZulu-Natal,L1ZAF3632,2017,16.9,0.0,4.137868852,0.0
South Africa,ZA,KwaZulu-Natal,L1ZAF3632,2018,17.073684211,0.0,4.3,0.0
South Africa,ZA,KwaZulu-Natal,L1ZAF3632,2019,15.863636364,0.0,4.15,0.0
South Africa,ZA,KwaZulu-Natal,L1ZAF3632,2020,16.954901961,0.0,4.1,0.0
South Africa,ZA,KwaZulu-Natal,L1ZAF3632,2021,18.097619048,0.0,5.9,0.0
South Africa,ZA,KwaZulu-Natal,L1ZAF3632,2022,17.616216215999998,0.0,4.95,0.0
South Africa,ZA,Limpopo,L1ZAF3633,1979,0.245833333,0.0,0.0,0.0
South Africa,ZA,Limpopo,L1ZAF3633,1980,1.05952381,0.0,0.0,0.0
South Africa,ZA,Limpopo,L1ZAF3633,1981,0.866071429,0.0,0.727272727,0.0
South Africa,ZA,Limpopo,L1ZAF3633,1982,0.678571429,0.0,0.36,0.0
South Africa,ZA,Limpopo,L1ZAF3633,1983,0.241019417,0.0,0.2,0.0
South Africa,ZA,Limpopo,L1ZAF3633,1984,0.901,0.0,0.260869565,0.0
South Africa,ZA,Limpopo,L1ZAF3633,1985,0.529413793,0.0,0.647058824,0.0
South Africa,ZA,Limpopo,L1ZAF3633,1986,0.359161616,0.0,0.416666667,0.0
South Africa,ZA,Limpopo,L1ZAF3633,1987,7.753139092,0.0,0.454545455,0.0
South Africa,ZA,Limpopo,L1ZAF3633,1988,5.732950851,0.0,2.6,0.0
South Africa,ZA,Limpopo,L1ZAF3633,1989,4.827929777,0.0,3.833333333,0.0
South Africa,ZA,Limpopo,L1ZAF3633,1990,6.494286253,0.0,3.2,0.0
South Africa,ZA,Limpopo,L1ZAF3633,1991,8.002399225,0.0,3.642814371,0.0
South Africa,ZA,Limpopo,L1ZAF3633,1992,4.942207604,0.0,2.732219827,0.0
South Africa,ZA,Limpopo,L1ZAF3633,1993,5.660458959,0.0,3.5953407100000003,0.0
South Africa,ZA,Limpopo,L1ZAF3633,1994,6.381613828000001,0.0,3.011469599,0.0
South Africa,ZA,Limpopo,L1ZAF3633,1995,5.248742002,0.0,2.091503733,0.0
South Africa,ZA,Limpopo,L1ZAF3633,1996,5.75,0.0,3.609617107,0.0
South Africa,ZA,Limpopo,L1ZAF3633,1997,9.50087146,0.0,3.651777394,0.0
South Africa,ZA,Limpopo,L1ZAF3633,1998,8.974444445,0.0,5.765156497,0.0
South Africa,ZA,Limpopo,L1ZAF3633,1999,8.370270269999999,0.0,4.688888888999999,0.0
South Africa,ZA,Limpopo,L1ZAF3633,2000,10.252380952,0.0,4.3,0.0
South Africa,ZA,Limpopo,L1ZAF3633,2001,8.215384615,0.0,5.5,0.0
South Africa,ZA,Limpopo,L1ZAF3633,2002,8.6,0.0,5.4,0.0
South Africa,ZA,Limpopo,L1ZAF3633,2003,8.72669315,0.0,5.122115385,0.0
South Africa,ZA,Limpopo,L1ZAF3633,2004,9.525656949,0.0,5.013145929,0.0
South Africa,ZA,Limpopo,L1ZAF3633,2005,8.978609625,0.0,5.786,0.0
South Africa,ZA,Limpopo,L1ZAF3633,2006,9.791428571,0.0,6.6000000000000005,0.0
South Africa,ZA,Limpopo,L1ZAF3633,2007,8.616089466,0.0,4.823529412,0.0
South Africa,ZA,Limpopo,L1ZAF3633,2008,12.429824561,0.0,6.934615385000001,0.0
South Africa,ZA,Limpopo,L1ZAF3633,2009,13.511458333,0.0,6.5,0.0
South Africa,ZA,Limpopo,L1ZAF3633,2010,11.919101124,0.0,6.1,0.0
South Africa,ZA,Limpopo,L1ZAF3633,2011,12.103095031,0.0,5.70212766,0.0
South Africa,ZA,Limpopo,L1ZAF3633,2012,18.54,0.0,4.746428571,0.0
South Africa,ZA,Limpopo,L1ZAF3633,2013,13.609729639,0.0,6.175,0.0
South Africa,ZA,Limpopo,L1ZAF3633,2014,18.64,0.0,6.12,0.0
South Africa,ZA,Limpopo,L1ZAF3633,2015,18.371717172,0.0,6.1,0.0
South Africa,ZA,Limpopo,L1ZAF3633,2016,13.223364486,0.0,4.65,0.0
South Africa,ZA,Limpopo,L1ZAF3633,2017,16.9875,0.0,6.949999999999999,0.0
South Africa,ZA,Limpopo,L1ZAF3633,2018,16.381818182,0.0,6.9,0.0
South Africa,ZA,Limpopo,L1ZAF3633,2019,14.5,0.0,6.6,0.0
South Africa,ZA,Limpopo,L1ZAF3633,2020,15.95,0.0,6.5,0.0
South Africa,ZA,Limpopo,L1ZAF3633,2021,17.683999999999997,0.0,7.8,0.0
South Africa,ZA,Limpopo,L1ZAF3633,2022,15.925925926,0.0,7.7,0.0
South Africa,ZA,Mpumalanga,L1ZAF3634,1979,1.132411765,0.0,0.0,0.0
South Africa,ZA,Mpumalanga,L1ZAF3634,1980,1.913043478,0.0,0.0,0.0
South Africa,ZA,Mpumalanga,L1ZAF3634,1981,1.87755102,0.0,0.833333333,0.0
South Africa,ZA,Mpumalanga,L1ZAF3634,1982,2.08,0.0,1.0,0.0
South Africa,ZA,Mpumalanga,L1ZAF3634,1983,1.20925,0.0,0.75,0.0
South Africa,ZA,Mpumalanga,L1ZAF3634,1984,1.566716981,0.0,0.666666667,0.0
South Africa,ZA,Mpumalanga,L1ZAF3634,1985,2.115861111,0.0,1.0,0.0
South Africa,ZA,Mpumalanga,L1ZAF3634,1986,2.03512,0.0,1.0,0.0
South Africa,ZA,Mpumalanga,L1ZAF3634,1987,7.715676677,0.0,1.0,0.0
South Africa,ZA,Mpumalanga,L1ZAF3634,1988,8.605968348,0.0,3.083333333,0.0
South Africa,ZA,Mpumalanga,L1ZAF3634,1989,8.977220192,0.0,3.090909091,0.0
South Africa,ZA,Mpumalanga,L1ZAF3634,1990,6.224476645999999,0.0,3.277777778,0.0
South Africa,ZA,Mpumalanga,L1ZAF3634,1991,10.586737596,0.0,3.702686203,0.0
South Africa,ZA,Mpumalanga,L1ZAF3634,1992,8.883103443,0.0,1.459048149,0.0
South Africa,ZA,Mpumalanga,L1ZAF3634,1993,10.091383621,0.0,3.514824432,0.0
South Africa,ZA,Mpumalanga,L1ZAF3634,1994,9.41346809,0.0,2.965701189,0.0
South Africa,ZA,Mpumalanga,L1ZAF3634,1995,7.454233215,0.0,2.41329267,0.0
South Africa,ZA,Mpumalanga,L1ZAF3634,1996,10.274361964,0.0,2.613710544,0.0
South Africa,ZA,Mpumalanga,L1ZAF3634,1997,8.955843496,0.0,3.228914207,0.0
South Africa,ZA,Mpumalanga,L1ZAF3634,1998,0.0,0.0,2.520528649,0.0
South Africa,ZA,Mpumalanga,L1ZAF3634,1999,12.010303031,0.0,3.55490324,0.0
South Africa,ZA,Mpumalanga,L1ZAF3634,2000,11.3275,0.0,4.7,0.0
South Africa,ZA,Mpumalanga,L1ZAF3634,2001,9.85,0.0,5.2,0.0
South Africa,ZA,Mpumalanga,L1ZAF3634,2002,12.099682029,0.0,4.25,0.0
South Africa,ZA,Mpumalanga,L1ZAF3634,2003,10.261552518,0.0,3.804882386,0.0
South Africa,ZA,Mpumalanga,L1ZAF3634,2004,12.387383412,0.0,4.748163265,0.0
South Africa,ZA,Mpumalanga,L1ZAF3634,2005,13.91240873,0.0,4.826785714,0.0
South Africa,ZA,Mpumalanga,L1ZAF3634,2006,13.353214285,0.0,2.75,0.0
South Africa,ZA,Mpumalanga,L1ZAF3634,2007,10.970212766,0.0,1.5499999999999998,0.0
South Africa,ZA,Mpumalanga,L1ZAF3634,2008,14.42519305,0.0,2.76097561,0.0
South Africa,ZA,Mpumalanga,L1ZAF3634,2009,15.510104821,0.0,3.6,0.0
South Africa,ZA,Mpumalanga,L1ZAF3634,2010,14.081687414,0.0,2.802413793,0.0
South Africa,ZA,Mpumalanga,L1ZAF3634,2011,14.772377622,0.0,2.4,0.0
South Africa,ZA,Mpumalanga,L1ZAF3634,2012,15.32,0.0,2.6652500000000003,0.0
South Africa,ZA,Mpumalanga,L1ZAF3634,2013,16.3219262,0.0,4.334146341,0.0
South Africa,ZA,Mpumalanga,L1ZAF3634,2014,16.573490909,0.0,5.050246305,0.0
South Africa,ZA,Mpumalanga,L1ZAF3634,2015,15.2933805,0.0,2.841428571,0.0
South Africa,ZA,Mpumalanga,L1ZAF3634,2016,14.134693878,0.0,2.7,0.0
South Africa,ZA,Mpumalanga,L1ZAF3634,2017,18.501020408,0.0,3.85,0.0
South Africa,ZA,Mpumalanga,L1ZAF3634,2018,17.35,0.0,3.6,0.0
South Africa,ZA,Mpumalanga,L1ZAF3634,2019,16.874948240000002,0.0,2.55,0.0
South Africa,ZA,Mpumalanga,L1ZAF3634,2020,18.175730994,0.0,2.85,0.0
South Africa,ZA,Mpumalanga,L1ZAF3634,2021,20.22,0.0,3.7,0.0
South Africa,ZA,Mpumalanga,L1ZAF3634,2022,18.909708738,0.0,3.45,0.0
South Africa,ZA,North West,L1ZAF3635,1979,1.552576923,0.0,0.0,0.0
South Africa,ZA,North West,L1ZAF3635,1980,1.35,0.0,0.0,0.0
South Africa,ZA,North West,L1ZAF3635,1981,2.636363636,0.0,0.564814815,0.0
South Africa,ZA,North West,L1ZAF3635,1982,2.183908046,0.0,0.258823529,0.0
South Africa,ZA,North West,L1ZAF3635,1983,1.492035088,0.0,0.185185185,0.0
South Africa,ZA,North West,L1ZAF3635,1984,1.851769231,0.0,0.095238095,0.0
South Africa,ZA,North West,L1ZAF3635,1985,0.899112676,0.0,0.440860215,0.0
South Africa,ZA,North West,L1ZAF3635,1986,0.866296296,0.0,0.316455696,0.0
South Africa,ZA,North West,L1ZAF3635,1987,4.612221487999999,0.0,0.553571429,0.0
South Africa,ZA,North West,L1ZAF3635,1988,6.069716475,0.0,2.628947368,0.0
South Africa,ZA,North West,L1ZAF3635,1989,7.097599199999999,0.0,2.495833333,0.0
South Africa,ZA,North West,L1ZAF3635,1990,5.90621294,0.0,3.19047619,0.0
South Africa,ZA,North West,L1ZAF3635,1991,5.075431022,0.0,2.097593391,0.0
South Africa,ZA,North West,L1ZAF3635,1992,4.688129859,0.0,1.4261120980000002,0.0
South Africa,ZA,North West,L1ZAF3635,1993,6.894101682,0.0,2.546395511,0.0
South Africa,ZA,North West,L1ZAF3635,1994,8.127305296,0.0,2.718914754,0.0
South Africa,ZA,North West,L1ZAF3635,1995,3.8359422,0.0,2.125931806,0.0
South Africa,ZA,North West,L1ZAF3635,1996,7.539707426,0.0,3.732262812,0.0
South Africa,ZA,North West,L1ZAF3635,1997,12.940999606,0.0,4.210806610000001,0.0
South Africa,ZA,North West,L1ZAF3635,1998,11.40742827,0.0,4.072403392,0.0
South Africa,ZA,North West,L1ZAF3635,1999,11.095212155,0.0,4.154370629,0.0
South Africa,ZA,North West,L1ZAF3635,2000,14.8,0.0,4.85,0.0
South Africa,ZA,North West,L1ZAF3635,2001,14.39339136,0.0,4.05,0.0
South Africa,ZA,North West,L1ZAF3635,2002,15.64217033,0.0,4.55,0.0
South Africa,ZA,North West,L1ZAF3635,2003,12.480120806,0.0,4.644989302,0.0
South Africa,ZA,North West,L1ZAF3635,2004,16.026420813,0.0,4.918353345,0.0
South Africa,ZA,North West,L1ZAF3635,2005,16.74949869,0.0,4.6106594780000005,0.0
South Africa,ZA,North West,L1ZAF3635,2006,15.735402549,0.0,4.952777778000001,0.0
South Africa,ZA,North West,L1ZAF3635,2007,15.239736652,0.0,3.4,0.0
South Africa,ZA,North West,L1ZAF3635,2008,17.617261241999998,0.0,4.95,0.0
South Africa,ZA,North West,L1ZAF3635,2009,17.557135275,0.0,5.5,0.0
South Africa,ZA,North West,L1ZAF3635,2010,17.058488298,0.0,5.0,0.0
South Africa,ZA,North West,L1ZAF3635,2011,18.838471584,0.0,4.55,0.0
South Africa,ZA,North West,L1ZAF3635,2012,17.405228758,0.0,3.55,0.0
South Africa,ZA,North West,L1ZAF3635,2013,16.83151285,0.0,2.334090909,0.0
South Africa,ZA,North West,L1ZAF3635,2014,18.65075188,0.0,4.795454545,0.0
South Africa,ZA,North West,L1ZAF3635,2015,14.942307692,0.0,2.960077519,0.0
South Africa,ZA,North West,L1ZAF3635,2016,9.025,0.0,2.0500000000000003,0.0
South Africa,ZA,North West,L1ZAF3635,2017,14.255873016,0.0,4.75,0.0
South Africa,ZA,North West,L1ZAF3635,2018,13.439583333000002,0.0,3.6,0.0
South Africa,ZA,North West,L1ZAF3635,2019,11.236082474,0.0,3.05,0.0
South Africa,ZA,North West,L1ZAF3635,2020,14.309292035,0.0,4.3,0.0
South Africa,ZA,North West,L1ZAF3635,2021,15.02112069,0.0,5.199999999999999,0.0
South Africa,ZA,North West,L1ZAF3635,2022,13.383272059,0.0,4.8,0.0
South Africa,ZA,Northern Cape,L1ZAF3636,1979,1.432432432,0.0,0.0,0.0
South Africa,ZA,Northern Cape,L1ZAF3636,1980,2.403846154,0.0,0.0,0.0
South Africa,ZA,Northern Cape,L1ZAF3636,1981,1.597826087,0.0,1.081967213,0.0
South Africa,ZA,Northern Cape,L1ZAF3636,1982,1.625,0.0,0.309090909,0.0
South Africa,ZA,Northern Cape,L1ZAF3636,1983,1.204951807,0.0,0.307692308,0.0
South Africa,ZA,Northern Cape,L1ZAF3636,1984,3.09576087,0.0,0.196428571,0.0
South Africa,ZA,Northern Cape,L1ZAF3636,1985,3.198943396,0.0,0.551020408,0.0
South Africa,ZA,Northern Cape,L1ZAF3636,1986,3.863078431,0.0,0.245614035,0.0
South Africa,ZA,Northern Cape,L1ZAF3636,1987,9.962100495,0.0,0.390243902,0.0
South Africa,ZA,Northern Cape,L1ZAF3636,1988,11.516145532,0.0,3.787234043,0.0
South Africa,ZA,Northern Cape,L1ZAF3636,1989,12.405774955,0.0,3.3,0.0
South Africa,ZA,Northern Cape,L1ZAF3636,1990,11.906359393,0.0,2.947619048,0.0
South Africa,ZA,Northern Cape,L1ZAF3636,1991,11.418736458999998,0.0,4.354761905,0.0
South Africa,ZA,Northern Cape,L1ZAF3636,1992,11.109377884,0.0,3.813065712,0.0
South Africa,ZA,Northern Cape,L1ZAF3636,1993,12.776863246,0.0,4.67268722,0.0
South Africa,ZA,Northern Cape,L1ZAF3636,1994,12.738423181,0.0,4.184656462,0.0
South Africa,ZA,Northern Cape,L1ZAF3636,1995,4.968607143,0.0,5.197508933,0.0
South Africa,ZA,Northern Cape,L1ZAF3636,1996,11.740455338,0.0,7.07931056,0.0
South Africa,ZA,Northern Cape,L1ZAF3636,1997,15.658905188,0.0,8.7156457,0.0
South Africa,ZA,Northern Cape,L1ZAF3636,1998,20.774772037,0.0,6.409933634,0.0
South Africa,ZA,Northern Cape,L1ZAF3636,1999,18.039980535,0.0,8.626785714,0.0
South Africa,ZA,Northern Cape,L1ZAF3636,2000,20.33333333,0.0,7.649999999999999,0.0
South Africa,ZA,Northern Cape,L1ZAF3636,2001,19.687104581,0.0,7.55,0.0
South Africa,ZA,Northern Cape,L1ZAF3636,2002,21.18692019,0.0,5.0,0.0
South Africa,ZA,Northern Cape,L1ZAF3636,2003,20.912767825,0.0,4.949999999999999,0.0
South Africa,ZA,Northern Cape,L1ZAF3636,2004,22.307547183,0.0,7.328824626999999,0.0
South Africa,ZA,Northern Cape,L1ZAF3636,2005,23.477278351,0.0,8.475000000000001,0.0
South Africa,ZA,Northern Cape,L1ZAF3636,2006,23.163207550000003,0.0,8.9,0.0
South Africa,ZA,Northern Cape,L1ZAF3636,2007,23.700142172,0.0,9.020833333,0.0
South Africa,ZA,Northern Cape,L1ZAF3636,2008,24.969220783,0.0,9.571428571,0.0
South Africa,ZA,Northern Cape,L1ZAF3636,2009,24.44950495,0.0,8.6,0.0
South Africa,ZA,Northern Cape,L1ZAF3636,2010,25.830039724,0.0,7.712,0.0
South Africa,ZA,Northern Cape,L1ZAF3636,2011,26.57606383,0.0,7.526666667000001,0.0
South Africa,ZA,Northern Cape,L1ZAF3636,2012,25.93925668,0.0,7.6,0.0
South Africa,ZA,Northern Cape,L1ZAF3636,2013,27.600156639,0.0,7.5,0.0
South Africa,ZA,Northern Cape,L1ZAF3636,2014,27.52111554,0.0,8.2,0.0
South Africa,ZA,Northern Cape,L1ZAF3636,2015,26.41717172,0.0,9.097183099,0.0
South Africa,ZA,Northern Cape,L1ZAF3636,2016,20.80697674,0.0,7.4,0.0
South Africa,ZA,Northern Cape,L1ZAF3636,2017,22.88453608,0.0,9.0,0.0
South Africa,ZA,Northern Cape,L1ZAF3636,2018,22.4,0.0,8.0,0.0
South Africa,ZA,Northern Cape,L1ZAF3636,2019,21.28976546,0.0,7.0,0.0
South Africa,ZA,Northern Cape,L1ZAF3636,2020,21.84526882,0.0,7.65,0.0
South Africa,ZA,Northern Cape,L1ZAF3636,2021,22.63581081,0.0,8.1,0.0
South Africa,ZA,Northern Cape,L1ZAF3636,2022,22.63333333,0.0,8.05,0.0
South Africa,ZA,Western Cape,L1ZAF3637,1979,0.924932358,0.0,0.0,0.0
South Africa,ZA,Western Cape,L1ZAF3637,1980,0.880294659,0.0,0.0,0.0
South Africa,ZA,Western Cape,L1ZAF3637,1981,1.238273921,0.0,0.0,0.0
South Africa,ZA,Western Cape,L1ZAF3637,1982,1.282097649,0.0,0.0,0.0
South Africa,ZA,Western Cape,L1ZAF3637,1983,1.320754386,0.0,0.0,0.0
South Africa,ZA,Western Cape,L1ZAF3637,1984,1.128821429,0.0,0.0,0.0
South Africa,ZA,Western Cape,L1ZAF3637,1985,1.121858198,0.0,0.0,0.0
South Africa,ZA,Western Cape,L1ZAF3637,1986,1.024914119,0.0,0.0,0.0
South Africa,ZA,Western Cape,L1ZAF3637,1987,2.636039394,0.0,0.0,0.0
South Africa,ZA,Western Cape,L1ZAF3637,1988,3.114787136,0.0,1.0,0.0
South Africa,ZA,Western Cape,L1ZAF3637,1989,3.216648438,0.0,1.0,0.0
South Africa,ZA,Western Cape,L1ZAF3637,1990,3.462609392,0.0,1.0,0.0
South Africa,ZA,Western Cape,L1ZAF3637,1991,3.015674847,0.0,2.559917355,0.0
South Africa,ZA,Western Cape,L1ZAF3637,1992,3.872771189,0.0,2.888098468,0.0
South Africa,ZA,Western Cape,L1ZAF3637,1993,4.277036677,0.0,2.9534673390000004,0.0
South Africa,ZA,Western Cape,L1ZAF3637,1994,4.1086869440000005,0.0,1.066971081,0.0
South Africa,ZA,Western Cape,L1ZAF3637,1995,3.1079438340000003,0.0,1.713270142,0.0
South Africa,ZA,Western Cape,L1ZAF3637,1996,8.25,0.0,1.968531469,0.0
South Africa,ZA,Western Cape,L1ZAF3637,1997,9.088487242,0.0,0.0,0.0
South Africa,ZA,Western Cape,L1ZAF3637,1998,8.839819656,0.0,0.0,0.0
South Africa,ZA,Western Cape,L1ZAF3637,1999,10.317741935,0.0,0.0,0.0
South Africa,ZA,Western Cape,L1ZAF3637,2000,9.461111111,0.0,3.68,0.0
South Africa,ZA,Western Cape,L1ZAF3637,2001,9.75133785,0.0,3.7,0.0
South Africa,ZA,Western Cape,L1ZAF3637,2002,11.539997992,0.0,3.5,0.0
South Africa,ZA,Western Cape,L1ZAF3637,2003,10.824797334,0.0,3.0,0.0
South Africa,ZA,Western Cape,L1ZAF3637,2004,10.286911313,0.0,4.6,0.0
South Africa,ZA,Western Cape,L1ZAF3637,2005,16.849929750999998,0.0,5.0,0.0
South Africa,ZA,Western Cape,L1ZAF3637,2006,14.412820513,0.0,3.5,0.0
South Africa,ZA,Western Cape,L1ZAF3637,2007,14.771612903,0.0,2.3,0.0
South Africa,ZA,Western Cape,L1ZAF3637,2008,14.866666667,0.0,2.5,0.0
South Africa,ZA,Western Cape,L1ZAF3637,2009,15.1812627,0.0,2.8,0.0
South Africa,ZA,Western Cape,L1ZAF3637,2010,10.954246575,0.0,3.0,0.0
South Africa,ZA,Western Cape,L1ZAF3637,2011,12.467892626,0.0,3.2,0.0
South Africa,ZA,Western Cape,L1ZAF3637,2012,16.423289474,0.0,2.0,0.0
South Africa,ZA,Western Cape,L1ZAF3637,2013,15.793548387,0.0,2.0,0.0
South Africa,ZA,Western Cape,L1ZAF3637,2014,15.293606394,0.0,1.5,0.0
South Africa,ZA,Western Cape,L1ZAF3637,2015,14.45,0.0,3.3,0.0
South Africa,ZA,Western Cape,L1ZAF3637,2016,13.4,0.0,3.0,0.0
South Africa,ZA,Western Cape,L1ZAF3637,2017,11.8,0.0,3.0,0.0
South Africa,ZA,Western Cape,L1ZAF3637,2018,12.4,0.0,1.5,0.0
South Africa,ZA,Western Cape,L1ZAF3637,2019,10.95,0.0,1.9,0.0
South Africa,ZA,Western Cape,L1ZAF3637,2020,12.35,0.0,1.5,0.0
South Africa,ZA,Western Cape,L1ZAF3637,2021,12.5,0.0,1.5,0.0
South Africa,ZA,Western Cape,L1ZAF3637,2022,11.9625,0.0,1.5,0.0
South Africa,ZAF,Free State,L1ZAF3630,1992,0.749641815,0.0,0.0,0.0
South Africa,ZAF,Free State,L1ZAF3630,1993,2.640042037,0.0,0.0,0.0
South Africa,ZAF,Free State,L1ZAF3630,1995,1.350966667,0.0,0.0,0.0
South Africa,ZAF,Free State,L1ZAF3630,1996,2.970560496,0.0,0.0,0.0
South Africa,ZAF,Gauteng,L1ZAF3631,1990,2.775673641,0.0,0.0,0.0
South Africa,ZAF,Gauteng,L1ZAF3631,1991,3.242570161,0.0,0.0,0.0
South Africa,ZAF,Gauteng,L1ZAF3631,1994,0.343287297,0.0,0.0,0.0
South Africa,ZAF,Gauteng,L1ZAF3631,1995,1.75653125,0.0,0.0,0.0
South Africa,ZAF,Gauteng,L1ZAF3631,1996,4.186972973,0.0,0.0,0.0
South Africa,ZAF,Limpopo,L1ZAF3633,1991,2.493277446,0.0,0.0,0.0
South Africa,ZAF,Limpopo,L1ZAF3633,1992,1.077335984,0.0,0.0,0.0
South Africa,ZAF,Limpopo,L1ZAF3633,1993,1.46185882,0.0,0.0,0.0
South Africa,ZAF,Limpopo,L1ZAF3633,1994,2.050133465,0.0,0.0,0.0
South Africa,ZAF,Limpopo,L1ZAF3633,1996,1.48760088,0.0,0.0,0.0
South Africa,ZAF,Mpumalanga,L1ZAF3634,1990,3.086085595,0.0,0.0,0.0
South Africa,ZAF,Mpumalanga,L1ZAF3634,1994,1.796253047,0.0,0.0,0.0
South Africa,ZAF,Mpumalanga,L1ZAF3634,1998,7.559489865,0.0,1.167385677,0.0
South Africa,ZAF,North West,L1ZAF3635,1991,1.871892676,0.0,0.0,0.0
South Africa,ZAF,North West,L1ZAF3635,1995,1.134176871,0.0,0.0,0.0
South Africa,ZAF,Northern Cape,L1ZAF3636,1995,6.992636948,0.0,0.0,0.0
South Africa,ZAF,KwaZulu-Natal,L1ZAF3632,1998,0.0,0.0,12.032225913,0.0
Swaziland,SWZ,Hhohho,L1SWZ2944,1994,2.551782552,5.170045045,3.172848617,0.457616316
Swaziland,SWZ,Hhohho,L1SWZ2944,1995,3.422982885,0.0,0.0,0.0
Swaziland,SWZ,Hhohho,L1SWZ2944,1997,0.632688928,0.0,0.0,0.0
Swaziland,SWZ,Hhohho,L1SWZ2944,1998,0.218265605,0.0,0.0,0.0
Swaziland,SWZ,Hhohho,L1SWZ2944,2000,1.900030269,3.65503876,1.103089922,2.152402402
Swaziland,SWZ,Lubombo,L1SWZ2945,1994,1.111617312,1.28930131,2.141240313,0.684453099
Swaziland,SWZ,Lubombo,L1SWZ2945,1995,0.470409712,0.0,0.0,0.0
Swaziland,SWZ,Lubombo,L1SWZ2945,1997,1.932885906,0.0,0.0,0.0
Swaziland,SWZ,Lubombo,L1SWZ2945,1998,0.046082949,0.0,0.0,0.0
Swaziland,SWZ,Lubombo,L1SWZ2945,2000,3.664638601,5.0,1.9375,1.614943498
Swaziland,SWZ,Manzini,L1SWZ2946,1994,4.257096726,4.675789474,0.556012537,0.224783862
Swaziland,SWZ,Manzini,L1SWZ2946,1995,0.535885167,0.0,0.0,0.0
Swaziland,SWZ,Manzini,L1SWZ2946,1997,3.764705882,0.0,0.0,0.0
Swaziland,SWZ,Manzini,L1SWZ2946,1998,0.056087551,0.0,0.0,0.0
Swaziland,SWZ,Manzini,L1SWZ2946,2000,4.054238046,4.67679558,1.0548558579999998,1.689845475
Swaziland,SWZ,Shiselweni,L1SWZ2947,1994,1.4601038439999998,6.607043041,3.583868838,0.364717162
Swaziland,SWZ,Shiselweni,L1SWZ2947,1995,0.3628,0.0,0.0,0.0
Swaziland,SWZ,Shiselweni,L1SWZ2947,1997,0.195555556,0.0,0.0,0.0
Swaziland,SWZ,Shiselweni,L1SWZ2947,1998,0.018147087,0.0,0.0,0.0
Swaziland,SWZ,Shiselweni,L1SWZ2947,2000,2.020362413,2.590909091,0.289574407,4.239549839
Zambia,ZMB,Central,L1ZMB3638,1991,1.987118737,0.0,0.0,0.0
Zambia,ZMB,Central,L1ZMB3638,1992,5.702312882,0.177245413,1.5786972540000002,0.518284024
Zambia,ZMB,Southern,L1ZMB3646,1991,1.586876582,0.0,0.0,0.0
Zambia,ZMB,Southern,L1ZMB3646,1992,4.337035472,0.144851658,1.477924617,0.296107638
Zambia,ZMB,Western,L1ZMB3647,1991,1.2167633,0.0,0.0,0.0
Zambia,ZMB,Western,L1ZMB3647,1992,2.9471345820000003,0.334209264,1.064504201,0.304568528
Zambia,ZMB,Eastern,L1ZMB3640,1991,1.524959089,0.0,0.0,0.0
Zambia,ZMB,Eastern,L1ZMB3640,1992,2.743452622,0.240163148,1.282066655,0.520903118
Zambia,ZMB,Northern,L1ZMB3645,1991,2.107322582,0.0,0.0,0.0
Zambia,ZMB,Northern,L1ZMB3645,1992,3.609714164,0.546873102,1.402873753,0.153095238
Zambia,ZMB,Copperbelt,L1ZMB3639,1991,1.580686646,0.0,0.0,0.0
Zambia,ZMB,Copperbelt,L1ZMB3639,1992,3.685281083,0.587894144,1.519631226,0.296380368
Zambia,ZMB,Luapula,L1ZMB3641,1991,2.179271457,0.0,0.0,0.0
Zambia,ZMB,Luapula,L1ZMB3641,1992,4.603989926,0.727612508,1.684801325,0.333714286
Zambia,ZMB,Lusaka,L1ZMB3642,1991,1.86900975,0.0,0.0,0.0
Zambia,ZMB,Lusaka,L1ZMB3642,1992,6.296979226,0.077160494,1.674168913,0.684863248
Zambia,ZMB,North-Western,L1ZMB3644,1991,1.566444876,0.0,0.0,0.0
Zambia,ZMB,North-Western,L1ZMB3644,1992,3.173892172,0.262774328,1.466187636,0.516764706
Zimbabwe,ZW,Manicaland,L1ZWE3655,2001,1.115300481,0.0,0.0,0.0
Zimbabwe,ZW,Manicaland,L1ZWE3655,2003,0.549998539,0.0,0.0,0.0
Zimbabwe,ZW,Manicaland,L1ZWE3655,2004,0.350002888,0.0,0.0,0.0
Zimbabwe,ZW,Manicaland,L1ZWE3655,2006,0.883561644,0.0,0.0,0.0
Zimbabwe,ZW,Manicaland,L1ZWE3655,2007,0.565400844,0.0,0.0,0.0
Zimbabwe,ZW,Manicaland,L1ZWE3655,2008,0.345000841,0.0,0.0,0.0
Zimbabwe,ZW,Manicaland,L1ZWE3655,2009,0.779998615,0.0,0.0,0.0
Zimbabwe,ZW,Manicaland,L1ZWE3655,2010,0.50055684,0.0,0.0,0.0
Zimbabwe,ZW,Manicaland,L1ZWE3655,2011,0.610001297,0.0,0.0,0.0
Zimbabwe,ZW,Manicaland,L1ZWE3655,2012,0.637417419,0.0,0.0,0.0
Zimbabwe,ZW,Manicaland,L1ZWE3655,2013,0.730000053,0.0,0.0,0.0
Zimbabwe,ZW,Manicaland,L1ZWE3655,2014,0.809995957,0.0,0.0,0.0
Zimbabwe,ZW,Manicaland,L1ZWE3655,2015,0.426873997,0.0,0.0,0.0
Zimbabwe,ZW,Manicaland,L1ZWE3655,2016,0.380844742,0.0,0.0,0.0
Zimbabwe,ZW,Manicaland,L1ZWE3655,2017,1.010102193,0.0,0.0,0.0
Zimbabwe,ZW,Manicaland,L1ZWE3655,2018,0.819927137,0.0,0.0,0.0
Zimbabwe,ZW,Manicaland,L1ZWE3655,2019,0.218795788,0.0,0.0,0.0
Zimbabwe,ZW,Manicaland,L1ZWE3655,2020,0.286383241,0.0,0.0,0.0
Zimbabwe,ZW,Manicaland,L1ZWE3655,2021,1.11777588,0.0,0.0,0.0
Zimbabwe,ZW,Manicaland,L1ZWE3655,2022,0.573630575,0.0,0.0,0.0
Zimbabwe,ZW,Mashonaland Central,L1ZWE3656,2001,1.769081505,0.0,0.0,0.0
Zimbabwe,ZW,Mashonaland Central,L1ZWE3656,2003,0.760000905,0.0,0.0,0.0
Zimbabwe,ZW,Mashonaland Central,L1ZWE3656,2004,0.550003613,0.0,0.0,0.0
Zimbabwe,ZW,Mashonaland Central,L1ZWE3656,2006,1.158415842,0.0,0.0,0.0
Zimbabwe,ZW,Mashonaland Central,L1ZWE3656,2007,0.821256039,0.0,0.0,0.0
Zimbabwe,ZW,Mashonaland Central,L1ZWE3656,2008,0.500999531,0.0,0.0,0.0
Zimbabwe,ZW,Mashonaland Central,L1ZWE3656,2009,0.969999001,0.0,0.0,0.0
Zimbabwe,ZW,Mashonaland Central,L1ZWE3656,2010,1.242867231,0.0,0.0,0.0
Zimbabwe,ZW,Mashonaland Central,L1ZWE3656,2011,1.280000345,0.0,0.0,0.0
Zimbabwe,ZW,Mashonaland Central,L1ZWE3656,2012,0.836715023,0.0,0.0,0.0
Zimbabwe,ZW,Mashonaland Central,L1ZWE3656,2013,1.089996738,0.0,0.0,0.0
Zimbabwe,ZW,Mashonaland Central,L1ZWE3656,2014,1.269997931,0.0,0.0,0.0
Zimbabwe,ZW,Mashonaland Central,L1ZWE3656,2015,1.052393552,0.0,0.0,0.0
Zimbabwe,ZW,Mashonaland Central,L1ZWE3656,2016,0.716147,0.0,0.0,0.0
Zimbabwe,ZW,Mashonaland Central,L1ZWE3656,2017,1.981871719,0.0,0.0,0.0
Zimbabwe,ZW,Mashonaland Central,L1ZWE3656,2018,1.729147047,0.0,0.0,0.0
Zimbabwe,ZW,Mashonaland Central,L1ZWE3656,2019,0.762744431,0.0,0.0,0.0
Zimbabwe,ZW,Mashonaland Central,L1ZWE3656,2020,0.904018067,0.0,0.0,0.0
Zimbabwe,ZW,Mashonaland Central,L1ZWE3656,2021,2.351611163,0.0,0.0,0.0
Zimbabwe,ZW,Mashonaland Central,L1ZWE3656,2022,1.565721188,0.0,0.0,0.0
Zimbabwe,ZW,Mashonaland East,L1ZWE3657,2001,1.333848167,0.0,0.0,0.0
Zimbabwe,ZW,Mashonaland East,L1ZWE3657,2003,0.71,0.0,0.0,0.0
Zimbabwe,ZW,Mashonaland East,L1ZWE3657,2004,0.550000196,0.0,0.0,0.0
Zimbabwe,ZW,Mashonaland East,L1ZWE3657,2006,0.840816327,0.0,0.0,0.0
Zimbabwe,ZW,Mashonaland East,L1ZWE3657,2007,0.537366548,0.0,0.0,0.0
Zimbabwe,ZW,Mashonaland East,L1ZWE3657,2008,0.272999711,0.0,0.0,0.0
Zimbabwe,ZW,Mashonaland East,L1ZWE3657,2009,0.769998511,0.0,0.0,0.0
Zimbabwe,ZW,Mashonaland East,L1ZWE3657,2010,0.745892334,0.0,0.0,0.0
Zimbabwe,ZW,Mashonaland East,L1ZWE3657,2011,0.600001616,0.0,0.0,0.0
Zimbabwe,ZW,Mashonaland East,L1ZWE3657,2012,0.563907518,0.0,0.0,0.0
Zimbabwe,ZW,Mashonaland East,L1ZWE3657,2013,0.629993811,0.0,0.0,0.0
Zimbabwe,ZW,Mashonaland East,L1ZWE3657,2014,0.809999554,0.0,0.0,0.0
Zimbabwe,ZW,Mashonaland East,L1ZWE3657,2015,0.553472573,0.0,0.0,0.0
Zimbabwe,ZW,Mashonaland East,L1ZWE3657,2016,0.608586065,0.0,0.0,0.0
Zimbabwe,ZW,Mashonaland East,L1ZWE3657,2017,1.255912591,0.0,0.0,0.0
Zimbabwe,ZW,Mashonaland East,L1ZWE3657,2018,1.026547582,0.0,0.0,0.0
Zimbabwe,ZW,Mashonaland East,L1ZWE3657,2019,0.743288558,0.0,0.0,0.0
Zimbabwe,ZW,Mashonaland East,L1ZWE3657,2020,0.670204555,0.0,0.0,0.0
Zimbabwe,ZW,Mashonaland East,L1ZWE3657,2021,1.861846,0.0,0.0,0.0
Zimbabwe,ZW,Mashonaland East,L1ZWE3657,2022,0.732283423,0.0,0.0,0.0
Zimbabwe,ZW,Mashonaland West,L1ZWE3658,2001,2.388962341,0.0,0.0,0.0
Zimbabwe,ZW,Mashonaland West,L1ZWE3658,2003,0.850003221,0.0,0.0,0.0
Zimbabwe,ZW,Mashonaland West,L1ZWE3658,2004,0.6,0.0,0.0,0.0
Zimbabwe,ZW,Mashonaland West,L1ZWE3658,2006,1.045226131,0.0,0.0,0.0
Zimbabwe,ZW,Mashonaland West,L1ZWE3658,2007,0.717592593,0.0,0.0,0.0
Zimbabwe,ZW,Mashonaland West,L1ZWE3658,2008,0.444998269,0.0,0.0,0.0
Zimbabwe,ZW,Mashonaland West,L1ZWE3658,2009,1.260002351,0.0,0.0,0.0
Zimbabwe,ZW,Mashonaland West,L1ZWE3658,2010,1.277800327,0.0,0.0,0.0
Zimbabwe,ZW,Mashonaland West,L1ZWE3658,2011,1.190001214,0.0,0.0,0.0
Zimbabwe,ZW,Mashonaland West,L1ZWE3658,2012,0.956586157,0.0,0.0,0.0
Zimbabwe,ZW,Mashonaland West,L1ZWE3658,2013,0.779998395,0.0,0.0,0.0
Zimbabwe,ZW,Mashonaland West,L1ZWE3658,2014,1.280000301,0.0,0.0,0.0
Zimbabwe,ZW,Mashonaland West,L1ZWE3658,2015,0.934801629,0.0,0.0,0.0
Zimbabwe,ZW,Mashonaland West,L1ZWE3658,2016,0.707611706,0.0,0.0,0.0
Zimbabwe,ZW,Mashonaland West,L1ZWE3658,2017,1.945286557,0.0,0.0,0.0
Zimbabwe,ZW,Mashonaland West,L1ZWE3658,2018,1.550932819,0.0,0.0,0.0
Zimbabwe,ZW,Mashonaland West,L1ZWE3658,2019,0.766992871,0.0,0.0,0.0
Zimbabwe,ZW,Mashonaland West,L1ZWE3658,2020,1.024364613,0.0,0.0,0.0
Zimbabwe,ZW,Mashonaland West,L1ZWE3658,2021,2.33913839,0.0,0.0,0.0
Zimbabwe,ZW,Mashonaland West,L1ZWE3658,2022,1.807292168,0.0,0.0,0.0
Zimbabwe,ZW,Masvingo,L1ZWE3659,2001,0.67095789,0.0,0.0,0.0
Zimbabwe,ZW,Masvingo,L1ZWE3659,2003,0.460001563,0.0,0.0,0.0
Zimbabwe,ZW,Masvingo,L1ZWE3659,2004,0.420001094,0.0,0.0,0.0
Zimbabwe,ZW,Masvingo,L1ZWE3659,2006,0.73553719,0.0,0.0,0.0
Zimbabwe,ZW,Masvingo,L1ZWE3659,2007,0.391836735,0.0,0.0,0.0
Zimbabwe,ZW,Masvingo,L1ZWE3659,2008,0.140999578,0.0,0.0,0.0
Zimbabwe,ZW,Masvingo,L1ZWE3659,2009,0.679999422,0.0,0.0,0.0
Zimbabwe,ZW,Masvingo,L1ZWE3659,2010,0.244472284,0.0,0.0,0.0
Zimbabwe,ZW,Masvingo,L1ZWE3659,2011,0.28999837,0.0,0.0,0.0
Zimbabwe,ZW,Masvingo,L1ZWE3659,2013,0.329998069,0.0,0.0,0.0
Zimbabwe,ZW,Masvingo,L1ZWE3659,2014,0.539997778,0.0,0.0,0.0
Zimbabwe,ZW,Masvingo,L1ZWE3659,2015,0.14428955,0.0,0.0,0.0
Zimbabwe,ZW,Masvingo,L1ZWE3659,2016,0.095831982,0.0,0.0,0.0
Zimbabwe,ZW,Masvingo,L1ZWE3659,2017,0.615626198,0.0,0.0,0.0
Zimbabwe,ZW,Masvingo,L1ZWE3659,2018,0.537210165,0.0,0.0,0.0
Zimbabwe,ZW,Masvingo,L1ZWE3659,2019,0.385950251,0.0,0.0,0.0
Zimbabwe,ZW,Masvingo,L1ZWE3659,2020,0.282831567,0.0,0.0,0.0
Zimbabwe,ZW,Masvingo,L1ZWE3659,2021,0.542888666,0.0,0.0,0.0
Zimbabwe,ZW,Masvingo,L1ZWE3659,2022,0.324000944,0.0,0.0,0.0
Zimbabwe,ZW,Matabeleland North,L1ZWE3660,2001,0.722190151,0.0,0.0,0.0
Zimbabwe,ZW,Matabeleland North,L1ZWE3660,2003,0.400008667,0.0,0.0,0.0
Zimbabwe,ZW,Matabeleland North,L1ZWE3660,2004,0.449995307,0.0,0.0,0.0
Zimbabwe,ZW,Matabeleland North,L1ZWE3660,2006,0.731182796,0.0,0.0,0.0
Zimbabwe,ZW,Matabeleland North,L1ZWE3660,2007,0.126984127,0.0,0.0,0.0
Zimbabwe,ZW,Matabeleland North,L1ZWE3660,2008,0.112005876,0.0,0.0,0.0
Zimbabwe,ZW,Matabeleland North,L1ZWE3660,2009,0.639994566,0.0,0.0,0.0
Zimbabwe,ZW,Matabeleland North,L1ZWE3660,2010,0.726311722,0.0,0.0,0.0
Zimbabwe,ZW,Matabeleland North,L1ZWE3660,2011,0.479998797,0.0,0.0,0.0
Zimbabwe,ZW,Matabeleland North,L1ZWE3660,2012,0.348621274,0.0,0.0,0.0
Zimbabwe,ZW,Matabeleland North,L1ZWE3660,2013,0.360002386,0.0,0.0,0.0
Zimbabwe,ZW,Matabeleland North,L1ZWE3660,2014,0.600001524,0.0,0.0,0.0
Zimbabwe,ZW,Matabeleland North,L1ZWE3660,2015,0.183228218,0.0,0.0,0.0
Zimbabwe,ZW,Matabeleland North,L1ZWE3660,2016,0.19868635,0.0,0.0,0.0
Zimbabwe,ZW,Matabeleland North,L1ZWE3660,2017,0.532763555,0.0,0.0,0.0
Zimbabwe,ZW,Matabeleland North,L1ZWE3660,2018,0.403289807,0.0,0.0,0.0
Zimbabwe,ZW,Matabeleland North,L1ZWE3660,2019,0.131978205,0.0,0.0,0.0
Zimbabwe,ZW,Matabeleland North,L1ZWE3660,2020,0.22145459,0.0,0.0,0.0
Zimbabwe,ZW,Matabeleland North,L1ZWE3660,2021,0.770403252,0.0,0.0,0.0
Zimbabwe,ZW,Matabeleland North,L1ZWE3660,2022,0.230145928,0.0,0.0,0.0
Zimbabwe,ZW,Matabeleland South,L1ZWE3661,2001,0.28254442,0.0,0.0,0.0
Zimbabwe,ZW,Matabeleland South,L1ZWE3661,2003,0.199983859,0.0,0.0,0.0
Zimbabwe,ZW,Matabeleland South,L1ZWE3661,2004,0.400005489,0.0,0.0,0.0
Zimbabwe,ZW,Matabeleland South,L1ZWE3661,2006,0.62962963,0.0,0.0,0.0
Zimbabwe,ZW,Matabeleland South,L1ZWE3661,2007,0.076923077,0.0,0.0,0.0
Zimbabwe,ZW,Matabeleland South,L1ZWE3661,2008,0.097001089,0.0,0.0,0.0
Zimbabwe,ZW,Matabeleland South,L1ZWE3661,2009,0.729999282,0.0,0.0,0.0
Zimbabwe,ZW,Matabeleland South,L1ZWE3661,2010,0.417421568,0.0,0.0,0.0
Zimbabwe,ZW,Matabeleland South,L1ZWE3661,2011,0.23999812,0.0,0.0,0.0
Zimbabwe,ZW,Matabeleland South,L1ZWE3661,2012,0.155821082,0.0,0.0,0.0
Zimbabwe,ZW,Matabeleland South,L1ZWE3661,2013,0.359992381,0.0,0.0,0.0
Zimbabwe,ZW,Matabeleland South,L1ZWE3661,2014,0.61000165,0.0,0.0,0.0
Zimbabwe,ZW,Matabeleland South,L1ZWE3661,2015,0.109850138,0.0,0.0,0.0
Zimbabwe,ZW,Matabeleland South,L1ZWE3661,2016,0.292700982,0.0,0.0,0.0
Zimbabwe,ZW,Matabeleland South,L1ZWE3661,2017,0.63206303,0.0,0.0,0.0
Zimbabwe,ZW,Matabeleland South,L1ZWE3661,2018,0.673550218,0.0,0.0,0.0
Zimbabwe,ZW,Matabeleland South,L1ZWE3661,2019,0.191745604,0.0,0.0,0.0
Zimbabwe,ZW,Matabeleland South,L1ZWE3661,2020,0.309867095,0.0,0.0,0.0
Zimbabwe,ZW,Matabeleland South,L1ZWE3661,2021,0.675966314,0.0,0.0,0.0
Zimbabwe,ZW,Matabeleland South,L1ZWE3661,2022,0.322087398,0.0,0.0,0.0
Zimbabwe,ZW,Midlands,L1ZWE3662,2001,0.399717217,0.0,0.0,0.0
Zimbabwe,ZW,Midlands,L1ZWE3662,2003,0.300001113,0.0,0.0,0.0
Zimbabwe,ZW,Midlands,L1ZWE3662,2004,0.400001128,0.0,0.0,0.0
Zimbabwe,ZW,Midlands,L1ZWE3662,2006,0.787709497,0.0,0.0,0.0
Zimbabwe,ZW,Midlands,L1ZWE3662,2007,0.248466258,0.0,0.0,0.0
Zimbabwe,ZW,Midlands,L1ZWE3662,2008,0.09799964,0.0,0.0,0.0
Zimbabwe,ZW,Midlands,L1ZWE3662,2009,0.670001491,0.0,0.0,0.0
Zimbabwe,ZW,Midlands,L1ZWE3662,2010,0.682251957,0.0,0.0,0.0
Zimbabwe,ZW,Midlands,L1ZWE3662,2011,0.520000208,0.0,0.0,0.0
Zimbabwe,ZW,Midlands,L1ZWE3662,2012,0.56675714,0.0,0.0,0.0
Zimbabwe,ZW,Midlands,L1ZWE3662,2013,0.420002001,0.0,0.0,0.0
Zimbabwe,ZW,Midlands,L1ZWE3662,2014,0.680000796,0.0,0.0,0.0
Zimbabwe,ZW,Midlands,L1ZWE3662,2015,0.271998646,0.0,0.0,0.0
Zimbabwe,ZW,Midlands,L1ZWE3662,2016,0.248542382,0.0,0.0,0.0
Zimbabwe,ZW,Midlands,L1ZWE3662,2017,0.818260743,0.0,0.0,0.0
Zimbabwe,ZW,Midlands,L1ZWE3662,2018,0.678392034,0.0,0.0,0.0
Zimbabwe,ZW,Midlands,L1ZWE3662,2019,0.281290714,0.0,0.0,0.0
Zimbabwe,ZW,Midlands,L1ZWE3662,2020,0.406941283,0.0,0.0,0.0
Zimbabwe,ZW,Midlands,L1ZWE3662,2021,0.834901314,0.0,0.0,0.0
Zimbabwe,ZW,Midlands,L1ZWE3662,2022,0.422668211,0.0,0.0,0.0
Zimbabwe,ZWE,Manicaland,L1ZWE3655,1994,0.7110973380000001,0.0,0.402465472,0.329443711
Zimbabwe,ZWE,Manicaland,L1ZWE3655,2012,1.125703588,13.471908334,1.901629415,2.848288022
Zimbabwe,ZWE,Manicaland,L1ZWE3655,2015,1.365703328,8.906642812000001,1.323871177,2.376021327
Zimbabwe,ZWE,Mashonaland Central,L1ZWE3656,1994,1.608913322,0.0,0.688225097,0.740192768
Zimbabwe,ZWE,Mashonaland Central,L1ZWE3656,2012,1.2363926120000002,15.931671362,2.405784013,24.373273175
Zimbabwe,ZWE,Mashonaland Central,L1ZWE3656,2015,0.6981214,6.708348214,2.9612104940000004,1.950609409
Zimbabwe,ZWE,Mashonaland East,L1ZWE3657,1994,3.18012161,0.0,0.774911919,0.882934132
Zimbabwe,ZWE,Mashonaland East,L1ZWE3657,2012,3.949674426,15.065774801,3.347371269,2.496605109
Zimbabwe,ZWE,Mashonaland East,L1ZWE3657,2015,1.232218671,15.416925653000002,2.087977945,1.398453642
Zimbabwe,ZWE,Mashonaland West,L1ZWE3658,1994,2.566597882,0.0,0.698471359,0.787969687
Zimbabwe,ZWE,Mashonaland West,L1ZWE3658,2012,1.252866403,9.058974359,2.431058764,2.2996522
Zimbabwe,ZWE,Mashonaland West,L1ZWE3658,2015,2.155723363,9.458450047,2.138758145,1.726293952
Zimbabwe,ZWE,Masvingo,L1ZWE3659,1994,0.482976838,0.0,0.517600779,0.586267606
Zimbabwe,ZWE,Masvingo,L1ZWE3659,2012,0.812306253,2.496594349,0.568353259,98.007502712
Zimbabwe,ZWE,Masvingo,L1ZWE3659,2015,0.497544204,21.962698166,0.921854677,122.090304619
Zimbabwe,ZWE,Matabeleland North,L1ZWE3660,1994,0.438698586,0.0,0.280444126,0.0
Zimbabwe,ZWE,Matabeleland North,L1ZWE3660,2012,0.35618405,7.255813953,0.722486269,0.494474266
Zimbabwe,ZWE,Matabeleland North,L1ZWE3660,2015,0.289577268,0.875,2.22945545,0.387283237
Zimbabwe,ZWE,Matabeleland South,L1ZWE3661,1994,0.327192872,0.0,0.396254807,0.0
Zimbabwe,ZWE,Matabeleland South,L1ZWE3661,2012,0.069490762,4.776761517,0.260766214,0.342307692
Zimbabwe,ZWE,Matabeleland South,L1ZWE3661,2015,0.27756375,11.173913043,0.455728727,0.0
Zimbabwe,ZWE,Midlands,L1ZWE3662,1994,14.14451544,0.0,0.917087265,0.571800478
Zimbabwe,ZWE,Midlands,L1ZWE3662,2012,2.232392255,18.016092661,2.50037614,1.655377488
Zimbabwe,ZWE,Midlands,L1ZWE3662,2015,13.738672123,6.069411906,1.334959524,1.462924337
Kenya,KE,Central,,2003,1.7836680486126586,0.0,0.3093585017877211,0.0
Kenya,KE,Coast,,2003,0.9600525960694202,0.0,0.6312903801108044,0.0
Kenya,KE,Eastern,,2003,0.9840111680478232,0.0,0.47193986433808,0.0
Kenya,KE,North Eastern,,2003,0.9498802557774069,0.0,0.16639812317680835,0.0
Kenya,KE,Nyanza,,2003,1.7899412062963747,0.0,0.0,0.0
Kenya,KE,Rift Valley,,2003,2.1410309808665327,0.0,0.2692508471551262,0.0
Kenya,KE,Western,,2003,2.4925828686839413,0.0,0.7140766328232566,0.0
Kenya,KE,Central,,2008,0.757506343291098,0.0,0.0,0.0
Kenya,KE,Coast,,2008,1.537030965611726,0.0,0.0,0.0
Kenya,KE,Eastern,,2008,0.7453828832404424,0.0,0.0,0.0
Kenya,KE,North Eastern,,2008,0.5031353401997933,0.0,0.0,0.0
Kenya,KE,Nyanza,,2008,0.6473360826886589,0.0,0.0,0.0
Kenya,KE,Rift Valley,,2008,1.720210963313809,0.0,0.0,0.0
Kenya,KE,Western,,2008,1.3098427006153888,0.0,0.0,0.0
Malawi,MW,Central Region,,1983,,,,
Malawi,MW,Northern Region,,1983,,,,
Malawi,MW,Southern Region,,1983,,,,
Malawi,MW,Central Region,,1984,,,,
Malawi,MW,Northern Region,,1984,,,,
Malawi,MW,Southern Region,,1984,,,,
Malawi,MW,Central Region,,1985,,,,
Malawi,MW,Northern Region,,1985,,,,
Malawi,MW,Southern Region,,1985,,,,
Malawi,MW,Central Region,,1986,,,,
Malawi,MW,Northern Region,,1986,,,,
Malawi,MW,Southern Region,,1986,,,,
Malawi,MW,Central Region,,1987,,,,
Malawi,MW,Northern Region,,1987,,,,
Malawi,MW,Southern Region,,1987,,,,
Malawi,MW,Central Region,,1988,,,,
Malawi,MW,Northern Region,,1988,,,,
Malawi,MW,Southern Region,,1988,,,,
Malawi,MW,Central Region,,1989,,,,
Malawi,MW,Northern Region,,1989,,,,
Malawi,MW,Southern Region,,1989,,,,
Malawi,MW,Central Region,,1990,,,,
Malawi,MW,Northern Region,,1990,,,,
Malawi,MW,Southern Region,,1990,,,,
Malawi,MW,Central Region,,1991,,,,
Malawi,MW,Northern Region,,1991,,,,
Malawi,MW,Southern Region,,1991,,,,
Malawi,MW,Central Region,,1992,,,,
Malawi,MW,Northern Region,,1992,,,,
Malawi,MW,Southern Region,,1992,,,,
Malawi,MW,Central Region,,1993,,,,
Malawi,MW,Northern Region,,1993,,,,
Malawi,MW,Southern Region,,1993,,,,
Malawi,MW,Central Region,,1994,,,,
Malawi,MW,Northern Region,,1994,,,,
Malawi,MW,Southern Region,,1994,,,,
Malawi,MW,Central Region,,1995,,,,
Malawi,MW,Northern Region,,1995,,,,
Malawi,MW,Southern Region,,1995,,,,
Malawi,MW,Central Region,,1996,,,,
Malawi,MW,Northern Region,,1996,,,,
Malawi,MW,Southern Region,,1996,,,,
Malawi,MW,Central Region,,1997,,,,
Malawi,MW,Northern Region,,1997,,,,
Malawi,MW,Southern Region,,1997,,,,
Malawi,MW,Central Region,,1998,,,,
Malawi,MW,Northern Region,,1998,,,,
Malawi,MW,Southern Region,,1998,,,,
Malawi,MW,Central Region,,1999,,,,
Malawi,MW,Northern Region,,1999,,,,
Malawi,MW,Southern Region,,1999,,,,
Malawi,MW,Central Region,,2000,,,,
Malawi,MW,Northern Region,,2000,,,,
Malawi,MW,Southern Region,,2000,,,,
Malawi,MW,Central Region,,2001,,,,
Malawi,MW,Northern Region,,2001,,,,
Malawi,MW,Southern Region,,2001,,,,
Malawi,MW,Central Region,,2002,,,,
Malawi,MW,Northern Region,,2002,,,,
Malawi,MW,Southern Region,,2002,,,,
Malawi,MW,Central Region,,2003,,,,
Malawi,MW,Northern Region,,2003,,,,
Malawi,MW,Southern Region,,2003,,,,
Malawi,MW,Central Region,,2004,,,,
Malawi,MW,Northern Region,,2004,,,,
Malawi,MW,Southern Region,,2004,,,,
Malawi,MW,Central Region,,2005,,,,
Malawi,MW,Northern Region,,2005,,,,
Malawi,MW,Southern Region,,2005,,,,
Malawi,MW,Central Region,,2006,,,,
Malawi,MW,Northern Region,,2006,,,,
Malawi,MW,Southern Region,,2006,,,,
Malawi,MW,Central Region,,2007,,,,
Malawi,MW,Northern Region,,2007,,,,
Malawi,MW,Southern Region,,2007,,,,
Malawi,MW,Central Region,,2008,,,,
Malawi,MW,Northern Region,,2008,,,,
Malawi,MW,Southern Region,,2008,,,,
Malawi,MW,Central Region,,2009,,,,
Malawi,MW,Northern Region,,2009,,,,
Malawi,MW,Southern Region,,2009,,,,
Malawi,MW,Central Region,,2010,,,,
Malawi,MW,Northern Region,,2010,,,,
Malawi,MW,Southern Region,,2010,,,,
Malawi,MW,Central Region,,2011,,,,
Malawi,MW,Northern Region,,2011,,,,
Malawi,MW,Southern Region,,2011,,,,
Malawi,MW,Central Region,,2012,,,,
Malawi,MW,Northern Region,,2012,,,,
Malawi,MW,Southern Region,,2012,,,,
Malawi,MW,Central Region,,2013,,,,
Malawi,MW,Northern Region,,2013,,,,
Malawi,MW,Southern Region,,2013,,,,
Malawi,MW,Central Region,,2014,,,,
Malawi,MW,Northern Region,,2014,,,,
Malawi,MW,Southern Region,,2014,,,,
Malawi,MW,Central Region,,2015,,,,
Malawi,MW,Northern Region,,2015,,,,
Malawi,MW,Southern Region,,2015,,,,
Malawi,MW,Central Region,,2016,,,,
Malawi,MW,Northern Region,,2016,,,,
Malawi,MW,Southern Region,,2016,,,,
Malawi,MW,Central Region,,2017,,,,
Malawi,MW,Northern Region,,2017,,,,
Malawi,MW,Southern Region,,2017,,,,
Malawi,MW,Central Region,,2018,,,,
Malawi,MW,Northern Region,,2018,,,,
Malawi,MW,Southern Region,,2018,,,,
Malawi,MW,Central Region,,2019,,,,
Malawi,MW,Northern Region,,2019,,,,
Malawi,MW,Southern Region,,2019,,,,
Malawi,MW,Central Region,,2020,,,,
Malawi,MW,Northern Region,,2020,,,,
Malawi,MW,Southern Region,,2020,,,,
Malawi,MW,Central Region,,2021,,,,
Malawi,MW,Northern Region,,2021,,,,
Malawi,MW,Southern Region,,2021,,,,
Malawi,MW,Central Region,,2022,,,,
Malawi,MW,Northern Region,,2022,,,,
Malawi,MW,Southern Region,,2022,,,,
Malawi,MW,Central Region,,2023,,,,
Malawi,MW,Northern Region,,2023,,,,
Malawi,MW,Southern Region,,2023,,,,
Malawi,MWI,Central Region,,2011,3.77087248385817,13.791440466047929,1.419303997881663,0.7043944408795206
Malawi,MWI,Northern Region,,2011,3.7196659310286657,8.283834290746723,0.8442684026435706,0.7799347463643385
Malawi,MWI,Southern Region,,2011,2.3573046159825033,1.9750167090814112,0.8114879962125436,0.4273804874753123
Malawi,MWI,Central Region,,2012,3.2401458689856706,14.5653235512441,1.5581112454605248,0.7071003442974264
Malawi,MWI,Northern Region,,2012,3.1485868820346434,8.275877220470834,1.3991442962542795,1.0447729218257027
Malawi,MWI,Southern Region,,2012,2.1487474708455805,2.256828660918274,0.8216367012168865,0.4799825015030682
Malawi,MWI,Central Region,,2013,3.104771054027956,14.028598370205664,1.576414411575326,0.7373383983290908
Malawi,MWI,Northern Region,,2013,3.2525358922933054,8.141813251349745,0.898201739096543,1.0817103867336526
Malawi,MWI,Southern Region,,2013,2.5879145599565097,2.4698670016137454,0.9093382054919281,0.6211873318159989
Malawi,MWI,Central Region,,2014,2.3522536695218306,7.398476206534054,1.1664027975307372,0.5841209251402282
Malawi,MWI,Northern Region,,2014,3.2721378478098844,8.311161274159891,1.0905246344467714,0.69205056729156
Malawi,MWI,Southern Region,,2014,2.7916413191677627,2.378943397732951,0.9576422539200681,0.5134844463045913
Malawi,MWI,Central Region,,2015,2.590499559780372,12.262479374817094,1.327477817306333,0.5660039561842829
Malawi,MWI,Northern Region,,2015,2.616511937593257,7.521773068155658,1.0017760189272213,0.5945517583768148
Malawi,MWI,Southern Region,,2015,1.984910268689524,2.2904299840098186,0.9502025742615414,0.5259228759447714
Malawi,MWI,Central Region,,2016,2.1839672058728365,13.829756854741795,1.1974204806794504,745.549325165748
Malawi,MWI,Northern Region,,2016,2.604531408389737,7.86232370431473,0.7396707122468531,968.0510016893543
Malawi,MWI,Southern Region,,2016,1.1769440804519937,4.4627625301733955,0.8809089198306638,362.2535832715077
