year,country,admin,infection_rate,max_temperature,min_temperature,avg_temperature,Cereals_Prod_Ton,Roots_tubers_Prod_Ton,Legumes_pulses_Prod_Ton,Cash_crops_Prod_Ton,Buffa,Cattl,Chick,Ducks,Goats,Horse,Sheep,Swine,rate_landuse
2010,Burkina Faso,Boucle Du Mouhoun,0.5856515373352855,307.42114,297.76172,302.5076,6.547874511,15.162796373,7.106732044,1.376399723,0.0,25.000049307503502,164.0656995091164,0.0,34.15342029715989,0.6938632376602878,21.7742428558906,9.682959600718794,0.038966923553969
2010,Burkina Faso,Cascades,0.9794319294809012,304.47192,297.8816,300.27893,6.199006464,8.444136977,3.488443838,1.007438117,0.0,38.0086880387931,96.86481659425134,0.0,12.506483649701591,0.0088770257102118,12.373391391744033,3.865450445980949,0.0325636518703298
2010,Burkina Faso,Centre,1.955671447196871,307.7317,299.5066,302.80447,5.874457556,1.0,7.010312705,0.0,0.0,17.56644490559896,303.90891927083334,0.0,58.134765625,0.0190405339002609,40.947444661458334,6.821149698893229,0.2838999400784427
2010,Burkina Faso,Centre-est,1.0377358490566038,307.41138,298.78003,302.61942,6.14864726,15.96323529,11.423430369,1.151900585,0.0,29.59707095923013,203.0946812913908,0.0,69.01094267384106,0.027863953928215,45.871831022351,18.29236082367549,0.0792606899954563
2010,Burkina Faso,Centre-nord,0.3791469194312796,308.31274,297.82104,303.14368,4.455277239,0.0,9.927003736,1.730627306,0.0,28.843678193933822,138.29564950980392,0.0,65.13408586090686,0.0796769503440466,48.34697169883579,4.834737141927083,0.0613595852845631
2010,Burkina Faso,Centre-ouest,1.6224188790560472,306.55396,299.12573,301.9879,3.969987501,15.02777778,15.404953141,0.609386282,0.0,4.144296563567767,197.3160445601852,0.0,32.71830509681094,0.0791251730284593,25.05979276409453,6.839733547634548,0.0595089233936441
2010,Burkina Faso,Centre-sud,0.9267840593141796,306.7473,298.7019,302.07712,4.981573752999999,13.32997988,5.9774723210000005,0.728836139,0.0,25.646751469017094,248.165379018847,0.0,59.25506643963675,0.005035269328139,31.032994457799145,13.007065462167406,0.0689721423894062
2010,Burkina Faso,Est,0.9577015163607342,307.95923,297.30933,302.74704,5.111972007,11.37203166,6.668846562000001,0.792422192,0.0,22.98721219256933,105.16324895342753,0.0,31.96547332875458,0.1481554048274273,19.576254660518053,3.6078759177950026,0.0246673297544911
2010,Burkina Faso,Hauts-bassins,1.6315431679129844,305.89966,298.75854,301.5968,6.3028629590000005,14.993078025,3.860466661,1.152786457,0.0,58.89378435707457,129.28909995206135,0.0,29.67609494502868,0.0099823215315418,29.62801371295411,11.868123801534036,0.0417754579211974
2010,Burkina Faso,Nord,0.8756567425569177,307.55298,297.21558,302.34323,6.699213135,14.695240571,15.059539805,1.472801262,0.0,26.315217642171344,177.27587241506646,0.0,71.54521902695717,0.542645633308715,51.60782865583457,10.399305876107828,0.0739592445737613
2010,Burkina Faso,Plateau Central,0.3514938488576449,307.0735,297.63086,302.26395,5.571280655999999,0.0,5.792303330999999,1.305433186,0.0,10.152773902529765,251.6799719887956,0.0,54.75091364670868,0.0222038465832907,38.44821756827731,6.669954700630252,0.0834710731269409
2010,Burkina Faso,Sahel,0.4712535344015079,310.01587,298.29883,304.29114,4.547745916,17.414429739,7.001514447,0.803766605,0.0,53.6205,62.27034218113975,0.0,71.63018229166667,0.0184524369683217,38.84509895833333,0.1262886353785526,0.0260261097580589
2010,Burkina Faso,Sud-ouest,1.4010507880910683,306.78638,299.42847,302.37756,4.327899043,12.091057717000002,8.657123364,0.931382054,0.0,21.75167679398148,154.9568953290469,0.0,34.80455729166667,0.0043711541664032,22.595049189814816,23.238878120272314,0.0414272496302152
2003,Burkina Faso,Boucle Du Mouhoun,1.8376722817764168,307.41333,297.4182,302.15964,9.502929071,0.0,10.99948367,1.123072265,0.0,21.63818701788219,103.2360185834502,0.0,27.81985229663394,0.6498977409416732,17.619051597563114,8.494339909493338,0.038966923553969
2003,Burkina Faso,Cascades,2.359882005899705,303.48828,297.65918,300.05875,7.924235734,0.0,1.291307233,1.06738437,0.0,33.05845646137268,60.71714369158879,0.0,10.14046310303382,0.0049167255560557,10.029409555288462,3.39164589243992,0.0325636518703298
2003,Burkina Faso,Centre-est,1.155115511551155,306.84497,297.9475,301.8608,7.293485291,0.0,26.31523643,1.287022235,0.0,25.71866592508278,126.83988255380795,0.0,56.21515418046358,0.0235065101483546,37.57500452711093,15.92168744826159,0.0792606899954563
2003,Burkina Faso,Centre-nord,0.9554140127388536,307.50977,297.6792,302.39484,55.946098858,0.0,68.45903955,0.628514056,0.0,25.12754672181373,86.45616957720588,0.0,52.96920477175245,0.074011532276717,39.35892501531863,4.179861031326593,0.0613595852845631
2003,Burkina Faso,Centre-ouest,2.42024202420242,305.24927,298.62012,301.3548,4.030620765,0.0,12.18494624,0.753596506,0.0,3.638963510558874,123.45878544560183,0.0,26.58971265287258,0.0739166505875126,20.31897930887372,6.086724175347222,0.0595089233936441
2003,Burkina Faso,Centre-sud,0.8576329331046313,305.4524,297.94946,301.04196,4.494528494,0.0,6.299091941,0.985485181,0.0,22.22868047208868,155.69697547117516,0.0,48.20848357371795,0.0041169809534194,25.39259273170406,11.358058481152993,0.0689721423894062
2003,Burkina Faso,Est,1.310861423220974,307.1399,297.30103,302.04166,5.802818958,0.0,25.29102845,1.004494017,0.0,20.08962707679225,65.79492902930403,0.0,25.98652946755625,0.1359123331705729,15.930049303375196,3.1375312745290422,0.0246673297544911
2003,Burkina Faso,Hauts-bassins,2.145922746781116,305.59692,298.4131,301.1611,6.3288702390000005,0.0,2.547311178,1.062248629,0.0,51.22829363658071,80.97628535474593,0.0,24.119030563514805,0.0095580119007038,24.060440544412607,10.334215641478908,0.0417754579211974
2003,Burkina Faso,Nord,1.174496644295302,307.0332,296.76514,301.7529,3.5211548660000003,0.0,43.09090909,1.362068966,0.0,22.82425913958641,111.2670790251108,0.0,58.10204717503693,0.5086341756485414,42.137174575332345,9.116523956794682,0.0739592445737613
2003,Burkina Faso,Plateau Central,0.9320905459387484,306.60083,297.1604,301.57175,16.524675462,0.0,7.101894317,1.096794668,0.0,8.921600769213935,157.81915266106444,0.0,44.62786130077031,0.021479639426741,31.62736618084734,5.652910675989146,0.0834710731269409
2003,Burkina Faso,Sahel,0.1739130434782608,308.91016,297.8081,303.506,134.207392908,0.0,100.0049751,0.0,0.0,46.43839583333333,38.79736261872456,0.0,57.954375,0.0154147217048912,31.057908854166666,0.0967193435836624,0.0260261097580589
2003,Burkina Faso,Sud-ouest,3.116531165311653,305.6399,299.05566,301.69952,4.571013154,0.0,13.64401294,1.031332263,0.0,18.935109953703705,96.92731183812406,0.0,28.21984375,0.0046821385622024,18.41803240740741,20.47367565714826,0.0414272496302152
2009,Mozambique,Cabo Delgado,6.6805845511482245,301.44214,296.48657,299.1895,2.348321693,8.51745443,1.217832749,0.0,0.0,0.197324990749041,34.48518719059406,2.789777341992012,3.147724459535524,0.0,0.3163652355344195,1.200546800285497,0.0132058793614766
2009,Mozambique,Gaza,15.030674846625766,301.75195,291.80884,297.4138,1.060199574,6.435235035,0.604496574,0.0,0.0,3.9699970236919055,13.875705768224623,2.0593363053714686,3.147598946806829,0.0068152609926003,0.1050569988994775,1.7904016543316184,0.0160676638417784
2009,Mozambique,Inhambane,7.558945908460471,300.6648,293.7932,297.15793,1.0630817179999998,7.520452945,0.490520498,0.0,0.0,2.915185663224781,26.97844225178891,6.119560773982558,5.125370767970612,0.0,0.2058697948004412,4.952343225905636,0.0211135103227065
2009,Mozambique,Manica,11.71605789110958,302.33057,293.32837,298.68546,1.894163486,5.31523202,0.840073541,0.0,0.0,2.6292761542239687,60.12837534102182,1.2809893895709326,6.694974828094303,0.0093867149617936,0.1132278172581041,1.6045917329334078,0.0200827610512617
2009,Mozambique,Nampula,3.1232254400908577,300.8894,296.51392,298.87213,2.102093192,7.484907761,1.147619385,0.0,0.0,0.5225404766971569,67.22805699902565,3.500185226534589,7.546819694521391,0.0,0.7183382291987971,2.004587528418317,0.0373825007926861
2009,Mozambique,Niassa,2.700831024930748,302.1023,296.5647,299.5085,2.454699372,7.889978145,1.258252168,0.0,0.0,0.177434334388146,30.87051548940786,2.0108997136613067,2.579424966901741,0.0,0.1263533703546407,0.5088662366102763,0.0109272640738921
2009,Mozambique,Sofala,9.320288362512873,301.3164,293.42603,297.8217,1.290535996,5.595208649,0.961638166,0.0,0.0,0.7769924716541716,25.432071106516545,2.4676037359256675,9.55070303967965,0.0,0.5332231059348201,1.7197693771173774,0.016701591088891
2009,Mozambique,Tete,4.5487894350697,296.71948,288.86353,293.24942,1.772214965,7.08688676,0.976844119,0.0,0.0,3.7911631598229394,28.29530688526694,0.6455358861652978,7.201231361040609,0.0042744162492454,0.171222187915458,2.705249825542223,0.019111473594444
2009,Mozambique,Zambezia,8.721241305510969,301.6394,294.65454,298.5715,1.997460706,7.790308808,1.243941501,0.0,0.0,0.4674196222874554,67.07798725895317,2.624766216856061,3.1409577976367418,0.0,0.4415273623290725,3.041391722623967,0.0321687530249053
2009,Congo,Bouenza,3.9377289377289375,298.26172,294.69556,296.88776,,,,,0.0,10.41342042937992,15.887304110789865,0.0,4.142341673843504,0.0,2.7895118533156986,1.55976146788109,0.0101327858361774
2009,Congo,Cuvette,2.011494252873564,299.30664,297.67847,298.1545,,,,,0.0,0.2453804719931965,22.00870595079787,0.0,0.4034548150657288,0.0,0.1018278340132034,0.1833803483088657,0.002490872681685
2009,Congo,Cuvette Ovest,1.4388489208633095,298.3086,296.8733,297.35196,,,,,0.0,0.1709757713035301,27.406419346098264,0.0,0.6497034143518519,0.0,0.1177577039930555,0.4072139938442693,0.0017092472474037
2009,Congo,Kouilou,3.611738148984198,298.5664,293.8108,296.9047,,,,,0.0,0.3628570496919337,15.83142620584239,0.0,0.8783986190527152,0.0,0.3147184666822101,0.5705594786123377,0.0194525657978083
2009,Congo,Likouala,1.8796992481203008,299.28516,296.85278,297.67145,,,,,0.0,0.3853609249063207,42.62476815422662,0.005142749287188,1.4077952113086822,0.0023001574334644,0.4851893774524533,1.5628244962623652,0.0010323316194628
2009,Congo,Lekoumou,2.8727770177838576,297.96094,295.01392,296.77072,,,,,0.0,1.1054275426487463,21.15951072563559,0.0,2.3186373091013417,0.0,0.5268656412760416,0.6783493817862818,0.002517129853879
2009,Congo,Niari,3.959484346224678,296.87695,294.27368,295.7945,,,,,0.0,1.004911324816318,14.818545086109314,0.0,2.097254696323152,0.0,1.0495886205402978,0.7256752399084331,0.00426193320413
2009,Congo,Plateaux,2.845100105374078,299.77344,298.01978,298.67502,,,,,0.0,0.2704054753583176,20.4437006842903,0.0,1.014317562705592,0.0021551419049501,0.1572093915819823,0.3966760567353557,0.0029440267924325
2009,Congo,Pool,1.447178002894356,299.07812,296.5608,297.9112,,,,,0.0,2.665708844171997,15.417070959944752,0.0,1.3522994333577647,0.0,0.4602180052583067,0.5903074823031768,0.0113031528847329
2009,Congo,Sangha,3.485838779956427,299.1211,297.14966,297.8264,,,,,0.0,0.2418445668321974,73.19118026859505,0.0,1.2818726884557845,0.0024523758329451,0.4746986551487699,0.864316766912287,0.0007572786720694
2011,Cameroon,Adamaoua,5.0,304.20215,297.1997,299.73956,1.756787723,39.470819521,2.055880898,0.0,0.0,25.070291190201427,87.92302543507363,0.0019892458803951,3.0700477667331096,0.0192619224481106,2.290487387877675,5.98856624414324,0.0073707636385324
2011,Cameroon,Est,6.378600823045268,299.24512,294.5747,296.326,1.975558404,28.171083837,2.247276126,0.0,0.0,2.9038878805767685,41.21982915856031,0.0349515421049935,14.174297042470526,0.0069505309065183,1.134752279692524,2.7532292426637484,0.003810629352388
2011,Cameroon,Extrême - Nord,1.2743125419181758,307.70557,295.8252,302.85025,1.304469907,23.315871132,2.756190053,0.0,,,,,,,,,
2011,Cameroon,Nord,2.4528301886792456,302.4319,293.17285,297.66324,1.763515006,22.9531297,2.84485748,0.0,0.0,5.850399684021336,119.84735193621869,0.0,11.948822327226344,0.013146601496516,5.271541628014842,4.558797960563782,0.0129408843413875
2011,Cameroon,Nord - Ouest,6.317300789662599,302.09277,296.77783,298.5947,2.317784462,19.738203373,1.995518908,0.0,0.0,36.70901215771693,156.40645367783986,0.0,27.397737375533428,0.3193991865915052,10.64831108863798,35.3606843575419,0.051253951624761
2011,Cameroon,Ouest,2.8203062046736505,298.27832,293.2036,295.0104,1.989699185,14.956320564,1.981710759,0.0,0.0,32.895308299731184,1071.580915178571,0.0,31.69082521281362,0.0230604636626431,11.497947118615592,18.894770408163264,0.1126498595634604
2011,Cameroon,Sud,6.659505907626208,298.21387,296.13135,296.90054,1.766483443,29.293879236,1.778420278,0.0,0.0,1.967575839287229,34.10591728052855,1.6962330627441409,8.463415345149254,0.0,5.306441867367707,1.4450366181272782,0.0088554387155133
2011,Cameroon,Sud - Ouest,5.641025641025641,300.6123,297.90283,299.35934,2.288136094,28.644824714,2.346279697,0.0,0.0,4.510064322189246,309.66842022613065,0.0,15.749818872206705,0.0189587827082033,6.745847699895252,25.300069684359297,0.0175623293530103
2004,Cameroon,Adamaoua,6.857855361596011,302.6809,297.45435,299.5991,,,,,0.0,29.14689932162389,59.635816904362414,0.1126944199204444,2.2402614903239377,0.0102445373535156,3.0223927383519142,3.981572789953859,0.0073707636385324
2004,Cameroon,Est,8.108108108108109,299.9724,294.56567,296.62332,,,,,0.0,3.404568526299673,28.607923211898395,0.0904260635375976,10.463076687534024,0.0036595575511455,1.5145225794859145,1.8669325884650736,0.003810629352388
2004,Cameroon,Extrême - Nord,1.7738359201773837,307.93286,297.4961,302.71252,,,,,,,,,,,,,
2004,Cameroon,Nord,1.5945330296127564,302.35474,295.04297,297.33377,,,,,0.0,6.658374884044527,81.13855970829535,0.0087038855999708,8.686788323283858,0.0085003100284913,6.850721822820037,3.0042144858848,0.0129408843413875
2004,Cameroon,Nord - Ouest,8.101851851851851,301.00366,296.62012,298.4718,,,,,0.0,42.47308410384069,105.8584746747212,0.0,19.97378978485064,0.1653765139844305,13.9787073257468,23.36941834630576,0.051253951624761
2004,Cameroon,Ouest,4.214963119072708,297.92163,293.2041,295.05075,,,,,0.0,38.19318086357527,715.3523017902813,0.0,23.0215333781362,0.0120695506622644,15.09684069780466,12.45687889625959,0.1126498595634604
2004,Cameroon,Sud,5.88235294117647,298.81226,295.9109,296.82156,,,,,0.0,2.2931637303358845,24.178781666931386,1.198834228515625,6.168755314625851,0.0,7.062687340561224,0.9937264855662326,0.0088554387155133
2004,Cameroon,Sud - Ouest,7.647058823529412,300.60522,297.9463,299.36487,,,,,0.0,5.205758093714848,220.7999018324608,0.0,11.526022259912825,0.0147350161094365,8.934090269966255,16.872187909031414,0.0175623293530103
2016,Burundi,Bubanza,0.5203816131830009,293.45435,291.87012,292.65323,3.812433576,17.861208538,2.142249385,0.0,0.0,30.058083274147727,222.84394975142047,0.0,118.84922096946023,0.0,6.764995921741832,38.45138272372159,0.0997279858299595
2016,Burundi,Bujumbura Mairie,2.9702970297029703,293.83618,291.70093,292.88712,,,,,0.0,29.188120524088543,279.76177300347223,0.0,48.35108100043403,0.0,12.222921583387588,12.27488284640842,0.3406876929012346
2016,Burundi,Bujumbura Rural,0.7334963325183375,293.83618,291.70093,292.88712,1.466086613,31.527385751000004,0.698626894,0.0,0.0,47.9358543113426,82.04303323997641,0.0,89.7583640769676,0.0,28.982652452256943,25.06946491745283,0.1443771164605418
2016,Burundi,Bururi,0.4752851711026616,293.83618,291.70093,292.88712,4.581247672,17.856615031,1.843723673,0.0,0.0,62.260871167452834,100.3164799528302,0.0,90.7799233490566,0.0,48.10214751621462,14.079281213148583,0.0816152433270423
2016,Burundi,Cankuzo,0.353045013239188,295.886,293.24707,294.41837,1.745560849,21.189110578,1.5295767530000002,0.0,0.0,15.289630047686687,87.7193359375,0.818752802335299,33.07499873173701,0.0,5.05450439453125,12.415782063802084,0.0802380715423111
2016,Burundi,Cibitoke,0.644122383252818,294.77563,293.2705,293.93625,2.60123358,5.611498719,1.341608691,0.0,0.0,16.416983327557965,83.96449955174181,0.1951806992292404,109.526611328125,0.0,12.625242171748992,27.292278352330943,0.0937607373556899
2016,Burundi,Gitega,1.893939393939394,295.44458,292.6416,293.7997,0.844453578,65.20766787,1.166102461,0.0,0.0,36.42766779119318,132.8711444805195,0.0,163.23973975243507,0.0,45.60837624289773,39.14279372970779,0.1216284190679874
2016,Burundi,Karuzi,0.4934210526315789,295.44458,292.6416,293.7997,2.001506049,31.612863431,1.405584385,0.0,0.0,25.739666855126096,81.17238898026316,0.0,127.40509354440788,0.0,25.405697471217103,22.82293594092653,0.0950528743924665
2016,Burundi,Kayanza,0.7598784194528876,293.45435,291.87012,292.65323,1.633431085,27.152420513,1.050607992,0.0,0.0,28.349277662194293,55.72581946331522,0.4491817951202392,207.12748386548915,0.0,40.44451904296875,62.02818231997283,0.140916553442029
2016,Burundi,Kirundo,1.4350453172205435,296.073,293.59473,294.97726,6.061275673,32.497748552000004,1.131072078,0.0,0.0,20.6469165698902,112.56568042652027,0.1012064110149036,155.19754275760135,0.0,9.316225618929476,19.63555743243243,0.113136225289296
2016,Burundi,Makamba,0.3327787021630615,296.01685,293.33618,294.15958,1.309983059,23.427882743,2.6282203170000003,0.0,0.0,15.611027308872767,156.10245768229166,0.1601044734319051,49.06106422061012,0.0,8.964805966331845,3.0845242454892112,0.0981887966352859
2016,Burundi,Muramvya,0.3590664272890485,293.45435,291.87012,292.65323,1.121967106,34.546919247,0.970736994,0.0,0.0,66.08910260881696,92.30158342633928,0.0,177.13675362723214,0.0,37.81641496930804,58.3027605329241,0.1479623479513444
2016,Burundi,Muyinga,0.3720238095238095,296.55347,293.99902,295.22873,1.96661157,25.520462982,1.4295547869999998,0.0,0.0,20.886418959673712,155.05830223880596,0.2912120521068573,196.07114545036765,0.0,12.149791941923256,8.673165848006063,0.0964969034226902
2016,Burundi,Mwaro,1.0446343779677114,295.50513,292.85645,293.78995,0.743675595,62.165268663,0.712864721,0.0,0.0,102.43170928955078,95.00910949707033,0.0,159.2698516845703,0.0,58.6422119140625,42.00886535644531,0.1382083873056994
2016,Burundi,Ngozi,0.3034901365705614,296.073,293.59473,294.97726,4.673076923,42.835404461,1.165788532,0.0,0.0,32.95960971765351,77.60106565241227,0.7619004726409913,191.7195038377193,0.0,51.01035670230263,44.02336040296053,0.1209286307367149
2016,Burundi,Rutana,0.336417157275021,295.50513,292.85645,293.78995,3.187562646,36.626900361,1.14339464,0.0,0.0,17.92326626712329,98.50363869863014,0.0210469752550125,73.61364244434931,0.0,9.495638076573202,8.139974515732021,0.096297554347826
2016,Burundi,Ruyigi,0.3445305770887166,295.886,293.24707,294.41837,2.397020947,37.291766085,0.930177713,0.0,0.0,7.761416286892361,89.25477430555556,0.1197551488876342,72.72438693576389,0.0,7.375600857204861,6.241845703125,0.1033433341254752
2007,Democratic Republic of the Congo,Bandundu,0.5252100840336135,299.57056,297.1687,298.0917,,,,,0.0,0.5967523861023717,46.89914667896679,0.0,6.182359102734753,0.0,0.9732477651560988,2.0328316708948337,0.011093486392491
2007,Democratic Republic of the Congo,Bas-Congo,1.376146788990826,300.30493,295.12964,298.27203,,,,,0.0,0.3511696478511114,9.61461031626506,0.0,1.7464509959584296,0.0,0.693128484501299,0.9178310899849398,0.0175112554439393
2007,Democratic Republic of the Congo,Equateur,1.179245283018868,302.21118,297.80542,299.54025,,,,,0.0,0.2117926275943082,16.808991132104612,0.0201740571430751,3.003034471859104,0.0,1.1313841054950906,1.7331729995752676,0.0055241029826924
2007,Democratic Republic of the Congo,Kasai Occidental,0.7183908045977011,298.67407,296.97925,297.66623,,,,,0.0,0.0574587954487397,27.51288599903608,0.0,1.9067366849800216,0.0,0.3291972500170269,0.6588248733776852,0.0119763775244335
2007,Democratic Republic of the Congo,Kasai Oriental,1.593137254901961,298.84204,296.75854,297.62912,,,,,0.0,0.0076033612179861,17.856270567667625,0.0,0.3358895727629151,0.0,0.0791112808283844,0.0599016058547954,0.010064967145892
2007,Democratic Republic of the Congo,Katanga,1.9859813084112148,299.48706,296.36377,297.8801,,,,,0.0,0.1574455213405947,19.243965124383443,0.0,0.5562407013320468,0.0,0.0970200146997876,1.02186249715178,0.0067828976132189
2007,Democratic Republic of the Congo,Kinshasa,1.8768768768768769,298.89868,296.81714,297.80295,,,,,0.0,0.9982311133718824,47.99376589752907,0.0,1.9007717052911108,0.0,0.7641472694768706,1.4893546880677688,0.0552853234197094
2007,Democratic Republic of the Congo,Maniema,0.4624277456647399,298.6936,296.36548,297.3132,,,,,0.0,0.0224597977294215,5.218951012083116,0.0,0.6519790469692617,0.0,0.4175123802651896,0.2015693827555041,0.0048275257631098
2007,Democratic Republic of the Congo,Nord-Kivu,1.335113484646195,298.43384,295.4226,296.7463,,,,,0.0,2.8089235479181465,50.08853282613967,0.0700863972306251,8.734396501020951,0.0,3.089519153941761,1.8963806566743453,0.0220327944436368
2007,Democratic Republic of the Congo,Orientale,2.2641509433962264,302.0044,296.99097,298.91998,,,,,0.0,0.8419787408876002,14.783539286230836,0.1261880795160929,1.9408124800173563,0.0,0.3501318676064218,0.9605701944198366,0.005716025195295
2007,Democratic Republic of the Congo,Sud-Kivu,1.9662921348314608,290.6548,289.32837,289.94473,,,,,0.0,3.3814140380581628,19.27482676385889,0.1881620287895202,6.927922688246587,0.0,0.7370887383123578,1.1994138515793735,0.0155529002562808
2014,Chad,Barl El Gazal,1.160541586073501,307.7881,295.9568,302.7446,1.589,0.0,0.462,0.0,0.0,39.848028175960025,11.04992482699912,0.0,11.011318056286164,0.1386527393066149,9.046759928984743,0.0053157605230808,0.0017533788005763
2014,Chad,Ennedi,1.949860724233984,304.7146,286.8689,296.98386,,,,,0.0,4.413486932233317,16.93261450463599,0.0,3.369708581953239,0.071394996996107,2.8652329479724794,0.0,0.0002695121413356
2014,Chad,Guera,0.7604562737642585,306.58325,298.85522,302.37906,2.015637516,0.0,0.8891784110000001,0.0,0.0,38.09543065103114,9.98190283919327,0.0,13.851139178123736,1.8868822343813183,11.83067677795188,0.010411253358265,0.0019986001379698
2014,Chad,Hadjer Lamis,1.530612244897959,307.41724,296.98218,302.6567,1.981060866,0.95,0.65,0.0,0.0,96.79272762345678,20.113778802412973,0.0,81.73775077160494,1.0022194191261573,71.47480227623457,0.4177389507052265,0.0339025781577843
2014,Chad,Kanem,0.3490401396160558,308.00098,293.08765,301.90182,1.075,0.0,0.075,0.0,0.0,9.510271595843673,22.664727360947328,0.0,27.781754032258064,0.341180192743874,23.23615462158809,0.0197776392714618,0.0049663880813953
2014,Chad,Lac,3.186646433990896,307.83105,294.5818,302.09732,7.874722837999999,36.04548023,2.4000000000000004,0.0,0.0,22.36920076521261,21.190751113731658,0.0,264.31378299120234,2.22760099259989,229.3540597507332,0.0884867814102012,0.0123223356259464
2014,Chad,Logone Occidental,1.5985790408525755,304.83618,298.22852,300.93912,4.864122109,12.86573733,1.852434467,0.0,0.0,226.36182725694445,44.94090572771588,0.0,47.16692165798611,0.2339207119411892,39.24223361545139,1.1774960148633355,0.0307025033553829
2014,Chad,Logone Oriental,0.1769911504424778,304.83618,298.22852,300.93912,4.386474793,3.526814138,1.950571008,0.0,0.0,17.831862026173287,31.422480636400216,0.1403169291360037,87.4581805618231,0.4049006162567689,73.64977718862816,2.2548676191993025,0.0155122599451303
2014,Chad,Mandoul,1.1608623548922057,305.04126,298.365,301.24283,3.545158921,3.792535803,1.676739707,0.0,0.0,32.53460353736089,17.601924828842755,0.0154393333941698,17.232097389209063,0.0584747605558798,14.551549768978536,0.8496218839719523,0.0125807654075546
2014,Chad,Ouaddai,0.5263157894736842,307.4348,297.16968,302.93747,2.765948199,0.0,1.636,0.0,0.0,45.65781041944074,13.506286368534482,0.0,31.60565600033289,1.0862726650923769,27.471990471038616,0.0113931049903233,0.0076520231545162
2014,Chad,Salamat,0.7827788649706457,306.21997,298.85522,302.40558,6.7385194,21.851,1.766035,0.0,0.0,26.845863471971068,4.036965575241562,0.0225341394543647,33.05223779385172,0.1994799884212133,28.108832504520795,0.0240792966542993,0.0014860471348953
2014,Chad,Sila,0.0,304.37036,297.4353,300.42462,2.528082073,0.0,1.232742923,0.0,0.0,43.73471900347624,12.344776065668205,0.0157504342496395,67.72643123551565,1.2063981251810545,62.54625036210892,0.0194170127083445,0.0061581997831363
2014,Chad,Biltine,0.7575757575757576,306.25488,293.18335,300.7101,1.258412242,0.0,2.222112833,0.0,0.0,6.75578782401754,16.05321853920742,0.0,34.65112261323268,0.8388057187014321,29.493575155417407,0.0,0.0071964909832053
2018,Cameroon,Adamaoua,3.608247422680412,304.9922,298.115,300.09427,,,,,0.0,28.46902692347789,84.00595616264295,0.1132801845669746,3.2457011702460385,0.0195239864855234,2.65889706265638,5.279614537007624,0.0073707636385324
2018,Cameroon,Est,5.355715427657874,299.71313,295.2312,297.07913,,,,,0.0,3.0658480060634328,35.563011793113105,0.0193849444389343,13.996014070273633,0.0067120686173439,1.2256110803404852,2.215082149356103,0.003810629352388
2018,Cameroon,Extrême - Nord,1.040943789035392,308.45337,297.521,303.0119,,,,,,,,,,,,,
2018,Cameroon,Nord - Ouest,4.117647058823529,301.79102,296.96167,298.9232,,,,,0.0,41.67739264758179,154.57900264732965,0.0,29.189861530938835,0.3251959202469328,12.507320745910384,32.75520473641805,0.051253951624761
2018,Cameroon,Sud - Ouest,3.32409972299169,300.8921,298.40503,299.8638,,,,,0.0,5.029252972519188,263.41975308641975,0.0,16.597324304413377,0.0186001371356085,7.741234494928728,19.53875305426955,0.0175623293530103
2011,Ethiopia,Addis Ababa,4.878048780487805,292.08618,287.4087,289.1904,,,,,0.0,226.62790256076389,134.46902126736111,0.0,15.559232923719618,4.514110989040798,63.0673828125,0.1836432615915934,0.7360728346456693
2011,Ethiopia,Afar,1.374113475177305,307.16187,297.1631,302.5148,4.601913225,0.0,0.0,0.0,0.0,35.70963583791653,8.55527550586233,0.0,54.45169949045616,0.0730873316248271,35.949257926237465,0.0195579861023804,0.0036235768870867
2011,Ethiopia,Amhara,1.1782401604412134,307.20923,297.54932,301.72736,14.67590082,12.151495764,4.132130651000001,0.374798953,0.0,86.02604084060269,82.23352064402997,0.0,25.92668021411578,2.776193868953212,38.37810021808089,0.0588995484896829,0.0533506419277784
2011,Ethiopia,Beneshangul Gumu,0.7380073800738007,298.34595,291.97705,294.8364,9.161141602,15.33387762,5.615709012,0.52379197,0.0,11.457207152562113,35.74479697046843,0.0,10.946132367688923,0.1101031885877652,3.935726821299172,0.0110212668128635,0.0066797524609027
2011,Ethiopia,Dire Dawa,3.646934460887949,294.93774,289.78955,292.40118,3.04796252,11.20695309,1.518517109,0.358011293,0.0,56.105962456597226,88.96175130208333,0.0,57.54938693576389,0.2312707901000976,27.26987575954861,0.1340127521091037,0.081996957302474
2011,Ethiopia,Gambela,3.909266409266409,301.13403,295.41455,297.62057,3.715403444,18.589105873,0.234326383,0.0,0.0,10.40169328345848,49.0602027120044,0.0,5.072522705940813,0.0999433217758194,5.00003019407023,0.0193200913150753,0.0041539529030478
2011,Ethiopia,Hareri,2.6998411858125992,295.18774,289.604,292.76837,6.172863036,8.443119645,2.305861722,0.0,0.0,78.53634823069854,124.2649658203125,0.0,32.15255198759191,0.0248242020606994,11.657468907973346,0.1497776508331298,0.2575644841269841
2011,Ethiopia,Oromia,1.0213776722090262,298.8694,291.98486,295.66324,14.460672123,16.835250128000002,6.320088438999999,34.375669796000004,0.0,69.0785462591166,68.28845309432792,0.0,13.471221216094404,3.990174675284766,17.056599811521757,0.048686342331013,0.0384248662170281
2011,Ethiopia,SNNPR,0.6566347469220246,293.39087,287.77588,289.93845,10.544138547,33.94435325,2.575650022,50.783812722,0.0,92.09396443275388,86.31421907283058,0.0,22.31577367337603,2.709329254345837,30.57812142612077,0.0627408185281044,0.0457306390547244
2011,Ethiopia,Somali,1.0197144799456153,305.43945,294.6455,299.90524,5.410727923,7.125064935,0.0,0.0,0.0,6.9366019122361005,31.38186029935852,0.0,25.043474356140155,0.0123034172262675,26.867093373493976,0.0430406555480304,0.0035873093304211
2011,Ethiopia,Tigray,1.7230576441102756,303.6775,294.39746,299.4033,11.079615679,8.137985892,4.458238351,0.0,0.0,59.76424078153989,86.63026881096145,0.0,35.89802803223562,0.5499603483903712,14.734484614158164,0.0369034949014353,0.0320259783061659
2006,Swaziland,Hhohho,20.30807922037096,298.29468,288.8745,293.827,,,,,0.0,1.2571592330932615,2.283219746180943,0.033451694708604,0.3330998080117361,0.0068681929260492,0.7454814910888672,0.0409129286805788,0.0969998346560846
2006,Swaziland,Lubombo,20.08222643896268,298.59595,290.25537,294.6429,,,,,0.0,1.1724644978841146,4.914425532023112,0.7083764509721235,0.8133481979370117,0.0186781461040178,0.6973894119262696,0.2313543690575493,0.0507863642314742
2006,Swaziland,Manzini,19.19385796545105,297.14478,287.84912,292.88577,,,,,0.0,4.481991291046143,11.035513877868652,0.0588813026746114,0.4569741487503052,0.010356318205595,2.023449182510376,0.1829525430997212,0.0969289912197885
2006,Swaziland,Shiselweni,16.56726308813784,296.844,287.51514,292.41702,,,,,0.0,1.0584995746612549,1.379227352142334,0.112595192023686,0.4580735683441162,0.0175836849957704,0.3555950251492587,0.1408023536205291,0.07125172510734
2005,Ethiopia,Addis Ababa,3.3003300330033,291.17358,287.76636,289.26614,,,,,0.0,176.03127712673611,94.65593126085068,0.0,11.375050862630207,3.6558295355902777,52.62997775607639,0.1660991509755452,0.7360728346456693
2005,Ethiopia,Afar,1.1402508551881414,307.5598,296.6211,303.1683,,,,,0.0,27.69217436125485,6.110307576528198,0.0,39.42582167690815,0.0599674197445501,30.88869461513584,0.0177023025199872,0.0036235768870867
2005,Ethiopia,Amhara,1.2531328320802004,307.27905,297.61646,301.50815,,,,,0.0,66.60770222045996,59.0001643950263,0.0,18.770100614591595,2.2197801534000794,32.75740483743061,0.0535080415788647,0.0533506419277784
2005,Ethiopia,Beneshangul Gumu,0.4509582863585118,299.44238,291.9546,295.2559,,,,,0.0,8.956070397638817,25.841831704389573,0.0,7.936907068954333,0.0892844353633258,3.390600421234432,0.0099945749087782,0.0066797524609027
2005,Ethiopia,Dire Dawa,1.839080459770115,293.1006,290.29565,292.0583,,,,,0.0,45.81348741319445,61.0250244140625,0.0,42.91032172309028,0.1862491607666015,23.17723524305556,0.1184976630740695,0.081996957302474
2005,Ethiopia,Gambela,3.625730994152047,303.00293,295.81787,298.4515,,,,,0.0,8.030426995914311,33.59142445709746,0.0,3.663161854019435,0.0807455104546045,4.318849381625442,0.0161793637782969,0.0041539529030478
2005,Ethiopia,Hareri,2.203567681007345,293.90112,290.0437,292.57407,,,,,0.0,60.5745418772978,87.28933919270834,0.0,23.03283152860753,0.0192261983950932,9.296055513269762,0.1381553490956624,0.2575644841269841
2005,Ethiopia,Oromia,1.1115861479264644,298.37988,292.50146,295.90903,,,,,0.0,53.52193287985576,49.11509248734112,0.0,9.71943700315522,3.1904308079618096,14.658718857564336,0.0441704131874838,0.0384248662170281
2005,Ethiopia,SNNPR,0.2797202797202797,292.14624,288.4331,289.96698,,,,,0.0,71.4097023673376,61.92146317829457,0.0,16.259524388151874,2.168228302979186,26.228647858531563,0.0568665418205951,0.0457306390547244
2005,Ethiopia,Somali,0.2604166666666666,305.53857,294.93433,300.43216,,,,,0.0,5.414285801004551,22.903719465819613,0.0,18.07582695082695,0.0108446934986814,23.051320207570207,0.0387868915358525,0.0035873093304211
2005,Ethiopia,Tigray,1.4073494917904612,303.84302,294.16992,299.80618,,,,,0.0,46.36172309833024,62.38190896423595,0.0,26.01131652945269,0.4420523729789008,12.874958328501856,0.0334188275004542,0.0320259783061659
2013,Gambia,Upper River,0.7927519818799547,307.4768,299.41357,303.19992,,,,,0.0,32.64588623046875,65.92866821289063,0.0,22.5945556640625,0.3734301567077637,13.215296936035156,0.4354434490203857,0.0444200708351086
2013,Gambia,West Coast,2.2058823529411766,301.19507,294.1797,297.8329,,,,,0.0,21.96261451357887,279.92950148809524,0.0,24.81735374813988,0.1309700239272344,6.484872000558036,1.3512328011648995,0.1594682077006507
2013,Gambia,Kanifing Municipal Council,1.8072289156626504,301.55444,296.9585,299.51404,,,,,0.0,3.4761356353759765,23.172169494628907,0.0,4.067417144775391,0.0330287754535675,0.5943952560424804,0.4309122860431671,0.3630099826388889
2013,Gambia,North Bank,1.288244766505636,301.55444,296.9585,299.51404,,,,,0.0,39.80480521065848,126.77396937779018,0.0,53.63497924804688,2.8580147879464284,32.038905552455354,0.5175151484353202,0.0446451514073371
2013,Gambia,Lower River,2.564102564102564,305.76782,298.76123,302.09998,,,,,0.0,19.59842623197116,61.616943359375,0.0,14.252988844651442,0.1238473452054537,4.729495943509615,0.5017971919133113,0.0261453547728432
2019,Gabon,Haut-Ogooue,2.4734982332155475,298.65967,297.00977,297.9014,,,,,0.0,0.3967796894605939,31.52410424397032,0.0,0.5967797594818057,0.0,1.036260134403382,2.142499764465445,0.0033486819965458
2019,Gabon,Moyen-Ogooue,4.57190357439734,300.12256,298.04565,299.24677,,,,,0.0,0.1381019543690286,19.646076070851294,0.0,0.4757944094906947,0.0,0.994302445915854,1.363878973599138,0.0022999266138542
2019,Gabon,Ngounie,4.343720491029273,298.75928,296.57495,297.77982,,,,,0.0,0.1450613496698159,21.065465628286013,0.0,0.4668554483766516,0.0,0.9305966606723748,1.4442594349697686,0.00155825595898
2019,Gabon,Nyanga,5.284552845528456,299.94287,297.75586,298.834,,,,,0.0,0.2300186157226562,17.151414123062015,0.0,0.4390327677500705,0.0,0.7968646667342691,1.1225444941557654,0.0013164792222645
2019,Gabon,Ogooue-Ivindo,2.564102564102564,298.97217,297.35913,298.16913,,,,,0.0,0.1214467698700574,26.31235686317967,0.0,0.6025083705357143,0.0,1.214435885682398,1.8004539976728724,0.00115088649096
2019,Gabon,Ogooue-lolo,3.082437275985664,298.88428,297.0359,298.06528,,,,,0.0,0.1319203546844038,39.1,0.0,0.6565130075028897,0.0,1.3383882590612617,2.698293235085228,0.0011409945566054
2019,Gabon,Woleu-Ntem,5.487411233053583,298.385,296.75586,297.5811,,,,,0.0,0.1712709906231121,22.00838456284153,0.2386570343604454,0.6777400065390213,0.0,1.270045704498023,1.4342026340505465,0.0030333329999771
2012,Gabon,Estuaire,4.18848167539267,299.92627,297.73267,298.9587,,,,,0.0,0.2118845992719829,29.98208264802632,0.0,0.4932478247585772,0.0,1.0565452648902351,2.1442033734237937,0.0149571190465572
2012,Gabon,Haut-Ogooue,4.155374887082204,298.29346,296.52173,297.38858,,,,,0.0,0.3915819525718689,31.59836401608911,0.0,0.5415315628051758,0.0,0.9621952176094056,2.223012066831683,0.0033486819965458
2012,Gabon,Moyen-Ogooue,5.92841163310962,299.5786,297.23267,298.72598,,,,,0.0,0.13342219553176,18.96423151214128,0.0,0.4246312038154359,0.0,0.8891384829381469,1.3512881786354856,0.0022999266138542
2012,Gabon,Ngounie,4.684838160136287,298.22607,295.594,297.253,,,,,0.0,0.1424758342015416,20.36939291240581,0.0,0.4243575115593112,0.0,0.8469587053571429,1.4290205151708826,0.00155825595898
2012,Gabon,Nyanga,3.944562899786781,299.35205,296.51,298.37115,,,,,0.0,0.2154770758566415,16.37296121162281,0.0,0.3835790905403499,0.0,0.722303127865759,1.126284755968401,0.0013164792222645
2012,Gabon,Ogooue-Maritime,4.842615012106537,300.1714,296.3557,298.76276,,,,,0.0,0.183683959049965,31.47244476512739,0.0,0.4570079291044776,0.0,0.9486293508045708,2.230828740794188,0.0033422984972677
2012,Gabon,Ogooue-Ivindo,2.323780015491866,298.70947,296.91235,297.6612,,,,,0.0,0.122260636352128,25.998578882929102,0.0,0.5509950785524516,0.0,1.1184364601417824,1.844010538129664,0.00115088649096
2012,Gabon,Ogooue-lolo,3.2618825722274,298.43213,296.51782,297.5396,,,,,0.0,0.134448821475778,39.37371877176184,0.0,0.6068198349649674,0.0,1.2434706655132393,2.7777650455910514,0.0011409945566054
2012,Gabon,Woleu-Ntem,8.32408435072142,297.85107,296.21313,296.9955,,,,,0.0,0.1668114119257847,20.966024709302324,0.1541158419388991,0.6049677014666538,0.0,1.1312823653326345,1.4066039092781009,0.0030333329999771
2016,Ethiopia,Addis Ababa,3.5198221563542056,292.71118,287.90112,289.84708,,,,,0.0,257.21620008680554,177.17830403645834,0.0,20.965111626519096,5.189533233642578,78.64238145616319,0.202601499027676,0.7360728346456693
2016,Ethiopia,Afar,1.285634432643935,308.18262,297.0725,303.59024,4.993796139,0.0,1.014197204,0.0,0.0,40.52021910339257,11.595198925559137,0.0,72.43338045234249,0.0749613905200068,45.259561793214864,0.0218388124671259,0.0036235768870867
2016,Ethiopia,Amhara,1.192504258943782,307.5276,297.99878,302.648,18.309346024,13.770437013,6.53777877,34.264988705,0.0,98.23343576526568,108.74547029308695,0.0,34.680637886597935,3.055740731562252,48.74154440919905,0.0650472650105651,0.0533506419277784
2016,Ethiopia,Beneshangul Gumu,0.8101265822784811,300.09985,292.66187,295.5715,10.526621756,64.52146903,6.297392497000001,0.388597451,0.0,13.326750952350206,48.033539046566965,0.0,14.999019402117767,0.1212139602535027,5.587883058658316,0.0122185713579865,0.0066797524609027
2016,Ethiopia,Dire Dawa,2.6706231454005933,296.5647,290.0769,292.6752,3.994830524,0.0,1.78815237,0.09504157,0.0,67.38517795138888,116.4168972439236,0.0,76.52658420138889,0.2494823031955295,34.40986056857639,0.1499663723839653,0.081996957302474
2016,Ethiopia,Gambela,4.516129032258064,302.39868,295.76147,298.892,5.976214928000001,8.000257732,0.78486782,0.0,0.0,12.021672274933804,75.71637403350516,0.0,7.108333793027361,0.1109201823847209,6.672275364767211,0.02362625131902,0.0041539529030478
2016,Ethiopia,Hareri,2.677165354330709,297.05103,290.46167,293.3085,4.044929946,20.01998965,1.096007141,0.285840708,0.0,87.46039177389706,161.69039713541667,0.0,43.12053366268383,0.0229017883539199,14.442080329446233,0.1753681500752767,0.2575644841269841
2016,Ethiopia,Oromia,0.6647398843930636,300.12134,292.57886,296.54352,19.440287960000003,84.65153383,7.734586158,42.84786242,0.0,78.83123004175879,90.4931315843834,0.0,17.947303846311307,4.384251156554491,21.63867907148121,0.0537637900872753,0.0384248662170281
2016,Ethiopia,SNNPR,0.358744394618834,294.4436,288.34253,290.55002,12.141860218,69.357574227,6.454205977999999,52.508288337,0.0,105.24634034766696,115.04246399844318,0.0,30.128309412168345,2.9801135957513725,38.992469836459286,0.0698584025550767,0.0457306390547244
2016,Ethiopia,Somali,0.0919963201471941,306.1787,296.14282,300.9229,3.932036259,0.0,1.168753321,0.0,0.0,7.993551764689701,42.79596177833214,0.0,33.18657845510563,0.0134824178108763,34.056300203565144,0.0465196975196843,0.0035873093304211
2016,Ethiopia,Tigray,1.0759919300605243,304.50488,294.5979,300.2214,12.761029353,8.098034457,4.479780536,0.0,0.0,67.80339024814471,114.4548659470752,0.0,47.76700921846011,0.6075483636347158,18.65644567486085,0.0405996918235126,0.0320259783061659
2012,Guinea,Boke,1.6129032258064515,300.0608,298.42065,299.23395,2.708658717,6.513342815,0.800193222,0.0,0.0,31.62270907036164,253.97758152173915,0.0,12.51681652908805,0.0091148251909425,11.984454844732705,1.025429033851187,0.0169409179035745
2012,Guinea,Conakry,2.921840759678598,300.48755,298.43018,299.30588,0.0,0.0,0.0,0.0,0.0,6.045304616292317,57.47490946451823,0.0,4.477973937988281,0.0056531752149264,3.039892832438151,0.0440178730271079,0.5173035477453581
2012,Guinea,Faranah,1.6682113067655238,304.56885,297.90356,300.21866,3.287322101,3.61028902,0.75591113,0.0,0.0,23.36047952586207,245.32638365963857,3.1152301364474826,7.0265759698275865,0.0403166710913598,6.65235317887931,0.9775124055793486,0.0174005012487041
2012,Guinea,Kankan,1.8440905280804687,304.85596,297.54028,300.2647,3.169427272,8.867178982,0.603115574,0.0,0.0,17.585312072357166,135.89638238164957,0.0,4.940454076505302,0.0109221891747526,4.545278689488539,0.5320907302342606,0.0132285290111885
2012,Guinea,Kindia,1.5151515151515151,299.98145,298.31714,299.28995,2.614321915,7.546634119,0.8,0.0,0.0,27.43746264515028,158.19914383561644,3.4650868502530185,10.764143257627504,0.0952843143206042,10.281212645150273,0.5785564265839042,0.0273632322380803
2012,Guinea,Labe,1.8713450292397664,306.45947,298.26294,301.56516,3.5465620710000003,7.717142847,0.8,0.0,0.0,37.716564509646304,195.8928158967392,0.0,18.507303808279744,0.007228572654502,17.34027603329314,0.7826475723930028,0.0344661491942918
2012,Guinea,Mamou,1.7751479289940828,301.05713,295.7024,297.58224,5.113365843,7.810527971,0.8256209,0.0,0.0,29.56206176419668,147.18886854698377,1.3442462682724,13.604319057306094,0.0140944927352947,12.797562110457063,0.5842331888504205,0.0389890617619272
2012,Guinea,Nzerekore,1.93929173693086,302.54443,297.53345,299.25983,2.890568185,10.19766495,0.754164504,0.0,0.0,7.86603259127052,147.7032960199005,5.450319260817308,6.774842227043433,0.052132603516773,6.387738730121409,0.9709944539995335,0.0199638525310454
2018,Guinea,Boke,2.195306585919758,300.64307,298.73706,299.8304,,,,,0.0,43.14929534313725,333.80141129032256,0.0,18.46626225490196,0.009704817408108,15.72291513480392,1.360127898185484,0.0169409179035745
2018,Guinea,Conakry,1.7676767676767675,301.01904,298.8601,299.78763,,,,,0.0,8.71709950764974,79.92115275065105,0.0,7.194393793741862,0.005533264329036,4.195973714192708,0.051687349875768,0.5173035477453581
2018,Guinea,Faranah,1.0535557506584723,305.46313,298.57104,301.09018,,,,,0.0,31.76318158436214,339.9713191330344,1.8678054809570312,10.352193447788066,0.0385975010138897,8.683387452846365,1.3712875297785874,0.0174005012487041
2018,Guinea,Kankan,0.596252129471891,305.6538,298.35303,301.04105,,,,,0.0,23.97154055896388,184.3204304245283,0.0,7.330811711826858,0.0114345918345385,5.972978442399454,0.7241011133733786,0.0132285290111885
2018,Guinea,Kindia,1.7889087656529516,300.66553,298.65894,299.91782,,,,,0.0,37.517624373861565,196.07036843675417,4.121917724609375,15.943709799066484,0.0969903525541823,13.464580487249544,0.7206879754624105,0.0273632322380803
2018,Guinea,Labe,1.95852534562212,307.80884,299.0288,302.25833,,,,,0.0,51.43523320396146,271.0594385706638,0.0,27.50004600508565,0.0076379440350239,22.87369931076017,1.0896093462468217,0.0344661491942918
2018,Guinea,Mamou,0.9316770186335404,301.72607,296.36206,298.49628,,,,,0.0,40.44044862361496,182.33576247454167,18.48185157775879,20.250927869632964,0.0200778282250063,16.85958600242382,0.7309385093797734,0.0389890617619272
2018,Guinea,Nzerekore,1.2949640287769784,302.19678,298.0105,299.7313,,,,,0.0,10.647810888902974,192.75886824324328,6.705657516700634,9.912224264705882,0.0560867904978301,8.294752841869506,1.239896036594245,0.0199638525310454
2005,Guinea,Boke,1.32890365448505,300.71533,298.6692,299.91766,,,,,0.0,21.6925170610762,171.60897529069769,0.0,8.001454487431264,0.0082599418142697,6.847273449774155,0.783676644258721,0.0169409179035745
2005,Guinea,Conakry,3.005780346820809,301.0515,298.77075,299.96356,,,,,0.0,4.517750422159831,32.21592712402344,0.0,3.402302424112956,0.0040284221371014,1.5020860036214192,0.0211772272984186,0.5173035477453581
2005,Guinea,Faranah,1.5151515151515151,305.42944,298.07617,300.72787,,,,,0.0,15.949236236656336,164.3953979863222,1.2427742958068848,4.4653670045626725,0.0336326075690699,3.759035557097968,0.7430994097585012,0.0174005012487041
2005,Guinea,Kankan,1.6968325791855203,305.95288,298.34766,300.9554,,,,,0.0,12.04411937649675,91.26490917487683,0.0,3.165433629832364,0.0082976617732969,2.5817826826034898,0.4038662915159329,0.0132285290111885
2005,Guinea,Kindia,0.8743169398907104,300.9939,298.5266,299.96176,,,,,0.0,18.726791965505463,100.46025725593668,1.8570026050914417,6.832808586634791,0.0866812686885423,5.766090156819216,0.4158667008291762,0.0273632322380803
2005,Guinea,Labe,1.8662519440124417,307.28687,299.5547,302.27542,,,,,0.0,25.79974921288853,130.47863051470588,0.0,11.861451634512326,0.0056968648154456,9.851967569332798,0.5901074378319036,0.0344661491942918
2005,Guinea,Mamou,0.957592339261286,301.45288,296.31958,298.01825,,,,,0.0,20.22811526142659,94.12981973830736,0.6012436747550964,8.704982768135388,0.0152147588967616,7.29968430791205,0.422643988594446,0.0389890617619272
2005,Guinea,Nzerekore,1.2556053811659191,302.16577,297.74927,299.6579,,,,,0.0,5.383396902234279,95.36557949029128,2.3162206393569265,4.331346054233595,0.0532760558935194,3.660600142045455,0.6688787071450243,0.0199638525310454
2014,Ghana,Ashanti,1.956521739130435,302.08228,298.83374,300.49332,,,,,0.0,2.1482567560105097,416.0378739858013,0.0,25.590719288793103,0.0143200117966224,24.08227687626775,2.057943875672388,0.0726774354266021
2014,Ghana,Brong Ahafo,1.791044776119403,303.59204,298.57324,300.70718,,,,,0.0,1.6403526718168064,113.4537244740099,0.0,12.194203644550493,0.010849857691107,6.762072332974138,1.229682695747602,0.0306571753205668
2014,Ghana,Central,1.5945330296127564,300.90845,297.8806,299.4842,,,,,0.0,3.686720679788028,577.7562579719388,0.0,41.438226802269824,0.0148095596781777,23.50476042998721,3.268619459502551,0.1009869289675204
2014,Ghana,Eastern,3.302961275626424,302.8811,299.031,301.26462,,,,,0.0,11.625591259997035,636.1289220647774,0.0,48.7665115987984,0.0132002327566312,23.55229629088785,2.294821385269062,0.0621892060455542
2014,Ghana,Greater Accra,2.408376963350785,301.97095,297.90796,300.4528,,,,,0.0,13.692329514194542,340.931338028169,0.0,49.406923965669016,0.0255725887459768,19.66326818331866,1.5406996912235835,0.3648165696991067
2014,Ghana,Northern,0.4863813229571984,305.14673,298.8838,301.56915,,,,,0.0,9.985099814093484,191.67367104296733,0.0,19.851202859419264,0.0112488634525547,16.097634118271955,1.705068621178388,0.0201383179720026
2014,Ghana,Upper East,1.11358574610245,305.29907,299.08887,301.7863,,,,,0.0,27.18359649315309,554.9427524717514,0.0,70.7613127633427,0.0201980987291657,60.47578893082865,10.083413334216102,0.1155890355074597
2014,Ghana,Upper West,0.2816901408450704,305.35767,298.9502,301.8068,,,,,0.0,14.115687733663847,182.9740147005772,0.0,31.97057613377764,0.0117755959340902,20.478129571684004,9.705309230699855,0.0352687166972641
2014,Ghana,Volta,2.5299600532623168,303.15063,298.45288,300.82648,,,,,0.0,10.02469153597786,435.0278364759428,0.0,32.383835908671585,0.0136803805534475,20.169299661746617,3.967911729236577,0.0557175722199213
2014,Ghana,Western,2.9865125240847785,300.51392,297.7439,299.35968,,,,,0.0,0.0280498859686252,261.33413215746424,0.0,9.655199772234964,0.0127651134883713,13.634791507390418,3.1887202038599183,0.0460857730435694
2003,Ghana,Ashanti,2.08110992529349,302.90234,298.88965,300.6284,,,,,0.0,1.7478021894182478,160.270521678499,0.0,15.074290060851927,0.014324273347371,16.767316651876268,0.9137293080814548,0.0726774354266021
2003,Ghana,Brong Ahafo,2.366412213740458,304.17383,298.2373,300.4168,,,,,0.0,1.3309469382856145,43.636331992574256,0.0,7.178139672490763,0.0106396910585003,4.709476264239532,0.5467381996683555,0.0306571753205668
2003,Ghana,Central,1.8258426966292127,301.71655,298.06348,299.64987,,,,,0.0,3.011731989243452,220.9384367028061,0.0,24.41857566735933,0.014866949652162,16.431173573369566,1.4597565008669484,0.1009869289675204
2003,Ghana,Eastern,2.9580152671755724,303.37305,299.2881,301.2249,,,,,0.0,9.459060162729562,244.5774924089069,0.0,28.868705148531376,0.0132368365339984,16.28908988025701,1.0208796245044702,0.0621892060455542
2003,Ghana,Greater Accra,1.4814814814814816,301.9414,298.2334,300.41373,,,,,0.0,11.40813779159331,130.24854203345072,0.0,28.809027013644368,0.0252808265283074,13.83174326722051,0.6921139723963017,0.3648165696991067
2003,Ghana,Northern,0.5738880918220948,304.1953,298.55957,301.11227,,,,,0.0,8.086078290636042,73.87878042642753,0.0,11.65638112853357,0.0112279175279333,11.255558469522969,0.7593720688826867,0.0201383179720026
2003,Ghana,Upper East,1.359003397508494,304.7395,298.8369,301.4212,,,,,0.0,21.873935656601123,214.3210849223164,0.0,41.83984375,0.0201330760891517,42.577954924508425,4.607471530720339,0.1155890355074597
2003,Ghana,Upper West,1.3499480789200415,305.24927,298.62012,301.3548,,,,,0.0,11.459241231282553,70.41213466726619,0.0,18.90121078491211,0.01178839802742,14.26062266031901,4.3592446745728415,0.0352687166972641
2003,Ghana,Volta,1.1566771819137749,303.72852,298.30566,300.59634,,,,,0.0,8.123169095092024,165.2907643312102,0.0,19.0115234375,0.0136419729221086,14.160509729677914,1.804427306292808,0.0557175722199213
2003,Ghana,Western,2.2181146025878005,300.69922,297.8291,299.3333,,,,,0.0,0.023567013118578,100.72633882924336,0.0,5.707170758928571,0.0127458942179777,9.504102558992347,1.399500934624233,0.0460857730435694
2014,Lesotho,Berea,25.98639455782313,293.05835,278.1211,286.55173,1.2807370219999998,0.0,0.054512958,0.0,0.0,33.26323725103022,66.19731001420455,0.1564595997333526,25.665924407623628,1.5551043499957071,55.65965723729396,6.1742331764914775,0.1088491301668562
2014,Lesotho,Butha Buthe,21.071428571428573,292.28882,279.0293,286.82257,1.354672334,0.0,0.133738602,0.0,0.0,12.791360994664634,32.255543778582314,0.3692291259765625,20.56523169540777,1.1341539708579458,36.85183045922256,0.9977221605254384,0.0573002577319587
2014,Lesotho,Leribe,26.049204052098407,293.66968,279.5293,287.78415,1.530880121,0.0,0.144553073,0.0,0.0,33.31114783653846,106.96301765752033,0.2018695672353108,48.36258638822115,2.159027803861178,73.43016826923076,2.330035450012703,0.1052054891449121
2014,Lesotho,Mafeteng,25.333333333333336,295.3474,278.6953,287.596,0.952476983,0.0,0.22694718,0.0,0.0,21.559228515625,39.088310546875,0.0673992782831192,13.44561767578125,1.0834071350097656,46.3136962890625,2.758505859375,0.0904549600035161
2014,Lesotho,Maseru,27.035830618892508,295.3474,278.6953,287.596,1.648693992,0.0,0.122546673,0.0,0.0,27.27488111413044,24.009664784307063,0.2831540902455647,41.62191639775815,2.3875100508980127,59.84226923403533,4.404696920643682,0.0812277329833114
2014,Lesotho,Mohale's Hoek,22.43150684931507,290.3396,277.09766,284.72263,1.7652264940000002,0.0,0.14004914,0.0,0.0,14.191550711908285,23.445064025517752,0.0342632457613945,26.93228781434912,1.6398557403383875,38.43001976238905,2.052526349852071,0.049311413599182
2014,Lesotho,Mokhotlong,20.0,287.79077,275.42188,282.71725,2.217267724,0.0,0.122189638,0.0,0.0,10.49396732310557,19.91521034440445,0.2887080609798431,20.280532757852978,1.894457248826101,37.688102129209845,0.7445190589465396,0.0213623706120612
2014,Lesotho,Qacha's Nek,21.330724070450096,288.3767,276.5039,283.36276,1.557126392,0.0,0.233793836,0.0,0.0,8.166058781171087,6.426236239346591,0.1688530995295598,16.02193936434659,1.34240784307923,20.095925071022727,0.5779203549780026,0.026089694330601
2014,Lesotho,Quthing,22.452830188679247,290.3396,277.09766,284.72263,1.247713775,0.0,0.128349788,0.0,0.0,13.275168347714551,18.073406219482425,0.0726193359919956,18.93498207206157,1.2253158341592818,33.63048041044776,1.0398709774017334,0.0364276611575481
2014,Lesotho,Thaba Tseka,24.62962962962963,288.44507,275.83008,283.07907,1.521078202,0.0,0.103098592,0.0,0.0,10.477377031950672,13.513254550877464,0.0947697043418884,25.085589353279147,2.4031402177340246,37.351032616311656,1.2620135528113454,0.0238411817693958
2009,Lesotho,Berea,20.79343365253078,292.02222,276.9065,285.99112,0.8850743600000001,0.0,0.867021277,0.0,0.0,38.10891891311813,58.03883800287356,0.3049458861351013,29.39251910199176,2.07583249270261,51.94870364010989,9.172926628726652,0.1088491301668562
2009,Lesotho,Butha Buthe,15.359477124183009,291.9375,277.48657,286.1021,1.552987633,0.0,1.0,0.0,0.0,14.403760956554878,29.309811475800306,0.2127578496932983,23.48894072741997,1.511615474049638,33.42355718845275,1.4610725030666445,0.0573002577319587
2009,Lesotho,Leribe,23.638778220451528,293.35938,278.56274,287.32526,2.008808684,0.0,0.952010376,0.0,0.0,38.16197415865385,92.81724784044717,0.2264330585797627,56.08570462740385,2.8733844463641827,68.59916616586538,3.3884684244791665,0.1052054891449121
2009,Lesotho,Mafeteng,20.95639943741209,294.06055,277.53345,287.23166,0.712432183,0.0,0.891975309,0.0,0.0,24.90968505859375,33.155966796875,0.0395040176808834,15.70920654296875,1.4435406494140626,43.552431640625,3.984036560058594,0.0904549600035161
2009,Lesotho,Maseru,27.07340324118208,294.06055,277.53345,287.23166,1.354563524,0.0,1.053311793,0.0,0.0,30.682755180027176,20.833037003226902,0.2464596033096313,46.938779084578805,3.21837914508322,58.69384765625,6.523751300314198,0.0812277329833114
2009,Lesotho,Mohale's Hoek,24.81203007518797,290.37573,275.99243,284.52823,1.1264356749999995,0.0,0.955145119,0.0,0.0,16.316703841531066,19.955150355954142,0.0330096259713172,32.55871509800296,2.199143990962463,33.20352371486686,2.9735190487472263,0.049311413599182
2009,Lesotho,Mokhotlong,21.49253731343284,287.99292,274.83423,282.29727,1.601324678,0.0,0.983306836,0.0,0.0,11.698388924870466,18.348814320189792,0.2251178622245788,23.5315940738342,2.507651057268054,34.643352291126945,1.055566917539267,0.0213623706120612
2009,Lesotho,Qacha's Nek,22.04301075268817,288.72852,275.44165,282.91934,1.025554876,0.0,0.852601156,0.0,0.0,9.308765141650884,5.510569562815657,0.1657930520864633,18.956367877998737,1.7945135867956914,19.19796845407197,0.8356260049222696,0.026089694330601
2009,Lesotho,Quthing,22.496147919876734,290.37573,275.99243,284.52823,1.5520812679999998,0.0,0.911575563,0.0,0.0,14.936517971665111,15.22910499572754,0.0623869070639977,21.441788858442163,1.6440371613004314,30.89273845615672,1.5198603868484497,0.0364276611575481
2009,Lesotho,Thaba Tseka,19.97146932952924,288.04956,274.26782,282.32574,1.234302837,0.0,1.0,0.0,0.0,12.183877303461324,11.513556419334977,0.0528352439403533,30.489207451653588,3.1907649703089964,35.65708642797085,1.82997409463516,0.0238411817693958
2004,Lesotho,Berea,17.537313432835823,292.08423,277.29224,286.10135,0.675915461,0.0,0.954915807,0.0,0.0,41.75258359804258,59.46331716954023,0.1744962334632873,19.21182552798764,2.258717966603709,43.25521280477335,10.837612809806034,0.1088491301668562
2004,Lesotho,Butha Buthe,14.285714285714285,291.85376,277.96997,286.33865,2.214229127,0.0,0.995192308,0.0,0.0,15.881386361471035,31.13635849371189,0.2647958755493164,15.380759634622711,1.6547831093392722,29.09929377858232,1.812208966511052,0.0573002577319587
2004,Lesotho,Leribe,21.3653603034134,293.46313,278.7473,287.4155,1.856331401,0.0,0.881287726,0.0,0.0,41.408154296875,94.57071741615852,0.2099626660346985,36.39455754206731,3.1081754244290867,57.60354191706731,4.123812047446647,0.1052054891449121
2004,Lesotho,Mafeteng,17.918313570487484,294.11743,278.0227,287.34763,0.940456399,0.0,0.914304124,0.0,0.0,27.0526123046875,34.24767578125,0.0592362843453884,10.128087768554687,1.5831781005859376,35.7672705078125,4.849176025390625,0.0904549600035161
2004,Lesotho,Maseru,14.592274678111588,294.11743,278.0227,287.34763,1.565714461,0.0,1.166556072,0.0,0.0,33.82568890115489,21.561883014181387,0.3335305054982503,31.02037512737772,3.4182938285495923,47.40572456691576,7.817918860394021,0.0812277329833114
2004,Lesotho,Mohale's Hoek,14.417531718569782,289.79297,275.69263,284.43665,1.978497531,0.0,0.951273533,0.0,0.0,17.956938794378697,20.61926197300296,0.0532662371794382,19.944561298076923,2.367714424810466,27.55070324056953,3.624359311436761,0.049311413599182
2004,Lesotho,Mokhotlong,12.857142857142856,287.42383,274.07153,282.34177,1.225647435,0.0,1.0,0.0,0.0,12.936808057399611,18.64827133098822,0.2333151549100875,15.306235832253886,2.7065578322336465,29.024753076424872,1.219696284588719,0.0213623706120612
2004,Lesotho,Qacha's Nek,19.215686274509807,288.07227,274.40552,282.90964,1.928567927,0.0,1.0,0.0,0.0,9.966818453085542,5.162391431403883,0.1590950489044189,12.11181394018308,1.9454459758720013,16.059945154671716,1.0022448144777856,0.026089694330601
2004,Lesotho,Quthing,18.54974704890388,289.79297,275.69263,284.43665,1.308692572,0.0,0.805580558,0.0,0.0,16.46455223880597,15.471149444580078,0.0600705402238028,14.1780860103778,1.7696754113951725,25.76534077658582,1.8201744556427,0.0364276611575481
2004,Lesotho,Thaba Tseka,16.50485436893204,287.7207,274.71216,282.7117,2.281061268,0.0,1.0,0.0,0.0,13.172118045823993,12.016392299107142,0.0829443395137786,18.83431281530269,3.482732798486547,29.29153018147421,2.201988633630311,0.0238411817693958
2008,Kenya,Central,4.743589743589744,289.89355,288.04834,288.95575,0.757506343291098,0.0,0.0,0.0,0.0,78.05163365749526,495.7145027281746,0.0,42.83989563567363,0.0096628856296321,43.36765447106262,6.501958453466022,0.2372246434713479
2008,Kenya,Coast,4.6137339055794,300.39624,297.0952,298.94257,1.537030965611726,0.0,0.0,0.0,0.0,13.409063359040928,31.244420606649395,0.2870346450805664,21.47511644777031,0.0035459759349179,7.208474916004887,0.1156661498286366,0.017569254856323
2008,Kenya,Eastern,3.161222339304532,304.87012,301.0818,302.66278,0.7453828832404424,0.0,0.0,0.0,0.0,15.491740088105727,81.41625497855392,0.0,34.76798825256975,0.0049591081849591,10.848568281938324,0.6036243908511006,0.0316259047864773
2008,Kenya,Nairobi,7.643312101910828,292.87207,289.94873,291.57523,,,,,0.0,65.84742954799107,966.4607282366072,0.0,52.06156703404018,0.005004625235285,32.483119419642854,33.13873073032924,0.610594512195122
2008,Kenya,North Eastern,0.9638554216867472,300.59668,296.91064,298.6115,0.5031353401997933,0.0,0.0,0.0,0.0,39.83035540487931,27.299999214034205,0.0,127.48361666234103,0.0041197601117585,66.11828445367246,0.1045857667922973,0.0039213995297837
2008,Kenya,Nyanza,16.281138790035588,296.52246,293.5581,295.17596,0.6473360826886589,0.0,0.0,0.0,0.0,127.98961900684932,309.4620777027027,1.4315312950356494,49.05198188677226,0.0032142769467007,31.78190215646404,2.0867807749155407,0.2111600637373313
2008,Kenya,Rift Valley,5.156537753222836,305.30762,302.0171,303.48032,1.720210963313809,0.0,0.0,0.0,0.0,38.90382436260623,60.39465659790439,0.0655259458642257,44.616744865439095,0.0064766851698574,41.2125,0.4879116815293468,0.0323602487365312
2008,Kenya,Western,7.204301075268817,289.2334,286.61865,288.14505,1.3098427006153888,0.0,0.0,0.0,0.0,148.83388526119404,434.9152518656716,0.4050405820210774,40.15037021921642,0.0060137488359322,22.78722597947761,9.350142840485075,0.2646568217242436
2003,Kenya,Central,3.264490339773484,290.66016,287.78613,289.1336,1.7836680486126586,0.0,0.3093585017877211,0.0,0.0,53.19206964539848,425.49026537698415,0.0,17.60190716911765,0.0093633883806235,20.60573929672676,7.719744969928075,0.2372246434713479
2003,Kenya,Coast,4.290091930541369,300.99414,296.89355,299.15802,0.9600525960694202,0.0,0.6312903801108044,0.0,0.0,9.178700796044591,26.81570460924007,0.57396484375,8.896790408330787,0.0034298899412417,3.433400764069181,0.1384395793574483,0.017569254856323
2003,Kenya,Eastern,3.5053554040895816,305.14038,300.1748,302.19333,0.9840111680478232,0.0,0.47193986433808,0.0,0.0,10.532257632770436,69.45451940709046,0.0,14.266660038342309,0.0040892460594879,5.164413992392723,0.7178829704556812,0.0316259047864773
2003,Kenya,Nairobi,4.628949301983836,293.64648,289.656,291.59796,,,,,0.0,44.87374441964285,836.9686802455357,0.0,21.330317905970983,0.0049115105399063,16.83483668736049,41.02865164620536,0.610594512195122
2003,Kenya,North Eastern,0.0,301.2849,296.13403,298.44888,0.9498802557774068,0.0,0.1663981231768083,0.0,0.0,27.14879832641412,23.164672123508947,0.0,52.82863177867151,0.0038396648083272,31.59379054229372,0.1170924833451194,0.0039213995297837
2003,Kenya,Nyanza,12.535885167464114,297.23022,293.6775,295.40152,1.7899412062963749,0.0,0.0,0.0,0.0,87.79104238013699,267.53187160940325,1.43474609375,20.98006073416096,0.0031797071876649,15.399467572773972,2.483535959750791,0.2111600637373313
2003,Kenya,Rift Valley,3.75,306.0857,300.82715,303.39078,2.1410309808665327,0.0,0.2692508471551262,0.0,0.0,26.57711579320113,51.37754893964111,0.1547400323968184,18.48556236720963,0.0061406628003514,19.68270405453258,0.5825181771258157,0.0323602487365312
2003,Kenya,Western,4.662698412698413,290.3125,286.9099,288.41388,2.4925828686839413,0.0,0.7140766328232566,0.0,0.0,101.58288246268656,373.3847714552239,0.5310018539428711,16.664689249067163,0.005879533143691,10.91817135027985,11.241730556203358,0.2646568217242436
2010,Malawi,Central Region,6.835443037974684,298.4043,291.52222,295.19495,,,,,0.0,10.92187633046662,176.76172691637632,0.2288146452470259,46.93010260558583,0.0022335387766361,2.7474664589364783,29.833934015679443,0.1279722219793415
2010,Malawi,Northern Region,7.184693479109723,301.1504,293.81323,297.2986,,,,,0.0,11.960336404438,114.78320135746608,0.4788869556627775,18.805232841770746,0.0029066477098691,0.9383098937878704,14.723695673730736,0.0712023495288665
2010,Malawi,Southern Region,13.887647146475937,300.13086,292.21167,296.2327,,,,,0.0,10.34544413919414,199.2390729398664,0.6274636367271686,48.84293727106227,0.0,2.5615069826007324,12.727847183556053,0.1239641129331224
2004,Malawi,Central Region,7.627118644067797,296.7151,290.83325,294.51315,,,,,0.0,7.828486221687671,162.64631276150627,0.2301227450370788,23.233486248297,0.0,2.910999100604564,7.726529811715481,0.1279722219793415
2004,Malawi,Northern Region,8.391608391608392,299.41235,293.1106,296.6305,,,,,0.0,8.655886729203836,105.73092247050816,0.4846990484940378,9.349673840321142,0.0027143507334538,0.9933746721414948,3.814437144886364,0.0712023495288665
2004,Malawi,Southern Region,17.464572960551514,298.12085,291.5227,295.4425,,,,,0.0,7.442684724130037,183.4159618959108,0.4275164983968819,24.1229481456044,0.0,2.731426711309524,3.334943874883829,0.1239641129331224
2015,Malawi,Central Region,5.867110864334629,297.65137,292.06738,295.42886,2.590499559780372,12.262479374817094,1.327477817306333,0.5660039561842829,0.0,14.269054942949593,199.6599277506964,0.2695838754827326,78.7535869380109,0.0022896544800864,3.5233762985354224,50.62820987116992,0.1279722219793415
2015,Malawi,Northern Region,6.812735364601164,300.12988,294.3838,297.48907,2.616511937593257,7.521773068155658,1.0017760189272211,0.5945517583768148,0.0,15.653782894736842,130.0392035198556,0.4391975402832031,31.471387851248885,0.003778892719817,1.2095413618926727,24.93756710556058,0.0712023495288665
2015,Malawi,Southern Region,12.630495515365386,299.63184,292.86816,296.46432,1.984910268689524,2.2904299840098186,0.9502025742615414,0.5259228759447714,0.0,13.513584592490842,223.16708426132143,0.6309366470728165,81.39014995421246,0.0020091184414923,3.2877793755723443,21.61401349062732,0.1239641129331224
2013,Namibia,Caprivi,24.23756019261637,301.21265,291.40186,296.4343,,,,,0.0,6.577354344030383,30.945043591485508,0.0,0.3211284096050418,0.0127879464801334,0.0138886080950325,0.0953674979831861,0.0143224770706729
2013,Namibia,Erongo,11.791383219954648,291.95117,287.12988,289.72318,,,,,0.0,1.7058827699637025,14.47324851707176,0.0,2.0018009986577434,0.0392854468279891,1.5008752434021475,0.3139543180112485,0.0024788480998425
2013,Namibia,Hardap,7.440476190476191,299.3999,287.50732,293.48425,,,,,0.0,0.9680815044966972,9.76163029648902,0.0,0.4149489263159069,0.0237296144612145,8.488724782789811,0.3406531778040656,0.0012918252412169
2013,Namibia,Karas,13.260340632603407,292.80957,287.01855,290.2777,,,,,0.0,0.5900678596975988,4.879816324940373,0.0615629779881444,2.97970257798474,0.0267447206233519,7.563594030520647,0.1974186363782659,0.0008234719206076
2013,Namibia,Kavango,15.302013422818792,301.3103,291.76025,296.3464,,,,,0.0,5.232037043167373,58.865662104221634,0.0,0.6814939854508739,0.0183544724674548,0.0290238682692347,0.2257169054177317,0.0053891535454378
2013,Namibia,Khomas,12.13653603034134,298.71777,287.96826,294.16345,,,,,0.0,2.8516661313934035,61.85149940345081,0.0,0.4323628548986217,0.017883789470957,1.493529884430768,0.5086502321666208,0.005553664141629
2013,Namibia,Kunene,9.81067125645439,299.7959,293.91943,297.786,,,,,0.0,1.6244295152399482,5.856196838017752,0.0,1.5968693002188716,0.0184366050551992,0.719256393887808,0.0121624987484838,0.0012804349236748
2013,Namibia,Ohangwena,16.02836879432624,301.35522,291.92236,296.55408,,,,,0.0,28.06198235662584,10.59597853486761,0.0,16.90588025473274,0.4967563348782886,0.2049173469798336,0.6891914386421223,0.0498386787176765
2013,Namibia,Omaheke,8.01963993453355,300.2256,289.7671,295.63757,,,,,0.0,9.686016775777414,22.89109977149209,0.0,2.0429293918141367,0.1133763864270599,3.567358438395049,0.0213272720392943,0.0014679951946112
2013,Namibia,Omusati,18.598382749326145,301.3064,292.8374,297.3835,,,,,0.0,12.803021136414504,11.917251586914062,0.0,11.00817270031334,0.3580691645800694,0.9195274687709826,1.2560268458474446,0.0200947499771215
2013,Namibia,Oshana,17.682020802377416,301.35718,292.4546,297.47366,,,,,0.0,19.27676632748637,266.050592996988,0.0,9.247380311222752,0.3846673783554368,0.599719346381663,1.9166109016142696,0.0371795811825434
2013,Namibia,Oshikoto,15.758468335787922,301.48804,292.14014,297.1348,,,,,0.0,9.81061755677622,5.929587168236301,0.0,10.023739700655463,0.140210319304924,0.2536739422616437,0.5070748823729513,0.0110099400785648
2013,Namibia,Otjozondjupa,11.494252873563218,299.95874,290.5874,296.09494,,,,,0.0,1.875356327783096,41.09724624820273,0.0,0.2875832989648865,0.0100590102782134,0.3566214062713689,0.129237654224563,0.0020158766060573
2006,Niger,Agadez,1.9746121297602257,304.41675,283.1814,295.21796,,,,,0.0,0.298700601513381,42.896454930904525,0.0,3.993144980068782,0.0176860827116232,2.680632156675004,1.325017421089824,0.0003755229949323
2006,Niger,Diffa,1.608187134502924,307.0249,291.35718,301.18393,,,,,0.0,12.836756464260729,33.0148711622807,0.0,17.65236561333955,0.7484663778276586,13.19375382608442,0.2861295514509818,0.001990873993595
2006,Niger,Dosso,0.5150214592274678,306.88086,296.04858,302.43622,,,,,0.0,23.392352821810544,56.40341999232541,0.0,26.26126217532468,0.2982899991495177,21.95264753628724,0.0502758714115262,0.0293488460375473
2006,Niger,Maradi,0.3913894324853229,306.125,292.9939,301.1667,,,,,0.0,28.849186237760097,71.1308260199241,0.0,52.78842659883721,0.4220563125143436,41.29091761015912,0.1053739037414203,0.0323259636784591
2006,Niger,Niamey,1.477832512315271,307.4336,296.22827,302.4102,,,,,0.0,52.57963053385416,168.9985555013021,0.0,21.092615763346355,0.3645488421122233,32.14008076985677,0.5464472770690918,0.7171663851351351
2006,Niger,Tahoua,1.0221465076660987,308.94092,292.30054,302.12534,,,,,0.0,14.051707511600927,38.46396842277487,0.0,18.664211136890952,0.2375291156104988,18.06348970417633,0.0761989333866778,0.0128552221664158
2006,Niger,Tillaberi,0.4659832246039142,307.43506,295.41382,302.8472,,,,,0.0,17.86467996289425,15.28636320567427,0.0,16.241816856612775,0.1770921550945865,14.145884408958388,0.0527681620039073,0.0162122588055654
2006,Niger,Zinder,0.5834305717619603,306.41357,290.0271,300.41733,,,,,0.0,18.51402088702749,104.23722232680724,0.0,34.93480522444158,1.1044182531612436,26.715729703608247,0.1595777718417615,0.0113530374271671
2015,Mozambique,Cabo Delgado,12.650602409638552,301.59424,297.12598,299.3273,0.851934708,3.7352519825,0.4859441415,0.354710322,0.0,0.2601305316804048,20.736114215467143,3.6754555836499776,2.6268719349958265,0.0,0.1989160965049201,1.4105941097172552,0.0132058793614766
2015,Mozambique,Gaza,23.211781206171107,302.40088,293.49585,298.3089,7.388927866,2.9069475795,0.46794054849999994,0.0,0.0,5.231871978043754,8.28734143619338,2.7161551339285714,2.602067191463221,0.0054193095614512,0.0578393889284764,2.1174592021450347,0.0160676638417784
2015,Mozambique,Inhambane,12.66173752310536,300.50635,295.0205,297.70163,0.44063406949999995,3.706693634,0.2244650495,0.0,0.0,3.830408285085115,16.098664930555554,8.030015625,4.2559676242082345,0.0,0.1299508472146324,5.830509548611111,0.0211135103227065
2015,Mozambique,Manica,12.56544502617801,303.52637,294.92554,299.19904,1.0508530485,9.376674405,1.267839698,1.2153544795,0.0,3.3875558581523864,35.53712848581213,1.6532054087420498,5.588576052670188,0.008791066351391,0.0735205051857914,1.869194732486852,0.0200827610512617
2015,Mozambique,Nampula,4.935064935064935,300.59033,297.19873,299.0589,0.6999097249999999,2.608539921,1.2651912815000002,0.9540805015,0.0,0.6900722253729622,39.45516424605729,4.618388165835211,6.384666496847124,0.0,0.4511451580080533,2.3371840551577083,0.0373825007926861
2015,Mozambique,Niassa,8.598130841121495,301.80518,296.9463,299.2775,1.315530703,9.691811049,2.5335322,1.366362764,0.0,0.2160540797214749,18.44680777077152,2.5937818759273,2.152644655621596,0.0,0.0824921053005863,0.586631706984885,0.0109272640738921
2015,Mozambique,Sofala,15.652879156528792,300.92236,294.77515,298.1284,1.2410874029999999,6.683,0.7130218924999999,0.3728140235,0.0,1.0076878687718531,15.230653285033744,3.263410191916435,7.939066753629764,0.0,0.3415257953671665,2.025801176682215,0.016701591088891
2015,Mozambique,Tete,7.0342205323193925,298.33496,290.44116,294.27066,0.9177866585000001,5.394481885,1.063404703,1.100102594,0.0,4.959711250906235,17.190497587551125,0.8533345789997124,6.11327841801595,0.0038437619805336,0.1123379116878813,3.2527616847999745,0.019111473594444
2015,Mozambique,Zambezia,12.94838145231846,301.45947,295.9685,298.7736,0.6959173745,3.616135732,0.979829331,1.144218815,0.0,0.613374940631679,39.97330587635869,3.419380785071332,2.5740244115115174,0.0,0.2726804836056718,3.568880827530571,0.0321687530249053
2012,Mali,Bamako,1.829268292682927,305.43994,297.4397,300.7341,,,,,0.0,65.51732177734375,10834.8984375,0.0,85.29495849609376,1.6846803665161132,85.28431396484375,0.3869012594223022,0.7706529771959459
2012,Mali,Kayes,1.1494252873563218,308.95215,295.77954,302.46573,3.1331791005,0.0,0.7033395275,0.4611877545,0.0,7.541208892948845,52.423702061229,0.0,11.35109958275726,1.2474524121074462,11.855124648182896,0.049084006688928,0.0107605109559788
2012,Mali,Koulikoro,0.9621552277100706,308.55957,294.73657,302.0759,3.1199123859999998,0.0,0.574808739,0.3615467325,0.0,14.87898841021033,123.8742649070022,0.0,20.13495698548988,0.950455053164936,11.524329822284344,0.4059363049060314,0.0231309476878506
2012,Mali,Mopti,0.757002271006813,308.28223,293.88696,302.419,2.063729683,0.0,0.5057347035,0.0,0.0,32.48945820111816,33.391064927184466,0.0,37.346899554246,0.4323751127370429,25.684279616198246,0.1651230124849934,0.0159299771226537
2012,Mali,Segou,1.221001221001221,308.29395,293.9475,302.0507,6.4058256794999995,0.0,2.7033419055,39.135720004999996,0.0,17.949638417185675,58.00230440647482,0.0,26.592579189373296,1.3459502116582327,16.23772777588556,0.513339403132981,0.0287164046355438
2012,Mali,Sikasso,0.7060333761232349,305.11377,297.1858,300.81223,3.341096458,0.0,0.81640144,0.4455827075,0.0,20.453540415951974,125.01747554067973,0.0,15.184061427958834,0.0443720345968728,12.114239386792454,0.1915351930154899,0.0313613437942425
2006,Mali,Bamako,2.2708840227088403,305.47607,296.93335,300.77347,9.108999999999998,0.0,0.0,0.0,0.0,52.603369140625,9151.3875,0.0,57.69236450195312,0.9669271469116212,58.45348510742188,0.3645160913467407,0.7706529771959459
2006,Mali,Gao,0.5617977528089888,309.48975,294.64282,302.98407,1.660050485,0.0,0.2000847815,0.0,0.0,4.464680488341399,4.932334846203303,0.0,14.949025700249305,0.0808198019492869,10.673169636310307,0.0042447689033689,0.0022015415291655
2006,Mali,Kayes,0.8919722497522299,307.4331,295.09595,302.53842,4.115470139,0.0,1.743443293,0.97601937,0.0,6.013744784465732,44.74202193708609,0.0,7.871116124333399,0.6647038332633814,8.062564808413983,0.0437114033152851,0.0107605109559788
2006,Mali,Kidal,0.5076142131979695,309.27222,289.73853,301.54398,,,,,0.0,0.8689711026709791,28.099392743177816,0.0,17.341210368075803,0.0380554829440844,13.418190825437318,0.0061445752295052,0.0003151016952808
2006,Mali,Koulikoro,1.327433628318584,306.90576,294.88892,302.1081,2.8006862755,0.0,0.523410197,0.417133334,0.0,11.865487095646964,104.94557000817215,0.0,13.894031008719384,0.5057567072371705,7.767206844049521,0.3685454047157904,0.0231309476878506
2006,Mali,Mopti,1.6905071521456438,308.29834,295.2444,302.67288,1.219737852,0.0,0.3944311645,0.0,0.0,25.91846101541251,28.609542031098155,0.0,25.83321764505893,0.2312185472503966,17.405195820111818,0.1507991281549601,0.0159299771226537
2006,Mali,Segou,1.4150943396226416,307.18506,294.64478,301.99496,9.512062478,0.0,2.075432336,69.029158216,0.0,14.312864927987544,49.66789068745004,0.0,18.416212534059945,0.7183220173979418,10.95963136191125,0.4680349176580256,0.0287164046355438
2006,Mali,Sikasso,0.771513353115727,305.7671,297.60913,301.2248,6.878218673999999,0.0,1.7867984,0.870372707,0.0,16.31903677101201,106.97281582560932,0.0,10.5198294114494,0.0237166514763465,8.169055531732418,0.1744112942388148,0.0313613437942425
2006,Mali,Tombouctou,0.6944444444444444,312.31714,286.84595,300.84686,3.7598551785000005,0.0,0.4989174725,0.0,0.0,7.303018317464003,9.136364288081158,0.0,16.03722458488156,0.5393984343249245,9.71424320715281,0.0051597182949384,0.0008582034492066
2014,Rwanda,East/Iburasirazuba,17.918313570487484,295.6643,293.62988,294.4904,2.5575,9.3045,1.3765,0.0,0.0,38.62558541942971,326.81443234707444,0.3482384377337517,58.44589273872679,0.0,7.636428630636605,15.663823553856384,0.1628699915349887
2014,Rwanda,Kigali City/Umujyi wa Kigali,14.285714285714285,294.29492,292.47925,293.31036,2.7395,13.0155,1.6595,0.0,0.0,69.36291051793981,839.8817997685185,5.486924348054109,132.0865523726852,0.0,18.05553294994213,35.04212103949653,0.5327182742974239
2010,Rwanda,East/Iburasirazuba,2.223634053367217,295.5476,293.40112,294.41043,,,,,0.0,43.83941375165782,234.3442486702128,0.3568751558344415,61.64410643236074,0.0,8.880980473930704,10.58589724276928,0.1628699915349887
2010,Rwanda,Kigali City/Umujyi wa Kigali,7.436708860759493,295.29565,292.55542,293.60007,,,,,0.0,80.40794089988425,613.9704137731482,5.757256401909722,143.26447663483796,0.0,20.74714265046296,24.441550925925927,0.5327182742974239
2012,Niger,Agadez,0.7339449541284404,304.16357,282.59595,295.41965,,,,,0.0,0.3924368505738213,67.79275426372712,0.0,4.70185243082695,0.0193363296366563,2.923625698569642,1.3945101263519135,0.0003755229949323
2012,Niger,Diffa,0.834326579261025,306.93262,292.4475,301.34674,,,,,0.0,16.584498163479477,52.175176933811805,0.0,20.66116925139925,0.7624272588473647,14.56564012214319,0.3028308679802756,0.001990873993595
2012,Niger,Dosso,0.4111842105263157,307.11963,296.83813,302.58585,,,,,0.0,30.554932200152788,89.594805257099,0.0,31.271936473453017,0.3090163333621801,23.97857232381589,0.0544105816692548,0.0293488460375473
2012,Niger,Maradi,0.2489110143123833,306.4712,293.70142,301.25348,,,,,0.0,37.321414569308445,113.00550207345972,0.0,61.85437385250918,0.4329987506096045,44.50237148102815,0.1126657350368409,0.0323259636784591
2012,Niger,Niamey,1.152482269503546,307.90088,296.38696,302.66202,,,,,0.0,65.97803243001302,309.9862060546875,0.0,27.93767801920573,0.3957246541976928,42.062764485677086,0.4736068646113078,0.7171663851351351
2012,Niger,Tahoua,0.6083650190114068,308.78076,291.49634,302.4566,,,,,0.0,18.32741988109049,61.78315899238045,0.0,21.864044373549884,0.2445446749021171,19.818775377030164,0.0817408519109424,0.0128552221664158
2012,Niger,Tillaberi,0.1773049645390071,307.58105,295.6858,303.1638,,,,,0.0,23.269770408163264,24.38977346453288,0.0,19.103014014047176,0.1811218504371107,15.43610853432282,0.05643370737254,0.0162122588055654
2012,Niger,Zinder,0.1953125,306.25342,290.98853,300.5917,,,,,0.0,24.07206762779209,162.44636474793077,0.0,40.66493167418385,1.1313935899242913,29.26101737006013,0.171727130967392,0.0113530374271671
2013,Sierra Leone,Eastern,1.5177065767284992,300.92676,295.96973,298.12717,,,,,0.0,4.834453637345986,188.73542318872987,21.17562052772809,12.532877086645469,5.560936568461845,10.09214775437202,1.311310196605266,0.0278224467248671
2013,Sierra Leone,Northern,1.2283236994219653,300.79224,297.79395,299.3381,,,,,0.0,16.301152130293715,291.09595464725646,23.255034819428893,15.730763586492486,6.127858313054986,16.735665076417348,0.9373460793148096,0.0201466672449891
2013,Sierra Leone,Southern,1.2266802964477383,299.9231,297.7705,298.96487,,,,,0.0,0.7643345424107143,168.24737431129478,11.448653796487603,5.88052968082265,5.643414582379426,3.6484506162240535,0.8726695667613636,0.0212562776083298
2013,Sierra Leone,Western Area,2.6495383380168605,300.20825,298.33496,299.42728,,,,,0.0,10.33390590122768,844.2566964285714,69.29935128348214,21.336164202008927,6.6926759992327005,23.56694684709821,11.857232230050224,0.3039091506806931
2019,Sierra Leone,Eastern,1.2487343908201147,301.66797,296.33667,298.70868,,,,,0.0,4.117010257750985,332.8684306951424,19.222723317106365,11.552572896161417,5.655105807086614,11.478844734251968,4.920170514028476,0.0278224467248671
2019,Sierra Leone,Southern,1.38013801380138,300.47217,298.08862,299.46048,,,,,0.0,0.6355236326938412,287.2653549382716,10.134425636574074,5.4511297511011545,5.784460315727522,4.127409368355103,3.1520218460648146,0.0212562776083298
2019,Sierra Leone,Western Area,2.689152233363719,301.18115,298.54175,299.85028,,,,,0.0,8.759027753557477,1608.873744419643,68.14651925223214,19.85819571358817,6.900984627859933,27.07306126185826,47.461294991629465,0.3039091506806931
2008,Sierra Leone,Eastern,1.4879107253564787,299.8252,295.69897,297.7492,,,,,0.0,2.7888374389453747,99.61928977272729,11.930745738636364,7.742974045554226,5.411012105013955,5.600393194901316,0.7721598677201704,0.0278224467248671
2008,Sierra Leone,Northern,1.0920436817472698,300.53027,297.88452,299.35452,,,,,0.0,9.265088691086063,145.16413014069263,13.743342676204003,9.66447206924522,5.947184244791667,9.251981808188184,0.5240248312681784,0.0201466672449891
2008,Sierra Leone,Southern,0.947603121516165,299.76855,297.78467,298.90594,,,,,0.0,0.4324749217313878,87.97535134427375,6.764868027671089,3.6226908365885415,5.503175024892769,2.011209525314032,0.5076935411165546,0.0212562776083298
2008,Sierra Leone,Western Area,2.8179190751445087,300.4724,298.38232,299.66995,,,,,0.0,5.819201878138951,438.2243303571428,39.14388602120536,12.9391850062779,6.524557931082589,13.075831821986608,6.743692670549665,0.3039091506806931
2017,Senegal,Dakar,0.3536067892503536,,,,,,,,0.0,39.71724660773026,71733.61184210527,0.0,105.930419921875,11.841594495271382,264.498046875,3.441126773231908,0.5676258484162896
2017,Senegal,Diourbel,0.3009027081243731,303.0498,297.05737,300.78372,2.107182628,7.729537367,0.321597642,0.0,0.0,37.907724609375,543.5844140625,0.0,59.88939453125,16.883582763671875,63.80900390625,4.312292664494347,0.1083182780633743
2017,Senegal,Fatick,0.3574620196604111,302.28223,297.34644,299.7385,,,,,0.0,34.877842881944446,309.75960648148146,0.0,56.866594328703705,15.171996166087965,69.37212094907407,15.368712022569444,0.0594425203865416
2017,Senegal,Kaffrine,1.0880316518298714,305.43555,296.958,301.96097,4.851339884,8.103896104,0.347641509,0.0,0.0,17.659618826953963,116.31492572269808,0.0,15.228390156584585,3.3258846046072,26.92541739159529,0.2954336815778908,0.0289260865377559
2017,Senegal,Kaolack,0.5518763796909493,303.14746,297.88354,300.70334,5.271792768,17.11712511,0.633787661,0.0,0.0,31.119143116230862,443.7747927295918,0.0,171.7204440369898,23.45713339046556,197.1444116709184,5.350851253587372,0.0811484968901174
2017,Senegal,Kedougou,0.8928571428571428,308.34766,299.79395,303.61707,,,,,0.0,3.3963190459110475,8.33356355365954,0.0,1.5259331986414992,0.034274935722351,1.7600468946153156,0.0798883521765993,0.006105163030094
2017,Senegal,Kolda,1.5180265654648957,306.18555,298.63574,302.5469,,,,,0.0,37.1116452991453,84.83069274475524,0.0,13.36704560630342,0.1439691788110977,14.961209602029914,5.795617163598121,0.026765999251497
2017,Senegal,Louga,0.4935834155972359,305.84668,297.5713,302.35437,2.635414437,9.815596037,0.75208028,0.0,0.0,17.919332181490386,98.52675420738328,0.0,47.310854867788464,2.777073317307692,50.350244140625,0.0852953103872446,0.0227538674513309
2017,Senegal,Matam,0.6829268292682927,309.21313,297.88965,304.5326,,,,,0.0,7.469385641823002,5.026517550931613,0.0,12.925031702436788,1.029963980296697,26.120392791598697,0.011851114531358,0.0093179092447953
2017,Senegal,Saint louis,0.3,302.2998,293.91113,298.0051,,,,,0.0,17.888217374213838,97.14513739224138,0.0,22.48451749213837,0.8115164510858883,25.969754815251573,0.0,0.0214021692208072
2017,Senegal,Sedhiou,0.5371530886302597,304.6582,297.85645,301.5894,7.215184322,12.37374861,0.462709285,0.0,0.0,26.29582395391949,178.11141183035716,0.0,25.2258938029661,0.2045858350850768,28.24094941737288,10.965870884486607,0.0343648710541149
2017,Senegal,Tambacounda,0.8249312557286892,309.81274,298.15137,304.1864,5.992023706,11.98153846,0.487857143,0.0,0.0,16.557949716713882,21.98188470672497,0.0,28.48640447946176,0.5725464904612252,30.69486322592068,0.1202879515718062,0.0093209513537782
2017,Senegal,Thies,0.2235469448584202,301.69434,293.75488,297.8174,,,,,0.0,29.67000296141697,2390.2224729241875,0.0,44.63231893050541,11.314019488944044,50.7791911101083,6.363781870487364,0.1191714881174567
2017,Senegal,Ziguinchor,1.488095238095238,301.5127,294.5061,298.23508,5.932436431,10.0,0.482843137,0.0,0.0,15.825760186887257,186.97941053511707,0.0,37.363345077614376,0.2795137392929177,18.1895791845384,11.022219246446488,0.0328272704253882
2010,Senegal,Dakar,0.4162330905306972,,,,,,,,0.0,36.08505730879934,42253.59868421053,0.0,85.05063348067434,10.629105417351974,214.7275904605264,2.587541279039885,0.5676258484162896
2010,Senegal,Diourbel,0.3856041131105398,302.70825,298.28516,301.08215,1.843461737,5.573273273,0.348335622,0.0,0.0,34.763095703125,325.11365234375,0.0,48.4850439453125,15.6078662109375,52.368095703125,3.5051465825219847,0.1083182780633743
2010,Senegal,Fatick,1.058201058201058,301.5232,298.0078,300.0172,,,,,0.0,32.57344473379629,181.7320167824074,0.0,46.22053313078704,14.094764539930557,55.42973090277778,12.491115089699074,0.0594425203865416
2010,Senegal,Kaffrine,0.5772005772005772,306.07446,297.6172,302.0885,5.880099063,6.0,0.463674051,0.586776374,0.0,16.41677889119379,69.34073875802999,0.0,12.435657705433618,3.107721430841809,21.781630587526767,0.2417318601424484,0.0289260865377559
2010,Senegal,Kaolack,1.2725344644750796,301.82788,298.29492,300.73874,5.319009892,7.999821906,0.43692026,0.673076923,0.0,28.600419025031886,270.07788584183675,0.0,137.49469866071428,21.67600546077806,158.02592873086735,4.413786596181441,0.0811484968901174
2010,Senegal,Kedougou,1.8808777429467085,309.26978,300.19653,303.53577,,,,,0.0,3.0739049049497846,5.188747228381375,0.0,1.2037697659332407,0.0301210502457749,1.2380868482110832,0.0655319188492261,0.006105163030094
2010,Senegal,Kolda,2.594033722438392,305.85767,298.74414,302.0408,,,,,0.0,34.40589610042735,50.80080861427321,0.0,10.872056123130342,0.1738503219734909,12.029693342681623,4.72934638723183,0.026765999251497
2010,Senegal,Louga,0.2688172043010753,305.14673,299.55664,302.68777,1.197929532,0.0,0.407489907,0.0,0.0,16.468372521033654,59.08895731541802,0.0,38.31336388221154,2.575299307016226,40.82621694711538,0.0703563690185546,0.0227538674513309
2010,Senegal,Matam,0.6182380216383307,309.7444,300.41016,304.93533,,,,,0.0,6.951248343189233,2.891482991336507,0.0,10.517672117149266,0.9575370552100326,21.24851683574633,0.0047233803197741,0.0093179092447953
2010,Senegal,Saint louis,0.7961783439490446,301.2102,295.4524,298.3914,,,,,0.0,16.493552230738995,57.51857152478448,0.0,18.04508156446541,0.7477249625343947,21.00845862814465,0.0,0.0214021692208072
2010,Senegal,Sedhiou,1.2345679012345678,304.13696,298.0996,301.2721,6.491064051,9.999793559,0.649997251,0.65005637,0.0,24.398616868622447,107.23145926339286,0.0,20.52687539859694,0.1930693801568479,22.82084396258504,8.909784807477678,0.0343648710541149
2010,Senegal,Tambacounda,1.4473684210526316,310.42993,299.85034,304.24948,6.7517110350000005,15.00155945,0.499977197,1.013321703,0.0,15.316654125354107,13.19353971786361,0.0,22.94276735127479,0.5353831002124646,24.74153904036828,0.1012222299247746,0.0093209513537782
2010,Senegal,Thies,0.3504672897196261,300.9568,294.84155,298.1217,,,,,0.0,27.48436442351083,1426.187274368231,0.0,36.11522027301445,10.48747214857852,41.72860376240975,5.207369697653429,0.1191714881174567
2010,Senegal,Ziguinchor,1.1904761904761905,300.85522,295.3357,298.54733,4.134667715000001,9.997526793,0.300021377,0.0,0.0,14.62396918402778,111.76198091442951,0.0,29.91766876021242,0.2615419524947023,14.6553915185866,9.06618668729027,0.0328272704253882
2005,Senegal,Dakar,0.6825938566552902,,,,,,,,0.0,34.444387335526315,28784.72697368421,0.0,74.694091796875,10.91551449424342,186.6555304276316,2.3903579711914062,0.5676258484162896
2005,Senegal,Diourbel,0.1418439716312056,302.34277,296.39258,300.22464,,,,,0.0,32.35111572265625,221.78259765625,0.0,41.9971728515625,15.369727783203125,45.241630859375,3.0200839402088566,0.1083182780633743
2005,Senegal,Fatick,0.9787928221859704,301.8291,296.69922,299.75262,,,,,0.0,30.25043041087963,125.59810474537036,0.0,40.17897135416667,13.897672526041667,47.360904947916666,10.516216362847222,0.0594425203865416
2005,Senegal,Kaolack,0.8284023668639053,302.49316,297.53125,300.72202,,,,,0.0,26.8080905213648,184.18279655612244,0.0,120.4537428252551,21.512652961575256,138.60092474489795,3.835462297712053,0.0811484968901174
2005,Senegal,Kolda,1.903553299492386,305.39893,298.2168,302.02524,,,,,0.0,32.00435363247863,34.94057848073555,0.0,9.492452924679489,0.1343629755525507,10.751668502938037,4.029249842655429,0.026765999251497
2005,Senegal,Louga,0.5217391304347827,304.9619,297.15723,302.21634,,,,,0.0,15.308905498798078,40.63672724184783,0.0,33.37137169471154,2.5261080228365387,35.55318134014423,0.0683275931222098,0.0227538674513309
2005,Senegal,Matam,0.7130124777183601,308.4126,298.57227,304.24905,,,,,0.0,6.505802422129894,1.9777950002559377,0.0,9.14816348898858,0.94279890698282,18.416257774265905,0.0092891265948613,0.0093179092447953
2005,Senegal,Saint louis,0.5199306759098787,301.958,292.71777,298.231,,,,,0.0,15.35897209119497,39.60395058818247,0.0,16.10499582350629,0.7337230370479559,18.885286458333333,0.0,0.0214021692208072
2005,Senegal,Tambacounda,0.2808988764044944,309.00244,298.53906,303.66782,,,,,0.0,14.31413110835694,9.038408315102595,0.0,19.969380754249293,0.5230702516377479,21.72971405807365,0.0737748361885655,0.0093209513537782
2005,Senegal,Thies,0.3393665158371041,301.44238,293.34668,298.28714,,,,,0.0,25.49231265512184,960.7809115523464,0.0,31.41934016809567,10.274197244472022,35.36996206565885,4.457346781926895,0.1191714881174567
2005,Senegal,Ziguinchor,2.186588921282799,301.20215,294.19043,298.5827,,,,,0.0,13.680289075265524,76.54087752525253,0.0,26.44244344873366,0.255711274988511,12.835908777573527,7.862418948600589,0.0328272704253882
2008,Sao Tome and Principe,Principe,2.793296089385475,300.5415,298.04248,299.3008,,,,,0.0,0.0,0.0,0.0,0.0,0.0,0.0,0.0,0.0266158773291925
2019,Rwanda,East/Iburasirazuba,2.5603296056503826,295.98657,293.59937,294.7741,,,,,0.0,46.373425066313,329.4212947612732,0.3711442618534483,53.597065649867375,0.0,6.278247782659151,20.09707601127321,0.1628699915349887
2019,Rwanda,Kigali City/Umujyi wa Kigali,4.124860646599777,294.87378,292.63452,293.74026,,,,,0.0,84.8810402199074,837.4097222222222,5.69569170916522,122.64219835069444,0.0,14.49424461082176,42.91182906539352,0.5327182742974239
2018,Zambia,Central,14.285714285714285,298.79272,290.0664,294.56903,,,,,0.0,8.70545722534938,57.42556505672052,0.0,11.449542248964804,0.0,0.343374340700233,1.7858969805452904,0.0199342046956514
2018,Zambia,Copperbelt,21.3653603034134,298.84937,290.99414,295.04526,,,,,0.0,3.29517983490566,286.50206435079724,0.0,5.1786472152614,0.0,0.5282183953051297,6.511682045486902,0.0326374681492167
2018,Zambia,Eastern,17.537313432835823,301.41382,293.2754,297.13153,,,,,0.0,9.082647331747866,60.238821185035015,0.1105910727852269,11.295552542674251,0.0,0.5042720702430432,6.35415850764836,0.0288748474925036
2018,Zambia,Luapula,14.592274678111588,298.70728,293.4922,295.82,,,,,0.0,0.2932793799867021,105.36034266848816,0.0,2.3916690907579787,0.0,0.0484078833397398,0.9471786860342668,0.018264080179222
2018,Zambia,Lusaka,17.918313570487484,302.0017,292.47852,297.23798,,,,,0.0,8.42722670789392,85.74189667935703,0.0365280906359354,6.186695486972705,0.0043480386957526,0.9005136040245038,6.313118820061336,0.0448882198161722
2018,Zambia,North-Western,19.215686274509807,298.17017,293.10938,295.31107,,,,,0.0,0.8572958481432691,52.23295674941815,0.0,0.6687996728350567,0.0,0.0540197906827898,2.0658503518352407,0.006235015013469
2018,Zambia,Southern,12.857142857142856,300.04077,289.8379,295.39813,,,,,0.0,15.260573077462812,161.83015635259358,0.0183611672658186,15.11613940148751,0.0316496565937995,0.7925622144041187,2.801949213620322,0.0247322089441764
2018,Zambia,Western,16.50485436893204,299.90796,292.16406,296.4709,,,,,0.0,3.5702764739789195,50.14900043936731,0.0,0.689985565696758,0.0030039402190595,0.0083272806141542,1.3613060994251611,0.0106278550697582
2010,Zimbabwe,Bulawayo,10.122358175750836,298.46265,287.4646,293.71072,,,,,0.0,69.74589269301471,71.95953010110294,0.7514044817756204,21.0806884765625,0.2128870346966911,0.5647009681252873,8.171601239372702,0.4685727530541012
2010,Zimbabwe,Harare,9.31297709923664,296.8064,287.76343,292.78983,,,,,0.0,26.148712158203125,141.56461958451703,0.8248738375577059,13.077266346324574,0.2263017134232954,2.4265819896351206,3.108451496471058,0.6350806451612904
2010,Zimbabwe,Manicaland,11.988716502115656,299.96484,290.84253,295.7672,0.50055684,0.0,0.0,0.0,0.0,21.19123304103243,94.27770328719724,0.3418244569771843,22.25574950363997,0.0435778291552055,1.3455285426404284,1.22476565879109,0.0525044237068183
2010,Zimbabwe,Mashonaland Central,12.12121212121212,302.99414,292.84448,297.90085,1.242867231,0.0,0.0,0.0,0.0,20.649820826306915,103.16608502538072,0.2507513727230065,14.451657686024452,0.0177177104338827,0.8193256448935498,2.490329387425973,0.0463584663740135
2010,Zimbabwe,Mashonaland East,12.45048104131296,302.38672,292.9851,297.80383,0.745892334,0.0,0.0,0.0,0.0,22.58525130593565,160.39573317307693,0.2807487623226007,9.5323190181213,0.0228303311139168,0.7674907255454881,1.328526242950259,0.0531757325792371
2010,Zimbabwe,Mashonaland West,12.487462387161484,303.1289,292.44604,297.78122,1.277800327,0.0,0.0,0.0,0.0,8.750057396620488,58.14793180317041,0.2005433553328654,5.82462175627099,0.0140284441658908,0.927327166476438,2.0627459681858213,0.0325282479617157
2010,Zimbabwe,Masvingo,11.511254019292604,295.71265,285.98804,291.78186,0.244472284,0.0,0.0,0.0,0.0,17.62335735481136,58.01062443971313,0.2531532550916069,16.439629477532854,0.0944304035699382,0.7838164261207079,0.8883847279807261,0.0297255665471449
2010,Zimbabwe,Matabeleland North,14.537712895377128,302.9978,294.03198,298.665,0.726311722,0.0,0.0,0.0,0.0,8.287384840871022,27.061246033967898,0.1369459629948791,7.535499110134003,0.0739558898823544,0.2958363186374581,0.3265198369042203,0.0164818410531565
2010,Zimbabwe,Matabeleland South,16.15255187885586,298.41968,287.5642,293.7239,0.417421568,0.0,0.0,0.0,0.0,14.67961140422078,33.77717752659574,0.1962598717730978,11.994991206709956,0.1749802758683374,1.4118578361742424,0.4313728269000058,0.0235199648946656
2010,Zimbabwe,Midlands,12.848070346849047,301.2556,290.85913,296.14383,0.682251957,0.0,0.0,0.0,0.0,16.416883680555557,49.32059515195369,0.2262483735735498,14.47426888769157,0.0851907035856868,0.361285330235273,0.6277610385009648,0.0399380122698631
2013,Zambia,Central,13.14516129032258,298.8916,290.99365,294.69177,,,,,0.0,9.460880755512322,56.667381499823136,0.0,7.166379904345006,0.0,0.4445587934207965,1.5642175340466926,0.0199342046956514
2013,Zambia,Copperbelt,17.220052083333336,298.36694,291.35303,294.85583,,,,,0.0,3.566447707841981,285.41229659763314,0.0,3.227394343921973,0.0,0.6836984022608343,5.746895802514793,0.0326374681492167
2013,Zambia,Eastern,11.972753471312547,301.27246,293.1548,296.7554,,,,,0.0,9.817139801753292,58.00692773871207,0.0925741851329803,7.052413837219651,0.0026475666090846,0.6504672828964934,5.326004175148039,0.0288748474925036
2013,Zambia,Luapula,14.011180992313069,298.3723,293.8833,295.5132,,,,,0.0,0.3163463836020612,104.8468838694418,0.0,1.4883778673537231,0.0,0.0626777202525037,0.8362915270037548,0.018264080179222
2013,Zambia,Lusaka,16.003386960203215,301.89355,292.0327,296.91458,,,,,0.0,9.136503349597271,82.53004706006769,0.037893619802263,3.879697967491481,0.0026991737540811,1.1871526971034696,5.424507257296955,0.0448882198161722
2013,Zambia,North-Western,8.612612612612612,297.4348,293.6499,294.9185,,,,,0.0,0.9268967108862144,53.92343815267335,0.0,0.4185053057240899,0.0,0.0701799698133982,1.8937455944548875,0.006235015013469
2013,Zambia,Southern,13.944099378881988,298.51147,290.20654,294.7279,,,,,0.0,16.55562157942745,155.64473684210526,0.016963822974099,9.438312385980916,0.0162765681743621,1.025177318863142,2.3869942112972864,0.0247322089441764
2013,Zambia,Western,19.11960871498444,299.66333,292.33057,295.76535,,,,,0.0,3.8677022543298194,49.368644546550165,0.0,0.4324545802840267,0.002765417098999,0.0100326306756486,1.1886498663000904,0.0106278550697582
2013,Togo,Centrale,2.0588235294117645,302.30005,297.1631,299.29333,,,,,0.0,3.46349501072016,337.263090349076,0.0,29.52696560737781,0.0028896574911318,28.45006681743421,10.432645261165298,0.0289058022067252
2013,Togo,Kara,1.5339663988312635,304.37427,298.1787,300.66736,,,,,0.0,8.824146759815704,398.486181745182,0.0,31.30760049412393,0.0093661712630147,31.14233189770299,9.0411881440712,0.04835614612443
2013,Togo,Plateaux,2.2102747909199523,301.79004,297.08496,299.2445,,,,,0.0,4.019048688003294,532.6039746543779,0.0,61.52598828696925,0.003627350124029,44.2747414897511,13.77040280577957,0.0445191797472728
2013,Togo,Savanes,0.3897550111358575,305.8977,298.69043,301.48068,,,,,0.0,23.165510697798297,446.4939630681818,0.0,62.7257080078125,0.1777832291342995,67.24099454012784,30.68173217773437,0.0792917082036568
2016,South Africa,Eastern Cape,17.424242424242426,295.73657,290.10913,292.51047,10.371428571,0.0,2.9,0.0,0.0,18.8334290603901,11.088229271673388,0.3290612620692099,12.307221336584146,0.6479274237504689,39.78716163415854,0.0283590915007107,0.0365251818862661
2016,South Africa,Free State,21.08362779740872,295.17017,283.39624,290.90045,6.727142857,0.0,2.3000000000000003,0.0,0.0,17.4252716819559,136.82325155697694,0.4467490298481947,2.0312074264117994,0.3277738500857389,35.885614795488976,0.6830977019467471,0.0157977305741579
2016,South Africa,Gauteng,18.75,299.80786,286.86108,294.49323,10.093333333,0.0,3.2,0.0,0.0,16.549041673065112,5222.594881398252,0.8124130572867899,2.3532591873656328,1.9269506655981263,7.082321579391892,7.066707387250312,0.2517784862234741
2016,South Africa,KwaZulu-Natal,26.89243027888446,295.85474,288.40405,292.30783,15.174418605,0.0,3.55,0.0,0.0,27.638818462122984,48.971927966101696,0.5136200045879088,8.020590695873276,0.3293139368734656,8.276143653553893,1.6313422943647051,0.0806514164121922
2016,South Africa,Limpopo,10.30674846625767,302.7766,290.74,297.6794,13.223364486,0.0,4.65,0.0,0.0,9.014601747114856,7.207478340928359,0.4530878459159072,7.819387279034622,0.0362338296527237,2.9348624404652868,1.0881665380590293,0.0495051524464421
2016,South Africa,Mpumalanga,23.404255319148938,301.5149,291.9392,297.64005,14.134693878,0.0,2.7,0.0,0.0,17.05462486333819,96.44041729607252,0.5223167027591579,1.599224301885933,0.0575677278232518,20.2936201712828,8.867168617824774,0.0433788018132111
2016,South Africa,North West,20.93784078516903,302.38208,287.29468,296.14948,9.025,0.0,2.0500000000000003,0.0,0.0,14.993573615548456,142.86168323863637,0.397629744523055,6.257822484025559,0.3231349892255724,5.827273029818956,2.095293805315778,0.0317294843569051
2016,South Africa,Northern Cape,11.258278145695364,293.3557,286.81616,289.54288,20.80697674,0.0,7.4,0.0,0.0,1.5029666846158385,42.88809392437744,0.2427007910749979,1.4296879610232502,0.0904856816551472,15.5889203204296,0.066969890204903,0.0038293876932252
2016,South Africa,Western Cape,11.335012594458435,,,,13.4,0.0,3.0,0.0,0.0,4.082978705997261,75.61172468354431,0.3533625890031646,1.7130444961333977,0.1927789756021427,21.32349816739165,1.2369288963607594,0.0198044111577687
2015,Zimbabwe,Bulawayo,8.980674497915878,298.35645,288.26343,294.18048,,,,,0.0,62.95848891314338,52.58961038028493,0.7234366921817555,17.63184850356158,0.2363555010627298,1.073412053725299,6.279919792624081,0.4685727530541012
2015,Zimbabwe,Harare,9.167974882260596,296.6411,287.6892,292.68063,,,,,0.0,25.49771673029119,85.99067271839489,0.8229300759055398,10.931657270951703,0.2290619503368031,3.578034834428267,2.662324385209517,0.6350806451612904
2015,Zimbabwe,Manicaland,6.027164685908319,299.92236,291.0564,295.77457,0.8962886624999999,4.453321406000001,0.6619355885,1.1880106635,0.0,20.082454384081903,57.44132016184573,0.3406852112657111,19.300430358322323,0.0436562219415662,1.978103617538392,1.081321106797736,0.0525044237068183
2015,Zimbabwe,Mashonaland Central,7.5,303.36035,293.75952,298.33493,0.875257476,3.354174107,1.4806052470000002,0.9753047045,0.0,19.59784069350759,62.9757032571912,0.2529402214863578,12.503153654616357,0.0178041900763531,1.2049302202453098,2.1973854232762267,0.0463584663740135
2015,Zimbabwe,Mashonaland East,9.13978494623656,302.43848,293.17944,297.81296,0.8928456220000001,7.708462826500001,1.0439889725,0.699226821,0.0,21.44935598881287,97.90583394970416,0.2857035349106647,8.283807698086168,0.0227424195532262,1.136811657064765,1.1733249461157085,0.0531757325792371
2015,Zimbabwe,Mashonaland West,8.02836879432624,302.89746,293.48218,298.14728,1.5452624959999999,4.7292250235,1.0693790725,0.863146976,0.0,8.306771817275399,35.642252174152354,0.2025301558285859,5.05966952665827,0.0140529982275678,1.371127368020571,1.8198854957893,0.0325282479617157
2015,Zimbabwe,Masvingo,7.901591895803184,296.58447,286.48804,292.03336,0.320916877,10.981349083,0.4609273385,61.0451523095,0.0,16.70905971810089,35.50427218735993,0.254751659412119,14.27881087060195,0.0948798748435181,1.1655596336503815,0.7863063701114971,0.0297255665471449
2015,Zimbabwe,Matabeleland North,10.388782664117272,303.19238,294.8064,299.04312,0.236402743,0.4375,1.114727725,0.1936416185,0.0,7.88332320650352,16.608190138214418,0.1390661753332788,6.548926337789139,0.0741503233083174,0.4341337566522796,0.302632778938644,0.0164818410531565
2015,Zimbabwe,Matabeleland South,11.411925976696368,298.19043,288.2732,293.97897,0.193706944,5.5869565215,0.2278643635,0.0,0.0,13.936423494416738,20.65268703746531,0.2019909374367628,10.374681537294016,0.1754868996215714,2.080409504079033,0.3845358256605573,0.0235199648946656
2015,Zimbabwe,Midlands,8.832159624413146,301.2744,291.70093,296.55026,7.0053353845,3.034705953,0.667479762,0.7314621685,0.0,15.560546875,30.02823187620424,0.2281466210278931,12.543179115306367,0.0854364361358978,0.5312837753186334,0.5512654151990005,0.0399380122698631
2001,Mali,Kayes,1.8947368421052635,308.48022,296.11646,302.947,2.251735238,0.0,0.5103738225,0.524114259,0.0,4.900860100237014,34.51843018806036,0.0,6.833754845200474,0.5021518900911021,5.897616593422872,0.0388654486029925,0.0107605109559788
2001,Mali,Bamako,2.795899347623485,305.65967,297.6067,300.9177,,,,,0.0,42.0383056640625,7200.83671875,0.0,49.75176696777344,0.7328383445739746,42.33128051757812,0.327224326133728,0.7706529771959459
2001,Mali,Gao,0.4149377593360996,308.50586,294.3352,302.98865,3.311621236,0.0,0.212997904,0.0,0.0,3.627165938004106,3.914630818550605,0.0,12.937411781419565,0.0614204143810034,7.7863449094442,0.0062215389037618,0.0022015415291655
2001,Mali,Kidal,1.5384615384615383,309.1582,292.36255,302.0847,,,,,0.0,0.704897392132076,22.017536569148938,0.0,14.92246909924684,0.0285428902613989,9.824027043853256,0.0105554243413413,0.0003151016952808
2001,Mali,Koulikoro,2.0793950850661624,307.8767,296.0735,302.42175,2.2603088925,0.840101523,0.488342637,0.4744695365,0.0,9.64878278088392,81.58316094682583,0.0,11.97326153154952,0.3824487590688232,5.694138336994143,0.3384107506793478,0.0231309476878506
2001,Mali,Mopti,1.6648168701442845,307.95093,295.677,302.75525,1.6657521160000002,0.0,0.4059523465,0.0,0.0,21.05268302357208,22.335129135582225,0.0,22.285629627530977,0.1746641719906882,12.874593910546992,0.1336171259278775,0.0159299771226537
2001,Mali,Segou,1.2833168805528137,307.29468,295.73755,302.23767,3.5240551695000004,0.0,0.499586969,34.7418603405,0.0,11.60719911687427,38.57471522781775,0.0,15.861482459128066,0.5412194714930421,8.023742366922928,0.418011464140223,0.0287164046355438
2001,Mali,Sikasso,0.8675078864353312,305.46826,298.0188,301.1514,2.6194915620000003,4.6992753625,0.6913277845,0.554134741,0.0,13.247731292881646,83.40973116203227,0.0,9.066965051457975,0.0178532864129326,5.995469286020583,0.1542639895586704,0.0313613437942425
2001,Mali,Tombouctou,1.083032490974729,312.69287,289.29614,301.44925,9.126811348,0.0,0.414136259,0.0,0.0,5.924196767166512,7.168928433641975,0.0,13.822907017137563,0.4058860506708835,7.112980003763316,0.0028610676527023,0.0008582034492066
2013,Democratic Republic of the Congo,Bandundu,0.2565198802907225,299.28027,297.59937,298.26892,,,,,0.0,0.7427291496737357,46.23476121588799,0.0,6.183546519647827,0.0,0.9703404633672392,2.0206949207029576,0.011093486392491
2013,Democratic Republic of the Congo,Bas-Congo,0.4301075268817204,300.34106,294.36084,298.0093,,,,,0.0,0.4393114896073903,9.74196546844894,0.0,1.751695790632217,0.0,0.7020673580037529,0.9440488135424192,0.0175112554439393
2013,Democratic Republic of the Congo,Equateur,0.8431085043988269,301.77832,298.06543,299.69632,,,,,0.0,0.253786029656045,15.109097405703352,0.0217839350571503,2.899238232653812,0.0,1.088471018116659,1.5823759295850035,0.0055241029826924
2013,Democratic Republic of the Congo,Kasai Occidental,0.4943502824858757,299.43213,297.57788,298.31433,,,,,0.0,0.0720455893987341,27.14484295769949,0.0,1.9265690339624773,0.0,0.3299855237412409,0.6523500050040032,0.0119763775244335
2013,Democratic Republic of the Congo,Kasai Oriental,1.2757605495583906,299.66064,297.53882,298.48083,,,,,0.0,0.0086354241722291,16.915769532736963,0.0,0.3343623132164301,0.0,0.078342565455985,0.0583516946073081,0.010064967145892
2013,Democratic Republic of the Congo,Katanga,1.0919017288444042,300.55762,296.84668,298.37796,,,,,0.0,0.1989063238631948,20.049818791028446,0.0,0.5614278200765425,0.0,0.0975320485319639,1.0748794789387308,0.0067828976132189
2013,Democratic Republic of the Congo,Kinshasa,1.5238095238095235,299.35254,296.73584,298.0972,,,,,0.0,1.2447052355985353,48.44235475035919,0.0,1.9218466774216936,0.0,0.7711986709913355,1.4987173847768498,0.0552853234197094
2013,Democratic Republic of the Congo,Maniema,1.799775028121485,298.8584,296.9795,297.88367,,,,,0.0,0.0300093691280029,4.956884174485472,0.0,0.6482449306530899,0.0,0.4102847324328476,0.1934330457636577,0.0048275257631098
2013,Democratic Republic of the Congo,Nord-Kivu,0.931098696461825,298.07324,295.4619,296.8389,,,,,0.0,3.4150471000514404,48.85941113552266,0.0605393946170806,8.575772676611797,0.0,3.017710074802812,1.9028234490633675,0.0220327944436368
2013,Democratic Republic of the Congo,Orientale,1.8199233716475096,303.18848,297.31738,299.4009,,,,,0.0,1.0252254469219717,12.685068443804036,0.1616629163424174,1.951472816387088,0.0,0.3783993630786834,0.8390663579378302,0.005716025195295
2013,Democratic Republic of the Congo,Sud-Kivu,0.5091649694501018,290.8628,289.8994,290.37668,,,,,0.0,4.138689478040072,18.812781507378173,0.0222188300556606,6.868192227364116,0.0,0.7234661252513173,1.1998570847364018,0.0155529002562808
2015,Angola,Bengo,1.6,297.99023,294.20874,296.4754,0.547973028,23.077999585,1.26300634,0.0,0.0,0.4396866904227166,95.3236118285124,0.0,3.409916703844906,0.001594178378582,0.7855361651322194,2.2683751129907024,0.00654136432092
2015,Angola,Benguela,1.422475106685633,299.3789,291.23584,295.58853,1.383671097,22.883436548,1.765573243,0.0,0.0,4.192099236089704,2.9907915370591627,0.0,6.221195620761406,0.0,3.016844800015413,3.670707566846572,0.0205268747483203
2015,Angola,Bie,1.9097222222222223,297.8855,294.5166,295.53317,2.7092703030000003,20.129535806,1.849389024,0.0,0.0,0.962481861961642,173.06904823651453,0.0,2.5286482429761103,0.0,0.2471809438548851,16.9276668395574,0.0109947136206776
2015,Angola,Cabinda,0.91324200913242,298.79297,295.03857,297.42447,0.351159649,12.822141317,1.3769457260000002,0.0,0.0,0.5855006081717354,14.996076569733797,0.0,17.31896275111607,0.0,9.88284650530134,8.2703857421875,0.0247316381012203
2015,Angola,Cuando Cubango,5.253940455341506,297.62964,292.5857,294.28433,1.687157091,7.346620047,1.370900297,0.0,0.0,1.96035540231878,20.04892546384073,0.0,2.287969918435653,0.0036966025055972,0.1067632459613587,2.246630436162649,0.001002946284596
2015,Angola,Kuanza Norte,2.782608695652174,294.989,293.3728,293.9526,0.723673623,54.24490374,1.844145452,0.0,0.0,0.539227529672476,12.325209122474748,0.0,4.8120314378004805,0.0,3.784269831730769,3.792827197758839,0.0066528883095499
2015,Angola,Cuanza Sul,1.5625,300.23047,292.6753,297.186,0.715583228,18.722919998,1.225749703,0.0,0.0,0.245146274988257,37.38125486760124,0.0,4.466177781001326,0.002597610940013,2.0281158905973697,3.4519177334826066,0.014203594204222
2015,Angola,Cunene,6.278713629402756,300.2588,292.13452,295.874,0.423906936,3.502463677,0.377240143,0.0,0.0,21.75626717032967,143.38917772861356,0.0,8.38110773155416,0.007197453005426,0.7203236913755887,4.187845685840708,0.0090972277582908
2015,Angola,Huambo,0.99009900990099,294.21167,291.40332,292.4196,1.958209681,15.24763699,4.156688645,0.0,0.0,3.672408677823024,195.86119293078056,0.0,12.939836314970718,0.0,1.5971693985633235,12.66362671437776,0.0301307416410888
2015,Angola,Huila,1.1464968152866242,296.15112,290.8025,293.12823,0.900954246,16.251303636,1.331599481,0.0,0.0,22.54463597842836,16.637423372322434,0.0,9.550387615562403,0.0025173896437237,2.384648557877504,15.125460940435929,0.0186835214675255
2015,Angola,Luanda,1.7891373801916934,300.29102,292.91357,297.32907,0.759493671,10.95139032,0.494845361,0.0,0.0,8.224377102322048,3586.067708333333,0.0,15.308570014105904,0.0038538785541758,6.342497649016203,60.61556441695602,0.3969295229487583
2015,Angola,Lunda Norte,2.973977695167286,299.9995,296.8164,298.05093,1.326870242,16.042648074,1.308333497,0.0,0.0,0.0543158390000124,6.964940829539862,0.0,0.4710462190799557,0.0,0.3259054767771486,1.8516542930302653,0.0023943048458425
2015,Angola,Lunda Sul,3.4700315457413247,298.5913,295.6372,296.8771,1.867146802,18.295145979,1.328757751,0.0,0.0,0.0442301832029408,8.330499005463958,0.0,0.5486764676988368,0.0,0.239399549909374,9.19724615366181,0.0016304373533641
2015,Angola,Malanje,2.2413793103448274,301.15308,298.2583,299.4103,1.627535653,16.178548590000002,1.414218559,0.0,0.0,0.1080043260704516,57.14409765625,0.0,2.590364776520772,0.0,1.0841953356824925,6.102083984375,0.0043825711554038
2015,Angola,Moxico,4.166666666666666,299.2683,294.70312,296.11618,3.358161678,7.390641248,1.901096584,0.0,0.0,0.2360120439523587,16.26746737308429,0.0,0.178589912182226,0.0026699003009569,0.0871787372713671,0.9289759376496648,0.0014985820654102
2015,Angola,Namibe,1.747311827956989,298.66992,291.0874,295.3029,0.951012251,14.138776997,1.068757197,0.0,0.0,13.162489970197155,8.338738036542923,0.0,7.708839301066025,0.0039764279904572,2.811666944277281,0.4133203918032193,0.0029954642994748
2015,Angola,Uige,1.2269938650306749,300.53076,298.23535,299.27634,2.102254807,17.023739257,1.584419579,0.0,0.0,0.0741142738820256,9.777549699449594,0.0,2.718201119213422,0.0,0.8782158412222443,2.18063322666208,0.0077568427945957
2015,Angola,Zaire,0.4098360655737705,300.0664,294.58936,298.07126,0.669128388,13.890961969,1.399893726,0.0,0.0,0.0187784563935498,4.36967041015625,0.0,3.913857173197695,0.0,0.1050835732173197,1.4173407854352678,0.0047624445344414
2003,Burkina Faso,Centre,2.5306031093097823,306.98364,298.64478,302.08054,15.383592967000002,0.0,16.53664303,0.0,0.0,15.228057861328123,188.63308919270835,0.0,47.599853515625,0.0211442144293534,32.62436116536458,5.909319559733073,0.2838999400784427
2004,Cameroon,Centre,6.508008829092818,300.05054,294.7412,296.7278,,,,,0.0,4.989439360119047,36.877154598252346,0.0,9.189364583333331,0.003957203205894,8.308973214285714,7.302967484548167,0.0184283481064407
2004,Cameroon,Littoral,4.792967175766468,300.60522,297.9463,299.36487,,,,,0.0,3.471360401874174,483.8255208333333,0.0,10.80113988193527,0.0032339846265727,9.031993064729194,4.618118440261995,0.027701610985457
2011,Cameroon,Centre,5.751725356331081,300.59082,294.76025,296.80548,1.591464278,28.962589259,2.255607772,0.0,0.0,4.300302069465577,53.52956115924093,0.0,12.619599003898822,0.003380691523061,6.280844368105743,10.789882748040428,0.0184283481064407
2011,Cameroon,Littoral,4.412563633375994,300.6123,297.90283,299.35934,2.122109679,39.476726499,1.7610682949999998,0.0,0.0,2.984322317023026,704.8620580808081,0.0,14.901296515213817,0.0034639412663372,6.861833753083881,6.990932271938132,0.027701610985457
2018,Cameroon,Centre,3.0533782504459,300.625,295.3152,297.27167,,,,,0.0,4.894002617987112,49.50007454675573,0.0,13.432332140826384,0.003204695880413,7.313789743650493,9.329205182490458,0.0184283481064407
2018,Cameroon,Littoral,2.2034872434197226,300.8921,298.40503,299.8638,,,,,0.0,3.4049001963350785,605.5603058510638,0.0,15.653903182264395,0.0035537728108465,7.936961868046466,5.652116231715426,0.027701610985457
2023,Democratic Republic of the Congo,Bandundu,0.2973586913003424,,,,,,,,,,,,,,,,0.011093486392491
2023,Democratic Republic of the Congo,Bas-Congo,0.8447729672650475,,,,,,,,,,,,,,,,0.0175112554439393
2023,Democratic Republic of the Congo,Equateur,0.8294513008181794,,,,,,,,,,,,,,,,0.0055241029826924
2023,Democratic Republic of the Congo,Kasai Occidental,0.4757395083377903,,,,,,,,,,,,,,,,0.0119763775244335
2023,Democratic Republic of the Congo,Kasai Oriental,0.6558380005612797,,,,,,,,,,,,,,,,0.010064967145892
2023,Democratic Republic of the Congo,Katanga,1.3075938945882035,,,,,,,,,,,,,,,,0.0067828976132189
2023,Democratic Republic of the Congo,Kinshasa,0.4222972972972973,,,,,,,,,,,,,,,,0.0552853234197094
2023,Democratic Republic of the Congo,Maniema,0.3944773175542406,,,,,,,,,,,,,,,,0.0048275257631098
2023,Democratic Republic of the Congo,Nord-Kivu,0.8064516129032258,,,,,,,,,,,,,,,,0.0220327944436368
2023,Democratic Republic of the Congo,Orientale,2.533985577617383,,,,,,,,,,,,,,,,0.005716025195295
2023,Democratic Republic of the Congo,Sud-Kivu,0.5035246727089627,,,,,,,,,,,,,,,,0.0155529002562808
2019,Gabon,Estuaire,4.206660411913785,300.50537,298.573,299.47104,,,,,0.0,0.2133963367019253,30.25529053556397,0.0,0.5322385637947683,0.0,1.131838452056999,2.075396502459491,0.0149571190465572
2019,Gabon,Ogooue-Maritime,4.739688335590834,300.58936,297.1504,299.1522,,,,,0.0,0.1775651078970711,27.46380360921224,0.0,0.4836960376906294,0.0,1.0046347119071757,1.861465136210124,0.0033422984972677
2013,Gambia,Central River,2.097871063896114,305.76782,298.76123,302.09998,,,,,0.0,65.758740234375,89.46407877604166,0.0,27.921183268229168,0.5815277099609375,11.77332255045573,0.0999243259429931,0.0399700348493382
2009,Mozambique,Maputo,13.218556007993088,299.13354,293.26587,296.23068,0.729078081,4.838913979,0.4244347699999999,0.0,0.0,6.146281002579174,28.54530325443787,19.17955459504438,10.154930422264876,0.0031977770850062,0.4185150205059381,1.9362282536674065,0.0529916390469767
2015,Mozambique,Maputo,19.634273126846388,298.90674,294.50293,296.76886,1.5638024,7.112889185,1.0246155039999998,0.0,0.0,8.113624265235124,17.26862921209118,25.591400055748267,8.504431082053744,0.0040948106907308,0.2862025753321437,2.294977042554509,0.0529916390469767
2008,Sao Tome and Principe,Sao Tome,1.388982612388889,300.13135,296.76,298.6177,,,,,0.0,0.0,0.0,0.0,0.0,0.0,0.0,0.0,0.0671111076108871
2019,Sierra Leone,Northern,1.7401315496304364,300.95264,298.18433,299.83743,,,,,0.0,13.897282167862022,459.3806791431262,19.51248197681262,14.695974214480874,6.302611637636612,19.250365543886613,3.172912712600047,0.0201466672449891
2013,Togo,Maritime,3.350562634047653,302.44043,298.06348,300.19797,,,,,0.0,4.148005447988435,609.1760580708661,0.0,62.1031311515748,0.0223557930293045,20.344282495693896,18.94290377399114,0.155072238869863
2013,Zambia,Northern,11.05091543595057,299.31616,296.04834,297.68655,,,,,0.0,1.1723007904350016,38.04151806942463,0.2031238873799642,1.4714981196989418,0.003715431317687,0.0783108066383287,1.10521265194068,0.0137797050280307
2018,Zambia,Northern,17.021656800671508,298.84766,296.4375,297.97235,,,,,0.0,1.0841733976643744,36.64057693364096,0.3521018028259277,2.351683710374036,0.0026031816378235,0.0606271666354358,1.213306162965557,0.0137797050280307
