ADM0_CODE,ADM0_NAME,ADM1_CODE,ADM1_NAME,year,Buffa,Cattl,Chick,Ducks,Goats,Horse,Sheep,Swine
8,Angola,398,Bengo,2001,0.0,0.3528111593709336,16.751916273584907,0.0,1.945432584783669,0.0012096944265067,0.3509235568223406,0.5788921703560808
8,Angola,398,Bengo,2002,0.0,0.3425817148361256,17.010857124485597,0.0,2.113257741338647,0.0009918506257236,0.3945023804108043,0.6518125683191872
8,Angola,398,Bengo,2003,0.0,0.3342680416429616,17.242435874277458,0.0,2.306114405122318,0.0017488555361827,0.4563166862656453,0.7278840547745923
8,Angola,398,Bengo,2004,0.0,0.3256202508759778,17.555851831444166,0.0,2.3989381951800848,0.0020051078560451,0.5184018608799503,0.81387577649428
8,Angola,398,Bengo,2005,0.0,0.3609406153361003,17.13154774451939,0.0,2.593782424926758,0.0016832873225212,0.6117627620697021,0.8077537189245626
8,Angola,398,Bengo,2006,0.0,0.3640657265981038,21.972117740830523,0.0,2.655437151590983,0.0,0.6027859449386597,0.8675299350165999
8,Angola,398,Bengo,2007,0.0,0.3701338370641072,24.58063710016835,0.0,2.7069711685180664,0.0010016587330028,0.6256326039632162,1.0144532072022303
8,Angola,398,Bengo,2008,0.0,0.3763933579126994,29.884325553797467,0.0,2.839365005493164,0.0009977897861972,0.642803430557251,1.1490215832674051
8,Angola,398,Bengo,2009,0.0,0.3878202022634393,35.88400634970613,0.0,2.8356255337101497,0.0013262690044939,0.6780817631241868,1.2091854681596348
8,Angola,398,Bengo,2010,0.0,0.3981668327098243,43.01477308748943,0.0,2.968986357351985,0.0,0.6892639438130286,1.3663421914623837
8,Angola,398,Bengo,2011,0.0,0.4137243247295868,50.90610495780591,0.0,3.0740732504473,0.0,0.7029086567786272,1.5091214851991033
8,Angola,398,Bengo,2012,0.0,0.41635481061799,58.91654829545455,0.0,3.1675744422545518,0.0014828685671091,0.732654507045473,1.7610742845117846
8,Angola,398,Bengo,2013,0.0,0.4247652664829028,67.63109309623431,0.0,3.247159148594867,0.0,0.7633119301799057,1.8106104128530331
8,Angola,398,Bengo,2014,0.0,0.4378363080734243,79.2575904055184,0.0,3.306654584957765,0.0018355204956606,0.7616132571373457,2.014445939590301
8,Angola,398,Bengo,2015,0.0,0.4396866904227166,95.3236118285124,0.0,3.409916703844906,0.001594178378582,0.7855361651322194,2.2683751129907024
8,Angola,398,Bengo,2016,0.0,0.450035956119285,89.54025248344371,0.0,3.3041748363529506,0.0009940959280356,0.818127267246271,1.9760384464895488
8,Angola,398,Bengo,2017,0.0,0.4399090283266456,91.5987861570248,0.0,3.3118163429190988,0.0010108737042173,0.8362386384362841,1.98463326446281
8,Angola,398,Bengo,2018,0.0,0.4442046842067931,93.52907095980312,0.0,3.313268203834306,0.0011306391097605,0.7898666441208657,1.9763017361823216
8,Angola,398,Bengo,2019,0.0,0.4515618746073484,94.34938808497536,0.0,3.276958064810312,0.0,0.7739595841186365,2.0706831207024834
8,Angola,398,Bengo,2020,0.0,0.4592114162816147,108.13100665983606,0.0,3.387973968466277,0.0011071427725255,0.825886410961819,2.24169201460041
8,Angola,398,Bengo,2021,0.0,0.4628682612754337,106.3282848301964,0.0,3.368247025980869,0.0014375280588865,0.8160090069208009,2.3230340086691896
8,Angola,399,Benguela,2001,0.0,3.365050742717324,0.5424089444667625,0.0,3.5619442865675093,0.0,1.2178075298869069,1.0105813817500422
8,Angola,399,Benguela,2002,0.0,3.2913846957845254,0.5478061477154917,0.0,3.898109972256474,0.0,1.4898488977246456,1.1407518638657328
8,Angola,399,Benguela,2003,0.0,3.1999159506011097,0.5499131441758971,0.0,4.2544502230078605,0.002094890223816,1.7610188400701294,1.2033586116492587
8,Angola,399,Benguela,2004,0.0,3.09575309706381,0.5561912778415796,0.0,4.40525296701603,0.0,2.0322063930525585,1.324153064154164
8,Angola,399,Benguela,2005,0.0,3.449858753660604,0.5425904471919222,0.0,4.748799466322441,0.0,2.300062525287069,1.34415404944407
8,Angola,399,Benguela,2006,0.0,3.456224773138872,0.7034438305466644,0.0,4.885845744065968,0.0021427508133153,2.380691396616831,1.4928784640330188
8,Angola,399,Benguela,2007,0.0,3.540693214877466,0.7790492888419859,0.0,5.021549699926788,0.002668706079324,2.451100679860897,1.674053233156922
8,Angola,399,Benguela,2008,0.0,3.6133769796162154,0.9392832451842194,0.0,5.154787564542231,0.0028784029806653,2.502371114220484,1.865183936795508
8,Angola,399,Benguela,2009,0.0,3.688878446266184,1.1239891231821622,0.0,5.313917279978422,0.0,2.585153299842016,2.072105710427875
8,Angola,399,Benguela,2010,0.0,3.77200215782984,1.3518616050802252,0.0,5.452601798512639,0.0,2.660826357313502,2.309580813172043
8,Angola,399,Benguela,2011,0.0,3.9150706713355423,1.574955914057267,0.0,5.605461525123305,0.0,2.7412819821208383,2.543047895386805
8,Angola,399,Benguela,2012,0.0,3.9438139401587535,1.825066185631229,0.0,5.760447171701603,0.0028128817211836,2.809150065505549,2.8026419097799
8,Angola,399,Benguela,2013,0.0,4.027653817624846,2.119590774425049,0.0,5.915567682644883,0.0019614140037447,2.8947708750770653,3.060559801042356
8,Angola,399,Benguela,2014,0.0,4.196560597449137,2.460969064355211,0.0,6.087401741676942,0.0,2.965593330957152,3.367729569487962
8,Angola,399,Benguela,2015,0.0,4.192099236089704,2.9907915370591627,0.0,6.221195620761406,0.0,3.016844800015413,3.670707566846572
8,Angola,399,Benguela,2016,0.0,4.2851664852419855,2.7738077316987813,0.0,6.0784519256704685,0.0,3.1104105656596794,3.3649458451704546
8,Angola,399,Benguela,2017,0.0,4.200382557221023,2.822680567564229,0.0,6.029969992678792,0.0,3.033083312461468,3.385257122859025
8,Angola,399,Benguela,2018,0.0,4.164565833076449,2.8608629445479585,0.0,5.963544476340937,0.0,2.98151876541307,3.3153758911211924
8,Angola,399,Benguela,2019,0.0,4.336575697441431,2.938730352952075,0.0,6.141920661220715,0.0,3.077571092786683,3.5730752454916006
8,Angola,399,Benguela,2020,0.0,4.3481014830263565,3.3223351557488776,0.0,6.19831564041307,0.0023205045145004,3.131105321844174,3.611720879770686
8,Angola,399,Benguela,2021,0.0,4.386709417867602,3.324402856045082,0.0,6.311620371262331,0.0020618580747395,3.163926130452374,3.8852231685450818
8,Angola,400,Bie,2001,0.0,0.7699722967751094,40.0419366638796,0.0,1.455162243438762,0.0,0.0994727852206531,5.484466450668896
8,Angola,400,Bie,2002,0.0,0.7509041910697762,40.48544449081803,0.0,1.585431310722998,0.0,0.121628341572121,6.209896539805927
8,Angola,400,Bie,2003,0.0,0.7328007365620794,40.69737974749582,0.0,1.7298625057831427,0.0,0.143793057304372,6.521667786154007
8,Angola,400,Bie,2004,0.0,0.7086858531186911,40.97276041666667,0.0,1.798226152422611,0.0,0.1656628656194797,7.176863606770834
8,Angola,400,Bie,2005,0.0,0.776932193966605,39.63435444078947,0.0,1.9318464851636103,0.0,0.1930376055423536,7.167612979286595
8,Angola,400,Bie,2006,0.0,0.7903829294772039,47.32384216707516,0.0,1.986441323445912,0.0,0.19514422204902,7.969799964256536
8,Angola,400,Bie,2007,0.0,0.8087999387512618,56.09444360371267,0.0,2.039862775225017,0.0,0.2002149866856283,8.75840521589992
8,Angola,400,Bie,2008,0.0,0.8269630319176902,66.536672061753,0.0,2.096841681212146,0.0,0.2059471161176186,9.65108939243028
8,Angola,400,Bie,2009,0.0,0.8452393235300303,78.53025813087774,0.0,2.1573208671559554,0.0,0.2154076885567379,10.633881667564657
8,Angola,400,Bie,2010,0.0,0.865147627860027,93.2490787432118,0.0,2.217149449549966,0.0,0.2178475134786654,11.720033395558572
8,Angola,400,Bie,2011,0.0,0.887392354685397,105.9818693267776,0.0,2.2757123123107337,0.0,0.2236158491624958,12.633165598997731
8,Angola,400,Bie,2012,0.0,0.903773270577473,122.52089172272048,0.0,2.335707817231662,0.0,0.2332975610910161,13.67021820113976
8,Angola,400,Bie,2013,0.0,0.9236603810039536,140.57575827205883,0.0,2.4024482408731496,0.0,0.2353798621114779,14.970502068014708
8,Angola,400,Bie,2014,0.0,0.9486282779904104,160.13850806451612,0.0,2.464694735500084,0.0,0.2419660935331321,16.093492383512544
8,Angola,400,Bie,2015,0.0,0.962481861961642,173.06904823651453,0.0,2.5286482429761103,0.0,0.2471809438548851,16.9276668395574
8,Angola,400,Bie,2016,0.0,0.9799004576568808,169.28951585695006,0.0,2.465706621172611,0.0,0.2535119653550324,15.154636892712553
8,Angola,400,Bie,2017,0.0,0.9608224943220054,173.35334670608108,0.0,2.444818797053752,0.0,0.2525320142948772,15.22358002533784
8,Angola,400,Bie,2018,0.0,0.9539209214386356,161.81667944785275,0.0,2.4176610276644515,0.0,0.2427384388077788,13.809191669861963
8,Angola,400,Bie,2019,0.0,0.9942983470726784,177.66155581550802,0.0,2.4943565070869784,0.0,0.2510342090960948,15.923174037015375
8,Angola,400,Bie,2020,0.0,0.9954802768548116,162.6821392713712,0.0,2.5133833750420598,0.0,0.2583262673297127,14.14627371091509
8,Angola,400,Bie,2021,0.0,1.0054948891476698,201.48849120769745,0.0,2.5557701963114066,0.0,0.2591537947930686,17.29571375248839
8,Angola,401,Cabinda,2001,0.0,0.4665663524340557,3.369439901472468,0.0,9.90320830533154,0.0,3.8930786570340494,2.25210151530553
8,Angola,401,Cabinda,2002,0.0,0.4576163069748964,3.427185285490242,0.0,10.99202123935932,0.0,4.823428136900762,2.514409515494308
8,Angola,401,Cabinda,2003,0.0,0.4447105161605342,3.416894168215613,0.0,12.1136470234095,0.0,5.752172764056899,2.671339751176232
8,Angola,401,Cabinda,2004,0.0,0.4303723680503052,3.5281962001190754,0.0,12.428711812556005,0.0,6.584032940608199,2.938712081058318
8,Angola,401,Cabinda,2005,0.0,0.4705354970843134,3.3161661935118496,0.0,13.365408511144713,0.0,7.450424577172939,2.970754857400093
8,Angola,401,Cabinda,2006,0.0,0.482049812125476,4.058121351504415,0.0,13.8105958781362,0.0,7.83518320172491,3.327528942916473
8,Angola,401,Cabinda,2007,0.0,0.4937301690433188,4.637846879356412,0.0,13.895704700100806,0.0,7.883240402385753,3.719209692292054
8,Angola,401,Cabinda,2008,0.0,0.5000045940440189,5.520344447026022,0.0,14.38512439796147,0.0,8.126839367719533,4.124875660722584
8,Angola,401,Cabinda,2009,0.0,0.5134968637992832,6.409391155030204,0.0,14.573293815804211,0.0,8.35656257000448,4.612491650209108
8,Angola,401,Cabinda,2010,0.0,0.5242234096732191,7.602077101243029,0.0,15.282550333221328,0.0,8.567496569780467,5.128770112105019
8,Angola,401,Cabinda,2011,0.0,0.5360414777483259,8.742582299895446,0.0,15.51961669921875,0.0,8.71928449358259,5.646577856354554
8,Angola,401,Cabinda,2012,0.0,0.5483797345842634,10.26045902067844,0.0,16.03536376953125,0.0,9.053034319196428,6.262295067088755
8,Angola,401,Cabinda,2013,0.0,0.5608927590506417,11.751277881040892,0.0,16.63389195033482,0.0,9.421384102957589,6.9350876365009295
8,Angola,401,Cabinda,2014,0.0,0.5718863351004464,13.353984013310184,0.0,17.10295933314732,0.0,9.456143624441964,7.612003580729167
8,Angola,401,Cabinda,2015,0.0,0.5855006081717354,14.996076569733797,0.0,17.31896275111607,0.0,9.88284650530134,8.2703857421875
8,Angola,401,Cabinda,2016,0.0,0.594082532610212,14.967959020410516,0.0,16.978337751116072,0.0,10.070811244419644,7.5850366120848705
8,Angola,401,Cabinda,2017,0.0,0.58361566618244,15.450024143796126,0.0,16.61054965524911,0.0,9.662619376946177,7.5730980454335795
8,Angola,401,Cabinda,2018,0.0,0.5717868259974889,15.731636300738009,0.0,16.574339076450894,0.0,9.608308628627231,7.579207867273985
8,Angola,401,Cabinda,2019,0.0,0.5947309221540179,15.611355151637454,0.0,17.03555908203125,0.0,10.097967529296875,8.015446624192805
8,Angola,401,Cabinda,2020,0.0,0.6057309831891741,16.73536417493081,0.0,17.836122349330356,0.0,10.352483258928572,8.296276810424354
8,Angola,401,Cabinda,2021,0.0,0.6090611594063895,17.83490508244926,0.0,17.698679896763394,0.0,10.214794921875,8.832553764990775
8,Angola,402,Cuando Cubango,2001,0.0,1.570476673676435,3.5685610012830344,0.0,1.2989023211378437,0.0037397602213611,0.0427234426996182,0.5304050130515573
8,Angola,402,Cuando Cubango,2002,0.0,1.5319923759800964,3.678902678356593,0.0,1.4337580810841375,0.0038444835028012,0.052294759899917,0.6090551381850036
8,Angola,402,Cuando Cubango,2003,0.0,1.4936991636262211,3.774915698035803,0.0,1.560728029640574,0.0035804690667675,0.0617549455923591,0.6683699248857844
8,Angola,402,Cuando Cubango,2004,0.0,1.4450898578860072,4.276727456962113,0.0,1.6140945416164052,0.0038358616092031,0.0711896318865915,0.8170267965941302
8,Angola,402,Cuando Cubango,2005,0.0,1.58157677736731,4.489006533260234,0.0,1.7500964782493968,0.0037533563441668,0.0821897352561444,0.8677867867096126
8,Angola,402,Cuando Cubango,2006,0.0,1.6071376278700134,5.108484179019384,0.0,1.792064926517115,0.0035920322631777,0.0834971971938275,0.9377055847794328
8,Angola,402,Cuando Cubango,2007,0.0,1.6452244234303446,6.122630653490028,0.0,1.843529220143408,0.0038881247185318,0.0860856820026286,1.0575570913461538
8,Angola,402,Cuando Cubango,2008,0.0,1.6829347056519643,7.316881123069222,0.0,1.890824831661244,0.0037586739423294,0.0882460970452217,1.183720708711742
8,Angola,402,Cuando Cubango,2009,0.0,1.7225182549131903,8.663716376582279,0.0,1.94556199794279,0.0037934687578398,0.0913018087953264,1.3265654780099252
8,Angola,402,Cuando Cubango,2010,0.0,1.7611891848088288,10.224933406035468,0.0,2.00216725967917,0.0037034639852301,0.0931047985485013,1.4644870365238845
8,Angola,402,Cuando Cubango,2011,0.0,1.7990508043304594,11.784708910734384,0.0,2.05361849790486,0.0037590170918014,0.0958350722182865,1.5754665187992405
8,Angola,402,Cuando Cubango,2012,0.0,1.838767093670867,13.644708210989933,0.0,2.112632641987218,0.0037904584130575,0.0994503877281668,1.762105442533557
8,Angola,402,Cuando Cubango,2013,0.0,1.8777115744090689,15.46032174709624,0.0,2.1690597865412444,0.0037405159473419,0.1012173922695632,1.8967560624654316
8,Angola,402,Cuando Cubango,2014,0.0,1.9246742985616931,17.879946350464735,0.0,2.228752845706188,0.0035758691941392,0.1038983701264925,2.072421132833857
8,Angola,402,Cuando Cubango,2015,0.0,1.9603554023187797,20.04892546384073,0.0,2.287969918435653,0.0036966025055972,0.1067632459613587,2.246630436162649
8,Angola,402,Cuando Cubango,2016,0.0,1.993964695375618,19.611668520855478,0.0,2.228676246156397,0.0036848826747501,0.109121188544744,2.015420165756177
8,Angola,402,Cuando Cubango,2017,0.0,1.952043372519901,19.92768349614567,0.0,2.208457401097576,0.0036737315203186,0.1071977285233988,2.035547575882177
8,Angola,402,Cuando Cubango,2018,0.0,1.9390024672540092,20.204468602979613,0.0,2.186665806252261,0.0037025211552262,0.1042645329174454,1.993526508592525
8,Angola,402,Cuando Cubango,2019,0.0,2.023237264051381,20.747377797016515,0.0,2.253393410399831,0.0037297109370175,0.107842031857775,2.1356357905733883
8,Angola,402,Cuando Cubango,2020,0.0,2.024450798393417,21.277359669510957,0.0,2.2723269456836266,0.0037113475609585,0.1099436704526615,2.1482444759296992
8,Angola,402,Cuando Cubango,2021,0.0,2.0430149220540343,23.55765973698193,0.0,2.3053216590278613,0.0037101813758178,0.1108122818606018,2.367774371513018
8,Angola,403,Cuanza Sul,2001,0.0,0.1957576087256852,8.08997848798644,0.0,2.5488717292495577,0.0026308639118304,0.8148586229346264,1.0515697407272626
8,Angola,403,Cuanza Sul,2002,0.0,0.1907500546132432,8.20080508825914,0.0,2.7952944538848365,0.0025674088133705,0.9961890533474248,1.1938241202876252
8,Angola,403,Cuanza Sul,2003,0.0,0.1862735495327006,8.196737660114842,0.0,3.0492991372402742,0.00286586430608,1.177183277727122,1.2562238605620584
8,Angola,403,Cuanza Sul,2004,0.0,0.1798917600056642,8.379952981183195,0.0,3.158074039152299,0.0028739015261332,1.3575289428603006,1.4010059057675175
8,Angola,403,Cuanza Sul,2005,0.0,0.193901122723081,8.159510384459658,0.0,3.4137896496463305,0.0027264886750624,1.558258515348696,1.3993088145980566
8,Angola,403,Cuanza Sul,2006,0.0,0.2000004964840296,9.811263480933452,0.0,3.500957782451923,0.0028245865056912,1.5950225101541775,1.5680758383024147
8,Angola,403,Cuanza Sul,2007,0.0,0.206517874720242,11.60331513119954,0.0,3.6151238533377534,0.0026446086168289,1.6425084013732316,1.7104344351481402
8,Angola,403,Cuanza Sul,2008,0.0,0.2101901836041114,13.7398123204023,0.0,3.702613837312114,0.0029617883265018,1.6853856256216844,1.8969775671246407
8,Angola,403,Cuanza Sul,2009,0.0,0.2145175545959742,16.233990561368778,0.0,3.793129351790451,0.0025595443116294,1.7393478272131964,2.0704690924597
8,Angola,403,Cuanza Sul,2010,0.0,0.2204131135679155,19.333208805229308,0.0,3.913528887599469,0.0027250540753205,1.783302853531167,2.309601171438059
8,Angola,403,Cuanza Sul,2011,0.0,0.2218261502887378,22.23244986907387,0.0,4.010394216954023,0.0027663790517383,1.827433160297856,2.5112869952453143
8,Angola,403,Cuanza Sul,2012,0.0,0.2298905080024591,25.286996089554243,0.0,4.121578145722812,0.0025872028661224,1.882565984886163,2.6972037375805584
8,Angola,403,Cuanza Sul,2013,0.0,0.2359053310728199,29.02460730820106,0.0,4.23580142020336,0.0026586743692557,1.9305280690484088,2.916617580191799
8,Angola,403,Cuanza Sul,2014,0.0,0.2367884520405062,33.46624672774869,0.0,4.345887039953581,0.0026755628210526,1.9780424541335104,3.179025124754581
8,Angola,403,Cuanza Sul,2015,0.0,0.245146274988257,37.38125486760124,0.0,4.466177781001326,0.002597610940013,2.0281158905973697,3.4519177334826066
8,Angola,403,Cuanza Sul,2016,0.0,0.2494161185914705,37.68431622257053,0.0,4.345071510969275,0.0028353352099657,2.078291645943855,3.197680434463166
8,Angola,403,Cuanza Sul,2017,0.0,0.2450523747478724,38.28223778735632,0.0,4.313139816810345,0.0024943827621398,2.033086775046972,3.22308279454023
8,Angola,403,Cuanza Sul,2018,0.0,0.2430336544937417,34.23032014266305,0.0,4.268556414400972,0.0025033031550931,1.987148187099359,2.770697109941123
8,Angola,403,Cuanza Sul,2019,0.0,0.2525020906294899,39.24934762423156,0.0,4.390927207670203,0.0027004142977156,2.0535391108532277,3.3407517730212604
8,Angola,403,Cuanza Sul,2020,0.0,0.2537571698769755,31.58100200351837,0.0,4.437153756354996,0.0026920369267463,2.0934216729525863,2.614555973294566
8,Angola,403,Cuanza Sul,2021,0.0,0.2558073521082007,41.36628805899144,0.0,4.501565435731654,0.0027916352165506,2.115735176282051,3.381579485311608
8,Angola,404,Cunene,2001,0.0,17.384476137429644,23.81603985135828,0.0,4.753764559881176,0.0072015866252644,0.2878072522743707,0.9743971440927728
8,Angola,404,Cunene,2002,0.0,16.947178900875546,24.21531845391349,0.0,5.230408287406191,0.0074757992610996,0.3517238862668074,1.111177517137616
8,Angola,404,Cunene,2003,0.0,16.515653093730457,24.642934163411457,0.0,5.709569457473421,0.0070780118306477,0.4143811119132075,1.178570810953776
8,Angola,404,Cunene,2004,0.0,15.996097414399625,25.571484793676312,0.0,5.8971323630003125,0.0078388666495298,0.4793102653269621,1.336730368267685
8,Angola,404,Cunene,2005,0.0,17.4642988055208,27.00868807770075,0.0,6.385824967743197,0.0074737082223523,0.5511410462323076,1.4593299235449162
8,Angola,404,Cunene,2006,0.0,17.849533057205377,31.61119513224536,0.0,6.551711106009691,0.007260277157738,0.5635751650906533,1.5851002501582725
8,Angola,404,Cunene,2007,0.0,18.246358725382933,38.0564157731377,0.0,6.735117419506095,0.0075154730473408,0.5778658629283565,1.7754311314016649
8,Angola,404,Cunene,2008,0.0,18.662788908643325,45.99374556107954,0.0,6.927007219052829,0.0076774124984944,0.5943248637880002,1.9946674693714488
8,Angola,404,Cunene,2009,0.0,19.141154328732743,57.370911473715296,0.0,7.142212373549247,0.0074916568302839,0.6149337557956595,2.3178232173840816
8,Angola,404,Cunene,2010,0.0,19.59208202511774,68.8672198021264,0.0,7.351842131083202,0.0071831079312635,0.6307618720565149,2.5866201708321026
8,Angola,404,Cunene,2011,0.0,20.026221546310836,80.3875978292971,0.0,7.552277521585557,0.0072971121763243,0.6472998890060832,2.846459340852038
8,Angola,404,Cunene,2012,0.0,20.465154042386185,93.83154700413225,0.0,7.751303718602826,0.0075428133696512,0.6679725826628728,3.1394492625627213
8,Angola,404,Cunene,2013,0.0,20.88038657770801,109.54154368358914,0.0,7.9738072753139715,0.0074771882755614,0.687144788804945,3.4713459037411454
8,Angola,404,Cunene,2014,0.0,21.395020604395604,127.5340171192444,0.0,8.18522799744898,0.0072901669435537,0.7019884621516876,3.832573720668536
8,Angola,404,Cunene,2015,0.0,21.75626717032967,143.38917772861356,0.0,8.38110773155416,0.007197453005426,0.7203236913755887,4.187845685840708
8,Angola,404,Cunene,2016,0.0,22.15726550235479,143.39225663716817,0.0,8.171445741758241,0.0074161036495796,0.7398370045133438,3.836557718012537
8,Angola,404,Cunene,2017,0.0,21.74210164835165,147.3215728795967,0.0,8.106261651295133,0.0072467989013771,0.7209378372743328,3.882474236358244
8,Angola,404,Cunene,2018,0.0,21.55927544334589,150.46738488783944,0.0,8.01691420962806,0.0071406500896702,0.7060781360346046,3.8387000073789848
8,Angola,404,Cunene,2019,0.0,22.508362123115575,153.11331142305406,0.0,8.284185821686558,0.0073457886540281,0.7301855039356941,4.103868417632205
8,Angola,404,Cunene,2020,0.0,22.50453115197616,158.86510295823666,0.0,8.323712701929109,0.0072878816357743,0.7378480305785367,4.138415555666328
8,Angola,404,Cunene,2021,0.0,22.745470516645728,173.85657193605684,0.0,8.48474550486809,0.0072127127502317,0.7564481802322157,4.4915711497187685
8,Angola,405,Huambo,2001,0.0,2.9458136495699123,37.53950520833333,0.0,7.421400301976574,0.0020034105982631,0.6398243939021321,3.411334997106481
8,Angola,405,Huambo,2002,0.0,2.866593948744052,38.1232700064911,0.0,8.126990300146414,0.0,0.7819750940817167,3.872265914781157
8,Angola,405,Huambo,2003,0.0,2.790228334038708,38.23372347572276,0.0,8.85895892432284,0.0,0.9237394765739384,4.0742306946117495
8,Angola,405,Huambo,2004,0.0,2.7062700531318638,38.660932863501486,0.0,9.171341679630308,0.0,1.0676126549917642,4.482914502967359
8,Angola,405,Huambo,2005,0.0,2.9568076629415265,37.75182426797628,0.0,9.87987566343338,0.0021896054968237,1.2188627765258968,4.554169900157524
8,Angola,405,Huambo,2006,0.0,3.0170523111502563,45.59393242679763,0.0,10.1546972227306,0.0,1.2537350298545022,5.071171426172165
8,Angola,405,Huambo,2007,0.0,3.0910755341782576,54.4208912037037,0.0,10.433372128934849,0.0,1.2881781604593705,5.66458984375
8,Angola,405,Huambo,2008,0.0,3.1603028058656664,65.45892510177646,0.0,10.743329920845534,0.0,1.3268899987417642,6.317512201609919
8,Angola,405,Huambo,2009,0.0,3.231334501967423,78.45230506282336,0.0,11.039826020314788,0.0024698806616167,1.3628767021927617,7.0375222306910565
8,Angola,405,Huambo,2010,0.0,3.298417053669473,94.09146510339734,0.0,11.313026171303076,0.0021522596944123,1.3979481463900074,7.839413168159158
8,Angola,405,Huambo,2011,0.0,3.3783768616169474,109.91612813884784,0.0,11.664159727306004,0.0,1.4372401314284406,8.661624699963072
8,Angola,405,Huambo,2012,0.0,3.449844650782394,127.9208033738938,0.0,11.965823172126647,0.0,1.478262458678395,9.553117510140115
8,Angola,405,Huambo,2013,0.0,3.526644571284773,149.2169524336283,0.0,12.282935749908493,0.0,1.5144650639412518,10.542228406157816
8,Angola,405,Huambo,2014,0.0,3.603142801175879,173.6417879513633,0.0,12.630596289348462,0.0,1.5589769399707174,11.613007783714076
8,Angola,405,Huambo,2015,0.0,3.672408677823024,195.86119293078056,0.0,12.939836314970718,0.0,1.5971693985633235,12.66362671437776
8,Angola,405,Huambo,2016,0.0,3.73180955744418,195.00374816041207,0.0,12.600460113927523,0.0,1.631434874862738,11.592754035596029
8,Angola,405,Huambo,2017,0.0,3.659769842949304,199.91358535688005,0.0,12.504764137994144,0.0,1.594967486045022,11.652149012371227
8,Angola,405,Huambo,2018,0.0,3.635497689421669,204.5656892437592,0.0,12.371521264183748,0.0,1.561677142432284,11.54716323650881
8,Angola,405,Huambo,2019,0.0,3.7979194786328696,207.26908572479763,0.0,12.737451958272327,0.0,1.6165941274707174,12.28718410825975
8,Angola,405,Huambo,2020,0.0,3.812327707494509,220.1164314516129,0.0,12.844287609809664,0.0,1.6412946888154285,12.658734363544722
8,Angola,405,Huambo,2021,0.0,3.834961652406662,235.19296473181484,0.0,13.066913833729869,0.0,1.6618709536282943,13.418849880602496
8,Angola,406,Huila,2001,0.0,17.981326161097485,3.0272082041082347,0.0,5.43710242949111,0.0025032106786966,0.9566812801770386,3.8682097126708017
8,Angola,406,Huila,2002,0.0,17.523944043148376,3.0673775280708875,0.0,5.9741824657035565,0.0025346722453832,1.1692854777791617,4.390986102656025
8,Angola,406,Huila,2003,0.0,17.075827487733825,3.123133189143535,0.0,6.515864573750384,0.0025588958036331,1.3801047176862926,4.690394733838568
8,Angola,406,Huila,2004,0.0,16.533113883777983,3.191459700906065,0.0,6.733827573980374,0.002514563547158,1.5885472068096442,5.219577044424926
8,Angola,406,Huila,2005,0.0,18.058827334406622,3.19255376596544,0.0,7.271677830803434,0.002537008578127,1.8246678010483748,5.389460608799775
8,Angola,406,Huila,2006,0.0,18.45859997700797,3.785819280715216,0.0,7.47859885135653,0.0025283925235271,1.8697390763910176,5.947331019810268
8,Angola,406,Huila,2007,0.0,18.851567291475007,4.552389449049925,0.0,7.677921841459675,0.0026274554796152,1.9211749954480988,6.658522581734352
8,Angola,406,Huila,2008,0.0,19.292504119405272,5.464881717289719,0.0,7.912805123390558,0.0025118637781638,1.9774082354575413,7.4572064836448595
8,Angola,406,Huila,2009,0.0,19.78912746381275,6.728564061903853,0.0,8.149789108215275,0.0025051100879696,2.0387539218894366,8.479013407334987
8,Angola,406,Huila,2010,0.0,20.273124422009865,8.133508707838253,0.0,8.390287839087547,0.0025631133715311,2.0997109748285294,9.505116004695283
8,Angola,406,Huila,2011,0.0,20.738110261251546,9.437390374427263,0.0,8.619969077527744,0.0024852737784385,2.1588163364095254,10.44095432416953
8,Angola,406,Huila,2012,0.0,21.162434494451293,10.929451726723151,0.0,8.82830140740598,0.00250508858786,2.208774251502774,11.537688023610054
8,Angola,406,Huila,2013,0.0,21.64396186440678,12.779163505311075,0.0,9.055423608436056,0.0025926029601064,2.2627592630489213,12.665708874715476
8,Angola,406,Huila,2014,0.0,22.13322659861325,14.813321903280542,0.0,9.306209673536207,0.002583356628641,2.33004592401772,13.906649168080694
8,Angola,406,Huila,2015,0.0,22.544635978428357,16.637423372322434,0.0,9.550387615562403,0.0025173896437237,2.384648557877504,15.125460940435929
8,Angola,406,Huila,2016,0.0,22.94028794298921,16.529917227833895,0.0,9.3058250674114,0.0024966756728562,2.443218533320493,13.799128437149273
8,Angola,406,Huila,2017,0.0,22.49189609663995,16.90585995933059,0.0,9.21754344559186,0.0026211792772466,2.3824082079415843,13.846870325355273
8,Angola,406,Huila,2018,0.0,22.31297925015413,17.299233271375464,0.0,9.135241262715782,0.0026236785286888,2.3372727475242754,13.701495701672862
8,Angola,406,Huila,2019,0.0,23.270123689889022,17.58045706775701,0.0,9.403370886636868,0.002590766797463,2.4178128130779903,14.614506425233644
8,Angola,406,Huila,2020,0.0,23.30016371340524,18.398408724677715,0.0,9.49360434322034,0.0025731390235067,2.454511899316256,14.901237338858197
8,Angola,406,Huila,2021,0.0,23.538166615289764,19.96689959436777,0.0,9.655248150431566,0.0025864332635826,2.4850348720715165,15.94544945915703
8,Angola,407,Kuanza Norte,2001,0.0,0.434076225849534,2.403000161082474,0.0,2.7790414373794987,0.0,1.4519102591781812,1.0390423646907216
8,Angola,407,Kuanza Norte,2002,0.0,0.4214026836012813,2.4398414847777063,0.0,3.052866173280848,0.0,1.84516949886528,1.1708265796150128
8,Angola,407,Kuanza Norte,2003,0.0,0.409043142912014,2.4742638064326723,0.0,3.310107233591742,0.0,2.2005723497248555,1.2740654358037578
8,Angola,407,Kuanza Norte,2004,0.0,0.3996020711786029,2.5020655314127604,0.0,3.461315949349293,0.0,2.5425912420669987,1.3957288106282553
8,Angola,407,Kuanza Norte,2005,0.0,0.4359592937871546,2.4918504020659,0.0,3.72581940874036,0.0,2.938278237467866,1.4166782012045631
8,Angola,407,Kuanza Norte,2006,0.0,0.4448646996505462,2.9503876501772583,0.0,3.8278752108772496,0.0,2.9967787872549807,1.5820347120781906
8,Angola,407,Kuanza Norte,2007,0.0,0.4573736117247751,3.572832489013672,0.0,3.9480200132551415,0.0,3.0685884529643315,1.7738356272379556
8,Angola,407,Kuanza Norte,2008,0.0,0.4634573183819689,4.321648152669271,0.0,3.995147940432198,0.0,3.15217366745662,1.9822638193766275
8,Angola,407,Kuanza Norte,2009,0.0,0.4760695508942199,5.073289799987033,0.0,4.232042798039846,0.0,3.281072699931716,2.1805718766208506
8,Angola,407,Kuanza Norte,2010,0.0,0.4833934950644682,6.07819117363963,0.0,4.24274481844473,0.0,3.3206727486343186,2.412074032260652
8,Angola,407,Kuanza Norte,2011,0.0,0.4991688470914002,7.182797291239754,0.0,4.344514743834351,0.0,3.4234186089130785,2.642303716940958
8,Angola,407,Kuanza Norte,2012,0.0,0.5056626931214944,8.430755927275051,0.0,4.442676407251603,0.0,3.5473351111778846,2.931705529460634
8,Angola,407,Kuanza Norte,2013,0.0,0.5140914525741186,9.45284199617347,0.0,4.589511343149039,0.0,3.5763487204527245,3.2151999960140305
8,Angola,407,Kuanza Norte,2014,0.0,0.5336109650440705,11.217022082270407,0.0,4.733782489483173,0.0,3.6954076522435897,3.5368896484375
8,Angola,407,Kuanza Norte,2015,0.0,0.539227529672476,12.325209122474748,0.0,4.8120314378004805,0.0,3.784269831730769,3.792827197758839
8,Angola,407,Kuanza Norte,2016,0.0,0.5474649282602163,12.632816437752016,0.0,4.713424291366186,0.0,3.8343890850360576,3.5063008954448085
8,Angola,407,Kuanza Norte,2017,0.0,0.536759048853165,12.765400390625,0.0,4.61847894130609,0.0,3.751173753004808,3.491496337890625
8,Angola,407,Kuanza Norte,2018,0.0,0.5272337302183494,13.1416630859375,0.0,4.570014836237981,0.0,3.6586745042067306,3.422245361328125
8,Angola,407,Kuanza Norte,2019,0.0,0.5631206805889423,13.271699335470618,0.0,4.864901342147436,0.0,3.8496754181690704,3.678263022130229
8,Angola,407,Kuanza Norte,2020,0.0,0.5553263346354167,13.29572002704327,0.0,4.763659980969552,0.0,3.860675205328526,3.6695526123046873
8,Angola,407,Kuanza Norte,2021,0.0,0.5629322541065706,14.89122200012207,0.0,4.909019431089743,0.0,3.932005896935096,3.900667190551758
8,Angola,408,Luanda,2001,0.0,6.5989255551938655,654.4071180555555,0.0,8.551534582067418,0.003815095091975,2.544358147515191,17.042817292390048
8,Angola,408,Luanda,2002,0.0,6.47936107494213,654.8573495370371,0.0,9.69207085503472,0.0037966852271279,3.1450718067310475,19.17717827690972
8,Angola,408,Luanda,2003,0.0,6.301381429036458,667.8383246527778,0.0,10.38492951569734,0.0039061242487372,3.774084585684317,21.23516619646991
8,Angola,408,Luanda,2004,0.0,6.123738041630498,661.5322627314815,0.0,10.724821867766204,0.0042369417202325,4.3738745230215565,23.20231345847801
8,Angola,408,Luanda,2005,0.0,6.81746984411169,659.6009837962963,0.0,11.307169596354166,0.0038591760046341,4.895575629340278,23.833412452980323
8,Angola,408,Luanda,2006,0.0,6.7646970395688655,836.2502170138889,0.0,12.410039831090856,0.0038519588320754,5.277535332573785,25.15034541377315
8,Angola,408,Luanda,2007,0.0,6.985410902235243,965.8642939814816,0.0,12.114360668041089,0.0038149243309384,5.17965641728154,29.724525734230323
8,Angola,408,Luanda,2008,0.0,7.293807983398437,1160.8148871527778,0.0,12.65634494357639,0.0039599408586341,5.479298344364873,33.178842050057874
8,Angola,408,Luanda,2009,0.0,7.257716991283275,1350.332175925926,0.0,12.591678195529514,0.0039005534476544,5.520866111472801,35.166861074942126
8,Angola,408,Luanda,2010,0.0,7.529377124927662,1655.99609375,0.0,12.990681966145834,0.0038970421342288,5.686186048719618,40.339328342013886
8,Angola,408,Luanda,2011,0.0,7.849784568504051,1919.1359953703704,0.0,13.3603357385706,0.003822788771461,5.683391429759838,43.258273654513886
8,Angola,408,Luanda,2012,0.0,7.723381325050637,2258.599537037037,0.0,13.781989203559029,0.0038475050645716,6.049807513201678,50.38314254195602
8,Angola,408,Luanda,2013,0.0,8.027486165364584,2643.063946759259,0.0,13.89973845305266,0.0038373224875506,6.1013743082682295,53.20813440393518
8,Angola,408,Luanda,2014,0.0,8.266544483326099,3063.612847222222,0.0,15.24956597222222,0.0038493795450343,6.209740532769097,58.778645833333336
8,Angola,408,Luanda,2015,0.0,8.224377102322048,3586.067708333333,0.0,15.308570014105904,0.0038538785541758,6.342497649016203,60.61556441695602
8,Angola,408,Luanda,2016,0.0,8.543066519278067,3404.7800925925926,0.0,14.754683883101851,0.0038820000255809,6.949885615596065,58.56308322482639
8,Angola,408,Luanda,2017,0.0,8.273449933087385,3456.708333333333,0.0,14.99505502206308,0.0038913337623371,6.715171531394676,58.329182942708336
8,Angola,408,Luanda,2018,0.0,8.256481029369214,3581.2013888888887,0.0,14.45493797019676,0.0039874457177661,6.286406340422453,58.17066786024306
8,Angola,408,Luanda,2019,0.0,8.525089970341435,3587.6484375,0.0,15.56077293113426,0.0040329161249561,6.632830019350405,61.4492820457176
8,Angola,408,Luanda,2020,0.0,8.603174845377604,4005.480902777778,0.0,15.17354894567419,0.0039038529922795,7.03941175672743,66.69395616319444
8,Angola,408,Luanda,2021,0.0,8.735218189380786,4106.629340277777,0.0,15.87213134765625,0.0039607911224824,6.8198728208188655,66.26293041087963
8,Angola,409,Lunda Norte,2001,0.0,0.0439718308406555,1.5175552909255874,0.0,0.2556502225045423,0.0,0.1337688237245912,0.4575683377313275
8,Angola,409,Lunda Norte,2002,0.0,0.0430185533290068,1.5502796241459451,0.0,0.2850846657286225,0.0,0.1598024734334189,0.5103265905892977
8,Angola,409,Lunda Norte,2003,0.0,0.0418184251371579,1.485006893382353,0.0,0.300951255713434,0.0,0.1915647778325857,0.5465574264526367
8,Angola,409,Lunda Norte,2004,0.0,0.0404789959493615,1.5498097737630208,0.0,0.3136261908162758,0.0,0.2211164811944626,0.6340120709131635
8,Angola,409,Lunda Norte,2005,0.0,0.0438416234314671,1.5800175761796564,0.0,0.3468966582621224,0.0,0.2492039784663865,0.6469401933282495
8,Angola,409,Lunda Norte,2006,0.0,0.0449753622019965,1.8740932818540592,0.0,0.3449326375926215,0.0,0.2572404080403276,0.7491232331266108
8,Angola,409,Lunda Norte,2007,0.0,0.0456482806910771,2.1892662130376346,0.0,0.343471453456805,0.0,0.26466618108392,0.9033494518649192
8,Angola,409,Lunda Norte,2008,0.0,0.0469580656177694,2.8353687959558824,0.0,0.3701433315619322,0.0,0.2668816338824381,1.0940703268612133
8,Angola,409,Lunda Norte,2009,0.0,0.048071669579202,3.562242885718599,0.0,0.3836753649411623,0.0,0.2758510710027254,1.2821876415307971
8,Angola,409,Lunda Norte,2010,0.0,0.0489018613740365,4.83743906977525,0.0,0.3909270845162389,0.0,0.2845368325750908,1.6555203762983524
8,Angola,409,Lunda Norte,2011,0.0,0.0496786742942318,5.746197798790042,0.0,0.4027816675447746,0.0,0.2919389133990406,1.8613587275853063
8,Angola,409,Lunda Norte,2012,0.0,0.0513659692914999,6.218030703965054,0.0,0.4214710370721219,0.0,0.3018205938936903,1.8877474877142135
8,Angola,409,Lunda Norte,2013,0.0,0.0518659129129768,6.544732977874087,0.0,0.4354054852034372,0.0,0.3069652311375312,1.948129918453467
8,Angola,409,Lunda Norte,2014,0.0,0.0529900498004743,6.722091642130621,0.0,0.4395067871537239,0.0,0.3124866398976782,1.9722188095974973
8,Angola,409,Lunda Norte,2015,0.0,0.0543158390000124,6.964940829539862,0.0,0.4710462190799557,0.0,0.3259054767771486,1.8516542930302655
8,Angola,409,Lunda Norte,2016,0.0,0.0551814322683835,6.751545916863208,0.0,0.4330680493762772,0.0,0.3279099078962307,1.6702219837116743
8,Angola,409,Lunda Norte,2017,0.0,0.0543010860654465,7.111354642146536,0.0,0.4250749939685513,0.0,0.319989861844346,1.709011235040672
8,Angola,409,Lunda Norte,2018,0.0,0.0538716918224643,6.344999835871849,0.0,0.4281742050905427,0.0,0.3118092937971872,1.495552229680935
8,Angola,409,Lunda Norte,2019,0.0,0.0560079707978098,6.193443642893145,0.0,0.4429472352460121,0.0,0.3251300087633401,1.5256299418787802
8,Angola,409,Lunda Norte,2020,0.0,0.0565417789525058,5.938799434865015,0.0,0.4379190692676402,0.0,0.3308716097493046,1.427825927734375
8,Angola,409,Lunda Norte,2021,0.0,0.0570135590923447,6.2962907934822745,0.0,0.4334138466936605,0.0,0.3335672621561293,1.5262883917443686
8,Angola,410,Lunda Sul,2001,0.0,0.0354137450634627,1.5878343635431216,0.0,0.3132281430822167,0.0,0.0969446848413922,2.198667217233328
8,Angola,410,Lunda Sul,2002,0.0,0.0345334625963668,1.6215573758055262,0.0,0.3459422001483417,0.0,0.1186945944303088,2.5002889687058616
8,Angola,410,Lunda Sul,2003,0.0,0.0336502612442836,1.7764644499747984,0.0,0.3774174603603427,0.0,0.1383347329910503,3.0453697942918345
8,Angola,410,Lunda Sul,2004,0.0,0.0325873290094629,1.8316523065630173,0.0,0.3871235660096078,0.0,0.160135009535376,3.496861337825952
8,Angola,410,Lunda Sul,2005,0.0,0.0351091976699421,1.8576529667295256,0.0,0.4203529777634784,0.0,0.1833669356076607,3.625626346982759
8,Angola,410,Lunda Sul,2006,0.0,0.0363629295255582,2.286946398146609,0.0,0.4312686194642015,0.0,0.1866771670416142,4.20276787940492
8,Angola,410,Lunda Sul,2007,0.0,0.0371104494950487,3.082130126953125,0.0,0.4430112002293893,0.0,0.191742125639785,5.1568310546875
8,Angola,410,Lunda Sul,2008,0.0,0.0379548491040553,3.6999532234768906,0.0,0.4554292546319946,0.0,0.1991752137631149,6.087405421152837
8,Angola,410,Lunda Sul,2009,0.0,0.0387901970516469,4.30571875,0.0,0.4689734182204888,0.0,0.2034822696037016,6.4196474609375
8,Angola,410,Lunda Sul,2010,0.0,0.0397413770045472,5.018766181413517,0.0,0.4802496681345292,0.0,0.2105427381940624,6.971110499182413
8,Angola,410,Lunda Sul,2011,0.0,0.0403083961964103,5.5857721584946365,0.0,0.4952061787149285,0.0,0.2158871806293716,7.333920606926306
8,Angola,410,Lunda Sul,2012,0.0,0.0413924849509293,6.254101908798759,0.0,0.5080663110804385,0.0,0.2217660500395414,7.832179292719415
8,Angola,410,Lunda Sul,2013,0.0,0.0424880717618403,7.259074326102615,0.0,0.522698247406476,0.0,0.2280786125137535,8.563561405695921
8,Angola,410,Lunda Sul,2014,0.0,0.0430116146774795,8.148892337328768,0.0,0.5357014027379362,0.0,0.2344323127984026,8.898454221960616
8,Angola,410,Lunda Sul,2015,0.0,0.0442301832029408,8.330499005463958,0.0,0.5486764676988368,0.0,0.239399549909374,9.19724615366181
8,Angola,410,Lunda Sul,2016,0.0,0.0449358578261921,7.851155835528706,0.0,0.5360309273444868,0.0,0.2453972661468976,7.896765420603198
8,Angola,410,Lunda Sul,2017,0.0,0.0440485071963538,7.746199776785715,0.0,0.5302629227984518,0.0,0.239029367177676,7.816282784598214
8,Angola,410,Lunda Sul,2018,0.0,0.0437521624212855,6.650848684959041,0.0,0.5269205908249175,0.0,0.2357372678476697,6.513831277495449
8,Angola,410,Lunda Sul,2019,0.0,0.0457014883137918,5.295403707252358,0.0,0.5423291568222454,0.0,0.2428850199733279,5.411956441627359
8,Angola,410,Lunda Sul,2020,0.0,0.0456418058700585,4.480757088496767,0.0,0.5467175864753615,0.0,0.2468159066098023,4.289271913725754
8,Angola,410,Lunda Sul,2021,0.0,0.0461993105042021,5.318085617315574,0.0,0.5569671947451666,0.0,0.2493024032770256,5.1104940445696725
8,Angola,411,Malanje,2001,0.0,0.0859285982850751,8.9931127488711,0.0,1.487726319083828,0.0,0.434086703971161,1.3334807597944889
8,Angola,411,Malanje,2002,0.0,0.0841139705669278,9.27794672818792,0.0,1.643722181008902,0.0,0.5331846514512241,1.5430834469379195
8,Angola,411,Malanje,2003,0.0,0.08186392854866,9.79348797865317,0.0,1.803168756954748,0.0,0.628446946865727,1.684781034227828
8,Angola,411,Malanje,2004,0.0,0.0794269052386637,10.322392381741317,0.0,1.851418768545994,0.0,0.7254167053041543,1.9511602705095976
8,Angola,411,Malanje,2005,0.0,0.0867504991480433,10.344668956285112,0.0,2.000600426557864,0.0,0.8301068133345697,2.022756740841526
8,Angola,411,Malanje,2006,0.0,0.0882368682046318,13.09396593314243,0.0,2.0681272602930267,0.0,0.8551589739428783,2.391889473356574
8,Angola,411,Malanje,2007,0.0,0.0909100993804478,16.485040194746375,0.0,2.1441871348757418,0.0,0.878350884412092,2.745212973521609
8,Angola,411,Malanje,2008,0.0,0.0923524669794371,20.50816262823974,0.0,2.1734585091339023,0.0,0.90491041415523,3.2460278373042657
8,Angola,411,Malanje,2009,0.0,0.0945675179229645,25.57138933454241,0.0,2.2381056426186943,0.0,0.9325013474823812,3.756035940987723
8,Angola,411,Malanje,2010,0.0,0.0968957012414224,32.580189203199055,0.0,2.306166253245549,0.0,0.9545571709245178,4.4130873838307165
8,Angola,411,Malanje,2011,0.0,0.0995096178366097,36.838519216954026,0.0,2.3612155450204004,0.0,0.9796437430452524,4.75248742816092
8,Angola,411,Malanje,2012,0.0,0.100814629167053,41.422602044328194,0.0,2.4179557098479227,0.0,1.0023956932724407,5.006900468061674
8,Angola,411,Malanje,2013,0.0,0.1039985090759458,46.09427330564346,0.0,2.474664433419881,0.0,1.032956448789874,5.308360940796414
8,Angola,411,Malanje,2014,0.0,0.106941128060089,52.21251118353784,0.0,2.561786269009644,0.0,1.06602837537092,5.750028957374744
8,Angola,411,Malanje,2015,0.0,0.1080043260704516,57.14409765625,0.0,2.590364776520772,0.0,1.0841953356824925,6.102083984375
8,Angola,411,Malanje,2016,0.0,0.1102984148246244,58.3423447027439,0.0,2.561879288761128,0.0,1.1153846265300444,5.6627256812118905
8,Angola,411,Malanje,2017,0.0,0.1083025108812824,60.59690660658714,0.0,2.540248284495549,0.0,1.0888258212397997,5.732823542044865
8,Angola,411,Malanje,2018,0.0,0.1076428602994018,57.58159680964829,0.0,2.506619470975519,0.0,1.071710911419696,5.320733944272813
8,Angola,411,Malanje,2019,0.0,0.1122893653213093,57.88247088878327,0.0,2.591773402726261,0.0,1.1045351475565652,5.610389622445342
8,Angola,411,Malanje,2020,0.0,0.1121164655826919,39.415855029474,0.0,2.615531400686202,0.0,1.1215808721253708,3.744011026772218
8,Angola,411,Malanje,2021,0.0,0.1135354152419093,56.48243455762987,0.0,2.675986994621662,0.0,1.1369867251251855,5.29796213917918
8,Angola,412,Moxico,2001,0.0,0.1886635060003517,3.677217546765925,0.0,0.1006311202416771,0.0027323049306869,0.0350672929964776,0.2751776144350594
8,Angola,412,Moxico,2002,0.0,0.1840706366269956,3.7185005565812337,0.0,0.1117310735162558,0.0022399456695068,0.0427925216267853,0.305631503346275
8,Angola,412,Moxico,2003,0.0,0.1790765660124709,3.77175197849026,0.0,0.1223421332478552,0.0022398450722297,0.0505772631005608,0.3182263130749458
8,Angola,412,Moxico,2004,0.0,0.1733116219896789,3.765871248920553,0.0,0.124414301414373,0.0025133527815341,0.0583242023246368,0.3458070903244414
8,Angola,412,Moxico,2005,0.0,0.1880255966886468,3.715696463956727,0.0,0.1364656799503058,0.0024818301200866,0.0667475839784021,0.3537502730107246
8,Angola,412,Moxico,2006,0.0,0.1938399064650229,4.297557762632978,0.0,0.1404791577073776,0.0020537117407435,0.0684355140242737,0.3965706293633643
8,Angola,412,Moxico,2007,0.0,0.1973982211894951,5.1307452635478406,0.0,0.1437941549342206,0.0026707609112446,0.0703533792215784,0.4339175309093194
8,Angola,412,Moxico,2008,0.0,0.2017682069901617,6.045692328831659,0.0,0.1484382763767429,0.0022464094532502,0.0722333979000084,0.4790155100862385
8,Angola,412,Moxico,2009,0.0,0.207290291086335,7.176827451285241,0.0,0.1524085177367447,0.0025767395893732,0.074359968450438,0.5380007109634121
8,Angola,412,Moxico,2010,0.0,0.2115437009329898,8.423013924969437,0.0,0.1580799647739955,0.00222016635694,0.076418090939755,0.5941558564301905
8,Angola,412,Moxico,2011,0.0,0.2144829886300223,9.799835551306726,0.0,0.1612035225048923,0.0022512378673704,0.0783425870473604,0.6723739154141765
8,Angola,412,Moxico,2012,0.0,0.2219440885719254,11.145987936306682,0.0,0.1650436908998134,0.0021494377936635,0.0806393632683502,0.7075882382874652
8,Angola,412,Moxico,2013,0.0,0.2265100497788879,12.83130727324096,0.0,0.1699228454709286,0.0021628017791292,0.0829223886627973,0.7771988394875197
8,Angola,412,Moxico,2014,0.0,0.2305404366382077,14.802093981211058,0.0,0.1741195292436101,0.0022890004329383,0.0850714755492731,0.8407580414293712
8,Angola,412,Moxico,2015,0.0,0.2360120439523587,16.26746737308429,0.0,0.178589912182226,0.0026699003009569,0.0871787372713671,0.9289759376496648
8,Angola,412,Moxico,2016,0.0,0.2394735889824354,16.046638346110697,0.0,0.1742009791182585,0.002308924578958,0.0892909253971696,0.8160307262937079
8,Angola,412,Moxico,2017,0.0,0.2350460135519839,16.255852103499628,0.0,0.1729739910525953,0.0021522513125091,0.0870291993739873,0.842754531599032
8,Angola,412,Moxico,2018,0.0,0.2331655502086135,16.103861712509076,0.0,0.171791331315335,0.0022391078287157,0.085463777936923,0.7765129272194989
8,Angola,412,Moxico,2019,0.0,0.2428644394402283,17.257394386574074,0.0,0.1766914037423193,0.0021908141672611,0.0882795170135386,0.8495287181712963
8,Angola,412,Moxico,2020,0.0,0.2430581110207925,15.679660516036185,0.0,0.1787053257580388,0.0020825524503986,0.0895445665442749,0.7559557462993421
8,Angola,412,Moxico,2021,0.0,0.2459773667490141,18.72048925852067,0.0,0.1810235116556997,0.0022060349583625,0.0907088774403315,0.8980268515738307
8,Angola,413,Namibe,2001,0.0,10.560428666609354,1.5997774272091267,0.0,4.426161845197157,0.0031833256993974,1.1255283556854654,0.1097975643382352
8,Angola,413,Namibe,2002,0.0,10.274641076341128,1.6177892901982698,0.0,4.892819914889959,0.0030767633109142,1.379448710095713,0.1225404929848975
8,Angola,413,Namibe,2003,0.0,10.030636570093993,1.6294477137642245,0.0,5.331887519343192,0.0029489547014236,1.6246550016477532,0.1283203181724123
8,Angola,413,Namibe,2004,0.0,9.692234604252636,1.647574786634928,0.0,5.475018626776708,0.0041851510916055,1.8701832319606837,0.1419920226169509
8,Angola,413,Namibe,2005,0.0,10.605565465955983,1.6227976315751278,0.0,5.9295943661164605,0.0033005625901821,2.1409265657238654,0.1442083552521406
8,Angola,413,Namibe,2006,0.0,10.83817987734984,1.9460391387018117,0.0,6.060993738537368,0.00332301765118,2.209054897051238,0.1614233676385702
8,Angola,413,Namibe,2007,0.0,11.088313309548372,2.3250975655335577,0.0,6.319319370414947,0.0030091472486957,2.2648051531694176,0.1815779739571237
8,Angola,413,Namibe,2008,0.0,11.309007479367263,2.786784836928124,0.0,6.497517623796424,0.0031677791935172,2.332148562872536,0.199972050831144
8,Angola,413,Namibe,2009,0.0,11.5665943088033,3.341719085650836,0.0,6.576619186296424,0.0028533944154043,2.397156461342274,0.2246649955186077
8,Angola,413,Namibe,2010,0.0,11.832326770976616,4.023494598317866,0.0,6.789012350985787,0.0032651440706104,2.4484383059663,0.252013140543431
8,Angola,413,Namibe,2011,0.0,12.119843606717104,4.675538355568445,0.0,7.02992284215956,0.003184782966463,2.5366481831728565,0.2767473331460267
8,Angola,413,Namibe,2012,0.0,12.40726999512838,5.442873132975638,0.0,7.144805278541953,0.0032559678410038,2.5868406300149016,0.3035473179651247
8,Angola,413,Namibe,2013,0.0,12.638140832760202,6.33973589762181,0.0,7.321194585339294,0.0042649732780051,2.6645720498051357,0.3411287170551769
8,Angola,413,Namibe,2014,0.0,12.927877657897753,7.413641060034803,0.0,7.518008869211371,0.0034057034386528,2.7209968549403944,0.3745082350728683
8,Angola,413,Namibe,2015,0.0,13.162489970197155,8.338738036542923,0.0,7.708839301066025,0.0039764279904572,2.811666944277281,0.4133203918032193
8,Angola,413,Namibe,2016,0.0,13.4026052412884,8.305847592807424,0.0,7.525646743179734,0.0038127293531922,2.846662672655892,0.3760599724931119
8,Angola,413,Namibe,2017,0.0,13.128739683631364,8.48960629350348,0.0,7.452037841013297,0.0032434177144142,2.7716025833906466,0.3771398274361949
8,Angola,413,Namibe,2018,0.0,13.061506870414949,8.705696856157235,0.0,7.392487677670793,0.0030182570755579,2.7399793762179048,0.3748283881645698
8,Angola,413,Namibe,2019,0.0,13.590864640646492,8.826526988636363,0.0,7.596087302269601,0.0029265255953448,2.8134640252464465,0.3960035108237187
8,Angola,413,Namibe,2020,0.0,13.619333161393856,9.363516675359294,0.0,7.650989726616231,0.0029626437982223,2.868039137723521,0.4062891338067194
8,Angola,413,Namibe,2021,0.0,13.773340784044017,10.048751159017154,0.0,7.778883145632737,0.0039941727578103,2.9091608816196697,0.434503702969257
8,Angola,414,Uige,2001,0.0,0.059287044758082,1.9873380543008297,0.0,1.5556763566551843,0.0,0.3541700709537321,0.5791492783983057
8,Angola,414,Uige,2002,0.0,0.0581379103150091,1.9934025574591088,0.0,1.7125750427488104,0.0,0.4323952150760805,0.6500361873413706
8,Angola,414,Uige,2003,0.0,0.0562721452100422,2.006655204665493,0.0,1.867043455095163,0.0,0.5096960226568695,0.684773740096831
8,Angola,414,Uige,2004,0.0,0.054760544948593,2.136269822761194,0.0,1.935115321111717,0.0,0.5873142517719072,0.7940181902985075
8,Angola,414,Uige,2005,0.0,0.0598577367796205,2.105049183344514,0.0,2.084564426794211,0.0,0.6759617417507187,0.8055754032032647
8,Angola,414,Uige,2006,0.0,0.060523049024057,2.5355815748902844,0.0,2.1427606980447065,0.0,0.6909207276745887,0.9094585575722608
8,Angola,414,Uige,2007,0.0,0.0618144919435529,3.0060311885958284,0.0,2.2042396055338025,0.0,0.7107182380984833,1.0145721251039148
8,Angola,414,Uige,2008,0.0,0.063214984987578,3.549203953598485,0.0,2.259454108532415,0.0,0.7292875430585845,1.1301760771780305
8,Angola,414,Uige,2009,0.0,0.0643364757323057,4.232637039713938,0.0,2.323693489480075,0.0,0.7513485816997918,1.2688200771264455
8,Angola,414,Uige,2010,0.0,0.0659842192417662,5.130289963021153,0.0,2.3860833261052736,0.0,0.7711766339029045,1.4272143599593807
8,Angola,414,Uige,2011,0.0,0.0680143158176794,5.897711644254279,0.0,2.458223879857256,0.0,0.7923332293009021,1.5678991490296454
8,Angola,414,Uige,2012,0.0,0.0691499884028362,6.756934304839199,0.0,2.5175254634218875,0.0,0.8157237791807097,1.715711723253565
8,Angola,414,Uige,2013,0.0,0.0706973094773803,7.825510998867069,0.0,2.5830593124256542,0.0,0.8344410980248811,1.8867618249622355
8,Angola,414,Uige,2014,0.0,0.0729568505646405,8.999890326314217,0.0,2.6544858371332274,0.0,0.8569872233718279,2.060210707651956
8,Angola,414,Uige,2015,0.0,0.0741142738820256,9.777549699449594,0.0,2.718201119213422,0.0,0.8782158412222443,2.18063322666208
8,Angola,414,Uige,2016,0.0,0.0751799146098085,9.753113710260116,0.0,2.6563107690497425,0.0,0.8981597815720372,1.99531447570448
8,Angola,414,Uige,2017,0.0,0.0743674793462643,9.993778935185183,0.0,2.6334972162356323,0.0,0.8805408213188665,2.005724871600116
8,Angola,414,Uige,2018,0.0,0.0738592642996928,10.23944748013006,0.0,2.6019685301476416,0.0,0.8585352646279231,1.9906537888367053
8,Angola,414,Uige,2019,0.0,0.076664202278491,10.333218487926548,0.0,2.7029999783244154,0.0,0.8879060688540428,2.1131250790738867
8,Angola,414,Uige,2020,0.0,0.0772705682912517,10.821257919276766,0.0,2.718114634425783,0.0,0.905995118348692,2.1518974564884683
8,Angola,414,Uige,2021,0.0,0.0788105387466557,11.644455270308924,0.0,2.749767761593341,0.0,0.915706747919144,2.283033986386227
8,Angola,415,Zaire,2001,0.0,0.0155848149613764,0.8881499789300923,0.0,2.246916401410874,0.0,0.0426834411200741,0.3787972617437012
8,Angola,415,Zaire,2002,0.0,0.0152352813386569,0.8748709938742898,0.0,2.460728812693565,0.0,0.0527151098599207,0.4292000423778187
8,Angola,415,Zaire,2003,0.0,0.0156566206589399,0.9191503524780272,0.0,2.680158138603321,0.0,0.0621615447262936,0.4513014446605335
8,Angola,415,Zaire,2004,0.0,0.0148545388957016,0.9594637009492968,0.0,2.745935470255506,0.0,0.0705618494064005,0.4985728902354879
8,Angola,415,Zaire,2005,0.0,0.0158231233445696,0.9258131171429208,0.0,2.988093061768754,0.0,0.0809793596996246,0.5076071049449448
8,Angola,415,Zaire,2006,0.0,0.0161176929686592,1.0659870142263284,0.0,3.0632208281357536,0.0,0.0832044019915691,0.5641282281589917
8,Angola,415,Zaire,2007,0.0,0.016392497309932,1.2492795065364213,0.0,3.164168355880076,0.0,0.085287515491924,0.6305042217869561
8,Angola,415,Zaire,2008,0.0,0.0163295540939454,1.556945408692452,0.0,3.2274066586373023,0.0,0.0873905189760947,0.7025275438024179
8,Angola,415,Zaire,2009,0.0,0.0166715739005739,1.8078074042843104,0.0,3.3352388511915003,0.0,0.0905090563065909,0.7855613768484185
8,Angola,415,Zaire,2010,0.0,0.0171199106756662,2.1121172628886704,0.0,3.426544420487784,0.0,0.0922830139286175,0.873661938354405
8,Angola,415,Zaire,2011,0.0,0.0170076474621521,2.489722360279664,0.0,3.5163354105729523,0.0,0.0951011011867956,0.965896660979941
8,Angola,415,Zaire,2012,0.0,0.0180292101549612,2.859855428263492,0.0,3.6049186354740193,0.0,0.096900115567737,1.0668419162403948
8,Angola,415,Zaire,2013,0.0,0.0183411221267337,3.377234933035714,0.0,3.705308655583276,0.0,0.0998542507352783,1.1775967843191963
8,Angola,415,Zaire,2014,0.0,0.0189517385410497,3.8948489815848215,0.0,3.8117559843857536,0.0,0.1023746078291681,1.296093924386161
8,Angola,415,Zaire,2015,0.0,0.0187784563935498,4.36967041015625,0.0,3.913857173197695,0.0,0.1050835732173197,1.4173407854352678
8,Angola,415,Zaire,2016,0.0,0.0192801649852465,4.375954161066308,0.0,3.813493365020647,0.0,0.1069429086473836,1.305284638216846
8,Angola,415,Zaire,2017,0.0,0.0192046247679611,4.485359285136592,0.0,3.765981213437715,0.0,0.1050351294499795,1.3160797930895038
8,Angola,415,Zaire,2018,0.0,0.019218523673984,4.604106055670381,0.0,3.713822828845492,0.0,0.1028533956550025,1.3126707755773723
8,Angola,415,Zaire,2019,0.0,0.0209123100754777,4.633413029813219,0.0,3.8213226675412937,0.0,0.1063390470584835,1.386242395159842
8,Angola,415,Zaire,2020,0.0,0.0211393601290809,4.933302254512392,0.0,3.867658306628527,0.0,0.1073889105548057,1.4294343268734284
8,Angola,415,Zaire,2021,0.0,0.0207975114703092,5.30634365452013,0.0,3.941774225202168,0.0,0.1092734287626892,1.5183026487239395
45,Cameroon,815,Adamaoua,2001,0.0,28.641075278712663,58.9488400564409,0.0622820903857549,2.237126383703197,0.0183919474112671,3.0186795823254102,3.615230160088812
45,Cameroon,815,Adamaoua,2002,0.0,27.651471129575096,59.0191827563249,0.0902422169844309,2.23514347293069,0.0189686423347033,3.022939769470446,3.8293213215712383
45,Cameroon,815,Adamaoua,2003,0.0,28.650425957088768,59.07101801128818,0.1626999775568644,2.235622304901136,0.01896287134128,3.0190306436027554,4.046757630934595
45,Cameroon,815,Adamaoua,2004,0.0,29.14689932162389,59.635816904362414,0.1126944199204444,2.2402614903239377,0.0102445373535156,3.0223927383519142,3.981572789953859
45,Cameroon,815,Adamaoua,2005,0.0,29.61498212031973,67.2943480458221,0.0026155193336308,2.2325812802376945,0.0115718512284128,3.019052828867796,3.95825359827746
45,Cameroon,815,Adamaoua,2006,0.0,29.62308465622372,77.08457926212938,0.0037603196687996,2.240464963664319,0.0120899372229271,3.016283296756728,3.932276969971361
45,Cameroon,815,Adamaoua,2007,0.0,29.58903493805124,81.34628066196237,0.0064297481440007,2.237092230811634,0.0160628186209469,3.0121184392718394,4.009590395035282
45,Cameroon,815,Adamaoua,2008,0.0,24.8866646331864,85.89017872143818,0.0037906374782323,2.2354483168031067,0.0165107176145718,3.015458549800588,3.947044782741096
45,Cameroon,815,Adamaoua,2009,0.0,24.675328636649876,85.73520980342742,0.0102388439700007,2.235449341742758,0.0186732554015344,3.015027255195214,4.267154488512265
45,Cameroon,815,Adamaoua,2010,0.0,23.892631399496437,86.35616704469086,0.0050574322231113,2.7334388031761434,0.0190580594554649,2.9620435605067144,5.629662954679099
45,Cameroon,815,Adamaoua,2011,0.0,25.070291190201427,87.92302543507363,0.0019892458803951,3.0700477667331096,0.0192619224481106,2.290487387877675,5.98856624414324
45,Cameroon,815,Adamaoua,2012,0.0,27.213875786163523,89.53582469919786,0.0295022204518318,3.013000360324948,0.0198581671564833,2.364161589360587,4.4699687447777405
45,Cameroon,815,Adamaoua,2013,0.0,28.591332547169813,92.18535130173564,0.0044482955709099,3.190267131813417,0.0201170243557144,2.3460012120020965,4.37825107956442
45,Cameroon,815,Adamaoua,2014,0.0,29.303629454926625,94.56846572045151,0.0037316179368644,3.1804851284067084,0.0202870254996437,3.1838631747903565,5.066515837690903
45,Cameroon,815,Adamaoua,2015,0.0,29.864463275356243,96.40283526490066,0.0040899529121816,3.228464463930218,0.0201411395140885,3.179663351975063,5.179933257450331
45,Cameroon,815,Adamaoua,2016,0.0,28.678132855048176,94.29129318774446,0.0043800571002066,3.221098945787076,0.0196713278570283,2.8380651134399875,5.222222080752934
45,Cameroon,815,Adamaoua,2017,0.0,28.686950146627566,96.0456897262533,0.0044312262907624,3.2497254824308754,0.0192840889402149,2.711814851605048,5.423207788794525
45,Cameroon,815,Adamaoua,2018,0.0,28.469026923477895,84.00595616264295,0.1132801845669746,3.2457011702460385,0.0195239864855234,2.65889706265638,5.279614537007624
45,Cameroon,815,Adamaoua,2019,0.0,29.14860019262807,82.01843502964427,0.0035886107943952,3.277300636453561,0.0188662629482995,2.8476115095272805,5.532311480978261
45,Cameroon,815,Adamaoua,2020,0.0,28.91154950061779,34.508814700178995,0.0299551486968994,3.269020847276565,0.0179570102220312,2.809679713241351,5.088142923068317
45,Cameroon,815,Adamaoua,2021,0.0,29.352663721413723,86.80847566505442,0.0717299506068229,3.349957973297817,0.0174882583459548,2.834501283134096,5.091786247354897
45,Cameroon,816,Centre,2001,0.0,4.913862943194816,36.93932603809932,0.0,9.205506278593214,0.0036654184971536,8.315791942670606,6.824856692797517
45,Cameroon,816,Centre,2002,0.0,4.735277873713796,37.43266832081545,0.0,9.202329309975228,0.0036196082364767,8.303533042349466,7.180668253755365
45,Cameroon,816,Centre,2003,0.0,4.909921875,36.9874766292735,0.0,9.196056547619047,0.0032901898389909,8.304272321428572,7.566039830395299
45,Cameroon,816,Centre,2004,0.0,4.989439360119047,36.877154598252346,0.0,9.189364583333331,0.003957203205894,8.308973214285714,7.302967484548167
45,Cameroon,816,Centre,2005,0.0,5.080697172619048,41.72847902470188,0.0,9.196197916666666,0.0029437114986089,8.304386904761905,7.258903854344123
45,Cameroon,816,Centre,2006,0.0,5.076878720238096,47.3654803729924,0.0,9.18974255952381,0.0030599650409486,8.312105654761904,7.229366712013948
45,Cameroon,816,Centre,2007,0.0,5.075896786971831,50.17030658143939,0.0,9.17480728968405,0.0032975698510805,8.296368689331938,7.338660037878788
45,Cameroon,816,Centre,2008,0.0,4.270513388608679,52.78370573134954,0.0,9.187608548248951,0.0034666433930397,8.298416979920061,7.171617966785415
45,Cameroon,816,Centre,2009,0.0,4.222459302463851,52.49600252814846,0.0,9.178030167903348,0.0034357120415994,8.299407819634704,7.76465169542327
45,Cameroon,816,Centre,2010,0.0,4.091645320226322,52.62963239107884,0.0,11.278404633415748,0.0033713421400855,8.16090362305059,10.17062856587137
45,Cameroon,816,Centre,2011,0.0,4.300302069465577,53.52956115924093,0.0,12.619599003898822,0.003380691523061,6.280844368105743,10.789882748040428
45,Cameroon,816,Centre,2012,0.0,4.671252065305249,54.363540812141096,0.0,12.414469617725372,0.0030151333373326,6.49283235070369,7.923578176271534
45,Cameroon,816,Centre,2013,0.0,4.909513999500761,55.50145216112013,0.0,13.144609999049068,0.0034210433562596,6.447991453499429,7.877936821479301
45,Cameroon,816,Centre,2014,0.0,5.035148820844428,56.03643973214286,0.0,13.083827619817422,0.0034207573958805,8.761067955971852,8.930733816964286
45,Cameroon,816,Centre,2015,0.0,5.123443881791413,57.01023706896552,0.0,13.25190860087386,0.0030746774917299,8.703510875759878,9.053739254751177
45,Cameroon,816,Centre,2016,0.0,4.92403508355488,56.3890637197502,0.0,13.24462797901633,0.0035020394457711,7.802407246961641,9.226976452722482
45,Cameroon,816,Centre,2017,0.0,4.9137430324952565,56.29467489332816,0.0,13.339848197343454,0.0029721094189949,7.431934149667931,9.364649498157489
45,Cameroon,816,Centre,2018,0.0,4.894002617987112,49.50007454675573,0.0,13.432332140826384,0.003204695880413,7.313789743650493,9.329205182490458
45,Cameroon,816,Centre,2019,0.0,5.024102748458255,46.86688311688312,0.0,13.514302656546487,0.003419549902901,7.847205585863378,9.43656745368602
45,Cameroon,816,Centre,2020,0.0,5.022468690926276,21.613682659125768,0.0,13.596942934782607,0.0039028803939404,7.811974243856333,9.493504062020705
45,Cameroon,816,Centre,2021,0.0,5.068696988722517,51.04811634475219,0.0,13.843775172952997,0.0030428950082172,7.835057927407127,9.005667906113338
45,Cameroon,817,Est,2001,0.0,3.3472875042691257,28.31335335740372,0.0321993206938107,10.517469262295082,0.0079826233642441,1.532775545380806,1.717813154932354
45,Cameroon,817,Est,2002,0.0,3.2244007578337874,28.224268353174605,0.0249290040561131,10.485188181198913,0.0053233946523358,1.5238512751192097,1.7966739715091766
45,Cameroon,817,Est,2003,0.0,3.34495022509872,28.00409617279895,0.0687626451253891,10.465336286424291,0.0049474318511784,1.5268018801487608,1.892177105576544
45,Cameroon,817,Est,2004,0.0,3.404568526299673,28.607923211898395,0.0904260635375976,10.463076687534024,0.0036595575511455,1.5145225794859145,1.8669325884650736
45,Cameroon,817,Est,2005,0.0,3.4688734642638663,32.64892115612314,0.0422601625323295,10.44847424721316,0.0044824385217257,1.523649911636759,1.884583593221414
45,Cameroon,817,Est,2006,0.0,3.477170468411063,36.86544701360887,0.0313352963754108,10.407481824498372,0.0050130946480709,1.5158151225257592,1.8583610288558468
45,Cameroon,817,Est,2007,0.0,3.444315900040497,38.4366537318362,0.043065743786948,10.384666492305616,0.0051000465949376,1.5084277291019843,1.875955921813078
45,Cameroon,817,Est,2008,0.0,2.907782229194744,40.66604396850264,0.0521624939782278,10.36420042958221,0.0062504737423016,1.503014050918127,1.842904687242332
45,Cameroon,817,Est,2009,0.0,2.860059800678399,40.240293173265705,0.0311289504170417,10.33247414024718,0.0068548387951321,1.504121398105857,1.9930522179728405
45,Cameroon,817,Est,2010,0.0,2.766271763093482,40.26577465503247,0.0374519973993301,12.66905847639485,0.0062559920328634,1.4751068246211103,2.593834022422889
45,Cameroon,817,Est,2011,0.0,2.9038878805767685,41.21982915856031,0.0349515421049935,14.174297042470526,0.0069505309065183,1.134752279692524,2.7532292426637484
45,Cameroon,817,Est,2012,0.0,3.147386599809696,40.96809153200253,0.0478677377104759,13.880625667735044,0.0045591963732496,1.1713958479400377,1.9987027128386408
45,Cameroon,817,Est,2013,0.0,3.2824319095934853,41.434220499067166,0.0277028317962374,14.57124457925053,0.0050371160378327,1.151720208636785,1.944843652829602
45,Cameroon,817,Est,2014,0.0,3.3421378233609795,41.45658671307506,0.0297777752081553,14.458110148433386,0.0047439306974411,1.5587117705864928,2.204189051150121
45,Cameroon,817,Est,2015,0.0,3.373132158742831,41.67467841785291,0.0317960754036903,14.524683915537018,0.0081157853891109,1.540509395977255,2.210850472410661
45,Cameroon,817,Est,2016,0.0,3.176389284168163,39.425524667327295,0.0259120278060436,14.24731432786044,0.0074889063835144,1.3652931240780528,2.1583670835397792
45,Cameroon,817,Est,2017,0.0,3.146261160714286,39.3510983043722,0.0682897567749023,14.26437141262755,0.0070588915393902,1.2829029316804847,2.191380248476037
45,Cameroon,817,Est,2018,0.0,3.0658480060634328,35.563011793113105,0.0193849444389343,13.996014070273633,0.0067120686173439,1.2256110803404852,2.215082149356103
45,Cameroon,817,Est,2019,0.0,3.120651320135816,33.47560341512864,0.0248486300309499,13.970384325835791,0.0066940651408263,1.3082701496435596,2.2310268052205675
45,Cameroon,817,Est,2020,0.0,3.047949125610992,15.65431664791901,0.0188946702650615,13.631915571351932,0.0071496963500976,1.26763051569206,2.244271345964567
45,Cameroon,817,Est,2021,0.0,3.1595720819815134,36.643320980235046,0.0090870317071676,14.204826571682174,0.007083281301535,1.2995982081369368,2.121548122829861
45,Cameroon,818,ExtrÃªme - Nord,2001,0.0,50.16163406317301,259.64094248911465,0.0,37.45862683955492,0.2628791190186423,43.4552786252692,11.716463794902031
45,Cameroon,818,ExtrÃªme - Nord,2002,0.0,48.59563442211055,260.8872322076979,0.0,37.36215676597272,0.268150663683933,43.41343996769562,12.284397410584605
45,Cameroon,818,ExtrÃªme - Nord,2003,0.0,50.1810110821967,260.6811229121278,0.0,37.59871904163676,0.2683495427752602,43.665116879038045,12.949193218954248
45,Cameroon,818,ExtrÃªme - Nord,2004,0.0,51.11945329325197,261.1076919577875,0.0,37.7853020683776,0.1470750314420876,43.88740017049533,12.557755071870451
45,Cameroon,818,ExtrÃªme - Nord,2005,0.0,52.229669553122754,295.1964838064047,0.0,37.75941650215363,0.1664911559050834,43.494402817659726,12.514396834061136
45,Cameroon,818,ExtrÃªme - Nord,2006,0.0,52.24707241564968,337.7234124818049,0.0,37.12215934583632,0.1720996755365836,43.8029713298636,12.56088803220524
45,Cameroon,818,ExtrÃªme - Nord,2007,0.0,52.22713455671213,358.11469705240177,0.0,37.932483286970566,0.2340941199790806,43.790548725771714,12.88067742449054
45,Cameroon,818,ExtrÃªme - Nord,2008,0.0,44.11126503050969,378.41038937409024,0.0,37.87004778356066,0.2408981816167893,43.89077642677674,12.61806455831514
45,Cameroon,818,ExtrÃªme - Nord,2009,0.0,43.70463646356784,375.7490902474527,0.0,37.77923658470926,0.2687903498028647,43.98226904612348,13.689591009370451
45,Cameroon,818,ExtrÃªme - Nord,2010,0.0,42.38731043610912,379.81281841339154,0.0,46.30614848797559,0.2726437362594221,43.34788339016511,18.02170328420669
45,Cameroon,818,ExtrÃªme - Nord,2011,0.0,44.78640131460876,387.8629002911208,0.0,51.54749192390524,0.2769241716394472,33.67759556712132,19.181718806859536
45,Cameroon,818,ExtrÃªme - Nord,2012,0.0,48.432845028715,395.3034934497817,0.0,50.90134265075377,0.2850457908263415,34.79477465452261,14.17534911754003
45,Cameroon,818,ExtrÃªme - Nord,2013,0.0,50.97158224156497,408.9324053857351,0.0,53.78681914034458,0.2930759449100973,34.54990073133525,14.221321472434498
45,Cameroon,818,ExtrÃªme - Nord,2014,0.0,52.22219916547021,420.69350436681225,0.0,54.18992843682699,0.2940963449361764,46.61191560480977,16.48567566184498
45,Cameroon,818,ExtrÃªme - Nord,2015,0.0,53.21963051866475,429.3759552401747,0.0,54.92393889088299,0.3049331960794486,46.91147141959799,16.826242949417757
45,Cameroon,818,ExtrÃªme - Nord,2016,0.0,51.21115061916726,427.22530021834064,0.0,55.0379127781766,0.2911277053515345,41.94693893575018,17.34649773699054
45,Cameroon,818,ExtrÃªme - Nord,2017,0.0,51.22952934314429,429.9684770742358,0.0,55.4792096643934,0.2835765436067054,39.98792231245513,17.642578125
45,Cameroon,818,ExtrÃªme - Nord,2018,0.0,51.12616093862168,387.669299201162,0.0,56.00540649676956,0.3086583780369481,39.93557071069634,17.97480794980029
45,Cameroon,818,ExtrÃªme - Nord,2019,0.0,52.563010364321606,366.9571305374001,0.0,56.4296145908112,0.2839203866710786,42.8477291591888,18.130804057734206
45,Cameroon,818,ExtrÃªme - Nord,2020,0.0,52.70694431981335,169.46700380986937,0.0,56.98547424623116,0.2763151345454953,42.65535265613783,18.15890330188679
45,Cameroon,818,ExtrÃªme - Nord,2021,0.0,53.07136127063891,420.7049745824256,0.0,57.99810436109117,0.2814347704622442,42.90084350323044,18.101152584876544
45,Cameroon,819,Littoral,2001,0.0,3.3977834482331573,486.2935267857143,0.0,10.767129190059444,0.0032010929323337,9.237468522952444,4.339955232581314
45,Cameroon,819,Littoral,2002,0.0,3.282888999545905,479.9145408163265,0.0,10.809765754004292,0.0035051701237277,9.059908948769817,4.613299622827647
45,Cameroon,819,Littoral,2003,0.0,3.4192949141347424,487.3061784351145,0.0,10.82461092305152,0.0032579091359984,9.096620990546564,4.8946632598799305
45,Cameroon,819,Littoral,2004,0.0,3.471360401874174,483.8255208333333,0.0,10.80113988193527,0.0032339846265727,9.031993064729194,4.618118440261995
45,Cameroon,819,Littoral,2005,0.0,3.523150142936757,564.351500984252,0.0,10.915293200957729,0.0037032487300726,9.118385304862946,4.797883601952099
45,Cameroon,819,Littoral,2006,0.0,3.489595357849604,630.9073893229166,0.0,10.859591441292876,0.0032346324153142,9.075775710133575,4.687221209208171
45,Cameroon,819,Littoral,2007,0.0,3.5018384626484167,668.4482954545455,0.0,10.732794205557388,0.0034684974547715,9.07185850923483,4.683019860998376
45,Cameroon,819,Littoral,2008,0.0,2.9508568756184035,704.3722545219638,0.0,10.842898406579817,0.0035057512489525,9.080988337937006,4.72976408571544
45,Cameroon,819,Littoral,2009,0.0,2.937542837339215,704.6148518041238,0.0,10.837819766243404,0.0033507645130157,9.173489291309366,5.158179214320232
45,Cameroon,819,Littoral,2010,0.0,2.8421450966282893,693.5874681933842,0.0,13.430687191611842,0.0035761558428043,8.928202097039474,6.588393815601145
45,Cameroon,819,Littoral,2011,0.0,2.984322317023026,704.8620580808081,0.0,14.901296515213817,0.0034639412663372,6.861833753083881,6.990932271938132
45,Cameroon,819,Littoral,2012,0.0,3.217989951685855,710.52328125,0.0,14.511137952302631,0.0033658111304567,7.048705412212171,5.180108642578125
45,Cameroon,819,Littoral,2013,0.0,3.407628109580592,733.0956064356436,0.0,15.4650146484375,0.0036493102709452,7.0916484631990135,5.2109193707456685
45,Cameroon,819,Littoral,2014,0.0,3.4928659539473683,756.1587837837837,0.0,15.198634097450658,0.0036650768505251,9.530835603412829,5.958180570485258
45,Cameroon,819,Littoral,2015,0.0,3.566872687088816,752.5943538647343,0.0,15.682730263157897,0.0032828684068388,9.588235634251644,5.919958437122585
45,Cameroon,819,Littoral,2016,0.0,3.4122280855791285,735.6867523923445,0.0,15.404317353374836,0.0035007183730837,8.547815725344037,5.942944102310108
45,Cameroon,819,Littoral,2017,0.0,3.4100488792539267,738.8085376794259,0.0,15.52250311886453,0.0039902080429924,8.062415637270943,6.167144629373505
45,Cameroon,819,Littoral,2018,0.0,3.4049001963350785,605.5603058510638,0.0,15.653903182264395,0.0035537728108465,7.936961868046466,5.652116231715426
45,Cameroon,819,Littoral,2019,0.0,3.4768663975580822,573.6991604477612,0.0,15.846776832460732,0.0032229743978028,8.564288234211388,5.678677621934968
45,Cameroon,819,Littoral,2020,0.0,3.494581611992801,261.8950515327696,0.0,15.856130869600785,0.0033280092936295,8.467060188972512,5.655204272925476
45,Cameroon,819,Littoral,2021,0.0,3.491222441508508,616.2388392857143,0.0,16.176168551619764,0.0032593499263519,8.506522772823953,5.407100132533482
45,Cameroon,820,Nord,2001,0.0,6.557467532467532,81.0764933880529,0.0403947830200195,8.672149669526902,0.0132092891972957,6.849581835575139,2.7923751531862746
45,Cameroon,820,Nord,2002,0.0,6.336109983766233,81.48658984731085,0.0558951050043106,8.684344561688311,0.0133243411596567,6.868009334415585,2.9457489264043986
45,Cameroon,820,Nord,2003,0.0,6.56932542903525,81.48420400136798,0.0269981566816568,8.67121187963822,0.012882703291502,6.854468634044527,3.0972828584558822
45,Cameroon,820,Nord,2004,0.0,6.658374884044527,81.13855970829535,0.0087038855999708,8.686788323283858,0.0085003100284913,6.850721822820037,3.0042144858848
45,Cameroon,820,Nord,2005,0.0,6.79519002203154,91.69710004557884,0.0320451669394969,8.694724025974025,0.0094439772360575,6.843323863636364,2.983418244715702
45,Cameroon,820,Nord,2006,0.0,6.777314036410019,105.20155182232348,0.004750792402774,8.709403988868274,0.0089379246613397,6.860214227736549,2.994761487400342
45,Cameroon,820,Nord,2007,0.0,6.799583285018553,111.24283171981776,0.0073355138301849,8.711904278756958,0.0121213157504212,6.874924628942486,3.06052774416287
45,Cameroon,820,Nord,2008,0.0,5.758626724837662,117.80321753986333,0.0310361478477716,8.72795396567718,0.0125148785371163,6.879339633580705,3.0076857025911163
45,Cameroon,820,Nord,2009,0.0,5.696755058557514,116.87964834851935,0.0334814824163913,8.701569747217068,0.0129988906729934,6.8870412511595545,3.2691969052534167
45,Cameroon,820,Nord,2010,0.0,5.527857577690167,117.14715261958996,0.0532696843147277,10.681045628478664,0.013238650560379,6.796525684137292,4.290799846953303
45,Cameroon,820,Nord,2011,0.0,5.850399684021336,119.84735193621869,0.0,11.948822327226344,0.013146601496516,5.271541628014842,4.558797960563782
45,Cameroon,820,Nord,2012,0.0,6.304070761827458,122.39476082004556,0.0067466394975781,11.766975881261596,0.01347720408266,5.46242825255102,3.3788388471668567
45,Cameroon,820,Nord,2013,0.0,6.622770031307978,125.69522711748634,0.0359671227633953,12.472991071428572,0.0147431654652005,5.431605113636364,3.4005627241290983
45,Cameroon,820,Nord,2014,0.0,6.793092677411874,129.90514053254438,0.011084864847362,12.44074965213358,0.0140156481001112,7.324054238172541,3.932742980484752
45,Cameroon,820,Nord,2015,0.0,6.905796324211503,132.3586072565969,0.0649902820587158,12.622614216141002,0.0157574989812837,7.287191268552876,4.048004400307097
45,Cameroon,820,Nord,2016,0.0,6.65550788497217,132.2861527967258,0.0401074551045894,12.613433441558442,0.0143425900963742,6.610749072356216,4.121872690711687
45,Cameroon,820,Nord,2017,0.0,6.669299339053803,132.7172131147541,0.0791591554880142,12.71858766233766,0.0141835751485861,6.302919179035251,4.219608272142532
45,Cameroon,820,Nord,2018,0.0,6.663033052438799,120.71405117753623,0.0053233746439218,12.81619615866098,0.0161211761687028,6.225942368323442,4.264914250028307
45,Cameroon,820,Nord,2019,0.0,6.818194138450835,114.61193530951296,0.070616528391838,12.923131667439703,0.0135739557274944,6.650485563543599,4.318690970641784
45,Cameroon,820,Nord,2020,0.0,6.88142185762602,52.64201216764308,0.0135821560397744,13.0208936596553,0.0137987177173067,6.672311521265752,4.295075026757549
45,Cameroon,820,Nord,2021,0.0,6.931361607142857,129.58895104497955,0.0828799158334732,13.305432513914656,0.0153842456524188,6.7202856852968464,4.33410727723194
45,Cameroon,821,Nord - Ouest,2001,0.0,41.69894647937411,104.93629863029466,0.0,19.977659917318636,0.3019024562700035,13.940507479107398,21.191424234576427
45,Cameroon,821,Nord - Ouest,2002,0.0,40.29146014847084,104.6614439456722,0.0,19.904559421674964,0.3106466757284628,13.925722906294451,22.492915875345304
45,Cameroon,821,Nord - Ouest,2003,0.0,41.670485864153626,103.96321794429096,0.0,19.911817656472262,0.3108003488814678,14.025753189455903,23.88824743899632
45,Cameroon,821,Nord - Ouest,2004,0.0,42.47308410384069,105.8584746747212,0.0,19.97378978485064,0.1653765139844305,13.9787073257468,23.36941834630576
45,Cameroon,821,Nord - Ouest,2005,0.0,43.32873066322902,118.84705023364486,0.0,19.9670663673542,0.1882052251997577,13.99760235152916,23.30033038843458
45,Cameroon,821,Nord - Ouest,2006,0.0,43.15881156650071,132.3067464953271,0.0,19.982658028093883,0.1975743170313611,14.022195612553343,23.211561769859813
45,Cameroon,821,Nord - Ouest,2007,0.0,43.08794341216216,145.46279205607476,0.0,19.949549364331435,0.2647984858766558,13.992519503467284,23.8541015625
45,Cameroon,821,Nord - Ouest,2008,0.0,36.19334826191323,152.83923773364486,0.0,19.93348817567568,0.273597076980352,13.972779883090327,23.42009710864486
45,Cameroon,821,Nord - Ouest,2009,0.0,35.933257579125176,151.90309579439253,0.0,19.997834337215505,0.3099774161239776,14.041449035384067,25.289997079439253
45,Cameroon,821,Nord - Ouest,2010,0.0,34.84971217105263,151.98536429236498,0.0,24.507079036273115,0.3150288132820835,13.739671774982218,33.27373574255121
45,Cameroon,821,Nord - Ouest,2011,0.0,36.70901215771693,156.40645367783986,0.0,27.397737375533428,0.3193991865915052,10.64831108863798,35.3606843575419
45,Cameroon,821,Nord - Ouest,2012,0.0,39.73820068012091,159.4292364990689,0.0,26.98753389491465,0.3288428359486131,11.019096450480085,26.33755419285382
45,Cameroon,821,Nord - Ouest,2013,0.0,41.65723350817923,163.8582984171322,0.0,28.43774448790896,0.3338452009523915,10.905183143669984,26.202024775954374
45,Cameroon,821,Nord - Ouest,2014,0.0,42.8692156383357,168.99004888268158,0.0,28.34560032894737,0.3371682960651338,14.884473906472262,30.428810957867785
45,Cameroon,821,Nord - Ouest,2015,0.0,43.55483197012802,167.82250931098696,0.0,28.841419030049785,0.3341294528749555,14.83596389358108,31.201037302141525
45,Cameroon,821,Nord - Ouest,2016,0.0,41.90176586948791,172.66934871495326,0.0,28.77467105263158,0.3284758002117043,13.157083481507824,32.030081775700936
45,Cameroon,821,Nord - Ouest,2017,0.0,41.79418563300142,173.5624853424015,0.0,29.075152249288763,0.3196182576555276,12.66648654205192,32.97571235928705
45,Cameroon,821,Nord - Ouest,2018,0.0,41.67739264758179,154.57900264732965,0.0,29.189861530938835,0.3251959202469328,12.507320745910384,32.75520473641805
45,Cameroon,821,Nord - Ouest,2019,0.0,42.82287128822902,147.6894348030019,0.0,29.45416685188478,0.3167596982519114,13.404466349573257,33.689332199812384
45,Cameroon,821,Nord - Ouest,2020,0.0,43.01282450213371,65.331436353211,0.0,29.696601618065436,0.3051204762791163,13.293402160384067,33.28457927178899
45,Cameroon,821,Nord - Ouest,2021,0.0,43.18336037517781,158.91835252192982,0.0,30.137068812233284,0.2929111442728707,13.34073557521337,31.52179961622807
45,Cameroon,822,Ouest,2001,0.0,37.47098664314516,717.6750629722922,0.0,22.962789118503583,0.0220681401086666,15.116991487455197,11.324994834304157
45,Cameroon,822,Ouest,2002,0.0,36.23257588485663,717.4763449367089,0.0,23.00306444612455,0.0225544575086829,15.153910100246415,12.089230617088608
45,Cameroon,822,Ouest,2003,0.0,37.523370995743726,733.2915609137056,0.0,23.000343021953405,0.0226602074915887,15.076341635864695,12.886983958597716
45,Cameroon,822,Ouest,2004,0.0,38.19318086357527,715.3523017902813,0.0,23.0215333781362,0.0120695506622644,15.09684069780466,12.45687889625959
45,Cameroon,822,Ouest,2005,0.0,38.94324036738351,825.2716968911917,0.0,22.991107680891577,0.0138360081816748,15.11871359767025,12.626970834682645
45,Cameroon,822,Ouest,2006,0.0,38.77402553763441,953.658424613402,0.0,22.98176033266129,0.0143950980344264,15.098610061043908,12.503440620972938
45,Cameroon,822,Ouest,2007,0.0,38.75148759520609,1006.5689102564104,0.0,22.989662088373656,0.0192812503561297,15.088697426635305,12.707421875
45,Cameroon,822,Ouest,2008,0.0,32.60716635864696,1058.926282051282,0.0,23.05477500560036,0.0199378731006779,15.147352430555555,12.59398913261218
45,Cameroon,822,Ouest,2009,0.0,32.35369763664875,1046.0556891025642,0.0,23.020037032370077,0.0226166017593876,15.139354418682796,13.57704827724359
45,Cameroon,822,Ouest,2010,0.0,31.29617495519713,1063.3110576923077,0.0,28.26876995127688,0.0229504960229623,14.87083473342294,17.878266476362178
45,Cameroon,822,Ouest,2011,0.0,32.895308299731184,1071.580915178571,0.0,31.69082521281362,0.0230604636626431,11.497947118615592,18.894770408163264
45,Cameroon,822,Ouest,2012,0.0,35.78737189180107,1090.9763449367088,0.0,31.13805933579749,0.0239685561969421,11.840500042002688,13.881075702136076
45,Cameroon,822,Ouest,2013,0.0,37.45252996191756,1116.5230056532664,0.0,32.87512950828853,0.0242106576368239,11.76502471158154,13.814276460427136
45,Cameroon,822,Ouest,2014,0.0,38.44730062724015,1148.095942982456,0.0,32.73224686379928,0.0248633593214028,16.030262936827956,15.98557183975564
45,Cameroon,822,Ouest,2015,0.0,39.11786654345878,1180.9022556390978,0.0,33.281032986111114,0.0243654559287819,15.938721578181005,16.36616443452381
45,Cameroon,822,Ouest,2016,0.0,37.60768789202509,1152.0564365671642,0.0,33.179911514336915,0.0240822180197657,14.236749901993727,16.59530229710821
45,Cameroon,822,Ouest,2017,0.0,37.59732722894265,1176.1336287313434,0.0,33.47221522177419,0.0232917128174266,13.60180926579301,17.0102733403296
45,Cameroon,822,Ouest,2018,0.0,37.47020259296595,1056.208462252475,0.0,33.667093693996414,0.0237060474964189,13.414973433299732,17.203070612237006
45,Cameroon,822,Ouest,2019,0.0,38.42827340949821,995.1984881546134,0.0,33.94099672379032,0.0229411407689859,14.404425508232526,17.388399119389028
45,Cameroon,822,Ouest,2020,0.0,38.60742887544803,444.479179400978,0.0,34.16921832997312,0.0223318884145849,14.32343995015681,17.315685169621027
45,Cameroon,822,Ouest,2021,0.0,38.80626260080645,1041.0450748847927,0.0,34.78317512320788,0.0211289569895754,14.362547953068995,16.144038468461982
45,Cameroon,823,Sud,2001,0.0,2.2525114928784014,24.37726862980769,1.2170591735839844,6.17583240327381,0.0,7.0601775085034015,0.9294626089242788
45,Cameroon,823,Sud,2002,0.0,2.1783056972789114,24.310978408365266,1.4144387817382813,6.181705064838435,0.0,7.069997608418367,0.9854694234913792
45,Cameroon,823,Sud,2003,0.0,2.2486660289115648,24.217272093949045,1.5891232299804687,6.156645275297619,0.0,7.021388711734694,1.025730089321258
45,Cameroon,823,Sud,2004,0.0,2.2931637303358845,24.178781666931386,1.198834228515625,6.168755314625851,0.0,7.062687340561224,0.9937264855662326
45,Cameroon,823,Sud,2005,0.0,2.327222842261905,27.144264914772727,1.3752096557617188,6.143740699404762,0.0,7.024224728954081,0.97640205152107
45,Cameroon,823,Sud,2006,0.0,2.3310563483205784,30.814029171894603,1.3880744934082032,6.1349675807823125,0.0,7.025920758928572,0.9749442642575674
45,Cameroon,823,Sud,2007,0.0,2.325297619047619,32.4874717150437,1.507686309814453,6.133161272321429,0.0,7.000026573129252,0.9885726338171036
45,Cameroon,823,Sud,2008,0.0,1.9543956598402448,34.12202057453416,1.3959422302246094,6.124827392080218,0.0,7.019855885664514,0.965172050902562
45,Cameroon,823,Sud,2009,0.0,1.9358232136408056,33.80507330246913,2.1516485595703125,6.132775322909585,0.0,7.014549519884432,1.0372734917534725
45,Cameroon,823,Sud,2010,0.0,1.8783721923828125,33.79641798799261,1.4497250366210936,7.533388220745584,0.0,6.914441316024117,1.369364320350985
45,Cameroon,823,Sud,2011,0.0,1.967575839287229,34.10591728052855,1.6962330627441409,8.463415345149254,0.0,5.306441867367707,1.4450366181272782
45,Cameroon,823,Sud,2012,0.0,2.137741358018148,34.52794001652644,1.507021484375,8.28196088979817,0.0,5.495820126992877,1.0512104034423828
45,Cameroon,823,Sud,2013,0.0,2.235847416554282,34.94692935583726,2.0520748901367187,8.727733321392448,0.0,5.412926250105361,1.034739224415905
45,Cameroon,823,Sud,2014,0.0,2.2798616852603817,34.635984942536886,2.036412658691406,8.589330286126925,0.0,7.303633754395513,1.1545748239748863
45,Cameroon,823,Sud,2015,0.0,2.31176806640625,34.71222073357461,2.71436767578125,8.721970703125,0.0,7.2544375,1.1592427616926504
45,Cameroon,823,Sud,2016,0.0,2.206785491478214,33.393259203996784,1.7873014831542968,8.666748208664679,0.0,6.4557356382538105,1.1471431879526557
45,Cameroon,823,Sud,2017,0.0,2.188558638723273,33.104821124081845,1.76228271484375,8.6240966796875,0.0009914621477946,6.099569541529605,1.1510207025101653
45,Cameroon,823,Sud,2018,0.0,2.1549765268961587,29.471535537941783,1.8442564392089844,8.609706242879232,0.0,5.943382898966472,1.155208595577248
45,Cameroon,823,Sud,2019,0.0,2.2068029421003565,27.699965115524403,1.78760009765625,8.701090811446173,0.0,6.364712528372244,1.1682381159543744
45,Cameroon,823,Sud,2020,0.0,2.20534893644958,12.87532045041537,1.7893479919433597,8.69064999797996,0.0,6.347257292340013,1.1681104681821133
45,Cameroon,823,Sud,2021,0.0,2.2214978470085818,30.13014444308145,2.037059783935547,8.834090000607189,0.0,6.333784508581606,1.101318359375
45,Cameroon,824,Sud - Ouest,2001,0.0,5.130504861894025,228.9594523111979,0.0,11.50615223365276,0.0187763328283605,8.998356798724634,15.997664133707682
45,Cameroon,824,Sud - Ouest,2002,0.0,4.969942966113611,229.9204769736842,0.0,11.46331684125422,0.0198170001690204,8.97640871062992,16.80813630756579
45,Cameroon,824,Sud - Ouest,2003,0.0,5.164087765396513,220.2889802631579,0.0,11.471180970542743,0.0192922459301729,8.938248075435883,17.58582185444079
45,Cameroon,824,Sud - Ouest,2004,0.0,5.205758093714848,220.79990183246076,0.0,11.526022259912825,0.0147350161094365,8.934090269966255,16.872187909031414
45,Cameroon,824,Sud - Ouest,2005,0.0,5.363332330040776,263.7224692486702,0.0,11.476009956763216,0.0138549437889686,8.996162405968786,17.73500093500665
45,Cameroon,824,Sud - Ouest,2006,0.0,5.268998031530583,300.041015625,0.0,11.464729762906844,0.0146867296264995,8.923527812850729,17.67923817736037
45,Cameroon,824,Sud - Ouest,2007,0.0,5.273639169472503,313.1139632936508,0.0,11.471899989478114,0.0171649328670146,8.912837686763469,18.04171058614418
45,Cameroon,824,Sud - Ouest,2008,0.0,4.453150756698934,330.5844080687831,0.0,11.55541635977834,0.017194709214777,8.926857003191639,17.583819031084655
45,Cameroon,824,Sud - Ouest,2009,0.0,4.398775351167929,324.1818163029101,0.0,11.397971687359709,0.0187915610138481,8.907393159020764,19.18023132647156
45,Cameroon,824,Sud - Ouest,2010,0.0,4.237742937692469,341.5410361842105,0.0,14.048909049552073,0.018148586779799,8.791530152050672,24.95229749177632
45,Cameroon,824,Sud - Ouest,2011,0.0,4.510064322189246,309.66842022613065,0.0,15.749818872206705,0.0189587827082033,6.745847699895252,25.300069684359297
45,Cameroon,824,Sud - Ouest,2012,0.0,4.824857607367319,325.966875,0.0,15.460778194832402,0.0199546583608728,6.969507245111732,18.83574462890625
45,Cameroon,824,Sud - Ouest,2013,0.0,5.08826037026726,339.178359375,0.0,16.26359575097439,0.0194714849496134,6.884973334841314,18.62909057617188
45,Cameroon,824,Sud - Ouest,2014,0.0,5.263679462056049,345.2428063118812,0.0,16.17160403371254,0.0197431000796231,9.305658643174253,21.504740195699256
45,Cameroon,824,Sud - Ouest,2015,0.0,5.2679934073920265,348.6287313432836,0.0,16.382895772771317,0.0191868817684739,9.291943521594684,22.06916831856343
45,Cameroon,824,Sud - Ouest,2016,0.0,5.059575173707135,343.95258084577114,0.0,16.43668439746958,0.0190189592370159,8.343827779314159,22.385076570273636
45,Cameroon,824,Sud - Ouest,2017,0.0,5.024285285027473,356.55984375,0.0,16.542348471840658,0.018932910582727,7.873277601304945,23.12572509765625
45,Cameroon,824,Sud - Ouest,2018,0.0,5.029252972519188,263.41975308641975,0.0,16.597324304413377,0.0186001371356085,7.741234494928728,19.53875305426955
45,Cameroon,824,Sud - Ouest,2019,0.0,5.137175978275767,230.737890625,0.0,16.53479646381579,0.0174906433156106,8.284475226151315,18.203521259014423
45,Cameroon,824,Sud - Ouest,2020,0.0,5.144303136111871,99.64510359432236,0.0,16.661685200697484,0.0167679416631119,8.220160352844639,17.730912316849818
45,Cameroon,824,Sud - Ouest,2021,0.0,5.145689647795728,202.017725641994,0.0,17.000592569140196,0.0168930183022709,8.283878054832968,14.44991503021148
50,Chad,870,Biltine,2001,0.0,3.3709950963726687,12.634870843855218,0.0,15.609761808947605,0.4742774218056172,10.85833946214476,0.0
50,Chad,870,Biltine,2002,0.0,3.5493057820132106,12.620799139968488,0.0,16.771491313277085,0.4870743692238843,11.85654418294849,0.0
50,Chad,870,Biltine,2003,0.0,3.730221140236457,12.581041557247898,0.0,17.718205345248666,0.4980453030465974,12.68883214920071,0.0
50,Chad,870,Biltine,2004,0.0,3.9072144205150976,13.063244752209595,0.0,18.973728213809945,0.5084230683836589,13.674032804174068,0.0
50,Chad,870,Biltine,2005,0.0,4.11863976812278,13.212016165155989,0.0,20.09248896813943,0.5112998515208703,14.750350382992895,0.0
50,Chad,870,Biltine,2006,0.0,4.280805082981794,13.134350627107926,0.0,21.329325321936057,0.5148919276615231,15.876356433170516,0.0
50,Chad,870,Biltine,2007,0.0,4.493879572324601,13.587144616884483,0.0,22.427671930506214,0.7242555228685613,17.117697463365896,0.0
50,Chad,870,Biltine,2008,0.0,4.705049938249334,13.739927243623525,0.0,24.059833967029306,0.7419650414908969,18.5356107071492,0.0
50,Chad,870,Biltine,2009,0.0,5.0858325585590585,13.868919951517707,0.0,25.353283192717583,0.7600556775054118,19.826125041629663,0.0
50,Chad,870,Biltine,2010,0.0,5.296323406971581,13.989050313553962,0.0,26.552401337699823,0.7839897521647424,21.58272334313943,0.0
50,Chad,870,Biltine,2011,0.0,5.634078735568384,14.121286427592748,0.0,28.51001193383659,0.7902515472357904,23.232735832038188,0.0
50,Chad,870,Biltine,2012,0.0,5.836215464725799,14.945907000948566,0.0,30.43303174955595,0.8094490010615564,25.37186910246448,0.0
50,Chad,870,Biltine,2013,0.0,6.426841071825044,15.887576741673692,0.0,32.475584202930726,0.8211096971962423,27.65858819937833,0.0
50,Chad,870,Biltine,2014,0.0,6.75578782401754,16.05321853920742,0.0,34.65112261323268,0.8388057187014321,29.493575155417407,0.0
50,Chad,870,Biltine,2015,0.0,6.957764105517318,15.482451517706576,0.0,36.58201043516874,2.003628068453042,31.86778072269094,0.0
50,Chad,870,Biltine,2016,0.0,7.5305110734902305,15.444837371106903,0.0,38.94846594693605,2.084629201126776,34.40517456705151,0.0
50,Chad,870,Biltine,2017,0.0,7.802410010546181,15.648523134485666,0.0,41.164322685390765,2.1703154054035303,37.012669293960926,0.0
50,Chad,870,Biltine,2018,0.0,8.230278814664743,15.526035090488216,0.0,43.79475882548846,2.26859675080484,40.13544210701598,0.0
50,Chad,870,Biltine,2019,0.0,8.874745018317052,16.212860881979694,0.0,46.85503857682061,2.3745583352991786,42.7526781749556,0.0
50,Chad,870,Biltine,2020,0.0,9.079927217473356,15.70290506827731,0.0,49.34893636212256,2.4702892134075265,46.796250555062166,0.0
50,Chad,870,Biltine,2021,0.0,9.489729615341918,15.738342893480066,0.0,53.05683836589698,2.5898619629773534,50.31376276642984,0.0
50,Chad,873,Guera,2001,0.0,19.411476761524465,8.293779706621503,0.0,6.484049610796603,1.0729462175874445,4.391063327689042,0.0032934327668781
50,Chad,873,Guera,2002,0.0,20.44368713354225,8.267512452237991,0.0,6.693545762990295,1.0956383630711686,4.721970326400121,0.0043873877673825
50,Chad,873,Guera,2003,0.0,21.50045983768204,8.238999385917031,0.0,7.096808473654935,1.1225711365733717,5.118580444730987,0.0047218583293796
50,Chad,873,Guera,2004,0.0,22.6592033904733,8.565294901529947,0.0,7.607292298745954,1.1502537403291868,5.51634478028924,0.0046077122198087
50,Chad,873,Guera,2005,0.0,23.889307114684467,8.539033677842882,0.0,7.989072139209142,1.160183607181685,5.9635586537975325,0.0053771622015781
50,Chad,873,Guera,2006,0.0,25.166614520125403,8.616149108304423,0.0,8.47384692935882,1.1671517875202266,6.421802310881877,0.0048854592426632
50,Chad,873,Guera,2007,0.0,26.546508394012942,8.885188745667245,0.0,9.076266686893204,1.6469752240721076,6.9354915680622975,0.0078204568003264
50,Chad,873,Guera,2008,0.0,27.92672304813916,8.952488882731402,0.0,9.601878539644012,1.6849961759203074,7.499917829692556,0.0121350121372844
50,Chad,873,Guera,2009,0.0,29.422484956512942,9.015195008380193,0.0,10.183871864886733,1.727041497585457,8.099805319579287,0.009049261661998
50,Chad,873,Guera,2010,0.0,31.00226284385113,9.08763719182526,0.0,10.813845538784385,1.7660998495651294,8.722753432190533,0.0091865770846133
50,Chad,873,Guera,2011,0.0,32.60789593446602,9.171145743301642,0.0,11.500883330805015,1.7956240755840414,9.473010214401295,0.0091794842167904
50,Chad,873,Guera,2012,0.0,34.43920029328479,9.359881428262748,0.0,12.293591348098705,1.8246057010391383,10.294545787823624,0.0113001437613091
50,Chad,873,Guera,2013,0.0,36.18274552668823,9.849842332000865,0.0,13.049666081176708,1.8334577894384352,11.006918469470278,0.0092676355127702
50,Chad,873,Guera,2014,0.0,38.09543065103114,9.98190283919327,0.0,13.851139178123736,1.8868822343813183,11.83067677795188,0.010411253358265
50,Chad,873,Guera,2015,0.0,40.21831404164982,9.654407254367989,0.0,14.672014001213102,4.517610505964416,12.801514165487262,0.0085641526426944
50,Chad,873,Guera,2016,0.0,42.23303977272728,9.34434004070378,0.0,15.65618529040404,4.716427951388889,13.780849116161615,0.0097171218189972
50,Chad,873,Guera,2017,0.0,44.565436792643496,9.590953327047414,0.0,16.633884587206953,4.921441980977162,14.9700036630962,0.0094950544480461
50,Chad,873,Guera,2018,0.0,46.77531565656566,9.554482346818958,0.0,17.653963068181817,5.119184816919192,16.139068813131313,0.009180579283466
50,Chad,873,Guera,2019,0.0,49.298463394300725,10.038613331718349,0.0,18.75940089430073,5.335375404203719,17.3611102339329,0.0098408996435823
50,Chad,873,Guera,2020,0.0,51.870841326736674,9.674442011818568,0.0,19.937566261106625,5.567282237606018,18.94718358743942,0.0123680335323826
50,Chad,873,Guera,2021,0.0,53.599850949878736,9.880327542077616,0.0,21.165699840844784,5.801308214809014,20.19909875202102,0.0096808511757309
50,Chad,875,Lac,2001,0.0,11.772054991064882,17.035565968686356,0.0,121.8757560483871,1.2903192693536931,84.30072397360703,0.0241501472189337
50,Chad,875,Lac,2002,0.0,12.30372525659824,16.971311211340208,0.0,128.28596957478007,1.3267743510584675,92.2223584127566,0.026420905192693
50,Chad,875,Lac,2003,0.0,13.05023282853739,16.50662320085581,0.0,138.03509897360703,1.3441924601356303,99.35238728005864,0.0319779314085122
50,Chad,875,Lac,2004,0.0,13.898600737719942,17.89470346537863,0.0,144.40356946480938,1.3833965402194832,107.83271856671554,0.0399979373156014
50,Chad,875,Lac,2005,0.0,14.658473755956743,17.531867203742205,0.0,153.43523185483872,1.4068485383064515,116.71295362903226,0.0399042355543362
50,Chad,875,Lac,2006,0.0,15.165176525843108,17.071739783653847,0.0,163.85938645527858,1.4078802293346775,125.46290780791789,0.0402813116378942
50,Chad,875,Lac,2007,0.0,15.776163856304985,18.728809205375786,0.0,172.8174257697947,1.9857045282716277,135.1424349340176,0.0531018029695774
50,Chad,875,Lac,2008,0.0,16.901163856304986,18.72023828940501,0.0,184.4325284090909,1.992425197030792,145.78097507331378,0.0840063951209592
50,Chad,875,Lac,2009,0.0,17.672298845307918,18.795729221033405,0.0,196.20351447947212,2.073876702540781,156.41275659824046,0.0743837296838302
50,Chad,875,Lac,2010,0.0,18.413038684475808,18.927488199869792,0.0,208.64089992668625,2.1032562703331195,168.70184200879766,0.0748818397521972
50,Chad,875,Lac,2011,0.0,19.05317253940616,18.756709798177084,0.0,221.42421187683289,2.155545500366569,183.03748167155425,0.0758336570914951
50,Chad,875,Lac,2012,0.0,20.62709917980205,19.17630615234375,0.0,236.8700513196481,2.1401911313233137,198.8566715542522,0.0767964283625284
50,Chad,875,Lac,2013,0.0,21.615589488636363,20.38469222990605,0.0,258.4835960410557,2.198701114598607,216.85662573313783,0.0760835078165775
50,Chad,875,Lac,2014,0.0,22.36920076521261,21.190751113731658,0.0,264.31378299120234,2.22760099259989,229.35405975073317,0.0884867814102012
50,Chad,875,Lac,2015,0.0,23.90537653500733,20.479813613731658,0.0,280.4657945381232,5.467063568204729,250.5033907624633,0.071644606710482
50,Chad,875,Lac,2016,0.0,25.066609581195014,20.54238775712025,0.0,298.53317448680355,5.7071901919904695,267.4424486803519,0.0850480317063472
50,Chad,875,Lac,2017,0.0,26.4338973148827,20.220072083554022,0.0,318.44386913489734,5.8697878482404695,286.4289314516129,0.07909773156998
50,Chad,875,Lac,2018,0.0,27.78266472690616,20.153961938274797,0.0,340.09081744868035,6.155640722369868,313.3104151392962,0.0790700203131053
50,Chad,875,Lac,2019,0.0,28.721880154875368,21.227379334886127,0.0,360.383431085044,6.394733865240102,336.4236620234604,0.0808876385106309
50,Chad,875,Lac,2020,0.0,30.047029646261,20.533312080320247,0.0,385.00682734604106,6.674859100073314,369.5134714076247,0.0878644423051314
50,Chad,875,Lac,2021,0.0,32.34004708119502,20.3017975101626,0.0,407.0155333577712,6.962680134255865,387.0069189882698,0.0861120766740504
50,Chad,876,Logone Occidental,2001,0.0,115.22671440972222,36.71059475104457,0.0,21.713945855034723,0.1332736121283637,14.625737847222222,0.2841388415493341
50,Chad,876,Logone Occidental,2002,0.0,121.56722005208331,36.76852204474234,0.0,22.913047960069445,0.1365726682874891,15.729854329427084,0.3278191441612987
50,Chad,876,Logone Occidental,2003,0.0,127.57545572916666,36.69808985463092,0.0,24.419382052951388,0.1396330197652181,16.9927978515625,0.3837701909057277
50,Chad,876,Logone Occidental,2004,0.0,134.61223958333332,38.19949621344011,0.0,25.91839735243056,0.1429203139411078,18.253233506944444,0.4398779483890799
50,Chad,876,Logone Occidental,2005,0.0,141.6474609375,38.10936955954039,0.0,27.579633246527777,0.1447583304511176,19.89047580295139,0.4992846645684627
50,Chad,876,Logone Occidental,2006,0.0,148.83956163194443,38.51558691678273,0.0,29.126570638020837,0.1447969224717882,21.3842041015625,0.5554814670743384
50,Chad,876,Logone Occidental,2007,0.0,157.23180338541667,39.540827929143454,0.0,30.98160264756945,0.2045218785603841,23.01241590711805,0.7147304354271848
50,Chad,876,Logone Occidental,2008,0.0,165.46853298611111,40.10602095665042,0.0,32.87391764322917,0.2092427147759331,24.85744357638889,1.1746632355501392
50,Chad,876,Logone Occidental,2009,0.0,174.141796875,40.387349843314766,0.0,34.89107530381944,0.2136222415500217,26.95059950086805,1.0360867386076775
50,Chad,876,Logone Occidental,2010,0.0,183.6984375,40.888040781685234,0.0,37.01626519097222,0.2206925498114691,28.938758680555555,1.0419201864173486
50,Chad,876,Logone Occidental,2011,0.0,193.69270833333331,41.14110648067549,0.0,39.37060546875,0.2221564186943901,31.256255425347224,1.0523645087536997
50,Chad,876,Logone Occidental,2012,0.0,203.7614149305556,41.85046624738858,0.0,41.69596354166666,0.225364515516493,33.75798068576389,1.057386052973755
50,Chad,876,Logone Occidental,2013,0.0,214.40086805555555,44.255173877089135,0.0,44.43702799479167,0.2275854110717773,36.346576605902776,1.0609071354348016
50,Chad,876,Logone Occidental,2014,0.0,226.36182725694445,44.94090572771588,0.0,47.16692165798611,0.2339207119411892,39.24223361545139,1.1774960148633355
50,Chad,876,Logone Occidental,2015,0.0,238.0515625,43.4265973189415,0.0,49.97124565972222,0.5593190511067708,42.43717447916666,0.9678441634749304
50,Chad,876,Logone Occidental,2016,0.0,251.22743055555557,42.97209044220056,0.0,53.179264322916666,0.5830829196506077,45.56330295138889,1.171672682908252
50,Chad,876,Logone Occidental,2017,0.0,264.8024305555556,43.246412016887184,0.0,56.400634765625,0.6087213304307726,49.21584201388889,1.0728531096307017
50,Chad,876,Logone Occidental,2018,0.0,277.82725694444446,43.38344087308496,0.0,59.89076063368056,0.6332002427842882,53.42540147569444,1.0562455116208218
50,Chad,876,Logone Occidental,2019,0.0,292.7746961805556,45.220994189589135,0.0,63.453450520833336,0.6621525234646267,57.455805121527774,1.1183439376958566
50,Chad,876,Logone Occidental,2020,0.0,309.66493055555554,44.02325524460306,0.0,67.44706488715278,0.6912698109944662,62.274652777777774,1.098045242862117
50,Chad,876,Logone Occidental,2021,0.0,319.48059895833336,44.910452755048745,0.0,71.55500759548612,0.7200005425347222,67.00466037326389,1.0967519436041957
50,Chad,881,Salamat,2001,0.0,13.662659858805483,3.220473688449539,0.0159504839352199,15.110440725369903,0.1136373178118226,10.421323811349692,0.0144647419695291
50,Chad,881,Salamat,2002,0.0,14.401256879285455,3.2090526920078637,0.0145696361859639,16.08363265743414,0.1166384481014694,11.254188187928545,0.014967396460746
50,Chad,881,Salamat,2003,0.0,15.180683819544798,3.2718515117145177,0.0246898084878921,17.082632428648843,0.1202176471730899,12.170661352962428,0.0220186994483433
50,Chad,881,Salamat,2004,0.0,16.006606884712685,3.3471303679162148,0.0154383137822151,18.11537484188652,0.122771764275825,13.088492726779906,0.0160953371969408
50,Chad,881,Salamat,2005,0.0,16.873169077757684,3.383065918498914,0.0180323521296183,19.2762008363472,0.1236053809194602,14.14004294755877,0.0212674214858417
50,Chad,881,Salamat,2006,0.0,17.785476943942133,3.410535847584148,0.0169164508581161,20.44587194846293,0.123796891700173,15.239195298372511,0.0175531011232188
50,Chad,881,Salamat,2007,0.0,18.73395682640145,3.499167642168838,0.0159427496519955,21.73064816907776,0.1743106628042435,16.49259013336347,0.0189966764958795
50,Chad,881,Salamat,2008,0.0,19.695856408227847,3.5463427151194358,0.0132383555173873,23.08985081374322,0.1792947145807885,17.784993783905968,0.0245253233152015
50,Chad,881,Salamat,2009,0.0,20.761285036166367,3.597730207909202,0.0080987264712651,24.53560691681736,0.1839977130482605,19.202863641500905,0.0217728949588435
50,Chad,881,Salamat,2010,0.0,21.896054193037976,3.620800039020087,0.0152825606720788,26.11843071880651,0.1887892710312613,20.73446117766727,0.0232215206706787
50,Chad,881,Salamat,2011,0.0,22.990723892405065,3.650985169851741,0.0319054126739501,27.664856464737795,0.1899685108959351,22.33250169529837,0.0222270708726231
50,Chad,881,Salamat,2012,0.0,24.220292721518987,3.708948511034413,0.0284149169921875,29.3500678119349,0.1927948384624954,24.11562217450271,0.0232278671216574
50,Chad,881,Salamat,2013,0.0,25.523742653707053,3.968729012938656,0.0155050456523895,31.171917382459316,0.1957859808320892,26.100474683544306,0.0211291885858239
50,Chad,881,Salamat,2014,0.0,26.845863471971068,4.036965575241562,0.0225341394543647,33.05223779385172,0.1994799884212133,28.108832504520795,0.0240792966542993
50,Chad,881,Salamat,2015,0.0,28.322004972875227,3.899057354041916,0.0156965553760528,35.0967167721519,0.4893289870470277,30.35684335443038,0.0220300274572353
50,Chad,881,Salamat,2016,0.0,29.780334538878844,3.816673880912162,0.0246806343396504,37.31197445750452,0.5038346778298045,32.781476039783,0.0257091534404328
50,Chad,881,Salamat,2017,0.0,31.348564647377938,3.870841569617865,0.0205888122320175,39.59532945298373,0.5241828225377759,35.32129294755877,0.0213847269921105
50,Chad,881,Salamat,2018,0.0,33.085135928468205,3.887478298611111,0.0045009832829236,41.960624209718205,0.547722960587265,38.15555850343208,0.0235902978075523
50,Chad,881,Salamat,2019,0.0,34.792817585895115,3.981394550587871,0.0156010702252388,44.59758985081374,0.5750147032211365,41.19854204339964,0.0259063357398623
50,Chad,881,Salamat,2020,0.0,36.45134315229159,4.073934896544078,0.0320218702157338,47.25524122609166,0.6020438599646759,44.34469449206063,0.0279660074587577
50,Chad,881,Salamat,2021,0.0,37.77863641500904,4.092403535596482,0.0408589839935302,50.320287070524415,0.6227298809745974,48.03961912296564,0.0309664165391537
59,Congo,970,Bouenza,2001,0.0,3.027358167753445,12.234254852054626,0.0,3.670445720041831,0.0,2.279799574003445,1.02830108882874
59,Congo,970,Bouenza,2002,0.0,3.124625378706324,13.637545367864174,0.0,3.860334741787648,0.0,2.267870324803149,1.0477032999354086
59,Congo,970,Bouenza,2003,0.0,3.3669875738188977,14.312404842827265,0.0,3.8600134661817176,0.0,2.3404716431625245,1.0678766205554873
59,Congo,970,Bouenza,2004,0.0,5.035200464443897,14.804868202509844,0.0,3.8384082223486713,0.0,2.335017166738435,1.153368852269931
59,Congo,970,Bouenza,2005,0.0,6.73382904773622,15.41357421875,0.0,3.872753714013288,0.0,2.367252379890502,1.2705689678041954
59,Congo,970,Bouenza,2006,0.0,8.417251707062007,15.306464728407972,0.0,3.865608275406004,0.0,2.3492210568405514,1.3406150998093012
59,Congo,970,Bouenza,2007,0.0,10.094028743233268,15.22910963644193,0.0,3.878788505013533,0.0,2.4874435785248523,1.4066520150252215
59,Congo,970,Bouenza,2008,0.0,10.934453048105317,15.61073411355807,0.0,3.868895523191437,0.0,2.76529747670091,1.4790389894500493
59,Congo,970,Bouenza,2009,0.0,10.41342042937992,15.887304110789865,0.0,4.142341673843504,0.0,2.7895118533156986,1.55976146788109
59,Congo,970,Bouenza,2010,0.0,11.09328094242126,16.574064960629922,0.0,4.191416823019193,0.0,2.839361235851378,1.615536306786725
59,Congo,970,Bouenza,2011,0.0,11.275665523499017,17.209361158956693,0.0,4.219245490126722,0.0,2.9030165784940944,1.6864494263656495
59,Congo,970,Bouenza,2012,0.0,11.291920098732776,17.675298735851378,0.0,4.223532849409449,0.0,2.88802307609498,1.686368566798413
59,Congo,970,Bouenza,2013,0.0,11.318580447219489,18.050310270054133,0.0,4.227757251168799,0.0,2.913141445850763,1.7332490936039
59,Congo,970,Bouenza,2014,0.0,11.43685792937992,18.09704878198819,0.0,4.22185942882628,0.0,2.918948196050689,1.7452515129029282
59,Congo,970,Bouenza,2015,0.0,11.47151244156004,18.1604522945374,0.0,4.243346206785187,0.0,2.8724367637333907,1.7657183549535556
59,Congo,970,Bouenza,2016,0.0,11.439547320989174,18.29349547859252,0.0,4.253031572957677,0.0,2.943380280742495,1.7880313903328002
59,Congo,970,Bouenza,2017,0.0,11.379642516609252,18.25876214936024,0.0,4.252588947926919,0.0,2.9529442974901574,1.7945770503967766
59,Congo,970,Bouenza,2018,0.0,11.348223348302165,18.285586860236226,0.0,4.264300969641979,0.0,2.9667046013779528,1.8236021507443405
59,Congo,970,Bouenza,2019,0.0,11.38960037832185,18.437607652559056,0.0,4.322831762118603,0.0,2.996678149606299,1.809394295760027
59,Congo,970,Bouenza,2020,0.0,11.338127076156496,18.744059885580707,0.0,4.280815545029528,0.0,2.947787067082923,1.8376719557394192
59,Congo,970,Bouenza,2021,0.0,11.282809039739174,18.833696019931104,0.0,4.322820227915846,0.0,3.002941221702756,1.8626560000922736
59,Congo,971,Cuvette,2001,0.0,0.0769431983412851,13.14383877840909,0.0,0.3618228926429889,0.0,0.0813436191460303,0.0963550163037849
59,Congo,971,Cuvette,2002,0.0,0.0795667922804716,15.238484251968504,0.0,0.3757727140870041,0.0,0.0849300595667089,0.0955913453590212
59,Congo,971,Cuvette,2003,0.0,0.084320896050147,17.394091629080755,0.0,0.3780268032172509,0.0,0.0845394176750605,0.1077832028628214
59,Congo,971,Cuvette,2004,0.0,0.1223163337285228,19.53429468457944,0.0,0.3792807040619234,0.0065021933987736,0.0864513889889875,0.1271988485461083
59,Congo,971,Cuvette,2005,0.0,0.160443103973276,21.8930546875,0.0,0.378667649835678,0.0,0.0856321778244637,0.1501461029052734
59,Congo,971,Cuvette,2006,0.0,0.2002442443036258,21.75594832920792,0.0,0.3800997712939669,0.0,0.087993835945073,0.1548565552966429
59,Congo,971,Cuvette,2007,0.0,0.2391248108541243,21.64038278174213,0.0,0.3786237032057791,0.0027823683340102,0.0929531396051629,0.1672849580058901
59,Congo,971,Cuvette,2008,0.0,0.2567811681389632,21.73441329656863,0.0,0.3807889636897618,0.0,0.1010212186872518,0.1709730709300321
59,Congo,971,Cuvette,2009,0.0,0.2453804719931965,22.00870595079787,0.0,0.4034548150657288,0.0,0.1018278340132034,0.1833803483088657
59,Congo,971,Cuvette,2010,0.0,0.2615757945012905,22.46364211309524,0.0,0.41114667594257,0.0,0.1016640902268851,0.1782240222749256
59,Congo,971,Cuvette,2011,0.0,0.2651626935493621,22.90924918071161,0.0,0.4135541135806236,0.0,0.1025391299670113,0.1801033162892088
59,Congo,971,Cuvette,2012,0.0,0.2660918717184046,23.242374539594845,0.0,0.4171966125443303,0.0,0.1074614781356508,0.1825571499257237
59,Congo,971,Cuvette,2013,0.0,0.2673836934197809,22.767763809419016,0.0,0.4185637753561073,0.0020691202953457,0.1023414061241543,0.1786793050631671
59,Congo,971,Cuvette,2014,0.0,0.2697523563705242,21.824023767978005,0.0,0.4182750943483063,0.0029082985129207,0.1046441911070968,0.1698579610705174
59,Congo,971,Cuvette,2015,0.0,0.2704137447039988,21.132384155073648,0.0,0.4158886592996919,0.0,0.1061009848442386,0.1665082890936668
59,Congo,971,Cuvette,2016,0.0,0.2678588418399586,20.444535235969383,0.0,0.4169036865234375,0.0027398294769227,0.1069187276503619,0.1606055339052688
59,Congo,971,Cuvette,2017,0.0,0.2677038278236361,20.360233099241835,0.0,0.4143850311122336,0.0,0.1071159368398695,0.1617069274048041
59,Congo,971,Cuvette,2018,0.0,0.2664583853162858,19.20227371082361,0.0,0.4168207333826633,0.0025134067982435,0.1035408994699889,0.1528811774517982
59,Congo,971,Cuvette,2019,0.0,0.2670515735418961,19.02857469925832,0.0,0.4189925004732241,0.0,0.1084346687216065,0.1493363332127351
59,Congo,971,Cuvette,2020,0.0,0.2667122055255368,19.70721417542404,0.0,0.4166864291511793,0.0020881269592791,0.1042958958383523,0.1624057173377293
59,Congo,971,Cuvette,2021,0.0,0.2668372558952253,19.689047651681285,0.0,0.4205169901798825,0.0,0.1080979670722054,0.1617847911098547
59,Congo,972,Cuvette Ovest,2001,0.0,0.0536959181736855,15.382418118990383,0.0,0.573502411111428,0.0,0.0953750721729584,0.1994549025837173
59,Congo,972,Cuvette Ovest,2002,0.0,0.0554141273275453,17.39398298592403,0.0,0.5981960185090004,0.0,0.0969838594135485,0.2039790153503418
59,Congo,972,Cuvette Ovest,2003,0.0,0.0602448650818766,18.51583395878821,0.0,0.6005810600571618,0.0,0.1000172791243298,0.2100699312301702
59,Congo,972,Cuvette Ovest,2004,0.0,0.0893744009512442,21.157938934178745,0.0,0.6143027976707176,0.0029143248684704,0.1193876139322916,0.2524629860108601
59,Congo,972,Cuvette Ovest,2005,0.0,0.1127549123339554,26.510671216388083,0.0,0.6093912096334848,0.0,0.1034265286137159,0.3340925394102584
59,Congo,972,Cuvette Ovest,2006,0.0,0.1399662912068805,26.48050849382268,0.0,0.6092271210531807,0.0,0.0956331700175027,0.3473613428515057
59,Congo,972,Cuvette Ovest,2007,0.0,0.165864825602455,26.38486441022399,0.0,0.6087924493172756,0.0025843502953648,0.1039526512078078,0.369024287758535
59,Congo,972,Cuvette Ovest,2008,0.0,0.1803388171096937,26.87821475343208,0.0,0.6112820316846718,0.0,0.1149920794659623,0.3850712417867142
59,Congo,972,Cuvette Ovest,2009,0.0,0.1709757713035301,27.406419346098264,0.0,0.6497034143518519,0.0,0.1177577039930555,0.4072139938442693
59,Congo,972,Cuvette Ovest,2010,0.0,0.1820829493054271,27.853328036723163,0.0,0.6603660809217825,0.0,0.117954378297343,0.4172754664879061
59,Congo,972,Cuvette Ovest,2011,0.0,0.1843609330216808,28.005723296618854,0.0,0.6656053531804734,0.0,0.1205974894867846,0.4137751678300034
59,Congo,972,Cuvette Ovest,2012,0.0,0.1861277585904273,27.619322132689792,0.0,0.6701129258737056,0.0,0.1220567127656654,0.4027536601920402
59,Congo,972,Cuvette Ovest,2013,0.0,0.1862938017268448,27.531192992544412,0.0,0.6738364970789547,0.0,0.1215554071387006,0.4089620367524587
59,Congo,972,Cuvette Ovest,2014,0.0,0.1877851137130536,25.163678688226742,0.0,0.664282289116833,0.0,0.1239456690596975,0.3710436443949854
59,Congo,972,Cuvette Ovest,2015,0.0,0.1858503999765853,23.632209578804343,0.0,0.6613384492216055,0.0,0.1220010567826834,0.3517404970915421
59,Congo,972,Cuvette Ovest,2016,0.0,0.184051790099213,22.276564453125,0.0,0.6589983069378397,0.0,0.1230136705481487,0.36360693359375
59,Congo,972,Cuvette Ovest,2017,0.0,0.1802153819611557,21.67351328728282,0.0,0.648913189469914,0.0023229862563312,0.1212168368364131,0.3569084668251538
59,Congo,972,Cuvette Ovest,2018,0.0,0.1815599105900449,19.992541675836268,0.0,0.6524349098041845,0.0,0.1176786299938807,0.327118242290658
59,Congo,972,Cuvette Ovest,2019,0.0,0.1811660679532866,19.79009923800616,0.0,0.649998206384852,0.0,0.1405138350417372,0.3107227808992627
59,Congo,972,Cuvette Ovest,2020,0.0,0.1788222983628299,20.381988197244624,0.0,0.6517037080119918,0.0,0.1199725119771698,0.32422118374951
59,Congo,972,Cuvette Ovest,2021,0.0,0.1790040107324358,19.991036795236013,0.0,0.6552788357591833,0.0,0.1219207720137526,0.3342073347185041
59,Congo,973,Kouilou,2001,0.0,0.108323203607548,12.1659511575489,0.0,0.7465866895104575,0.0,0.2357202518709485,0.3813398962790342
59,Congo,973,Kouilou,2002,0.0,0.1124627398884693,13.59956650152439,0.0,0.7919607741025563,0.0,0.275277064971028,0.3898350785418255
59,Congo,973,Kouilou,2003,0.0,0.120171085962344,14.249984517911583,0.0,0.9117067937981592,0.0,0.262849303840891,0.3933691629549352
59,Congo,973,Kouilou,2004,0.0,0.1806506998618288,14.580477303832115,0.0,0.8125907763576321,0.0,0.2628739985934442,0.429659618368404
59,Congo,973,Kouilou,2005,0.0,0.2361347325394065,15.215225626134988,0.0,0.8563607471563112,0.0,0.3163898266458231,0.4695699474713415
59,Congo,973,Kouilou,2006,0.0,0.2934409662235506,15.108572992149758,0.0,0.8737362975477005,0.0,0.3105508763262903,0.4875167625537817
59,Congo,973,Kouilou,2007,0.0,0.3516015577222969,15.131622461881038,0.0,0.8368416205777581,0.0,0.2730757681590937,0.5147116103609979
59,Congo,973,Kouilou,2008,0.0,0.3806779715879556,15.433974703728865,0.0,0.8031221453224376,0.0006709472897152,0.2867754434186185,0.5395867168039515
59,Congo,973,Kouilou,2009,0.0,0.3628570496919337,15.83142620584239,0.0,0.8783986190527152,0.0,0.3147184666822101,0.5705594786123377
59,Congo,973,Kouilou,2010,0.0,0.3909618877851333,16.33508831521739,0.0,0.8969011698683648,0.0,0.3011787250317239,0.5912278032533212
59,Congo,973,Kouilou,2011,0.0,0.3942915287503057,17.05875415157005,0.0,0.9362981688019814,0.0,0.3242013412445725,0.6254899029570501
59,Congo,973,Kouilou,2012,0.0,0.3981407284736633,17.499963437877415,0.0,0.9216463565826416,0.0,0.3276195228099823,0.6244265054159118
59,Congo,973,Kouilou,2013,0.0,0.3965727686882019,17.95852315512048,0.0,0.987600326538086,0.0,0.3135622143745422,0.6454395707831325
59,Congo,973,Kouilou,2014,0.0,0.3966460824012756,17.975811298076923,0.0,0.9516682028770448,0.0,0.3373597264289856,0.6372275719275842
59,Congo,973,Kouilou,2015,0.0,0.3992833831430873,17.834498355263158,0.0,1.0163656153103722,0.0,0.3573969384575632,0.6452310370486318
59,Congo,973,Kouilou,2016,0.0,0.3994852010486195,17.59210896042158,0.0,0.8996484849059466,0.0,0.3340913939244538,0.6440772290499706
59,Congo,973,Kouilou,2017,0.0,0.3948549437291413,17.356766280594407,0.0,0.9733246738470874,0.0,0.3423318511074029,0.6394763581958406
59,Congo,973,Kouilou,2018,0.0,0.3938709525174872,17.71023751638986,0.0,0.8486948530803355,0.0,0.3130445258561955,0.648943423113345
59,Congo,973,Kouilou,2019,0.0,0.3905852740230597,17.775038608284884,0.0,0.9523415187341332,0.0,0.3576309528756649,0.6434852777525436
59,Congo,973,Kouilou,2020,0.0,0.3925626005840485,17.798701239849187,0.0,0.9401215603088732,0.0006705468210081,0.3689317832371252,0.6496416344166909
59,Congo,973,Kouilou,2021,0.0,0.3892654330403016,17.99822998046875,0.0,0.902394396193484,0.0,0.3227701685184205,0.6586418858280888
59,Congo,974,Lekoumou,2001,0.0,0.3233579595038231,16.4488156340843,0.0,2.1140787760416666,0.0,0.4386043034546764,0.4583977987599927
59,Congo,974,Lekoumou,2002,0.0,0.3342515228487921,18.222244174494215,0.0,2.207332876218972,0.0,0.456890566129211,0.4603595182385748
59,Congo,974,Lekoumou,2003,0.0,0.3607153493461879,19.09181230917744,0.0,2.1985881399601066,0.0,0.4443645504349512,0.4621479429047683
59,Congo,974,Lekoumou,2004,0.0,0.5405534893062943,19.76482663209411,0.0,2.205698519226507,0.0027837234083563,0.4502474737505541,0.5137317701317798
59,Congo,974,Lekoumou,2005,0.0,0.7187822466193785,20.597848772321427,0.0,2.1852439469723794,0.0020053371166189,0.4506405406227868,0.555337393624442
59,Congo,974,Lekoumou,2006,0.0,0.8947532588969547,20.5001171875,0.0,2.169870003762394,0.0,0.4447570454972999,0.5804879760742188
59,Congo,974,Lekoumou,2007,0.0,1.0698107322282224,20.444056524433428,0.0,2.1666662632237075,0.0,0.4669764359341802,0.6123336489409968
59,Congo,974,Lekoumou,2008,0.0,1.160795263050301,20.751164682188385,0.0,2.189751998707125,0.0,0.5162627181035626,0.6421139206494556
59,Congo,974,Lekoumou,2009,0.0,1.1054275426487463,21.15951072563559,0.0,2.3186373091013417,0.0,0.5268656412760416,0.6783493817862818
59,Congo,974,Lekoumou,2010,0.0,1.181647866459216,21.913709011883803,0.0,2.3776989952992587,0.0,0.5367920439122087,0.7000826123734595
59,Congo,974,Lekoumou,2011,0.0,1.196406650004414,22.744558758802818,0.0,2.394744355799788,0.0,0.5493835621634445,0.7283719774702905
59,Congo,974,Lekoumou,2012,0.0,1.2048823648514633,23.363207392331933,0.0,2.4175507151357545,0.0,0.5474250911825634,0.7265650645023635
59,Congo,974,Lekoumou,2013,0.0,1.2109215740424453,23.881139558669915,0.0,2.4310542054169604,0.0,0.5455601185097849,0.7547833540977542
59,Congo,974,Lekoumou,2014,0.0,1.2120469339777915,23.66552868887741,0.0,2.395123085279143,0.0,0.5496437844265712,0.7389818091694645
59,Congo,974,Lekoumou,2015,0.0,1.201210862589348,23.587591786202186,0.0,2.371210712768044,0.0,0.5492062535412309,0.7416220909910776
59,Congo,974,Lekoumou,2016,0.0,1.1936460116699896,22.5707515746124,0.0,2.382081093966713,0.0,0.5513979082464676,0.7157651127462855
59,Congo,974,Lekoumou,2017,0.0,1.1791456865342282,22.134897791353385,0.0,2.3340878987180598,0.002750736195594,0.5468313312003625,0.7080543154761905
59,Congo,974,Lekoumou,2018,0.0,1.1842266635237069,22.18175508494389,0.0,2.3785668103448274,0.0,0.5612088328394397,0.7134393325767612
59,Congo,974,Lekoumou,2019,0.0,1.1703302893100034,21.959814818422693,0.0,2.340687144886364,0.0,0.5476899790698175,0.7067987532389729
59,Congo,974,Lekoumou,2020,0.0,1.1687856820913465,22.3949658203125,0.0,2.358577183314732,0.0,0.5557933430095295,0.7112510681152344
59,Congo,974,Lekoumou,2021,0.0,1.1675064947450997,22.536266090260547,0.0,2.3895550797369327,0.0,0.5534434574342332,0.7157511746617168
59,Congo,975,Likouala,2001,0.0,0.1180393830785211,36.51150173611112,0.003279575612396,1.299984338148585,0.002153516081827,0.417037675965507,1.1887158590649802
59,Congo,975,Likouala,2002,0.0,0.1209584131173841,41.98269292091837,0.0119431242346763,1.3499814464560158,0.0033544849138706,0.4203636294505635,1.2371420101243622
59,Congo,975,Likouala,2003,0.0,0.1295063698250145,43.93290019132653,0.0085449889302253,1.3407746960037108,0.002196529880166,0.415463146702652,1.2318635901626276
59,Congo,975,Likouala,2004,0.0,0.1926349196323128,46.59333925697425,0.002097861142829,1.3414843182231104,0.0026029612869024,0.415148074127907,1.4011991443552172
59,Congo,975,Likouala,2005,0.0,0.2535238650980843,46.81780305455943,0.0094413086771965,1.3410327739781571,0.0026978939357731,0.4161744431228373,1.438490445496606
59,Congo,975,Likouala,2006,0.0,0.3141962890625,45.00380628690945,0.0142044462263584,1.318995396205357,0.002596745789051,0.4176761300223214,1.467019869586614
59,Congo,975,Likouala,2007,0.0,0.3752916662971765,42.2988934711896,0.0050857886672019,1.3215011960396563,0.0045862458646297,0.4343475099318956,1.4697369997386152
59,Congo,975,Likouala,2008,0.0,0.4035343157205549,41.87889912180657,0.0048865438438951,1.3215450921928087,0.0,0.4816546845139085,1.5091283199560903
59,Congo,975,Likouala,2009,0.0,0.3853609249063207,42.62476815422662,0.005142749287188,1.4077952113086822,0.0023001574334644,0.4851893774524533,1.5628244962623652
59,Congo,975,Likouala,2010,0.0,0.402860107421875,40.19884975570032,0.0057413522154092,1.407695041232639,0.0021551452915776,0.485594719780816,1.493605623027789
59,Congo,975,Likouala,2011,0.0,0.4074012958897953,40.36015625,0.0126348715275526,1.4116240644876936,0.0023060239851474,0.4925096900062223,1.517275855654762
59,Congo,975,Likouala,2012,0.0,0.4066906227414303,40.3096031632263,0.0134872701019048,1.4059585369631058,0.0021840147674083,0.4867262651216616,1.4640221085387997
59,Congo,975,Likouala,2013,0.0,0.4031237248367791,39.86510836693548,0.005166464485228,1.3971814642274212,0.0025713716944058,0.4833328197259249,1.4600004045145254
59,Congo,975,Likouala,2014,0.0,0.3976167581849179,36.99628852885929,0.0081112943589687,1.363396078853284,0.0021796065072218,0.4730955867444054,1.3655468883410178
59,Congo,975,Likouala,2015,0.0,0.3910602003119321,35.01668802897135,0.0058792424388229,1.3340366003050363,0.0021145274862647,0.4697688054196683,1.3102394739786785
59,Congo,975,Likouala,2016,0.0,0.3748743861048548,33.193226638349515,0.0068275374360382,1.2854085775228354,0.0022785225883126,0.4519795369099568,1.2441077371245448
59,Congo,975,Likouala,2017,0.0,0.3679906890148253,32.73603885885664,0.0088397227227687,1.2631242406649852,0.0020103408023715,0.4465071910948265,1.230230973230154
59,Congo,975,Likouala,2018,0.0,0.3637966778737475,31.977476347477065,0.0176256503909826,1.2552489041116812,0.002861276268959,0.4436967389208364,1.207421539026663
59,Congo,975,Likouala,2019,0.0,0.3641744037527493,31.86587048451835,0.0024940797593444,1.2574838766953813,0.002442977624014,0.4464921252119226,1.196673332004372
59,Congo,975,Likouala,2020,0.0,0.3623918212653365,32.86318244485294,0.0057524181902408,1.2612894278805271,0.0022053443826735,0.4451901331123967,1.2419936236213236
59,Congo,975,Likouala,2021,0.0,0.364557632745481,33.31550498320678,0.0091137513518333,1.271566473268995,0.0024840251232186,0.4499177521350337,1.2571036080333675
59,Congo,976,Niari,2001,0.0,0.2924548440209886,11.08395440377238,0.0,1.825086917073484,0.0,0.7549639836122174,0.4720485521399457
59,Congo,976,Niari,2002,0.0,0.3028571980585174,12.47174080060664,0.0,1.9628760719103289,0.0,0.8165514672525372,0.4839573418043582
59,Congo,976,Niari,2003,0.0,0.3240647820750096,13.06930853396046,0.0,1.956988092561665,0.0,0.829064928860483,0.49755808771873
59,Congo,976,Niari,2004,0.0,0.4866748586342979,13.43287470143312,0.0,1.9817080208600977,0.0,0.8521319523622174,0.5379379758409634
59,Congo,976,Niari,2005,0.0,0.6459885662898253,14.129905406491002,0.0,1.9579166047742165,0.0,0.856371167017279,0.599580426449028
59,Congo,976,Niari,2006,0.0,0.8064672425006424,14.15097858123385,0.0,1.985600470516444,0.0,0.8660815906426644,0.6316977804021318
59,Congo,976,Niari,2007,0.0,0.963302330314746,14.338286801518088,0.0,1.9390761357802877,0.0,0.8917770229081109,0.6644075773175064
59,Congo,976,Niari,2008,0.0,1.0426749164808458,14.740834948320414,0.0,1.9433147579247947,0.0,1.019324582705018,0.7036027144400032
59,Congo,976,Niari,2009,0.0,1.004911324816318,14.818545086109314,0.0,2.097254696323152,0.0,1.0495886205402978,0.7256752399084331
59,Congo,976,Niari,2010,0.0,1.0649449154581625,15.487893905442506,0.0,2.118044498764758,0.0,1.0519073298334831,0.7549122260830508
59,Congo,976,Niari,2011,0.0,1.0771810230043637,16.115149949596773,0.0,2.134684913212269,0.0,1.0633945974236396,0.7884712859122984
59,Congo,976,Niari,2012,0.0,1.0897468707889502,16.508165322580645,0.0,2.1922853066446355,0.0,1.0537768604819044,0.7875479618195564
59,Congo,976,Niari,2013,0.0,1.0868623016796073,17.10951360887097,0.0,2.130136728776309,0.0,0.9956072860185126,0.8118547599546371
59,Congo,976,Niari,2014,0.0,1.096004415586499,16.853821899100257,0.0,2.22971201432559,0.0,1.0898758341889117,0.80468216530768
59,Congo,976,Niari,2015,0.0,1.103596587445457,16.971267249679077,0.0,2.195365639437885,0.0,1.0693521049233188,0.8212863202272545
59,Congo,976,Niari,2016,0.0,1.0959551451636145,16.958280749198718,0.0,2.1578569255891398,0.0,1.0864033933545725,0.8281058287009214
59,Congo,976,Niari,2017,0.0,1.092371617515353,16.9490966796875,0.0,2.1787159352610037,0.0,1.1000479285280194,0.8417277433434311
59,Congo,976,Niari,2018,0.0,1.0820945918986211,17.064445679796695,0.0,2.151978162506384,0.0,1.116196224224336,0.8434696415630956
59,Congo,976,Niari,2019,0.0,1.0845025510204085,17.056582155652865,0.0,2.212457150829082,0.0,1.1069246253188776,0.8351446649830813
59,Congo,976,Niari,2020,0.0,1.088132772640306,17.228895605592523,0.0,2.242864616549745,0.0,1.1476339534837372,0.8432710016634981
59,Congo,976,Niari,2021,0.0,1.0775668397241709,17.20976661517744,0.0,2.187262087452168,0.0,1.1151581433354592,0.8582599673736534
59,Congo,977,Plateaux,2001,0.0,0.0819574800649083,10.729347759549462,0.0,0.8927456274964756,0.0,0.1312097343884614,0.1856469463531464
59,Congo,977,Plateaux,2002,0.0,0.0857669954610647,13.41546430525164,0.0,0.9425637763843202,0.0,0.1312917264780604,0.2067503981308551
59,Congo,977,Plateaux,2003,0.0,0.0908101686558926,15.12504370951119,0.0,0.9416741010240444,0.0,0.1319018485850857,0.2281497375703953
59,Congo,977,Plateaux,2004,0.0,0.1340467792405819,17.848669913924695,0.0,0.9410400390625,0.0,0.1319470513135867,0.2806899796670942
59,Congo,977,Plateaux,2005,0.0,0.1762660894178806,19.95926258175872,0.0,0.946850081135456,0.0,0.1344543495273829,0.3303663564282794
59,Congo,977,Plateaux,2006,0.0,0.2198122258771929,19.79229331772334,0.0,0.9497487921463816,0.0,0.1346461169402999,0.3437586627707357
59,Congo,977,Plateaux,2007,0.0,0.2637679594799988,19.743116356860632,0.0,0.9515428280173088,0.0,0.1413375166125763,0.3599344012381016
59,Congo,977,Plateaux,2008,0.0,0.2839573451450893,19.997965844062943,0.0,0.9467121019100484,0.0,0.1575598274556019,0.3775512084087759
59,Congo,977,Plateaux,2009,0.0,0.2704054753583176,20.4437006842903,0.0,1.014317562705592,0.0021551419049501,0.1572093915819823,0.3966760567353557
59,Congo,977,Plateaux,2010,0.0,0.2859304327713816,21.27940305346924,0.0,1.023128652931156,0.0,0.160223002421826,0.4139062884198408
59,Congo,977,Plateaux,2011,0.0,0.291235691921454,22.09640625,0.0,1.0366159692444,0.0,0.1624396570344317,0.4311338588169643
59,Congo,977,Plateaux,2012,0.0,0.2917135138260691,22.711077802720485,0.0,1.0389631457794877,0.0,0.1626456506867755,0.4288221551887002
59,Congo,977,Plateaux,2013,0.0,0.2918141682942708,22.92383086815309,0.0,1.0374047606809993,0.0,0.1627619081272517,0.4413009386384085
59,Congo,977,Plateaux,2014,0.0,0.2960199341738134,22.38045694539835,0.0,1.0443358457178102,0.0,0.166027403714364,0.4292567745669857
59,Congo,977,Plateaux,2015,0.0,0.2953592936197917,21.81305952978581,0.0,1.0446801819000626,0.0,0.1641011632474741,0.420056405635563
59,Congo,977,Plateaux,2016,0.0,0.2939577795807879,22.28902258600136,0.0,1.0399424617451831,0.0,0.1650887969741247,0.4300471001814756
59,Congo,977,Plateaux,2017,0.0,0.2933602010397086,22.394616284013605,0.0,1.0462182219464675,0.0,0.1658481607461035,0.4342968999123087
59,Congo,977,Plateaux,2018,0.0,0.2922761577711368,22.017627407038518,0.0,1.0414054698513864,0.0019614116754382,0.1876149571927866,0.4289986457166127
59,Congo,977,Plateaux,2019,0.0,0.2899137818223622,21.67578636959371,0.0,1.0474720514783578,0.0,0.169877426730295,0.4196670952193234
59,Congo,977,Plateaux,2020,0.0,0.2915484691756027,22.027002402266756,0.0,1.0497576785819114,0.0,0.1802135221496849,0.4272397576431094
59,Congo,977,Plateaux,2021,0.0,0.2922815789859893,21.719311242816094,0.0,1.0488455526964622,0.0,0.1734700164126096,0.4198899153396392
59,Congo,978,Pool,2001,0.0,0.775827544753909,9.912692029936975,0.0,1.200451599424751,0.0,0.3723323255374911,0.3321652310012546
59,Congo,978,Pool,2002,0.0,0.8013538612739872,11.592695236206056,0.0,1.2651163303182746,0.0,0.3836104251343727,0.3545840382575989
59,Congo,978,Pool,2003,0.0,0.858752241859897,12.373508946322069,0.0,1.2566062856754177,0.0,0.3819882868025941,0.3668427666423335
59,Congo,978,Pool,2004,0.0,1.2861838269589552,13.804079511088707,0.0,1.258151034725924,0.0,0.3816240713286247,0.4303580991683468
59,Congo,978,Pool,2005,0.0,1.719630780250533,14.876072261275056,0.0,1.26508405586465,0.0,0.3859654191375711,0.4871243347303904
59,Congo,978,Pool,2006,0.0,2.148805012326759,14.903149767102336,0.0,1.2659043648942787,0.0,0.3859288934790334,0.5077914873405346
59,Congo,978,Pool,2007,0.0,2.5805349993892146,14.80755865878191,0.0,1.26760588797086,0.0,0.410826205190565,0.5366784031197974
59,Congo,978,Pool,2008,0.0,2.7917496085421107,15.13997142931465,0.0,1.2633873045486852,0.0,0.4537502741593372,0.5642837033287667
59,Congo,978,Pool,2009,0.0,2.665708844171997,15.417070959944752,0.0,1.3522994333577647,0.0,0.4602180052583067,0.5903074823031768
59,Congo,978,Pool,2010,0.0,2.8358614988672706,15.979569624174008,0.0,1.3740079075881753,0.0,0.4685786937938655,0.6112101550669397
59,Congo,978,Pool,2011,0.0,2.883371056269989,16.60173527644231,0.0,1.383642265791578,0.0,0.4756864481304415,0.6342701670887706
59,Congo,978,Pool,2012,0.0,2.8885285486629355,17.04755141156696,0.0,1.3909707357464909,0.0,0.4746768737229033,0.6376208107505489
59,Congo,978,Pool,2013,0.0,2.8923244408537667,17.27354895550272,0.0,1.3933163597470235,0.0,0.4752000322050462,0.6551239677097487
59,Congo,978,Pool,2014,0.0,2.921673024386993,17.185599719291126,0.0,1.3929927476179371,0.0,0.4806800088563877,0.6469879810944265
59,Congo,978,Pool,2015,0.0,2.9319272776741294,17.18761433438507,0.0,1.396723136549396,0.0,0.4825459407760306,0.6506068376158028
59,Congo,978,Pool,2016,0.0,2.9244736140724945,17.369722316576087,0.0,1.3948991093638947,0.0,0.4899662454329913,0.6645718118418817
59,Congo,978,Pool,2017,0.0,2.9179222470238093,17.427793817934784,0.0,1.3946114155783582,0.0,0.484547000280406,0.6719516920006794
59,Congo,978,Pool,2018,0.0,2.9015804418199185,17.21187558240149,0.0,1.3926598522454692,0.0,0.4847721840018656,0.6662926557091986
59,Congo,978,Pool,2019,0.0,2.905468819407427,17.124389260912697,0.0,1.402235300895078,0.0,0.4880541141946517,0.6562366949818121
59,Congo,978,Pool,2020,0.0,2.89269490299618,17.346502505274263,0.0,1.4049455741660004,0.0,0.4899986934051839,0.6674357868951081
59,Congo,978,Pool,2021,0.0,2.8862042674462507,17.302215448483263,0.0,1.4074535247867803,0.0,0.493822869122579,0.6678017971405923
59,Congo,979,Sangha,2001,0.0,0.07665266280904,43.78510869013799,0.0,1.133635259024502,0.0,0.3855743088312369,0.4476536342075893
59,Congo,979,Sangha,2002,0.0,0.0792757859870569,54.56187726449275,0.0,1.1947199774703492,0.0032837563194334,0.395095174500683,0.5089595628821332
59,Congo,979,Sangha,2003,0.0,0.0866614697026271,62.83135695684524,0.0,1.2296403207550382,0.0020780393388122,0.4134526138471882,0.5898731171138702
59,Congo,979,Sangha,2004,0.0,0.1252734818647611,65.827880859375,0.0,1.2512627824287583,0.0033040326088666,0.4111452480769892,0.6235121450116557
59,Congo,979,Sangha,2005,0.0,0.1658069435303268,72.66786858974359,0.0,1.233036500358999,0.0022336998954415,0.4367798319008992,0.7267960768479568
59,Congo,979,Sangha,2006,0.0,0.2017148335774739,72.03100999735169,0.0,1.2224131662608224,0.0,0.4143982594147389,0.7812289868370962
59,Congo,979,Sangha,2007,0.0,0.2411019062173777,71.01707356770834,0.0,1.21093671075229,0.0038854288868606,0.4305229187011719,0.7926700592041016
59,Congo,979,Sangha,2008,0.0,0.2548400421469319,71.75515721849173,0.0,1.2081314511676928,0.0020893270770708,0.4694776514612888,0.8205475610149794
59,Congo,979,Sangha,2009,0.0,0.2418445668321974,73.19118026859505,0.0,1.2818726884557845,0.0024523758329451,0.4746986551487699,0.864316766912287
59,Congo,979,Sangha,2010,0.0,0.2545335950349506,71.92208862304688,0.0,1.301900699013158,0.0024189349602569,0.4753960539165296,0.8551025390625
59,Congo,979,Sangha,2011,0.0,0.2587640718527776,73.68734975961539,0.0,1.3127350936602948,0.0041951868269178,0.474459335550137,0.8688082181490384
59,Congo,979,Sangha,2012,0.0,0.2541600409474461,69.53634600572182,0.0,1.2866674654292864,0.0033175260242488,0.4766372586667415,0.7963973031917089
59,Congo,979,Sangha,2013,0.0,0.2482018280029297,66.49692254317434,0.0,1.2593829345703125,0.0033616455128559,0.4569319152832031,0.7708127373143246
59,Congo,979,Sangha,2014,0.0,0.2439653567303015,63.11595458984375,0.0,1.2333668512129137,0.0,0.4607592630942971,0.7304759979248047
59,Congo,979,Sangha,2015,0.0,0.2378659167226636,62.13552051380368,0.0,1.182686760655423,0.0020532747730612,0.4450372072158554,0.7218684097009203
59,Congo,979,Sangha,2016,0.0,0.220896278939596,48.142693285672166,0.0,1.103642586631642,0.0028087573591619,0.4119093625803027,0.5679374550873378
59,Congo,979,Sangha,2017,0.0,0.2141601040831998,47.58761031539352,0.0,1.090882077991453,0.0,0.4058499588925614,0.5613592995537652
59,Congo,979,Sangha,2018,0.0,0.1991343430218341,47.648622011808754,0.0,1.00666202115937,0.0027886773459613,0.3751935762384236,0.5654719480171732
59,Congo,979,Sangha,2019,0.0,0.1916984721926823,47.84666606104651,0.0,0.9829127773916796,0.0,0.368347729641967,0.5666335349859193
59,Congo,979,Sangha,2020,0.0,0.1888344920557299,49.24133070459906,0.0,0.9690613067489692,0.0,0.3624587166255739,0.5854924040020637
59,Congo,979,Sangha,2021,0.0,0.1900076736496294,47.695092553490994,0.0,0.975689014999528,0.0026297059375792,0.3698334247324041,0.5755402848527238
68,Democratic Republic of the Congo,1066,Bandundu,2001,0.0,0.6297438938484826,47.68821280691559,0.0,6.260257088318257,0.0,0.9874799387219142,2.077368210173616
68,Democratic Republic of the Congo,1066,Bandundu,2002,0.0,0.6035202721363019,45.40629986219901,0.0,6.161006770782752,0.0,0.9709844190055356,1.9792486843178847
68,Democratic Republic of the Congo,1066,Bandundu,2003,0.0,0.602341219505168,45.67837859947644,0.0,6.160389396714868,0.0,0.9720128219320168,1.9857823237074608
68,Democratic Republic of the Congo,1066,Bandundu,2004,0.0,0.601291590608626,46.64573922541469,0.0,6.168748408087522,0.0,0.9724740328752668,2.026581678345305
68,Democratic Republic of the Congo,1066,Bandundu,2005,0.0,0.6002329505503831,46.70576994091581,0.0,6.16804641281156,0.0,0.9731602058784308,2.025152614937223
68,Democratic Republic of the Congo,1066,Bandundu,2006,0.0,0.5983535918878985,46.94732261887128,0.0,6.179995200925298,0.0,0.9726530329546555,2.037351526625685
68,Democratic Republic of the Congo,1066,Bandundu,2007,0.0,0.5967523861023717,46.89914667896679,0.0,6.182359102734753,0.0,0.9732477651560988,2.0328316708948337
68,Democratic Republic of the Congo,1066,Bandundu,2008,0.0,0.5954428405053654,46.92313107332156,0.0,6.191380570862336,0.0,0.9726900482767789,2.0321677559536955
68,Democratic Republic of the Congo,1066,Bandundu,2009,0.0,0.5926900012054002,46.93384728340676,0.0,6.1794931292189,0.0,0.9712899100470106,2.031402578928047
68,Democratic Republic of the Congo,1066,Bandundu,2010,0.0,0.5902748240008177,46.59870022525796,0.0,6.172096689832628,0.0,0.9702291220782032,2.0320282980308093
68,Democratic Republic of the Congo,1066,Bandundu,2011,0.0,0.5885616127961601,46.58581191165822,0.0,6.177626243512111,0.0,0.9697077896722416,2.032957888305576
68,Democratic Republic of the Congo,1066,Bandundu,2012,0.0,0.7013071699871543,46.49606391410866,0.0,6.17974415037937,0.0,0.97034249468762,2.030186603797377
68,Democratic Republic of the Congo,1066,Bandundu,2013,0.0,0.7427291496737357,46.23476121588799,0.0,6.183546519647827,0.0,0.9703404633672392,2.0206949207029576
68,Democratic Republic of the Congo,1066,Bandundu,2014,0.0,0.7441054103863375,45.8814966058549,0.0,6.18752394406666,0.0,0.9715768963700796,2.006512764504667
68,Democratic Republic of the Congo,1066,Bandundu,2015,0.0,0.785627532935635,45.45300492524801,0.0,6.198287765397858,0.0,0.9698615216442712,1.9894948236866008
68,Democratic Republic of the Congo,1066,Bandundu,2016,0.0,0.8135625491352201,42.95373898755419,0.0,6.181232281541833,0.0,0.9664799156065372,1.9833087155642568
68,Democratic Republic of the Congo,1066,Bandundu,2017,0.0,0.8404316956635567,41.07052335337715,0.0,6.184799020016184,0.0,0.9660505075447448,1.977980434336107
68,Democratic Republic of the Congo,1066,Bandundu,2018,0.0,0.8901730133779862,41.073392857142856,0.0,6.18461353145522,0.0,0.9681798815670506,1.9793049052700349
68,Democratic Republic of the Congo,1066,Bandundu,2019,0.0,0.9418611802285484,41.32914373780997,0.0,6.193073243673896,0.0,0.967918454058457,1.9838169254144609
68,Democratic Republic of the Congo,1066,Bandundu,2020,0.0,1.0432554991979563,41.50882123002085,0.0,6.203422424548479,0.0,0.9698224549964354,1.985465302510424
68,Democratic Republic of the Congo,1066,Bandundu,2021,0.0,1.1579238416896585,41.19815087743351,0.0,6.215578842997812,0.0,0.9714295774961944,1.9673664248868932
68,Democratic Republic of the Congo,1067,Bas-Congo,2001,0.0,0.3520901933278002,9.87107868249759,0.0,1.7606640399465936,0.0,0.6997929597286374,0.9505380981798456
68,Democratic Republic of the Congo,1067,Bas-Congo,2002,0.0,0.3382983905889145,9.453536928390443,0.0,1.727735728204388,0.0,0.6887516012918591,0.9053945651846044
68,Democratic Republic of the Congo,1067,Bas-Congo,2003,0.0,0.3402009677666714,9.469191149855211,0.0,1.7363721041426097,0.0,0.6868784281177829,0.9085008775865708
68,Democratic Republic of the Congo,1067,Bas-Congo,2004,0.0,0.3422087283938366,9.441291304872166,0.0,1.7275235006495382,0.0,0.6857333352879619,0.9104252404425952
68,Democratic Republic of the Congo,1067,Bas-Congo,2005,0.0,0.344967996716224,9.520496035335263,0.0,1.73633489102194,0.0,0.6860295178983834,0.9132898591074228
68,Democratic Republic of the Congo,1067,Bas-Congo,2006,0.0,0.3484647896218245,9.5578456644959,0.0,1.7418577691974595,0.0,0.6858738430102482,0.916660424769356
68,Democratic Republic of the Congo,1067,Bas-Congo,2007,0.0,0.3511696478511114,9.61461031626506,0.0,1.7464509959584296,0.0,0.693128484501299,0.9178310899849398
68,Democratic Republic of the Congo,1067,Bas-Congo,2008,0.0,0.354712252363597,9.57125143003372,0.0,1.7683955732173788,0.0,0.694465112135537,0.9214188239477964
68,Democratic Republic of the Congo,1067,Bas-Congo,2009,0.0,0.3507762600588193,9.630118956225916,0.0,1.773812563149538,0.0,0.6949778638315531,0.9228198689073036
68,Democratic Republic of the Congo,1067,Bas-Congo,2010,0.0,0.3528486925790271,9.694413084055876,0.0,1.7602477040632216,0.0,0.6982931581986144,0.9329230688899928
68,Democratic Republic of the Congo,1067,Bas-Congo,2011,0.0,0.352171498358112,9.647413896917149,0.0,1.7615477951789835,0.0,0.6974075986937067,0.9367454102503312
68,Democratic Republic of the Congo,1067,Bas-Congo,2012,0.0,0.4126997667977771,9.728825152035164,0.0,1.751663877562067,0.0,0.6932741795070727,0.9419686201679912
68,Democratic Republic of the Congo,1067,Bas-Congo,2013,0.0,0.4393114896073903,9.74196546844894,0.0,1.751695790632217,0.0,0.7020673580037529,0.9440488135424192
68,Democratic Republic of the Congo,1067,Bas-Congo,2014,0.0,0.439532484799004,9.798135747354497,0.0,1.767414387269053,0.0,0.7068767591657044,0.9490010315205628
68,Democratic Republic of the Congo,1067,Bas-Congo,2015,0.0,0.4616744889398094,9.77746564450312,0.0,1.7627571088337182,0.0,0.6979848531322171,0.952292308175558
68,Democratic Republic of the Congo,1067,Bas-Congo,2016,0.0,0.4790954166967379,9.211516618842658,0.0,1.7855795774393763,0.0,0.7006670733797633,0.9428097375097142
68,Democratic Republic of the Congo,1067,Bas-Congo,2017,0.0,0.4938965971420323,8.814450322812052,0.0,1.7772524087038106,0.0,0.697759657368649,0.9440477207937292
68,Democratic Republic of the Congo,1067,Bas-Congo,2018,0.0,0.522909863055716,8.846317738223338,0.0,1.789556870669746,0.0,0.7054339049870092,0.9449388165613044
68,Democratic Republic of the Congo,1067,Bas-Congo,2019,0.0,0.5520303704171478,8.93642863014108,0.0,1.781517145099596,0.0,0.7095969819031467,0.951645911794596
68,Democratic Republic of the Congo,1067,Bas-Congo,2020,0.0,0.6073748511475173,8.900889653110047,0.0,1.7769822188943418,0.0,0.6949932565314665,0.9526700690602572
68,Democratic Republic of the Congo,1067,Bas-Congo,2021,0.0,0.6713424576898095,8.972157480608592,0.0,1.7855854413250578,0.0,0.7056647954857102,0.9529839927655132
68,Democratic Republic of the Congo,1068,Equateur,2001,0.0,0.2267164819814761,18.216824467507063,0.0182654925755092,3.1059369860823485,0.0,1.1764364950054818,1.90575460837318
68,Democratic Republic of the Congo,1068,Equateur,2002,0.0,0.2159807178465971,17.046327659178022,0.0174827626773289,3.038377159859836,0.0,1.1481538295976317,1.7749085824371806
68,Democratic Republic of the Congo,1068,Equateur,2003,0.0,0.2151559965688599,16.975850470501165,0.0294489374867192,3.038325609269629,0.0,1.1466249087412692,1.7589387786794248
68,Democratic Republic of the Congo,1068,Equateur,2004,0.0,0.2148475037537537,17.06013926988816,0.0236354683126722,3.027269144144144,0.0,1.145316136448949,1.7640349691390589
68,Democratic Republic of the Congo,1068,Equateur,2005,0.0,0.214759105592125,17.240579435398043,0.0207710844097715,3.037113127852168,0.0,1.1435230228098354,1.7829341441836952
68,Democratic Republic of the Congo,1068,Equateur,2006,0.0,0.2128069909477891,16.896223279457768,0.0280078907270689,3.0142046720848685,0.0,1.1356322618269346,1.7617800524635037
68,Democratic Republic of the Congo,1068,Equateur,2007,0.0,0.2117926275943082,16.808991132104612,0.0201740571430751,3.0030344718591038,0.0,1.1313841054950906,1.7331729995752676
68,Democratic Republic of the Congo,1068,Equateur,2008,0.0,0.211263428453705,16.642649817481242,0.0210780764327329,3.0012031802445494,0.0,1.1284334487330585,1.7147607689236464
68,Democratic Republic of the Congo,1068,Equateur,2009,0.0,0.2083543709425638,16.156488608374385,0.0211959071457386,2.967225387619492,0.0,1.1153147495774074,1.6837501924261085
68,Democratic Republic of the Congo,1068,Equateur,2010,0.0,0.2056359235909051,15.674891810918774,0.0230295947619846,2.938039483824038,0.0,1.1062392643394214,1.6355280013553355
68,Democratic Republic of the Congo,1068,Equateur,2011,0.0,0.2041434423732943,15.583051550150545,0.0216308037439982,2.92893881328116,0.0,1.1017059441649466,1.6279219690910802
68,Democratic Republic of the Congo,1068,Equateur,2012,0.0,0.2414901303597901,15.31417895783244,0.0233403702039976,2.918006391478504,0.0,1.0938910998617288,1.5945573301969669
68,Democratic Republic of the Congo,1068,Equateur,2013,0.0,0.253786029656045,15.109097405703352,0.0217839350571503,2.8992382326538118,0.0,1.088471018116659,1.5823759295850035
68,Democratic Republic of the Congo,1068,Equateur,2014,0.0,0.2517732939201038,14.85075517579868,0.0210802376270294,2.8850670331790123,0.0,1.0833156872544891,1.5575418930149028
68,Democratic Republic of the Congo,1068,Equateur,2015,0.0,0.2644870356844741,14.474612093336813,0.0200810921497834,2.867285101905954,0.0,1.0738385590567612,1.5213019066414406
68,Democratic Republic of the Congo,1068,Equateur,2016,0.0,0.2670850887930102,12.827641253869968,0.0179852592317681,2.792612233891474,0.0,1.04457444614261,1.4188130779493238
68,Democratic Republic of the Congo,1068,Equateur,2017,0.0,0.2730867127320263,11.962339807173464,0.0188877414434384,2.763381215229485,0.0,1.0320846804121644,1.3786337858078084
68,Democratic Republic of the Congo,1068,Equateur,2018,0.0,0.2858233784520348,11.96139814851407,0.0197484731674194,2.7325038401823467,0.0,1.0224253229056557,1.3808126000335916
68,Democratic Republic of the Congo,1068,Equateur,2019,0.0,0.3012176050504584,12.081162093898572,0.0194851756095886,2.7304607217669687,0.0,1.0213501594118888,1.387884434429477
68,Democratic Republic of the Congo,1068,Equateur,2020,0.0,0.3308839630101373,12.170912563582895,0.0202856353351048,2.716133418247066,0.0,1.0154815443603311,1.3886819650592117
68,Democratic Republic of the Congo,1068,Equateur,2021,0.0,0.3686205552764233,11.966612275333128,0.0196600510523869,2.739090504744333,0.0,1.025277267560622,1.3652492034978307
68,Democratic Republic of the Congo,1069,Kasai Occidental,2001,0.0,0.0607906316510958,28.60635869941796,0.0,1.943980143941466,0.0,0.3337546806975405,0.6862594705991893
68,Democratic Republic of the Congo,1069,Kasai Occidental,2002,0.0,0.0580964102341899,27.01732915521978,0.0,1.909008326405339,0.0,0.3282891098333865,0.6482974544986264
68,Democratic Republic of the Congo,1069,Kasai Occidental,2003,0.0,0.0580635404447772,27.12818342727523,0.0,1.9076486481869532,0.0,0.3289924376907571,0.6522227201548323
68,Democratic Republic of the Congo,1069,Kasai Occidental,2004,0.0,0.0581627364412156,27.09728478692793,0.0,1.9112622621540425,0.0,0.3285397101039011,0.6511866746454508
68,Democratic Republic of the Congo,1069,Kasai Occidental,2005,0.0,0.058005696540534,27.08939503751705,0.0,1.9129181713489536,0.0,0.3292458698248408,0.6496270277327763
68,Democratic Republic of the Congo,1069,Kasai Occidental,2006,0.0,0.0576788381088611,27.195679444292736,0.0,1.9118427494891008,0.0,0.3284369944226839,0.6521444107130666
68,Democratic Republic of the Congo,1069,Kasai Occidental,2007,0.0,0.0574587954487397,27.51288599903608,0.0,1.9067366849800216,0.0,0.3291972500170269,0.6588248733776852
68,Democratic Republic of the Congo,1069,Kasai Occidental,2008,0.0,0.0575726108886984,28.064355851287072,0.0,1.924983969266388,0.0,0.3292129042794965,0.6691484670100027
68,Democratic Republic of the Congo,1069,Kasai Occidental,2009,0.0,0.057417964762222,27.847106256929045,0.0,1.9114632950009072,0.0,0.3290378582323988,0.6640587106776608
68,Democratic Republic of the Congo,1069,Kasai Occidental,2010,0.0,0.0571775374160113,27.624229663106,0.0,1.9233463942961384,0.0,0.3287403308627742,0.6644832430327308
68,Democratic Republic of the Congo,1069,Kasai Occidental,2011,0.0,0.0570248964581775,27.51743082970324,0.0,1.92325726872621,0.0,0.3297451697593801,0.6631393785733732
68,Democratic Republic of the Congo,1069,Kasai Occidental,2012,0.0,0.0682879759041551,27.320217713669454,0.0,1.9221873869187625,0.0,0.3292468895592093,0.6593338469348207
68,Democratic Republic of the Congo,1069,Kasai Occidental,2013,0.0,0.0720455893987341,27.14484295769949,0.0,1.9265690339624773,0.0,0.3299855237412409,0.6523500050040032
68,Democratic Republic of the Congo,1069,Kasai Occidental,2014,0.0,0.0719829886694049,26.89181077075099,0.0,1.9276470401422765,0.0,0.329931464190944,0.6475875432312252
68,Democratic Republic of the Congo,1069,Kasai Occidental,2015,0.0,0.0762371973855351,26.67774303743804,0.0,1.9275314094099856,0.0,0.330484871745497,0.6425801632207149
68,Democratic Republic of the Congo,1069,Kasai Occidental,2016,0.0,0.0791195408677943,24.77060461607601,0.0,1.9265292028969183,0.0,0.3294275159727541,0.6321432136179057
68,Democratic Republic of the Congo,1069,Kasai Occidental,2017,0.0,0.0817695049836541,23.677258722791294,0.0,1.9254662298387095,0.0,0.3296116223784691,0.6278586022527208
68,Democratic Republic of the Congo,1069,Kasai Occidental,2018,0.0,0.086863559180497,23.72875464029698,0.0,1.933009466795819,0.0,0.3299900205484659,0.6303324662778418
68,Democratic Republic of the Congo,1069,Kasai Occidental,2019,0.0,0.0922572560353322,23.88932724916816,0.0,1.9336757460585583,0.0,0.3302387299408784,0.6325798571674238
68,Democratic Republic of the Congo,1069,Kasai Occidental,2020,0.0,0.1022253213455346,23.96422245979065,0.0,1.941191269028103,0.0,0.331360402053121,0.6327870699834056
68,Democratic Republic of the Congo,1069,Kasai Occidental,2021,0.0,0.1128725047411414,23.210841711623345,0.0,1.94780309515228,0.0,0.3314004177272932,0.6115336509356608
68,Democratic Republic of the Congo,1070,Kasai Oriental,2001,0.0,0.0079781930567334,20.11268433988764,0.0,0.3428834833162967,0.0,0.0806650265132155,0.0693462860450316
68,Democratic Republic of the Congo,1070,Kasai Oriental,2002,0.0,0.0077769720262638,19.033020508682103,0.0,0.3367995532590951,0.0,0.0789694885709392,0.0692423398433152
68,Democratic Republic of the Congo,1070,Kasai Oriental,2003,0.0,0.0079121478954395,19.008888957782187,0.0,0.3377551278634181,0.0,0.0791586378810123,0.0631342287416811
68,Democratic Republic of the Congo,1070,Kasai Oriental,2004,0.0,0.0074489027622309,18.63135504485517,0.0,0.3348150386267777,0.0,0.0789686218250371,0.0622653392193073
68,Democratic Republic of the Congo,1070,Kasai Oriental,2005,0.0,0.0076330841564741,18.35778196686491,0.0,0.3360315604856473,0.0,0.0791640015440954,0.0612196748096657
68,Democratic Republic of the Congo,1070,Kasai Oriental,2006,0.0,0.0075477944664111,18.00357545921544,0.0,0.3368401351320162,0.0,0.0785603713425787,0.0609722082028006
68,Democratic Republic of the Congo,1070,Kasai Oriental,2007,0.0,0.0076033612179861,17.856270567667625,0.0,0.3358895727629151,0.0,0.0791112808283844,0.0599016058547954
68,Democratic Republic of the Congo,1070,Kasai Oriental,2008,0.0,0.0077597500233168,17.907772206303726,0.0,0.338026078735374,0.0,0.0788651820109521,0.0594567491341652
68,Democratic Republic of the Congo,1070,Kasai Oriental,2009,0.0,0.0076185212557152,17.808187905844157,0.0,0.3377969128707384,0.0,0.0783267491794075,0.0598168435034813
68,Democratic Republic of the Congo,1070,Kasai Oriental,2010,0.0,0.0074892277566734,17.402549504950496,0.0,0.3360788986706022,0.0,0.0783727325713178,0.0590457546120823
68,Democratic Republic of the Congo,1070,Kasai Oriental,2011,0.0,0.0076859011381388,17.39851881628044,0.0,0.3364734255275046,0.0,0.0783975194597724,0.0599556418731281
68,Democratic Republic of the Congo,1070,Kasai Oriental,2012,0.0,0.0084297025254508,17.145215974903476,0.0,0.3369774704411161,0.0,0.0783485653496589,0.0577689093512457
68,Democratic Republic of the Congo,1070,Kasai Oriental,2013,0.0,0.0086354241722291,16.915769532736963,0.0,0.3343623132164301,0.0,0.078342565455985,0.0583516946073081
68,Democratic Republic of the Congo,1070,Kasai Oriental,2014,0.0,0.0086346625365624,16.641244390426326,0.0,0.3355350026812466,0.0,0.0780704041801911,0.0613897490519236
68,Democratic Republic of the Congo,1070,Kasai Oriental,2015,0.0,0.0087560936690081,16.400048487421962,0.0,0.3348797784335371,0.0,0.0781812363776607,0.0581195787870398
68,Democratic Republic of the Congo,1070,Kasai Oriental,2016,0.0,0.0091760536139639,14.91211629606662,0.0,0.3347768991076245,0.0,0.0775050557875157,0.0581097511599707
68,Democratic Republic of the Congo,1070,Kasai Oriental,2017,0.0,0.0095726765178519,14.205692397635016,0.0,0.3334740188381943,0.0,0.0773277083854119,0.0634012656850218
68,Democratic Republic of the Congo,1070,Kasai Oriental,2018,0.0,0.0099441467424347,14.04127250782881,0.0,0.3329752238905408,0.0,0.0776265717922464,0.0551316507508046
68,Democratic Republic of the Congo,1070,Kasai Oriental,2019,0.0,0.0096711147422431,14.26741805531129,0.0,0.3348377279814249,0.0,0.0773995831469709,0.0549232839825201
68,Democratic Republic of the Congo,1070,Kasai Oriental,2020,0.0,0.0109894069882894,14.278729177597064,0.0,0.3356562408847155,0.0,0.0777037138999674,0.0530909631334847
68,Democratic Republic of the Congo,1070,Kasai Oriental,2021,0.0,0.0120071986520902,13.509543649983671,0.0,0.3348496535728718,0.0,0.07776289424677,0.0510140387237967
68,Democratic Republic of the Congo,1071,Katanga,2001,0.0,0.1654549692470339,18.0391278829311,0.0,0.5600926940051549,0.0,0.0978204207202459,0.966062267358408
68,Democratic Republic of the Congo,1071,Katanga,2002,0.0,0.1587775422802688,17.368529148696336,0.0,0.5521776908642887,0.0,0.096102183994858,0.9248675772826408
68,Democratic Republic of the Congo,1071,Katanga,2003,0.0,0.1584457352403123,17.599635684924724,0.0,0.5526457897574212,0.0,0.096490507921777,0.9339286211742274
68,Democratic Republic of the Congo,1071,Katanga,2004,0.0,0.1577865694654004,18.359668932462995,0.0,0.553659992132052,0.0,0.0965989460390276,0.972509082994963
68,Democratic Republic of the Congo,1071,Katanga,2005,0.0,0.1577188657527327,18.52176674963701,0.0,0.5539327800406673,0.0,0.0966788780403305,0.9803047741975212
68,Democratic Republic of the Congo,1071,Katanga,2006,0.0,0.1577139710512938,18.903926112288136,0.0,0.5537857619281977,0.0,0.096439183119609,1.004698051840572
68,Democratic Republic of the Congo,1071,Katanga,2007,0.0,0.1574455213405947,19.243965124383443,0.0,0.5562407013320468,0.0,0.0970200146997876,1.02186249715178
68,Democratic Republic of the Congo,1071,Katanga,2008,0.0,0.1564851480339843,19.64558588630406,0.0,0.5566020238920116,0.0,0.0968097449028324,1.0454740445131607
68,Democratic Republic of the Congo,1071,Katanga,2009,0.0,0.1577742505010555,19.919734140762788,0.0,0.5577250480009583,0.0,0.0974183320962091,1.058215267443783
68,Democratic Republic of the Congo,1071,Katanga,2010,0.0,0.157782218619677,20.27162766785238,0.0,0.558513411127804,0.0,0.0973079546815909,1.076324069378057
68,Democratic Republic of the Congo,1071,Katanga,2011,0.0,0.1558981379999223,20.328506309895253,0.0,0.5601779131644045,0.0,0.0971699544557517,1.0834317803515712
68,Democratic Republic of the Congo,1071,Katanga,2012,0.0,0.1875189464153888,20.1991327849912,0.0,0.5595687947631197,0.0,0.0975549979783744,1.0820171732298085
68,Democratic Republic of the Congo,1071,Katanga,2013,0.0,0.1989063238631948,20.049818791028446,0.0,0.5614278200765425,0.0,0.0975320485319639,1.0748794789387308
68,Democratic Republic of the Congo,1071,Katanga,2014,0.0,0.199278928267303,20.62133215962441,0.0,0.5619656554356836,0.0,0.0978484397563688,1.1015396851595685
68,Democratic Republic of the Congo,1071,Katanga,2015,0.0,0.2107492753312309,20.373168245923317,0.0,0.564135917992022,0.0,0.0976146007704437,1.0903527977289005
68,Democratic Republic of the Congo,1071,Katanga,2016,0.0,0.2193990601768507,19.961268056187443,0.0,0.5659737961715795,0.0,0.0978986325797803,1.1188711595058007
68,Democratic Republic of the Congo,1071,Katanga,2017,0.0,0.2260244875715562,19.57213547755436,0.0,0.567774590980029,0.0,0.0974734322688668,1.1492254628682488
68,Democratic Republic of the Congo,1071,Katanga,2018,0.0,0.2390477324201549,19.54551267147175,0.0,0.5704858255517277,0.0,0.097698531619923,1.1473833983012671
68,Democratic Republic of the Congo,1071,Katanga,2019,0.0,0.2528917693736077,19.6237929106645,0.0,0.5718281626398747,0.0,0.0978615302369612,1.1500207837186338
68,Democratic Republic of the Congo,1071,Katanga,2020,0.0,0.2789922652081282,15.856665931873028,0.0,0.5691784470030565,0.0,0.0980530306878302,0.9244891673531186
68,Democratic Republic of the Congo,1071,Katanga,2021,0.0,0.309483270289916,17.772685925887696,0.0,0.5730222168348185,0.0,0.0987301184057368,1.0304129464285714
68,Democratic Republic of the Congo,1072,Kinshasa,2001,0.0,0.9968232688107236,49.96839488636363,0.0,1.889621814276392,0.0,0.7537040267908933,1.5584213838549303
68,Democratic Republic of the Congo,1072,Kinshasa,2002,0.0,0.9620843520020664,47.53278744533527,0.0,1.9059078632540605,0.0,0.7510687524923869,1.468670280612245
68,Democratic Republic of the Congo,1072,Kinshasa,2003,0.0,0.9574679133510368,47.28789518039358,0.0,1.8819159487837152,0.0,0.7591792768226145,1.4756907471414906
68,Democratic Republic of the Congo,1072,Kinshasa,2004,0.0,0.9691507644830336,47.703539039656434,0.0,1.8890594694841207,0.0,0.7594546430901972,1.488364593327394
68,Democratic Republic of the Congo,1072,Kinshasa,2005,0.0,0.9723186448665894,47.56190779883382,0.0,1.8887605246700987,0.0,0.7607494097574681,1.4782582274678844
68,Democratic Republic of the Congo,1072,Kinshasa,2006,0.0,0.9970113307306772,47.90847075437318,0.0,1.9079537446980133,0.0,0.7588804028150377,1.490856381964058
68,Democratic Republic of the Congo,1072,Kinshasa,2007,0.0,0.9982311133718824,47.99376589752907,0.0,1.9007717052911108,0.0,0.7641472694768706,1.4893546880677688
68,Democratic Republic of the Congo,1072,Kinshasa,2008,0.0,0.9982210588565836,48.04539880087209,0.0,1.9088531281721288,0.0,0.7646440475003625,1.4933219732240188
68,Democratic Republic of the Congo,1072,Kinshasa,2009,0.0,1.0016798121193446,48.11844794694768,0.0,1.9089242178436772,0.0,0.7641608643144576,1.4938056413517442
68,Democratic Republic of the Congo,1072,Kinshasa,2010,0.0,1.000572611726907,47.78527411099138,0.0,1.9054446474858613,0.0,0.7547382257377465,1.4906209309895833
68,Democratic Republic of the Congo,1072,Kinshasa,2011,0.0,0.9997647809871664,47.85594019396552,0.0,1.917458660364704,0.0,0.7688210613489704,1.496099888593301
68,Democratic Republic of the Congo,1072,Kinshasa,2012,0.0,1.1758348504794447,48.11154700969828,0.0,1.920202268525232,0.0,0.7697009730505003,1.50067103594199
68,Democratic Republic of the Congo,1072,Kinshasa,2013,0.0,1.2447052355985353,48.44235475035919,0.0,1.9218466774216936,0.0,0.7711986709913355,1.4987173847768498
68,Democratic Republic of the Congo,1072,Kinshasa,2014,0.0,1.248830702354626,48.4444369612069,0.0,1.9208958884679523,0.0,0.7714622833889211,1.5198834298670978
68,Democratic Republic of the Congo,1072,Kinshasa,2015,0.0,1.3141880256670533,47.91194891997167,0.0,1.932843343287776,0.0,0.7732349227586645,1.496087352547362
68,Democratic Republic of the Congo,1072,Kinshasa,2016,0.0,1.3553495119453307,45.12033358487216,0.0,1.9434543972502176,0.0,0.7647901920044229,1.504026933149858
68,Democratic Republic of the Congo,1072,Kinshasa,2017,0.0,1.404183301460992,42.89729863556338,0.0,1.946754968913138,0.0,0.7762116965450986,1.4906796737455985
68,Democratic Republic of the Congo,1072,Kinshasa,2018,0.0,1.489775974070113,42.72848842270195,0.0,1.9416789964290893,0.0,0.7818180801143779,1.4777124771500696
68,Democratic Republic of the Congo,1072,Kinshasa,2019,0.0,1.563114883175029,42.95981676532033,0.0,1.9598358933167777,0.0,0.7787665347212152,1.4886615721296137
68,Democratic Republic of the Congo,1072,Kinshasa,2020,0.0,1.733070037204539,42.85304752066116,0.0,1.9501181334741156,0.0,0.7793518916083599,1.474987523943268
68,Democratic Republic of the Congo,1072,Kinshasa,2021,0.0,1.920998416201421,42.60798067098093,0.0,1.9486330390806264,0.0,0.77829071540567,1.4680608182901906
68,Democratic Republic of the Congo,1073,Maniema,2001,0.0,0.022786220825016,5.603278211102107,0.0,0.6716467052129221,0.0,0.4315088392529368,0.2188019672643165
68,Democratic Republic of the Congo,1073,Maniema,2002,0.0,0.02292615013401,5.314965205711034,0.0,0.6573355284148921,0.0,0.4244996541578544,0.2077008386825455
68,Democratic Republic of the Congo,1073,Maniema,2003,0.0,0.0232002473619742,5.2593519854697455,0.0,0.655261507417103,0.0,0.4209186405272869,0.2035283212196042
68,Democratic Republic of the Congo,1073,Maniema,2004,0.0,0.0262815996865245,5.328617200040129,0.0,0.6557026251400737,0.0,0.4183717444151243,0.206446403229919
68,Democratic Republic of the Congo,1073,Maniema,2005,0.0,0.0243041159409234,5.280055445552757,0.0,0.6565680650839095,0.0,0.4178853300111639,0.2047968649029858
68,Democratic Republic of the Congo,1073,Maniema,2006,0.0,0.0221340613184447,5.281416792962572,0.0,0.6507731307087888,0.0,0.4177655570114715,0.2029984252479243
68,Democratic Republic of the Congo,1073,Maniema,2007,0.0,0.0224597977294215,5.218951012083116,0.0,0.6519790469692617,0.0,0.4175123802651896,0.2015693827555041
68,Democratic Republic of the Congo,1073,Maniema,2008,0.0,0.0246563590429067,5.187037656330583,0.0,0.6573676277352689,0.0,0.4155948734938143,0.1997487706090446
68,Democratic Republic of the Congo,1073,Maniema,2009,0.0,0.0233390860782531,5.131302500158791,0.0,0.6601590274815131,0.0,0.4155591111948059,0.198877008949838
68,Democratic Republic of the Congo,1073,Maniema,2010,0.0,0.0233281801526689,5.073264182150901,0.0,0.65085436081758,0.0,0.4172819273156506,0.1969207824768127
68,Democratic Republic of the Congo,1073,Maniema,2011,0.0,0.021187521997618,5.069134679859032,0.0,0.6483033780498586,0.0,0.4126117798024222,0.1957621621990394
68,Democratic Republic of the Congo,1073,Maniema,2012,0.0,0.0271735473425503,5.039218015887735,0.0,0.6495523904839164,0.0,0.4125148523472771,0.1961169898451023
68,Democratic Republic of the Congo,1073,Maniema,2013,0.0,0.0300093691280029,4.956884174485472,0.0,0.6482449306530899,0.0,0.4102847324328476,0.1934330457636577
68,Democratic Republic of the Congo,1073,Maniema,2014,0.0,0.0303348766785437,4.864277288105413,0.0,0.6468988605950882,0.0,0.4111023717923489,0.1900747793692129
68,Democratic Republic of the Congo,1073,Maniema,2015,0.0,0.0330262264962923,4.749327966662828,0.0,0.6433831182348043,0.0,0.4076643622718914,0.1841451468307375
68,Democratic Republic of the Congo,1073,Maniema,2016,0.0,0.035198364091911,4.219910779623808,0.0,0.6367769482408603,0.0,0.4021813988069957,0.1738458585449642
68,Democratic Republic of the Congo,1073,Maniema,2017,0.0,0.0348220134059491,4.027019775917927,0.0,0.6349192058703904,0.0,0.3988300249012845,0.1731106389418534
68,Democratic Republic of the Congo,1073,Maniema,2018,0.0,0.0375805872362329,4.029004622143165,0.0,0.6331897481557932,0.0,0.3981575379838928,0.1727898035547043
68,Democratic Republic of the Congo,1073,Maniema,2019,0.0,0.0381414717222732,4.058833149007337,0.0,0.631085661353941,0.0,0.3984337307649986,0.1734114816901907
68,Democratic Republic of the Congo,1073,Maniema,2020,0.0,0.0353960203491937,4.076935354004959,0.0,0.6319324305461559,0.0,0.3988176561654034,0.1736066850314319
68,Democratic Republic of the Congo,1073,Maniema,2021,0.0,0.045660873582674,4.090174175365906,0.0,0.6343079192362429,0.0,0.4006572670650922,0.1759198205613699
68,Democratic Republic of the Congo,1074,Nord-Kivu,2001,0.0,3.019863195586623,54.19443929277943,0.0571555756032466,8.84121365017361,0.0,3.131695306789108,1.982042503168274
68,Democratic Republic of the Congo,1074,Nord-Kivu,2002,0.0,2.895676124251633,49.5991646039604,0.0704481080174446,8.78591595609579,0.0,3.113001320981495,1.8836591361772896
68,Democratic Republic of the Congo,1074,Nord-Kivu,2003,0.0,2.8702059337662926,50.12747948543929,0.0739001929759979,8.746373778059377,0.0,3.089953710513215,1.872440500061698
68,Democratic Republic of the Congo,1074,Nord-Kivu,2004,0.0,2.868244327910959,50.39782823297137,0.1328443437814712,8.76301426189618,0.0,3.079400093502163,1.998937518316572
68,Democratic Republic of the Congo,1074,Nord-Kivu,2005,0.0,2.844014544308357,50.425493461444006,0.0915676429867744,8.70210200153098,0.0,3.0943001958753604,1.9116243313712549
68,Democratic Republic of the Congo,1074,Nord-Kivu,2006,0.0,2.849283036275126,49.568165204678365,0.0538686029613018,8.811013774228284,0.0,3.093470982142857,1.8843006632249024
68,Democratic Republic of the Congo,1074,Nord-Kivu,2007,0.0,2.8089235479181465,50.08853282613967,0.0700863972306251,8.734396501020951,0.0,3.089519153941761,1.8963806566743453
68,Democratic Republic of the Congo,1074,Nord-Kivu,2008,0.0,2.824099699094523,49.844703019527486,0.0574416071176528,8.997954394876325,0.0,3.067742725817138,1.9304339299436477
68,Democratic Republic of the Congo,1074,Nord-Kivu,2009,0.0,2.7856462469255097,49.81951179358238,0.052273254841566,8.777675904778636,0.0,3.0719393035180955,1.8750460686811543
68,Democratic Republic of the Congo,1074,Nord-Kivu,2010,0.0,2.7923701343201754,49.89176014957265,0.0755574777722358,8.729405153508772,0.0,3.0494675164473684,1.904499398111052
68,Democratic Republic of the Congo,1074,Nord-Kivu,2011,0.0,2.753308385797234,49.13680752840909,0.0546647049486637,8.733522121824983,0.0,3.031897643745651,1.880399761777936
68,Democratic Republic of the Congo,1074,Nord-Kivu,2012,0.0,3.2675050350831603,49.68843058498117,0.1947127729654312,8.727734645703396,0.0,3.048428837491337,1.912650185565266
68,Democratic Republic of the Congo,1074,Nord-Kivu,2013,0.0,3.4150471000514404,48.85941113552266,0.0605393946170806,8.575772676611797,0.0,3.017710074802812,1.9028234490633675
68,Democratic Republic of the Congo,1074,Nord-Kivu,2014,0.0,3.395842424855245,48.117404513888886,0.1649786829948425,8.544726296406676,0.0,2.978898799386921,1.8576823583717557
68,Democratic Republic of the Congo,1074,Nord-Kivu,2015,0.0,3.566630141604855,47.5563621107852,0.1168581992387771,8.558980292270736,0.0,2.964684391857721,2.0101465989536327
68,Democratic Republic of the Congo,1074,Nord-Kivu,2016,0.0,3.624232839386168,43.511494954427086,0.0803911685943603,8.384201403251158,0.0,2.905209130439278,1.7771393458048503
68,Democratic Republic of the Congo,1074,Nord-Kivu,2017,0.0,3.7366751546063446,41.31688904494382,0.0722424089908599,8.463050496178502,0.0,2.9010859683185406,1.7988867862737683
68,Democratic Republic of the Congo,1074,Nord-Kivu,2018,0.0,3.9277426780166778,41.000523968185725,0.1710351258516311,8.295550349493134,0.0,2.850033148197351,1.7184059359549655
68,Democratic Republic of the Congo,1074,Nord-Kivu,2019,0.0,4.14966823630137,41.43570921700943,0.583293867111206,8.428255463144161,0.0,2.885073946102413,1.7543121050235646
68,Democratic Republic of the Congo,1074,Nord-Kivu,2020,0.0,4.58940147315627,41.15374335106383,0.4792793273925781,8.261200962475634,0.0,2.842329891569201,1.7890668633643616
68,Democratic Republic of the Congo,1074,Nord-Kivu,2021,0.0,5.084564049206479,40.60352050374688,0.2241025924682617,8.371422253354057,0.0,2.8441893892138417,1.7452235035257078
68,Democratic Republic of the Congo,1075,Orientale,2001,0.0,0.8899225073986993,12.71406194222989,0.0695972953523908,1.975230009382819,0.0,0.3554905599863312,0.8279567974513624
68,Democratic Republic of the Congo,1075,Orientale,2002,0.0,0.8516591992825479,12.149916374820402,0.076376736164093,1.9413322269596969,0.0,0.3466604369959211,0.789227365077227
68,Democratic Republic of the Congo,1075,Orientale,2003,0.0,0.8509124627454417,12.901947492410828,0.2756960690021515,1.95340104214968,0.0,0.3509020773077413,0.8322761935160005
68,Democratic Republic of the Congo,1075,Orientale,2004,0.0,0.8574573162490597,14.16348508266185,0.064093804359436,1.9640543311048395,0.0,0.3527392636861525,0.902725597062552
68,Democratic Republic of the Congo,1075,Orientale,2005,0.0,0.8526257217951418,15.672161609599511,0.1693758567174275,1.955097216778864,0.0,0.3538124256141068,1.0185163982488157
68,Democratic Republic of the Congo,1075,Orientale,2006,0.0,0.8612775586569579,15.174943865053445,0.1240099668502807,1.9524565095800823,0.0,0.3498091916088228,0.9858504270431264
68,Democratic Republic of the Congo,1075,Orientale,2007,0.0,0.8419787408876002,14.783539286230836,0.1261880795160929,1.9408124800173563,0.0,0.3501318676064218,0.9605701944198366
68,Democratic Republic of the Congo,1075,Orientale,2008,0.0,0.853750767587674,14.730039430488151,0.1289859414100647,1.9529488825257308,0.0,0.3517745525548775,0.9533921398845632
68,Democratic Republic of the Congo,1075,Orientale,2009,0.0,0.8576144691760557,14.209221830503834,0.1144420802593231,1.9401519301138417,0.0,0.3476453973448229,0.9242119178061678
68,Democratic Republic of the Congo,1075,Orientale,2010,0.0,0.8474747996832336,13.666319834015312,0.1288320223490397,1.9357605391277035,0.0,0.34480120910409,0.8895028425496634
68,Democratic Republic of the Congo,1075,Orientale,2011,0.0,0.8372730249826309,13.413456965759607,0.1135253459215164,1.931387590680804,0.0,0.3441680254255022,0.8618342271932229
68,Democratic Republic of the Congo,1075,Orientale,2012,0.0,0.9951962345685992,13.032856344673457,0.1435561180114746,1.9688557424363056,0.0,0.3758882278258802,0.8480628074947231
68,Democratic Republic of the Congo,1075,Orientale,2013,0.0,1.0252254469219717,12.685068443804036,0.1616629163424174,1.951472816387088,0.0,0.3783993630786834,0.8390663579378302
68,Democratic Republic of the Congo,1075,Orientale,2014,0.0,1.0304043872208246,12.20670994108133,0.1249666810035705,1.9224232783213293,0.0,0.3748861919960517,0.7991962538629275
68,Democratic Republic of the Congo,1075,Orientale,2015,0.0,1.075507146661932,11.666581411210318,0.1086754004160563,1.909570597529831,0.0,0.3623363761106103,0.7650689019097222
68,Democratic Republic of the Congo,1075,Orientale,2016,0.0,1.0918179327271371,10.461109140722616,0.1339321335156758,1.8697794609976568,0.0,0.3620049266221334,0.7196760261024052
68,Democratic Republic of the Congo,1075,Orientale,2017,0.0,1.1162044204838233,9.98880325758352,0.0919383068879445,1.870496000488728,0.0,0.3573874300702936,0.7063700837614009
68,Democratic Republic of the Congo,1075,Orientale,2018,0.0,1.1701868755481082,9.934184045385395,0.1301724761724472,1.848772552079028,0.0,0.3441082289901422,0.7066565213774088
68,Democratic Republic of the Congo,1075,Orientale,2019,0.0,1.2533058088514826,9.925911589989887,0.0947929819424947,1.8216854248551924,0.0,0.3425699230063094,0.6981372736823812
68,Democratic Republic of the Congo,1075,Orientale,2020,0.0,1.3583469206637495,9.922197765517936,0.1008878747622172,1.828611518501805,0.0,0.3421726608651952,0.7013559399089329
68,Democratic Republic of the Congo,1075,Orientale,2021,0.0,1.5057185332204868,9.680382556829317,0.0419063001871109,1.848597883289866,0.0,0.3511189313731578,0.6828516639262444
68,Democratic Republic of the Congo,1076,Sud-Kivu,2001,0.0,3.697193759272997,21.42939921029753,0.032511754469438,7.208168351261127,0.0,0.7612269913761127,1.3013645272350751
68,Democratic Republic of the Congo,1076,Sud-Kivu,2002,0.0,3.526790402970224,20.034484493371213,0.0283548479730432,7.051298897221403,0.0,0.746091734688237,1.2167885520241477
68,Democratic Republic of the Congo,1076,Sud-Kivu,2003,0.0,3.5128319508744856,19.928767603146195,0.0896995266278584,7.051457552542622,0.0,0.751016391437941,1.2269176721752544
68,Democratic Republic of the Congo,1076,Sud-Kivu,2004,0.0,3.4580281693326578,19.789224777448077,0.0155827403068542,6.966284561378112,0.0,0.7405072131043717,1.2084075293838092
68,Democratic Republic of the Congo,1076,Sud-Kivu,2005,0.0,3.43097103033247,19.66274227914223,0.0430200641805475,6.941890314658894,0.0,0.7441307862874208,1.204279566790002
68,Democratic Republic of the Congo,1076,Sud-Kivu,2006,0.0,3.4192433797690764,19.40438798287172,0.0201673917472362,6.963141068739243,0.0,0.7445596420279331,1.2063900249692512
68,Democratic Republic of the Congo,1076,Sud-Kivu,2007,0.0,3.3814140380581628,19.27482676385889,0.1881620287895202,6.927922688246587,0.0,0.7370887383123578,1.1994138515793735
68,Democratic Republic of the Congo,1076,Sud-Kivu,2008,0.0,3.362994253432899,19.144625711237552,0.0233063068654802,6.934879981242922,0.0,0.7345522991798202,1.194353822624022
68,Democratic Republic of the Congo,1076,Sud-Kivu,2009,0.0,3.3529265960641603,19.02057052752293,0.011494904756546,6.950047917255511,0.0,0.7423848550558225,1.1795904984672725
68,Democratic Republic of the Congo,1076,Sud-Kivu,2010,0.0,3.328507240372475,18.97411253941836,0.0483982021158391,6.878478250385802,0.0,0.7366670721976711,1.1897706617904695
68,Democratic Republic of the Congo,1076,Sud-Kivu,2011,0.0,3.301660047014821,18.95040122651357,0.0352775827050209,6.898782683165548,0.0,0.74957753294533,1.1943914085605862
68,Democratic Republic of the Congo,1076,Sud-Kivu,2012,0.0,3.933645880642119,18.91709437803188,0.0208562548671449,6.884193006742594,0.0,0.7405723371340484,1.212578639336452
68,Democratic Republic of the Congo,1076,Sud-Kivu,2013,0.0,4.138689478040072,18.812781507378173,0.0222188300556606,6.868192227364116,0.0,0.7234661252513173,1.1998570847364018
68,Democratic Republic of the Congo,1076,Sud-Kivu,2014,0.0,4.101283329340087,18.56058517156863,0.0200972474283642,6.811405244557776,0.0,0.7255617373613773,1.170735512011917
68,Democratic Republic of the Congo,1076,Sud-Kivu,2015,0.0,4.298742284997287,18.38240001457362,0.0165189459919929,6.746729601871948,0.0,0.7240324718953473,1.184825432133786
68,Democratic Republic of the Congo,1076,Sud-Kivu,2016,0.0,4.374894608087454,16.857692967236925,0.0600736141204834,6.604810439925571,0.0,0.702677214164673,1.1411271510853778
68,Democratic Republic of the Congo,1076,Sud-Kivu,2017,0.0,4.525055077502655,16.11100616749839,0.0355726420879364,6.6379784793215615,0.0,0.7104881152914233,1.1307935057650516
68,Democratic Republic of the Congo,1076,Sud-Kivu,2018,0.0,4.7909597623146185,15.947437300955414,0.014345783740282,6.603724592823093,0.0,0.7050007965605137,1.165802507339769
68,Democratic Republic of the Congo,1076,Sud-Kivu,2019,0.0,5.057294079208576,16.02416106381286,0.0323727875947952,6.599988833377449,0.0,0.7000191538595156,1.138036037083267
68,Democratic Republic of the Congo,1076,Sud-Kivu,2020,0.0,5.598140136977237,16.05448053815038,0.0414057284593582,6.619158202091054,0.0,0.694005591582848,1.1346842964288546
68,Democratic Republic of the Congo,1076,Sud-Kivu,2021,0.0,6.225800418600795,16.058234810678073,0.0355366051197052,6.616310406996021,0.0,0.6971451088983753,1.1400856627257605
79,Ethiopia,1227,Addis Ababa,2001,0.0,151.69026692708334,113.7374267578125,0.0,6.773153940836589,2.989301045735677,29.34618462456597,0.1520591444439358
79,Ethiopia,1227,Addis Ababa,2002,0.0,176.43386501736111,119.55390082465276,0.0,7.739108615451389,3.5469483269585504,36.36933729383681,0.1512487994299994
79,Ethiopia,1227,Addis Ababa,2003,0.0,170.95225694444446,112.89259168836806,0.0,8.348821004231771,3.6431961059570312,40.7940673828125,0.1594887044694688
79,Ethiopia,1227,Addis Ababa,2004,0.0,166.98805067274304,103.95008680555556,0.0,10.116243998209637,3.664891984727648,46.27941216362847,0.160185178120931
79,Ethiopia,1227,Addis Ababa,2005,0.0,176.03127712673611,94.65593126085068,0.0,11.375050862630207,3.6558295355902777,52.62997775607639,0.1660991509755452
79,Ethiopia,1227,Addis Ababa,2006,0.0,188.47189670138889,101.65100775824652,0.0,12.78242916531033,3.9831720987955728,61.15444607204861,0.1661791139178806
79,Ethiopia,1227,Addis Ababa,2007,0.0,206.42024739583331,116.91286892361111,0.0,15.041614108615452,4.185150994194879,66.50335693359375,0.1631716887156168
79,Ethiopia,1227,Addis Ababa,2008,0.0,212.88050672743051,112.81344943576389,0.0,15.293969048394096,4.241135491265191,65.93793402777777,0.1640438768598768
79,Ethiopia,1227,Addis Ababa,2009,0.0,220.77556694878476,125.49818250868056,0.0,15.184478759765623,4.622835795084636,66.37615966796875,0.1716536945766872
79,Ethiopia,1227,Addis Ababa,2010,0.0,229.70290798611111,150.9879150390625,0.0,15.722991943359377,4.737888760036892,64.79505750868056,0.1788935263951619
79,Ethiopia,1227,Addis Ababa,2011,0.0,226.62790256076389,134.46902126736111,0.0,15.559232923719618,4.514110989040798,63.0673828125,0.1836432615915934
79,Ethiopia,1227,Addis Ababa,2012,0.0,236.00884331597223,152.375244140625,0.0,16.807120429144966,4.513108571370442,65.29355197482639,0.1867789427439371
79,Ethiopia,1227,Addis Ababa,2013,0.0,237.73258463541663,153.35698784722223,0.0,19.21437581380208,4.621548970540364,69.71331787109375,0.1893413066864013
79,Ethiopia,1227,Addis Ababa,2014,0.0,244.13075086805557,173.11732313368054,0.0,19.96526421440972,4.83270263671875,74.70112440321181,0.1962314181857639
79,Ethiopia,1227,Addis Ababa,2015,0.0,249.92388237847223,180.84229871961804,0.0,20.644029405381943,5.097150166829427,75.0718994140625,0.1996011469099256
79,Ethiopia,1227,Addis Ababa,2016,0.0,257.21620008680554,177.17830403645834,0.0,20.965111626519096,5.189533233642578,78.64238145616319,0.202601499027676
79,Ethiopia,1227,Addis Ababa,2017,0.0,260.9900716145833,168.61518012152777,0.0,22.9519534640842,4.742907206217448,80.74650065104167,0.197498877843221
79,Ethiopia,1227,Addis Ababa,2018,0.0,265.66322157118054,179.92606608072916,0.0,27.174936930338543,4.410658094618055,84.92675103081598,0.1980424722035726
79,Ethiopia,1227,Addis Ababa,2019,0.0,281.8987630208333,146.79747178819446,0.0,35.61865912543403,4.956902821858724,102.47101508246529,0.2004524072011312
79,Ethiopia,1227,Addis Ababa,2020,0.0,303.42466905381946,172.14912923177084,0.0,37.53509182400174,5.013013203938802,111.05560980902776,0.2049710220760769
79,Ethiopia,1227,Addis Ababa,2021,0.0,286.16175672743054,122.454345703125,0.0,33.386128743489586,5.074072096082899,98.11255560980902,0.2042558987935384
79,Ethiopia,1228,Afar,2001,0.0,24.14610435520362,7.063591279179217,0.0,23.186593507595347,0.0464659381947291,16.91292117808662,0.0158489105549264
79,Ethiopia,1228,Afar,2002,0.0,27.847018469123828,7.764881443177535,0.0,26.54779441480763,0.0554580817220985,21.558360107500807,0.01575910139174
79,Ethiopia,1228,Afar,2003,0.0,26.6681215648238,7.139273744335347,0.0,28.918596427416748,0.0536005138960041,23.85823836081474,0.0169965489272407
79,Ethiopia,1228,Afar,2004,0.0,26.490615903945667,6.740620861710178,0.0,35.83031815976714,0.0572941264599592,26.89520082066624,0.0169940828418116
79,Ethiopia,1228,Afar,2005,0.0,27.69217436125485,6.110307576528198,0.0,39.42582167690815,0.0599674197445501,30.888694615135837,0.0177023025199872
79,Ethiopia,1228,Afar,2006,0.0,29.426071818402328,6.559559962859576,0.0,44.566532584087966,0.0590908322926643,34.81336665184347,0.0177402539752502
79,Ethiopia,1228,Afar,2007,0.0,32.442782473309606,7.611861333301779,0.0,52.20650173891944,0.0604730311860429,38.41110027094791,0.0177009779257805
79,Ethiopia,1228,Afar,2008,0.0,33.51035516418635,7.289100202261544,0.0,52.41968618570042,0.0646287512795421,38.46119277741831,0.0175398608967605
79,Ethiopia,1228,Afar,2009,0.0,34.90789792947266,8.100654688682816,0.0,52.9751546829505,0.0742355608654362,38.688710672112585,0.0182993615292472
79,Ethiopia,1228,Afar,2010,0.0,36.42162730507926,9.802139270675625,0.0,54.92389194435458,0.0734286487837387,37.69505722258169,0.0189511298049169
79,Ethiopia,1228,Afar,2011,0.0,35.70963583791653,8.55527550586233,0.0,54.45169949045616,0.0730873316248271,35.949257926237465,0.0195579861023804
79,Ethiopia,1228,Afar,2012,0.0,36.82162594972519,9.693588372257942,0.0,57.846225347559006,0.0711288027042875,37.74927760265115,0.0200729355612635
79,Ethiopia,1228,Afar,2013,0.0,37.553073472356935,9.920654759087467,0.0,67.60178225024248,0.0667636300245817,40.407505354833496,0.0201834056122543
79,Ethiopia,1228,Afar,2014,0.0,38.80607419980601,10.981968193444487,0.0,70.17139508567733,0.0744699461932584,43.64027137892014,0.0210545737105483
79,Ethiopia,1228,Afar,2015,0.0,39.46001555932752,11.928025974564228,0.0,71.40610855156805,0.0761699911378377,42.943855075978014,0.0214059672516831
79,Ethiopia,1228,Afar,2016,0.0,40.52021910339257,11.595198925559137,0.0,72.43338045234249,0.0749613905200068,45.259561793214864,0.0218388124671259
79,Ethiopia,1228,Afar,2017,0.0,41.12919022617125,10.844493342494314,0.0,78.63790892568659,0.0721112724875106,46.30775444264943,0.0212632267536632
79,Ethiopia,1228,Afar,2018,0.0,41.89517787996128,11.326177775679758,0.0,93.35461035818004,0.069646459389613,48.60831619070668,0.0211581426667355
79,Ethiopia,1228,Afar,2019,0.0,44.45572581294269,9.251256525112868,0.0,120.88926674179008,0.0719340196957966,58.7870552962009,0.0214411245227533
79,Ethiopia,1228,Afar,2020,0.0,47.63790455348538,11.083071016881782,0.0,125.31246988435592,0.0722175283530323,64.22932059106971,0.0216617612803027
79,Ethiopia,1228,Afar,2021,0.0,44.98753019323672,8.074780337420442,0.0,109.56175523349437,0.0748805451985519,55.643840579710144,0.0218783490924305
79,Ethiopia,1229,Amhara,2001,0.0,58.34247600729695,69.16947134544876,0.0,11.037529495161802,1.7710692120082487,18.101897108978427,0.0479036900067127
79,Ethiopia,1229,Amhara,2002,0.0,67.00258227597145,74.94808106169297,0.0,12.613030333068991,2.0970580764274387,22.758658802537667,0.0479168982363651
79,Ethiopia,1229,Amhara,2003,0.0,64.35041633624108,69.64951976725649,0.0,13.769396808088818,2.120461191514671,25.34740285487708,0.0516217020583004
79,Ethiopia,1229,Amhara,2004,0.0,63.921064631245045,65.27338394707476,0.0,17.042047482157017,2.1472213273195875,28.560356363996828,0.0516421006243897
79,Ethiopia,1229,Amhara,2005,0.0,66.60770222045996,59.0001643950263,0.0,18.770100614591595,2.2197801534000794,32.75740483743061,0.0535080415788647
79,Ethiopia,1229,Amhara,2006,0.0,71.17031126090404,62.69411565439184,0.0,21.304036974623315,2.340379659000793,37.47149335844568,0.053385980996184
79,Ethiopia,1229,Amhara,2007,0.0,78.46716395717684,72.26357006217121,0.0,24.911531026962727,2.494280797729976,41.53739591593973,0.0534404923086167
79,Ethiopia,1229,Amhara,2008,0.0,80.79139076130056,69.64429399808704,0.0,25.001477002379065,2.527202802835052,41.53574048374306,0.053458521663715
79,Ethiopia,1229,Amhara,2009,0.0,83.87381046788263,76.98264885222382,0.0,25.16670053528945,2.8226915642347343,41.08098731165742,0.055262673400947
79,Ethiopia,1229,Amhara,2010,0.0,88.07204599524187,90.16742388012116,0.0,26.163397105471848,2.869703484337827,40.50382137192704,0.0570667910838115
79,Ethiopia,1229,Amhara,2011,0.0,86.02604084060269,82.23352064402997,0.0,25.92668021411578,2.776193868953212,38.37810021808089,0.0588995484896829
79,Ethiopia,1229,Amhara,2012,0.0,89.14401268834258,92.29638928742229,0.0,27.62877428628073,2.69864535834655,40.40166038858049,0.0598478507296274
79,Ethiopia,1229,Amhara,2013,0.0,90.88349524187151,94.0,0.0,32.341197462331486,2.77679018388184,43.436171689135605,0.060862495742231
79,Ethiopia,1229,Amhara,2014,0.0,93.6001090404441,104.07818228917584,0.0,33.35849276367962,2.873359436954798,46.39204996034893,0.0626262687295129
79,Ethiopia,1229,Amhara,2015,0.0,95.4770618556701,110.81262952335406,0.0,34.06906225218081,2.9466730273592385,45.724752180808885,0.0638815954163677
79,Ethiopia,1229,Amhara,2016,0.0,98.23343576526568,108.74547029308695,0.0,34.680637886597935,3.055740731562252,48.74154440919905,0.0650472650105651
79,Ethiopia,1229,Amhara,2017,0.0,99.68546788263284,102.59788976566236,0.0,37.54993061062649,2.842126784298176,49.746074544012686,0.0638132434360304
79,Ethiopia,1229,Amhara,2018,0.0,101.55523394131642,108.82017176789417,0.0,44.72580293417922,2.73023270222046,52.36309476605869,0.0645104239056522
79,Ethiopia,1229,Amhara,2019,0.0,107.896540444092,89.75334768053563,0.0,57.9243358445678,2.9890370985329104,63.22316613798573,0.0651089488728354
79,Ethiopia,1229,Amhara,2020,0.0,116.08963124504362,104.44648692810458,0.0,60.285913957176845,3.0389819587628866,68.13785190325139,0.0659715557296025
79,Ethiopia,1229,Amhara,2021,0.0,109.38286082474228,75.58560497369679,0.0,52.49833465503568,3.022702406324346,60.523983941316416,0.0668884890322363
79,Ethiopia,1230,Beneshangul Gumu,2001,0.0,7.76758217502592,29.561901041666665,0.0,4.677653374481597,0.0714633514277667,1.879421742361651,0.0088719977184282
79,Ethiopia,1230,Beneshangul Gumu,2002,0.0,8.944573753238341,32.0027179578052,0.0,5.341020178918394,0.0833372093347022,2.345839236560881,0.0088242440421049
79,Ethiopia,1230,Beneshangul Gumu,2003,0.0,8.612910864637305,29.742961429049533,0.0,5.811312945272021,0.086810547823733,2.622985397101684,0.0094673537696654
79,Ethiopia,1230,Beneshangul Gumu,2004,0.0,8.523985994170985,28.20141205658784,0.0,7.195148558937824,0.0852461320986829,2.956058735427461,0.0096195986981807
79,Ethiopia,1230,Beneshangul Gumu,2005,0.0,8.956070397638817,25.841831704389573,0.0,7.936907068954333,0.0892844353633258,3.390600421234432,0.0099945749087782
79,Ethiopia,1230,Beneshangul Gumu,2006,0.0,9.512091739102232,27.48589141803841,0.0,9.01534323105864,0.0944415812428,3.870112119713285,0.0100695075410785
79,Ethiopia,1230,Beneshangul Gumu,2007,0.0,10.430490237415672,32.010462212791495,0.0,10.542219731123508,0.0994974798530139,4.217945995637649,0.010057112903896
79,Ethiopia,1230,Beneshangul Gumu,2008,0.0,10.804829398028025,30.52122985253772,0.0,10.560132330046704,0.102239326671052,4.244985931824079,0.0099483377408228
79,Ethiopia,1230,Beneshangul Gumu,2009,0.0,11.22803670943494,33.697283027758736,0.0,10.64111606564282,0.1127587966562986,4.243363020023328,0.0103630208511247
79,Ethiopia,1230,Beneshangul Gumu,2010,0.0,11.74866924384715,39.35799175941781,0.0,11.049153983160622,0.1137915734800032,4.1480914022020725,0.0107646246655825
79,Ethiopia,1230,Beneshangul Gumu,2011,0.0,11.457207152562113,35.74479697046843,0.0,10.946132367688923,0.1101031885877652,3.935726821299172,0.0110212668128635
79,Ethiopia,1230,Beneshangul Gumu,2012,0.0,12.040707290049172,40.55582294503064,0.0,12.055628679800725,0.107811511179922,4.769364445846273,0.0112156958930823
79,Ethiopia,1230,Beneshangul Gumu,2013,0.0,12.37808856865285,41.527602742652086,0.0,14.042669203367875,0.1148216524272385,5.167113625323834,0.0113772367485244
79,Ethiopia,1230,Beneshangul Gumu,2014,0.0,12.667623664183935,46.28514284488676,0.0,14.507112208549223,0.1154028146378116,5.38204845369171,0.0118413508593381
79,Ethiopia,1230,Beneshangul Gumu,2015,0.0,12.945238625323832,49.23131863417982,0.0,14.779857512953368,0.1197021089069583,5.7854163293393785,0.0121282404595678
79,Ethiopia,1230,Beneshangul Gumu,2016,0.0,13.326750952350206,48.033539046566965,0.0,14.999019402117767,0.1212139602535027,5.587883058658316,0.0122185713579865
79,Ethiopia,1230,Beneshangul Gumu,2017,0.0,13.604590349740931,45.892445755532506,0.0,16.266680497085492,0.115255089003805,5.683053351683938,0.0121344450848325
79,Ethiopia,1230,Beneshangul Gumu,2018,0.0,13.792410714285714,48.93929498269896,0.0,19.2401737189441,0.1123418314363151,6.057913391239648,0.0123048185311526
79,Ethiopia,1230,Beneshangul Gumu,2019,0.0,14.723637867171323,40.35199472683264,0.0,24.91802536231884,0.1235098039141352,7.183853560106107,0.0123104253854718
79,Ethiopia,1230,Beneshangul Gumu,2020,0.0,15.506625385010269,45.85791015625,0.0,25.59331285292608,0.1225521393135587,7.490236881577259,0.0123959352660551
79,Ethiopia,1230,Beneshangul Gumu,2021,0.0,14.88239700601708,34.46388469827586,0.0,22.58770663496377,0.1262113519830486,7.137568945716874,0.0128185675010918
79,Ethiopia,1231,Dire Dawa,2001,0.0,39.8603515625,71.96248372395833,0.0,23.178076171875,0.1449055353800455,12.839542643229167,0.1092660625775655
79,Ethiopia,1231,Dire Dawa,2002,0.0,46.298828125,79.37692599826389,0.0,27.78462185329861,0.1704604042900933,15.96473388671875,0.1084359486897786
79,Ethiopia,1231,Dire Dawa,2003,0.0,44.388134765625,74.27036539713542,0.0,30.686767578125,0.1699369748433431,18.004527452256944,0.1124021079805162
79,Ethiopia,1231,Dire Dawa,2004,0.0,44.43898654513889,68.58843315972223,0.0,36.42096625434028,0.1716697480943468,20.52972819010417,0.1146920124689738
79,Ethiopia,1231,Dire Dawa,2005,0.0,45.81348741319445,61.0250244140625,0.0,42.91032172309028,0.1862491607666015,23.17723524305556,0.1184976630740695
79,Ethiopia,1231,Dire Dawa,2006,0.0,50.58169487847222,60.02704535590278,0.0,47.90531684027778,0.1927583694458007,26.880875651041663,0.1220262315538194
79,Ethiopia,1231,Dire Dawa,2007,0.0,53.94775390625,76.18023003472223,0.0,55.41244574652778,0.1979306750827365,29.802316623263888,0.1189661953184339
79,Ethiopia,1231,Dire Dawa,2008,0.0,56.29716796875,72.61858452690973,0.0,55.66478407118056,0.1984465705023871,29.926877170138887,0.1194647550582885
79,Ethiopia,1231,Dire Dawa,2009,0.0,59.35869140625,82.50047471788194,0.0,58.168522135416666,0.2298593944973415,29.60405002170139,0.1259634494781494
79,Ethiopia,1231,Dire Dawa,2010,0.0,61.35130208333333,95.63840060763889,0.0,58.10974934895833,0.2356679916381835,29.161783854166668,0.1307200590769449
79,Ethiopia,1231,Dire Dawa,2011,0.0,56.105962456597226,88.96175130208333,0.0,57.54938693576389,0.2312707901000976,27.26987575954861,0.1340127521091037
79,Ethiopia,1231,Dire Dawa,2012,0.0,61.60083550347223,98.0306396484375,0.0,61.83169487847222,0.2251715766059027,27.2196044921875,0.130675024456448
79,Ethiopia,1231,Dire Dawa,2013,0.0,62.14978298611111,100.3245849609375,0.0,72.05006510416666,0.22456726498074,30.642814127604165,0.1407924625608656
79,Ethiopia,1231,Dire Dawa,2014,0.0,60.36565755208333,110.87750922309029,0.0,76.07056206597223,0.2288574642605251,32.85884602864584,0.1447526878780788
79,Ethiopia,1231,Dire Dawa,2015,0.0,66.24432508680556,111.64801703559029,0.0,77.49803059895834,0.2383839501274956,32.84681532118056,0.1460434463289049
79,Ethiopia,1231,Dire Dawa,2016,0.0,67.38517795138888,116.4168972439236,0.0,76.52658420138889,0.2494823031955295,34.40986056857639,0.1499663723839653
79,Ethiopia,1231,Dire Dawa,2017,0.0,68.20565863715278,109.4735107421875,0.0,83.94478624131945,0.2273657480875651,33.56697862413194,0.1463734043969048
79,Ethiopia,1231,Dire Dawa,2018,0.0,69.17762586805556,103.10682373046876,0.0,98.81067708333332,0.2228971693250868,37.38035481770833,0.133459186553955
79,Ethiopia,1231,Dire Dawa,2019,0.0,73.63223198784722,92.36832242398648,0.0,129.20653211805555,0.2506671905517578,44.508946397569446,0.1449003992853938
79,Ethiopia,1231,Dire Dawa,2020,0.0,80.31782769097222,91.26193907202745,0.0,133.137109375,0.255623902214898,45.963047960069446,0.1273745327461056
79,Ethiopia,1231,Dire Dawa,2021,0.0,75.62052408854167,75.68794973273026,0.0,118.01731770833334,0.2510403951009115,43.62791341145833,0.1450892247651752
79,Ethiopia,1232,Gambela,2001,0.0,6.946694167861871,25.623046875,0.0,2.1543039858919903,0.0632314701833744,2.3659144348521624,0.0186894080972158
79,Ethiopia,1232,Gambela,2002,0.0,8.007362971230158,31.336934967507645,0.0,2.4520285201030645,0.0738065567095826,2.951302341683201,0.0171035301990998
79,Ethiopia,1232,Gambela,2003,0.0,7.729903326345984,30.25189991486378,0.0,2.688535604451677,0.0743228016177234,3.310451632143645,0.0118902552512384
79,Ethiopia,1232,Gambela,2004,0.0,7.653234195877425,30.317988147474317,0.0,3.315773292824074,0.0781704277759524,3.757023241154101,0.0132704861848824
79,Ethiopia,1232,Gambela,2005,0.0,8.030426995914311,33.59142445709746,0.0,3.663161854019435,0.0807455104546045,4.318849381625442,0.0161793637782969
79,Ethiopia,1232,Gambela,2006,0.0,8.588715354461131,35.86061639300848,0.0,4.164039207431537,0.0869805438213368,5.004680943573321,0.0161933626158762
79,Ethiopia,1232,Gambela,2007,0.0,9.475638561450973,41.23050171413502,0.0,4.847619585771864,0.0890855580785396,5.444019331106449,0.0161175516587269
79,Ethiopia,1232,Gambela,2008,0.0,9.700714650507951,39.64584569488397,0.0,4.849806067800353,0.0929112508815483,5.405509813935512,0.0162235781297845
79,Ethiopia,1232,Gambela,2009,0.0,10.118924090382068,43.6809664291318,0.0,4.887902788896864,0.103847094802777,5.368075205664753,0.0167565365715505
79,Ethiopia,1232,Gambela,2010,0.0,10.5756628892447,50.79354079497908,0.0,5.100099812969302,0.1013760919005268,5.307307482608215,0.0171610700535474
79,Ethiopia,1232,Gambela,2011,0.0,10.40169328345848,49.0602027120044,0.0,5.072522705940813,0.0999433217758194,5.00003019407023,0.0193200913150753
79,Ethiopia,1232,Gambela,2012,0.0,10.888283665525618,56.82272076498869,0.0,5.760011059656581,0.0969632532792582,5.590752160170053,0.0192747590768391
79,Ethiopia,1232,Gambela,2013,0.0,11.076807675850263,59.352566064228114,0.0,6.666202828235424,0.1013951137832498,5.959608098222173,0.020027226566719
79,Ethiopia,1232,Gambela,2014,0.0,11.40917020631068,70.58956755050505,0.0,6.855104155174316,0.1029581716303518,6.312459058500662,0.0226326229596378
79,Ethiopia,1232,Gambela,2015,0.0,11.637097997572816,74.8098991048995,0.0,7.035311827697485,0.1094518649602878,6.233771651588703,0.0225284854371344
79,Ethiopia,1232,Gambela,2016,0.0,12.021672274933804,75.71637403350516,0.0,7.108333793027361,0.1109201823847209,6.672275364767211,0.02362625131902
79,Ethiopia,1232,Gambela,2017,0.0,12.130033649602824,87.88409778225807,0.0,7.703819712599293,0.1025373653166011,6.793493663117829,0.0289766865391885
79,Ethiopia,1232,Gambela,2018,0.0,12.361084199098505,89.7156444099379,0.0,9.19523090506816,0.0989548108592536,7.045740401000439,0.0281985383596479
79,Ethiopia,1232,Gambela,2019,0.0,13.085242523006135,69.35735413656069,0.0,11.663461670135844,0.1054911505315721,8.481273280017529,0.0264785027917409
79,Ethiopia,1232,Gambela,2020,0.0,13.902551493025284,71.55917373889594,0.0,12.154950754686135,0.1082999823523349,9.045856718613775,0.0238241205360683
79,Ethiopia,1232,Gambela,2021,0.0,13.206417801290463,56.48349345439189,0.0,10.595470732174103,0.1070800592869888,8.050496739665354,0.0263978761175404
79,Ethiopia,1233,Hareri,2001,0.0,52.23414881089155,108.52705078125,0.0,13.074168485753676,0.0131765479842821,4.988961163689108,0.1261697769165039
79,Ethiopia,1233,Hareri,2002,0.0,62.100837258731616,115.8264404296875,0.0,15.542308134191176,0.0159658417105674,6.82723191205193,0.125980520248413
79,Ethiopia,1233,Hareri,2003,0.0,59.31726792279412,111.923095703125,0.0,16.98494765337776,0.0165243794520696,7.584824505974264,0.1355924288431803
79,Ethiopia,1233,Hareri,2004,0.0,59.90060604319853,95.45861002604168,0.0,21.75629739200368,0.0146368083854516,8.414201624253216,0.1341536204020182
79,Ethiopia,1233,Hareri,2005,0.0,60.5745418772978,87.28933919270834,0.0,23.032831528607534,0.0192261983950932,9.296055513269762,0.1381553490956624
79,Ethiopia,1233,Hareri,2006,0.0,67.4642693014706,94.57449544270834,0.0,26.536201028262862,0.0184281654655933,10.673427806181069,0.1378200848897298
79,Ethiopia,1233,Hareri,2007,0.0,71.36748190487133,112.3687744140625,0.0,30.703028061810663,0.0190421752631664,12.129689833697151,0.142981751759847
79,Ethiopia,1233,Hareri,2008,0.0,73.83085363051471,105.96549479166669,0.0,31.259690228630514,0.0185678179065386,12.20285572725184,0.1513485272725423
79,Ethiopia,1233,Hareri,2009,0.0,76.31158088235294,113.171142578125,0.0,29.01587093577665,0.0203156545758247,12.071204690372245,0.1541701952616373
79,Ethiopia,1233,Hareri,2010,0.0,81.34913545496323,134.64812825520832,0.0,31.574333639705884,0.0197909325361251,12.132370892693014,0.1508770783742269
79,Ethiopia,1233,Hareri,2011,0.0,78.53634823069854,124.2649658203125,0.0,32.15255198759191,0.0248242020606994,11.657468907973346,0.1497776508331298
79,Ethiopia,1233,Hareri,2012,0.0,81.3037109375,152.69503580729167,0.0,33.771735696231616,0.0214658950765927,12.853880040785846,0.1625056266784668
79,Ethiopia,1233,Hareri,2013,0.0,81.91953412224265,139.05478515625,0.0,40.3339053883272,0.0237810562054316,13.098525103400736,0.1610345999399821
79,Ethiopia,1233,Hareri,2014,0.0,84.61984432444854,162.35081380208334,0.0,42.457131778492645,0.0228742659091949,15.817919562844668,0.1760728518168131
79,Ethiopia,1233,Hareri,2015,0.0,90.29157571231616,169.56653645833333,0.0,42.05340935202206,0.0213161210219065,14.598114013671877,0.1661830266316731
79,Ethiopia,1233,Hareri,2016,0.0,87.46039177389706,161.69039713541667,0.0,43.12053366268383,0.0229017883539199,14.442080329446233,0.1753681500752767
79,Ethiopia,1233,Hareri,2017,0.0,91.86882467830884,154.83333333333334,0.0,47.67050350413603,0.021728994945685,14.953672521254596,0.1744566599527995
79,Ethiopia,1233,Hareri,2018,0.0,92.49424115349264,155.31185913085938,0.0,56.06289134306066,0.0182769919435183,15.841834573184745,0.1707555204629898
79,Ethiopia,1233,Hareri,2019,0.0,99.60793887867646,139.03157552083334,0.0,70.34693100873162,0.0192618792255719,19.503471823299638,0.171905247370402
79,Ethiopia,1233,Hareri,2020,0.0,103.97715130974264,144.77817670036765,0.0,76.37811638327206,0.0317042022943496,21.590827493106616,0.1562975013957304
79,Ethiopia,1233,Hareri,2021,0.0,98.93843347886028,113.95748697916666,0.0,67.5043083639706,0.0212588484088579,20.198581471162683,0.1904754797617594
79,Ethiopia,1236,SNNPR,2001,0.0,62.53363844393593,71.84780107389415,0.0,9.52106335812357,1.7341316415188788,14.396406607551487,0.0504957634825083
79,Ethiopia,1236,SNNPR,2002,0.0,71.84136925188744,78.01451349795292,0.0,10.948477894074582,2.0528652982727067,18.04748269846717,0.0508226156541586
79,Ethiopia,1236,SNNPR,2003,0.0,69.00779283916724,72.44683254293771,0.0,11.964848218371085,2.075959850792153,20.29121804221002,0.0545166805749427
79,Ethiopia,1236,SNNPR,2004,0.0,68.46846408966148,68.44200690144478,0.0,14.725017690702195,2.0985655788969577,22.853438786596524,0.0549036957726233
79,Ethiopia,1236,SNNPR,2005,0.0,71.4097023673376,61.92146317829457,0.0,16.259524388151874,2.168228302979186,26.228647858531563,0.0568665418205951
79,Ethiopia,1236,SNNPR,2006,0.0,76.19636322049405,65.76929909560724,0.0,18.410018655649587,2.2870769867194647,29.894357916857278,0.0568713126564518
79,Ethiopia,1236,SNNPR,2007,0.0,84.10151961344923,75.91578403513304,0.0,21.572603356587376,2.4342506736762357,33.05647086573651,0.0568708943569269
79,Ethiopia,1236,SNNPR,2008,0.0,86.6310398559012,73.15634687419272,0.0,21.63935448593321,2.464807117737877,33.08888237648674,0.0568899845959942
79,Ethiopia,1236,SNNPR,2009,0.0,89.93780020585544,80.87890725910617,0.0,21.84159137694419,2.751239019256061,32.902962031107045,0.0588194192518285
79,Ethiopia,1236,SNNPR,2010,0.0,94.40137522872828,94.814308318264,0.0,22.707109875343093,2.8039765214003887,32.36495739935956,0.0608897030553716
79,Ethiopia,1236,SNNPR,2011,0.0,92.09396443275388,86.31421907283058,0.0,22.31577367337603,2.709329254345837,30.57812142612077,0.0627408185281044
79,Ethiopia,1236,SNNPR,2012,0.0,95.4871912168344,96.93927465152298,0.0,23.99495368252516,2.631405955154964,32.45011936756633,0.0637178632729313
79,Ethiopia,1236,SNNPR,2013,0.0,97.30861876715464,98.8024248193082,0.0,28.094209243481245,2.71073535245597,34.84940745082342,0.064569385629003
79,Ethiopia,1236,SNNPR,2014,0.0,100.26845551235132,109.32610170586716,0.0,28.837438529277215,2.8090655020585547,37.314844464775845,0.0667814529351899
79,Ethiopia,1236,SNNPR,2015,0.0,102.2924219464776,116.47858781338849,0.0,29.583986161939617,2.875575841291171,36.781743195333945,0.0681917846711238
79,Ethiopia,1236,SNNPR,2016,0.0,105.24634034766696,115.04246399844318,0.0,30.128309412168345,2.9801135957513725,38.992469836459286,0.0698584025550767
79,Ethiopia,1236,SNNPR,2017,0.0,106.80698907822509,108.67567062873474,0.0,32.64932739592864,2.7731638748713405,39.8730129231473,0.0683701132538412
79,Ethiopia,1236,SNNPR,2018,0.0,108.855036310613,114.95658099688474,0.0,38.926299462488565,2.668834522243825,41.99210172689845,0.069049031068479
79,Ethiopia,1236,SNNPR,2019,0.0,115.57064129688928,94.77579970153128,0.0,50.260617995196704,2.917014077510293,50.76189387008234,0.069521775531546
79,Ethiopia,1236,SNNPR,2020,0.0,124.23881684186472,110.14825732054936,0.0,52.20710623286106,2.962593594678359,54.61596992116088,0.0703359002367638
79,Ethiopia,1236,SNNPR,2021,0.0,117.20058754574563,79.77987441740031,0.0,45.56414398444648,2.958102967034538,48.38031078453797,0.071282669770662
79,Ethiopia,1237,Tigray,2001,0.0,40.415258290816325,73.11514456572225,0.0,15.468487288381262,0.3527758075002176,7.03526767596243,0.0299110430332185
79,Ethiopia,1237,Tigray,2002,0.0,46.29179470083488,79.0669197050627,0.0,17.48044338474026,0.4172383673506381,8.611862607258812,0.0299423019146708
79,Ethiopia,1237,Tigray,2003,0.0,44.42304542555659,73.24248867858802,0.0,19.06972909902597,0.4215251028676044,9.702910301194342,0.0323298503077307
79,Ethiopia,1237,Tigray,2004,0.0,44.19101490027829,68.96061454946586,0.0,23.803377565514843,0.4251772993401972,11.132295229881723,0.0322904719862827
79,Ethiopia,1237,Tigray,2005,0.0,46.36172309833024,62.38190896423595,0.0,26.01131652945269,0.4420523729789008,12.874958328501856,0.0334188275004542
79,Ethiopia,1237,Tigray,2006,0.0,49.25574704313544,66.39291105434278,0.0,29.459359418483302,0.4646996447215777,14.53179172947588,0.0334410485555959
79,Ethiopia,1237,Tigray,2007,0.0,54.282536381029686,76.35613098002787,0.0,34.49018002087198,0.4953726571563225,15.827063282699443,0.0334432841456213
79,Ethiopia,1237,Tigray,2008,0.0,55.78865665584416,73.59758186251742,0.0,34.650963155148425,0.5011805983541183,15.86277032119666,0.033490788659384
79,Ethiopia,1237,Tigray,2009,0.0,58.07433108186456,81.11852647468649,0.0,34.777648133116884,0.5597075637144722,16.107762494202227,0.0345216517889571
79,Ethiopia,1237,Tigray,2010,0.0,60.82071834415584,95.23591355085928,0.0,36.17096909786642,0.5705284313370069,15.419976229128014,0.0356313012910964
79,Ethiopia,1237,Tigray,2011,0.0,59.76424078153989,86.63026881096145,0.0,35.89802803223562,0.5499603483903712,14.734484614158164,0.0369034949014353
79,Ethiopia,1237,Tigray,2012,0.0,61.63473301252319,97.46509231305156,0.0,38.11614752435065,0.5363780860281323,15.77553738114564,0.037550814820756
79,Ethiopia,1237,Tigray,2013,0.0,62.63813195732838,99.16170750116116,0.0,44.59047425788497,0.5494761455916474,16.678931977620593,0.0378803552887374
79,Ethiopia,1237,Tigray,2014,0.0,64.92965851113172,109.8609353228054,0.0,45.63630203501855,0.5715767066052784,17.688331618158628,0.0390480573787245
79,Ethiopia,1237,Tigray,2015,0.0,65.89140045222635,117.35856218067812,0.0,46.94642857142857,0.5846713108142402,17.617057050092765,0.0399248202087601
79,Ethiopia,1237,Tigray,2016,0.0,67.80339024814471,114.4548659470752,0.0,47.76700921846011,0.6075483636347158,18.65644567486085,0.0405996918235126
79,Ethiopia,1237,Tigray,2017,0.0,68.84697501159555,108.1373317084494,0.0,51.80431064471243,0.5662096913065545,19.33521096648887,0.0398116810052464
79,Ethiopia,1237,Tigray,2018,0.0,70.03514175556586,114.43436629526462,0.0,61.82916859925788,0.5432768430068156,20.01036533221243,0.0401360111165667
79,Ethiopia,1237,Tigray,2019,0.0,74.5411207096475,94.2288765088208,0.0,79.60747622912801,0.5931628163065545,24.27027771335807,0.0404743244213685
79,Ethiopia,1237,Tigray,2020,0.0,80.32385638914657,110.26729988399072,0.0,82.97264900278293,0.6047653304451857,26.517534641697587,0.0411362707808689
79,Ethiopia,1237,Tigray,2021,0.0,75.62332589285714,79.97818738393686,0.0,72.26186369434137,0.6012586553799304,23.255120158859,0.0414877079676518
89,Gabon,1275,Estuaire,2001,0.0,0.2031999826431274,30.58395298549107,0.0,0.4478862881660461,0.0,1.0681848526000977,2.098813738141741
89,Gabon,1275,Estuaire,2002,0.0,0.2054288387298584,29.870589829848758,0.0,0.4493999779224396,0.0,1.0604376792907717,2.1171210346697062
89,Gabon,1275,Estuaire,2003,0.0,0.1985700581273605,30.382590868794328,0.0,0.4544610512419286,0.0,1.0647215369152048,2.0583721187943262
89,Gabon,1275,Estuaire,2004,0.0,0.1989832352011757,29.302396201413423,0.0,0.4485542341979623,0.0,1.0555976733826755,2.0975753730261704
89,Gabon,1275,Estuaire,2005,0.0,0.1960634926492853,29.995593391121908,0.0,0.4441409443700036,0.0,1.033887877944828,2.054060541698873
89,Gabon,1275,Estuaire,2006,0.0,0.1963891448089186,29.80333000886525,0.0,0.4418447999935777,0.0,1.0558858904663322,2.059440017591977
89,Gabon,1275,Estuaire,2007,0.0,0.2021710900266198,29.52814023714539,0.0,0.4651574683465552,0.0,1.08657118160292,2.0726383290392287
89,Gabon,1275,Estuaire,2008,0.0,0.2068998417799077,29.464705230496453,0.0,0.4603427017977799,0.0,1.070350912086752,2.092570852726064
89,Gabon,1275,Estuaire,2009,0.0,0.204500687145314,30.15904809397163,0.0,0.4552504699354227,0.0,1.035482476442076,2.171199500983489
89,Gabon,1275,Estuaire,2010,0.0,0.2062900711616032,30.112595578457448,0.0,0.4678573754835952,0.0,1.0423171616332774,2.1079411067015736
89,Gabon,1275,Estuaire,2011,0.0,0.2068717795461702,29.862491688829788,0.0,0.4715661984258787,0.0,1.0597898516224808,2.146370529283023
89,Gabon,1275,Estuaire,2012,0.0,0.2118845992719829,29.98208264802632,0.0,0.4932478247585772,0.0,1.0565452648902351,2.1442033734237937
89,Gabon,1275,Estuaire,2013,0.0,0.2111657107993248,32.107761101973686,0.0,0.5396505614767567,0.0,1.1001823819162284,2.1305976733826757
89,Gabon,1275,Estuaire,2014,0.0,0.2133252974245484,30.12721011513158,0.0,0.5453634515914627,0.0,1.1591014789537786,2.159911681058114
89,Gabon,1275,Estuaire,2015,0.0,0.2151035540031664,30.034784063592657,0.0,0.5366983124704072,0.0,1.133157441110322,2.1401149509670017
89,Gabon,1275,Estuaire,2016,0.0,0.2155420833960511,30.14584011501736,0.0,0.5339941153848978,0.0,1.1450431651638864,2.1958175235324435
89,Gabon,1275,Estuaire,2017,0.0,0.213461108673784,30.618782439446367,0.0,0.5395842817492951,0.0,1.1233559515243186,2.2549178707558397
89,Gabon,1275,Estuaire,2018,0.0,0.2140547303276706,29.898658546241556,0.0,0.5392257948082786,0.0,1.1142303295028142,2.098243507179054
89,Gabon,1275,Estuaire,2019,0.0,0.2133963367019253,30.25529053556397,0.0,0.5322385637947683,0.0,1.131838452056999,2.075396502459491
89,Gabon,1275,Estuaire,2020,0.0,0.212459770986967,29.83222068352843,0.0,0.5488476334331192,0.0,1.153435081410631,2.066804305366848
89,Gabon,1275,Estuaire,2021,0.0,0.2164578812845637,29.15881267871732,0.0,0.5593057125248713,0.0,1.209029865622074,2.023492750778697
89,Gabon,1276,Haut-Ogooue,2001,0.0,0.3760015612590114,30.081895814324817,0.0,0.4901445226585411,0.0,0.9542316276423508,2.0034313341126824
89,Gabon,1276,Haut-Ogooue,2002,0.0,0.3751159187849527,29.943502018960675,0.0,0.4980511660655574,0.0,0.9372212307760264,2.0398657866631558
89,Gabon,1276,Haut-Ogooue,2003,0.0,0.366319217944192,30.04226019149436,0.0,0.4950864900540275,0.0,0.9497251379466478,2.0611815488428102
89,Gabon,1276,Haut-Ogooue,2004,0.0,0.3649665217971052,31.429155880177515,0.0,0.4931078238196832,0.0,0.9322163220238826,2.152407554009492
89,Gabon,1276,Haut-Ogooue,2005,0.0,0.3674500952076419,32.212413194444444,0.0,0.4931614818591752,0.0,0.9492422158270342,2.198355626578283
89,Gabon,1276,Haut-Ogooue,2006,0.0,0.3631439359021632,32.23258759469697,0.0,0.4940671067439466,0.0,0.9460199556753932,2.208022855508207
89,Gabon,1276,Haut-Ogooue,2007,0.0,0.3722628218151987,32.09796081174547,0.0,0.4982331849641959,0.0,0.9566780966327282,2.2095534633582745
89,Gabon,1276,Haut-Ogooue,2008,0.0,0.3800754023533241,32.13365937814386,0.0,0.5025212306602328,0.0,0.946590229109222,2.227179974377515
89,Gabon,1276,Haut-Ogooue,2009,0.0,0.3799084233302696,32.1367934167505,0.0,0.5034104291130514,0.0,0.9569402956495098,2.224214427188129
89,Gabon,1276,Haut-Ogooue,2010,0.0,0.3853688100079501,31.9422109375,0.0,0.5176218409827544,0.0,0.9586490399683524,2.2037490234375
89,Gabon,1276,Haut-Ogooue,2011,0.0,0.3901177459448314,31.81037568476096,0.0,0.525053947202621,0.0,0.9621084442586144,2.2085289214236803
89,Gabon,1276,Haut-Ogooue,2012,0.0,0.3915819525718689,31.59836401608911,0.0,0.5415315628051758,0.0,0.9621952176094056,2.223012066831683
89,Gabon,1276,Haut-Ogooue,2013,0.0,0.3941435217857361,32.20039979818982,0.0,0.593987762928009,0.0,1.0228779315948486,2.2073439506635277
89,Gabon,1276,Haut-Ogooue,2014,0.0,0.3958334523102461,31.95102046996124,0.0,0.5913362558822186,0.0,1.0345169870476971,2.196621443874152
89,Gabon,1276,Haut-Ogooue,2015,0.0,0.4043182491792315,31.489111420777988,0.0,0.5965864723294626,0.0,1.0506905284837065,2.1568874525616697
89,Gabon,1276,Haut-Ogooue,2016,0.0,0.4053388239101638,31.30841317806604,0.0,0.5941130356981575,0.0,1.0508734495423893,2.148559109669811
89,Gabon,1276,Haut-Ogooue,2017,0.0,0.4030027297650229,31.46504972928437,0.0,0.6027878483825566,0.0,1.0350702833348386,2.1472459925994585
89,Gabon,1276,Haut-Ogooue,2018,0.0,0.3997004942793306,31.20276559595725,0.0,0.6001316297534789,0.0,0.9875098171710052,2.129660453938197
89,Gabon,1276,Haut-Ogooue,2019,0.0,0.3967796894605939,31.524104243970317,0.0,0.5967797594818057,0.0,1.036260134403382,2.142499764465445
89,Gabon,1276,Haut-Ogooue,2020,0.0,0.3967862247736914,31.64261049723757,0.0,0.6094981206306764,0.0,1.053775707120877,2.11905812075564
89,Gabon,1276,Haut-Ogooue,2021,0.0,0.3978445078629152,31.686398237179485,0.0,0.6199102164682421,0.0,1.0774308563874282,2.1123967991643773
89,Gabon,1277,Moyen-Ogooue,2001,0.0,0.1274139599297374,19.68389824610245,0.0,0.3840991376687924,0.0,0.886475584377496,1.3254447546196408
89,Gabon,1277,Moyen-Ogooue,2002,0.0,0.1268893842118235,19.126061386414253,0.0,0.3797684447072184,0.0,0.8611175244608626,1.3353721431740673
89,Gabon,1277,Moyen-Ogooue,2003,0.0,0.1233333794834514,19.101719097995545,0.0,0.3810147903978634,0.0,0.8646632185378395,1.3179820173301782
89,Gabon,1277,Moyen-Ogooue,2004,0.0,0.1232616924249326,19.05648654513889,0.0,0.3768997679884061,0.0,0.8632254798572284,1.3181959364149305
89,Gabon,1277,Moyen-Ogooue,2005,0.0,0.1241787432100826,19.0553515625,0.0,0.3818357424995008,0.0,0.8692929203898762,1.3156319173177082
89,Gabon,1277,Moyen-Ogooue,2006,0.0,0.1240017924445886,19.093062708797326,0.0,0.3815659349337934,0.0,0.8676651537227935,1.3220675665976476
89,Gabon,1277,Moyen-Ogooue,2007,0.0,0.1275898260049545,19.054025607638888,0.0,0.383915520323732,0.0,0.8611134294503794,1.3340525987413194
89,Gabon,1277,Moyen-Ogooue,2008,0.0,0.1287738611443381,19.03193576388889,0.0,0.3904704652144388,0.0,0.8702423728443979,1.338916015625
89,Gabon,1277,Moyen-Ogooue,2009,0.0,0.1286010012101898,18.93138352115597,0.0,0.3876692241078548,0.0,0.8703716466681619,1.3303487321971792
89,Gabon,1277,Moyen-Ogooue,2010,0.0,0.1309522418884569,18.88932076089956,0.0,0.4041010417056045,0.0,0.8807690390749602,1.330193458540287
89,Gabon,1277,Moyen-Ogooue,2011,0.0,0.1319463207463549,18.98503828470686,0.0,0.4058802173395825,0.0,0.8772723932934415,1.3440342455838634
89,Gabon,1277,Moyen-Ogooue,2012,0.0,0.13342219553176,18.96423151214128,0.0,0.4246312038154359,0.0,0.8891384829381469,1.3512881786354856
89,Gabon,1277,Moyen-Ogooue,2013,0.0,0.1339324659602657,19.54685994286894,0.0,0.4644611139965665,0.0,0.9330882661661524,1.3657640633604076
89,Gabon,1277,Moyen-Ogooue,2014,0.0,0.1359245640457056,19.48709603868392,0.0,0.466943485721661,0.0,0.9592329863530056,1.356020755179653
89,Gabon,1277,Moyen-Ogooue,2015,0.0,0.1381240042911213,19.371967965338428,0.0,0.4689248443409136,0.0,0.97149007031872,1.3484816905192412
89,Gabon,1277,Moyen-Ogooue,2016,0.0,0.1390536119983454,19.529721467391305,0.0,0.4707212508863704,0.0,0.9838412339520304,1.349847412109375
89,Gabon,1277,Moyen-Ogooue,2017,0.0,0.1393545843233728,19.57003499525488,0.0,0.4720576583959494,0.0,0.9686090748780852,1.3484632115560602
89,Gabon,1277,Moyen-Ogooue,2018,0.0,0.1382679544436703,19.633504319654428,0.0,0.4826342345802647,0.0,0.9590115881269904,1.355830742524973
89,Gabon,1277,Moyen-Ogooue,2019,0.0,0.1381019543690286,19.646076070851294,0.0,0.4757944094906947,0.0,0.994302445915854,1.363878973599138
89,Gabon,1277,Moyen-Ogooue,2020,0.0,0.1386659464259056,19.742028232296136,0.0,0.4839492117523388,0.0,1.000428023611664,1.3406256810789967
89,Gabon,1277,Moyen-Ogooue,2021,0.0,0.1393492388877139,19.80168686565171,0.0,0.4960221211621716,0.0,1.0083137074853206,1.3459134876218617
89,Gabon,1278,Ngounie,2001,0.0,0.13309026387892,20.989782184103262,0.0,0.3881262250165636,0.0,0.8492150404428004,1.403741587763247
89,Gabon,1278,Ngounie,2002,0.0,0.1330522624848167,20.302692053764897,0.0,0.3862749834363957,0.0,0.8384769075750883,1.3780907727011105
89,Gabon,1278,Ngounie,2003,0.0,0.1295851421019213,20.32071455173348,0.0,0.3893376973829505,0.0,0.8277754389355124,1.402277887577871
89,Gabon,1278,Ngounie,2004,0.0,0.1304141850016563,20.332964433234014,0.0,0.3877201147719744,0.0,0.8320183096841873,1.3892672818763545
89,Gabon,1278,Ngounie,2005,0.0,0.1304006744793964,20.402369142741065,0.0,0.3830062446244266,0.0,0.8177864973866443,1.3941011604482665
89,Gabon,1278,Ngounie,2006,0.0,0.1314104561745195,20.310669208963283,0.0,0.3850487196563161,0.0,0.8201881914448167,1.39516045259348
89,Gabon,1278,Ngounie,2007,0.0,0.1360742437150145,20.26849042610572,0.0,0.3949788554935428,0.0,0.8363088761129231,1.395636862021305
89,Gabon,1278,Ngounie,2008,0.0,0.1373614579376156,20.313339464092877,0.0,0.3941463284966305,0.0,0.8257415749977978,1.4131639781317495
89,Gabon,1278,Ngounie,2009,0.0,0.1362235544431873,20.30826049541037,0.0,0.3928225237017706,0.0,0.823445896097604,1.4217868088131074
89,Gabon,1278,Ngounie,2010,0.0,0.1385894194717891,20.321552713282937,0.0,0.4056991781459214,0.0,0.824214964874031,1.421586697868858
89,Gabon,1278,Ngounie,2011,0.0,0.1413013297067561,20.42014966927646,0.0,0.4148957588303257,0.0,0.8360738405039613,1.410421746338418
89,Gabon,1278,Ngounie,2012,0.0,0.1424758342015416,20.36939291240581,0.0,0.4243575115593112,0.0,0.8469587053571429,1.4290205151708826
89,Gabon,1278,Ngounie,2013,0.0,0.1418208567658112,20.89210349462365,0.0,0.4653368678367154,0.0,0.8873707047685835,1.451803227906586
89,Gabon,1278,Ngounie,2014,0.0,0.1439955266227749,20.76517797459893,0.0,0.4572343018774055,0.0,0.8961730060083537,1.4356424423462566
89,Gabon,1278,Ngounie,2015,0.0,0.145608712576486,20.85824314634472,0.0,0.4666248241504589,0.0,0.9127647986778846,1.4356147497415288
89,Gabon,1278,Ngounie,2016,0.0,0.1472690883505852,21.0001534302017,0.0,0.4654097007255634,0.0,0.9271953377500436,1.438300584278795
89,Gabon,1278,Ngounie,2017,0.0,0.1462663922991071,20.996945005965006,0.0,0.4673407896885888,0.0,0.89752201518946,1.4346591144452543
89,Gabon,1278,Ngounie,2018,0.0,0.1457584668002753,21.07892633460126,0.0,0.4734557425411299,0.0,0.889653027887796,1.435197187745934
89,Gabon,1278,Ngounie,2019,0.0,0.1450613496698159,21.065465628286013,0.0,0.4668554483766516,0.0,0.9305966606723748,1.4442594349697686
89,Gabon,1278,Ngounie,2020,0.0,0.1444793128569644,21.38033061713012,0.0,0.4724106672656793,0.0,0.9398409675773106,1.4318608126885493
89,Gabon,1278,Ngounie,2021,0.0,0.1460098033156945,21.422981429973824,0.0,0.4874349071518602,0.0,0.9483354804578842,1.4357986849640052
89,Gabon,1279,Nyanga,2001,0.0,0.1930139229122528,16.644746031942248,0.0,0.3943701792571504,0.0,0.7773342326536017,1.0800041488454313
89,Gabon,1279,Nyanga,2002,0.0,0.1926165047338453,16.139171726895736,0.0,0.3539909405896893,0.0,0.7227901825123587,1.064187578680391
89,Gabon,1279,Nyanga,2003,0.0,0.1899890964314089,16.273425138449365,0.0,0.3597324522201624,0.0,0.712923383982168,1.0621098385581489
89,Gabon,1279,Nyanga,2004,0.0,0.192234121204096,16.437890005942947,0.0,0.3515940520722987,0.0,0.6883630440060028,1.0612466029244254
89,Gabon,1279,Nyanga,2005,0.0,0.1974421688450109,16.392657180059523,0.0,0.3858721110944554,0.0,0.6800692797245345,1.0687882680741567
89,Gabon,1279,Nyanga,2006,0.0,0.2008332194377821,16.439113113573132,0.0,0.3678939164895775,0.0,0.6904106742910553,1.077919867535274
89,Gabon,1279,Nyanga,2007,0.0,0.2113250663533436,16.279383818561207,0.0,0.4078319540949492,0.0,0.721519039662105,1.091672766947784
89,Gabon,1279,Nyanga,2008,0.0,0.2158622827809766,16.237474456738436,0.0,0.3996470087537916,0.0,0.7071045472982506,1.1019460383024322
89,Gabon,1279,Nyanga,2009,0.0,0.2093546847995732,16.49009731359649,0.0,0.4185285374488572,0.0,0.6938309852479543,1.1033481920354864
89,Gabon,1279,Nyanga,2010,0.0,0.2166687252828283,16.453343052232857,0.0,0.4131483848692332,0.0,0.7190534535702948,1.1108304013095591
89,Gabon,1279,Nyanga,2011,0.0,0.2215101186093573,16.342536695075758,0.0,0.4056488794882195,0.0,0.7125858625493793,1.116169468637859
89,Gabon,1279,Nyanga,2012,0.0,0.2154770758566415,16.37296121162281,0.0,0.3835790905403499,0.0,0.722303127865759,1.126284755968401
89,Gabon,1279,Nyanga,2013,0.0,0.2277708376503421,16.6636962890625,0.0,0.4794753098326397,0.0,0.8240472866773068,1.1092614282535602
89,Gabon,1279,Nyanga,2014,0.0,0.2253518201427589,16.951316893759873,0.0,0.3971607216863008,0.0,0.7474715876525465,1.1364962079137046
89,Gabon,1279,Nyanga,2015,0.0,0.2246565635801707,16.84421751968504,0.0,0.4003744362170217,0.0,0.7899980049908296,1.1405617541215551
89,Gabon,1279,Nyanga,2016,0.0,0.2275056516074703,16.921841166338584,0.0,0.4426086288004373,0.0,0.7791681913974323,1.128126922367126
89,Gabon,1279,Nyanga,2017,0.0,0.2258969343542783,16.925641741071427,0.0,0.4307594040984763,0.0,0.7640327126393199,1.1322183414381377
89,Gabon,1279,Nyanga,2018,0.0,0.2303478163467303,16.565877970440493,0.0,0.4681539772326467,0.0,0.7571846507741958,1.1120679050545788
89,Gabon,1279,Nyanga,2019,0.0,0.2300186157226562,17.151414123062015,0.0,0.4390327677500705,0.0,0.7968646667342691,1.1225444941557654
89,Gabon,1279,Nyanga,2020,0.0,0.221033445061195,17.152371258802816,0.0,0.4090102219420147,0.0,0.7969781948804318,1.138485999547633
89,Gabon,1279,Nyanga,2021,0.0,0.2302600524764567,17.642243957519533,0.0,0.4540368762565251,0.0,0.8013208531364631,1.1319707870483398
89,Gabon,1280,Ogooue-Ivindo,2001,0.0,0.1163770945352427,27.06566802252816,0.0,0.4977388398204589,0.0,1.1097850897040034,1.8874826443210264
89,Gabon,1280,Ogooue-Ivindo,2002,0.0,0.1166528839760638,26.1193017578125,0.0,0.5019832529920213,0.0,1.103888588763298,1.808260498046875
89,Gabon,1280,Ogooue-Ivindo,2003,0.0,0.1132142462697969,26.03853515625,0.0,0.4942566748379039,0.0,1.0876071436875532,1.79271728515625
89,Gabon,1280,Ogooue-Ivindo,2004,0.0,0.1132912149234693,26.005871566791512,0.0,0.4988891186357355,0.0,1.0950408727944303,1.801437015985877
89,Gabon,1280,Ogooue-Ivindo,2005,0.0,0.1132169303247484,26.0534171153246,0.0,0.4985152939618644,0.0,1.092722126588983,1.7972681852762171
89,Gabon,1280,Ogooue-Ivindo,2006,0.0,0.1130353005431043,26.15536376953125,0.0,0.4976358567123994,0.0,1.0968625345641936,1.7913082885742186
89,Gabon,1280,Ogooue-Ivindo,2007,0.0,0.1161678333572929,26.02799154457606,0.0,0.5026469222583545,0.0,1.0947794389805414,1.7970418192799251
89,Gabon,1280,Ogooue-Ivindo,2008,0.0,0.1178970724192972,25.92508648165423,0.0,0.5090419814469649,0.0,1.0987408374973562,1.808990326686878
89,Gabon,1280,Ogooue-Ivindo,2009,0.0,0.1175846912927153,25.946060712064675,0.0,0.5077924977457614,0.0,1.0954633036278434,1.811060359821984
89,Gabon,1280,Ogooue-Ivindo,2010,0.0,0.1189446131923968,25.94170990749378,0.0,0.522657514924047,0.0,1.0980041555325926,1.8065619777091104
89,Gabon,1280,Ogooue-Ivindo,2011,0.0,0.1205076042503093,25.91441915760869,0.0,0.5268153614021693,0.0,1.0994501796809182,1.8170161466420809
89,Gabon,1280,Ogooue-Ivindo,2012,0.0,0.122260636352128,25.998578882929102,0.0,0.5509950785524516,0.0,1.1184364601417824,1.844010538129664
89,Gabon,1280,Ogooue-Ivindo,2013,0.0,0.1218347357423513,26.83624320652174,0.0,0.6003297639373165,0.0,1.1545465456559354,1.8633406929347829
89,Gabon,1280,Ogooue-Ivindo,2014,0.0,0.1231682546380579,26.607019690197287,0.0,0.6020924263608026,0.0,1.1946736005605616,1.8481002788802403
89,Gabon,1280,Ogooue-Ivindo,2015,0.0,0.1240785500044018,26.603084788602946,0.0,0.6005099237661727,0.0,1.2030707918144825,1.844696344113817
89,Gabon,1280,Ogooue-Ivindo,2016,0.0,0.1248347344090096,26.210597520258105,0.0,0.6029543141227457,0.0,1.2162055526404436,1.8047516858305823
89,Gabon,1280,Ogooue-Ivindo,2017,0.0,0.1234204513826323,26.185790725326992,0.0,0.5985391481704335,0.0,1.182812660883443,1.800283969511742
89,Gabon,1280,Ogooue-Ivindo,2018,0.0,0.1219109692862303,26.357593936011902,0.0,0.6036570747238135,0.0,1.1657035565415304,1.80684073311942
89,Gabon,1280,Ogooue-Ivindo,2019,0.0,0.1214467698700574,26.31235686317967,0.0,0.6025083705357143,0.0,1.214435885682398,1.8004539976728724
89,Gabon,1280,Ogooue-Ivindo,2020,0.0,0.1223287660184925,26.31039237750885,0.0,0.6132902111159257,0.0,1.2361680197287928,1.7833890408242326
89,Gabon,1280,Ogooue-Ivindo,2021,0.0,0.1226704832391287,26.310864772394613,0.0,0.6213439642702386,0.0,1.222682934211868,1.773317430840164
89,Gabon,1281,Ogooue-lolo,2001,0.0,0.1273008938127499,43.54740421500748,0.0,0.5585918399985874,0.0,1.2557196477855528,2.8464349986550337
89,Gabon,1281,Ogooue-lolo,2002,0.0,0.1267165185343706,42.09248775652985,0.0,0.5505217447690924,0.0,1.2181349078428398,2.85469041511194
89,Gabon,1281,Ogooue-lolo,2003,0.0,0.1229158438473857,41.86775788163717,0.0,0.5426787907396987,0.0,1.2097389453666032,2.8641107159729904
89,Gabon,1281,Ogooue-lolo,2004,0.0,0.1232432342993603,41.84302694044985,0.0,0.5510723277576072,0.0,1.2211063115923235,2.8705476743985066
89,Gabon,1281,Ogooue-lolo,2005,0.0,0.123800581091832,40.99791666666667,0.0,0.5539484090000433,0.0,1.2704534464687067,2.828718544780344
89,Gabon,1281,Ogooue-lolo,2006,0.0,0.1246932308044011,40.81792472001445,0.0,0.5547915045816044,0.0,1.2477125745591289,2.813425229463963
89,Gabon,1281,Ogooue-lolo,2007,0.0,0.1280082997696175,40.43977771310888,0.0,0.5581303380470908,0.0,1.232085675824413,2.8034344429956124
89,Gabon,1281,Ogooue-lolo,2008,0.0,0.1301246348006949,40.29218470982143,0.0,0.5655699671961326,0.0,1.2281539664084082,2.8269039481026788
89,Gabon,1281,Ogooue-lolo,2009,0.0,0.1293113550646551,40.40228810541311,0.0,0.5576376868938577,0.0,1.2130520103717672,2.807506941662215
89,Gabon,1281,Ogooue-lolo,2010,0.0,0.1308562601023707,40.25146484375,0.0,0.5826791066136854,0.0,1.2236220366379311,2.791208787397905
89,Gabon,1281,Ogooue-lolo,2011,0.0,0.1328909138045907,39.70619733146067,0.0,0.583471159167598,0.0,1.2341266616338549,2.7937135160639044
89,Gabon,1281,Ogooue-lolo,2012,0.0,0.134448821475778,39.37371877176184,0.0,0.6068198349649674,0.0,1.2434706655132393,2.7777650455910514
89,Gabon,1281,Ogooue-lolo,2013,0.0,0.1330605440361555,40.16515710851648,0.0,0.661133981435961,0.0,1.2970192800957592,2.7754637330442997
89,Gabon,1281,Ogooue-lolo,2014,0.0,0.1358758320099335,39.865522540983605,0.0,0.660093299688779,0.0,1.3243308281996078,2.7503143477309595
89,Gabon,1281,Ogooue-lolo,2015,0.0,0.1370126060817552,39.68936820652174,0.0,0.6606635218081267,0.0,1.3250173485797383,2.738155530846637
89,Gabon,1281,Ogooue-lolo,2016,0.0,0.1359836047983424,38.70050627055921,0.0,0.6532584613657253,0.0,1.3250019257081385,2.674409886410362
89,Gabon,1281,Ogooue-lolo,2017,0.0,0.1341896565755208,38.61893262987013,0.0,0.656905029296875,0.0,1.30608203125,2.657774452110389
89,Gabon,1281,Ogooue-lolo,2018,0.0,0.1330350814981663,38.67086563307493,0.0,0.6622512492727726,0.0,1.2930539719601897,2.650417120881783
89,Gabon,1281,Ogooue-lolo,2019,0.0,0.1319203546844038,39.1,0.0,0.6565130075028897,0.0,1.3383882590612617,2.698293235085228
89,Gabon,1281,Ogooue-lolo,2020,0.0,0.1331857658597878,39.82168729707792,0.0,0.6666788683227378,0.0,1.342338693031704,2.656924398843344
89,Gabon,1281,Ogooue-lolo,2021,0.0,0.1347664121597532,39.25544766227507,0.0,0.6835888252056465,0.0,1.3608970036582342,2.64877170278358
89,Gabon,1282,Ogooue-Maritime,2001,0.0,0.1748517200665891,34.29563780088682,0.0,0.4142848818683912,0.0,0.9442685406733856,2.3202696104307434
89,Gabon,1282,Ogooue-Maritime,2002,0.0,0.1739375371918599,32.86874348958333,0.0,0.4142628205128205,0.0,0.9268298026842948,2.2889029947916666
89,Gabon,1282,Ogooue-Maritime,2003,0.0,0.1699996188754949,32.66298828125,0.0,0.4145474210943392,0.0,0.931999010917468,2.2570786539713543
89,Gabon,1282,Ogooue-Maritime,2004,0.0,0.1697328866246235,32.98695753737542,0.0,0.4145617657397167,0.0,0.9259109497070312,2.2451236762873754
89,Gabon,1282,Ogooue-Maritime,2005,0.0,0.1694324694181743,32.919186197916666,0.0,0.4151169855791823,0.0,0.9259774803218984,2.260147501627604
89,Gabon,1282,Ogooue-Maritime,2006,0.0,0.1688689269103087,32.66099789268092,0.0,0.4138955239419106,0.0,0.9287168027402404,2.2222687570672286
89,Gabon,1282,Ogooue-Maritime,2007,0.0,0.1744145902475916,32.48751600922131,0.0,0.4179544319783834,0.0,0.9357720167117012,2.208646980660861
89,Gabon,1282,Ogooue-Maritime,2008,0.0,0.1778160072303749,32.25916320008117,0.0,0.4234169166725319,0.0,0.937755321239208,2.245447134042715
89,Gabon,1282,Ogooue-Maritime,2009,0.0,0.1767635316863053,32.59467884771987,0.0,0.4208760182896833,0.0,0.9300297361085084,2.251395657318811
89,Gabon,1282,Ogooue-Maritime,2010,0.0,0.1785996078193813,32.78778155438312,0.0,0.4341519425833958,0.0,0.938108704436844,2.246440144328328
89,Gabon,1282,Ogooue-Maritime,2011,0.0,0.1821352033472772,31.88021459334936,0.0,0.4390410921466884,0.0,0.940515045621502,2.223392975636018
89,Gabon,1282,Ogooue-Maritime,2012,0.0,0.183683959049965,31.47244476512739,0.0,0.4570079291044776,0.0,0.9486293508045708,2.230828740794188
89,Gabon,1282,Ogooue-Maritime,2013,0.0,0.1809971001999216,32.069096403301884,0.0,0.4945319521743639,0.0,0.993724631700544,2.219944216170401
89,Gabon,1282,Ogooue-Maritime,2014,0.0,0.1829687688768524,32.08257277063863,0.0,0.4929521923037095,0.0,1.0026747601021724,2.210966401382399
89,Gabon,1282,Ogooue-Maritime,2015,0.0,0.1842921124757641,31.344456449468087,0.0,0.4914401089187956,0.0,1.0072954386690238,2.1607729091470365
89,Gabon,1282,Ogooue-Maritime,2016,0.0,0.1851990122580563,31.191884205060425,0.0,0.4915787429698839,0.0,1.0122266085642688,2.1517983059148413
89,Gabon,1282,Ogooue-Maritime,2017,0.0,0.1836724067389878,30.81712855954142,0.0,0.4928105267360483,0.0,1.0001096159607905,2.1227362818971893
89,Gabon,1282,Ogooue-Maritime,2018,0.0,0.1809726096636253,29.073034872555866,0.0,0.4937373726405577,0.0,0.976286134213594,2.0007189532232017
89,Gabon,1282,Ogooue-Maritime,2019,0.0,0.1775651078970711,27.46380360921224,0.0,0.4836960376906294,0.0,1.0046347119071757,1.861465136210124
89,Gabon,1282,Ogooue-Maritime,2020,0.0,0.1758087009647459,26.258253528225808,0.0,0.4850123462491307,0.0,1.0010526230006953,1.7722987324073356
89,Gabon,1282,Ogooue-Maritime,2021,0.0,0.1768233255484505,25.93693073551829,0.0,0.4965820736944758,0.0,1.0084099484418465,1.7410105635480182
89,Gabon,1283,Woleu-Ntem,2001,0.0,0.1592142867028343,21.64561848958333,0.1914138977344219,0.5502505306652735,0.0,1.1307996913751108,1.3731065538194445
89,Gabon,1283,Woleu-Ntem,2002,0.0,0.1591017191388965,21.030954861111116,0.1482241153717041,0.5441656872234514,0.0,1.1104776298050332,1.3806343587239582
89,Gabon,1283,Woleu-Ntem,2003,0.0,0.1547925090705473,20.969147135416662,0.0936971352650569,0.5242685710930592,0.0,1.0749228938715738,1.3708561197916669
89,Gabon,1283,Woleu-Ntem,2004,0.0,0.1550842662582127,20.99571614583333,0.0600850719671983,0.5496555503602584,0.0,1.1128087128009054,1.3818526204427084
89,Gabon,1283,Woleu-Ntem,2005,0.0,0.1547749747455593,21.02427951388889,0.1461181090428279,0.546228124310459,0.0,1.112102781263791,1.3714817979600695
89,Gabon,1283,Woleu-Ntem,2006,0.0,0.1547711230123979,21.00657609825388,0.1500458717346191,0.5415898833986099,0.0,1.1195539186617387,1.36893979091602
89,Gabon,1283,Woleu-Ntem,2007,0.0,0.1585602587761336,21.024450873059862,0.1193708089681772,0.5460209387756509,0.0,1.1089324008439982,1.376434529171286
89,Gabon,1283,Woleu-Ntem,2008,0.0,0.1595774664883054,20.97610828488372,0.0667281746864318,0.5543709575656444,0.0,1.1089972607982128,1.3885292568608112
89,Gabon,1283,Woleu-Ntem,2009,0.0,0.1609544610935086,20.98268791528239,0.1011742353439331,0.5527055543392818,0.0,1.111872646941196,1.3943091442154625
89,Gabon,1283,Woleu-Ntem,2010,0.0,0.1629199089461054,20.9534948608804,0.1651470110966609,0.5778610889404512,0.0,1.1217427805052955,1.390180112515573
89,Gabon,1283,Woleu-Ntem,2011,0.0,0.1653352957958682,20.99039226882613,0.0848507514366736,0.5797032409290876,0.0,1.1267739520700022,1.391330925993217
89,Gabon,1283,Woleu-Ntem,2012,0.0,0.1668114119257847,20.966024709302324,0.1541158419388991,0.6049677014666538,0.0,1.1312823653326345,1.4066039092781009
89,Gabon,1283,Woleu-Ntem,2013,0.0,0.1672961646649864,21.67624844269103,0.1055849056977492,0.6638367291793082,0.0,1.1904997190120257,1.4233951336257613
89,Gabon,1283,Woleu-Ntem,2014,0.0,0.1706222170554528,21.615640555862832,0.1882325135744535,0.663570986526368,0.0,1.2184991794461606,1.419806286297013
89,Gabon,1283,Woleu-Ntem,2015,0.0,0.1726559970324211,21.73760716261062,0.2008288273444542,0.6654358448385141,0.0,1.245142161320547,1.4230172486431831
89,Gabon,1283,Woleu-Ntem,2016,0.0,0.1736364154563601,21.88441345754978,0.222931275000939,0.6683667960145925,0.0,1.260145064702643,1.4308062528086976
89,Gabon,1283,Woleu-Ntem,2017,0.0,0.1739952322670016,22.001432435702437,0.2035247729374812,0.6780172339620044,0.0,1.2386767147921256,1.4371323036936532
89,Gabon,1283,Woleu-Ntem,2018,0.0,0.1723977647688945,22.123502244475137,0.2417118365948017,0.6845951567662445,0.0,1.2337075388904184,1.442776674723757
89,Gabon,1283,Woleu-Ntem,2019,0.0,0.1712709906231121,22.00838456284153,0.2386570343604454,0.6777400065390213,0.0,1.270045704498023,1.4342026340505465
89,Gabon,1283,Woleu-Ntem,2020,0.0,0.1708822551526521,22.106911714480876,0.2251656422248253,0.687646698533443,0.0,1.2750873766447368,1.4245669505635246
89,Gabon,1283,Woleu-Ntem,2021,0.0,0.172195354119755,22.284318282614628,0.2937811154585618,0.7060943764416739,0.0,1.2937675704017464,1.4251501091703056
90,Gambia,1285,Central River,2001,0.0,49.07904866536458,39.54173990885417,0.0,22.235614013671874,1.4785906473795574,12.671090698242187,0.2308970133463541
90,Gambia,1285,Central River,2002,0.0,49.41651204427083,39.41193033854167,0.0,25.33796793619792,1.472184371948242,13.83292236328125,0.260934321085612
90,Gambia,1285,Central River,2003,0.0,59.00253499348958,41.08677571614583,0.0,27.78245239257813,1.4842174530029295,18.8720458984375,0.2639898777008057
90,Gambia,1285,Central River,2004,0.0,61.68319498697917,46.26669108072917,0.0,26.851873779296877,1.8823657989501956,19.30633138020833,0.2678763707478841
90,Gambia,1285,Central River,2005,0.0,62.1955078125,43.83819986979167,0.0,28.10584920247396,2.307361857096354,19.281982421875,0.2646554946899414
90,Gambia,1285,Central River,2006,0.0,62.74967854817708,43.88173828125,0.0,29.031866455078124,2.7361956278483075,19.90031534830729,0.2652292887369791
90,Gambia,1285,Central River,2007,0.0,62.1310302734375,49.38913981119792,0.0,34.85440266927083,3.023528289794922,16.741064453125,0.3851517041524251
90,Gambia,1285,Central River,2008,0.0,63.43509928385416,48.66490885416667,0.0,35.33914388020833,3.4255943298339844,19.06571248372396,0.4030483563741048
90,Gambia,1285,Central River,2009,0.0,65.8076416015625,54.92151692708333,0.0,35.664347330729164,3.1065414428710936,19.008113606770834,0.4309404055277506
90,Gambia,1285,Central River,2010,0.0,63.82961832682292,57.00380045572917,0.0,33.7623291015625,3.1478731791178385,23.326784261067708,0.4501869837443034
90,Gambia,1285,Central River,2011,0.0,60.83895670572917,66.7199462890625,0.0,28.736505126953126,2.3817125956217446,16.732771809895834,0.2566593488057454
90,Gambia,1285,Central River,2012,0.0,56.4281982421875,84.9353271484375,0.0,29.87186279296875,1.5710717519124349,11.691705322265625,0.1231236537297566
90,Gambia,1285,Central River,2013,0.0,65.758740234375,89.46407877604166,0.0,27.921183268229168,0.5815277099609375,11.77332255045573,0.0999243259429931
90,Gambia,1285,Central River,2014,0.0,72.91397298177084,96.73133138020832,0.0,34.52889404296875,0.4426202456156413,6.219254557291666,0.1561109860738118
90,Gambia,1285,Central River,2015,0.0,73.79198404947917,104.32279459635416,0.0,35.3989501953125,0.6119932174682617,7.260639953613281,0.1851027647654215
90,Gambia,1285,Central River,2016,0.0,70.8178955078125,78.20043131510417,0.0,32.628271484375,0.9177413940429688,8.503500366210938,0.2104787190755208
90,Gambia,1285,Central River,2017,0.0,60.70419108072917,71.5555908203125,0.0,32.268621826171874,1.3277081807454427,10.941975911458334,0.2473045667012532
90,Gambia,1285,Central River,2018,0.0,52.44682210286458,71.75106608072916,0.0,33.67689208984375,1.567884699503581,13.484902954101562,0.2458780924479166
90,Gambia,1285,Central River,2019,0.0,48.08019205729167,72.109423828125,0.0,35.07034505208333,1.7872830708821614,15.71948750813802,0.2592868169148763
90,Gambia,1285,Central River,2020,0.0,43.82552897135417,70.30713704427083,0.0,36.00574951171875,2.068681081136068,17.415873209635418,0.260857359568278
90,Gambia,1285,Central River,2021,0.0,43.8615478515625,70.6532958984375,0.0,38.124507649739584,2.0714757283528646,18.45586954752604,0.2660668055216471
90,Gambia,1287,Lower River,2001,0.0,14.63062274639423,26.679388897235576,0.0,12.185587252103366,0.4366993243877704,5.74280019906851,1.1118854229266828
90,Gambia,1287,Lower River,2002,0.0,14.699951171875,27.636455829326923,0.0,13.728121243990383,0.4271043043870192,6.355119441105769,1.3331586397611177
90,Gambia,1287,Lower River,2003,0.0,17.391158353365384,27.768396935096156,0.0,15.67303936298077,0.4333311814528245,8.690558330829328,1.2837419950045073
90,Gambia,1287,Lower River,2004,0.0,17.64808067908654,31.753955078125,0.0,14.754833984375,0.5541359534630409,8.654294996995192,1.324996596116286
90,Gambia,1287,Lower River,2005,0.0,17.831670673076925,31.12927058293269,0.0,15.621921950120193,0.6756472074068509,8.840858811598558,1.3397611177884616
90,Gambia,1287,Lower River,2006,0.0,18.288181715745196,29.841834435096157,0.0,15.826316481370192,0.8303956251878005,9.16805419921875,1.2911799504206731
90,Gambia,1287,Lower River,2007,0.0,18.2352783203125,33.99418194110577,0.0,19.33135141225961,0.9274668766902044,7.653677602914663,1.891622103177584
90,Gambia,1287,Lower River,2008,0.0,18.806768329326925,34.45944260817308,0.0,19.537024864783653,1.0656724196213945,8.563963904747595,1.9957378680889424
90,Gambia,1287,Lower River,2009,0.0,18.684859525240384,37.82933819110577,0.0,19.936803260216347,0.9332725524902344,9.172000826322115,2.169749568058894
90,Gambia,1287,Lower River,2010,0.0,18.52980769230769,39.58118614783654,0.0,17.978324068509615,1.025660118689904,10.406165489783652,2.265936983548678
90,Gambia,1287,Lower River,2011,0.0,17.86109149639423,46.48603515625,0.0,15.88663611778846,0.715966562124399,7.543805870643029,1.2385624812199518
90,Gambia,1287,Lower River,2012,0.0,16.84729191706731,59.14197716346154,0.0,16.140677584134615,0.4719247671274038,4.999879338191106,0.5798966627854567
90,Gambia,1287,Lower River,2013,0.0,19.598426231971157,61.616943359375,0.0,14.252988844651442,0.1238473452054537,4.729495943509615,0.5017971919133113
90,Gambia,1287,Lower River,2014,0.0,20.904229266826924,67.06484375,0.0,19.27321213942308,0.1251444303072416,2.623784461388221,0.7852350088266226
90,Gambia,1287,Lower River,2015,0.0,21.272062800480768,73.6703876201923,0.0,19.342176231971155,0.1712275284987229,2.7481635460486777,0.9307106018066408
90,Gambia,1287,Lower River,2016,0.0,20.58185847355769,55.866552734375,0.0,17.992078575721155,0.2633324843186598,3.3957120455228367,1.1229330209585338
90,Gambia,1287,Lower River,2017,0.0,17.514749849759614,54.07006084735577,0.0,17.505170147235578,0.3801226395827073,4.7796546349158655,1.2516839834359976
90,Gambia,1287,Lower River,2018,0.0,15.577127779447116,51.53490084134615,0.0,18.444613882211534,0.4576725299541767,5.656144831730769,1.2304459791917068
90,Gambia,1287,Lower River,2019,0.0,14.079468712439905,51.487973257211536,0.0,19.182596529447117,0.5411946223332331,6.742598783052885,1.2861871572641226
90,Gambia,1287,Lower River,2020,0.0,13.359127103365385,50.89940279447115,0.0,20.312391075721155,0.6296622056227464,7.713363882211539,1.3173636803260216
90,Gambia,1287,Lower River,2021,0.0,13.323203688401442,52.291331129807695,0.0,20.95801532451923,0.6311573908879207,7.992319899338942,1.2825486403245192
90,Gambia,1288,North Bank,2001,0.0,30.00518580845424,55.78035627092634,0.0,41.17759922572544,4.985338483537946,30.923815046037948,1.0038723264421736
90,Gambia,1288,North Bank,2002,0.0,29.91065761021205,53.916294642857146,0.0,45.30552891322544,4.692053658621652,33.144967215401785,1.0512631961277552
90,Gambia,1288,North Bank,2003,0.0,35.70855276925223,58.78078351702009,0.0,44.74642508370536,4.859331948416574,42.590951102120535,1.0673503875732422
90,Gambia,1288,North Bank,2004,0.0,36.23107038225447,62.18422589983259,0.0,43.376194545200896,5.948665073939732,44.296473911830354,1.0932793617248535
90,Gambia,1288,North Bank,2005,0.0,35.75396728515625,62.57097516741072,0.0,47.414053780691965,7.008381434849331,40.62485613141741,1.107558250427246
90,Gambia,1288,North Bank,2006,0.0,36.9771728515625,61.07847377232143,0.0,48.00569370814732,7.655081067766462,42.10900006975447,1.092308589390346
90,Gambia,1288,North Bank,2007,0.0,37.76949201311384,70.40013776506696,0.0,55.86224365234375,9.005898066929408,38.58375767299107,1.5542146137782509
90,Gambia,1288,North Bank,2008,0.0,37.1363525390625,68.36773245675224,0.0,55.85829380580357,10.130744934082031,44.037867954799104,1.5805918829781669
90,Gambia,1288,North Bank,2009,0.0,38.670401436941965,76.04472133091518,0.0,54.38152204241072,8.761893681117467,40.17253766741072,1.662365232195173
90,Gambia,1288,North Bank,2010,0.0,37.72066388811384,78.46646554129464,0.0,56.29004778180804,8.813569750104632,51.99225289481027,1.768317631312779
90,Gambia,1288,North Bank,2011,0.0,35.75655909946987,92.10650634765624,0.0,47.51347133091518,6.963872637067523,38.468148367745535,1.1162520136151994
90,Gambia,1288,North Bank,2012,0.0,34.093252999441965,113.02321079799108,0.0,58.68452671595982,4.682087489536831,35.9781232561384,0.6234983716692243
90,Gambia,1288,North Bank,2013,0.0,39.80480521065848,126.77396937779018,0.0,53.63497924804688,2.8580147879464284,32.038905552455354,0.5175151484353202
90,Gambia,1288,North Bank,2014,0.0,42.705618722098215,131.76681082589286,0.0,60.32537405831473,1.7222893578665597,22.32137625558036,0.756302901676723
90,Gambia,1288,North Bank,2015,0.0,43.161451067243306,144.42548479352678,0.0,60.29376220703125,2.76150757925851,25.291224888392858,0.8169386046273368
90,Gambia,1288,North Bank,2016,0.0,41.696236746651785,110.86705671037946,0.0,56.21030970982143,2.942032677786691,26.68714250837053,0.9337513106209892
90,Gambia,1288,North Bank,2017,0.0,37.10810198102679,97.25242396763392,0.0,60.42122105189732,3.99799919128418,32.859218052455354,1.0531021526881628
90,Gambia,1288,North Bank,2018,0.0,32.29101998465402,102.3954554966518,0.0,61.16786411830357,5.306634085518973,37.671155657087056,1.1012976510184151
90,Gambia,1288,North Bank,2019,0.0,29.574672154017858,115.66868373325892,0.0,62.03580583844866,5.429146357945034,41.35132707868304,1.2210604803902765
90,Gambia,1288,North Bank,2020,0.0,27.92142595563616,127.4716796875,0.0,64.10597011021206,6.0435365949358255,41.02539934430804,1.183547019958496
90,Gambia,1288,North Bank,2021,0.0,27.510118756975448,132.58332170758928,0.0,64.65286254882812,6.526533944266183,45.068150111607146,1.2439511162894112
90,Gambia,1289,Upper River,2001,0.0,24.63370056152344,28.646957397460938,0.0,19.7740478515625,1.3760486602783204,15.590560913085938,1.0823827743530274
90,Gambia,1289,Upper River,2002,0.0,24.454795837402344,28.46277770996094,0.0,22.653103637695317,1.3780012130737305,17.222640991210938,1.2625300407409668
90,Gambia,1289,Upper River,2003,0.0,29.365036010742188,29.426617431640626,0.0,25.45740661621094,1.391671371459961,24.27368011474609,1.2449444770812987
90,Gambia,1289,Upper River,2004,0.0,30.690069580078124,33.579586791992185,0.0,24.06064453125,1.7861982345581056,24.536111450195317,1.2768837928771972
90,Gambia,1289,Upper River,2005,0.0,31.072036743164062,32.274899291992185,0.0,25.28331909179688,2.176954460144043,25.338058471679688,1.2715840339660645
90,Gambia,1289,Upper River,2006,0.0,31.219161987304688,32.039224243164064,0.0,26.1817626953125,2.6123830795288088,26.175531005859376,1.2490238189697265
90,Gambia,1289,Upper River,2007,0.0,30.8033447265625,35.415277099609376,0.0,30.592056274414062,2.9901756286621093,21.08612976074219,1.824806022644043
90,Gambia,1289,Upper River,2008,0.0,31.530523681640624,35.59732666015625,0.0,30.920111083984374,3.2913963317871096,23.61619415283203,1.9402410507202148
90,Gambia,1289,Upper River,2009,0.0,31.964788818359374,39.6592529296875,0.0,32.30301513671875,3.015302276611328,25.568191528320312,2.0511531829833984
90,Gambia,1289,Upper River,2010,0.0,31.854226684570317,42.04707641601563,0.0,29.762158203125,3.0930160522460937,29.4119140625,2.208849334716797
90,Gambia,1289,Upper River,2011,0.0,29.960055541992187,49.34021606445312,0.0,25.745294189453126,2.299229621887207,21.486325073242188,1.2002782821655271
90,Gambia,1289,Upper River,2012,0.0,27.674932861328124,62.50304565429688,0.0,26.572201538085935,1.5137788772583007,13.52247314453125,0.5186774730682373
90,Gambia,1289,Upper River,2013,0.0,32.64588623046875,65.92866821289063,0.0,22.5945556640625,0.3734301567077637,13.215296936035156,0.4354434490203857
90,Gambia,1289,Upper River,2014,0.0,35.82777099609375,71.75305786132813,0.0,30.0737548828125,0.3788097143173218,6.70740966796875,0.679066514968872
90,Gambia,1289,Upper River,2015,0.0,36.399969482421874,77.65518798828126,0.0,30.743841552734374,0.4773874759674072,7.031726837158203,0.8803869247436523
90,Gambia,1289,Upper River,2016,0.0,35.168148803710935,57.44364624023437,0.0,28.54051513671875,0.8246651649475097,8.904338073730468,1.01943998336792
90,Gambia,1289,Upper River,2017,0.0,29.80367431640625,52.12698974609375,0.0,27.651705932617187,1.2129796981811525,12.48477020263672,1.1116039276123046
90,Gambia,1289,Upper River,2018,0.0,26.086087036132813,52.24501953125,0.0,29.68994140625,1.4360276222229005,15.841189575195312,1.171763896942139
90,Gambia,1289,Upper River,2019,0.0,23.6817138671875,51.65069580078125,0.0,30.50545654296875,1.7122627258300782,18.66224975585937,1.2282414436340332
90,Gambia,1289,Upper River,2020,0.0,21.83862762451172,50.02329711914062,0.0,31.87254028320313,1.967005157470703,21.02617492675781,1.2406779289245606
90,Gambia,1289,Upper River,2021,0.0,21.92466583251953,50.12678527832031,0.0,33.160980224609375,1.9018531799316407,21.52939910888672,1.208841323852539
90,Gambia,1290,West Coast,2001,0.0,16.420049758184526,122.83112444196428,0.0,21.044467017764138,0.4511340913318452,7.366112845284598,3.4857541038876487
90,Gambia,1290,West Coast,2002,0.0,16.759387788318453,124.5300060453869,0.0,23.761335100446427,0.4448077792213076,8.357417515345983,3.9449488321940094
90,Gambia,1290,West Coast,2003,0.0,19.961287725539435,125.83942522321428,0.0,27.01592145647321,0.453269776843843,11.237496512276786,3.988911946614584
90,Gambia,1290,West Coast,2004,0.0,20.777544294084823,144.1357886904762,0.0,26.061700730096724,0.5733854202997117,11.600482759021578,3.951954796200707
90,Gambia,1290,West Coast,2005,0.0,20.840990339006694,136.87359328497024,0.0,27.04996163504464,0.7075135367257255,11.86962381998698,4.044885907854352
90,Gambia,1290,West Coast,2006,0.0,21.04354277111235,137.51184663318452,0.0,27.627051943824405,0.855504898797898,12.192561558314733,3.956883748372396
90,Gambia,1290,West Coast,2007,0.0,21.032956077938987,152.96033296130952,0.0,33.605904715401785,0.9545655023484004,10.139051891508556,5.921333676292782
90,Gambia,1290,West Coast,2008,0.0,21.37179420107887,152.12767392113096,0.0,33.780924479166664,1.0591493334089006,11.11175537109375,6.151421683175223
90,Gambia,1290,West Coast,2009,0.0,21.83651588076637,168.23497953869048,0.0,34.47548130580357,0.9802270616803852,11.919987996419271,6.59918939499628
90,Gambia,1290,West Coast,2010,0.0,21.59024774460565,180.27769252232144,0.0,31.81004406156994,1.0169922964913505,13.595479329427084,7.020658220563616
90,Gambia,1290,West Coast,2011,0.0,20.1481439499628,211.0944242931548,0.0,27.65206763857887,0.746916998000372,10.12721179780506,3.7384890601748513
90,Gambia,1290,West Coast,2012,0.0,18.941138857886905,265.9222702752976,0.0,28.472586495535715,0.4910885038829985,6.653408958798363,1.5390712193080358
90,Gambia,1290,West Coast,2013,0.0,21.96261451357887,279.92950148809524,0.0,24.81735374813988,0.1309700239272344,6.484872000558036,1.3512328011648995
90,Gambia,1290,West Coast,2014,0.0,24.192086356026785,300.4944661458333,0.0,32.911382765997026,0.1261633577800932,3.609948294503348,2.162331354050409
90,Gambia,1290,West Coast,2015,0.0,24.2704598563058,328.7269345238095,0.0,33.43211437406994,0.1670219103495279,3.7107852754138766,2.6939168657575334
90,Gambia,1290,West Coast,2016,0.0,23.380067371186755,246.89625186011904,0.0,30.882946196056547,0.2637777782621838,4.794320242745536,3.154361543201265
90,Gambia,1290,West Coast,2017,0.0,20.080553327287948,224.3314732142857,0.0,30.131208147321427,0.3959834235055106,6.136335100446429,3.462097894577753
90,Gambia,1290,West Coast,2018,0.0,17.49200439453125,225.16417875744048,0.0,31.71996489025297,0.4773339771089099,7.687965029761905,3.598443167550223
90,Gambia,1290,West Coast,2019,0.0,15.811051141648065,218.37923177083331,0.0,32.88145519438244,0.5572180975051153,8.966748918805804,3.739300682431176
90,Gambia,1290,West Coast,2020,0.0,14.761470249720984,215.0844959077381,0.0,34.10858154296875,0.6400869006202334,10.3193112327939,3.809075491768973
90,Gambia,1290,West Coast,2021,0.0,14.583096458798362,219.46740141369048,0.0,35.304818289620535,0.6095404397873652,10.241686139787946,3.878282456170945
94,Ghana,1324,Ashanti,2001,0.0,1.716477530343192,133.67341214503043,0.0,13.58097743407708,0.0129224726926482,15.404958481237324,0.934982925164895
94,Ghana,1324,Ashanti,2002,0.0,1.7352447509765625,147.08766480730222,0.0,13.668839336650608,0.0128754099290704,16.233913460319474,0.9401075019211066
94,Ghana,1324,Ashanti,2003,0.0,1.7478021894182478,160.270521678499,0.0,15.074290060851927,0.014324273347371,16.767316651876268,0.9137293080814548
94,Ghana,1324,Ashanti,2004,0.0,1.7483191717238653,179.16693078093306,0.0,16.567097569092294,0.0143043429082595,17.262522977941178,0.903187048239786
94,Ghana,1324,Ashanti,2005,0.0,1.7839088439941406,172.51213869168356,0.0,16.76089075177485,0.0143406831226774,17.907507844193713,0.8961081582991803
94,Ghana,1324,Ashanti,2006,0.0,1.8053854079473584,206.45715010141987,0.0,16.8768540821501,0.0143052869104226,18.415680860167345,1.43875247142354
94,Ghana,1324,Ashanti,2007,0.0,1.8406724091258384,224.5697895537525,0.0,17.714300995182555,0.0145632122883206,18.98311517494929,1.485583946353099
94,Ghana,1324,Ashanti,2008,0.0,1.8519825601364568,241.45119168357,0.0,18.630871260141987,0.0123931795781814,19.61934663412779,1.5246947241611168
94,Ghana,1324,Ashanti,2009,0.0,1.8737020946684335,262.928752535497,0.0,19.56459970841785,0.0125246705680057,20.235036606237323,1.5670702574683018
94,Ghana,1324,Ashanti,2010,0.0,1.9001381283714656,289.3878042596349,0.0,20.46440003803245,0.0126611525637244,20.86202934837728,1.6050069840227972
94,Ghana,1324,Ashanti,2011,0.0,1.9437197730654765,319.09349645030426,0.0,21.68384928055274,0.0127752644536944,21.60885601546653,1.71283209128458
94,Ghana,1324,Ashanti,2012,0.0,2.013806842622303,351.2195106490872,0.0,22.985220825938136,0.0128815807628825,22.335846380578094,1.8126373291015625
94,Ghana,1324,Ashanti,2013,0.0,2.0687881674389903,387.3440669371197,0.0,24.32232505070994,0.0138379052492958,23.131285259254565,1.914501252721568
94,Ghana,1324,Ashanti,2014,0.0,2.1482567560105097,416.0378739858013,0.0,25.590719288793103,0.0143200117966224,24.08227687626775,2.057943875672388
94,Ghana,1324,Ashanti,2015,0.0,2.24295407249814,434.1500697261664,0.0,26.8792984596856,0.0145946371144261,25.172172128549697,2.197152309730405
94,Ghana,1324,Ashanti,2016,0.0,2.361046927315848,448.2976990365112,0.0,28.48933110420893,0.0148089217365876,26.38219843433063,2.3457246373911373
94,Ghana,1324,Ashanti,2017,0.0,2.473020462762742,458.4211460446247,0.0,30.262301121957403,0.0149977076609768,27.72077245499493,2.448828775374616
94,Ghana,1324,Ashanti,2018,0.0,2.492382231212797,497.590834178499,0.0,31.80190439591785,0.015247517135032,28.475999936612578,2.3851498463114758
94,Ghana,1324,Ashanti,2019,0.0,2.5225877307710194,541.2160877281947,0.0,33.32716230349899,0.0154773952027605,29.38029086904158,2.3075701604123977
94,Ghana,1324,Ashanti,2020,0.0,2.72903546677656,495.8430527383367,0.0,34.61492536130832,0.0156219590749992,30.730183506592294,2.844728313508581
94,Ghana,1324,Ashanti,2021,0.0,2.8245860508510043,493.4461840770791,0.0,35.5688427041075,0.0158488639228,31.611139943585197,2.3670761858830685
94,Ghana,1325,Brong Ahafo,2001,0.0,1.303598187267225,36.38599599706065,0.0,6.460879772167488,0.009767983898972,4.326241028132697,0.563897689970413
94,Ghana,1325,Brong Ahafo,2002,0.0,1.3154712111072315,40.10249071782178,0.0,6.52529561460899,0.0096412995771065,4.556005919508159,0.558403203983118
94,Ghana,1325,Brong Ahafo,2003,0.0,1.3309469382856145,43.636331992574256,0.0,7.178139672490763,0.0106396910585003,4.709476264239532,0.5467381996683555
94,Ghana,1325,Brong Ahafo,2004,0.0,1.3437862194968186,48.678512724319305,0.0,7.9300001924261085,0.01077452773523,4.856279344981527,0.541202998397374
94,Ghana,1325,Brong Ahafo,2005,0.0,1.3606837513578522,46.85327390160891,0.0,7.930007408405173,0.0107140292600721,5.009866648706897,0.5372345801627282
94,Ghana,1325,Brong Ahafo,2006,0.0,1.3786975711417595,56.2677328279703,0.0,8.072168209282635,0.0107362646180149,5.171924910521859,0.8589911130395266
94,Ghana,1325,Brong Ahafo,2007,0.0,1.3941572344428923,61.08854327815594,0.0,8.463261045258621,0.0109024806995296,5.328895907096675,0.8861096070544554
94,Ghana,1325,Brong Ahafo,2008,0.0,1.4054148299290037,65.56368927908416,0.0,8.890841479371922,0.0092744987203467,5.503399327470751,0.9119889665358136
94,Ghana,1325,Brong Ahafo,2009,0.0,1.4246064653165735,71.42522045173267,0.0,9.348453014354988,0.0095401266820081,5.692037648168103,0.9366192959322788
94,Ghana,1325,Brong Ahafo,2010,0.0,1.4381584674212446,78.73820873298267,0.0,9.8147874653633,0.009613320682988,5.86881951393165,0.9665557559173886
94,Ghana,1325,Brong Ahafo,2011,0.0,1.483402074604283,86.56910388304455,0.0,10.37824719057882,0.0098089550646785,6.078857421875,1.0241369115244043
94,Ghana,1325,Brong Ahafo,2012,0.0,1.5299742856727188,95.70458500928218,0.0,10.96889913023399,0.009879448404714,6.29745829164101,1.0857955630462948
94,Ghana,1325,Brong Ahafo,2013,0.0,1.5721613613438858,105.17676748143565,0.0,11.621628935113916,0.0104383167467619,6.52031779171798,1.153838809173886
94,Ghana,1325,Brong Ahafo,2014,0.0,1.6403526718168064,113.4537244740099,0.0,12.194203644550493,0.010849857691107,6.762072332974138,1.229682695747602
94,Ghana,1325,Brong Ahafo,2015,0.0,1.7152726252133768,118.3405979269802,0.0,12.801619506234609,0.0109545516492717,7.050885881696429,1.3166729011157952
94,Ghana,1325,Brong Ahafo,2016,0.0,1.796537110586616,122.17241646039604,0.0,13.611783653846151,0.011121164925913,7.407389423076923,1.3984908302231591
94,Ghana,1325,Brong Ahafo,2017,0.0,1.8751681588557807,124.43514077970298,0.0,14.418417992773678,0.011248258808952,7.775672903213407,1.4677226755878714
94,Ghana,1325,Brong Ahafo,2018,0.0,1.8970011115739305,135.39868889232673,0.0,15.175060539667896,0.0114108728338786,8.031692035670357,1.426033548789449
94,Ghana,1325,Brong Ahafo,2019,0.0,1.929245837046652,147.33626624381188,0.0,15.929580594634071,0.0115660863363691,8.288079931580565,1.3857646979907952
94,Ghana,1325,Brong Ahafo,2020,0.0,2.1051387893288904,134.82534206864565,0.0,16.538870310578105,0.0116910265514674,8.697674027521526,1.705047928262214
94,Ghana,1325,Brong Ahafo,2021,0.0,2.156333246958308,134.20648770871986,0.0,16.95598622001845,0.0118840964903601,8.901005631150062,1.4061491428957946
94,Ghana,1326,Central,2001,0.0,2.8758740144617416,185.6764787946429,0.0,21.878661484974423,0.0133147337247648,14.760508661684783,1.493141641422194
94,Ghana,1326,Central,2002,0.0,2.9422510932473576,203.9558553890306,0.0,22.116011129315854,0.0133610161978875,15.89723615329284,1.4680821944256215
94,Ghana,1326,Central,2003,0.0,3.0117319892434518,220.9384367028061,0.0,24.41857566735933,0.014866949652162,16.431173573369566,1.4597565008669484
94,Ghana,1326,Central,2004,0.0,3.1210854474235985,248.03013392857144,0.0,26.888092431265985,0.0148476871383159,16.801612951566497,1.4409229512117347
94,Ghana,1326,Central,2005,0.0,2.9885646595674404,237.66366390306123,0.0,27.25341921755115,0.014878919362412,17.469661624840153,1.4229664705237564
94,Ghana,1326,Central,2006,0.0,3.048084259033203,287.0233179209184,0.0,27.378853800351663,0.0148467066342873,17.96314413163363,2.2844702272999045
94,Ghana,1326,Central,2007,0.0,3.1370847365435437,311.8011399872449,0.0,28.778242886828643,0.0150855483911226,18.55090238371164,2.358377573441486
94,Ghana,1326,Central,2008,0.0,3.135233710793888,335.0441645408163,0.0,30.22034097266624,0.012832026957246,19.16107287004476,2.431634396922832
94,Ghana,1326,Central,2009,0.0,3.2079023473403034,366.7471301020408,0.0,31.61203994165601,0.0130102921020039,19.75967820891944,2.491521407146843
94,Ghana,1326,Central,2010,0.0,3.1788731743307674,403.4637276785714,0.0,33.30339124440537,0.0131285172289289,20.283939917679028,2.594134895169005
94,Ghana,1326,Central,2011,0.0,3.4093167922076058,445.0593510841837,0.0,35.382133152173914,0.0132895711132937,20.950115389226344,2.7241460060586733
94,Ghana,1326,Central,2012,0.0,3.401664509492762,490.3553093112245,0.0,37.05699278692455,0.0133830775385317,21.74250469549233,2.9054985824896367
94,Ghana,1326,Central,2013,0.0,3.4559411441578582,538.5016741071429,0.0,39.536986992487215,0.0143179978860918,22.48470468350384,3.05625074736926
94,Ghana,1326,Central,2014,0.0,3.686720679788028,577.7562579719388,0.0,41.438226802269824,0.0148095596781777,23.50476042998721,3.268619459502551
94,Ghana,1326,Central,2015,0.0,3.850734935087316,602.078762755102,0.0,43.47387507992328,0.0151388212238126,24.47755904331841,3.510174186862245
94,Ghana,1326,Central,2016,0.0,4.05278553682215,617.3870774872449,0.0,46.017528172953966,0.0153129826421323,25.737801710358056,3.727421663245377
94,Ghana,1326,Central,2017,0.0,4.207749759449678,631.202487244898,0.0,48.88683363970589,0.0155882554895737,27.04945752078005,3.891207013811384
94,Ghana,1326,Central,2018,0.0,4.131234112907858,691.4720982142857,0.0,51.76751818254476,0.015795849168392,27.8946711157289,3.819604367625957
94,Ghana,1326,Central,2019,0.0,4.1764050651999085,749.1614317602041,0.0,55.09592291400256,0.016062131623173,29.21710657768542,3.700228321308992
94,Ghana,1326,Central,2020,0.0,4.564655977136948,687.7258450255102,0.0,56.07790021579284,0.0162648886365963,30.46662703804348,4.527633666992188
94,Ghana,1326,Central,2021,0.0,4.714523764217601,687.2984693877551,0.0,57.6157938379156,0.0163827515624063,30.853213415121484,3.801233096998565
94,Ghana,1327,Eastern,2001,0.0,9.22472623852192,203.9891194331984,0.0,25.876567193758344,0.0120225954885623,15.042608895193592,1.051890755471913
94,Ghana,1327,Eastern,2002,0.0,9.319601483819609,224.98327850877192,0.0,26.13253608978638,0.0119218380651741,15.804164667473298,1.043232411990764
94,Ghana,1327,Eastern,2003,0.0,9.459060162729562,244.5774924089069,0.0,28.868705148531376,0.0132368365339984,16.28908988025701,1.0208796245044702
94,Ghana,1327,Eastern,2004,0.0,9.570786896475118,272.38313933873144,0.0,32.1512459320761,0.013271507497464,16.869271007176234,1.0129597981770833
94,Ghana,1327,Eastern,2005,0.0,9.587180187351896,262.1444416329285,0.0,31.930370702603472,0.0131994496996157,17.164441912132844,1.001005226783907
94,Ghana,1327,Eastern,2006,0.0,9.73208748333827,314.0730710916442,0.0,32.38266125667557,0.0132292911748542,17.97219469709613,1.6043498818122472
94,Ghana,1327,Eastern,2007,0.0,9.862318572274882,342.87013561320754,0.0,33.9273015061749,0.013452647047463,18.50905634596128,1.6532577967065365
94,Ghana,1327,Eastern,2008,0.0,9.930907046060426,369.4658400809717,0.0,35.72772811665554,0.0114590755610345,19.0915856558745,1.7036655029626349
94,Ghana,1327,Eastern,2009,0.0,10.061261940906398,402.09117398648647,0.0,37.47635910380507,0.0116098681502093,19.70798434370828,1.7539384171769423
94,Ghana,1327,Eastern,2010,0.0,10.172161952014218,444.58673986486485,0.0,39.35788342790387,0.0116892242940946,20.34838639018692,1.8093890215899493
94,Ghana,1327,Eastern,2011,0.0,10.521222878406398,489.1651182432432,0.0,41.72496922980641,0.0118363384251919,21.128525534045394,1.9144765493032092
94,Ghana,1327,Eastern,2012,0.0,10.869309556427725,537.7250844594595,0.0,43.92730932910548,0.0119170251293717,21.75522050233645,2.021378800675676
94,Ghana,1327,Eastern,2013,0.0,11.180571497334125,592.8600506756757,0.0,46.45697388184246,0.0128124374572998,22.382862045226968,2.1501250395903715
94,Ghana,1327,Eastern,2014,0.0,11.625591259997035,636.1289220647774,0.0,48.7665115987984,0.0132002327566312,23.55229629088785,2.294821385269062
94,Ghana,1327,Eastern,2015,0.0,12.218552141957938,664.9062921727395,0.0,51.44160443090788,0.0135473842137009,24.71203010263685,2.4509511270664643
94,Ghana,1327,Eastern,2016,0.0,12.695304400547986,685.1970310391363,0.0,54.62171958444593,0.0137453601261643,25.669548981975968,2.605814039304993
94,Ghana,1327,Eastern,2017,0.0,13.277299781546208,699.3304655870445,0.0,58.00000521528705,0.0138795595461917,26.937901577102803,2.7426072505482457
94,Ghana,1327,Eastern,2018,0.0,13.38289349452014,759.9229082321187,0.0,60.692631842456606,0.0140924377339545,27.86885117656876,2.664281930035425
94,Ghana,1327,Eastern,2019,0.0,13.545400899733412,827.8333333333334,0.0,63.651681408544725,0.0142601710931958,28.707438042389853,2.57871344150641
94,Ghana,1327,Eastern,2020,0.0,14.71697043468602,760.9112685560054,0.0,65.96441609646195,0.014419015800364,29.93392231308411,3.1701548134910595
94,Ghana,1327,Eastern,2021,0.0,15.22186018957346,752.0681511470985,0.0,67.9079606141522,0.0145801943994173,30.86961782376502,2.6272193404183537
94,Ghana,1328,Greater Accra,2001,0.0,10.809835084727112,108.50571495378522,0.0,26.019701460717428,0.0228016091064668,12.901251994388204,0.6975575728382138
94,Ghana,1328,Greater Accra,2002,0.0,10.872703874614876,119.90219245158453,0.0,26.265900088028168,0.0229283554453245,13.290116431007922,0.6759891647229092
94,Ghana,1328,Greater Accra,2003,0.0,11.40813779159331,130.24854203345072,0.0,28.809027013644368,0.0252808265283074,13.83174326722051,0.6921139723963017
94,Ghana,1328,Greater Accra,2004,0.0,11.211662185024208,145.5587588028169,0.0,31.321966466769368,0.0250904173918173,13.97443056778169,0.6716734522538219
94,Ghana,1328,Greater Accra,2005,0.0,11.40050409881162,142.21382592429578,0.0,32.20587931888204,0.025766093965987,14.720795967209508,0.653722145574556
94,Ghana,1328,Greater Accra,2006,0.0,11.468054543078786,169.82053257042253,0.0,31.94444253411092,0.0255391144416701,15.313620983714788,1.070419750625281
94,Ghana,1328,Greater Accra,2007,0.0,11.544057926661532,184.17564370598592,0.0,34.236929880061616,0.0258076291688731,15.792435766945422,1.1346595819047889
94,Ghana,1328,Greater Accra,2008,0.0,11.750297438930458,200.3279324383803,0.0,35.55092567121479,0.0220174319307569,15.95900156800176,1.1544962272369603
94,Ghana,1328,Greater Accra,2009,0.0,11.827089121643926,214.42564370598592,0.0,37.43157185299296,0.0222084891628211,16.6764345840669,1.156814026318008
94,Ghana,1328,Greater Accra,2010,0.0,11.963401257152288,237.32790492957747,0.0,39.3787480743838,0.0223958190058318,17.0509033203125,1.233330925591558
94,Ghana,1328,Greater Accra,2011,0.0,12.277591329225352,266.2553367077465,0.0,41.96568620708626,0.0228572009314953,17.680344272667252,1.27648552544683
94,Ghana,1328,Greater Accra,2012,0.0,12.653342663402288,293.05639304577466,0.0,44.21639799735915,0.0228726964601328,18.362593529929576,1.3758852293165469
94,Ghana,1328,Greater Accra,2013,0.0,13.102877764634684,318.1102552816901,0.0,46.734925176056336,0.0244728343587526,18.93688449053697,1.4338381101759217
94,Ghana,1328,Greater Accra,2014,0.0,13.692329514194542,340.931338028169,0.0,49.406923965669016,0.0255725887459768,19.66326818331866,1.5406996912235835
94,Ghana,1328,Greater Accra,2015,0.0,14.37379648987676,361.634463028169,0.0,51.28557232064261,0.0258294075307711,20.40182108274648,1.6110601630999888
94,Ghana,1328,Greater Accra,2016,0.0,14.948790644256162,371.3055127640845,0.0,54.84650088028169,0.0263159510115502,21.97167109099912,1.7210853631547889
94,Ghana,1328,Greater Accra,2017,0.0,15.639925244828346,378.93257592429575,0.0,58.242283780809856,0.0267140630265356,22.5808827574824,1.813179071001012
94,Ghana,1328,Greater Accra,2018,0.0,15.680333956866198,418.3414667693662,0.0,61.0856073943662,0.0271472091406164,23.384249834947184,1.7400331565802043
94,Ghana,1328,Greater Accra,2019,0.0,16.065321371588908,443.2370158450704,0.0,64.49852140184859,0.027533299486402,24.05852497799296,1.6639408687893436
94,Ghana,1328,Greater Accra,2020,0.0,17.344293298855632,407.2571797975352,0.0,66.6647295884683,0.0277621662113028,25.49160637654049,2.0654810624156923
94,Ghana,1328,Greater Accra,2021,0.0,17.991183428697184,409.143788512324,0.0,68.3435711927817,0.0281082912230155,25.73523121148768,1.730686983616232
94,Ghana,1329,Northern,2001,0.0,7.899111300538489,61.49597252646952,0.0,10.49705100194209,0.0101923871798565,10.33437541379767,0.7729444054627601
94,Ghana,1329,Northern,2002,0.0,7.996584963352173,67.89105331688596,0.0,10.56764601178912,0.0101942783530946,10.879807267749912,0.7669256556103801
94,Ghana,1329,Northern,2003,0.0,8.086078290636042,73.87878042642753,0.0,11.65638112853357,0.0112279175279333,11.255558469522969,0.7593720688826867
94,Ghana,1329,Northern,2004,0.0,8.166127429328622,82.6371305362372,0.0,12.855864896201414,0.0112916117803331,11.606412875441697,0.7540789893221541
94,Ghana,1329,Northern,2005,0.0,8.26966749845078,79.74839567290063,0.0,12.890265359419264,0.0113305038462962,12.009801589058071,0.7568698683019344
94,Ghana,1329,Northern,2006,0.0,8.364857286509901,94.81560569585756,0.0,13.072936925388968,0.0112263222226327,12.332282642326732,1.1767388277275617
94,Ghana,1329,Northern,2007,0.0,8.45510436925389,102.96359278444204,0.0,13.748926748143564,0.0114993077174873,12.758021072754596,1.223751022355507
94,Ghana,1329,Northern,2008,0.0,8.567243105966714,111.07301935012778,0.0,14.432113690686968,0.0098361752710808,13.188589987606232,1.25517178800429
94,Ghana,1329,Northern,2009,0.0,8.66034160322238,121.79474614395887,0.0,15.18084941572238,0.009860604335889,13.627247753629604,1.290727730932106
94,Ghana,1329,Northern,2010,0.0,8.753568741147308,134.59601249540611,0.0,15.93239725345255,0.0099616150377998,14.042779247078611,1.3302211460056046
94,Ghana,1329,Northern,2011,0.0,9.02623578036473,147.94278298419698,0.0,16.813220664394475,0.0100851150236836,14.52223685375354,1.4001027884968762
94,Ghana,1329,Northern,2012,0.0,9.302981973707508,162.7112045203969,0.0,17.82919008941218,0.0101592849958542,15.005626991855523,1.502093633716924
94,Ghana,1329,Northern,2013,0.0,9.582478034259916,178.93701764057332,0.0,18.869923534879604,0.0109693552220581,15.503967112252123,1.58680083006018
94,Ghana,1329,Northern,2014,0.0,9.985099814093484,191.67367104296733,0.0,19.851202859419264,0.0112488634525547,16.097634118271955,1.705068621178388
94,Ghana,1329,Northern,2015,0.0,10.431955310508144,200.5505231277533,0.0,20.861458148902265,0.011579487866159,16.78353095122167,1.8178316584067549
94,Ghana,1329,Northern,2016,0.0,10.927458517699115,206.51193202638328,0.0,22.13170492256637,0.0116303392577779,17.61401825221239,1.9454169911139607
94,Ghana,1329,Northern,2017,0.0,11.45035715076133,210.79592351430668,0.0,23.49910089854816,0.0118057921217385,18.56341708348088,2.034092276916728
94,Ghana,1329,Northern,2018,0.0,11.562682586756374,229.15403994137048,0.0,24.688235879957507,0.0121096550869147,19.05858545060198,1.9707811354891904
94,Ghana,1329,Northern,2019,0.0,11.687329862340652,249.387467913458,0.0,25.94439403328612,0.0122136124132712,19.69867790589589,1.9321460954689216
94,Ghana,1329,Northern,2020,0.0,12.68318917903853,228.5059371574717,0.0,26.88101195210321,0.0122819471039001,20.60431303022269,2.36258763016076
94,Ghana,1329,Northern,2021,0.0,13.071861720963172,228.12701465201465,0.0,27.68912668201133,0.0125643123894359,21.13863729417493,1.950938465831044
94,Ghana,1330,Upper East,2001,0.0,21.440629937675563,179.3022819562147,0.0,37.84801285990169,0.0187969917661688,38.999182540379216,4.673880539371469
94,Ghana,1330,Upper East,2002,0.0,21.665727593925563,198.60944120762716,0.0,38.058036889922754,0.0190977273362406,41.195715743504216,4.6763053937146895
94,Ghana,1330,Upper East,2003,0.0,21.873935656601123,214.3210849223164,0.0,41.83984375,0.0201330760891517,42.577954924508425,4.607471530720339
94,Ghana,1330,Upper East,2004,0.0,22.14392501316713,239.8677171610169,0.0,46.20355293188202,0.0208754593066954,43.89593025807584,4.558230642545021
94,Ghana,1330,Upper East,2005,0.0,22.4395203322507,232.92152189265536,0.0,46.297676000702246,0.0209919883963767,43.996368065308985,4.525641662252825
94,Ghana,1330,Upper East,2006,0.0,22.65875724192416,278.4756135240113,0.0,46.88578059164326,0.0202408814698122,46.4798707426264,7.0322410454184325
94,Ghana,1330,Upper East,2007,0.0,22.858338088132022,300.8812455861582,0.0,49.09822133953652,0.0213771616474966,48.168286955758425,7.2704222943149714
94,Ghana,1330,Upper East,2008,0.0,23.098983936095507,324.1949152542373,0.0,51.39840458216292,0.0182136149888628,49.638068381320224,7.495213050626766
94,Ghana,1330,Upper East,2009,0.0,23.444659629564608,352.83580508474574,0.0,54.31074438202247,0.0177733603488193,51.61114159058989,7.645080221574859
94,Ghana,1330,Upper East,2010,0.0,23.64333249209972,389.8765889830509,0.0,56.865936622191015,0.0178316898560256,52.67924310919944,7.889536022466455
94,Ghana,1330,Upper East,2011,0.0,24.347376448384832,427.043520480226,0.0,60.08028660463483,0.0180081999703739,54.62420448560393,8.305119228901836
94,Ghana,1330,Upper East,2012,0.0,25.21193875087781,467.7210451977401,0.0,63.728877721207866,0.0182319370548376,56.60512859901685,8.95854299081921
94,Ghana,1330,Upper East,2013,0.0,25.93416981214888,520.4193149717514,0.0,67.01196014747191,0.0205671010392435,58.24094759480337,9.487852969412076
94,Ghana,1330,Upper East,2014,0.0,27.18359649315309,554.9427524717514,0.0,70.7613127633427,0.0201980987291657,60.47578893082865,10.083413334216102
94,Ghana,1330,Upper East,2015,0.0,28.266077620259832,585.0398128531074,0.0,74.15862008426966,0.0214850848980164,63.39358760533708,10.858294988082626
94,Ghana,1330,Upper East,2016,0.0,29.54226924596208,600.1791578389831,0.0,78.54486701193821,0.0209610288062792,66.21984177492978,11.494445455949858
94,Ghana,1330,Upper East,2017,0.0,30.92776729283708,610.623896539548,0.0,83.42329046699439,0.021066190151686,70.0410979195927,12.028912043167374
94,Ghana,1330,Upper East,2018,0.0,31.08879037921348,666.4079272598871,0.0,87.56321870610955,0.0223162937700078,71.90916871488764,11.824844963806497
94,Ghana,1330,Upper East,2019,0.0,31.58818414238062,723.3490466101695,0.0,91.80627852879212,0.0219902590419469,73.88371774051966,11.352840445135946
94,Ghana,1330,Upper East,2020,0.0,34.37530723314607,665.0876053370787,0.0,95.65219013342696,0.022119933299804,78.04382461376404,13.906317207250702
94,Ghana,1330,Upper East,2021,0.0,35.303881012991575,663.0294844632768,0.0,97.65126843398876,0.0230509002556961,79.57851452773876,11.469817597987287
94,Ghana,1331,Upper West,2001,0.0,11.178366343180338,58.98532486510791,0.0,16.96819305419922,0.0106162379185358,13.144479115804035,4.4542006238759
94,Ghana,1331,Upper West,2002,0.0,11.30675760904948,64.84115332733813,0.0,17.131698608398438,0.0106283997495969,13.860310872395834,4.451067193120504
94,Ghana,1331,Upper West,2003,0.0,11.459241231282553,70.41213466726619,0.0,18.90121078491211,0.01178839802742,14.26062266031901,4.3592446745728415
94,Ghana,1331,Upper West,2004,0.0,11.592388153076172,78.9038893884892,0.0,20.88308970133464,0.0117950588464736,14.705005645751951,4.325476337679856
94,Ghana,1331,Upper West,2005,0.0,11.707656860351562,75.89418227665706,0.0,20.88159942626953,0.0117822661995887,15.228211720784506,4.268904364418228
94,Ghana,1331,Upper West,2006,0.0,11.860982259114584,90.21918402777776,0.0,21.2111078898112,0.0117782826224962,15.76318105061849,6.719574931000713
94,Ghana,1331,Upper West,2007,0.0,11.99020512898763,97.90731837606836,0.0,22.286234537760414,0.0120058308045069,16.190349578857422,6.916903156160969
94,Ghana,1331,Upper West,2008,0.0,12.124738057454428,105.51196358618232,0.0,23.31336212158203,0.0101975115636984,16.694564819335938,7.1358214810363245
94,Ghana,1331,Upper West,2009,0.0,12.262959798177084,115.86925054112554,0.0,24.547025044759117,0.0103302088876565,17.276357014973957,7.441780387581168
94,Ghana,1331,Upper West,2010,0.0,12.394800821940104,128.11546266233765,0.0,25.749526977539062,0.0104478547970453,17.825796763102215,7.652946174918831
94,Ghana,1331,Upper West,2011,0.0,12.790711720784506,140.9332160894661,0.0,27.252858479817707,0.0105482041835784,18.40900548299153,8.117077583874458
94,Ghana,1331,Upper West,2012,0.0,13.16828155517578,154.51934523809524,0.0,28.79479471842448,0.0106386331220467,19.1022211710612,8.595373376623376
94,Ghana,1331,Upper West,2013,0.0,13.563353220621744,170.0436056998557,0.0,30.477081298828125,0.011417668312788,19.63623046875,9.09953327922078
94,Ghana,1331,Upper West,2014,0.0,14.115687733663847,182.9740147005772,0.0,31.970576133777637,0.0117755959340902,20.478129571684004,9.705309230699855
94,Ghana,1331,Upper West,2015,0.0,14.77637099723667,191.3276515151515,0.0,33.597714665962286,0.0120388571710673,21.328798053478543,10.335416102994229
94,Ghana,1331,Upper West,2016,0.0,15.452609415637191,192.13170270745428,0.0,35.602004429453835,0.0122037535371023,22.414834606631988,10.76391017822609
94,Ghana,1331,Upper West,2017,0.0,16.183502316319895,202.43136809593025,0.0,37.83041846147594,0.0123898576853024,23.6438658159948,11.690407686455304
94,Ghana,1331,Upper West,2018,0.0,16.37474093790637,220.38253997093025,0.0,39.63455227974642,0.0125485235444901,24.23521314206762,11.350221855695857
94,Ghana,1331,Upper West,2019,0.0,16.563744513979195,239.2044422238372,0.0,41.64724378250976,0.012748648813394,25.099921773407026,11.053995531658794
94,Ghana,1331,Upper West,2020,0.0,17.909177147675553,213.52062764456983,0.0,43.09571582412224,0.0128608177790251,26.15641508858908,13.10353490832158
94,Ghana,1331,Upper West,2021,0.0,18.56932956307115,219.15900469653175,0.0,44.53791510280679,0.0130631618649156,26.97201625734334,11.194492582640896
94,Ghana,1332,Volta,2001,0.0,7.960767766982864,136.5215656525851,0.0,17.075443935511014,0.0121740436904141,13.054920584072828,1.893170232358186
94,Ghana,1332,Volta,2002,0.0,8.053038726993865,151.4690081003812,0.0,17.292446319018406,0.0122251182574897,13.734765625,1.832407206740528
94,Ghana,1332,Volta,2003,0.0,8.123169095092024,165.2907643312102,0.0,19.0115234375,0.0136419729221086,14.160509729677914,1.804427306292808
94,Ghana,1332,Volta,2004,0.0,8.239554870304802,188.37632070871263,0.0,20.90790005387931,0.0135937842429051,14.716854602832512,1.838941729035364
94,Ghana,1332,Volta,2005,0.0,8.341713289909174,181.4516805013021,0.0,21.07061557112069,0.0136660564092942,15.116949372690886,1.8172011582167835
94,Ghana,1332,Volta,2006,0.0,8.444552416871922,217.4611508452536,0.0,21.470864281865765,0.0137029657222954,15.557768723060343,2.83532546238346
94,Ghana,1332,Volta,2007,0.0,8.516895852552276,236.2389466840052,0.0,22.430057464637148,0.0138263197989188,16.080121367619927,2.918257126339903
94,Ghana,1332,Volta,2008,0.0,8.616901618234932,254.49454752604169,0.0,23.51079864314268,0.0117688912160575,16.634271938422508,2.9636217109481877
94,Ghana,1332,Volta,2009,0.0,8.73753831776599,276.91359456380206,0.0,24.70068899907749,0.0120119736903104,17.164523754612546,3.0433778684860355
94,Ghana,1332,Volta,2010,0.0,8.800538610854858,306.156005859375,0.0,25.9401377998155,0.0121308101221845,17.745084755535057,3.1435126058054035
94,Ghana,1332,Volta,2011,0.0,9.081896717404677,335.8630120286086,0.0,27.31055888683887,0.0122363388023893,18.304555369772448,3.2971095600050746
94,Ghana,1332,Volta,2012,0.0,9.395917416205412,369.71155721716514,0.0,29.09748568188807,0.0123586407719058,18.910652338945265,3.528537474420191
94,Ghana,1332,Volta,2013,0.0,9.626407186923432,406.8766254876463,0.0,30.77394680196802,0.0131683631136848,19.566304149369618,3.703993602465558
94,Ghana,1332,Volta,2014,0.0,10.02469153597786,435.0278364759428,0.0,32.383835908671585,0.0136803805534475,20.169299661746617,3.967911729236577
94,Ghana,1332,Volta,2015,0.0,10.526221844249692,453.1934176394293,0.0,34.09323829566421,0.0139007568359375,21.01269891605166,4.171410971129967
94,Ghana,1332,Volta,2016,0.0,11.005525445879458,468.34914072632944,0.0,36.143214752460025,0.0141334756567322,22.082682291666668,4.488769855905087
94,Ghana,1332,Volta,2017,0.0,11.493580873308732,478.442775974026,0.0,38.36720191420664,0.0143609305320702,23.271566055504305,4.623538055017315
94,Ghana,1332,Volta,2018,0.0,11.539875305997551,520.6269430051814,0.0,40.022182431915546,0.0143964083425272,23.756600462821297,4.4937415304697765
94,Ghana,1332,Volta,2019,0.0,11.67300355200674,565.0645265888456,0.0,41.942574295343135,0.0147600173950195,24.48931765088848,4.364315635279605
94,Ghana,1332,Volta,2020,0.0,12.696800026742054,517.8197270671834,0.0,43.70714108343521,0.0148611033749755,25.616449705837407,5.289693592432717
94,Ghana,1332,Volta,2021,0.0,13.092137536337209,517.282058538163,0.0,44.909023102815176,0.0149252131636023,26.311593960373315,4.440289266748366
94,Ghana,1333,Western,2001,0.0,0.0234835007611443,84.08548263534219,0.0,5.130151865433674,0.0114263894606609,8.55501634247449,1.4397501336663687
94,Ghana,1333,Western,2002,0.0,0.0233278232338154,92.76618360572012,0.0,5.161528419961734,0.0114840429656359,9.267691725127552,1.462957208806818
94,Ghana,1333,Western,2003,0.0,0.023567013118578,100.72633882924336,0.0,5.707170758928571,0.0127458942179777,9.504102558992347,1.399500934624233
94,Ghana,1333,Western,2004,0.0,0.0243416184199864,112.52727984406953,0.0,6.264102359693878,0.012762199129377,9.841908482142856,1.4019186257828475
94,Ghana,1333,Western,2005,0.0,0.02478834553551,108.37629409509202,0.0,6.264228914221939,0.0126989033757423,10.152783203125,1.4102477403262397
94,Ghana,1333,Western,2006,0.0,0.0249587991963262,129.58963605572598,0.0,6.444284119897959,0.0127389596433055,10.446374760841836,2.223608098878451
94,Ghana,1333,Western,2007,0.0,0.02480406958553,141.01156697341514,0.0,6.712543845663265,0.0129605643603266,10.741491948341835,2.281312657767766
94,Ghana,1333,Western,2008,0.0,0.0251992116005456,151.80586975971372,0.0,7.059768614477041,0.0110282839560995,11.07774732940051,2.3604663934688137
94,Ghana,1333,Western,2009,0.0,0.0259375384801339,165.02613752556238,0.0,7.382924988850663,0.011126642684081,11.46559433932212,2.4335423256965747
94,Ghana,1333,Western,2010,0.0,0.0257057565631288,181.69532847648264,0.0,7.747536195527523,0.0112425466803843,11.815687515927625,2.4980780790676125
94,Ghana,1333,Western,2011,0.0,0.0265507108477346,199.98010927914112,0.0,8.202172328937309,0.0113743034463896,12.225310190494394,2.654782909557132
94,Ghana,1333,Western,2012,0.0,0.0272211553730489,220.6836496676892,0.0,8.737961702025993,0.0114676546491492,12.682359359072375,2.802500219676636
94,Ghana,1333,Western,2013,0.0,0.0273475812111066,242.9721370143149,0.0,9.182672934187051,0.0123332905356186,13.130515935588685,2.9633571882189416
94,Ghana,1333,Western,2014,0.0,0.0280498859686252,261.33413215746424,0.0,9.655199772234964,0.0127651134883713,13.634791507390418,3.1887202038599183
94,Ghana,1333,Western,2015,0.0,0.0299344496293501,273.3392219387755,0.0,10.109301334734964,0.0129865477209062,14.259075759747706,3.41166917450574
94,Ghana,1333,Western,2016,0.0,0.0313624695782021,281.8362882653061,0.0,10.736730297528032,0.0131584628277233,14.901423929663608,3.5997705576371173
94,Ghana,1333,Western,2017,0.0,0.0314706806496624,287.1141900510204,0.0,11.41661689283894,0.0133725330613318,15.6610671110474,3.796455974968112
94,Ghana,1333,Western,2018,0.0,0.0318561095695991,312.26892201834863,0.0,12.009278836964832,0.0135559748922769,16.156580498216105,3.6687743394017582
94,Ghana,1333,Western,2019,0.0,0.032351254384755,339.45275866462794,0.0,12.615242338812436,0.0137691964432369,16.733952917940876,3.556041348114169
94,Ghana,1333,Western,2020,0.0,0.0342268031130554,310.76000254842,0.0,13.064152491080533,0.0139018845242219,17.440725344036696,4.395023015417941
94,Ghana,1333,Western,2021,0.0,0.0361140109035417,309.9098814984709,0.0,13.45113205593782,0.0141007773730219,17.88536291093272,3.613100322136213
217,Senegal,1373,Kaolack,2001,0.0,26.468555683992346,168.5347975127551,0.0,116.40006178252553,20.671795280612244,131.38612085459184,3.4835641043526784
217,Senegal,1373,Kaolack,2002,0.0,25.946000079719383,166.2761080994898,0.0,113.4346301020408,20.751923230229597,128.02192283163265,3.620493051957111
217,Senegal,1373,Kaolack,2003,0.0,26.192337970344383,169.5897441007653,0.0,116.34480628188776,20.87655203683036,131.04496173469389,3.8004312320631377
217,Senegal,1373,Kaolack,2004,0.0,26.28525589923469,172.79611766581633,0.0,116.48852040816328,21.20160534917092,133.42458545918367,3.73679678780692
217,Senegal,1373,Kaolack,2005,0.0,26.8080905213648,184.18279655612244,0.0,120.4537428252551,21.512652961575256,138.60092474489795,3.835462297712053
217,Senegal,1373,Kaolack,2006,0.0,27.05171795280612,193.6190409757653,0.0,124.44792330994898,21.745336415816325,141.64135243941325,3.940245959223533
217,Senegal,1373,Kaolack,2007,0.0,27.396242725605862,230.49139030612244,0.0,127.0020129145408,21.812958386479597,145.5013352997449,3.978099278041295
217,Senegal,1373,Kaolack,2008,0.0,27.814742107780614,232.00793207908163,0.0,129.73489317602042,21.682826450892858,149.09383968431123,4.07254713408801
217,Senegal,1373,Kaolack,2009,0.0,28.294518295599488,234.5390226403061,0.0,133.61947943239795,21.66657864317602,151.40878109056123,4.254992115254304
217,Senegal,1373,Kaolack,2010,0.0,28.600419025031886,270.07788584183675,0.0,137.49469866071428,21.67600546077806,158.02592873086735,4.413786596181441
217,Senegal,1373,Kaolack,2011,0.0,28.94451281489158,286.7192083864796,0.0,141.62220982142858,21.295128647161988,154.46219308035714,4.484393995635363
217,Senegal,1373,Kaolack,2012,0.0,29.27497708067602,282.2088647959184,0.0,147.57593271683675,22.40516382334184,167.40967793367346,4.635002914740115
217,Senegal,1373,Kaolack,2013,0.0,29.63811134805485,320.69256218112247,0.0,150.26856465242346,22.37552066725128,170.66778938137756,4.8161016970264665
217,Senegal,1373,Kaolack,2014,0.0,30.398549605389032,359.1975446428572,0.0,156.4195332429847,23.005672532684947,150.65502431441325,4.929217902981505
217,Senegal,1373,Kaolack,2015,0.0,30.445130640146683,392.02933673469386,0.0,161.68175023915816,23.085404376594383,169.3460618622449,5.090118408203125
217,Senegal,1373,Kaolack,2016,0.0,30.66362155213648,412.4632493622449,0.0,167.10056600765307,23.168521803252556,182.42219387755105,5.248294752471301
217,Senegal,1373,Kaolack,2017,0.0,31.119143116230862,443.7747927295918,0.0,171.7204440369898,23.45713339046556,197.1444116709184,5.350851253587372
217,Senegal,1373,Kaolack,2018,0.0,31.185203085140305,469.8550701530612,0.0,175.16212930484693,23.820825693558675,202.8594547193877,5.553040796396684
217,Senegal,1373,Kaolack,2019,0.0,31.08865543287628,525.4664381377551,0.0,174.53360172193877,24.37791972257653,205.1145567602041,5.450757085060586
217,Senegal,1373,Kaolack,2020,0.0,31.37753607302296,560.5186144770408,0.0,188.5154655612245,24.152523118622447,219.4140226403061,5.686305454799107
217,Senegal,1373,Kaolack,2021,0.0,31.70737005739796,608.3859215561224,0.0,186.73706552933675,24.44272660235969,220.4307238520408,5.77415622010523
217,Senegal,1374,Kedougou,2001,0.0,2.8136212254528337,3.399920287270323,0.0,1.113544217825278,0.0268899760834158,1.0181343593077474,0.0514552832180779
217,Senegal,1374,Kedougou,2002,0.0,2.761493874417145,3.388063693576389,0.0,0.9590990895691356,0.0252292388660994,0.9742238990203552,0.0539756520589192
217,Senegal,1374,Kedougou,2003,0.0,2.776515178051022,3.34724853515625,0.0,0.9805027265288736,0.028605686920931,1.0174280328080163,0.0564206441243489
217,Senegal,1374,Kedougou,2004,0.0,2.8045964288916787,3.514691665071687,0.0,1.1226466875336265,0.0281958251616843,1.029204052524211,0.0555762310070556
217,Senegal,1374,Kedougou,2005,0.0,2.930914332911137,3.7238720594376393,0.0,1.0330877974522508,0.0269680489664492,1.1646394004438665,0.0573580429654875
217,Senegal,1374,Kedougou,2006,0.0,2.906233887419297,3.7649869757183527,0.0,1.0682208418333037,0.0266053357863808,1.084308815823395,0.0562298540341652
217,Senegal,1374,Kedougou,2007,0.0,2.927239963963863,4.562246408770161,0.0,1.093741856141275,0.0285349152778667,1.1025054362446198,0.0582609156126617
217,Senegal,1374,Kedougou,2008,0.0,2.984021924318508,4.547770182291667,0.0,1.1162806419252151,0.0285468993148183,1.1433392693014706,0.0602487932171737
217,Senegal,1374,Kedougou,2009,0.0,3.011854305842001,4.586983352965632,0.0,1.1502557697049856,0.0295152193879427,1.287496689915486,0.0678429402691826
217,Senegal,1374,Kedougou,2010,0.0,3.0739049049497846,5.188747228381375,0.0,1.2037697659332407,0.0301210502457749,1.2380868482110832,0.0655319188492261
217,Senegal,1374,Kedougou,2011,0.0,3.188254489105093,5.86554842373348,0.0,1.234307309647373,0.0284898115351875,1.21760714515894,0.0672428408383272
217,Senegal,1374,Kedougou,2012,0.0,3.157231816602404,5.826342343233756,0.0,1.275365230171718,0.031189867107052,1.4914111188015602,0.0706295567987248
217,Senegal,1374,Kedougou,2013,0.0,3.2125203859173244,6.413708361950549,0.0,1.3177445574504574,0.0307265252617917,1.3381491268382353,0.0772440061464414
217,Senegal,1374,Kedougou,2014,0.0,3.345752163289096,6.982921424278846,0.0,1.3735102868319584,0.0308500116056795,1.1884379448473368,0.0734375167679
217,Senegal,1374,Kedougou,2015,0.0,3.31900282740764,7.696058336195055,0.0,1.4136977777248476,0.0312422737080783,1.3320084822229197,0.0750889872456645
217,Senegal,1374,Kedougou,2016,0.0,3.343261018203013,7.806037757663848,0.0,1.4649663457227404,0.0308153769549201,1.4318399306178264,0.0747420087173171
217,Senegal,1374,Kedougou,2017,0.0,3.3963190459110475,8.33356355365954,0.0,1.5259331986414992,0.034274935722351,1.7600468946153156,0.0798883521765993
217,Senegal,1374,Kedougou,2018,0.0,3.4765603983590387,9.337294792813877,0.0,1.587279397753766,0.0341519842977109,1.611508515849175,0.0837434525006668
217,Senegal,1374,Kedougou,2019,0.0,3.4099124596484938,9.98332065818584,0.0,1.5622555091015065,0.0340723119756226,1.6061745510894907,0.0822164569280843
217,Senegal,1374,Kedougou,2020,0.0,3.4941994709469157,10.35966328805828,0.0,1.6877329318732066,0.0354312765535223,2.0095582630918223,0.0851782838243804
217,Senegal,1374,Kedougou,2021,0.0,3.546722280756815,11.029515975560898,0.0,1.7024440683285509,0.0343872647070442,1.7385043742153874,0.0852934193407368
217,Senegal,1375,Kolda,2001,0.0,31.54165113926746,32.32095788043478,0.0,9.11568106500213,0.1229974334040939,9.965808666950595,3.6702212126358695
217,Senegal,1375,Kolda,2002,0.0,30.906020416311755,32.13700797582753,0.0,8.731051859295144,0.1215082327795597,9.628534424244036,3.823636470356054
217,Senegal,1375,Kolda,2003,0.0,31.358150553662693,32.51580255681818,0.0,8.905830760221464,0.1344804130177278,9.84746326660988,4.005346338232081
217,Senegal,1375,Kolda,2004,0.0,31.570329136499147,33.43547516936189,0.0,9.284335238767037,0.1267429982173991,10.21246972157155,3.984556825010927
217,Senegal,1375,Kolda,2005,0.0,32.00435363247863,34.94057848073555,0.0,9.492452924679489,0.1343629755525507,10.751668502938037,4.029249842655429
217,Senegal,1375,Kolda,2006,0.0,32.56250667735043,37.49332995840631,0.0,9.781716579861111,0.1610626742371127,10.705301816239317,4.195240668782837
217,Senegal,1375,Kolda,2007,0.0,32.930802617521366,43.88109539185639,0.0,10.019487847222225,0.1417588454026442,10.999791332799145,4.208991216068301
217,Senegal,1375,Kolda,2008,0.0,33.34808026175214,44.868494144045535,0.0,10.26838608440171,0.1446008665948851,11.21716079059829,4.287959377736427
217,Senegal,1375,Kolda,2009,0.0,33.96581864316239,44.811648286996494,0.0,10.53225827991453,0.165677492842715,11.912504173344017,4.551738999562172
217,Senegal,1375,Kolda,2010,0.0,34.40589610042735,50.80080861427321,0.0,10.872056123130342,0.1738503219734909,12.029693342681623,4.72934638723183
217,Senegal,1375,Kolda,2011,0.0,34.64757278311966,55.64894715958844,0.0,11.196804053151707,0.1519693227914663,11.867391993856838,4.829360667961909
217,Senegal,1375,Kolda,2012,0.0,35.04695846688034,55.08197652145359,0.0,11.543654847756413,0.1426463982997796,12.865225193643164,4.987423978628502
217,Senegal,1375,Kolda,2013,0.0,35.555582264957266,61.79275667688266,0.0,11.792613181089743,0.1214503492045606,13.001263688568375,5.105424283056042
217,Senegal,1375,Kolda,2014,0.0,36.16455662393162,68.91770194833626,0.0,12.24090377938034,0.1242083427233573,11.470789930555556,5.249827263025394
217,Senegal,1375,Kolda,2015,0.0,36.40626001602564,74.77635863616463,0.0,12.667743389423077,0.1245026417267628,12.869537927350429,5.358748614683669
217,Senegal,1375,Kolda,2016,0.0,36.78308627136752,79.20802320490368,0.0,12.913115985576924,0.1328338883880876,13.71129139957265,5.611056192535027
217,Senegal,1375,Kolda,2017,0.0,37.1116452991453,84.83069274475524,0.0,13.36704560630342,0.1439691788110977,14.961209602029914,5.795617163598121
217,Senegal,1375,Kolda,2018,0.0,37.52641893696581,90.53586647727272,0.0,13.716022302350428,0.1410237630208333,15.179061498397436,5.976813469733392
217,Senegal,1375,Kolda,2019,0.0,37.13311965811966,99.36004425262236,0.0,13.655144898504274,0.1583416278545673,15.511473357371797,5.861583789745411
217,Senegal,1375,Kolda,2020,0.0,37.60060926834471,105.98245255235602,0.0,14.716668555354095,0.1627494629739494,16.8016094949872,5.990266330579188
217,Senegal,1375,Kolda,2021,0.0,37.83679553952992,115.53133180628272,0.0,14.398604433760685,0.1444254296457665,16.33868689903846,6.2663642390652265
217,Senegal,1376,Sedhiou,2001,0.0,22.611228135665527,68.26257192012635,0.0,17.24835017598123,0.1786431712908956,19.16080618067406,7.183239878299864
217,Senegal,1376,Sedhiou,2002,0.0,21.96635509672619,68.00441392148015,0.0,16.83633277529762,0.1802497266912135,18.71607275722789,7.746116665726534
217,Senegal,1376,Sedhiou,2003,0.0,22.144129331420068,68.46623279557761,0.0,17.079754264987244,0.1812052175301272,18.858873432185373,7.755999513481498
217,Senegal,1376,Sedhiou,2004,0.0,22.25490267478813,69.83628299864621,0.0,17.429583222987286,0.1825430401300979,19.43174655720339,7.6574010745712995
217,Senegal,1376,Sedhiou,2005,0.0,22.66458554025424,73.66464068140795,0.0,17.843193855932203,0.1866378654867915,19.925254899364408,7.867168991143953
217,Senegal,1376,Sedhiou,2006,0.0,23.00161330764358,78.69207829301075,0.0,18.355478647592907,0.18861283482732,20.361568966427363,8.037300137208781
217,Senegal,1376,Sedhiou,2007,0.0,23.26713784427966,92.57059251792114,0.0,18.74611526747881,0.1878106068756621,20.826438360699157,8.08053490423387
217,Senegal,1376,Sedhiou,2008,0.0,23.53988347457627,93.75877856182797,0.0,19.33560315148305,0.1887772899563029,21.419155521716103,8.238529765905017
217,Senegal,1376,Sedhiou,2009,0.0,24.0108185852466,93.37131696428573,0.0,19.87302694515306,0.1917350016483644,22.140641608205783,8.633754185267858
217,Senegal,1376,Sedhiou,2010,0.0,24.398616868622447,107.23145926339286,0.0,20.52687539859694,0.1930693801568479,22.820843962585037,8.909784807477678
217,Senegal,1376,Sedhiou,2011,0.0,24.400148967161016,115.78387257067138,0.0,21.01185116525424,0.1878154043423927,22.54833818855932,9.105009800132509
217,Senegal,1376,Sedhiou,2012,0.0,24.738251456567795,113.05580554328624,0.0,21.760056938559323,0.1938713720289327,24.09231991525424,9.397424704615725
217,Senegal,1376,Sedhiou,2013,0.0,25.133209745762716,128.10831850533808,0.0,22.37459944385593,0.1936425419177039,24.783969478283897,9.658328236209965
217,Senegal,1376,Sedhiou,2014,0.0,25.46050549523305,143.80516183035715,0.0,23.158646716101696,0.1936196149405786,21.995853747351696,10.051273890904016
217,Senegal,1376,Sedhiou,2015,0.0,25.877674788135597,155.8128627232143,0.0,23.838496424788136,0.1967756626969677,24.486235434322037,10.394646344866072
217,Senegal,1376,Sedhiou,2016,0.0,25.97109375,166.13253348214286,0.0,24.577078919491527,0.19928106534279,26.360480667372883,10.621712820870536
217,Senegal,1376,Sedhiou,2017,0.0,26.29582395391949,178.11141183035716,0.0,25.2258938029661,0.2045858350850768,28.24094941737288,10.965870884486607
217,Senegal,1376,Sedhiou,2018,0.0,26.53485500529661,190.88140345982143,0.0,26.013585805084745,0.204113394527112,29.149212129237288,11.313240269252232
217,Senegal,1376,Sedhiou,2019,0.0,26.271343683792374,208.48505859375,0.0,25.91152178230932,0.2069573871159957,29.673768538135597,11.106049455915178
217,Senegal,1376,Sedhiou,2020,0.0,26.73387016684322,218.84120481271776,0.0,27.76926310911017,0.2098470138291181,31.632157044491525,11.228923943815332
217,Senegal,1376,Sedhiou,2021,0.0,26.89763142213983,243.29943282918148,0.0,27.407272907838983,0.2100418608067399,31.542849576271188,11.755280735653914
217,Senegal,1377,Tambacounda,2001,0.0,14.106516687322946,8.395847281419734,0.0,19.395345697592067,0.4997106276558073,20.72083038243626,0.0748473439651148
217,Senegal,1377,Tambacounda,2002,0.0,13.811770759560906,8.316452219749547,0.0,18.842917847025497,0.5046766416209277,20.16760357648725,0.0831162907952059
217,Senegal,1377,Tambacounda,2003,0.0,13.906506728045326,8.40006765804164,0.0,19.22382259206799,0.5076050496304001,20.49163863314448,0.0718816320940753
217,Senegal,1377,Tambacounda,2004,0.0,14.01983445467422,8.603967660870548,0.0,19.562384915014164,0.5124716437234419,21.01366191572238,0.0715003695628984
217,Senegal,1377,Tambacounda,2005,0.0,14.31413110835694,9.038408315102595,0.0,19.969380754249293,0.5230702516377479,21.72971405807365,0.0737748361885655
217,Senegal,1377,Tambacounda,2006,0.0,14.4811526203966,9.616824894514767,0.0,20.596414660056656,0.5295074030630311,22.18688473796034,0.0957237367819705
217,Senegal,1377,Tambacounda,2007,0.0,14.604957507082151,11.35898178496082,0.0,21.068004160764872,0.528280267904568,22.700816660764872,0.0763364749331299
217,Senegal,1377,Tambacounda,2008,0.0,14.844620883498584,11.582174966073582,0.0,21.66643059490085,0.5352642113358711,23.30449938031161,0.0790542492101506
217,Senegal,1377,Tambacounda,2009,0.0,15.055802939093484,11.589624509656003,0.0,22.235831267705382,0.5303040761110127,24.03233002832861,0.0963268291540151
217,Senegal,1377,Tambacounda,2010,0.0,15.316654125354107,13.19353971786361,0.0,22.94276735127479,0.5353831002124646,24.741539040368277,0.1012222299247746
217,Senegal,1377,Tambacounda,2011,0.0,15.497083038243629,14.395332773838264,0.0,23.60686968838527,0.5317144896423512,24.4451177407932,0.1012409880136824
217,Senegal,1377,Tambacounda,2012,0.0,15.604127567280454,14.15344230914303,0.0,24.312008675637397,0.5431878541076487,26.24572193696884,0.0888633935222729
217,Senegal,1377,Tambacounda,2013,0.0,15.83580581621813,15.895515474124924,0.0,25.12965430240793,0.5472889324760978,26.98333038243626,0.113616473716501
217,Senegal,1377,Tambacounda,2014,0.0,16.089542758498585,17.793310576342787,0.0,26.04876947592068,0.5516779999557365,23.81256418201133,0.1102657928190536
217,Senegal,1377,Tambacounda,2015,0.0,16.22517041430595,19.26561203417321,0.0,26.78966226983003,0.5593331917824894,26.69364376770538,0.1120608968049845
217,Senegal,1377,Tambacounda,2016,0.0,16.418470033640226,20.513523804151625,0.0,27.709547627478752,0.564564440675903,28.695790545325774,0.1195082957133489
217,Senegal,1377,Tambacounda,2017,0.0,16.557949716713882,21.98188470672497,0.0,28.48640447946176,0.5725464904612252,30.69486322592068,0.1202879515718062
217,Senegal,1377,Tambacounda,2018,0.0,16.736360216005664,23.631912507539205,0.0,29.231573123229463,0.5759857609994689,31.421770980878183,0.1248895716465856
217,Senegal,1377,Tambacounda,2019,0.0,16.665983533994336,25.765153799758743,0.0,29.136849327195467,0.5814027089235128,32.200787889518416,0.1306419878730728
217,Senegal,1377,Tambacounda,2020,0.0,16.896086003895185,27.61506837703436,0.0,31.398171919263454,0.5878402753186969,34.35098707507082,0.1100144711081129
217,Senegal,1377,Tambacounda,2021,0.0,16.981168112606234,30.24165943723597,0.0,30.911026026912182,0.5925678890757791,34.3289040368272,0.1394690891742418
217,Senegal,1378,Kaffrine,2001,0.0,15.04223998762045,44.1130094017666,0.0,10.451067317987151,2.868715600742773,17.650800488490365,0.1951445226240464
217,Senegal,1378,Kaffrine,2002,0.0,14.722685525963598,43.80891996788009,0.0,10.07546925187366,2.881744450113758,17.146011777301926,0.1982451935141193
217,Senegal,1378,Kaffrine,2003,0.0,14.91762580299786,44.15816966675589,0.0,10.097845498193257,2.9862371603988223,17.77731656517666,0.2102888054204446
217,Senegal,1378,Kaffrine,2004,0.0,14.982743910599572,45.29911670235546,0.0,10.382183066782655,2.921510618810225,17.488189239828692,0.2022640546843633
217,Senegal,1378,Kaffrine,2005,0.0,15.317859592478587,47.633498394004285,0.0,10.798716248996252,3.020873762044968,18.98318514119379,0.2068645305756072
217,Senegal,1378,Kaffrine,2006,0.0,15.494520166956638,51.39893937366167,0.0,10.85958202288544,3.0298034537272485,19.21534144138116,0.2183713402431578
217,Senegal,1378,Kaffrine,2007,0.0,15.572008414748394,60.064980092344754,0.0,11.165180214467345,3.087495922276499,19.95459088932013,0.2178523780447002
217,Senegal,1378,Kaffrine,2008,0.0,15.799478469619917,61.28668696466809,0.0,11.621823557949678,3.0910132201887044,20.177993676391864,0.2220942887300087
217,Senegal,1378,Kaffrine,2009,0.0,16.04406241635439,60.84166722430407,0.0,11.965684388383298,3.0832718189574413,21.97703091541756,0.2382327290112252
217,Senegal,1378,Kaffrine,2010,0.0,16.41677889119379,69.34073875802999,0.0,12.435657705433618,3.107721430841809,21.781630587526767,0.2417318601424484
217,Senegal,1378,Kaffrine,2011,0.0,16.447022007160065,76.90932815845824,0.0,12.793750836456104,3.159836305540685,21.0759000267666,0.2571375191339333
217,Senegal,1378,Kaffrine,2012,0.0,16.579956838865098,74.50376405246253,0.0,12.819611968013918,3.153276137162072,22.271785499197,0.2581998510585352
217,Senegal,1378,Kaffrine,2013,0.0,16.914146145610278,83.99541622055675,0.0,13.402502676659529,3.182537724170236,23.511480360010708,0.264908506732426
217,Senegal,1378,Kaffrine,2014,0.0,17.094447395275697,93.45887145342611,0.0,13.834724638650965,3.1313160277536136,20.93677646547109,0.2695500049141796
217,Senegal,1378,Kaffrine,2015,0.0,17.25057610914079,101.10292592344754,0.0,14.37962769338865,3.216359826686296,22.80055122457173,0.2812471246821467
217,Senegal,1378,Kaffrine,2016,0.0,17.41373837326017,109.8286686964668,0.0,14.650482635171306,3.2712350065243574,24.9573470121788,0.2887191282349939
217,Senegal,1378,Kaffrine,2017,0.0,17.659618826953963,116.31492572269808,0.0,15.228390156584585,3.3258846046072,26.92541739159529,0.2954336815778908
217,Senegal,1378,Kaffrine,2018,0.0,17.822370182012847,125.02829730995715,0.0,15.9150317435091,3.378289363624197,27.599262245717345,0.3073772291555139
217,Senegal,1378,Kaffrine,2019,0.0,17.694565962928266,136.94820663811564,0.0,15.56593888015257,3.4009458227382225,27.21536653506424,0.3032858152205734
217,Senegal,1378,Kaffrine,2020,0.0,17.942127693388652,146.7003646948608,0.0,16.867513717880087,3.4747463446868307,29.747457173447536,0.315802563947069
217,Senegal,1378,Kaffrine,2021,0.0,17.962430574143468,160.47059020342613,0.0,16.82972054001606,3.3751850659127407,29.620989192987157,0.3217768863130688
142,Lesotho,1803,Berea,2001,0.0,45.34019252232143,70.41284460308908,0.3131980895996094,25.886646312671704,2.479529244559152,44.93081430288461,11.408132268094468
142,Lesotho,1803,Berea,2002,0.0,39.8232180417239,73.60919540229885,0.2325829267501831,24.49385624141484,2.156315394810268,42.8423817393544,9.971016719423492
142,Lesotho,1803,Berea,2003,0.0,41.79866715315934,66.168771327227,0.170931339263916,23.92329423506181,2.1096974467183207,38.8310063959478,6.863330358746408
142,Lesotho,1803,Berea,2004,0.0,41.75258359804258,59.46331716954023,0.1744962334632873,19.21182552798764,2.258717966603709,43.25521280477335,10.837612809806034
142,Lesotho,1803,Berea,2005,0.0,44.590804215315934,66.62816540948276,0.218298465013504,25.24302723643544,1.9972074739225616,43.81758134443681,13.018528028466235
142,Lesotho,1803,Berea,2006,0.0,42.59068348643544,68.00580325071839,0.4276010394096374,27.42456322973901,1.908971430181147,38.61226176167583,21.121008160470545
142,Lesotho,1803,Berea,2007,0.0,41.98961463341346,66.06495824353448,0.1430033147335052,27.1222903073489,1.939854045490642,37.42929043612637,21.17926516478089
142,Lesotho,1803,Berea,2008,0.0,37.92529833447802,46.05120779454023,0.1943384706974029,28.35914963942308,2.185213864504636,53.28082610748626,9.35070520159842
142,Lesotho,1803,Berea,2009,0.0,38.10891891311813,58.03883800287356,0.3049458861351013,29.39251910199176,2.07583249270261,51.94870364010989,9.172926628726652
142,Lesotho,1803,Berea,2010,0.0,39.109246222527474,37.7582137886135,0.4023276269435882,27.41558100103022,1.9677871871780563,51.2820065676511,8.235345950071839
142,Lesotho,1803,Berea,2011,0.0,39.44835486778846,36.41506680575284,0.5300483703613281,26.12599534254808,1.9121325147020949,50.69858022836539,7.69990331476385
142,Lesotho,1803,Berea,2012,0.0,40.2741940676511,37.30391623757102,0.1140325665473938,25.96911218664148,1.9510506430825036,51.14473514766483,7.751291448419744
142,Lesotho,1803,Berea,2013,0.0,33.83943595467033,27.289778275923297,0.0965818241238594,26.03366457760989,1.6828214205228365,58.78963126717033,6.486058321866122
142,Lesotho,1803,Berea,2014,0.0,33.26323725103022,66.19731001420455,0.1564595997333526,25.665924407623628,1.5551043499957071,55.65965723729396,6.1742331764914775
142,Lesotho,1803,Berea,2015,0.0,31.49362014938187,39.31959117542613,0.0968209505081176,25.120651077438183,1.7071905450506524,56.17768071771978,8.757741754705256
142,Lesotho,1803,Berea,2016,0.0,30.457374656593405,22.5929648659446,0.1112937331199646,21.74499109289148,1.6802334628262363,59.620648394574175,8.077963395552201
142,Lesotho,1803,Berea,2017,0.0,28.68883338341346,32.6410078568892,0.148947924375534,30.21799074948489,1.8058401254507213,85.93854631696429,3.7266374067826704
142,Lesotho,1803,Berea,2018,0.0,27.91229717548077,31.540627219460227,0.1508956849575042,28.399939903846157,0.3209582318316449,67.27131803743131,4.739734996448863
142,Lesotho,1803,Berea,2019,0.0,22.54348922561813,22.27031083540483,0.1758532673120498,23.291334885817307,1.4198413890796704,64.31761353880495,5.1754018610174
142,Lesotho,1803,Berea,2020,0.0,20.768629807692307,29.338600852272727,0.2100088596343994,19.757667625343405,1.201815762362637,25.814305567479398,3.47990590875799
142,Lesotho,1803,Berea,2021,0.0,22.413335443853025,23.659723455255683,0.152251735329628,23.80764401614011,1.212598360501803,33.23538912259615,2.7275820645419038
142,Lesotho,1804,Butha Buthe,2001,0.0,16.799922291825457,30.338203244092988,0.2603062868118286,21.15036085175305,1.8091691179973324,29.43175674066311,1.8338744000690737
142,Lesotho,1804,Butha Buthe,2002,0.0,14.921467106516769,33.159495283917686,0.3376792430877685,19.465512159394056,1.5852638802877286,27.96922041730183,1.622296961342416
142,Lesotho,1804,Butha Buthe,2003,0.0,15.846233088795731,29.30394316882622,0.317017388343811,18.99543278391768,1.5477981567382812,25.54492485232469,1.1600678606731136
142,Lesotho,1804,Butha Buthe,2004,0.0,15.881386361471035,31.13635849371189,0.2647958755493164,15.380759634622711,1.6547831093392722,29.09929377858232,1.812208966511052
142,Lesotho,1804,Butha Buthe,2005,0.0,17.35020186261433,30.70359541730183,0.2261698246002197,20.02677805830793,1.4772232799995235,28.00291777820122,2.254712174578411
142,Lesotho,1804,Butha Buthe,2006,0.0,15.798292206554878,30.36510932736281,0.3813565731048584,21.821936630621188,1.3967193045267243,24.70553663300305,3.347968869092988
142,Lesotho,1804,Butha Buthe,2007,0.0,15.906135372999238,31.731394697980186,0.2817999362945557,21.83893864329268,1.4452421607040775,24.838265767911587,3.5038906190453507
142,Lesotho,1804,Butha Buthe,2008,0.0,14.412075135766006,23.17344405011433,0.3633421897888184,22.665859315453503,1.6041458874213983,34.75185785060975,1.575093711294779
142,Lesotho,1804,Butha Buthe,2009,0.0,14.403760956554878,29.309811475800306,0.2127578496932983,23.48894072741997,1.511615474049638,33.42355718845275,1.4610725030666445
142,Lesotho,1804,Butha Buthe,2010,0.0,14.884453005907012,20.94094178734756,0.2346350193023681,21.67213104992378,1.4495250422780106,33.783161442454265,1.323627844089415
142,Lesotho,1804,Butha Buthe,2011,0.0,15.240837283250762,21.88964992616235,0.3111907958984375,21.207957197980186,1.405748692954459,33.36542194645579,1.2709422227812976
142,Lesotho,1804,Butha Buthe,2012,0.0,15.226806640625,21.836538919588413,0.3603226900100708,20.94748594702744,1.4287282431997903,33.501298113567074,1.304085149997618
142,Lesotho,1804,Butha Buthe,2013,0.0,12.86526414824695,18.341085294397868,0.278010606765747,20.906285727896343,1.235521642173209,37.73943645198171,1.034354791408632
142,Lesotho,1804,Butha Buthe,2014,0.0,12.791360994664634,32.255543778582314,0.3692291259765625,20.56523169540777,1.1341539708579458,36.85183045922256,0.9977221605254384
142,Lesotho,1804,Butha Buthe,2015,0.0,11.953732374237806,22.1444404415968,0.3350296020507812,20.13478944359756,1.2154033009598897,36.55099859470275,1.4200553894042969
142,Lesotho,1804,Butha Buthe,2016,0.0,11.627033512766769,16.852698349371188,0.4869988441467285,17.269313905297256,1.2534780734922828,38.0518828601372,1.307318710699314
142,Lesotho,1804,Butha Buthe,2017,0.0,10.916516559879954,20.300002679592225,0.295436954498291,24.166307402820124,1.3156395888910062,56.12455935594512,0.6225883204762529
142,Lesotho,1804,Butha Buthe,2018,0.0,10.719148961509148,18.608468404630337,0.3532105445861816,22.404624380716463,0.2483843128855635,43.18070276772104,0.7697890211896199
142,Lesotho,1804,Butha Buthe,2019,0.0,8.71934472060785,15.94446396246189,0.3719055891036987,18.313804068216463,1.0325338782333746,41.69789681783536,0.8546560333996285
142,Lesotho,1804,Butha Buthe,2020,0.0,8.020685707650534,18.55552412823933,0.3521913528442383,15.571205697408535,0.8918195584925209,17.078506097560975,0.6020389649926162
142,Lesotho,1804,Butha Buthe,2021,0.0,8.65867577529535,13.736605016196648,0.4809322357177734,18.88103503715701,0.899653178889577,21.906318478467988,0.4452760742931831
142,Lesotho,1805,Leribe,2001,0.0,44.92565354567308,111.33403995172765,0.2548351089159648,49.14074894831731,3.498978365384616,60.66356295072115,4.2618993743648375
142,Lesotho,1805,Leribe,2002,0.0,39.39464393028846,117.71844829776424,0.2154142459233602,46.06017127403846,2.991566819411058,57.12240084134616,3.833354918937373
142,Lesotho,1805,Leribe,2003,0.0,41.69398287259615,105.4908219004065,0.2063639760017395,45.73610652043269,2.9570143479567306,52.30341796875,2.5890346620141007
142,Lesotho,1805,Leribe,2004,0.0,41.408154296875,94.57071741615852,0.2099626660346985,36.39455754206731,3.1081754244290867,57.60354191706731,4.123812047446647
142,Lesotho,1805,Leribe,2005,0.0,45.17210787259615,105.83056243648376,0.2250613172849019,48.571105018028845,2.7612659160907453,60.35028170072116,4.9205907806148375
142,Lesotho,1805,Leribe,2006,0.0,42.03656475360577,107.36022452997967,0.3946091731389363,51.26440805288462,2.674220158503606,49.79154146634615,7.901144880589431
142,Lesotho,1805,Leribe,2007,0.0,42.06480618990385,106.05002699441056,0.1670246918996175,51.915625,2.7009181096003605,51.86180889423077,7.888891204585874
142,Lesotho,1805,Leribe,2008,0.0,38.175537109375,73.07674352134147,0.1871786514918009,53.86002103365384,3.0398287259615384,71.18724459134616,3.542246748761433
142,Lesotho,1805,Leribe,2009,0.0,38.16197415865385,92.81724784044717,0.2264330585797627,56.08570462740385,2.8733844463641827,68.59916616586538,3.3884684244791665
142,Lesotho,1805,Leribe,2010,0.0,38.26753680889423,60.89710762830285,0.2983673810958862,51.38372145432693,2.7180401141826924,68.26042668269231,3.1234890077172257
142,Lesotho,1805,Leribe,2011,0.0,39.44842623197116,60.34194772611789,0.3275339007377624,49.276220703125,2.647307645357572,66.90185546875,2.979872292619411
142,Lesotho,1805,Leribe,2012,0.0,40.28958834134615,61.09205094004065,0.165683646996816,48.94007662259615,2.672144963191106,67.52342247596154,2.984788351911839
142,Lesotho,1805,Leribe,2013,0.0,33.92486102764423,44.77783600101626,0.1411130328973134,49.07230694110577,2.3074664776141827,78.03093449519231,2.471336302718496
142,Lesotho,1805,Leribe,2014,0.0,33.31114783653846,106.96301765752033,0.2018695672353108,48.36258638822115,2.159027803861178,73.43016826923076,2.330035450012703
142,Lesotho,1805,Leribe,2015,0.0,31.467379056490383,63.32247999237805,0.1200172007083892,47.72522536057692,2.341339815579928,76.47216045673076,3.3699693137068087
142,Lesotho,1805,Leribe,2016,0.0,30.502159705528847,36.15179989202236,0.1183454791704813,41.38718449519231,2.3273714505709133,79.48955829326923,3.07650657591781
142,Lesotho,1805,Leribe,2017,0.0,28.397194260817308,51.98608993902439,0.17630535364151,56.84495943509615,2.50509760929988,114.2602313701923,1.426131085651677
142,Lesotho,1805,Leribe,2018,0.0,27.866808143028845,50.98354134908536,0.1725543538729349,53.34859525240385,0.4482735853928786,88.81215444711539,1.8163805705745049
142,Lesotho,1805,Leribe,2019,0.0,22.41373948317308,35.720091780995936,0.2426452835400899,44.76174879807692,1.958204064002404,86.55928485576923,1.9699119009622716
142,Lesotho,1805,Leribe,2020,0.0,20.59597543569712,46.2119934578252,0.1928435961405436,36.74693509615385,1.6815419123722957,35.289017427884616,1.3616556307164631
142,Lesotho,1805,Leribe,2021,0.0,22.39000713641827,38.20947265625,0.2000657717386881,44.59432842548077,1.6768087533804086,44.15926983173077,1.047299292779738
142,Lesotho,1806,Mafeteng,2001,0.0,29.0808837890625,40.128359375,0.1187268123030662,13.67412353515625,1.756498565673828,36.89214599609375,5.10749755859375
142,Lesotho,1806,Mafeteng,2002,0.0,25.85635498046875,42.1340625,0.0652927979826927,12.952091064453125,1.5150982666015624,35.70476318359375,4.472064208984375
142,Lesotho,1806,Mafeteng,2003,0.0,26.9540478515625,37.90711669921875,0.0791562125086784,12.635628662109376,1.4944645690917968,32.39720947265625,3.046134338378906
142,Lesotho,1806,Mafeteng,2004,0.0,27.0526123046875,34.24767578125,0.0592362843453884,10.128087768554687,1.5831781005859376,35.7672705078125,4.849176025390625
142,Lesotho,1806,Mafeteng,2005,0.0,28.94985595703125,38.1605078125,0.1101477891206741,13.6980810546875,1.3977740478515626,36.28277587890625,5.87977783203125
142,Lesotho,1806,Mafeteng,2006,0.0,27.2745751953125,38.43865966796875,0.1327839940786361,14.31017578125,1.352817840576172,31.40815185546875,9.29939208984375
142,Lesotho,1806,Mafeteng,2007,0.0,27.58635986328125,37.8194189453125,0.051195815205574,14.86978759765625,1.3521490478515623,32.190830078125,9.27207763671875
142,Lesotho,1806,Mafeteng,2008,0.0,24.69190673828125,26.8986767578125,0.072223350405693,15.08923828125,1.544649658203125,44.72744140625,4.111387939453125
142,Lesotho,1806,Mafeteng,2009,0.0,24.90968505859375,33.155966796875,0.0395040176808834,15.70920654296875,1.4435406494140626,43.552431640625,3.984036560058594
142,Lesotho,1806,Mafeteng,2010,0.0,25.1562255859375,21.9794091796875,0.1102958470582962,14.2092724609375,1.3838272094726562,42.54986328125,3.621226806640625
142,Lesotho,1806,Mafeteng,2011,0.0,25.4546923828125,21.36782470703125,0.1344204396009445,13.96392333984375,1.3482659912109376,41.96359375,3.4655792236328127
142,Lesotho,1806,Mafeteng,2012,0.0,26.05664794921875,22.4928564453125,0.0786845460534095,13.88223388671875,1.3666726684570312,42.865634765625,3.448992309570313
142,Lesotho,1806,Mafeteng,2013,0.0,22.0895361328125,16.512730712890626,0.0380316376686096,13.78480224609375,1.1845559692382812,49.7046044921875,2.8774359130859377
142,Lesotho,1806,Mafeteng,2014,0.0,21.559228515625,39.088310546875,0.0673992782831192,13.44561767578125,1.0834071350097656,46.3136962890625,2.758505859375
142,Lesotho,1806,Mafeteng,2015,0.0,20.35670166015625,23.2712744140625,0.0526485554873943,13.30068603515625,1.1674574279785157,47.0627587890625,3.935086059570312
142,Lesotho,1806,Mafeteng,2016,0.0,19.84803466796875,13.822188720703124,0.0519520007073879,11.450823974609374,1.1817474365234375,50.0197900390625,3.6258001708984375
142,Lesotho,1806,Mafeteng,2017,0.0,18.467166748046875,19.058394775390624,0.0722235143184661,15.8975830078125,1.269993133544922,70.3851220703125,1.687463836669922
142,Lesotho,1806,Mafeteng,2018,0.0,18.3415625,18.93082763671875,0.0678064674139022,14.84876953125,0.2294935226440429,56.287294921875,2.126597900390625
142,Lesotho,1806,Mafeteng,2019,0.0,14.58861572265625,13.30732177734375,0.0586359873414039,12.460404052734376,0.9978085327148436,52.170234375,2.321923217773437
142,Lesotho,1806,Mafeteng,2020,0.0,13.496025390625,17.386806640625,0.0725104510784149,10.51175537109375,0.8501693725585937,21.83769287109375,1.6020745849609377
142,Lesotho,1806,Mafeteng,2021,0.0,14.4152587890625,14.10502197265625,0.0648894309997558,12.59472412109375,0.8649564361572266,27.358671875,1.231434326171875
142,Lesotho,1807,Maseru,2001,0.0,36.79782767917799,25.83666461447011,0.4998651345570882,41.943478791610055,3.9357087508491846,49.25142238451087,8.117059458856998
142,Lesotho,1807,Maseru,2002,0.0,32.181943147078805,26.582567297894023,0.2786200046539306,40.06834876019022,3.3388910708220108,46.02568253226902,7.134156600288723
142,Lesotho,1807,Maseru,2003,0.0,34.247916843580164,24.0328369140625,0.4171212514241536,38.963193147078805,3.249196591584578,41.06496794327445,4.889929729959239
142,Lesotho,1807,Maseru,2004,0.0,33.82568890115489,21.561883014181387,0.3335305054982503,31.02037512737772,3.4182938285495923,47.40572456691576,7.817918860394021
142,Lesotho,1807,Maseru,2005,0.0,36.59369427224864,24.144796620244566,0.4592690070470174,40.83989151664402,3.049685270889946,46.05908733865489,9.585912289826766
142,Lesotho,1807,Maseru,2006,0.0,34.39495318868886,23.82860266644022,0.5889856417973837,44.13181470788044,2.9969711303710938,40.11833920686141,15.115664274796195
142,Lesotho,1807,Maseru,2007,0.0,34.53848399286685,23.77232825237772,0.2059369087219238,43.73246433423913,2.9618175340735395,39.82774817425272,15.024887748386549
142,Lesotho,1807,Maseru,2008,0.0,30.910036833389945,16.125489608101223,0.2854702472686767,45.16161047894022,3.322530000106148,57.33297596807065,6.688617872155231
142,Lesotho,1807,Maseru,2009,0.0,30.682755180027176,20.833037003226902,0.2464596033096313,46.938779084578805,3.21837914508322,58.69384765625,6.523751300314198
142,Lesotho,1807,Maseru,2010,0.0,31.312765370244566,13.871702774711276,0.5345632235209147,43.60412863026495,2.986067067021909,54.91093643851902,5.82209180748981
142,Lesotho,1807,Maseru,2011,0.0,31.835104237432063,13.836372707201088,0.8493858973185221,42.513679836107336,2.986145351244056,54.54065472146739,5.605864151664402
142,Lesotho,1807,Maseru,2012,0.0,32.66762907608695,14.116340968919838,0.2585830688476562,42.28693157693614,2.954126772673234,53.40506114130435,5.657048764436142
142,Lesotho,1807,Maseru,2013,0.0,27.593593431555707,10.147088092306388,0.1843408147493998,42.16653575067935,2.565053359321926,60.43904976222826,4.676002170728601
142,Lesotho,1807,Maseru,2014,0.0,27.274881114130437,24.009664784307063,0.2831540902455647,41.62191639775815,2.3875100508980127,59.84226923403533,4.404696920643682
142,Lesotho,1807,Maseru,2015,0.0,25.43781844429348,14.023450768512228,0.1620238125324249,41.450991423233695,2.580801590629246,59.75913935122283,6.298042629076087
142,Lesotho,1807,Maseru,2016,0.0,24.74107029127038,8.182309358016305,0.1618468562761942,35.25895889945652,2.567163882048234,65.0488918138587,5.819175388502038
142,Lesotho,1807,Maseru,2017,0.0,23.12975012737772,11.689112124235734,0.3086917599042256,49.21642004925272,2.777378745701002,88.36475670855978,2.723230113153872
142,Lesotho,1807,Maseru,2018,0.0,22.55214790675951,11.35949176290761,0.1958979964256286,46.07702105978261,0.4787111282348633,72.02987007472827,3.452456266983696
142,Lesotho,1807,Maseru,2019,0.0,18.14036228345788,8.118897811226223,0.2210527261098226,37.45496932319973,2.157464732294497,70.38085406759511,3.730027240255605
142,Lesotho,1807,Maseru,2020,0.0,16.526884659476902,10.41873367972996,1.30640705426534,31.26998237941576,1.851998702339504,27.833206840183426,2.540851924730384
142,Lesotho,1807,Maseru,2021,0.0,17.92267907184103,8.738606328549592,0.2761709292729695,38.4768411387568,1.8459887297257132,35.48155676800272,1.9790868344514263
142,Lesotho,1808,Mohale's Hoek,2001,0.0,19.361075316660504,24.42960082285503,0.0865176518758138,26.44620238535503,2.676925930045765,28.144086307322485,3.748343744221524
142,Lesotho,1808,Mohale's Hoek,2002,0.0,17.032535710983726,25.973138752773668,0.0402428209781646,25.28203876201923,2.285456189037075,26.800197623890533,3.3449967062684918
142,Lesotho,1808,Mohale's Hoek,2003,0.0,18.052066960983726,23.103385609282544,0.0586130768060684,25.034249029215975,2.2450733071953586,24.21588243112056,2.2661103920118344
142,Lesotho,1808,Mohale's Hoek,2004,0.0,17.956938794378697,20.61926197300296,0.0532662371794382,19.944561298076923,2.367714424810466,27.55070324056953,3.624359311436761
142,Lesotho,1808,Mohale's Hoek,2005,0.0,19.11957689996302,23.27521004761465,0.0574624836444854,26.28753987148669,2.0927019288554,27.129807692307693,4.408087194318602
142,Lesotho,1808,Mohale's Hoek,2006,0.0,17.996701934633876,23.621126976238905,0.089923620223999,27.969957701553252,2.036007130639793,23.634982317862427,6.956048909023669
142,Lesotho,1808,Mohale's Hoek,2007,0.0,18.134860969859467,23.03124711076184,0.0322895646095275,29.00258875739645,2.044655342779216,24.116673215606507,6.983435275286612
142,Lesotho,1808,Mohale's Hoek,2008,0.0,16.310386522281803,15.79349748058432,0.0373456974824269,30.78209943602071,2.295063447670118,33.204419378698226,3.1007759049093937
142,Lesotho,1808,Mohale's Hoek,2009,0.0,16.316703841531066,19.955150355954142,0.0330096259713172,32.55871509800296,2.199143990962463,33.20352371486686,2.9735190487472263
142,Lesotho,1808,Mohale's Hoek,2010,0.0,16.51486801960059,12.92739922337278,0.0445966223875681,28.155787721893493,2.056301320092918,32.13931328587278,2.7392610628929366
142,Lesotho,1808,Mohale's Hoek,2011,0.0,16.7728480954142,12.713209885817308,0.059315949678421,27.103345159948223,2.012869389099482,31.674307738535504,2.597356310962925
142,Lesotho,1808,Mohale's Hoek,2012,0.0,17.25496371116864,13.055620723927516,0.051610713203748,27.12732872596154,2.0419232069387943,32.29765509430474,2.5724561341415497
142,Lesotho,1808,Mohale's Hoek,2013,0.0,14.712812615569527,9.55262313933062,0.0328507497906684,27.232384314903847,1.7692325750046227,39.28162271172337,2.1638759635609284
142,Lesotho,1808,Mohale's Hoek,2014,0.0,14.191550711908285,23.445064025517752,0.0342632457613945,26.932287814349117,1.6398557403383875,38.43001976238905,2.052526349852071
142,Lesotho,1808,Mohale's Hoek,2015,0.0,13.504520213110206,13.533520941198224,0.0231408923864364,26.21085660133136,1.770269089196561,36.75990141919379,2.961355356069712
142,Lesotho,1808,Mohale's Hoek,2016,0.0,13.168719951923077,7.676733976285133,0.0376488765080769,22.702344905695263,1.7676548703887758,40.298885909763314,2.696666830390163
142,Lesotho,1808,Mohale's Hoek,2017,0.0,12.235695381841715,11.210816151997042,0.0690841575463612,31.87619614460059,1.8933712208764792,57.576114090236686,1.2557875052006289
142,Lesotho,1808,Mohale's Hoek,2018,0.0,12.11167844512759,10.8657436032267,0.0303290138641993,29.587064302884617,0.3327867632081522,42.68314591808432,1.6088473528799927
142,Lesotho,1808,Mohale's Hoek,2019,0.0,9.569268762712648,7.599213549371302,0.0287390748659769,24.122362125554734,1.4900314060188609,41.38637781989645,1.7222604243713018
142,Lesotho,1808,Mohale's Hoek,2020,0.0,8.836833163831361,9.954943775425296,0.0790241360664367,20.5922432622966,1.2660040319318602,16.62344414524778,1.1826938426000833
142,Lesotho,1808,Mohale's Hoek,2021,0.0,9.534873104659765,8.271322577662723,0.0373588452736536,24.65530810835799,1.29532113159902,20.765729012573964,0.923794537606324
142,Lesotho,1809,Mokhotlong,2001,0.0,14.03718780359456,21.117190056446336,0.2530432641506195,20.49374974700453,2.9950545711220853,30.056251011981864,1.2739824225141116
142,Lesotho,1809,Mokhotlong,2002,0.0,12.34853161431347,21.146047222676703,0.286759078502655,19.650157869170982,2.598943364434909,28.57109425599093,1.1317490183246073
142,Lesotho,1809,Mokhotlong,2003,0.0,12.979904570110104,19.944366614856023,0.1867137551307678,19.09926277121114,2.551401088892487,25.39569502914508,0.897854949791394
142,Lesotho,1809,Mokhotlong,2004,0.0,12.936808057399611,18.64827133098822,0.2333151549100875,15.306235832253886,2.7065578322336465,29.024753076424872,1.219696284588719
142,Lesotho,1809,Mokhotlong,2005,0.0,13.99314888277202,19.514152486910994,0.260340929031372,19.94771469195272,2.41731697042989,28.93388469478627,1.4706539134080496
142,Lesotho,1809,Mokhotlong,2006,0.0,13.18222377954987,19.60881897292212,0.2033283114433288,22.032816041936528,2.323458340501538,25.43725459439767,2.244213643498446
142,Lesotho,1809,Mokhotlong,2007,0.0,13.180457871194948,20.0378890911322,0.1898096352815628,21.889542179404145,2.350089117653012,25.1220222433614,2.2151297524337368
142,Lesotho,1809,Mokhotlong,2008,0.0,11.905427764734457,14.878566242637437,0.2678495645523071,22.286158112046632,2.628622420711221,35.206140705958546,1.106927761856798
142,Lesotho,1809,Mokhotlong,2009,0.0,11.698388924870466,18.348814320189792,0.2251178622245788,23.5315940738342,2.507651057268054,34.643352291126945,1.055566917539267
142,Lesotho,1809,Mokhotlong,2010,0.0,12.285709045093911,11.652952184227749,0.2100969552993774,21.983755161107517,2.362191155784488,34.29713052542098,0.9716839216142424
142,Lesotho,1809,Mokhotlong,2011,0.0,12.278360791774611,12.630924564381544,0.2215024083852768,20.774686032626292,2.3315192504250324,34.0253147263601,0.930275242990224
142,Lesotho,1809,Mokhotlong,2012,0.0,12.41165145320596,12.211241717113875,0.3151201009750366,20.59236358484456,2.342420508824482,33.941176024125646,0.9053195334229794
142,Lesotho,1809,Mokhotlong,2013,0.0,10.409717935354598,9.252725171793193,0.2643508315086365,21.05153517648964,2.021349654914184,39.213917786593264,0.8025735585477339
142,Lesotho,1809,Mokhotlong,2014,0.0,10.49396732310557,19.91521034440445,0.2887080609798431,20.280532757852978,1.894457248826101,37.688102129209845,0.7445190589465396
142,Lesotho,1809,Mokhotlong,2015,0.0,9.689427192964702,13.03520865714987,0.3661858439445495,20.0740264734456,2.017783683816386,37.18818814766839,1.0000691039399952
142,Lesotho,1809,Mokhotlong,2016,0.0,9.504113073793718,8.013038515420485,0.3481762409210205,17.54751381355246,2.017411147992228,40.04237674060881,0.9431868148723822
142,Lesotho,1809,Mokhotlong,2017,0.0,8.968656391677461,10.100652405104713,0.2104606479406356,24.155232958225387,2.174694160105651,56.54321162564767,0.5024604997085651
142,Lesotho,1809,Mokhotlong,2018,0.0,8.775307136496114,10.558649991819372,0.2549340724945068,22.57654883824482,0.3893870615588569,45.09522749352332,0.6152626556875818
142,Lesotho,1809,Mokhotlong,2019,0.0,6.9851314564443,8.788763395778796,0.2817186415195465,18.337226511900905,1.7068628498927298,42.75696749514249,0.6701843900830334
142,Lesotho,1809,Mokhotlong,2020,0.0,6.506865031978627,9.939283121318716,0.2990792095661163,15.521682976441062,1.4574608679262469,17.126714044284327,0.4862917755286731
142,Lesotho,1809,Mokhotlong,2021,0.0,6.93042751173899,8.148732769551701,0.2277208864688873,19.060458326586787,1.4732387720612046,21.825089054404145,0.4178777165437868
142,Lesotho,1810,Qacha's Nek,2001,0.0,10.676723287563131,5.931750981494634,0.1683614253997802,16.08542825718119,2.187610973011364,16.351573597301137,1.0489976671006944
142,Lesotho,1810,Qacha's Nek,2002,0.0,9.560921100654989,6.010728624131945,0.1531411134279691,15.330433238636363,1.8631100124782989,15.5692718197601,0.9212355180220172
142,Lesotho,1810,Qacha's Nek,2003,0.0,10.290840534248735,5.698998037010733,0.1766286996694711,15.465163105666036,1.819012266216856,14.194416084674874,0.6315682151100852
142,Lesotho,1810,Qacha's Nek,2004,0.0,9.966818453085542,5.162391431403883,0.1590950489044189,12.11181394018308,1.9454459758720013,16.059945154671716,1.0022448144777856
142,Lesotho,1810,Qacha's Nek,2005,0.0,10.781967625473484,5.579249526515151,0.1770728315625871,16.41608344184028,1.7301631118312026,16.70383276120581,1.2158012004813763
142,Lesotho,1810,Qacha's Nek,2006,0.0,10.031787602588384,5.578670000789141,0.1482745317312387,17.2354736328125,1.671112060546875,13.748966717960858,1.9265759400647096
142,Lesotho,1810,Qacha's Nek,2007,0.0,10.20733827533144,5.895738389756945,0.1376824378967285,17.196819266887626,1.6711293230153093,13.964927596275253,1.943141898723564
142,Lesotho,1810,Qacha's Nek,2008,0.0,9.397689665206755,4.127769084891888,0.1617172864767221,18.158303000710227,1.8825444693517204,19.64027975063131,0.8629343822748974
142,Lesotho,1810,Qacha's Nek,2009,0.0,9.308765141650884,5.510569562815657,0.1657930520864633,18.956367877998737,1.7945135867956914,19.19796845407197,0.8356260049222696
142,Lesotho,1810,Qacha's Nek,2010,0.0,9.40865996389678,4.633128156565657,0.1724846546466533,17.17968503393308,1.6886630588107638,18.766886393229168,0.7592603895399306
142,Lesotho,1810,Qacha's Nek,2011,0.0,9.472667347301137,3.969679707228536,0.1534020809026864,16.517565794665405,1.661275073735401,18.38451901830808,0.7159455424607403
142,Lesotho,1810,Qacha's Nek,2012,0.0,9.675257210779671,3.950177433514836,0.2018890721457345,16.096810389046716,1.6711082073173138,18.49474111229482,0.7211201985677084
142,Lesotho,1810,Qacha's Nek,2013,0.0,8.218425712200126,3.445074216283933,0.1638452836445399,16.31616580847538,1.4526396472044665,21.740702927714647,0.604068910232698
142,Lesotho,1810,Qacha's Nek,2014,0.0,8.166058781171087,6.426236239346591,0.1688530995295598,16.02193936434659,1.34240784307923,20.095925071022727,0.5779203549780026
142,Lesotho,1810,Qacha's Nek,2015,0.0,7.701393204505997,4.183819086864741,0.2015338127429668,15.931971077967171,1.441914722172901,20.415945342092805,0.8232646132960464
142,Lesotho,1810,Qacha's Nek,2016,0.0,7.4793701171875,3.3455730399700125,0.2094067846025739,13.82641971472538,1.4651282724708017,21.549491497001263,0.7501237657335069
142,Lesotho,1810,Qacha's Nek,2017,0.0,6.9404278379498106,3.5968430644333966,0.1478813716343471,18.936915542140152,1.5687613439078285,30.72053296638257,0.3518187012335266
142,Lesotho,1810,Qacha's Nek,2018,0.0,6.993951970880682,3.5005782926925506,0.1387236851912278,17.822524562026516,0.290618299233793,25.46082899305556,0.4460312814423532
142,Lesotho,1810,Qacha's Nek,2019,0.0,5.831014613912563,3.3176716505879105,0.1915470702307564,14.703751380997474,1.2363105542732007,23.37423551925505,0.4874846333205098
142,Lesotho,1810,Qacha's Nek,2020,0.0,5.316509824810606,3.404644898693971,0.1895620141710554,12.469275272253787,1.0446205524483112,9.737128980232008,0.3291824417884904
142,Lesotho,1810,Qacha's Nek,2021,0.0,5.644332115096275,3.015179874921086,0.2289783037625826,15.356579713147095,1.0577024209378945,12.287060053661616,0.2608956808995719
142,Lesotho,1811,Quthing,2001,0.0,17.921849492770523,18.65962791442871,0.0718884697327247,19.02864097481343,1.963732135829641,26.77602830573694,1.9313664436340328
142,Lesotho,1811,Quthing,2002,0.0,15.725487552472014,19.81685256958008,0.0704788821084158,18.14945414528918,1.6881380223516207,25.39727692105877,1.7187118530273438
142,Lesotho,1811,Quthing,2003,0.0,16.664481547341417,17.56507110595703,0.0674695628029959,17.688283436333954,1.66900634765625,23.04593305445429,1.158430576324463
142,Lesotho,1811,Quthing,2004,0.0,16.46455223880597,15.471149444580078,0.0600705402238028,14.1780860103778,1.7696754113951725,25.76534077658582,1.8201744556427
142,Lesotho,1811,Quthing,2005,0.0,17.666141339202426,17.766788482666016,0.0804169728205754,19.11927544892724,1.56243896484375,25.203706200443097,2.21695876121521
142,Lesotho,1811,Quthing,2006,0.0,16.57254984841418,17.70868682861328,0.0547277288777487,19.774158990205223,1.5207748413085938,22.060466709421643,3.575969934463501
142,Lesotho,1811,Quthing,2007,0.0,16.704172618353546,17.30337905883789,0.0472393546785627,20.09670519472948,1.511559329815765,22.396712118120337,3.5759973526000977
142,Lesotho,1811,Quthing,2008,0.0,15.053284602378731,12.047727584838867,0.0612089719091142,20.88364512884795,1.7127337099900886,31.365332760027982,1.6016836166381836
142,Lesotho,1811,Quthing,2009,0.0,14.936517971665111,15.22910499572754,0.0623869070639977,21.441788858442163,1.6440371613004314,30.89273845615672,1.5198603868484497
142,Lesotho,1811,Quthing,2010,0.0,15.312244927705224,10.129374504089355,0.0468823271138327,20.075734608208958,1.536321953161439,30.03290979186101,1.3892133235931396
142,Lesotho,1811,Quthing,2011,0.0,15.563520289179104,9.623190879821776,0.0685475042888096,19.35112158931903,1.5200844380392955,29.662783494636194,1.3273658752441406
142,Lesotho,1811,Quthing,2012,0.0,15.80182704640858,10.22830581665039,0.0954012615340096,19.133544921875,1.5259460904704991,30.26821580573694,1.3203216791152954
142,Lesotho,1811,Quthing,2013,0.0,13.579103384444965,7.397449016571045,0.0537186307566506,19.263207279034518,1.3094275175635497,35.0425241954291,1.0912160873413086
142,Lesotho,1811,Quthing,2014,0.0,13.275168347714551,18.073406219482425,0.0726193359919956,18.93498207206157,1.2253158341592818,33.63048041044776,1.0398709774017334
142,Lesotho,1811,Quthing,2015,0.0,12.429631019706155,10.39228630065918,0.0638432076999119,18.741445968400186,1.3313721614097482,33.406953270755594,1.4969415664672852
142,Lesotho,1811,Quthing,2016,0.0,12.07389990963153,5.934916973114014,0.0770429713385445,16.040057281949625,1.3219720641178871,34.80051888992537,1.3690881729125977
142,Lesotho,1811,Quthing,2017,0.0,11.416172312266792,8.721839904785156,0.0609290940420968,22.32592591243004,1.429835419156658,50.03425985307836,0.6312088966369629
142,Lesotho,1811,Quthing,2018,0.0,11.13198533698694,8.519567489624023,0.0541702594075884,21.01717183127332,0.260222762378294,39.65876064015858,0.80758136510849
142,Lesotho,1811,Quthing,2019,0.0,8.925255618878264,5.910599708557129,0.0655059431280408,17.32223282999067,1.1194855419557486,38.27941347947761,0.8784224987030029
142,Lesotho,1811,Quthing,2020,0.0,8.203826448810634,7.714540481567383,0.0692891308239528,14.575679949860074,0.958352273969508,15.870898801888991,0.5946676731109619
142,Lesotho,1811,Quthing,2021,0.0,8.840834888059701,6.438662528991699,0.080883434840611,17.59218312733209,0.9644759448606576,19.67861619636194,0.4617897868156433
142,Lesotho,1812,Thaba Tseka,2001,0.0,14.22527939321749,14.105122383004923,0.0596357524394989,25.211410454035875,3.912502955962724,29.54696258408072,2.31978122354141
142,Lesotho,1812,Thaba Tseka,2002,0.0,12.503729987037556,14.999492476139162,0.0903840541839599,23.81891115470852,3.31815546831208,27.985207048766817,2.051479095308652
142,Lesotho,1812,Thaba Tseka,2003,0.0,13.316710604680493,13.385417468442116,0.0737474083900451,23.89759888242713,3.298554424747758,26.31488447659753,1.3921550882273708
142,Lesotho,1812,Thaba Tseka,2004,0.0,13.172118045823993,12.016392299107142,0.0829443395137786,18.83431281530269,3.482732798486547,29.29153018147421,2.201988633630311
142,Lesotho,1812,Thaba Tseka,2005,0.0,14.161163466928253,13.461406538639162,0.1131275534629821,25.587373878923767,3.068987243378644,29.00342234795404,2.6969688678609915
142,Lesotho,1812,Thaba Tseka,2006,0.0,13.431591358954597,13.576674588208128,0.0520551860332489,27.20947265625,2.979568276170123,24.80011561098655,4.285894083859298
142,Lesotho,1812,Thaba Tseka,2007,0.0,13.471984042180493,13.330717941810343,0.0563528656959533,27.14370795964125,2.98101560310398,25.067347778867717,4.298105925762007
142,Lesotho,1812,Thaba Tseka,2008,0.0,12.00394785243834,9.15158907885622,0.0355728328227996,29.06708502662556,3.374264293721973,35.133145319506724,1.877310616629464
142,Lesotho,1812,Thaba Tseka,2009,0.0,12.183877303461324,11.513556419334977,0.0528352439403533,30.489207451653588,3.1907649703089964,35.65708642797085,1.82997409463516
142,Lesotho,1812,Thaba Tseka,2010,0.0,12.12171997617713,7.530670316348522,0.049849909543991,26.766829281109864,3.0198588692019337,33.52166611196749,1.6704113589131773
142,Lesotho,1812,Thaba Tseka,2011,0.0,12.323192921454597,7.292340959821429,0.065842467546463,25.64499982483184,2.9581731274523544,32.973735723794846,1.5952416030056955
142,Lesotho,1812,Thaba Tseka,2012,0.0,12.594589712373878,7.510014576277709,0.1067947506904602,25.45782388593049,2.993437762752242,33.93133189111547,1.5900348231122998
142,Lesotho,1812,Thaba Tseka,2013,0.0,10.733838547505606,5.5580429302647785,0.096118688583374,25.852447099215247,2.5888069734445067,42.07962268778027,1.3211763128271243
142,Lesotho,1812,Thaba Tseka,2014,0.0,10.477377031950672,13.513254550877464,0.0947697043418884,25.085589353279147,2.4031402177340246,37.351032616311656,1.2620135528113454
142,Lesotho,1812,Thaba Tseka,2015,0.0,9.932273419983185,7.824210932689347,0.1297512769699096,24.532975406390136,2.590244994569787,37.40880745515695,1.7876405011256928
142,Lesotho,1812,Thaba Tseka,2016,0.0,9.653710061659194,4.335216804090979,0.1006198525428772,21.213510282371075,2.587372784122758,40.08625718189462,1.66580651194004
142,Lesotho,1812,Thaba Tseka,2017,0.0,8.989668362878364,6.479982874076355,0.1059826493263244,29.67493168441704,2.779980304529849,59.06610408492153,0.7671235934854141
142,Lesotho,1812,Thaba Tseka,2018,0.0,8.878296445838005,6.337451652940271,0.0547919631004333,27.597594941143495,0.4899138035795614,44.22762226737668,0.9755687243832744
142,Lesotho,1812,Thaba Tseka,2019,0.0,7.086007567264574,4.3545625432958746,0.137260890007019,22.772894478699552,2.1923902024068105,42.7853883478139,1.0661316669633236
142,Lesotho,1812,Thaba Tseka,2020,0.0,6.4781127382287,5.755580357142857,0.106298291683197,19.295821801429373,1.86655032581278,17.567847008127803,0.7285765849898014
142,Lesotho,1812,Thaba Tseka,2021,0.0,6.972377075742713,4.780814936595597,0.0651646077632904,23.075508425588566,1.881557858043722,21.68534543161435,0.5661852606411638
152,Malawi,1888,Central Region,2001,0.0,7.657803985013624,161.84193541376914,0.3345926747177586,20.14580583702316,0.0,1.477733809551686,7.028831004433241
152,Malawi,1888,Central Region,2002,0.0,7.708477467217302,162.69445170850767,0.2700375388650333,20.081912838470707,0.0,1.4070010484076976,7.355741833376918
152,Malawi,1888,Central Region,2003,0.0,7.992146255534741,161.17576490585773,0.1693980544805526,20.820224689203,0.0024848743341863,1.3863556157665615,7.010849786436541
152,Malawi,1888,Central Region,2004,0.0,7.828486221687671,162.64631276150627,0.2301227450370788,23.233486248297,0.0,2.910999100604564,7.726529811715481
152,Malawi,1888,Central Region,2005,0.0,7.966369795214578,172.66622386759582,0.2289859309340968,23.67802707765668,0.0,2.0098748895712704,9.384562826655053
152,Malawi,1888,Central Region,2006,0.0,8.184824431624659,168.20910278745646,0.1430895626544952,27.80079455466621,0.0,2.25176935429794,10.232819305313589
152,Malawi,1888,Central Region,2007,0.0,8.899410736333447,168.95226480836237,0.1552554253608949,32.84530930688011,0.0,2.3786027373020264,14.924010507404182
152,Malawi,1888,Central Region,2008,0.0,9.672047960660764,171.3994337979094,0.2317119240760803,37.44233491570164,0.0,2.423775238951805,19.759128647648083
152,Malawi,1888,Central Region,2009,0.0,10.048226088853882,173.73508275261324,0.2502091526985168,41.97416233821526,0.0,2.566599500276737,23.213142421602782
152,Malawi,1888,Central Region,2010,0.0,10.92187633046662,176.76172691637632,0.2288146452470259,46.93010260558583,0.0022335387766361,2.7474664589364783,29.833934015679443
152,Malawi,1888,Central Region,2011,0.0,11.31318918170981,182.4262412891986,0.2061453019419024,53.47923407697548,0.0,2.9340856900332084,34.70167410714286
152,Malawi,1888,Central Region,2012,0.0,11.907317034230244,187.58993902439025,0.2295458018779754,59.45999020776567,0.0025055740649501,3.082450346985695,39.98210474738676
152,Malawi,1888,Central Region,2013,0.0,12.69544022479564,190.02338850174212,0.234444979465369,64.52912125340599,0.0023929305050684,3.292670392860184,44.185757839721255
152,Malawi,1888,Central Region,2014,0.0,13.448875489611716,198.5091617339833,0.3484011257396024,71.09997658378747,0.00233300860788,3.4483699122956404,43.50334860288997
152,Malawi,1888,Central Region,2015,0.0,14.269054942949593,199.6599277506964,0.2695838754827326,78.7535869380109,0.0022896544800864,3.5233762985354224,50.62820987116992
152,Malawi,1888,Central Region,2016,0.0,14.994828476243187,201.83439240947075,0.3288607316858628,88.37953423024523,0.0021376044023782,3.6861642115122617,52.82414258356546
152,Malawi,1888,Central Region,2017,0.0,15.375981884366483,204.85099669220057,0.3449678140528062,92.74497615803814,0.0023643371462821,3.626203407058924,60.82871256963789
152,Malawi,1888,Central Region,2018,0.0,16.866429134025886,207.37002000695892,0.3119493756975446,100.87942779291554,0.002437648596242,4.064915129534231,102.10689587682673
152,Malawi,1888,Central Region,2019,0.0,19.00360423407697,205.99292740250692,0.2801827228430545,120.80232459128064,0.0024170489715678,4.518804149991485,133.70532294568244
152,Malawi,1888,Central Region,2020,0.0,19.84820307178133,208.2668754349339,0.289066777910505,129.38819822888283,0.0078396801796217,4.680395973475817,124.14261482254696
152,Malawi,1888,Central Region,2021,0.0,20.680794448228884,211.56543784818945,0.2160643269033993,139.12408463896458,0.0058330560228387,4.672731820504088,111.74470099233984
152,Malawi,1889,Northern Region,2001,0.0,8.496254042149866,105.4164516220508,0.4712749782361482,8.184632164362176,0.0026977810748787,0.5087174530303242,3.4972318892045453
152,Malawi,1889,Northern Region,2002,0.0,8.553930468053078,105.25808189655172,0.5785677558497379,8.103503428858163,0.0026369088639815,0.4837872763724473,3.6594118430397726
152,Malawi,1889,Northern Region,2003,0.0,8.856120372435326,104.88872504537206,0.4543170928955078,8.44700340795049,0.0026556505097283,0.4776043164237825,3.491671475497159
152,Malawi,1889,Northern Region,2004,0.0,8.655886729203836,105.73092247050816,0.4846990484940378,9.349673840321142,0.0027143507334538,0.9933746721414948,3.814437144886364
152,Malawi,1889,Northern Region,2005,0.0,8.767599032671722,112.25978864460562,0.3962612403066535,9.587078710414808,0.0026314637240241,0.6859909413746914,4.638553019981835
152,Malawi,1889,Northern Region,2006,0.0,9.002734549230597,108.9327827515866,0.4112562631305895,11.186672404661016,0.0026536390185356,0.7660599165801728,5.076245494153043
152,Malawi,1889,Northern Region,2007,0.0,9.77958609779215,109.91422540797824,0.4409873862015573,13.158154340432649,0.0026917593964075,0.813891645393851,7.368909123807902
152,Malawi,1889,Northern Region,2008,0.0,10.631627731935772,111.0772907239819,0.4771997552168996,15.011236131244424,0.0026311106209097,0.8245741126781306,9.707418156448323
152,Malawi,1889,Northern Region,2009,0.0,11.007249735169491,112.08836255656108,0.282004808124743,16.821512948818018,0.0023988328046268,0.8738629599661972,11.394046067543064
152,Malawi,1889,Northern Region,2010,0.0,11.960336404438,114.78320135746608,0.4788869556627775,18.805232841770746,0.0029066477098691,0.9383098937878704,14.723695673730736
152,Malawi,1889,Northern Region,2011,0.0,12.429356461864408,118.98180147058824,0.4992154773912932,21.302727405776093,0.0026978480815887,1.002396738368834,17.246538205462375
152,Malawi,1889,Northern Region,2012,0.0,13.049818625947816,121.9935661764706,0.3826668889899003,23.72908187444246,0.0031157816856357,1.0516244556146208,19.72153714301904
152,Malawi,1889,Northern Region,2013,0.0,13.926611458797948,123.51182126696833,0.3639490478917172,25.765435088648527,0.0041701191932084,1.122439372475314,21.75955136559384
152,Malawi,1889,Northern Region,2014,0.0,14.745457808318466,129.46711121157324,0.4934172379343133,28.20654166202052,0.0039246636844943,1.1822078026817773,21.361094810520363
152,Malawi,1889,Northern Region,2015,0.0,15.653782894736842,130.0392035198556,0.4391975402832031,31.471387851248885,0.003778892719817,1.2095413618926727,24.93756710556058
152,Malawi,1889,Northern Region,2016,0.0,16.444866469669936,130.75817915162455,0.5177853232935855,35.27757721900089,0.0027405718504558,1.255799983519412,26.024570206639567
152,Malawi,1889,Northern Region,2017,0.0,16.87686600970116,131.72498307761734,0.5155387677644429,37.045184963202495,0.0034362279995662,1.2363282345783777,29.81061215560072
152,Malawi,1889,Northern Region,2018,0.0,18.46868379237288,135.12237703068593,0.4785445363898026,40.08933151204282,0.0029540351458958,1.3845987773262332,50.14699557197653
152,Malawi,1889,Northern Region,2019,0.0,20.779549509366635,133.51882615072202,0.4311627839740954,47.95813238737734,0.0033811071025791,1.5277006551289238,65.7216832129964
152,Malawi,1889,Northern Region,2020,0.0,21.80537396855486,135.48914147111913,0.4946409024690327,51.12987148751115,0.0284163281503691,1.5953843189461885,61.35824684115524
152,Malawi,1889,Northern Region,2021,0.0,22.742027207850136,138.11789900811542,0.3297979204278243,55.14089679973238,0.0187419020099404,1.5907086521333595,55.261542634129846
152,Malawi,1890,Southern Region,2001,0.0,7.2716553628663005,183.98824349442376,0.7768634241870326,20.88941449175824,0.0,1.3694854624542123,3.12582953357342
152,Malawi,1890,Southern Region,2002,0.0,7.322369362408425,183.5683128720238,0.7302217154667295,20.99609661172161,0.0,1.3250800387763275,3.181068783714658
152,Malawi,1890,Southern Region,2003,0.0,7.601228394001832,182.4248417721519,0.4777065111243206,21.65100446428572,0.0,1.299974870507097,3.036674175702718
152,Malawi,1890,Southern Region,2004,0.0,7.442684724130037,183.4159618959108,0.4275164983968819,24.1229481456044,0.0,2.731426711309524,3.334943874883829
152,Malawi,1890,Southern Region,2005,0.0,7.551918068910257,194.8019362927192,0.5625703745874865,24.737820512820512,0.0,1.885330099587912,4.039515955841382
152,Malawi,1890,Southern Region,2006,0.0,7.750228937728938,189.36505998883928,0.4295914236423188,29.20180860805861,0.0,2.1127718635531134,4.397694178989956
152,Malawi,1890,Southern Region,2007,0.0,8.448825263278389,190.3559105282738,0.6088076860476763,34.02863438644689,0.0,2.215681697859432,6.416248866489956
152,Malawi,1890,Southern Region,2008,0.0,9.187840544871795,193.27429780505952,0.5895162883557772,39.03191391941392,0.0,2.262007247309981,8.4739990234375
152,Malawi,1890,Southern Region,2009,0.0,9.531788719093406,196.2040085565476,0.4560252222521552,43.633009958791206,0.0,2.414175538003663,9.971521286737351
152,Malawi,1890,Southern Region,2010,0.0,10.34544413919414,199.2390729398664,0.6274636367271686,48.84293727106227,0.0,2.5615069826007324,12.727847183556053
152,Malawi,1890,Southern Region,2011,0.0,10.776924507783884,205.51797976985893,0.5614207812717983,55.62852564102564,0.0,2.7654681418841576,14.755212683277652
152,Malawi,1890,Southern Region,2012,0.0,11.300965831043955,211.73240156017832,0.5206715156292093,61.898809523809526,0.0,2.8718177655677657,17.03037501160847
152,Malawi,1890,Southern Region,2013,0.0,12.021763392857142,214.47276653046063,0.4107126367503199,66.92107944139194,0.0,3.066234904418498,18.781032341196138
152,Malawi,1890,Southern Region,2014,0.0,12.756677827380951,224.1175296956199,0.6665724392594963,73.16432005494505,0.0,3.2440311641483515,18.589813300389757
152,Malawi,1890,Southern Region,2015,0.0,13.513584592490842,223.16708426132143,0.6309366470728165,81.39014995421246,0.0020091184414923,3.2877793755723443,21.61401349062732
152,Malawi,1890,Southern Region,2016,0.0,14.23132583562271,227.1389790430267,0.7558127581062963,92.056788003663,0.0,3.4208097241300366,22.55976591478116
152,Malawi,1890,Southern Region,2017,0.0,14.541871279761905,230.3378152818991,0.7668235908120365,95.91168727106228,0.0048975804820656,3.3917117387820515,26.044324925816024
152,Malawi,1890,Southern Region,2018,0.0,15.983399152930405,233.10827464788733,0.5048043666741787,104.01995192307692,0.0,3.808882426167582,43.68761293087472
152,Malawi,1890,Southern Region,2019,0.0,18.03439360119048,230.9335821587537,0.5845049841929291,124.6287087912088,0.0,4.209033739697802,57.3887993787092
152,Malawi,1890,Southern Region,2020,0.0,18.863068051739926,234.9907082100592,0.6603254207894822,133.76759386446886,0.0035757433836627,4.381684266254579,53.18780048076923
152,Malawi,1890,Southern Region,2021,0.0,19.626805746336995,237.37631846780164,0.8106667836507161,143.3371794871795,0.002996238378378,4.339303957760989,47.48952743338268
155,Mali,1926,Bamako,2001,0.0,42.0383056640625,7200.83671875,0.0,49.75176696777344,0.7328383445739746,42.33128051757812,0.327224326133728
155,Mali,1926,Bamako,2002,0.0,47.46224670410156,8636.01875,0.0,49.57679138183594,0.7449324607849122,50.71266479492188,0.3597110509872436
155,Mali,1926,Bamako,2003,0.0,48.54745178222656,8878.7734375,0.0,53.09256591796875,0.8506362915039063,52.62108154296875,0.3561556339263916
155,Mali,1926,Bamako,2004,0.0,49.75494079589844,9026.98359375,0.0,56.32582397460938,0.9200847625732422,55.703790283203126,0.3693468570709228
155,Mali,1926,Bamako,2005,0.0,51.219818115234375,8855.9484375,0.0,56.48626708984375,0.9035852432250976,58.483447265625,0.3653488159179687
155,Mali,1926,Bamako,2006,0.0,52.603369140625,9151.3875,0.0,57.69236450195312,0.9669271469116212,58.45348510742188,0.3645160913467407
155,Mali,1926,Bamako,2007,0.0,53.85503540039063,9134.05234375,0.0,64.346533203125,1.1712594985961915,63.294464111328125,0.3833447456359863
155,Mali,1926,Bamako,2008,0.0,55.82457275390625,10754.7078125,0.0,65.582177734375,1.240184307098389,67.2773193359375,0.3680351257324218
155,Mali,1926,Bamako,2009,0.0,57.665032958984376,10602.68671875,0.0,67.93887939453126,1.3574936866760254,70.36489868164062,0.3839299917221069
155,Mali,1926,Bamako,2010,0.0,61.502197265625,11034.06015625,0.0,76.0095458984375,1.7146419525146483,76.67313232421876,0.4078597545623779
155,Mali,1926,Bamako,2011,0.0,63.47725830078125,10833.70625,0.0,76.95833740234374,1.6546512603759769,82.55599365234374,0.3830781459808349
155,Mali,1926,Bamako,2012,0.0,65.51732177734375,10834.8984375,0.0,85.29495849609376,1.6846803665161132,85.28431396484375,0.3869012594223022
155,Mali,1926,Bamako,2013,0.0,67.05008544921876,11298.28515625,0.0,87.157373046875,1.7767417907714844,89.00059814453125,0.395249080657959
155,Mali,1926,Bamako,2014,0.0,69.39146728515625,11446.7640625,0.0,89.60819091796876,1.8029605865478515,94.23798217773438,0.3968474388122558
155,Mali,1926,Bamako,2015,0.0,71.6476806640625,11325.28203125,0.0,94.38764038085938,1.801689338684082,99.57838134765623,0.4066132545471191
155,Mali,1926,Bamako,2016,0.0,76.64360961914062,14125.79375,0.0,102.029443359375,1.8948347091674804,108.36767578125,0.4315555572509765
155,Mali,1926,Bamako,2017,0.0,79.3237060546875,13311.3734375,0.0,113.03521728515624,1.9183067321777345,120.9207275390625,0.4416986465454101
155,Mali,1926,Bamako,2018,0.0,80.8304443359375,14452.8296875,0.0,119.6225830078125,1.9940895080566403,127.11773681640624,0.4423807144165039
155,Mali,1926,Bamako,2019,0.0,83.58147583007812,15128.684375,0.0,122.9443359375,2.002698516845703,133.0176513671875,0.4300897121429443
155,Mali,1926,Bamako,2020,0.0,87.074365234375,15761.4375,0.0,131.3885498046875,2.042316436767578,137.60177001953124,0.4880175590515136
155,Mali,1926,Bamako,2021,0.0,88.23126220703125,16865.0625,0.0,135.7084228515625,2.0671443939208984,141.54610595703124,0.4629126548767089
155,Mali,1927,Gao,2001,0.0,3.627165938004106,3.914630818550605,0.0,12.937411781419565,0.0614204143810034,7.7863449094442,0.0062215389037618
155,Mali,1927,Gao,2002,0.0,4.041447838759349,4.673194910323111,0.0,12.921203622232,0.0611135961373437,9.206942458571636,0.0077565700508827
155,Mali,1927,Gao,2003,0.0,4.170728158454319,4.813161008406233,0.0,13.547584185731044,0.0677366042735028,9.728064507259129,0.002916435197908
155,Mali,1927,Gao,2004,0.0,4.2980937339602585,4.973335320163487,0.0,14.976341380700983,0.0749669296683095,10.204938636530285,0.0050120551183999
155,Mali,1927,Gao,2005,0.0,4.424499789191963,4.978211014051443,0.0,14.939574855184045,0.0821526400555891,10.6942939763895,0.003522026809779
155,Mali,1927,Gao,2006,0.0,4.464680488341399,4.932334846203303,0.0,14.949025700249305,0.0808198019492869,10.673169636310307,0.0042447689033689
155,Mali,1927,Gao,2007,0.0,4.690482246297111,4.943237238596373,0.0,16.44166002163074,0.0992262471472173,11.803368804076843,0.0035487387861524
155,Mali,1927,Gao,2008,0.0,4.8224853121792055,5.7246304556799785,0.0,16.92140068191817,0.1087903907911259,12.372978992520896,0.0034628178924322
155,Mali,1927,Gao,2009,0.0,4.986238474299751,5.731799612533693,0.0,17.76955129967737,0.1204735168107952,12.99062591655668,0.0058177247853346
155,Mali,1927,Gao,2010,0.0,5.272423559172899,6.012205981182795,0.0,19.57479102507699,0.1460521433391534,14.348742942513566,0.0057697283324374
155,Mali,1927,Gao,2011,0.0,5.432444617062619,5.972905740579904,0.0,20.57759797990908,0.148973793066707,15.085853864202962,0.0043824990279972
155,Mali,1927,Gao,2012,0.0,5.6217336211321305,5.702719487106877,0.0,21.68914063645696,0.1532096812445006,15.817453988854671,0.0084664581606052
155,Mali,1927,Gao,2013,0.0,5.78406898463851,5.993228645833334,0.0,22.763432138143425,0.156028701686006,16.59014907794398,0.0052815421243731
155,Mali,1927,Gao,2014,0.0,5.950079740431148,6.2644671875,0.0,23.920610151781787,0.1583644353953567,17.412819420002933,0.0041950990345852
155,Mali,1927,Gao,2015,0.0,6.1288289155301365,6.280278125,0.0,25.06089144302684,0.1617697656880132,18.30971710478076,0.0050354835598967
155,Mali,1927,Gao,2016,0.0,6.5110834616512685,7.290867865942994,0.0,27.649918884733832,0.1687121991975546,20.1759559686171,0.0062630129071463
155,Mali,1927,Gao,2017,0.0,6.779405429681772,7.268011461650743,0.0,30.01732292124945,0.1720000956656034,22.063567788532044,0.0036482403549966
155,Mali,1927,Gao,2018,0.0,6.977846825047661,7.592268407816623,0.0,31.463635613726357,0.1750906281220212,23.18480761475289,0.0067078669865926
155,Mali,1927,Gao,2019,0.0,7.132695639023317,7.999664823887712,0.0,32.83414448599501,0.1781666961683348,24.096348438187416,0.0033655641255555
155,Mali,1927,Gao,2020,0.0,7.368846467590556,8.391866156051167,0.0,34.46099822188004,0.182069007838851,25.316954465464143,0.0032161954376432
155,Mali,1927,Gao,2021,0.0,7.597832114312949,8.841086553732133,0.0,36.1962851957765,0.1852158405053893,26.7173889133304,0.0031582281261147
155,Mali,1928,Kayes,2001,0.0,4.900860100237014,34.51843018806036,0.0,6.833754845200474,0.5021518900911021,5.897616593422872,0.0388654486029925
155,Mali,1928,Kayes,2002,0.0,5.448913610384159,41.56943681318681,0.0,6.800758104137863,0.5013136241173711,6.904626703535453,0.0442412291181848
155,Mali,1928,Kayes,2003,0.0,5.613707133863322,43.08939786249449,0.0,7.159885443412996,0.5525198900108631,7.293562827128185,0.0439392559746578
155,Mali,1928,Kayes,2004,0.0,5.78778639146751,44.80836651183367,0.0,7.892462009924945,0.6102462488272763,7.689232853545329,0.0436331880503687
155,Mali,1928,Kayes,2005,0.0,5.945918921587992,44.8818147172949,0.0,7.836792353841596,0.6720328740679933,8.054593373493976,0.0437781999883168
155,Mali,1928,Kayes,2006,0.0,6.013744784465732,44.74202193708609,0.0,7.871116124333399,0.6647038332633814,8.062564808413983,0.0437114033152851
155,Mali,1928,Kayes,2007,0.0,6.3140932068437685,44.86215247070528,0.0,8.682543699387715,0.8152592760900158,8.921336472940943,0.0449242867035253
155,Mali,1928,Kayes,2008,0.0,6.502000574017381,52.21014292045203,0.0,8.942173921094213,0.8970917609989136,9.357446178155245,0.0458299741567701
155,Mali,1928,Kayes,2009,0.0,6.699733359668181,52.43030820017754,0.0,9.355813623345842,0.9876909340744124,9.852230643887024,0.0473697234088846
155,Mali,1928,Kayes,2010,0.0,7.100459985433537,54.89872171694765,0.0,10.322833855915466,1.1968640442919218,10.74864288095003,0.0476208831800326
155,Mali,1928,Kayes,2011,0.0,7.303744691882283,54.80733082706767,0.0,10.803950690055304,1.2236818045748568,11.308986458127592,0.0484751899968736
155,Mali,1928,Kayes,2012,0.0,7.541208892948845,52.423702061229,0.0,11.35109958275726,1.2474524121074462,11.855124648182896,0.049084006688928
155,Mali,1928,Kayes,2013,0.0,7.766286200128382,54.95695780800708,0.0,11.941743408058464,1.2713189785268122,12.26582328288564,0.0489558607044786
155,Mali,1928,Kayes,2014,0.0,7.997444696820067,57.79777863948593,0.0,12.56979711880308,1.2983839173291527,13.075872136085325,0.0503742423994752
155,Mali,1928,Kayes,2015,0.0,8.232719299328462,57.807702425786445,0.0,13.192011900059253,1.3219625106470967,13.756814141813154,0.0507917387703745
155,Mali,1928,Kayes,2016,0.0,8.738334485482916,67.13148219814242,0.0,14.527367667390877,1.376534570659688,15.153318190795972,0.0534648204671925
155,Mali,1928,Kayes,2017,0.0,9.123395220225165,67.14856534719151,0.0,15.73880357495556,1.4066635394035156,16.56484236124827,0.0540667620646948
155,Mali,1928,Kayes,2018,0.0,9.38143300661663,70.60752598982526,0.0,16.553389788662848,1.4352878342262492,17.45769707930081,0.0550870151034507
155,Mali,1928,Kayes,2019,0.0,9.679119654848904,74.24959793700089,0.0,17.384198165613274,1.4641580538341892,18.26210219978274,0.0574543212573146
155,Mali,1928,Kayes,2020,0.0,9.95004968645072,75.22470460863987,0.0,18.205297624925933,1.493918617605669,19.067382233853447,0.0538266505020956
155,Mali,1928,Kayes,2021,0.0,10.254882233853449,81.42651598676957,0.0,19.18353125617223,1.5218342632826387,20.123509406478373,0.0590384889949079
155,Mali,1929,Kidal,2001,0.0,0.704897392132076,22.017536569148938,0.0,14.92246909924684,0.0285428902613989,9.824027043853256,0.0105554243413413
155,Mali,1929,Kidal,2002,0.0,0.7859918206959123,26.37774095467642,0.0,14.975182595359572,0.0285493871097546,11.615481125485909,0.0171463569769492
155,Mali,1929,Kidal,2003,0.0,0.8077433505489249,27.105030328455104,0.0,15.739560556365404,0.0314131200139793,12.216878492468416,0.0075519959772786
155,Mali,1929,Kidal,2004,0.0,0.8336648449837525,28.06483137103873,0.0,17.25687674623421,0.0347803113991132,12.822760075012148,0.0098562727169114
155,Mali,1929,Kidal,2005,0.0,0.8596728207186892,28.078654544454224,0.0,17.339927265549075,0.0383542564102929,13.46180112670068,0.0070293068885803
155,Mali,1929,Kidal,2006,0.0,0.8689711026709791,28.099392743177816,0.0,17.341210368075803,0.0380554829440844,13.418190825437318,0.0061445752295052
155,Mali,1929,Kidal,2007,0.0,0.9124215499536869,28.09991541043134,0.0,19.115923378279884,0.0469462669973123,14.8683263483965,0.0071182174560351
155,Mali,1929,Kidal,2008,0.0,0.9409282302485726,32.64669756822183,0.0,19.71977116739553,0.0509670394734344,15.59840883898202,0.0067137201111038
155,Mali,1929,Kidal,2009,0.0,0.9676577732097305,32.81066722601232,0.0,20.72429239552964,0.0561368551152324,16.35326507835277,0.0101511341830094
155,Mali,1929,Kidal,2010,0.0,1.0250360398065477,34.410063407790496,0.0,22.838340470116616,0.067735455126526,18.057646607750243,0.0093632424777408
155,Mali,1929,Kidal,2011,0.0,1.0550225112366376,34.453503246038736,0.0,23.960614826287657,0.069549293629282,18.954563745140916,0.0079749502352814
155,Mali,1929,Kidal,2012,0.0,1.0891552212402815,32.870894311179576,0.0,25.14092869290573,0.0712700520358813,19.905392067541303,0.0124685118595759
155,Mali,1929,Kidal,2013,0.0,1.1197494343719632,34.550684969190144,0.0,26.36412020165209,0.0723997362616921,20.92325870080175,0.0099180700644007
155,Mali,1929,Kidal,2014,0.0,1.1543127714255346,36.12306750660211,0.0,27.7468643707483,0.07388806875987,21.97314215864917,0.0083971051499247
155,Mali,1929,Kidal,2015,0.0,1.1886796571307094,36.227023272447184,0.0,29.071550048590865,0.0752404957169809,23.050390245383863,0.0093860266537501
155,Mali,1929,Kidal,2016,0.0,1.2619012030035228,42.18481789172535,0.0,32.105244776482024,0.078564413087361,25.42300815415452,0.0075697556138038
155,Mali,1929,Kidal,2017,0.0,1.3173028558521622,42.12852112676056,0.0,34.82618895772595,0.0798836162185298,27.753598760932945,0.0113118232465257
155,Mali,1929,Kidal,2018,0.0,1.3516710201223583,47.1960467575188,0.0,36.565194619868834,0.0818864527274486,29.167053148530485,0.015927341249254
155,Mali,1929,Kidal,2019,0.0,1.3954271636658977,49.539884868421055,0.0,38.42969698809813,0.0832864512567934,30.65434668751518,0.0082619569518349
155,Mali,1929,Kidal,2020,0.0,1.4368134174990892,48.816729478433096,0.0,40.31175613310664,0.0854715306057581,32.198176008015544,0.0077140217735653
155,Mali,1929,Kidal,2021,0.0,1.48146322128522,52.27710314764493,0.0,42.35022467816371,0.0866240602631808,33.84429271921302,0.0094534246360554
155,Mali,1930,Koulikoro,2001,0.0,9.64878278088392,81.58316094682583,0.0,11.97326153154952,0.3824487590688232,5.694138336994143,0.3384107506793478
155,Mali,1930,Koulikoro,2002,0.0,10.743546783479765,98.1890107278653,0.0,11.948865149094782,0.3812831435848475,6.702732918996273,0.3664110804425098
155,Mali,1930,Koulikoro,2003,0.0,11.092299196285945,101.6514566902366,0.0,12.580221645367413,0.4215814592485357,7.075955554446219,0.368494691166596
155,Mali,1930,Koulikoro,2004,0.0,11.419094032880723,104.5963676671214,0.0,13.87086078940362,0.4634264538717219,7.419722194488818,0.3904281728905096
155,Mali,1930,Koulikoro,2005,0.0,11.75856858193557,104.95094645293317,0.0,13.85623315195687,0.5115360995324149,7.796420518836528,0.3763740496446857
155,Mali,1930,Koulikoro,2006,0.0,11.865487095646964,104.94557000817215,0.0,13.894031008719384,0.5057567072371705,7.767206844049521,0.3685454047157904
155,Mali,1930,Koulikoro,2007,0.0,12.48415971944888,104.8896236705754,0.0,15.296099158013844,0.6212011302748935,8.568842976238018,0.3792879021363289
155,Mali,1930,Koulikoro,2008,0.0,12.860086361821086,121.37156471631204,0.0,15.787941377129926,0.6832726491779819,9.011456669329071,0.3934898692449479
155,Mali,1930,Koulikoro,2009,0.0,13.25119184305112,125.0673451599672,0.0,16.56931409744409,0.7527673170843318,9.447694106096913,0.3865663398816747
155,Mali,1930,Koulikoro,2010,0.0,14.046993560303514,128.20899986327592,0.0,18.26183107028754,0.9145147061576476,10.42803285576411,0.394665849026959
155,Mali,1930,Koulikoro,2011,0.0,14.470282963924388,129.40422422045953,0.0,19.17845613684771,0.9342293216270634,10.982442675053248,0.3975035154631835
155,Mali,1930,Koulikoro,2012,0.0,14.87898841021033,123.8742649070022,0.0,20.13495698548988,0.950455053164936,11.524329822284344,0.4059363049060314
155,Mali,1930,Koulikoro,2013,0.0,15.36200204672524,129.6851750547046,0.0,21.138266273961666,0.9717068575695552,12.132115698216188,0.4039426528112104
155,Mali,1930,Koulikoro,2014,0.0,15.799739167332268,135.36185380196935,0.0,22.149036541533548,0.98889647657498,12.686037756256656,0.4109507884958125
155,Mali,1930,Koulikoro,2015,0.0,16.29863364450213,135.86581988512037,0.0,23.27806551184771,1.0087999175277889,13.312566560170394,0.4121766245227367
155,Mali,1930,Koulikoro,2016,0.0,17.249941759850905,157.94732704402514,0.0,25.67282972244409,1.0509730004908813,14.700861954206603,0.4388958372714462
155,Mali,1930,Koulikoro,2017,0.0,18.012569472177848,158.12370076586433,0.0,27.839024227902023,1.0734102779303114,16.069324497470713,0.4454344019396551
155,Mali,1930,Koulikoro,2018,0.0,18.555036940894567,166.27287335886214,0.0,29.240136614749733,1.0897490447575546,16.847063448482427,0.4491366543612637
155,Mali,1930,Koulikoro,2019,0.0,19.106949713791263,175.2191005471956,0.0,30.67991006056976,1.116422058040469,17.693556975505857,0.4537166024196036
155,Mali,1930,Koulikoro,2020,0.0,19.710912539936103,183.3533267502043,0.0,32.25706785809372,1.138387954273163,18.593225838658142,0.4575446986683336
155,Mali,1930,Koulikoro,2021,0.0,20.29678971978168,191.78191489361703,0.0,33.86114092452077,1.16249508598742,19.552050053248134,0.4634911882205288
155,Mali,1931,Mopti,2001,0.0,21.05268302357208,22.335129135582225,0.0,22.285629627530977,0.1746641719906882,12.874593910546992,0.1336171259278775
155,Mali,1931,Mopti,2002,0.0,23.449491443789665,26.70079517828201,0.0,22.256103146721063,0.1739322296908053,15.221690607056512,0.1477485670194003
155,Mali,1931,Mopti,2003,0.0,24.197380723028104,27.67521778768233,0.0,23.298201873677847,0.1929621761318563,15.832181172559686,0.1480660354488744
155,Mali,1931,Mopti,2004,0.0,24.918203668026592,28.68453008433344,0.0,25.66306852523421,0.2116238826637579,16.585720289362346,0.1429837846676991
155,Mali,1931,Mopti,2005,0.0,25.63629023118767,28.617491389789304,0.0,25.716457483378665,0.2334518547899667,17.469445310139015,0.1462171554565429
155,Mali,1931,Mopti,2006,0.0,25.91846101541251,28.609542031098155,0.0,25.83321764505893,0.2312185472503966,17.405195820111818,0.1507991281549601
155,Mali,1931,Mopti,2007,0.0,27.2068270247809,28.723469893909947,0.0,28.353980148836506,0.2839590829461317,19.245655787246903,0.1547641409381833
155,Mali,1931,Mopti,2008,0.0,28.05178112722877,33.4864249271137,0.0,29.29406070565125,0.3123773763315956,20.22367973708069,0.1525688365903859
155,Mali,1931,Mopti,2009,0.0,28.8754958068903,33.5685626012966,0.0,30.679262522665457,0.3428991968518623,21.058805058174677,0.1585073829593515
155,Mali,1931,Mopti,2010,0.0,30.6008046237534,35.3001164910859,0.0,33.81067259746147,0.4177691864419589,23.370818695225143,0.164917171176228
155,Mali,1931,Mopti,2011,0.0,31.500613856149894,35.13363273655217,0.0,35.48963999697794,0.426871361131573,24.625682324720454,0.1622772039575166
155,Mali,1931,Mopti,2012,0.0,32.48945820111816,33.391064927184466,0.0,37.346899554246,0.4323751127370429,25.684279616198246,0.1651230124849934
155,Mali,1931,Mopti,2013,0.0,33.46101541251133,35.16891686893204,0.0,39.14395162813539,0.4412557371940163,27.012874452251435,0.1708576089531712
155,Mali,1931,Mopti,2014,0.0,34.420510350559084,36.76479571197411,0.0,41.15387484889695,0.4494228645479186,28.359403331822303,0.1612506127238339
155,Mali,1931,Mopti,2015,0.0,35.54384821698398,36.93034443725744,0.0,43.23127738742823,0.458753846930247,29.7948351087942,0.1678011643030216
155,Mali,1931,Mopti,2016,0.0,37.60002549864007,42.8886845084088,0.0,47.54697416137806,0.4781007556333106,32.74762957086733,0.1700915109839423
155,Mali,1931,Mopti,2017,0.0,39.28681956406769,42.87576355177993,0.0,51.5971025989725,0.4879241878801186,35.80511483831973,0.1760480559274052
155,Mali,1931,Mopti,2018,0.0,40.397301866122696,44.93446082390953,0.0,54.22997884557268,0.4995093946552017,37.770155730583255,0.1798857186096294
155,Mali,1931,Mopti,2019,0.0,41.69538096857057,47.215436065308765,0.0,56.971800392867934,0.5086767681418102,39.51633329555757,0.1834226360625178
155,Mali,1931,Mopti,2020,0.0,42.95412133575098,49.565083979328165,0.0,59.748932834693264,0.5183724858458938,41.57991462677546,0.1781020383512901
155,Mali,1931,Mopti,2021,0.0,44.232830915684495,51.94720766129032,0.0,62.67965680719251,0.5297098543336105,43.62921671955274,0.1776925744555249
155,Mali,1932,Segou,2001,0.0,11.60719911687427,38.57471522781775,0.0,15.861482459128066,0.5412194714930421,8.023742366922928,0.418011464140223
155,Mali,1932,Segou,2002,0.0,12.953489927987544,46.24435451638689,0.0,15.874890521603737,0.5412495495420154,9.533218330332817,0.4580015738128194
155,Mali,1932,Segou,2003,0.0,13.332875145971196,47.94942795763389,0.0,16.651942329213703,0.5969744333732727,9.987509579359672,0.4600160805628017
155,Mali,1932,Segou,2004,0.0,13.741536711755549,49.59440884792166,0.0,18.349765229661347,0.6563671285793353,10.49858742458155,0.4684810844451748
155,Mali,1932,Segou,2005,0.0,14.149514037563254,49.68251336430856,0.0,18.364581305955625,0.7242673975616728,11.027030520144026,0.4785235922113103
155,Mali,1932,Segou,2006,0.0,14.312864927987544,49.66789068745004,0.0,18.416212534059945,0.7183220173979418,10.95963136191125,0.4680349176580256
155,Mali,1932,Segou,2007,0.0,15.0117598043986,49.67743617605915,0.0,20.22167550603348,0.8786463338422051,12.126533457814324,0.482314483590648
155,Mali,1932,Segou,2008,0.0,15.449355597995329,57.71966801558753,0.0,20.853628904729465,0.9661607218883806,12.739475628892563,0.4886205346832362
155,Mali,1932,Segou,2009,0.0,15.970857459128066,58.015625,0.0,21.93670324056053,1.0668835073837095,13.455370827656676,0.4929778758463911
155,Mali,1932,Segou,2010,0.0,16.907800943947063,60.74618430255796,0.0,24.142556077267415,1.294963309531919,14.743565103152978,0.5045979124520868
155,Mali,1932,Segou,2011,0.0,17.394152637212922,60.853485961231016,0.0,25.33719954262359,1.3203535543985987,15.48035318947061,0.5099036476828835
155,Mali,1932,Segou,2012,0.0,17.949638417185675,58.00230440647482,0.0,26.592579189373296,1.3459502116582327,16.23772777588556,0.513339403132981
155,Mali,1932,Segou,2013,0.0,18.44583708398209,60.92806379896083,0.0,27.957610573180222,1.37297274900253,17.0676591694239,0.5194477336766636
155,Mali,1932,Segou,2014,0.0,19.0394395922538,63.86936700639488,0.0,29.330740317244064,1.400782352386629,17.878308680420396,0.5245703872369261
155,Mali,1932,Segou,2015,0.0,19.59464103250292,63.88660321742606,0.0,30.817347460101207,1.4270909043219635,18.817832510217983,0.5310237537730824
155,Mali,1932,Segou,2016,0.0,20.80393939762553,74.46267361111111,0.0,33.95506215940055,1.4870218683096537,20.77460374902686,0.5633233694449362
155,Mali,1932,Segou,2017,0.0,21.70887565687038,74.47293415267785,0.0,36.81282843518879,1.5204753111011091,22.711305469054107,0.5768792898995536
155,Mali,1932,Segou,2018,0.0,22.360472825029195,78.20793989808153,0.0,38.64271117166213,1.5485194567438691,23.771796844589336,0.5779806250553293
155,Mali,1932,Segou,2019,0.0,23.01625145971195,82.02388089528377,0.0,40.5872147479564,1.581031309300798,25.02816939957182,0.5843251632578169
155,Mali,1932,Segou,2020,0.0,23.7287246983262,86.09271332933653,0.0,42.63756568703776,1.610126523574348,26.292535398014792,0.5888669801325382
155,Mali,1932,Segou,2021,0.0,24.43155319433632,90.39566693290736,0.0,44.69946659692487,1.6403391397430906,27.57121265570261,0.6025137416294643
155,Mali,1933,Sikasso,2001,0.0,13.247731292881646,83.40973116203227,0.0,9.066965051457975,0.0178532864129326,5.995469286020583,0.1542639895586704
155,Mali,1933,Sikasso,2002,0.0,14.739404213121784,99.94020339855818,0.0,9.044092383147513,0.0179722597310831,7.081777980274443,0.170583052100544
155,Mali,1933,Sikasso,2003,0.0,15.213191466552315,103.45022313765875,0.0,9.527042908447685,0.0197305233923943,7.441404909948542,0.172015556119851
155,Mali,1933,Sikasso,2004,0.0,15.655062714408231,107.00478458633712,0.0,10.493321183533448,0.021807543895026,7.818925546740995,0.1735150140925617
155,Mali,1933,Sikasso,2005,0.0,16.136291273584906,107.06880792996913,0.0,10.48979148799314,0.0239206216525998,8.199610715051458,0.1756785696163542
155,Mali,1933,Sikasso,2006,0.0,16.31903677101201,106.97281582560932,0.0,10.5198294114494,0.0237166514763465,8.169055531732418,0.1744112942388148
155,Mali,1933,Sikasso,2007,0.0,17.144797920240137,106.9363199450738,0.0,11.567278623499142,0.028908519699039,9.039018278301889,0.1797735217707621
155,Mali,1933,Sikasso,2008,0.0,17.632446665951974,124.44013903192584,0.0,11.90573274013722,0.0318159942522225,9.49066453151801,0.1822644688372407
155,Mali,1933,Sikasso,2009,0.0,18.17520502787307,124.959030638517,0.0,12.503087478559175,0.0350847777901258,9.966727862349916,0.1833299859755144
155,Mali,1933,Sikasso,2010,0.0,19.270493406946827,131.1297845863371,0.0,13.778036556603771,0.0425588029625077,10.985916059176672,0.1867870034439246
155,Mali,1933,Sikasso,2011,0.0,19.847443181818186,131.13087881908686,0.0,14.476843910806174,0.0432668596833616,11.545612671526587,0.1899619642907942
155,Mali,1933,Sikasso,2012,0.0,20.453540415951974,125.01747554067973,0.0,15.184061427958834,0.0443720345968728,12.114239386792454,0.1915351930154899
155,Mali,1933,Sikasso,2013,0.0,21.10082145154374,131.4024201853759,0.0,15.953280445969126,0.0451013254808414,12.71866423670669,0.1937366516835262
155,Mali,1933,Sikasso,2014,0.0,21.703740083619213,137.57921386886372,0.0,16.75226468696398,0.0460954036463918,13.363133844339623,0.1953381990131578
155,Mali,1933,Sikasso,2015,0.0,22.35577562178388,137.6652827840714,0.0,17.573172169811322,0.0472127781510148,14.012589783447684,0.1977546844760359
155,Mali,1933,Sikasso,2016,0.0,23.686808533447685,160.52922245108135,0.0,19.41135559605489,0.048981739571935,15.454572255574616,0.2095503575256985
155,Mali,1933,Sikasso,2017,0.0,24.67655713979417,160.62800377617577,0.0,21.04071210334477,0.0499757556542063,16.88916836406518,0.213042215946149
155,Mali,1933,Sikasso,2018,0.0,25.491161020583192,168.21770940611054,0.0,22.087040362349917,0.0511352444807797,17.762554942109777,0.2146301960599595
155,Mali,1933,Sikasso,2019,0.0,26.190091659519727,176.9763881737041,0.0,23.20625,0.0522073836740741,18.61676404373928,0.2191136006987886
155,Mali,1933,Sikasso,2020,0.0,27.00011256432247,185.66672384219555,0.0,24.375286771012007,0.0528853239060757,19.59122534305317,0.2193069561997742
155,Mali,1933,Sikasso,2021,0.0,27.81630038593482,194.96464126330244,0.0,25.59523477701544,0.0543867908443746,20.56669168096055,0.2207919801243412
155,Mali,1934,Tombouctou,2001,0.0,5.924196767166512,7.168928433641975,0.0,13.822907017137563,0.4058860506708835,7.112980003763316,0.0028610676527023
155,Mali,1934,Tombouctou,2002,0.0,6.612954673749421,8.579567776807725,0.0,13.844879899548404,0.4077142500777993,8.404766384900418,0.0031900238245725
155,Mali,1934,Tombouctou,2003,0.0,6.804262769945576,8.88279727876333,0.0,14.50728328363826,0.4472492000691147,8.827060234773043,0.0074009262025356
155,Mali,1934,Tombouctou,2004,0.0,7.010782444129227,9.163920017930328,0.0,16.00556174733673,0.4933236755116663,9.26255825903196,0.0050929182519515
155,Mali,1934,Tombouctou,2005,0.0,7.210790495455072,9.151172354098527,0.0,15.979211295738768,0.5435842467215725,9.72446553670681,0.0048880819231271
155,Mali,1934,Tombouctou,2006,0.0,7.303018317464003,9.136364288081158,0.0,16.03722458488156,0.5393984343249245,9.71424320715281,0.0051597182949384
155,Mali,1934,Tombouctou,2007,0.0,7.644174820518758,9.171622674775143,0.0,17.62902023506253,0.6598978612421839,10.691390871062993,0.0077481400221586
155,Mali,1934,Tombouctou,2008,0.0,7.861023260189903,10.677804989215284,0.0,18.13707517948124,0.725193944226928,11.242837033927744,0.0044404231011867
155,Mali,1934,Tombouctou,2009,0.0,8.160985316790784,10.788910590277778,0.0,19.139065045380494,0.8027831803983884,11.887238734873169,0.0036918863654136
155,Mali,1934,Tombouctou,2010,0.0,8.597155077582213,11.245612696597451,0.0,21.00056630673923,0.969499723179134,13.022183664312182,0.0053641057262818
155,Mali,1934,Tombouctou,2011,0.0,8.868496518932377,11.25719374359631,0.0,22.039017267832328,0.9884911272579898,13.669490360120426,0.0031950095047553
155,Mali,1934,Tombouctou,2012,0.0,9.144818926586382,10.748388431342365,0.0,23.196291324108383,1.0097021868848426,14.382895727188512,0.0080894930288195
155,Mali,1934,Tombouctou,2013,0.0,9.42682339914312,11.268031128130133,0.0,24.38489317971283,1.0309114372249883,15.167105720240851,0.005205257795751
155,Mali,1934,Tombouctou,2014,0.0,9.715320497047244,11.851771763392858,0.0,25.51742162169986,1.0537438439019802,15.84351660201482,0.0053923791274428
155,Mali,1934,Tombouctou,2015,0.0,9.946857630847614,11.809145371510674,0.0,26.71086331924502,1.07255228386261,16.586813194766094,0.0043264138512313
155,Mali,1934,Tombouctou,2016,0.0,10.559640664813529,13.787070889778326,0.0,29.439702411975908,1.1164027663163076,18.31431694463748,0.0040841131256176
155,Mali,1934,Tombouctou,2017,0.0,11.008283819187124,13.807112068965518,0.0,31.933414630616024,1.1397358486640228,20.067696271421955,0.0068099068270789
155,Mali,1934,Tombouctou,2018,0.0,11.359976587830014,14.313050800243111,0.0,33.58890111162575,1.165604012274201,21.06688932955072,0.0077443406917154
155,Mali,1934,Tombouctou,2019,0.0,11.683234606588698,15.071897230691055,0.0,35.26673228346457,1.1855154386434692,22.11480647869384,0.004457947332412
155,Mali,1934,Tombouctou,2020,0.0,12.089440279064382,15.745548581614075,0.0,37.0069078566466,1.2087146782002662,23.207474525243168,0.0042453056032007
155,Mali,1934,Tombouctou,2021,0.0,12.408143418538677,16.291489156895867,0.0,38.86580158638258,1.2325279444331867,24.38308932086614,0.0041585978120565
170,Mozambique,2112,Cabo Delgado,2001,0.0,0.1159619933714103,32.15651999335401,2.9164396530239256,4.000999205552335,0.0,0.2503458452305414,1.4519370725105227
170,Mozambique,2112,Cabo Delgado,2002,0.0,0.1351356860967588,32.192006944444444,3.109641493055556,4.008566292274536,0.0,0.2778091379148907,1.414256510416667
170,Mozambique,2112,Cabo Delgado,2003,0.0,0.1490702933453499,21.711312833629894,2.24428137511121,3.822543345099668,0.0,0.1955141091517097,1.1985470374708074
170,Mozambique,2112,Cabo Delgado,2004,0.0,0.1712638563006967,23.04796026425045,2.2140287060283885,3.8662145110820023,0.0,0.2402691104547764,1.3349519520730475
170,Mozambique,2112,Cabo Delgado,2005,0.0,0.1943508454538591,20.70637404149752,2.234434245672644,3.941841651741086,0.0,0.2822965003418631,1.468528874887235
170,Mozambique,2112,Cabo Delgado,2006,0.0,0.1639707345642839,25.67831512721239,1.826002704991704,3.4073079156986394,0.0,0.2111498079018387,1.041281370990044
170,Mozambique,2112,Cabo Delgado,2007,0.0,0.2016379524306997,25.03817550645592,2.4488089502866206,3.586666190822259,0.0,0.2866022628763531,1.1875571762995325
170,Mozambique,2112,Cabo Delgado,2008,0.0,0.2103860102953411,24.896780941150045,2.7527495981440926,3.8503139299084856,0.0,0.3622827288511432,1.3725071553164307
170,Mozambique,2112,Cabo Delgado,2009,0.0,0.197324990749041,34.48518719059406,2.789777341992012,3.147724459535524,0.0,0.3163652355344195,1.200546800285497
170,Mozambique,2112,Cabo Delgado,2010,0.0,0.1987168736282399,34.529335585585585,2.796159074113176,3.1378795202759195,0.0,0.3170746669918552,1.2006182696368244
170,Mozambique,2112,Cabo Delgado,2011,0.0,0.2162461732831275,31.615376261210763,2.670458984375,3.222731871662216,0.0,0.3172829613079431,1.3381681570557735
170,Mozambique,2112,Cabo Delgado,2012,0.0,0.2386919428048806,27.26688688478747,2.6575210605425057,3.569825197269539,0.0,0.3359914592161017,1.5379889366610735
170,Mozambique,2112,Cabo Delgado,2013,0.0,0.261517433908286,31.507084779444693,2.5771331308777428,3.6588197982793194,0.0,0.3560861703140873,1.2557935565242946
170,Mozambique,2112,Cabo Delgado,2014,0.0,0.2763344886387358,32.34473006272401,4.23261482484879,3.842892816883768,0.0,0.3153993669432764,1.6669159482456877
170,Mozambique,2112,Cabo Delgado,2015,0.0,0.2601305316804048,20.736114215467143,3.6754555836499776,2.6268719349958265,0.0,0.1989160965049201,1.4105941097172552
170,Mozambique,2112,Cabo Delgado,2016,0.0,0.2864399032694634,24.89529234319395,3.641042037366548,3.0698043354681244,0.0,0.2883094290028448,1.4933215375472642
170,Mozambique,2112,Cabo Delgado,2017,0.0,0.3004749118385608,25.240137374161076,3.555193040408277,2.3538823661460078,0.0,0.3376293007267936,1.030205711689038
170,Mozambique,2112,Cabo Delgado,2018,0.0,0.3638934875929692,21.99825754727117,3.4353511008675333,2.7159506492439185,0.0,0.3246216433731155,1.4334452931953696
170,Mozambique,2112,Cabo Delgado,2019,0.0,0.3215681149919315,28.30035352077837,3.6053201613346526,2.5878025371876032,0.0,0.3365780098687668,1.514346106805189
170,Mozambique,2112,Cabo Delgado,2020,0.0,0.3320915469082012,27.508037922506183,3.472153477303174,2.603441880005721,0.0,0.2220043920824975,1.3385383121650865
170,Mozambique,2112,Cabo Delgado,2021,0.0,0.3410684898416832,32.999791487300904,3.589730245103315,2.795832235346396,0.0,0.2356336956564714,1.5633439299262806
170,Mozambique,2113,Gaza,2001,0.0,2.233270376240622,12.91730018547274,2.155521453373016,3.980082276688028,0.0051568758487701,0.0711214813319119,2.1852894237405107
170,Mozambique,2113,Gaza,2002,0.0,2.691931385550423,12.99088857377901,2.290238298839626,3.978235165303007,0.005387653525059,0.0794313671786862,2.126131824774853
170,Mozambique,2113,Gaza,2003,0.0,2.9654799999020685,8.700433771491838,1.6509421674192428,3.7335903223911,0.0064378793422992,0.057280638187611,1.7949466367445293
170,Mozambique,2113,Gaza,2004,0.0,3.409946658299341,9.23758623128482,1.6233583413126742,3.819078237762786,0.0085830998420715,0.0714791445359122,1.9909322839593488
170,Mozambique,2113,Gaza,2005,0.0,3.862367940363349,8.241862320741518,1.654004145352396,3.934213010959716,0.0063254821300506,0.0846654672908713,2.185713734314883
170,Mozambique,2113,Gaza,2006,0.0,3.2550501706685497,10.461111338350785,1.3618203261343804,3.389881390262084,0.0058366581797599,0.0672465100919011,1.576613969786213
170,Mozambique,2113,Gaza,2007,0.0,4.043867236681618,10.159939538991626,1.8110021044138167,3.4949957703808625,0.0067845809459686,0.0840633832491361,1.7904530623037334
170,Mozambique,2113,Gaza,2008,0.0,4.207497819595553,9.986396978621292,2.021449948189354,3.838732606039105,0.0063951261914693,0.1018718613714475,2.0441880044720766
170,Mozambique,2113,Gaza,2009,0.0,3.9699970236919055,13.875705768224623,2.0593363053714686,3.147598946806829,0.0068152609926003,0.1050569988994775,1.7904016543316184
170,Mozambique,2113,Gaza,2010,0.0,3.9811679749405706,13.816942081151833,2.0482288939790574,3.1490076515451664,0.0064718955092959,0.0908359916726777,1.7921622763961609
170,Mozambique,2113,Gaza,2011,0.0,4.339690351908186,12.662557164634146,1.9535464190439893,3.2091300568900127,0.0083449677779124,0.093209452753971,1.9957902330139368
170,Mozambique,2113,Gaza,2012,0.0,4.793240618079722,10.91927718717323,1.9225363666565003,3.563913405073553,0.0062265252837767,0.0907050807980725,2.296842323109097
170,Mozambique,2113,Gaza,2013,0.0,5.22822457593532,12.64097083042872,1.8857370817357963,3.666528676383164,0.0069227012304159,0.0987577861064189,1.8792842467432032
170,Mozambique,2113,Gaza,2014,0.0,5.603680965638871,12.952771000348552,3.101094131230394,3.829877177294705,0.0057868117094039,0.0951942035130092,2.496319594969937
170,Mozambique,2113,Gaza,2015,0.0,5.231871978043754,8.28734143619338,2.7161551339285714,2.602067191463221,0.0054193095614512,0.0578393889284764,2.1174592021450347
170,Mozambique,2113,Gaza,2016,0.0,5.778443543912492,9.998465936302685,2.6934359081112853,3.0262767765139507,0.0051257965656427,0.0835048263648774,2.2546957315613025
170,Mozambique,2113,Gaza,2017,0.0,6.06822066225428,10.124644453750436,2.62402615678298,2.319920512642676,0.0056766594449679,0.0932810917205539,1.5433214070113992
170,Mozambique,2113,Gaza,2018,0.0,7.393952867390615,9.13679421010268,2.604564248498956,2.731487112099715,0.0063791324694951,0.0891508139297502,2.2285938043856595
170,Mozambique,2113,Gaza,2019,0.0,6.543603685973676,11.5623340081853,2.688395607475618,2.570620366516017,0.0060230207443237,0.0894965281408229,2.314229988462208
170,Mozambique,2113,Gaza,2020,0.0,6.76458358040797,11.956538557592078,2.7518319878170603,2.6202898309021188,0.005725571169303,0.0605796513339074,2.176098514050556
170,Mozambique,2113,Gaza,2021,0.0,6.883288237392959,13.697459715948575,2.758109404860146,2.7785101738423723,0.0055311396718025,0.0642197328455307,2.4304412990249307
170,Mozambique,2114,Inhambane,2001,0.0,1.664340625,25.74004496504285,6.534688891942941,6.66388984375,0.0,0.1650094915896046,6.1389458587054575
170,Mozambique,2114,Inhambane,2002,0.0,2.006974582854932,25.679374155024785,6.989361233945471,6.640082118610224,0.0,0.1827448671163335,5.953333603255971
170,Mozambique,2114,Inhambane,2003,0.0,2.216980102295409,17.094679557467387,5.029134773532388,6.296391591816367,0.0,0.1298794931769864,5.036367837663068
170,Mozambique,2114,Inhambane,2004,0.0,2.540706601032522,18.03379915730337,4.899557584269663,6.387258859986034,0.0,0.1575103747294199,5.546851738061798
170,Mozambique,2114,Inhambane,2005,0.0,2.8578914511422586,16.071859928779723,4.910512000897263,6.494238047436153,0.0,0.1828348901749422,6.06430504149843
170,Mozambique,2114,Inhambane,2006,0.0,2.413473758971292,20.436519058295964,4.063238333800449,5.591866963217703,0.0,0.1390233867617283,4.388180090386771
170,Mozambique,2114,Inhambane,2007,0.0,3.0046268052788845,19.775533323061406,5.42739864060399,5.784028728834661,0.0,0.1889379808979649,4.979080289108024
170,Mozambique,2114,Inhambane,2008,0.0,3.1144596924119576,19.48065959771403,6.036917214113626,6.329506099532432,0.0,0.2354012434116142,5.679076437135813
170,Mozambique,2114,Inhambane,2009,0.0,2.915185663224781,26.97844225178891,6.119560773982558,5.125370767970612,0.0,0.2058697948004412,4.952343225905636
170,Mozambique,2114,Inhambane,2010,0.0,2.9241493779797376,26.94943702503353,6.117402719183057,5.119401352056019,0.0,0.2081437779976875,4.951980365724184
170,Mozambique,2114,Inhambane,2011,0.0,3.1957817699021653,24.729568379402583,5.853109848695943,5.250466360001987,0.0,0.2058528883368527,5.534270247018502
170,Mozambique,2114,Inhambane,2012,0.0,3.519444409984121,21.35015374554764,5.876197441284506,5.826475039698293,0.0,0.2201703164971659,6.351637285730187
170,Mozambique,2114,Inhambane,2013,0.0,3.831048879237708,24.621921610641134,5.690337509739537,5.93179435034199,0.0,0.2326966934974747,5.19688256553317
170,Mozambique,2114,Inhambane,2014,0.0,4.094323948019802,25.21601440918186,9.197156201367276,6.266162206064356,0.0,0.205362865670586,6.90115572198755
170,Mozambique,2114,Inhambane,2015,0.0,3.830408285085115,16.098664930555554,8.030015625,4.2559676242082345,0.0,0.1299508472146324,5.830509548611111
170,Mozambique,2114,Inhambane,2016,0.0,4.231503303147268,19.386630326231693,7.988193693131381,4.955774785975851,0.0,0.1906759429611956,6.206870440107634
170,Mozambique,2114,Inhambane,2017,0.0,4.439943724040743,19.583315995339547,7.771985443020418,3.770176368423655,0.0,0.2189066059562424,4.251186785674656
170,Mozambique,2114,Inhambane,2018,0.0,5.330319791869641,17.421112763472404,7.69568682773794,4.385520691250974,0.0,0.2115618155930932,6.024804093328988
170,Mozambique,2114,Inhambane,2019,0.0,4.796291147686833,22.36885814108252,8.057700372948092,4.2043089227461445,0.0,0.2219741369267288,6.362234499778173
170,Mozambique,2114,Inhambane,2020,0.0,4.756121244444969,22.193935190101957,7.894834921941376,4.067509869043117,0.0,0.1435094095505583,5.744939630681818
170,Mozambique,2114,Inhambane,2021,0.0,5.049585269976266,26.58667153727393,8.061008663707543,4.5381496767454506,0.0,0.1555937038435649,6.675871712340097
170,Mozambique,2115,Manica,2001,0.0,1.576937715729783,57.52251259445844,1.3420945174748111,8.591131964990138,0.0074560280357088,0.0974783150637173,2.0212722124921285
170,Mozambique,2115,Manica,2002,0.0,1.888604844674556,57.47799977948589,1.4296938988470262,8.605118959566076,0.0084613658811735,0.1087677784455128,1.9685777233492945
170,Mozambique,2115,Manica,2003,0.0,2.042315782174556,38.85374842171717,1.0846849846117423,8.071426590236687,0.0085431853930155,0.0804331581973465,1.636648713699495
170,Mozambique,2115,Manica,2004,0.0,2.308741410259574,41.02881032086913,1.0480884245515412,8.23704984825306,0.0087313049369388,0.0924496355143357,1.810763258353335
170,Mozambique,2115,Manica,2005,0.0,2.5798039006960902,36.894098976755934,1.013786111593608,8.389346057958136,0.0079977141486273,0.1064891242679638,1.971997477419151
170,Mozambique,2115,Manica,2006,0.0,2.1846283679872047,45.48209104938272,0.8408193479938272,7.2211206631397635,0.0086552195928313,0.0805041816290908,1.398353829089506
170,Mozambique,2115,Manica,2007,0.0,2.695277526687328,44.12733833002973,1.0742895241653243,7.474893773366785,0.0079470846963965,0.1060688449659951,1.5906415018737612
170,Mozambique,2115,Manica,2008,0.0,2.7854191263282173,43.486342649975214,1.2723517581029995,8.192719862996851,0.0086146655470825,0.1287316476580947,1.8215880349064204
170,Mozambique,2115,Manica,2009,0.0,2.6292761542239687,60.12837534102182,1.2809893895709326,6.694974828094303,0.0093867149617936,0.1132278172581041,1.6045917329334078
170,Mozambique,2115,Manica,2010,0.0,2.6600793145260315,59.801155397022335,1.2532100554435484,6.730072752946954,0.0086381673812866,0.112346117060873,1.5992274736352357
170,Mozambique,2115,Manica,2011,0.0,2.881373526724392,54.83203895463511,1.2392680452185034,6.866282225029435,0.0085536485368555,0.1110425437076874,1.7766264966253698
170,Mozambique,2115,Manica,2012,0.0,3.165672736244605,47.18050178220256,1.227366219579646,7.642077009366418,0.0083625988904819,0.119477719126986,2.0433612474649707
170,Mozambique,2115,Manica,2013,0.0,3.41899352836011,54.16203362788414,1.2251144356743986,7.8054711990595615,0.0089290277524427,0.1291410870686593,1.6929408482142858
170,Mozambique,2115,Manica,2014,0.0,3.6065282534246577,55.10512582761157,1.9258206429698996,8.11051094667319,0.0081344909138149,0.1106210488395915,2.2029104340362924
170,Mozambique,2115,Manica,2015,0.0,3.3875558581523864,35.53712848581213,1.6532054087420498,5.588576052670188,0.008791066351391,0.0735205051857914,1.869194732486852
170,Mozambique,2115,Manica,2016,0.0,3.749829598249218,42.54032012195122,1.617459032012195,6.472524054919797,0.0090192219485407,0.110617695839752,1.9793476086128048
170,Mozambique,2115,Manica,2017,0.0,3.900565474736122,43.05302154333009,1.576517760695594,4.989651415290266,0.0077030265873128,0.1190164072425967,1.347242375775925
170,Mozambique,2115,Manica,2018,0.0,4.699293899095806,36.614573850705504,1.5280625035559854,5.82791195231339,0.0092849057653675,0.1131264076365008,1.8325013068246472
170,Mozambique,2115,Manica,2019,0.0,4.175554514024153,48.397765174278845,1.6380580021784856,5.571763458073627,0.0089775953780521,0.1183697321928564,1.9892348069411057
170,Mozambique,2115,Manica,2020,0.0,4.232758159920183,44.79307079764454,1.467681322771681,5.530196604190422,0.0078294243324886,0.0818240239293074,1.6755657579965204
170,Mozambique,2115,Manica,2021,0.0,4.404892859752533,57.23969644988067,1.615018319286993,5.979594562914069,0.0079092396931214,0.0848195409737614,2.089840487022673
170,Mozambique,2118,Nampula,2001,0.0,0.2921134868816909,63.8492881037859,3.8040306151068863,9.468071906740535,0.0,0.5737594613905382,2.4629178756833388
170,Mozambique,2118,Nampula,2002,0.0,0.3529726057225901,63.83513405974535,4.078966380488899,9.750817559249,0.0,0.6357485131670265,2.396804156974372
170,Mozambique,2118,Nampula,2003,0.0,0.3904409734586734,42.422778208687134,2.8988906989916723,9.17764720875654,0.0,0.4492987998101095,2.0390950308213585
170,Mozambique,2118,Nampula,2004,0.0,0.4436895547187596,44.988641002612674,2.799617794741999,8.992124980763311,0.0,0.5458279891487701,2.239527626959504
170,Mozambique,2118,Nampula,2005,0.0,0.5010104521343105,40.17884152804957,2.8845579541748205,9.740302304555248,0.0,0.6501821039048041,2.4719454870454176
170,Mozambique,2118,Nampula,2006,0.0,0.4274739232556573,50.6016845703125,2.3536744117736816,8.335927881655895,0.0,0.4760879996674506,1.780152956644694
170,Mozambique,2118,Nampula,2007,0.0,0.5362393657182979,49.4595480456026,3.1692513232899024,8.491363929285933,0.0,0.6628716931822564,2.01904901262215
170,Mozambique,2118,Nampula,2008,0.0,0.5487772905485342,48.304179535110535,3.5117009712288687,9.39804495133118,0.0,0.8337316495411783,2.296982466321928
170,Mozambique,2118,Nampula,2009,0.0,0.5225404766971569,67.22805699902565,3.500185226534589,7.546819694521391,0.0,0.7183382291987971,2.004587528418317
170,Mozambique,2118,Nampula,2010,0.0,0.5167921424278846,67.35569286871961,3.591857019854133,7.60451201923077,0.0,0.7253640051649707,2.001488901691653
170,Mozambique,2118,Nampula,2011,0.0,0.5633833383413461,61.59141232189119,3.317421078064281,7.651771209820056,0.0,0.7243629766010327,2.229444434605732
170,Mozambique,2118,Nampula,2012,0.0,0.6274842866858275,52.77982495148771,3.425053565653299,8.395408383958783,0.0,0.772287690977574,2.5809591473459736
170,Mozambique,2118,Nampula,2013,0.0,0.6900885214405184,61.208524927395935,3.243646198874637,8.831725454667794,0.0,0.8141284571034988,2.0906093384458697
170,Mozambique,2118,Nampula,2014,0.0,0.7335546394378653,62.38644422952934,5.297912637008381,9.26369230140726,0.0,0.719759525999923,2.763104574669568
170,Mozambique,2118,Nampula,2015,0.0,0.6900722253729622,39.45516424605729,4.618388165835211,6.384666496847124,0.0,0.4511451580080533,2.3371840551577083
170,Mozambique,2118,Nampula,2016,0.0,0.7645679334243309,48.089509646302254,4.698330423532958,7.488389389803137,0.0,0.6632082335898968,2.5394831126909163
170,Mozambique,2118,Nampula,2017,0.0,0.7936567144003768,48.4838528277635,4.547741102988432,5.641617483082128,0.0,0.7677883237563579,1.7034890142994858
170,Mozambique,2118,Nampula,2018,0.0,0.9696006270654012,43.317820731513805,4.481742527173913,6.548176683061789,0.0,0.752485180077403,2.443686652054903
170,Mozambique,2118,Nampula,2019,0.0,0.8626466045303368,55.50454746225506,4.669301367250241,6.1441527606890185,0.0,0.7799036893832845,2.5645624510620784
170,Mozambique,2118,Nampula,2020,0.0,0.8885469902782047,56.56634486957888,4.756052723326524,6.425987790116816,0.0,0.5109258570644639,2.379701279904541
170,Mozambique,2118,Nampula,2021,0.0,0.9041747671389572,66.47742443072482,4.766019633980116,6.831414853122117,0.0,0.5382817993916654,2.668013537824728
170,Mozambique,2119,Niassa,2001,0.0,0.1213846140894396,28.323998868086147,1.909207650743392,3.3196280050597733,0.0,0.1022664061978332,0.6188411553934166
170,Mozambique,2119,Niassa,2002,0.0,0.1352260558918398,28.29141852897839,2.0516098412174606,3.323621711474937,0.0,0.1131876272874362,0.6004154227805747
170,Mozambique,2119,Niassa,2003,0.0,0.1444713885967548,19.0454647874192,1.535862084705992,3.122137082503146,0.0,0.0784173951950024,0.4965529553277287
170,Mozambique,2119,Niassa,2004,0.0,0.1587418524313139,20.119248537829765,1.5495120590156797,3.187276750602978,0.0,0.0980609005979259,0.5406485026365729
170,Mozambique,2119,Niassa,2005,0.0,0.1731183359544305,18.03216991509668,1.456403528987977,3.2505340480184524,0.0,0.1151079376064736,0.5810719964287928
170,Mozambique,2119,Niassa,2006,0.0,0.1532816410184777,21.70926130381376,1.1800736466132429,2.807073766171695,0.0,0.0871243948195804,0.3992279295504065
170,Mozambique,2119,Niassa,2007,0.0,0.178598306362271,21.14149803008596,1.5536016921486986,2.894113863136392,0.0,0.1158369276976015,0.4660482761853062
170,Mozambique,2119,Niassa,2008,0.0,0.1855018283536313,21.62073213180693,1.873028262298886,3.170580282317201,0.0,0.1460010142735995,0.5574748728534963
170,Mozambique,2119,Niassa,2009,0.0,0.177434334388146,30.87051548940786,2.0108997136613067,2.579424966901741,0.0,0.1263533703546407,0.5088662366102763
170,Mozambique,2119,Niassa,2010,0.0,0.1781686347698596,30.873199711001018,1.8746788210985137,2.581900604817572,0.0,0.1276038405966628,0.4962934168373666
170,Mozambique,2119,Niassa,2011,0.0,0.1873800161152247,27.823297574626867,1.911119937422264,2.6395010318396226,0.0,0.1278140378693361,0.5402382618159204
170,Mozambique,2119,Niassa,2012,0.0,0.2038209898220436,23.85747971680652,1.746596973716683,2.9304390641378406,0.0,0.1354698034588083,0.6239713798741362
170,Mozambique,2119,Niassa,2013,0.0,0.2168696239741161,27.598492338111715,1.8194861871678816,2.9993467754610226,0.0,0.1440571677667168,0.5181327816052892
170,Mozambique,2119,Niassa,2014,0.0,0.2270295071386223,28.517028140547264,2.98202833488806,3.1520131141315733,0.0,0.128280188966904,0.6894298041044776
170,Mozambique,2119,Niassa,2015,0.0,0.2160540797214749,18.446807770771517,2.5937818759273,2.152644655621596,0.0,0.0824921053005863,0.586631706984885
170,Mozambique,2119,Niassa,2016,0.0,0.2349042036138172,21.825191959906817,2.382832615559097,2.5129128037921644,0.0,0.1171633911779508,0.5918045979378679
170,Mozambique,2119,Niassa,2017,0.0,0.244582319799146,21.98236066050441,2.3141408354248285,1.91169943967323,0.0,0.1341175839395842,0.4152140976983349
170,Mozambique,2119,Niassa,2018,0.0,0.292235235423993,18.256119791666663,2.1820379774305554,2.253380926724138,0.0,0.1321863373522004,0.537794921875
170,Mozambique,2119,Niassa,2019,0.0,0.2627866468262036,24.921515364838395,2.4360078966699312,2.12905601822753,0.0,0.1361827149880289,0.6087713437729554
170,Mozambique,2119,Niassa,2020,0.0,0.2676021937285683,22.034369767685224,2.0997209704635837,2.150708542427007,0.0,0.0929061265395995,0.4994258760857053
170,Mozambique,2119,Niassa,2021,0.0,0.2728317469766695,29.301520473102787,2.355663405829731,2.2973903909359943,0.0,0.0959812718509742,0.6614395713256485
170,Mozambique,2120,Sofala,2001,0.0,0.4521435229164549,24.144243404585502,2.6374203731978376,12.367921703923358,0.0,0.4320666359416762,2.127149258798058
170,Mozambique,2120,Sofala,2002,0.0,0.5384808622022015,24.114003125,2.7982490234375,12.35362967609489,0.0,0.4790582061721128,2.053642578125
170,Mozambique,2120,Sofala,2003,0.0,0.593201492818401,16.049776964214313,2.00816431240004,11.641551327070411,0.0,0.3325948576785117,1.7407216800779688
170,Mozambique,2120,Sofala,2004,0.0,0.6797811977398662,17.01926989433093,1.974259009728065,11.864697817858444,0.0,0.4089223675207625,1.9237665029672475
170,Mozambique,2120,Sofala,2005,0.0,0.7612915524238623,15.147650933246595,1.98734339033727,12.077833170098396,0.0,0.4866935910385679,2.104586403497798
170,Mozambique,2120,Sofala,2006,0.0,0.6497110643669808,19.255399312475088,1.6356818578118772,10.435100365171095,0.0,0.3622340004894003,1.5171920149960143
170,Mozambique,2120,Sofala,2007,0.0,0.8003175281343006,18.6417459645277,2.186697031312276,10.75603796675774,0.0,0.4886509421171435,1.7242374716645077
170,Mozambique,2120,Sofala,2008,0.0,0.8233116670156682,18.30314117881322,2.432904594782955,11.812325677367944,0.0,0.6108624426405669,1.96640757230685
170,Mozambique,2120,Sofala,2009,0.0,0.7769924716541716,25.432071106516545,2.4676037359256675,9.55070303967965,0.0,0.5332231059348201,1.7197693771173774
170,Mozambique,2120,Sofala,2010,0.0,0.7769705829386377,25.404743170282643,2.468703348925159,9.568411240451072,0.0,0.5355563769860798,1.718118266694865
170,Mozambique,2120,Sofala,2011,0.0,0.8493185845279807,23.309138916500995,2.3442528423210733,9.78183217466376,0.0,0.5310792738757197,1.9158940885934397
170,Mozambique,2120,Sofala,2012,0.0,0.9250437913585052,20.08060712867355,2.3183423103653693,10.871516181615776,0.0,0.5657517076204609,2.2050215014396346
170,Mozambique,2120,Sofala,2013,0.0,0.999494340848646,23.251208966527614,2.266478764712456,11.11016590557979,0.0,0.6012060950110266,1.7981320768772349
170,Mozambique,2120,Sofala,2014,0.0,1.0572511630717627,23.79140345760524,3.722131900317713,11.672463632443716,0.0,0.5297672745001868,2.3913746804259333
170,Mozambique,2120,Sofala,2015,0.0,1.0076878687718531,15.230653285033744,3.263410191916435,7.939066753629764,0.0,0.3415257953671665,2.025801176682215
170,Mozambique,2120,Sofala,2016,0.0,1.0942555935474647,18.332550846199524,3.2352446664068686,9.263584738846571,0.0,0.4845055910845931,2.155308811794834
170,Mozambique,2120,Sofala,2017,0.0,1.1409894968572103,18.49812030075188,3.1408087576053623,7.042033291001451,0.0,0.5630202542118806,1.4758760658327563
170,Mozambique,2120,Sofala,2018,0.0,1.3380984648323615,16.44734909188034,3.071749268526612,8.206539642344927,0.0,0.5425163559899652,2.0944826115724555
170,Mozambique,2120,Sofala,2019,0.0,1.218960112782175,21.136236267814727,3.237493543707937,7.848895992020312,0.0,0.5727363959773066,2.2103423226568686
170,Mozambique,2120,Sofala,2020,0.0,1.2322322061311266,21.24774092780544,3.2272215207296053,7.835168234926864,0.0,0.3775229003723988,2.015533739467637
170,Mozambique,2120,Sofala,2021,0.0,1.2681993926832096,25.089072354158453,3.282894412692156,8.465398244878536,0.0,0.4000953424689733,2.314586695038431
170,Mozambique,2121,Tete,2001,0.0,2.182772114948609,26.743413857436952,0.6863990426370303,9.278869407496977,0.0039171786047518,0.1382350787862757,3.2741137557095987
170,Mozambique,2121,Tete,2002,0.0,2.613519015579666,26.739498808603813,0.7297053231460909,9.202902109526113,0.0038164492983084,0.1523648378235689,3.190022660677486
170,Mozambique,2121,Tete,2003,0.0,2.863152804642166,18.19624653761917,0.5305113503687838,8.676053251934237,0.0038329278429349,0.1070089284871025,2.695125793126772
170,Mozambique,2121,Tete,2004,0.0,3.280196228617626,19.19549755406797,0.5164269114375483,8.859161554037717,0.0039155622944235,0.1329719056474401,2.969352682881694
170,Mozambique,2121,Tete,2005,0.0,3.683066401528886,17.335109419217908,0.5164080777571874,9.01925270425429,0.0043521477944321,0.154791633028727,3.2468032463982506
170,Mozambique,2121,Tete,2006,0.0,3.1262876839346143,21.661616080595483,0.4268748383257668,7.808127303903795,0.0039043712895363,0.1165221179485436,2.357967556869225
170,Mozambique,2121,Tete,2007,0.0,3.8637246915025374,20.97983140392509,0.5723786136319907,8.06804785675447,0.0037642596289515,0.1575710763096982,2.6799846275333503
170,Mozambique,2121,Tete,2008,0.0,4.015425865245228,20.63174051038728,0.6362314706094512,8.844993884392366,0.0037326773530558,0.1958327660902769,3.06809588596435
170,Mozambique,2121,Tete,2009,0.0,3.7911631598229394,28.29530688526694,0.6455358861652978,7.201231361040609,0.0042744162492454,0.171222187915458,2.705249825542223
170,Mozambique,2121,Tete,2010,0.0,3.796705748051124,28.291560415062868,0.6447763303502695,7.223787901105874,0.0041569285094738,0.1709600627955417,2.7126129675070567
170,Mozambique,2121,Tete,2011,0.0,4.145938614182983,26.048229166666665,0.6189885692107372,7.405697157511482,0.0041603086625828,0.1708742712960025,3.0303267728365384
170,Mozambique,2121,Tete,2012,0.0,4.567527042542905,22.546628858222338,0.6167261092389216,8.249065219361857,0.0034939679006735,0.1823791990771165,3.504913830366291
170,Mozambique,2121,Tete,2013,0.0,4.965385602948285,25.849061620394064,0.5993108837240916,8.439544692484292,0.0035580641457012,0.1924445851520964,2.875333350658905
170,Mozambique,2121,Tete,2014,0.0,5.287862210760029,26.39567003135398,0.9760796552062004,8.842553014741421,0.0037319725927184,0.171526105464974,3.772865859754927
170,Mozambique,2121,Tete,2015,0.0,4.959711250906235,17.190497587551125,0.8533345789997124,6.11327841801595,0.0038437619805336,0.1123379116878813,3.2527616847999745
170,Mozambique,2121,Tete,2016,0.0,5.479305748550024,20.57829062899106,0.8436021436981163,7.100370234714839,0.0040933007995287,0.1596490298566638,3.4361966694604087
170,Mozambique,2121,Tete,2017,0.0,5.750718678273738,20.802193003445637,0.8216190075253637,5.485029974027543,0.0038664825260639,0.1820740055767169,2.4104055002552323
170,Mozambique,2121,Tete,2018,0.0,6.9812457643072285,18.61394128169721,0.8134053369398067,6.435240493222891,0.0040043804507989,0.1778133971432605,3.450096258708888
170,Mozambique,2121,Tete,2019,0.0,6.212977902324879,23.65573966573105,0.8500495009289678,6.18588088768116,0.0037787860402694,0.1848317611620622,3.656295601157821
170,Mozambique,2121,Tete,2020,0.0,6.39200713200794,23.9025663255785,0.8472794995256905,6.227511335268287,0.0034792765974998,0.126209174588509,3.3753528163100275
170,Mozambique,2121,Tete,2021,0.0,6.549296120169082,28.01608607860595,0.8597131077493004,6.710578483544686,0.0037492899333729,0.1326624920978638,3.87639888665416
170,Mozambique,2122,Zambezia,2001,0.0,0.2686891396461068,64.66593080231246,2.873695713479977,4.206318988663485,0.0,0.3482237356208223,3.8346938011139313
170,Mozambique,2122,Zambezia,2002,0.0,0.3232635665525829,64.53421214788733,3.013647667253521,4.038094092996898,0.0,0.3885430181490097,3.714706481073944
170,Mozambique,2122,Zambezia,2003,0.0,0.3561872817177809,43.05497115113988,2.187109155115396,3.81812082538168,0.0,0.268392704539348,3.1418624006121587
170,Mozambique,2122,Zambezia,2004,0.0,0.4139721336155497,45.47613836146273,2.141238957014768,4.079749731695683,0.0,0.3348264993450598,3.470433917897328
170,Mozambique,2122,Zambezia,2005,0.0,0.459144303113826,40.28366664331745,2.1254945745919724,3.785756620604887,0.0,0.3904151961971097,3.7697572630638834
170,Mozambique,2122,Zambezia,2006,0.0,0.3870243322951356,51.09865960099751,1.7577207696903574,3.345027382775333,0.0,0.2938030859189121,2.6982500346356333
170,Mozambique,2122,Zambezia,2007,0.0,0.4773185231030767,49.10406008019911,2.346766108960177,3.538748978151011,0.0,0.3992030158479488,3.0626750034568584
170,Mozambique,2122,Zambezia,2008,0.0,0.4993443146695197,48.39874137931034,2.578838092672414,3.801150189089991,0.0,0.5017489779295946,3.4896934267241377
170,Mozambique,2122,Zambezia,2009,0.0,0.4674196222874554,67.07798725895317,2.624766216856061,3.1409577976367418,0.0,0.4415273623290725,3.041391722623967
170,Mozambique,2122,Zambezia,2010,0.0,0.471270367308264,66.35125566465257,2.6051071992584456,3.111953775267539,0.0,0.4389770943259512,3.037898456811316
170,Mozambique,2122,Zambezia,2011,0.0,0.516930083792965,61.324851761721966,2.498166836612284,3.301883251070409,0.0,0.4375639388268613,3.3992175182513025
170,Mozambique,2122,Zambezia,2012,0.0,0.567085070115515,53.08538298163881,2.5024840923883254,3.7509384663415792,0.0,0.4623244883388862,3.9037637666141407
170,Mozambique,2122,Zambezia,2013,0.0,0.6135273056810079,61.022234097127225,2.4101637311901505,3.637532590771333,0.0,0.4901110569994948,3.177514214261286
170,Mozambique,2122,Zambezia,2014,0.0,0.657923999394754,62.43165449208083,3.9134790159066086,3.820257730810362,0.0,0.4319844699177905,4.220438850440333
170,Mozambique,2122,Zambezia,2015,0.0,0.613374940631679,39.97330587635869,3.419380785071332,2.5740244115115174,0.0,0.2726804836056718,3.568880827530571
170,Mozambique,2122,Zambezia,2016,0.0,0.6810241597807382,47.78839769647696,3.388876714939024,2.976933375860432,0.0,0.3946215061175973,3.761843136009485
170,Mozambique,2122,Zambezia,2017,0.0,0.7201870280604676,48.34465591980493,3.2981661473855324,2.349773487568241,0.0,0.460018133511601,2.5998922103596587
170,Mozambique,2122,Zambezia,2018,0.0,0.8698949162432049,42.42513447913933,3.198026682629231,2.8066563201666272,0.0,0.4504741902217265,3.643927528863815
170,Mozambique,2122,Zambezia,2019,0.0,0.7765902395660299,54.98553788903924,3.413088316136671,2.715094958768391,0.0,0.4660818048376691,3.884299940798376
170,Mozambique,2122,Zambezia,2020,0.0,0.7923394990808823,53.9462231595092,3.2658234578700154,2.577231387867647,0.0,0.3047191521139706,3.4533486707566463
170,Mozambique,2122,Zambezia,2021,0.0,0.8167215355437233,64.79560402684564,3.4375865142617448,2.773103559192573,0.0,0.3261678195078903,4.072575241191276
172,Namibia,2137,Caprivi,2001,0.0,6.273588843291191,20.64798935145548,0.0,0.3346331597930261,0.0164888920247263,0.0134523768923175,0.0311273567842476
172,Namibia,2137,Caprivi,2002,0.0,5.802543602798735,22.078001229543872,0.0,0.3873832167458962,0.014927196034433,0.0172716770172119,0.0340806803257345
172,Namibia,2137,Caprivi,2003,0.0,5.816656364702284,24.504620207457982,0.0,0.3948924576477747,0.0161078501292192,0.0168465098172533,0.0348044945889671
172,Namibia,2137,Caprivi,2004,0.0,5.766873183880506,25.48275111607143,0.0,0.3715640592341711,0.0196758600082521,0.0147580902811159,0.0430090285294892
172,Namibia,2137,Caprivi,2005,0.0,7.806763292720229,27.12943381824713,0.0,0.3778385579294326,0.0151062525116016,0.0159441128732543,0.0486859973472884
172,Namibia,2137,Caprivi,2006,0.0,5.962204725035627,26.79693293167373,0.0,0.3892636128279595,0.0154030501648346,0.0154635515777906,0.0575545726378271
172,Namibia,2137,Caprivi,2007,0.0,5.868455122658795,27.511165456798867,0.0,0.3578866716316546,0.0141802967953759,0.0167443303604407,0.0593451612135943
172,Namibia,2137,Caprivi,2008,0.0,6.336211064739413,28.371951426630435,0.0,0.3788219538884365,0.0146242119978615,0.0155653367962753,0.0644411833389945
172,Namibia,2137,Caprivi,2009,0.0,6.163199843240212,28.324739583333333,0.0,0.3873775911564539,0.0152386607781514,0.0158664642924993,0.063693318256112
172,Namibia,2137,Caprivi,2010,0.0,5.977322800902325,29.319853940217392,0.0,0.3939613977030867,0.0159812790340156,0.0172862935818192,0.0751471478006114
172,Namibia,2137,Caprivi,2011,0.0,5.858486455571982,30.026273777173916,0.0,0.4071770772264987,0.0161411260508401,0.0165350557410198,0.0851483994635982
172,Namibia,2137,Caprivi,2012,0.0,7.253219629384176,30.02580672554348,0.0,0.3628088249467909,0.0153090226514109,0.0167036358426625,0.0971655268936382
172,Namibia,2137,Caprivi,2013,0.0,6.577354344030383,30.945043591485508,0.0,0.3211284096050418,0.0127879464801334,0.0138886080950325,0.0953674979831861
172,Namibia,2137,Caprivi,2014,0.0,7.210349650795269,20.08338569972826,0.0,0.3130368206279312,0.0176319865962615,0.0127032946836464,0.0978877495460845
172,Namibia,2137,Caprivi,2015,0.0,6.903485993576672,23.03709522192029,0.0,0.3517739823358483,0.0148637687595983,0.0135779272201885,0.0935982907131184
172,Namibia,2137,Caprivi,2016,0.0,7.904146328252447,25.343364440742075,0.0,0.3688810015580394,0.01310084966812,0.0130935608691379,0.0951255441409105
172,Namibia,2137,Caprivi,2017,0.0,7.367474255709625,26.7658332582853,0.0,0.3465816628485675,0.0133974703840097,0.0123947316950017,0.0941942418343052
172,Namibia,2137,Caprivi,2018,0.0,7.066755136113377,24.552042056916427,0.0,0.3379641061505913,0.0134366690431877,0.0122558551872085,0.1071525155982641
172,Namibia,2137,Caprivi,2019,0.0,7.049514745615824,26.582529381304035,0.0,0.3288372095801896,0.0136822518477821,0.0110622764368076,0.1258588345662317
172,Namibia,2137,Caprivi,2020,0.0,6.279476495590335,25.76941338900862,0.0,0.3061030825043969,0.0136279748156179,0.0115743139714145,0.1305742811882632
172,Namibia,2137,Caprivi,2021,0.0,7.1569286551794455,24.349215556880107,0.0,0.334066667914585,0.0133807351888684,0.0112635287271666,0.0974253461660583
172,Namibia,2138,Erongo,2001,0.0,1.6330730249112002,10.364447504496402,0.0,2.058026794655003,0.0512060746505432,1.5150202574724154,0.1059985344226543
172,Namibia,2138,Erongo,2002,0.0,1.5139821431945284,10.831292702732975,0.0,2.461451169513301,0.0462895277069836,1.8722673667529477,0.1200163698481942
172,Namibia,2138,Erongo,2003,0.0,1.5112508384031136,12.155774507068452,0.0,2.4355238484356105,0.0487719609544397,2.0090875221999696,0.1433966500418526
172,Namibia,2138,Erongo,2004,0.0,1.503330585890266,12.166712672580166,0.0,2.334228810837364,0.0616621159865193,1.7848501147785671,0.1682324081022213
172,Namibia,2138,Erongo,2005,0.0,2.021014101704202,12.722931305473372,0.0,2.4131172300105805,0.0468236459585336,1.818795846480124,0.1887681949773483
172,Namibia,2138,Erongo,2006,0.0,1.5556485638508917,13.048836157829024,0.0,2.440455961400393,0.0450739715687414,1.817768950272068,0.2104183784242802
172,Namibia,2138,Erongo,2007,0.0,1.5193834962118349,13.197938087544063,0.0,2.2578437925105805,0.0446845181354772,1.822179127777358,0.2420948714403092
172,Namibia,2138,Erongo,2008,0.0,1.65949453148617,13.121342767699764,0.0,2.359139420533555,0.0442329744076743,1.866724902225665,0.255590597975268
172,Namibia,2138,Erongo,2009,0.0,1.6102767261657345,12.990625910547786,0.0,2.3689010601666416,0.0446057466759655,1.841160397143289,0.2790607194522599
172,Namibia,2138,Erongo,2010,0.0,1.5694739492801542,13.833527357392317,0.0,2.46768487379081,0.0456481572712747,1.9077969127871823,0.2994104813918801
172,Namibia,2138,Erongo,2011,0.0,1.527233931000605,13.758145187572422,0.0,2.5223505280758767,0.0466131834444285,1.938200834152056,0.3227769624040411
172,Namibia,2138,Erongo,2012,0.0,1.893109828720508,14.117219147858796,0.0,2.267586543642241,0.0454503932764357,1.8389648142109043,0.3187615076700846
172,Namibia,2138,Erongo,2013,0.0,1.7058827699637025,14.47324851707176,0.0,2.0018009986577434,0.0392854468279891,1.5008752434021475,0.3139543180112485
172,Namibia,2138,Erongo,2014,0.0,1.862601555410617,9.013654901144264,0.0,1.9494488595545976,0.0547220909786577,1.3943376212284482,0.4039726743554461
172,Namibia,2138,Erongo,2015,0.0,1.802756394947412,10.672594988787615,0.0,2.1996572277447792,0.0461771111739309,1.364959938474198,0.3776050143771701
172,Namibia,2138,Erongo,2016,0.0,2.078200518074682,11.69586181640625,0.0,2.351371561932506,0.0415466050940651,1.1931291261539043,0.3849353083857783
172,Namibia,2138,Erongo,2017,0.0,1.9132294366203844,12.3727869104456,0.0,2.170360648314543,0.0409080593814349,1.333717327718296,0.3746762099089445
172,Namibia,2138,Erongo,2018,0.0,1.8588515459480928,11.337469673377752,0.0,2.086581398730705,0.0424371006750443,1.2143273896224274,0.441334676908314
172,Namibia,2138,Erongo,2019,0.0,1.848880499962167,12.14945937862529,0.0,2.062518029755599,0.0420272207173381,1.0744405012153828,0.4731416281857236
172,Namibia,2138,Erongo,2020,0.0,1.648961101836789,12.04014430040556,0.0,1.9148729522926755,0.041981191924124,0.8930274649336032,0.560969948354215
172,Namibia,2138,Erongo,2021,0.0,1.874683592567721,11.438035357693384,0.0,2.043575259155569,0.0415929096727151,0.9176985253433338,0.4340350232316774
172,Namibia,2139,Hardap,2001,0.0,0.9388020446820826,7.298562925799763,0.0,0.4478779187878473,0.0307738721526396,8.648995933270006,0.1146535068891624
172,Namibia,2139,Hardap,2002,0.0,0.8699582351358373,7.58553816561907,0.0,0.5330482899717933,0.0283958163227434,10.736971125296913,0.1318736212077131
172,Namibia,2139,Hardap,2003,0.0,0.8574161932661482,8.473351807336183,0.0,0.5061141833701912,0.0294583405997684,11.430791379719782,0.1592150160163669
172,Namibia,2139,Hardap,2004,0.0,0.8479813071284426,8.676523363657845,0.0,0.5015859866527185,0.0365620873026472,10.136327383072176,0.1819483102607366
172,Namibia,2139,Hardap,2005,0.0,1.1496157741274928,8.920446154300567,0.0,0.5019527192582206,0.027869884784405,10.310994813924502,0.2108120116033716
172,Namibia,2139,Hardap,2006,0.0,0.8884518348410739,9.10264402015187,0.0,0.5092393056649916,0.027132504333438,10.334274277473837,0.234135037716304
172,Namibia,2139,Hardap,2007,0.0,0.863332709025635,9.465172296119889,0.0,0.470411118209263,0.0263572057239125,10.24472799964396,0.2671933652743087
172,Namibia,2139,Hardap,2008,0.0,0.93043915649472,9.198130270910353,0.0,0.4869230656924834,0.0262718562781103,10.436361681300427,0.2809171271191947
172,Namibia,2139,Hardap,2009,0.0,0.9044991182426418,9.114034392297048,0.0,0.4869096467592867,0.0269169928539175,10.458897682767624,0.3061790044017383
172,Namibia,2139,Hardap,2010,0.0,0.8791549181972182,9.440315904529816,0.0,0.5144576990088564,0.027291314691461,10.85893106573942,0.3328987891520928
172,Namibia,2139,Hardap,2011,0.0,0.8604327111856923,9.595478381849317,0.0,0.5221002831058855,0.0275043471269892,11.01060929350403,0.356972918227383
172,Namibia,2139,Hardap,2012,0.0,1.0674411320782775,9.688357731015554,0.0,0.4755256139123097,0.027475368400826,10.39069749286224,0.3510580246097324
172,Namibia,2139,Hardap,2013,0.0,0.9680815044966972,9.76163029648902,0.0,0.4149489263159069,0.0237296144612145,8.488724782789811,0.3406531778040656
172,Namibia,2139,Hardap,2014,0.0,1.058367889455075,6.379391848385989,0.0,0.3947628266969485,0.0323426119924753,7.942471253268362,0.4438776148981227
172,Namibia,2139,Hardap,2015,0.0,1.0174490244600785,7.481841929229624,0.0,0.4572802711134578,0.027747813773575,7.646713990361732,0.4226837158203125
172,Namibia,2139,Hardap,2016,0.0,1.1679171326884332,8.206545190229754,0.0,0.4796612168352986,0.0238192319361398,6.746127081358142,0.4209385352095655
172,Namibia,2139,Hardap,2017,0.0,1.0914050000740696,8.719240502729754,0.0,0.4753384405924093,0.0245156027067608,7.436758377281346,0.4104235495514388
172,Namibia,2139,Hardap,2018,0.0,1.039740077014218,8.164489412568306,0.0,0.4358194504868927,0.0252041134224118,6.768968453791469,0.4837359652493169
172,Namibia,2139,Hardap,2019,0.0,1.0527431686907582,8.617797629212204,0.0,0.4264345575847897,0.0254170928521178,6.123762403732227,0.5194629328715562
172,Namibia,2139,Hardap,2020,0.0,0.930486831918267,8.331187329079308,0.0,0.393270869682388,0.0252569206747866,5.071474743658132,0.6177792127499715
172,Namibia,2139,Hardap,2021,0.0,1.0564353617446682,8.254087449821588,0.0,0.422350900659064,0.0248845014526945,5.106178724822275,0.4905393329930029
172,Namibia,2140,Karas,2001,0.0,0.5626358045960846,3.562053164373342,0.0299809715327094,3.1166861217371737,0.0349310516989198,7.755733151440144,0.0659255880125332
172,Namibia,2140,Karas,2002,0.0,0.5229925814991228,3.7732814913393646,0.0236281007528305,3.7062864827019975,0.0315739657566962,9.560166231779736,0.0748667030974183
172,Namibia,2140,Karas,2003,0.0,0.524982202832944,4.251238041740185,0.0279126205751972,3.6774633806613943,0.0332925304245554,10.229987840357657,0.089436736777852
172,Namibia,2140,Karas,2004,0.0,0.5179873060906071,4.153082470212068,0.0395585596561431,3.508062954606681,0.0415728284024644,9.058330667429956,0.103947334639829
172,Namibia,2140,Karas,2005,0.0,0.7015650519009294,4.342128086756993,0.0316275204381635,3.59136892735273,0.0314570542039542,9.204024391612789,0.1179357141881556
172,Namibia,2140,Karas,2006,0.0,0.5350432121890715,4.579929063999128,0.0223435993705477,3.624671322175826,0.0307555143860564,9.193684895833334,0.1327062141827709
172,Namibia,2140,Karas,2007,0.0,0.5274727481535111,4.548479900010898,0.0247908753733481,3.389721048289332,0.0300432429916557,9.169662300197558,0.1531435659686274
172,Namibia,2140,Karas,2008,0.0,0.5711520456968133,4.598158992541376,0.0176664392153422,3.5172758640035906,0.0299986724579569,9.335408718581688,0.1631978530086291
172,Namibia,2140,Karas,2009,0.0,0.5545420591858612,4.524549696180555,0.0218931595484415,3.520501849295079,0.0306331152203439,9.325307561063218,0.1769017775853475
172,Namibia,2140,Karas,2010,0.0,0.5380766857629535,4.732453240288629,0.0276575509239645,3.688434469288793,0.0308695579397267,9.682273426275144,0.1911205980512831
172,Namibia,2140,Karas,2011,0.0,0.5268630090961124,4.879702674018012,0.0170384496450424,3.778053594675885,0.0312874606148433,9.840246369411023,0.2062533828947279
172,Namibia,2140,Karas,2012,0.0,0.6504140351443257,4.979235442651844,0.0252930232456752,3.399897872149398,0.0310274912909002,9.248366375246905,0.2047212877914859
172,Namibia,2140,Karas,2013,0.0,0.5900678596975988,4.879816324940373,0.0615629779881444,2.97970257798474,0.0267447206233519,7.563594030520647,0.1974186363782659
172,Namibia,2140,Karas,2014,0.0,0.6452692822879263,3.2831035622288502,0.033546296613557,2.8472112741247755,0.0367847928881003,7.064965075179534,0.2561345230731426
172,Namibia,2140,Karas,2015,0.0,0.6205866212690754,3.8008287011930575,0.0393904580010308,3.289744165170557,0.0312837720559358,6.838671173698384,0.2426016122813855
172,Namibia,2140,Karas,2016,0.0,0.7104288481433922,4.11089945211039,0.0207942615855823,3.465791399380944,0.0269851944678864,6.062171967521981,0.2448298730891504
172,Namibia,2140,Karas,2017,0.0,0.6602103575511027,4.3,0.018271910421776,3.2088845649542765,0.027807111570821,6.643725064999104,0.2385341099330357
172,Namibia,2140,Karas,2018,0.0,0.6326053503787878,3.997552455840919,0.0643120098114013,3.136341923301058,0.0283389283868175,6.055967870270755,0.2807704758530424
172,Namibia,2140,Karas,2019,0.0,0.6323139349989918,4.318633371503686,0.0702808962927924,3.0468686984674678,0.0289070004950203,5.491261524802832,0.3026772041684735
172,Namibia,2140,Karas,2020,0.0,0.5616423800478185,4.215738579385299,0.0314000071705998,2.819675573373947,0.0287065230866654,4.5239918361404765,0.3594084819916116
172,Namibia,2140,Karas,2021,0.0,0.6397287964436178,4.123671406183026,0.0243679417504204,2.987940906238795,0.0283843430621344,4.566473128249372,0.284089665222822
172,Namibia,2141,Kavango,2001,0.0,4.92667024449397,40.085527893222505,0.0,0.7041525158134504,0.0236139202467983,0.0288480713373752,0.0631309020213591
172,Namibia,2141,Kavango,2002,0.0,4.5904427015018365,42.79013798701299,0.0,0.8316729166325092,0.021436959473809,0.0361728708537386,0.0724876203035053
172,Namibia,2141,Kavango,2003,0.0,4.594423244032004,48.37035941579634,0.0,0.8244219016428384,0.0226061281602505,0.0383597907118909,0.0929542919985619
172,Namibia,2141,Kavango,2004,0.0,4.5418159348767055,49.896966110924936,0.0,0.7918972723881821,0.0284509608778097,0.0341816329554929,0.110360265736925
172,Namibia,2141,Kavango,2005,0.0,6.221956855106101,51.87987231182796,0.0,0.8181586227619363,0.0216327151189748,0.0350463234446645,0.1329803979525002
172,Namibia,2141,Kavango,2006,0.0,4.681393672284031,52.30774859828496,0.0,0.8198344445353403,0.0208488564216653,0.0345655111532366,0.1379013363478366
172,Namibia,2141,Kavango,2007,0.0,4.617177268858041,53.35634765625,0.0,0.7641182725126048,0.020361047567904,0.0346198733689602,0.1568736226935135
172,Namibia,2141,Kavango,2008,0.0,5.018348878753952,54.10373321452255,0.0,0.7995300614544916,0.0204474848113145,0.0352219102504571,0.1643110725544491
172,Namibia,2141,Kavango,2009,0.0,4.905894462937202,54.049563784814325,0.0,0.8032601765368309,0.02101356817669,0.0353260283257551,0.1713362068965517
172,Namibia,2141,Kavango,2010,0.0,4.7659707041600425,55.90055684840426,0.0,0.8385778931505035,0.0213231489528217,0.0375397736018204,0.2097230667763568
172,Namibia,2141,Kavango,2011,0.0,4.669113417803231,57.437757668205805,0.0,0.861752655546544,0.0213792404886019,0.0375315685413801,0.2438269139594327
172,Namibia,2141,Kavango,2012,0.0,5.761017362950212,58.071178265171504,0.0,0.7726228358381886,0.0211939468222149,0.0352242334996222,0.2445416211452836
172,Namibia,2141,Kavango,2013,0.0,5.232037043167373,58.865662104221634,0.0,0.6814939854508739,0.0183544724674548,0.0290238682692347,0.2257169054177317
172,Namibia,2141,Kavango,2014,0.0,5.725844180577637,38.29375880719496,0.0,0.6509157796353339,0.0250352739213823,0.027178893766865,0.285498520423626
172,Namibia,2141,Kavango,2015,0.0,5.50507584790673,45.083222811671085,0.0,0.7468301179741322,0.0215140471149982,0.02651391732469,0.2829350843353676
172,Namibia,2141,Kavango,2016,0.0,6.293901909722222,48.64364392950392,0.0,0.7859349165013227,0.0185064716652122,0.0238320114266159,0.3063329193672996
172,Namibia,2141,Kavango,2017,0.0,5.860475184553761,51.07698780189295,0.0,0.7342614642644333,0.0189764499664306,0.0261360302662798,0.2633203451689478
172,Namibia,2141,Kavango,2018,0.0,5.615274203025688,44.25888841501241,0.0,0.7140244306144068,0.01941272565874,0.0234716181956402,0.2581571290274116
172,Namibia,2141,Kavango,2019,0.0,5.626350091180371,50.49286240183246,0.0,0.6993333730520557,0.0197567868890782,0.0218216094641495,0.3146781322219609
172,Namibia,2141,Kavango,2020,0.0,4.992803406084656,42.42128513003356,0.0,0.6415532510747355,0.0195096676942532,0.0176783817495067,0.2849106073912891
172,Namibia,2141,Kavango,2021,0.0,5.694498784353425,47.74224175347222,0.0,0.6907266625937666,0.0194915868777397,0.0182595932709815,0.2753629973440459
172,Namibia,2142,Khomas,2001,0.0,2.7146274978063176,42.78877303985779,0.0,0.4325905454790204,0.0233435469519658,1.530516954919831,0.1692669577227381
172,Namibia,2142,Khomas,2002,0.0,2.524671446234844,45.08144822761194,0.0,0.5231239109489669,0.021013224588965,1.896300529475112,0.194694040782416
172,Namibia,2142,Khomas,2003,0.0,2.5360681549637047,52.18882730998509,0.0,0.5191838910188656,0.0221796333980012,2.0343015241105618,0.2306817363164819
172,Namibia,2142,Khomas,2004,0.0,2.5080482112172318,50.525816231343285,0.0,0.4906312596157688,0.0278980274639471,1.7944117397298591,0.2701830963590252
172,Namibia,2142,Khomas,2005,0.0,3.406116237128832,54.34525195603577,0.0,0.503386827568746,0.0211144029561282,1.841628190353608,0.3069729982651825
172,Namibia,2142,Khomas,2006,0.0,2.5894035168730034,54.208594912574405,0.0,0.5045244405825678,0.0205861173879605,1.8088506826577475,0.3463558696565174
172,Namibia,2142,Khomas,2007,0.0,2.554651354100192,54.82092683605341,0.0,0.4811982895510928,0.0201228250723852,1.830647422921985,0.3964222531644102
172,Namibia,2142,Khomas,2008,0.0,2.7545500069932864,54.52483382570163,0.0,0.4995733783068254,0.0205664939587683,1.8580812420076729,0.4190207725085395
172,Namibia,2142,Khomas,2009,0.0,2.6788992656449557,55.56490384615385,0.0,0.4927936422413793,0.0204925975580325,1.8421736871906929,0.4596144997861964
172,Namibia,2142,Khomas,2010,0.0,2.598986395474138,57.49737278761062,0.0,0.5175239494781689,0.0205656809216105,1.923468305994572,0.4954800225992118
172,Namibia,2142,Khomas,2011,0.0,2.5325306866225272,58.56984075846834,0.0,0.5281737034839662,0.0210004902677164,1.9427818196095248,0.5329810972592968
172,Namibia,2142,Khomas,2012,0.0,3.1546051648198343,59.687476988217966,0.0,0.473608600850008,0.0207177035662592,1.836867974728954,0.5256450130591863
172,Namibia,2142,Khomas,2013,0.0,2.8516661313934035,61.85149940345081,0.0,0.4323628548986217,0.017883789470957,1.493529884430768,0.5086502321666208
172,Namibia,2142,Khomas,2014,0.0,3.121609469787676,38.23693129595589,0.0,0.4019254682012292,0.024496490166714,1.4042410625199553,0.6631457160500919
172,Namibia,2142,Khomas,2015,0.0,3.004344706632653,44.86222581681351,0.0,0.4581648378956074,0.0209559834733301,1.3559632593271684,0.6271292844707921
172,Namibia,2142,Khomas,2016,0.0,3.4389483498645634,49.05208715175953,0.0,0.4835187961828792,0.0179451674393896,1.1997784528859945,0.6343784276341413
172,Namibia,2142,Khomas,2017,0.0,3.195671548648757,51.46826386346999,0.0,0.4518754920180963,0.0188052848893768,1.3052872638313138,0.6143881936024432
172,Namibia,2142,Khomas,2018,0.0,3.067726383245698,47.30599626557918,0.0,0.4382259643632489,0.0189752378153755,1.1944216745837315,0.7291506322597828
172,Namibia,2142,Khomas,2019,0.0,3.0653173423558,51.03326317715959,0.0,0.4274079983518563,0.0191058285909522,1.0773376503744423,0.7778807342663342
172,Namibia,2142,Khomas,2020,0.0,2.7212004484953702,50.04964717741935,0.0,0.3972839901121487,0.0193135893664597,0.890823851447757,0.92364278217215
172,Namibia,2142,Khomas,2021,0.0,3.103929073874521,48.58254318019943,0.0,0.417634303846883,0.018995738120828,0.9006637631704981,0.7214265481019632
172,Namibia,2143,Kunene,2001,0.0,1.5454312649657005,4.160500794778138,0.0,1.6571809322822288,0.0245357555890064,0.731347100092221,0.0079374033307272
172,Namibia,2143,Kunene,2002,0.0,1.441269703197825,4.369200210076944,0.0,1.9814805870905616,0.0221696060473038,0.904338091905101,0.0074865750088944
172,Namibia,2143,Kunene,2003,0.0,1.4381415567939004,4.907192851604639,0.0,1.9566828390070576,0.023040437537813,0.9688538909730317,0.0077472532145735
172,Namibia,2143,Kunene,2004,0.0,1.426923569801932,4.88947656670479,0.0,1.899013915002593,0.0289807557070403,0.8593589181227308,0.0088471201963202
172,Namibia,2143,Kunene,2005,0.0,1.948962319992216,5.106443211235879,0.0,1.9473054071257136,0.0220104033426107,0.8746204227750389,0.0090828101728215
172,Namibia,2143,Kunene,2006,0.0,1.4712938490744942,5.27700124394836,0.0,1.9398480807102567,0.0217184802803261,0.8726283663041364,0.0099709010859418
172,Namibia,2143,Kunene,2007,0.0,1.4562027167482494,5.319407380480097,0.0,1.833631460102762,0.02151557123018,0.8701000925910918,0.0100590850113071
172,Namibia,2143,Kunene,2008,0.0,1.5691616960580912,5.328068791184776,0.0,1.8877628057329487,0.0210586365822439,0.8881884689647627,0.0102773323005429
172,Namibia,2143,Kunene,2009,0.0,1.5294265430497926,5.323470733527912,0.0,1.887887661882456,0.0214075626674034,0.8858187980176997,0.0104408146079578
172,Namibia,2143,Kunene,2010,0.0,1.4795148599627108,5.54709294527897,0.0,1.979957036316472,0.021787310450612,0.917649372264105,0.0123184877451266
172,Namibia,2143,Kunene,2011,0.0,1.4647023587506487,5.711052018894567,0.0,2.0288658597398808,0.0219623484510056,0.9365392109861508,0.0119043543872647
172,Namibia,2143,Kunene,2012,0.0,1.7869705536640723,5.769153022458311,0.0,1.824585055933852,0.0219983344198108,0.8799054849627108,0.0130903920110433
172,Namibia,2143,Kunene,2013,0.0,1.6244295152399482,5.856196838017752,0.0,1.5968693002188716,0.0184366050551992,0.719256393887808,0.0121624987484838
172,Namibia,2143,Kunene,2014,0.0,1.7843478943741893,3.778132309757,0.0,1.5308192232084954,0.0259118026951098,0.671748401528048,0.0138657860589886
172,Namibia,2143,Kunene,2015,0.0,1.7116827780479895,4.507525368537965,0.0,1.7634626297016862,0.0216473452002776,0.6485306597559987,0.0131399868846934
172,Namibia,2143,Kunene,2016,0.0,1.9701534287068851,4.921644137890414,0.0,1.86282335969917,0.019220442476305,0.5725380038819372,0.0143086638311492
172,Namibia,2143,Kunene,2017,0.0,1.8232078621514267,5.117105988321217,0.0,1.7330741832846952,0.0194689937448068,0.628935192221952,0.0125494009208324
172,Namibia,2143,Kunene,2018,0.0,1.7772388290160055,4.7232441858508345,0.0,1.7078007549248315,0.0200168852858002,0.5759493767010109,0.0158027760757297
172,Namibia,2143,Kunene,2019,0.0,1.765165866086491,5.077660396181304,0.0,1.6465701695513235,0.0202558127867844,0.5193429962245328,0.0151280201656717
172,Namibia,2143,Kunene,2020,0.0,1.5635198583743843,5.041394463900862,0.0,1.5272412071396162,0.0201027385305177,0.4293698070269964,0.0188351286108781
172,Namibia,2143,Kunene,2021,0.0,1.783409978693182,4.926361149053838,0.0,1.625325689935065,0.0199265160498681,0.4361154372970779,0.0152770498731473
172,Namibia,2144,Ohangwena,2001,0.0,26.08325832201087,6.584868559966216,0.0,17.2204345703125,0.6350677490234375,0.1962040445078974,0.2199384464937097
172,Namibia,2144,Ohangwena,2002,0.0,24.196424932065216,6.817712732263513,0.0,20.534727411684784,0.5709218564240829,0.2397048120913298,0.2510702282774682
172,Namibia,2144,Ohangwena,2003,0.0,24.224779211956523,7.823666884213759,0.0,20.34385402513587,0.5859912374745244,0.2580045617145041,0.2976998908846986
172,Namibia,2144,Ohangwena,2004,0.0,24.33814931705298,7.897435556543936,0.0,19.736873534078367,0.7695655401705643,0.2324014288963334,0.3475325219425154
172,Namibia,2144,Ohangwena,2005,0.0,32.95306206597222,8.176858982436414,0.0,20.36795355902778,0.5848236762152778,0.2404537285698784,0.3958868649926516
172,Namibia,2144,Ohangwena,2006,0.0,24.94308431700328,9.210385529891305,0.0,20.22357097775655,0.5486090714233931,0.2371438205502439,0.4376610445689006
172,Namibia,2144,Ohangwena,2007,0.0,24.549194868995635,8.702223512220037,0.0,18.90251646083515,0.5448385846666894,0.2369706099730912,0.5040719221179611
172,Namibia,2144,Ohangwena,2008,0.0,26.730563186813185,8.980029296875,0.0,19.74284426510989,0.5470032408997253,0.241086922111092,0.5378541227094739
172,Namibia,2144,Ohangwena,2009,0.0,26.178473278484518,9.25472466229218,0.0,19.826936704922566,0.5502729162705683,0.2456266521352582,0.5830143359135058
172,Namibia,2144,Ohangwena,2010,0.0,25.524011692650333,9.335820553626544,0.0,21.00416072174276,0.5603517732004281,0.250189664369171,0.6549606699074431
172,Namibia,2144,Ohangwena,2011,0.0,25.0080647967706,10.087327594521604,0.0,21.4964504454343,0.5635308688361289,0.2588580159142713,0.70062255859375
172,Namibia,2144,Ohangwena,2012,0.0,30.976586424693764,9.993343860645012,0.0,19.334097473552337,0.5602453694842706,0.2462476972482252,0.7050593045771268
172,Namibia,2144,Ohangwena,2013,0.0,28.06198235662584,10.59597853486761,0.0,16.90588025473274,0.4967563348782886,0.2049173469798336,0.6891914386421223
172,Namibia,2144,Ohangwena,2014,0.0,30.661981051642535,7.683201080472599,0.0,16.204367996589642,0.6682029673145183,0.1862537579440858,0.8855698044235641
172,Namibia,2144,Ohangwena,2015,0.0,29.472253880150333,9.46419250788947,0.0,18.671844550389757,0.5769843630376531,0.1752543290102136,0.8613612669398802
172,Namibia,2144,Ohangwena,2016,0.0,33.700993527282854,9.19849955741995,0.0,19.575967427616927,0.4885088744301573,0.159967248317659,0.8499806846974816
172,Namibia,2144,Ohangwena,2017,0.0,31.38665567580735,9.795063187923338,0.0,18.282572383073497,0.5051107427856173,0.1792535930540089,0.8235323669283631
172,Namibia,2144,Ohangwena,2018,0.0,30.15497329134187,9.11055541390856,0.0,17.868118388084632,0.5277949887553939,0.1605319764407015,0.953503957837454
172,Namibia,2144,Ohangwena,2019,0.0,30.35108400612472,10.040657231373151,0.0,17.393661261135858,0.524621228598274,0.1500314317461111,1.0292241426884985
172,Namibia,2144,Ohangwena,2020,0.0,26.95410373747216,11.221162542333744,0.0,16.111533659869153,0.5222373911426433,0.1262870397758908,1.1897666987388666
172,Namibia,2144,Ohangwena,2021,0.0,30.59911783129176,10.279199459282635,0.0,17.126144035356347,0.5286357514311317,0.1241860166689866,0.9819386925099816
172,Namibia,2145,Omaheke,2001,0.0,9.272966693233238,16.232090248642645,0.0,2.1343205278177706,0.1484834709465626,3.664191449634924,0.0140348581167367
172,Namibia,2145,Omaheke,2002,0.0,8.59833434029206,17.073867843040475,0.0,2.55875483661559,0.134557186551959,4.551534460484368,0.0162665294836283
172,Namibia,2145,Omaheke,2003,0.0,8.62781439608186,19.22008036154985,0.0,2.5307024661918964,0.1414789272796367,4.858113623508844,0.0147145515691797
172,Namibia,2145,Omaheke,2004,0.0,8.539595973879063,19.27236829916008,0.0,2.4088352192384823,0.1777382665875025,4.289823744729535,0.0163676582178971
172,Namibia,2145,Omaheke,2005,0.0,11.534509493264087,20.067391488770976,0.0,2.469886042266557,0.1337182356074532,4.365965893022419,0.0154360872326475
172,Namibia,2145,Omaheke,2006,0.0,8.797768408062526,20.62123656744071,0.0,2.500730312885644,0.1299922539833787,4.354004910530646,0.0154711156879105
172,Namibia,2145,Omaheke,2007,0.0,8.696507504111842,21.080718873517785,0.0,2.3174048975894324,0.1271711776131077,4.3471824244449015,0.0165561190518465
172,Namibia,2145,Omaheke,2008,0.0,9.38748570492393,20.97001480750247,0.0,2.4281333120245683,0.1274186686465614,4.433964377955387,0.0169149984184774
172,Namibia,2145,Omaheke,2009,0.0,9.131502114613328,20.94151432806324,0.0,2.430282034142328,0.1303409778841333,4.42965616644385,0.0180172495994703
172,Namibia,2145,Omaheke,2010,0.0,8.881332981679703,21.844186172183797,0.0,2.547009885433821,0.1314893512875025,4.604049538132976,0.0193957763924384
172,Namibia,2145,Omaheke,2011,0.0,8.624941614199427,22.418377902667984,0.0,2.6047807173295454,0.1327068506939112,4.664844309863841,0.0180335660916985
172,Namibia,2145,Omaheke,2012,0.0,10.680517698095825,22.630338284337945,0.0,2.32927671990172,0.131376449247543,4.363626765970516,0.0192070821560561
172,Namibia,2145,Omaheke,2013,0.0,9.686016775777414,22.89109977149209,0.0,2.0429293918141367,0.1133763864270599,3.567358438395049,0.0213272720392943
172,Namibia,2145,Omaheke,2014,0.0,10.620386445473253,14.732145889945652,0.0,1.9637261284722225,0.1560419153284143,3.3620261863425926,0.0254883660210503
172,Namibia,2145,Omaheke,2015,0.0,10.233613353558209,17.42385128458498,0.0,2.264204947166804,0.1332819007738584,3.242339748945907,0.022522897493762
172,Namibia,2145,Omaheke,2016,0.0,11.720603500359934,19.00168126850938,0.0,2.382101469302756,0.11537266444493,2.8679407104843686,0.0224044987740506
172,Namibia,2145,Omaheke,2017,0.0,10.900586660582064,19.96369076999013,0.0,2.228632523267174,0.1178082835277085,3.145589360088441,0.0206647578604474
172,Namibia,2145,Omaheke,2018,0.0,10.46129100678733,18.427844274432378,0.0,2.15431856746195,0.1204792306728198,2.8710250572038256,0.0255990698152618
172,Namibia,2145,Omaheke,2019,0.0,10.43113045043192,19.73973644392293,0.0,2.1010356543732005,0.1224594838037651,2.594141669451872,0.0265754699707031
172,Namibia,2145,Omaheke,2020,0.0,9.28786910207648,19.655721189476285,0.0,1.9494659022281045,0.1215336950201737,2.138259084601151,0.0336712509275896
172,Namibia,2145,Omaheke,2021,0.0,10.601232553049032,18.383292536350844,0.0,2.0645323927430983,0.1207319526059371,2.1645618465440872,0.0255259417437457
172,Namibia,2146,Omusati,2001,0.0,12.138316046049686,7.656124767244171,0.0,11.49148196200761,0.4671577310177932,0.9354351866746866,0.4102420806884765
172,Namibia,2146,Omusati,2002,0.0,11.279690297672335,8.201704430456607,0.0,13.742437541965083,0.4231604266188031,1.15756162747594,0.4684052560843673
172,Namibia,2146,Omusati,2003,0.0,11.311933471351836,8.983936685354598,0.0,13.598520905606536,0.4415282656704621,1.237795263715589,0.5637175616096047
172,Namibia,2146,Omusati,2004,0.0,11.184081594113698,9.128605817883743,0.0,12.966997957699194,0.5580157465238921,1.10522209584126,0.647957820518344
172,Namibia,2146,Omusati,2005,0.0,15.180072179946285,9.265018443369495,0.0,13.258074781781556,0.421838553760771,1.1198363274255818,0.7526641546511182
172,Namibia,2146,Omusati,2006,0.0,11.539781152081469,10.2042677049513,0.0,13.385183527305282,0.407511493406236,1.1125007431317144,0.8439764449285934
172,Namibia,2146,Omusati,2007,0.0,11.40502776689794,10.084309050324675,0.0,12.46084832419427,0.4023076862550358,1.1109306588168644,0.971339870143581
172,Namibia,2146,Omusati,2008,0.0,12.31762848310206,9.896997387378248,0.0,13.000709035082812,0.4002791552428379,1.1309223226275738,1.026604279839143
172,Namibia,2146,Omusati,2009,0.0,11.98300938619069,10.183933010349026,0.0,13.034913202215757,0.4061511525535754,1.1294096124524395,1.1104521130461071
172,Namibia,2146,Omusati,2010,0.0,11.634369579509848,10.759042715097404,0.0,13.642840406781556,0.4096647448697683,1.1801417939024732,1.2142753882255837
172,Namibia,2146,Omusati,2011,0.0,11.394742823970455,10.834911346435549,0.0,13.945087811940466,0.4145889760344393,1.1933619978178156,1.3086678641183036
172,Namibia,2146,Omusati,2012,0.0,14.071928155774396,10.543805440266928,0.0,12.52054453194942,0.4106693933772101,1.118660758623825,1.2993780427378387
172,Namibia,2146,Omusati,2013,0.0,12.803021136414504,11.917251586914062,0.0,11.00817270031334,0.3580691645800694,0.9195274687709826,1.2560268458474446
172,Namibia,2146,Omusati,2014,0.0,13.979459839413607,7.62498410542806,0.0,10.476112249608326,0.4876244527053491,0.854984840113026,1.631355774226447
172,Namibia,2146,Omusati,2015,0.0,13.433042958258728,9.718982696533203,0.0,12.161347009288273,0.4191308222184143,0.8295220876230975,1.536441596270782
172,Namibia,2146,Omusati,2016,0.0,15.368617809982094,9.454767227172852,0.0,12.771321760295434,0.3588574579387449,0.7326374924812556,1.555490127337977
172,Namibia,2146,Omusati,2017,0.0,14.298854353178156,10.370079040527344,0.0,11.875285012869291,0.3696461458129336,0.80381743483172,1.5123699921105296
172,Namibia,2146,Omusati,2018,0.0,13.698391688115487,9.369227727254232,0.0,11.58193682855864,0.380650724378567,0.7330323358465757,1.7791058018877002
172,Namibia,2146,Omusati,2019,0.0,13.735020213182633,10.199915568033854,0.0,11.282236179498655,0.3841929218015611,0.6672365466931512,1.9149691577028167
172,Namibia,2146,Omusati,2020,0.0,12.209423259847808,10.918638865152994,0.0,10.439620111067592,0.3801782073564794,0.5478418362172672,2.2902627578509853
172,Namibia,2146,Omusati,2021,0.0,13.868156194046554,9.668301383756427,0.0,11.067534061660698,0.3810092581097526,0.5524701261050806,1.8044839009751368
172,Namibia,2147,Oshana,2001,0.0,18.598566289168936,180.68547874273256,0.0,9.789820865974114,0.4906923049802026,0.582939044006514,0.6043917633766351
172,Namibia,2147,Oshana,2002,0.0,17.289948590769754,191.99893259447677,0.0,11.68838209936989,0.446372382972156,0.7230487376532697,0.6798814285633176
172,Namibia,2147,Oshana,2003,0.0,17.34004731139305,211.7872665229885,0.0,11.837055091961853,0.4704553255917915,0.7869878867666468,0.8200881782619432
172,Namibia,2147,Oshana,2004,0.0,17.10302867421662,213.18844288793105,0.0,11.058928362355244,0.5857209249803091,0.6788406995726541,0.9691476931517152
172,Namibia,2147,Oshana,2005,0.0,23.394760090258856,218.41695851293105,0.0,11.512615484502724,0.442853174027695,0.6773381869864399,1.115514908713856
172,Namibia,2147,Oshana,2006,0.0,17.675626915871934,232.1357309626437,0.0,11.493980969005449,0.4319211871487568,0.6991751772181539,1.202233062393364
172,Namibia,2147,Oshana,2007,0.0,17.493297109162125,230.95366379310343,0.0,11.039832174940395,0.4241138842839961,0.7078050826485865,1.4208145141601562
172,Namibia,2147,Oshana,2008,0.0,18.88143147564714,236.2297503591954,0.0,11.07898514667064,0.4180123643589279,0.710907980271841,1.51678414180361
172,Namibia,2147,Oshana,2009,0.0,18.419039775630107,232.24500363372093,0.0,11.205511857118529,0.4306072682061052,0.7148731034198315,1.6832113931345385
172,Namibia,2147,Oshana,2010,0.0,17.79371913317439,253.50916108630952,0.0,11.693374010132834,0.4364609887229649,0.732541533841749,1.8321809314546127
172,Namibia,2147,Oshana,2011,0.0,17.56376394329019,257.85763113839283,0.0,12.212536720878749,0.4439149279685371,0.7535965007397395,2.057159423828125
172,Namibia,2147,Oshana,2012,0.0,21.503999382663487,263.0904250372024,0.0,10.949329178729563,0.4321116517610056,0.6906638912024226,2.0181931995210194
172,Namibia,2147,Oshana,2013,0.0,19.27676632748637,266.050592996988,0.0,9.247380311222752,0.3846673783554368,0.599719346381663,1.9166109016142696
172,Namibia,2147,Oshana,2014,0.0,21.523104883344686,177.1695068359375,0.0,8.927083776822206,0.5168986723273586,0.5326449110982203,2.637880325317383
172,Namibia,2147,Oshana,2015,0.0,20.445096964407355,215.781689453125,0.0,10.339521111844348,0.4463730897825485,0.5342481233768307,2.485775947570801
172,Namibia,2147,Oshana,2016,0.0,23.33428239952316,231.52521756329116,0.0,10.961174323058582,0.3844661868560541,0.4632841936573995,2.5753336073477056
172,Namibia,2147,Oshana,2017,0.0,21.635949740292915,246.078495846519,0.0,10.064902822717984,0.390251014148182,0.4951368534597454,2.556320383578916
172,Namibia,2147,Oshana,2018,0.0,20.887301494380107,229.6006724683544,0.0,9.80785999765838,0.3997368669639816,0.4517085103962662,2.94222385068483
172,Namibia,2147,Oshana,2019,0.0,20.76362930006812,241.36310818829116,0.0,9.619582339918257,0.4037531714998084,0.408391053410252,3.153330935707575
172,Namibia,2147,Oshana,2020,0.0,18.671840407867847,242.0644778481013,0.0,8.874372019754768,0.4038892532889135,0.335794121433019,3.781788500049446
172,Namibia,2147,Oshana,2021,0.0,21.27120763794278,214.42606653792132,0.0,9.48925914296662,0.3988591747647735,0.3456222991527589,2.67996627293276
172,Namibia,2148,Oshikoto,2001,0.0,9.272816506410257,4.291905172002291,0.0,10.594305889423078,0.1817086803170787,0.2591368958190247,0.1707418251426059
172,Namibia,2148,Oshikoto,2002,0.0,8.616746148202495,4.480521065848214,0.0,12.461172505502567,0.1633869711301472,0.3186545200585794,0.1935928344726562
172,Namibia,2148,Oshikoto,2003,0.0,8.634313525999634,4.968403926934827,0.0,12.361733652787969,0.1733062587410583,0.3408144015384263,0.2309279587506762
172,Namibia,2148,Oshikoto,2004,0.0,8.546880731841526,5.024776574337121,0.0,11.848312545854732,0.2176993041902627,0.3017843670470699,0.2665379379734848
172,Namibia,2148,Oshikoto,2005,0.0,11.5588203239721,5.163974708017677,0.0,12.089427886380324,0.1645764814424444,0.3083822331589574,0.3073414503925978
172,Namibia,2148,Oshikoto,2006,0.0,8.681537828947368,5.328982433640813,0.0,11.997993364726028,0.1576166682391177,0.301058460502377,0.3426098191594503
172,Namibia,2148,Oshikoto,2007,0.0,8.55170148589582,5.43899840092754,0.0,11.149388011445566,0.1544874173407083,0.3015016144612923,0.3891318271834537
172,Namibia,2148,Oshikoto,2008,0.0,9.365145920836376,5.479302516496514,0.0,11.811394322954712,0.1553618582258092,0.3093959454466079,0.4133353366319877
172,Namibia,2148,Oshikoto,2009,0.0,9.194508653049006,5.282941202479084,0.0,11.862155720338984,0.1603007306047635,0.3130889420309046,0.4431753684216597
172,Namibia,2148,Oshikoto,2010,0.0,8.959810197793574,5.538269523560532,0.0,12.460706702363368,0.1618245743226089,0.3231792816207187,0.4852787828820897
172,Namibia,2148,Oshikoto,2011,0.0,8.716038127769572,5.62715944776348,0.0,12.82772687407681,0.1643385105330271,0.3309654337264586,0.5187231325635723
172,Namibia,2148,Oshikoto,2012,0.0,10.830989775664698,5.597997377996576,0.0,11.510737860044314,0.1628230558364395,0.3109005994247369,0.5169603679977984
172,Namibia,2148,Oshikoto,2013,0.0,9.81061755677622,5.929587168236301,0.0,10.023739700655463,0.140210319304924,0.2536739422616437,0.5070748823729513
172,Namibia,2148,Oshikoto,2014,0.0,10.684278930483751,3.728722187117034,0.0,9.626593224935377,0.1923098543017794,0.2370438681395402,0.6569239597694546
172,Namibia,2148,Oshikoto,2015,0.0,10.351716845919498,4.37125794653799,0.0,11.118187863506275,0.1645712915868491,0.2289448545109398,0.6143296185661765
172,Namibia,2148,Oshikoto,2016,0.0,11.7493179108584,4.847847564875731,0.0,11.599878771551724,0.140667596986341,0.2004392292249404,0.6221217700147722
172,Namibia,2148,Oshikoto,2017,0.0,11.029744766663589,4.962244174823687,0.0,10.908412285358198,0.1458990978877689,0.2245312779481513,0.5990351814240333
172,Namibia,2148,Oshikoto,2018,0.0,10.56720394433161,4.512558367081722,0.0,10.607926744830133,0.1491983433417766,0.202459518455156,0.709225977412506
172,Namibia,2148,Oshikoto,2019,0.0,10.570469009647342,5.0334448720894605,0.0,10.30981841995938,0.1511631885342619,0.1839889120668217,0.7572230320350797
172,Namibia,2148,Oshikoto,2020,0.0,9.382541312776958,4.856498124703511,0.0,9.605061969165437,0.1507482937202848,0.1530660181313181,0.8780660032094996
172,Namibia,2148,Oshikoto,2021,0.0,10.679524499169128,4.748700228604403,0.0,10.156331500415437,0.1495935730250934,0.1526954233910519,0.7006835359515566
172,Namibia,2149,Otjozondjupa,2001,0.0,1.7894208580704216,29.128393081478823,0.0,0.2956394933851458,0.0131786063439938,0.3655064851983814,0.0418281336097689
172,Namibia,2149,Otjozondjupa,2002,0.0,1.6618167539715147,30.74911604256465,0.0,0.3655172330782662,0.0118550572516786,0.4503733860372158,0.048013380204124
172,Namibia,2149,Otjozondjupa,2003,0.0,1.669695392765411,34.911921358656606,0.0,0.3569932242615582,0.0125379348127809,0.4823484990368151,0.0576278149396523
172,Namibia,2149,Otjozondjupa,2004,0.0,1.6568666064049586,34.63103208123652,0.0,0.3360275226519456,0.0158343070794728,0.4297135954717631,0.0670295457545156
172,Namibia,2149,Otjozondjupa,2005,0.0,2.232496040889948,36.0738365557554,0.0,0.3529686178498688,0.0119717178407936,0.4293147152677092,0.0768260489264838
172,Namibia,2149,Otjozondjupa,2006,0.0,1.691380815925122,37.181322608969744,0.0,0.3494678317239216,0.0115810876557572,0.4290866199810092,0.0871137679482056
172,Namibia,2149,Otjozondjupa,2007,0.0,1.669446450232424,37.814241747835496,0.0,0.3403961148505361,0.0112451901264998,0.4292877893106168,0.1001268637300741
172,Namibia,2149,Otjozondjupa,2008,0.0,1.819244233937397,37.89738267148015,0.0,0.3432060798925727,0.0113522761605193,0.4456723426345415,0.1061911462446412
172,Namibia,2149,Otjozondjupa,2009,0.0,1.7782652644894998,37.88298736462094,0.0,0.3481955990734664,0.0120305727779222,0.4364402920674737,0.1161023962798962
172,Namibia,2149,Otjozondjupa,2010,0.0,1.7290673193993509,39.41822841401734,0.0,0.364350368713733,0.011848407544033,0.4578189559982902,0.1265619972537707
172,Namibia,2149,Otjozondjupa,2011,0.0,1.6581454057039997,40.42277925053918,0.0,0.3612905674673253,0.0117199382526836,0.4667881771153255,0.1352634059705809
172,Namibia,2149,Otjozondjupa,2012,0.0,2.070122101022013,41.12316358441325,0.0,0.3271882931065422,0.0117147923950161,0.425136416995659,0.1334675293847586
172,Namibia,2149,Otjozondjupa,2013,0.0,1.875356327783096,41.09724624820273,0.0,0.2875832989648865,0.0100590102782134,0.3566214062713689,0.129237654224563
172,Namibia,2149,Otjozondjupa,2014,0.0,2.0540538680296434,26.574320431127983,0.0,0.2741167143341452,0.0139516120855817,0.3316740138284273,0.1683561555389382
172,Namibia,2149,Otjozondjupa,2015,0.0,1.9934325564727824,31.583357794436417,0.0,0.3185595986460348,0.0118988176247269,0.3219150986978447,0.1590473968858664
172,Namibia,2149,Otjozondjupa,2016,0.0,2.2786992931444936,34.49014540401301,0.0,0.3384013795865822,0.0102525711586025,0.2869634499314277,0.1623772478413944
172,Namibia,2149,Otjozondjupa,2017,0.0,2.124119636596781,35.93105821299639,0.0,0.3090802435388747,0.0104890619400753,0.3070567231970157,0.1609339634864338
172,Namibia,2149,Otjozondjupa,2018,0.0,2.0383218501812843,32.91348962077642,0.0,0.3033550789343059,0.0107543154974668,0.2880568024861878,0.1830877198494226
172,Namibia,2149,Otjozondjupa,2019,0.0,2.0340355514096187,35.446803670920204,0.0,0.3036783449290008,0.0109786512839853,0.2627697929352802,0.1987141020258582
172,Namibia,2149,Otjozondjupa,2020,0.0,1.8057452631601627,34.7697983440171,0.0,0.2721889556867933,0.0108510662821597,0.2089341800645511,0.2328979187881165
172,Namibia,2149,Otjozondjupa,2021,0.0,2.065745975935598,33.00726855802048,0.0,0.2913527201075678,0.0107519828488171,0.2140704916535521,0.1796625026663822
181,Niger,2202,Agadez,2001,0.0,0.2230690273792907,45.47111379863411,0.0,3.305491673858465,0.0170535602715761,2.249565580623333,1.3535346226976408
181,Niger,2202,Agadez,2002,0.0,0.2385540406040667,45.439358881031616,0.0,3.5159490526336983,0.0199607178405091,2.37099102846126,1.316729705861325
181,Niger,2202,Agadez,2003,0.0,0.2549193629161497,46.63090162229617,0.0,3.624823552378664,0.0171663513895908,2.469004347369053,1.3131463023866472
181,Niger,2202,Agadez,2004,0.0,0.2670976320377066,46.76329300794314,0.0,3.814932181495237,0.018248679513427,2.5724826038470856,1.321433383086852
181,Niger,2202,Agadez,2005,0.0,0.2796225304796079,53.3524225315126,0.0,3.886321252377556,0.016928636952417,2.616405816591377,1.328880297236082
181,Niger,2202,Agadez,2006,0.0,0.298700601513381,42.896454930904525,0.0,3.993144980068782,0.0176860827116232,2.680632156675004,1.325017421089824
181,Niger,2202,Agadez,2007,0.0,0.3114714531844106,42.8194805532446,0.0,4.282487440155294,0.0172255614045644,2.855152553709366,1.3263002417845258
181,Niger,2202,Agadez,2008,0.0,0.3482350897785058,43.30531575520833,0.0,4.436165087522081,0.0254270502144503,2.972942929982335,1.336107177734375
181,Niger,2202,Agadez,2009,0.0,0.3585307829553911,65.26591796875,0.0,4.5423765560577225,0.0172062269264767,2.986344850142721,1.3333419799804689
181,Niger,2202,Agadez,2010,0.0,0.3560434455631823,66.96130453020135,0.0,4.385154458708887,0.0157914396608558,2.7204251660341554,1.340845095231229
181,Niger,2202,Agadez,2011,0.0,0.3632029247457417,66.37474087893864,0.0,4.541186538918833,0.0181610953438651,2.8372404090044387,1.3582150283737562
181,Niger,2202,Agadez,2012,0.0,0.3924368505738213,67.79275426372712,0.0,4.70185243082695,0.0193363296366563,2.923625698569642,1.3945101263519135
181,Niger,2202,Agadez,2013,0.0,0.4196991799782878,70.5508984375,0.0,4.921917231395991,0.0200107424617924,3.02516220555161,1.4223126220703124
181,Niger,2202,Agadez,2014,0.0,0.4631251970243509,70.99997395833333,0.0,5.205636338517604,0.0195399595053493,3.1837552398637885,1.427700703938802
181,Niger,2202,Agadez,2015,0.0,0.4770298272257938,71.55940104166666,0.0,5.370337898562051,0.0227577061080676,3.3150981630001564,1.426881103515625
181,Niger,2202,Agadez,2016,0.0,0.5175140048160307,72.06842716942148,0.0,5.503444679978118,0.0194923041513999,3.3406685927242887,1.3975343814566117
181,Niger,2202,Agadez,2017,0.0,0.5324805979890406,74.18718540268456,0.0,5.725313330337605,0.0194828745524088,3.466939741911535,1.4402079742226823
181,Niger,2202,Agadez,2018,0.0,0.5614328626992484,79.2804542824074,0.0,5.9797900390625,0.0183033587137858,3.570643920898437,1.4933473734743266
181,Niger,2202,Agadez,2019,0.0,0.6091387166817956,79.61052777192243,0.0,6.200975738911448,0.0197988085912322,3.677185010932376,1.4717154028443824
181,Niger,2202,Agadez,2020,0.0,0.6397450396161215,75.71753390330188,0.0,6.60835375,0.0190713484765365,4.0216103125,1.3650810193715606
181,Niger,2202,Agadez,2021,0.0,0.6836228879407775,79.79517440671032,0.0,6.969835069444445,0.0205456159327953,4.181432177448831,1.417657680480258
181,Niger,2203,Diffa,2001,0.0,9.64253075443097,34.507563297448165,0.0,14.456604914878731,0.7101360719595382,11.20136044630364,0.2796116879111842
181,Niger,2203,Diffa,2002,0.0,10.247702527402051,35.194034260549365,0.0,15.227300387709889,0.7189365785513351,11.555627623600746,0.2855191321889306
181,Niger,2203,Diffa,2003,0.0,10.798972969624534,35.4233118531051,0.0,15.65744337395056,0.7293879950224463,11.717038282707556,0.284312788847905
181,Niger,2203,Diffa,2004,0.0,11.441366167210822,36.15471428927432,0.0,16.141233529617537,0.7297090558863398,12.207541394589551,0.2881551982873555
181,Niger,2203,Diffa,2005,0.0,12.149133482975746,36.41839862440192,0.0,16.956499242070894,0.7505112833051539,12.933194744053171,0.2871933348441238
181,Niger,2203,Diffa,2006,0.0,12.836756464260729,33.0148711622807,0.0,17.65236561333955,0.7484663778276586,13.19375382608442,0.2861295514509818
181,Niger,2203,Diffa,2007,0.0,13.600948504547574,33.60404206539075,0.0,18.238975411030783,0.754036405193272,13.68595499067164,0.2904537511214115
181,Niger,2203,Diffa,2008,0.0,14.397878162896456,33.824710925039874,0.0,19.12338575676306,0.7572829972452192,14.14674218021222,0.2919513027063397
181,Niger,2203,Diffa,2009,0.0,15.338561100746269,50.95033081638756,0.0,19.852333182719217,0.7813384782022504,14.686940662896456,0.2907371460155627
181,Niger,2203,Diffa,2010,0.0,14.893091913479475,51.080081240031895,0.0,19.03985322411381,0.7575383542188957,13.409834676714086,0.2914547958252342
181,Niger,2203,Diffa,2011,0.0,15.909431115904852,51.29705567185008,0.0,20.17567922108209,0.7701705249387827,14.142016054979011,0.2969437010550613
181,Niger,2203,Diffa,2012,0.0,16.584498163479477,52.175176933811805,0.0,20.66116925139925,0.7624272588473647,14.56564012214319,0.3028308679802756
181,Niger,2203,Diffa,2013,0.0,17.602345936333954,52.4118072169059,0.0,21.37899188141325,0.7743651546649079,14.900204786613806,0.3060745652972986
181,Niger,2203,Diffa,2014,0.0,18.660967015508398,53.20962918660287,0.0,22.30930613048041,0.7829872814577017,15.432079713736009,0.3112989118414823
181,Niger,2203,Diffa,2015,0.0,20.00605978894589,53.95885665869218,0.0,23.14494483150653,0.7890006677428288,15.950373863106345,0.310862028617798
181,Niger,2203,Diffa,2016,0.0,20.935678055037314,54.75155751594896,0.0,24.03884022271455,0.7991698535520639,16.5107421875,0.3107784581526615
181,Niger,2203,Diffa,2017,0.0,22.16796692805504,56.84545703748007,0.0,24.91131682894123,0.8031876976810285,17.15084428929571,0.3108094137821471
181,Niger,2203,Diffa,2018,0.0,23.55120758512127,59.52441562001595,0.0,25.819321361940297,0.8131823183885262,17.77090864039179,0.317566818407658
181,Niger,2203,Diffa,2019,0.0,24.93555962861474,61.23196875,0.0,27.09199728894589,0.8309647859032474,18.296588954640857,0.3182367431640625
181,Niger,2203,Diffa,2020,0.0,26.431760873367537,62.3251625,0.0,28.47977276702425,0.8340673304315823,19.120237435867537,0.3189718994140625
181,Niger,2203,Diffa,2021,0.0,27.92101686392257,60.79501574612403,0.0,29.35615744519589,0.8589381886951959,19.722064117887125,0.3082964756692102
181,Niger,2204,Dosso,2001,0.0,17.53312106092437,58.87998249232541,0.0,21.495717747326204,0.2866428453927735,18.282060196237587,0.0485590936949137
181,Niger,2204,Dosso,2002,0.0,18.6018773276356,60.57784319838834,0.0,22.508749522536288,0.2876669211274709,20.25753199006876,0.050699610208788
181,Niger,2204,Dosso,2003,0.0,19.738448362299465,60.51152988296239,0.0,23.42927121132544,0.2926127970719537,19.76540417303285,0.0509731383481029
181,Niger,2204,Dosso,2004,0.0,20.86073577158136,62.56059334228703,0.0,24.23847671170741,0.2943088190531894,20.841750620702825,0.0508852392915387
181,Niger,2204,Dosso,2005,0.0,22.08680290297937,62.18157617037605,0.0,25.336898395721924,0.2978307200898825,21.34126122039725,0.0511903565202597
181,Niger,2204,Dosso,2006,0.0,23.392352821810544,56.40341999232541,0.0,26.261262175324678,0.2982899991495177,21.95264753628724,0.0502758714115262
181,Niger,2204,Dosso,2007,0.0,24.814520268334608,57.64586531082118,0.0,27.26605770148969,0.3042894892331932,22.68597211611917,0.0531365606113296
181,Niger,2204,Dosso,2008,0.0,26.246744294308638,58.15321613584037,0.0,28.337310208174177,0.3021025748722785,23.28984733097785,0.0525492026269756
181,Niger,2204,Dosso,2009,0.0,27.65148133116883,85.96772472179586,0.0,29.459528982047363,0.3079614835991214,24.302749295741023,0.0515825999121618
181,Niger,2204,Dosso,2010,0.0,27.03164092341482,87.0280002877974,0.0,28.70341147822765,0.3021848254571715,22.381421886936597,0.053853430934622
181,Niger,2204,Dosso,2011,0.0,28.68196142093201,88.69652964313124,0.0,30.02647237872422,0.3065755099536263,22.81837280366692,0.0530783593974841
181,Niger,2204,Dosso,2012,0.0,30.554932200152788,89.594805257099,0.0,31.271936473453017,0.3090163333621801,23.97857232381589,0.0544105816692548
181,Niger,2204,Dosso,2013,0.0,32.12943444423224,89.16655674405219,0.0,32.07514980423988,0.3090789771608217,24.32016926088617,0.0548511367528509
181,Niger,2204,Dosso,2014,0.0,34.08212375859435,92.95078664620108,0.0,33.447311879297175,0.3127357943354898,26.287075057295645,0.0575869392635084
181,Niger,2204,Dosso,2015,0.0,36.17888177998472,94.33115886415963,0.0,34.70239686783805,0.3175699745452158,26.39504750763942,0.0568197606072824
181,Niger,2204,Dosso,2016,0.0,38.34360079258976,93.520691433231,0.0,36.036973596256686,0.3185679856104373,26.767934730710465,0.060627736042576
181,Niger,2204,Dosso,2017,0.0,40.62382722975554,99.52183063123562,0.0,37.73698911382735,0.3230227593523205,28.381439791825823,0.056412369676123
181,Niger,2204,Dosso,2018,0.0,43.0491399684874,102.3245994819647,0.0,39.14760790679908,0.3297677969003653,29.04382520053476,0.0568757661012896
181,Niger,2204,Dosso,2019,0.0,45.83251766615737,103.22193975441289,0.0,40.71449758880825,0.3295061710319781,30.19174047459893,0.0588672605735562
181,Niger,2204,Dosso,2020,0.0,48.45493339381207,104.68374330015314,0.0,42.279754941749424,0.3330403816800157,31.303595301757067,0.0615192839781686
181,Niger,2204,Dosso,2021,0.0,51.328125,105.5955326378254,0.0,44.03372982715813,0.33405408283697,32.25744843391902,0.0596874640144944
181,Niger,2205,Maradi,2001,0.0,21.49231181150551,74.22882109004739,0.0,43.578650933292536,0.4039298796449472,34.66418681150551,0.101315698126481
181,Niger,2205,Maradi,2002,0.0,22.791682604039167,75.28486374407584,0.0,45.0023093252754,0.4037255201958384,35.85204540238678,0.1039441944863558
181,Niger,2205,Maradi,2003,0.0,24.18446632114443,76.51958313567363,0.0,46.74630890452876,0.4098893612659692,36.60915506425948,0.1040533453056436
181,Niger,2205,Maradi,2004,0.0,25.646754513463893,77.9874584914611,0.0,48.65610656364749,0.4139106965269278,37.94968491814566,0.1050285903959618
181,Niger,2205,Maradi,2005,0.0,27.11852145807833,78.39164788899431,0.0,50.79662637698898,0.4190411982075237,39.07851227815178,0.1069168510654167
181,Niger,2205,Maradi,2006,0.0,28.849186237760097,71.1308260199241,0.0,52.78842659883721,0.4220563125143436,41.29091761015912,0.1053739037414203
181,Niger,2205,Maradi,2007,0.0,30.45954138616891,71.91291360294117,0.0,54.442290774173806,0.4309539234623623,42.31464198286414,0.1080687159152818
181,Niger,2205,Maradi,2008,0.0,32.29339666845165,72.76939782969639,0.0,56.46753079100368,0.4330190770766314,43.43530064259486,0.1051599477228675
181,Niger,2205,Maradi,2009,0.0,34.2398016753366,109.01712227229602,0.0,59.03665276927784,0.4411278938284119,45.36933426407589,0.109736831636085
181,Niger,2205,Maradi,2010,0.0,33.382119224296204,110.57662772770398,0.0,57.54716665391677,0.4299515125363372,42.7843960373317,0.1085621003181703
181,Niger,2205,Maradi,2011,0.0,35.210425910342714,112.34968898104266,0.0,59.52376740361077,0.4310266128222537,42.8390357252142,0.1105248907731042
181,Niger,2205,Maradi,2012,0.0,37.321414569308445,113.00550207345972,0.0,61.85437385250918,0.4329987506096045,44.50237148102815,0.1126657350368409
181,Niger,2205,Maradi,2013,0.0,39.28798433675031,112.95449496445498,0.0,63.503868000306,0.4288599394818123,45.25751128365973,0.1146842631118557
181,Niger,2205,Maradi,2014,0.0,41.72366508567932,114.8883632923368,0.0,66.60722345471237,0.4401418809645616,48.24313417992656,0.1141521847236799
181,Niger,2205,Maradi,2015,0.0,44.34787140452876,116.4859995274102,0.0,69.24739902080783,0.4458536734049877,49.504886398408814,0.1128012183032549
181,Niger,2205,Maradi,2016,0.0,47.00420746634027,117.99508211247635,0.0,72.25840537025704,0.4529738315316133,51.38430423806609,0.1130882147805226
181,Niger,2205,Maradi,2017,0.0,49.81583250458996,122.74720138232514,0.0,75.15095241738067,0.4527764197808293,52.374980875153,0.1149625507780194
181,Niger,2205,Maradi,2018,0.0,53.12167227662179,128.8013329383886,0.0,78.21223798959608,0.4683643653897644,54.393718444002445,0.1095456308663173
181,Niger,2205,Maradi,2019,0.0,56.11645597460221,130.2825224905303,0.0,81.58693199204406,0.4669898972783185,56.87152884026928,0.1190615928534305
181,Niger,2205,Maradi,2020,0.0,59.48887890146879,132.40430601029,0.0,84.59798615361078,0.4687710672142748,58.23955783353733,0.1179528089189663
181,Niger,2205,Maradi,2021,0.0,62.77646400703794,121.81088408119658,0.0,87.67260174418605,0.4669336237059049,59.82584914320685,0.1131066070582881
181,Niger,2206,Niamey,2001,0.0,38.28557586669922,190.96781412760416,0.0,16.778597513834637,0.3640671173731486,26.29624938964844,0.5747930208841959
181,Niger,2206,Niamey,2002,0.0,43.03320821126302,173.0168660481771,0.0,18.253829956054688,0.3885331153869629,28.5089848836263,0.5730946858723959
181,Niger,2206,Niamey,2003,0.0,41.45945231119792,174.3458251953125,0.0,20.531931559244796,0.3305252393086751,30.161911010742188,0.531794548034668
181,Niger,2206,Niamey,2004,0.0,48.57825724283854,164.28178914388022,0.0,22.96075439453125,0.3788069486618042,36.021026611328125,0.5430621306101481
181,Niger,2206,Niamey,2005,0.0,47.01057434082031,174.89286295572916,0.0,20.39952850341797,0.3528141975402832,29.98394266764323,0.4809270699818929
181,Niger,2206,Niamey,2006,0.0,52.57963053385416,168.9985555013021,0.0,21.092615763346355,0.3645488421122233,32.14008076985677,0.5464472770690918
181,Niger,2206,Niamey,2007,0.0,58.33222961425781,150.89592488606772,0.0,26.62126922607422,0.3865365584691365,33.29999796549479,0.5143286387125651
181,Niger,2206,Niamey,2008,0.0,57.65568542480469,166.04052734375,0.0,25.56178792317708,0.4005160331726074,35.79331970214844,0.5148833592732748
181,Niger,2206,Niamey,2009,0.0,60.60989888509115,233.40901692708331,0.0,24.996866861979168,0.3635342915852864,35.6589101155599,0.5878933270772299
181,Niger,2206,Niamey,2010,0.0,60.12074279785156,248.96150716145837,0.0,22.67419687906901,0.3286757667859395,32.232688903808594,0.6167777379353842
181,Niger,2206,Niamey,2011,0.0,56.01195780436198,270.5094401041667,0.0,23.266688028971355,0.3522523244222005,35.97489674886068,0.5946052074432373
181,Niger,2206,Niamey,2012,0.0,65.97803243001302,309.9862060546875,0.0,27.93767801920573,0.3957246541976928,42.062764485677086,0.4736068646113078
181,Niger,2206,Niamey,2013,0.0,71.18534342447917,275.9037679036458,0.0,39.83784484863281,0.4288303057352702,38.0410385131836,0.5105934937795004
181,Niger,2206,Niamey,2014,0.0,76.16969807942708,326.95458984375,0.0,29.81360117594401,0.3998918533325195,34.58793385823568,0.5635535717010498
181,Niger,2206,Niamey,2015,0.0,76.34352620442708,296.48024495442706,0.0,29.607767740885414,0.3831212520599365,40.834251403808594,0.6223800182342529
181,Niger,2206,Niamey,2016,0.0,85.65261840820312,296.096923828125,0.0,28.011212666829422,0.3763388395309448,42.1171137491862,0.6121980349222819
181,Niger,2206,Niamey,2017,0.0,83.51407368977864,300.84279378255206,0.0,31.798131306966145,0.3999449412027995,43.2875722249349,0.5986003081003824
181,Niger,2206,Niamey,2018,0.0,83.29894510904948,333.90887451171875,0.0,31.759165445963543,0.3953278064727783,47.26331075032552,0.6558342774709066
181,Niger,2206,Niamey,2019,0.0,93.29042561848958,332.41623942057294,0.0,38.72554524739584,0.4455286264419555,47.68030293782552,0.5721100171407064
181,Niger,2206,Niamey,2020,0.0,95.60345458984376,333.18813069661456,0.0,44.212249755859375,0.4150447050730387,50.03443400065104,0.602524201075236
181,Niger,2206,Niamey,2021,0.0,111.0145263671875,347.2679036458333,0.0,42.19475809733073,0.4380781253178914,56.63672892252604,0.581383466720581
181,Niger,2207,Tahoua,2001,0.0,10.53516259425754,40.60695127952756,0.0,15.265871519721578,0.2257542019377175,15.326332294083526,0.0751904745427329
181,Niger,2207,Tahoua,2002,0.0,11.156740320475638,41.1694947889355,0.0,15.868929451856149,0.2289717459623332,16.007768996519722,0.0763460268321684
181,Niger,2207,Tahoua,2003,0.0,11.829002320185614,41.633889944939696,0.0,16.480575696055684,0.2306817074662848,16.335803364269143,0.0766740707933558
181,Niger,2207,Tahoua,2004,0.0,12.50289388776102,42.08457204997384,0.0,17.213446200696055,0.2327023818155452,16.779783570185614,0.0761826543643298
181,Niger,2207,Tahoua,2005,0.0,13.263920207366588,42.68764717425432,0.0,17.89063950116009,0.235474935651102,17.5853284512761,0.076892838809953
181,Niger,2207,Tahoua,2006,0.0,14.051707511600927,38.46396842277487,0.0,18.664211136890952,0.2375291156104988,18.06348970417633,0.0761989333866778
181,Niger,2207,Tahoua,2007,0.0,14.871416400812064,39.0125449934555,0.0,19.34801696635731,0.2402290220327001,18.68465777262181,0.0786694192137393
181,Niger,2207,Tahoua,2008,0.0,15.77919083526682,39.22574034685864,0.0,20.185774361948955,0.2438140090269721,19.315119272041763,0.0781635623951857
181,Niger,2207,Tahoua,2009,0.0,16.763116299303945,59.115909984276726,0.0,20.87676732888631,0.2452725934871664,19.98202218677494,0.0787977302599253
181,Niger,2207,Tahoua,2010,0.0,16.340032265081206,60.14732788663861,0.0,20.21697360788863,0.2407601270210992,18.450697868329467,0.0800890172550014
181,Niger,2207,Tahoua,2011,0.0,17.316988109048722,60.782917652471085,0.0,21.14895954176334,0.2422409730278422,19.11160455336427,0.0805247133337235
181,Niger,2207,Tahoua,2012,0.0,18.32741988109049,61.78315899238045,0.0,21.864044373549884,0.2445446749021171,19.818775377030164,0.0817408519109424
181,Niger,2207,Tahoua,2013,0.0,19.461713312064965,62.14128151260504,0.0,22.794130655452435,0.2479106717209251,20.52605133410673,0.0835798247521664
181,Niger,2207,Tahoua,2014,0.0,20.533633628190252,63.10634591421826,0.0,23.626431989559165,0.2491298171041183,21.14358323665893,0.084352787494159
181,Niger,2207,Tahoua,2015,0.0,21.778438587587008,63.87400806663169,0.0,24.663533207656613,0.2514730289751305,21.883046331206497,0.0837900936290825
181,Niger,2207,Tahoua,2016,0.0,23.02263087296984,64.68223985602094,0.0,25.51279364849188,0.2540343246991009,22.6308276537123,0.0838856562269919
181,Niger,2207,Tahoua,2017,0.0,24.423490066705337,66.60332041470434,0.0,26.563201493619488,0.2577774366480568,23.496117314385152,0.0825731086830766
181,Niger,2207,Tahoua,2018,0.0,25.94913718097448,69.87834119496856,0.0,27.576254350348027,0.2595538854045823,24.353154002320185,0.0862239781665602
181,Niger,2207,Tahoua,2019,0.0,27.45152987238979,71.01304269412383,0.0,28.736135078306265,0.2618482708792643,25.35956714037123,0.0847065336181384
181,Niger,2207,Tahoua,2020,0.0,29.11472049013921,70.42015036876907,0.0,29.738776102088167,0.2638452375018126,26.025480350928078,0.082912479994377
181,Niger,2207,Tahoua,2021,0.0,30.7949680974478,72.5694263787721,0.0,30.827225928074245,0.2673248057300127,26.85178908062645,0.086800153496114
181,Niger,2208,Tillaberi,2001,0.0,13.378931097601376,16.125403043713874,0.0,13.342990077524515,0.1678217673788265,11.893481438841771,0.0510385458179981
181,Niger,2208,Tillaberi,2002,0.0,14.143447273389876,16.28481642882948,0.0,13.853481977206467,0.1702715208699145,12.316114290683808,0.051491365818619
181,Niger,2208,Tillaberi,2003,0.0,15.021461080373708,16.613649295520233,0.0,14.452443761595548,0.1710350669539325,12.71617206135701,0.0520697136145795
181,Niger,2208,Tillaberi,2004,0.0,15.943464459647496,16.72295994400289,0.0,14.990006087662335,0.1739392436027779,13.206800374370529,0.0520046432583318
181,Niger,2208,Tillaberi,2005,0.0,16.880375364431487,17.048421929159446,0.0,15.604017235952822,0.1749836517018536,13.662550937582823,0.0524284146825128
181,Niger,2208,Tillaberi,2006,0.0,17.86467996289425,15.28636320567427,0.0,16.241816856612775,0.1770921550945865,14.145884408958388,0.0527681620039073
181,Niger,2208,Tillaberi,2007,0.0,18.908832079909885,15.508972079844066,0.0,16.854442751126424,0.1786560657136231,14.55707079909886,0.0534736970377698
181,Niger,2208,Tillaberi,2008,0.0,20.05890538033395,15.623028273809524,0.0,17.566438344818447,0.1816395896832759,15.100823283859,0.0532460882894232
181,Niger,2208,Tillaberi,2009,0.0,21.29371728399152,23.613179876730104,0.0,18.29916304996024,0.1812875172897892,15.658449012721972,0.0534483657713717
181,Niger,2208,Tillaberi,2010,0.0,20.691637125629477,23.885614907727795,0.0,17.684770905115293,0.1776300183095762,14.426121869202229,0.0532413337469925
181,Niger,2208,Tillaberi,2011,0.0,21.9386429896634,24.079118458044984,0.0,18.370457030214684,0.1781244629294494,14.844042994632918,0.0543817478342727
181,Niger,2208,Tillaberi,2012,0.0,23.269770408163264,24.389773464532876,0.0,19.103014014047176,0.1811218504371107,15.43610853432282,0.05643370737254
181,Niger,2208,Tillaberi,2013,0.0,24.64127517890273,24.78715668252595,0.0,19.81705125231911,0.1846528790087463,15.995697223694672,0.0575895914431949
181,Niger,2208,Tillaberi,2014,0.0,26.106987559634245,24.902282926038065,0.0,20.6134230883912,0.1853678784444987,16.539531498476013,0.057334371916563
181,Niger,2208,Tillaberi,2015,0.0,27.716650377683543,25.300060373414077,0.0,21.47626639941691,0.1877139870254108,17.16448490922343,0.0566132489372702
181,Niger,2208,Tillaberi,2016,0.0,29.40032384707129,25.68284402017291,0.0,22.373229608401804,0.18929470536439,17.788623525708985,0.0564906491326323
181,Niger,2208,Tillaberi,2017,0.0,31.147735555261065,26.397899560645342,0.0,23.22212720315399,0.1906245373428389,18.34996604161145,0.0568155625545817
181,Niger,2208,Tillaberi,2018,0.0,33.11710674529552,27.60497990556517,0.0,24.173318231513385,0.1920568171465014,19.02358244434137,0.05640414237701
181,Niger,2208,Tillaberi,2019,0.0,34.87451961304002,28.185933894577445,0.0,25.07838175854757,0.1950610312738122,19.75004555393586,0.0575425967999621
181,Niger,2208,Tillaberi,2020,0.0,36.98599837662338,28.90802607913669,0.0,26.07433367015637,0.1963230014763616,20.344955108666845,0.0566181473766299
181,Niger,2208,Tillaberi,2021,0.0,39.18858087065996,28.943068460097955,0.0,27.14511620394911,0.199474359993084,21.01819879737609,0.0567780552113719
181,Niger,2209,Zinder,2001,0.0,13.86291881443299,106.65172852298416,0.0,28.44192305627148,1.0532326190332366,22.56280538552405,0.1578512299572873
181,Niger,2209,Zinder,2002,0.0,14.6557449393256,108.26151563677467,0.0,29.61651632302405,1.0593791319332582,23.44859119952749,0.1608260498966771
181,Niger,2209,Zinder,2003,0.0,15.52503154531787,109.25117746797288,0.0,30.8159431378866,1.0666938073856314,24.30067889551117,0.1606028139276799
181,Niger,2209,Zinder,2004,0.0,16.447785787156356,110.81553557981928,0.0,31.968790270618555,1.084155315386061,25.1245201084622,0.1598961267126611
181,Niger,2209,Zinder,2005,0.0,17.456011060996563,115.56514730798192,0.0,33.424606690292094,1.089759223649592,25.849072433419245,0.1601552848356316
181,Niger,2209,Zinder,2006,0.0,18.51402088702749,104.23722232680724,0.0,34.93480522444158,1.1044182531612436,26.715729703608247,0.1595777718417615
181,Niger,2209,Zinder,2007,0.0,19.640581373496563,103.23249246987952,0.0,36.149967783505154,1.1165858527639068,27.698310983140036,0.163456893828978
181,Niger,2209,Zinder,2008,0.0,20.782917874785223,103.71263177710844,0.0,37.623939540378,1.114487271128651,28.78990818298969,0.1653916577258742
181,Niger,2209,Zinder,2009,0.0,21.975656411082475,155.30464043674698,0.0,39.30564057130584,1.133977516410277,29.7575641645189,0.1642077342573418
181,Niger,2209,Zinder,2010,0.0,21.36613039626289,158.6523672816265,0.0,37.79141161941581,1.1053017947272337,26.885396531357387,0.1660348823271602
181,Niger,2209,Zinder,2011,0.0,22.82516846542096,159.15841328066216,0.0,39.6215904209622,1.1172009235395188,28.391500885953608,0.1679452705239783
181,Niger,2209,Zinder,2012,0.0,24.072067627792094,162.44636474793077,0.0,40.66493167418385,1.1313935899242913,29.261017370060134,0.171727130967392
181,Niger,2209,Zinder,2013,0.0,25.474169754080755,161.52211484198645,0.0,42.53093119093643,1.138278816983462,30.457960830111684,0.1736631257090916
181,Niger,2209,Zinder,2014,0.0,26.988237623496563,165.1592105263158,0.0,44.00794002362543,1.1528197612959086,31.37929217676117,0.1723282663445723
181,Niger,2209,Zinder,2015,0.0,28.58086340206185,166.50528665413535,0.0,45.714501449742265,1.166967437849012,32.32247033397766,0.1749870013473625
181,Niger,2209,Zinder,2016,0.0,30.29183781679553,169.12683270676692,0.0,47.47956266108248,1.175800860952266,33.47389457152062,0.1738757484837582
181,Niger,2209,Zinder,2017,0.0,32.24819117804983,174.54767387218044,0.0,49.47526712843643,1.1932286003610932,34.96316580756014,0.173353542241835
181,Niger,2209,Zinder,2018,0.0,34.09815627684708,181.77845184349133,0.0,51.53367966065292,1.2006447913310785,35.887430197594504,0.1753757956155356
181,Niger,2209,Zinder,2019,0.0,36.114922277706185,185.88217714608436,0.0,53.5436801975945,1.2120287918143255,37.20595736683849,0.1804409027099609
181,Niger,2209,Zinder,2020,0.0,38.31074151632303,187.3028434475056,0.0,55.65370288337629,1.223742717729811,38.521380342568726,0.1819344163384796
181,Niger,2209,Zinder,2021,0.0,40.607223877792094,179.71104847301137,0.0,57.91104220360825,1.2371629013638317,39.93570795747423,0.1702130491083318
214,Sao Tome and Principe,2620,Principe,2001,0.0,0.0,0.0,0.0,0.0,0.0,0.0,0.0
214,Sao Tome and Principe,2620,Principe,2002,0.0,0.0,0.0,0.0,0.0,0.0,0.0,0.0
214,Sao Tome and Principe,2620,Principe,2003,0.0,0.0,0.0,0.0,0.0,0.0,0.0,0.0
214,Sao Tome and Principe,2620,Principe,2004,0.0,0.0,0.0,0.0,0.0,0.0,0.0,0.0
214,Sao Tome and Principe,2620,Principe,2005,0.0,0.0,0.0,0.0,0.0,0.0,0.0,0.0
214,Sao Tome and Principe,2620,Principe,2006,0.0,0.0,0.0,0.0,0.0,0.0,0.0,0.0
214,Sao Tome and Principe,2620,Principe,2007,0.0,0.0,0.0,0.0,0.0,0.0,0.0,0.0
214,Sao Tome and Principe,2620,Principe,2008,0.0,0.0,0.0,0.0,0.0,0.0,0.0,0.0
214,Sao Tome and Principe,2620,Principe,2009,0.0,0.0,0.0,0.0,0.0,0.0,0.0,0.0
214,Sao Tome and Principe,2620,Principe,2010,0.0,0.0,0.0,0.0,0.0,0.0,0.0,0.0
214,Sao Tome and Principe,2620,Principe,2011,0.0,0.0,0.0,0.0,0.0,0.0,0.0,0.0
214,Sao Tome and Principe,2620,Principe,2012,0.0,0.0,0.0,0.0,0.0,0.0,0.0,0.0
214,Sao Tome and Principe,2620,Principe,2013,0.0,0.0,0.0,0.0,0.0,0.0,0.0,0.0
214,Sao Tome and Principe,2620,Principe,2014,0.0,0.0,0.0,0.0,0.0,0.0,0.0,0.0
214,Sao Tome and Principe,2620,Principe,2015,0.0,0.0,0.0,0.0,0.0,0.0,0.0,0.0
214,Sao Tome and Principe,2620,Principe,2016,0.0,0.0,0.0,0.0,0.0,0.0,0.0,0.0
214,Sao Tome and Principe,2620,Principe,2017,0.0,0.0,0.0,0.0,0.0,0.0,0.0,0.0
214,Sao Tome and Principe,2620,Principe,2018,0.0,0.0,0.0,0.0,0.0,0.0,0.0,0.0
214,Sao Tome and Principe,2620,Principe,2019,0.0,0.0,0.0,0.0,0.0,0.0,0.0,0.0
214,Sao Tome and Principe,2620,Principe,2020,0.0,0.0,0.0,0.0,0.0,0.0,0.0,0.0
214,Sao Tome and Principe,2620,Principe,2021,0.0,0.0,0.0,0.0,0.0,0.0,0.0,0.0
214,Sao Tome and Principe,2621,Sao Tome,2001,0.0,0.0,0.0,0.0,0.0,0.0,0.0,0.0
214,Sao Tome and Principe,2621,Sao Tome,2002,0.0,0.0,0.0,0.0,0.0,0.0,0.0,0.0
214,Sao Tome and Principe,2621,Sao Tome,2003,0.0,0.0,0.0,0.0,0.0,0.0,0.0,0.0
214,Sao Tome and Principe,2621,Sao Tome,2004,0.0,0.0,0.0,0.0,0.0,0.0,0.0,0.0
214,Sao Tome and Principe,2621,Sao Tome,2005,0.0,0.0,0.0,0.0,0.0,0.0,0.0,0.0
214,Sao Tome and Principe,2621,Sao Tome,2006,0.0,0.0,0.0,0.0,0.0,0.0,0.0,0.0
214,Sao Tome and Principe,2621,Sao Tome,2007,0.0,0.0,0.0,0.0,0.0,0.0,0.0,0.0
214,Sao Tome and Principe,2621,Sao Tome,2008,0.0,0.0,0.0,0.0,0.0,0.0,0.0,0.0
214,Sao Tome and Principe,2621,Sao Tome,2009,0.0,0.0,0.0,0.0,0.0,0.0,0.0,0.0
214,Sao Tome and Principe,2621,Sao Tome,2010,0.0,0.0,0.0,0.0,0.0,0.0,0.0,0.0
214,Sao Tome and Principe,2621,Sao Tome,2011,0.0,0.0,0.0,0.0,0.0,0.0,0.0,0.0
214,Sao Tome and Principe,2621,Sao Tome,2012,0.0,0.0,0.0,0.0,0.0,0.0,0.0,0.0
214,Sao Tome and Principe,2621,Sao Tome,2013,0.0,0.0,0.0,0.0,0.0,0.0,0.0,0.0
214,Sao Tome and Principe,2621,Sao Tome,2014,0.0,0.0,0.0,0.0,0.0,0.0,0.0,0.0
214,Sao Tome and Principe,2621,Sao Tome,2015,0.0,0.0,0.0,0.0,0.0,0.0,0.0,0.0
214,Sao Tome and Principe,2621,Sao Tome,2016,0.0,0.0,0.0,0.0,0.0,0.0,0.0,0.0
214,Sao Tome and Principe,2621,Sao Tome,2017,0.0,0.0,0.0,0.0,0.0,0.0,0.0,0.0
214,Sao Tome and Principe,2621,Sao Tome,2018,0.0,0.0,0.0,0.0,0.0,0.0,0.0,0.0
214,Sao Tome and Principe,2621,Sao Tome,2019,0.0,0.0,0.0,0.0,0.0,0.0,0.0,0.0
214,Sao Tome and Principe,2621,Sao Tome,2020,0.0,0.0,0.0,0.0,0.0,0.0,0.0,0.0
214,Sao Tome and Principe,2621,Sao Tome,2021,0.0,0.0,0.0,0.0,0.0,0.0,0.0,0.0
217,Senegal,2636,Dakar,2001,0.0,34.911100688733555,27065.259868421053,0.0,71.37655479029605,10.50828712864926,181.23306435032896,1.8933968794973275
217,Senegal,2636,Dakar,2002,0.0,33.45229620682566,27016.97532894737,0.0,71.07564504523026,10.398250379060444,175.16300884046052,2.185378225226151
217,Senegal,2636,Dakar,2003,0.0,34.05466822574013,26741.699013157893,0.0,71.52699038856908,10.303070068359377,181.17524157072367,2.15726049322831
217,Senegal,2636,Dakar,2004,0.0,34.01499537417763,27630.68421052632,0.0,73.95063219572368,10.336050736276729,181.6322599712171,1.9806920101768093
217,Senegal,2636,Dakar,2005,0.0,34.444387335526315,28784.72697368421,0.0,74.694091796875,10.91551449424342,186.6555304276316,2.3903579711914062
217,Senegal,2636,Dakar,2006,0.0,34.77510151110197,30945.76644736842,0.0,76.32967979029605,10.647672954358551,192.88845343338812,2.2881353277909127
217,Senegal,2636,Dakar,2007,0.0,35.296174701891445,36545.75657894737,0.0,78.39322702508224,11.070106907894736,197.98532586348685,2.193642264918277
217,Senegal,2636,Dakar,2008,0.0,35.41184596011513,37221.21052631579,0.0,80.24795692845395,11.14512875205592,201.41767321134867,2.398722999974301
217,Senegal,2636,Dakar,2009,0.0,36.66770533511513,37114.89802631579,0.0,81.66493626644737,10.814010620117188,209.71109169407896,2.8032724480879936
217,Senegal,2636,Dakar,2010,0.0,36.08505730879934,42253.59868421053,0.0,85.05063348067434,10.629105417351974,214.72759046052636,2.587541279039885
217,Senegal,2636,Dakar,2011,0.0,37.33153975637335,46064.16447368421,0.0,87.98434287623355,10.960323936060854,220.61723889802636,2.7845952887284127
217,Senegal,2636,Dakar,2012,0.0,38.4419587787829,44490.06578947369,0.0,89.45002826891448,11.09723542865954,225.4865851151316,3.193491082442434
217,Senegal,2636,Dakar,2013,0.0,39.820097270764805,51381.69407894737,0.0,93.9547054893092,11.807707134046051,232.49419202302636,2.8718952379728617
217,Senegal,2636,Dakar,2014,0.0,39.34357653166119,58105.84210526316,0.0,95.25869911595396,11.545770745528372,203.0190301192434,2.7838010286030017
217,Senegal,2636,Dakar,2015,0.0,39.74863795230263,63104.36184210526,0.0,99.4505615234375,12.107025949578537,233.87998560855263,3.123237609863281
217,Senegal,2636,Dakar,2016,0.0,39.44871119449013,66298.67105263157,0.0,101.38502903988488,11.585253263774671,244.29384251644737,3.1947993228310034
217,Senegal,2636,Dakar,2017,0.0,39.71724660773026,71733.61184210527,0.0,105.930419921875,11.841594495271382,264.498046875,3.441126773231908
217,Senegal,2636,Dakar,2018,0.0,39.88706889905428,76354.76315789473,0.0,107.36429636101974,11.746830990439967,266.86903782894734,3.6621816534745055
217,Senegal,2636,Dakar,2019,0.0,40.156526264391445,82904.31578947368,0.0,109.15335886101974,11.228094000565378,272.47933799342104,3.611951326069079
217,Senegal,2636,Dakar,2020,0.0,40.61235608552632,89697.92105263157,0.0,117.21122018914474,12.19053168045847,297.02670127467104,3.810184277986225
217,Senegal,2636,Dakar,2021,0.0,39.85771741365132,96431.01315789472,0.0,113.24786698190788,12.094850239000822,297.3525904605263,3.582706652189556
217,Senegal,2644,Thies,2001,0.0,25.279191110108304,896.8637184115523,0.0,29.694783675541515,9.871383722078068,35.02970583258123,4.093903799780009
217,Senegal,2644,Thies,2002,0.0,24.79189876184567,883.2571638086642,0.0,29.65143417193141,9.919187690376804,34.5559073217509,4.229155943281814
217,Senegal,2644,Thies,2003,0.0,24.97166911101083,898.7330212093863,0.0,30.317809397563177,9.96626628779332,34.91373815433213,4.385704288413809
217,Senegal,2644,Thies,2004,0.0,25.157231850744584,922.415726534296,0.0,29.83988605595668,10.082466648804152,35.278253328068594,4.34849664020194
217,Senegal,2644,Thies,2005,0.0,25.49231265512184,960.7809115523464,0.0,31.41934016809567,10.274197244472022,35.36996206565885,4.457346781926895
217,Senegal,2644,Thies,2006,0.0,25.983661086981048,1046.8489395306858,0.0,32.33654388537906,10.40270952025045,39.9114465816787,4.646816212347699
217,Senegal,2644,Thies,2007,0.0,26.25324698217509,1216.6182310469314,0.0,33.092946186823106,10.397423038413809,38.6710042023917,4.633317527357852
217,Senegal,2644,Thies,2008,0.0,26.564433734769857,1232.7122066787003,0.0,34.25170634025271,10.474223333145307,40.05389073781589,4.719315401483529
217,Senegal,2644,Thies,2009,0.0,27.072681633574007,1231.7646660649818,0.0,34.922756374097474,10.410293744359208,40.02994909183213,4.989923249943592
217,Senegal,2644,Thies,2010,0.0,27.48436442351083,1426.187274368231,0.0,36.11522027301445,10.48747214857852,41.72860376240975,5.207369697653429
217,Senegal,2644,Thies,2011,0.0,27.610739367102887,1544.0100406137185,0.0,37.032082017148014,10.415123674413357,42.67464956565885,5.303150824261056
217,Senegal,2644,Thies,2012,0.0,27.95624506430505,1532.5800992779784,0.0,38.798376861462096,10.737718933325812,43.575452673736464,5.382677649763087
217,Senegal,2644,Thies,2013,0.0,28.337381190771666,1714.7917418772563,0.0,39.44803065771661,10.752300386394404,46.16033957581227,5.623113859431408
217,Senegal,2644,Thies,2014,0.0,28.81738633799639,1904.312725631769,0.0,41.00776314305054,10.91844998025722,40.92901060469314,5.802034563966607
217,Senegal,2644,Thies,2015,0.0,29.057188839688628,2074.468185920577,0.0,41.93650581001805,11.035741482400722,45.48585923398014,5.942547629456228
217,Senegal,2644,Thies,2016,0.0,29.448316222924188,2215.1435018050543,0.0,43.65552022224729,11.184781842283394,49.83611024932311,6.176221937048736
217,Senegal,2644,Thies,2017,0.0,29.67000296141697,2390.2224729241875,0.0,44.63231893050541,11.314019488944044,50.7791911101083,6.363781870487364
217,Senegal,2644,Thies,2018,0.0,30.1530417982852,2522.9927797833934,0.0,45.69783675541516,11.373722007558664,54.27913470216607,6.546600011281589
217,Senegal,2644,Thies,2019,0.0,29.957108810920577,2770.5600180505417,0.0,46.10134744472022,11.509735658280686,54.76417954648014,6.443685483416065
217,Senegal,2644,Thies,2020,0.0,30.391055110559567,2992.6847924187728,0.0,49.33821144517148,11.601982034070398,56.14284606272563,6.588038695848375
217,Senegal,2644,Thies,2021,0.0,30.51106653316787,3237.0749097472926,0.0,48.45896322202166,11.669675090252708,58.58949825135379,6.849928432423285
217,Senegal,2645,Ziguinchor,2001,0.0,13.465703827103756,71.07023358585859,0.0,25.20979817708333,0.2436508976556117,12.334295534620098,7.071273444076178
217,Senegal,2645,Ziguinchor,2002,0.0,13.209498187295752,70.68289667508418,0.0,24.728284249897875,0.2459541270935457,12.000402113970589,7.566601891308922
217,Senegal,2645,Ziguinchor,2003,0.0,13.299546185661764,71.31442024410775,0.0,25.123796849468956,0.2488126069112541,12.173653396905635,7.757006096117424
217,Senegal,2645,Ziguinchor,2004,0.0,13.452528211805555,72.75330781776094,0.0,25.559621374591504,0.2499590605692146,12.528733596303104,7.455717658354377
217,Senegal,2645,Ziguinchor,2005,0.0,13.680289075265524,76.54087752525253,0.0,26.44244344873366,0.255711274988511,12.835908777573527,7.862418948600589
217,Senegal,2645,Ziguinchor,2006,0.0,13.842001123366012,81.86971545777592,0.0,26.96704261131536,0.2580083709916258,13.172711939593546,8.234439505382525
217,Senegal,2645,Ziguinchor,2007,0.0,13.995005489174837,95.9637724707358,0.0,27.56693282781863,0.2570398866740707,13.468794679330063,8.13940511339883
217,Senegal,2645,Ziguinchor,2008,0.0,14.164119944852942,98.15640782828282,0.0,28.09463720383987,0.2605823192721099,13.8125,8.33664279513889
217,Senegal,2645,Ziguinchor,2009,0.0,14.383473115808824,97.90527999161074,0.0,28.77715226715686,0.2568212272294985,14.128320631638072,8.826415196361157
217,Senegal,2645,Ziguinchor,2010,0.0,14.62396918402778,111.76198091442951,0.0,29.91766876021242,0.2615419524947023,14.6553915185866,9.06618668729027
217,Senegal,2645,Ziguinchor,2011,0.0,14.744638480392156,120.66921875,0.0,30.973830678104576,0.2591124391244128,14.536263659109476,9.0607421875
217,Senegal,2645,Ziguinchor,2012,0.0,14.918741064133988,119.6350390625,0.0,31.79528569240196,0.2644190320781633,15.534509995404411,9.43080810546875
217,Senegal,2645,Ziguinchor,2013,0.0,15.128593494689545,134.6350595735786,0.0,32.90568193423203,0.2690567066466886,16.017041973039216,9.931290336277174
217,Senegal,2645,Ziguinchor,2014,0.0,15.327590443729576,150.49858904682273,0.0,33.798633450776144,0.2729047887465533,14.18792445363562,10.194419222930602
217,Senegal,2645,Ziguinchor,2015,0.0,15.515581916360292,163.05426943979933,0.0,35.24460656658497,0.2745313457414216,15.831624348958334,10.367851333873327
217,Senegal,2645,Ziguinchor,2016,0.0,15.669291577308009,173.54380487040137,0.0,36.37120544832516,0.2758562175277012,17.048170700571895,10.69426489992684
217,Senegal,2645,Ziguinchor,2017,0.0,15.825760186887257,186.97941053511707,0.0,37.363345077614376,0.2795137392929177,18.1895791845384,11.022219246446488
217,Senegal,2645,Ziguinchor,2018,0.0,16.11398654513889,198.7527304556856,0.0,38.51938125510621,0.2820384206335529,18.88961971507353,11.683516180236204
217,Senegal,2645,Ziguinchor,2019,0.0,15.886196959252452,216.3408758361204,0.0,38.62129799836601,0.2837977191202002,19.21260818780637,11.441223348662207
217,Senegal,2645,Ziguinchor,2020,0.0,16.063212540716613,233.39574623745816,0.0,40.95025257023616,0.2906050045249516,20.295058657369708,11.59086277173913
217,Senegal,2645,Ziguinchor,2021,0.0,16.197377323325163,254.17119791666667,0.0,40.718098958333336,0.2908588982875051,20.34183517156863,12.033793131510416
221,Sierra Leone,2654,Eastern,2001,0.0,1.0817946168942192,21.0317479588964,2.567213893581081,2.173209193415535,5.224353534345048,1.592245376148163,0.1636448215793919
221,Sierra Leone,2654,Eastern,2002,0.0,1.088339126148163,26.19404261746853,3.1437153987747304,2.599070003619209,5.23182127346246,1.8834308465829672,0.201875151490136
221,Sierra Leone,2654,Eastern,2003,0.0,1.2305767053242125,32.623166741877256,3.883138608416065,3.1178642406798245,5.226249049915271,2.266219581713517,0.2515010351738775
221,Sierra Leone,2654,Eastern,2004,0.0,1.441509435431619,41.35154107632541,4.94610517595978,3.73912230861244,5.336773107306619,2.7117917974980066,0.3185217262839922
221,Sierra Leone,2654,Eastern,2005,0.0,1.7946888316761365,51.632004063644686,6.289589235634158,4.473839962121212,5.357085451555024,3.241300299977572,0.3972363594250801
221,Sierra Leone,2654,Eastern,2006,0.0,2.4915687767892742,63.70528409090909,7.702182173295455,5.366797731633772,5.420672597687401,3.878411738686204,0.4894846413352273
221,Sierra Leone,2654,Eastern,2007,0.0,2.3139603658916466,79.62181555706522,9.54956585427989,6.459647876794258,5.411998791367624,4.667182983203748,0.6125863116720448
221,Sierra Leone,2654,Eastern,2008,0.0,2.7888374389453747,99.61928977272729,11.930745738636364,7.742974045554226,5.411012105013955,5.600393194901316,0.7721598677201704
221,Sierra Leone,2654,Eastern,2009,0.0,3.339020602820973,131.4779378402904,14.56823442462568,10.190090149023126,5.464614405776516,7.365980425139553,0.9207590314307792
221,Sierra Leone,2654,Eastern,2010,0.0,3.676856325383772,144.60447973588342,16.113941185678506,11.27613278134968,5.5128907807515946,8.106505276864034,1.013674320853256
221,Sierra Leone,2654,Eastern,2011,0.0,4.061729479747213,156.67666330645162,17.23575933859767,12.384432847332803,5.532845855518511,8.897551129578025,1.0996319076920924
221,Sierra Leone,2654,Eastern,2012,0.0,4.458763948671377,172.2735775089606,19.17124495967742,12.555737149183916,5.567013102731887,9.783106712778665,1.2053066239989358
221,Sierra Leone,2654,Eastern,2013,0.0,4.834453637345986,188.73542318872987,21.17562052772809,12.532877086645469,5.560936568461845,10.09214775437202,1.311310196605266
221,Sierra Leone,2654,Eastern,2014,0.0,4.9672377276572455,201.81015625,21.34476841517857,12.61769677423368,5.56199616839172,10.278538017515924,1.7441202436174663
221,Sierra Leone,2654,Eastern,2015,0.0,4.4359876415397546,180.05734536082474,20.6044754080756,12.641493398931962,5.560551510581488,10.2852358274822,2.6678806580219074
221,Sierra Leone,2654,Eastern,2016,0.0,4.039193989911418,179.44846420940172,20.733438501602564,12.47300765871063,5.546294829601378,10.230893208661415,1.8712243756677351
221,Sierra Leone,2654,Eastern,2017,0.0,3.8300327571358266,308.6033489761092,18.83151963790529,11.248486712598424,5.567806886687992,10.233232344980316,4.3489498620147184
221,Sierra Leone,2654,Eastern,2018,0.0,3.97061584953248,318.8077993697479,19.15010011817227,11.839018670029528,5.580238450418307,10.900141486220472,4.5905351398371845
221,Sierra Leone,2654,Eastern,2019,0.0,4.117010257750985,332.8684306951424,19.222723317106365,11.552572896161417,5.655105807086614,11.478844734251968,4.920170514028476
221,Sierra Leone,2654,Eastern,2020,0.0,4.365909216538915,350.51017320534226,23.948155780467445,11.12680879029088,5.674072265625,11.36748154358294,5.256764203359766
221,Sierra Leone,2654,Eastern,2021,0.0,5.168727700541338,342.80604954769734,36.52906558388158,10.705931656003935,5.696070681594488,11.77299074187992,4.5956473099557975
221,Sierra Leone,2655,Northern,2001,0.0,3.58019352480362,28.133889619430693,2.5130953647122523,2.702359058817879,5.731621413934426,2.5884319367955944,0.1023260890847385
221,Sierra Leone,2655,Northern,2002,0.0,3.5770530492230197,35.49852142946787,3.153560531187249,3.237876350110997,5.736127342682718,3.103330518378586,0.1285186982059095
221,Sierra Leone,2655,Northern,2003,0.0,4.055835161052767,45.6678676565735,4.149034962150621,3.885881601135587,5.736594278304303,3.712577778133538,0.1659400892553862
221,Sierra Leone,2655,Northern,2004,0.0,4.754674359097507,57.93763965562566,5.367789764885647,4.662747075648907,5.8776321828039615,4.461811336663251,0.2100204162918556
221,Sierra Leone,2655,Northern,2005,0.0,5.959728803790983,72.82400357521186,6.499480683924788,5.5988102480362025,5.880536522370218,5.353997902792008,0.2640592930680614
221,Sierra Leone,2655,Northern,2006,0.0,8.317186699538935,86.95380297679112,8.004382213357719,6.7134923049009565,5.947832618254782,6.434737075221994,0.314606944679853
221,Sierra Leone,2655,Northern,2007,0.0,7.747593280396175,112.22771809895832,10.456637573242189,8.05857373847336,5.94365954789959,7.7084387273736334,0.404881731669108
221,Sierra Leone,2655,Northern,2008,0.0,9.265088691086063,145.16413014069263,13.743342676204003,9.66447206924522,5.947184244791667,9.251981808188184,0.5240248312681784
221,Sierra Leone,2655,Northern,2009,0.0,11.157657477373634,197.6891741071429,16.314485822405135,12.807562489327186,6.019281772967896,12.192133335467895,0.6504206657409668
221,Sierra Leone,2655,Northern,2010,0.0,12.265827783469945,223.1649087799316,18.028114310148236,14.061847624231556,6.042191635715506,13.38033507300205,0.7283942506413911
221,Sierra Leone,2655,Northern,2011,0.0,13.47721887807377,243.0701534219457,20.2540653280543,15.484004119706285,6.09681176357582,14.758434191427597,0.792876161601209
221,Sierra Leone,2655,Northern,2012,0.0,14.841149835638662,266.6267321832579,21.5551117081448,15.704971396857925,6.118344833290642,16.231733478483605,0.8686178216027998
221,Sierra Leone,2655,Northern,2013,0.0,16.301152130293715,291.09595464725646,23.255034819428893,15.730763586492486,6.127858313054986,16.735665076417348,0.9373460793148096
221,Sierra Leone,2655,Northern,2014,0.0,16.591316598360656,311.995686026936,24.94113005050505,15.798942857752731,6.130174980788935,16.97043630464481,1.2644195042876682
221,Sierra Leone,2655,Northern,2015,0.0,14.8291015625,281.2586289878988,24.12152777777778,15.903593803364071,6.160009498804645,17.088615042264344,1.9703045499862488
221,Sierra Leone,2655,Northern,2016,0.0,13.768311880976777,270.36006289308176,22.578090195885743,15.80170178022541,6.181652631915983,17.124991995389344,1.307214253103708
221,Sierra Leone,2655,Northern,2017,0.0,13.01224972250683,475.9289895048439,21.117315746097955,14.293090153261613,6.202355890326161,17.10352496371243,3.139225593295883
221,Sierra Leone,2655,Northern,2018,0.0,13.42557607861528,460.3371043521266,20.633973556503463,15.051379444491817,6.221082159149045,18.216185357691,3.115974765856825
221,Sierra Leone,2655,Northern,2019,0.0,13.897282167862022,459.3806791431262,19.51248197681262,14.695974214480874,6.302611637636612,19.250365543886613,3.172912712600047
221,Sierra Leone,2655,Northern,2020,0.0,14.745497294648944,462.9913444244604,23.18986763714029,14.102557036042946,6.319161527564758,19.087768138633265,3.264336894742019
221,Sierra Leone,2655,Northern,2021,0.0,17.4065995346653,443.6414103119584,34.73765841637782,13.574055989583334,6.364843483179645,19.605223275273225,2.798589061823007
221,Sierra Leone,2656,Southern,2001,0.0,0.1651279290905791,18.536542559003497,1.4072057337194055,1.0030329548059291,5.289466615411063,0.5558655232846883,0.1063065962357954
221,Sierra Leone,2656,Southern,2002,0.0,0.1649065647265147,23.099606643356644,1.7626311188811188,1.2011311351524296,5.2875469179783,0.66960311926956,0.1331724687056108
221,Sierra Leone,2656,Southern,2003,0.0,0.1872835415791182,28.953138658216783,2.189823604130245,1.4427940909611858,5.286055809711185,0.8045683396766121,0.1670408662382539
221,Sierra Leone,2656,Southern,2004,0.0,0.221522025782205,36.087838796263966,2.7470539455307263,1.734740017095813,5.41977443555165,0.9755316177032396,0.2078755980763355
221,Sierra Leone,2656,Southern,2005,0.0,0.2764712909152195,45.07481341655028,3.4257082805953214,2.089553590211904,5.421479354727662,1.1667008324089658,0.2608010489181433
221,Sierra Leone,2656,Southern,2006,0.0,0.3825545760380011,56.34369015494429,4.2349272066504176,2.506157304257191,5.4983385289167686,1.3977204676503212,0.3247467721073076
221,Sierra Leone,2656,Southern,2007,0.0,0.3598213195800781,70.24499869246861,5.415491590938808,3.012474209654565,5.51106471641391,1.6770818373736214,0.4077249311503007
221,Sierra Leone,2656,Southern,2008,0.0,0.4324749217313878,87.97535134427375,6.764868027671089,3.6226908365885415,5.503175024892769,2.011209525314032,0.5076935411165546
221,Sierra Leone,2656,Southern,2009,0.0,0.5235358219520718,116.29421288247566,7.911601399513213,4.824536791034773,5.573208079618566,2.6650318818933822,0.6074253554470185
221,Sierra Leone,2656,Southern,2010,0.0,0.5751593346689262,127.28246696801112,8.792413236700279,5.291305242800245,5.591712502872243,2.93043488147212,0.6676632346629433
221,Sierra Leone,2656,Southern,2011,0.0,0.6292447041182763,139.94069208795014,9.74817401748615,5.808850425962714,5.617755171722188,3.2070742283007334,0.7319659711251298
221,Sierra Leone,2656,Southern,2012,0.0,0.6911998646183527,153.41708390883977,10.8092924507942,5.893404263447433,5.6407515472188265,3.530953927261613,0.8059543167029956
221,Sierra Leone,2656,Southern,2013,0.0,0.7643345424107143,168.24737431129478,11.448653796487603,5.88052968082265,5.643414582379426,3.6484506162240535,0.8726695667613636
221,Sierra Leone,2656,Southern,2014,0.0,0.7809533840272485,179.36643732853224,11.779854145233196,5.905430044778964,5.652397937309451,3.6884408346036586,1.1709941345968364
221,Sierra Leone,2656,Southern,2015,0.0,0.6898316767851705,160.74098557692307,11.518712698938993,5.922563708510962,5.659336698766748,3.7395646981577344,1.7944316509864058
221,Sierra Leone,2656,Southern,2016,0.0,0.6434813114960795,156.76035939521344,11.27498130255498,5.911622877968941,5.688214282315774,3.722679444846224,1.220007655845731
221,Sierra Leone,2656,Southern,2017,0.0,0.6056306678688338,269.0269410438144,10.200657166156573,5.307359665232948,5.708538320264921,3.711170935311358,2.8478204786163017
221,Sierra Leone,2656,Southern,2018,0.0,0.6204071044921875,272.30384526022306,10.149011094330856,5.594758561513956,5.711320303018811,3.9226275694023056,2.946474815094486
221,Sierra Leone,2656,Southern,2019,0.0,0.6355236326938412,287.2653549382716,10.134425636574074,5.4511297511011545,5.784460315727522,4.127409368355103,3.1520218460648146
221,Sierra Leone,2656,Southern,2020,0.0,0.6761963483199332,298.92349137931035,12.667271205357142,5.223031349552488,5.800276969243022,4.107363506428246,3.38448540447968
221,Sierra Leone,2656,Southern,2021,0.0,0.800637598605521,296.7064568014706,19.543064491421568,5.01493737184842,5.827203020580194,4.201219338547995,2.9796459721583948
221,Sierra Leone,2657,Western Area,2001,0.0,2.237378937857492,91.66041782924108,8.308390481131417,3.675397055489676,6.35516357421875,3.6418974740164622,1.4322493416922433
221,Sierra Leone,2657,Western Area,2002,0.0,2.248225620814732,114.42988804408482,10.301346915108818,4.396534783499582,6.293060302734375,4.355812072753906,1.7856457574026925
221,Sierra Leone,2657,Western Area,2003,0.0,2.546507699148996,142.82481166294642,12.458918980189733,5.279383523123605,6.315621512276786,5.227373395647321,2.2255592346191406
221,Sierra Leone,2657,Western Area,2004,0.0,2.991479056222098,179.70138113839286,16.327216012137278,6.301351274762835,6.466743469238281,6.28632572719029,2.8005708966936385
221,Sierra Leone,2657,Western Area,2005,0.0,3.746579851422991,225.0656389508929,20.341831752232142,7.560725620814732,6.4013486589704245,7.548127310616629,3.479360852922712
221,Sierra Leone,2657,Western Area,2006,0.0,5.248739515032087,280.8274274553572,25.372828892299108,9.085267203194755,6.4990997314453125,9.038997105189733,4.29585211617606
221,Sierra Leone,2657,Western Area,2007,0.0,4.890023367745536,351.27783203125,31.66079493931361,10.919117518833705,6.513831547328404,10.839390345982142,5.406827654157366
221,Sierra Leone,2657,Western Area,2008,0.0,5.819201878138951,438.2243303571428,39.14388602120536,12.9391850062779,6.524557931082589,13.075831821986608,6.743692670549665
221,Sierra Leone,2657,Western Area,2009,0.0,7.002996172223773,580.4352678571429,47.28877476283482,17.298683166503906,6.582462310791016,17.16398729596819,8.102513994489398
221,Sierra Leone,2657,Western Area,2010,0.0,7.752343858991351,643.1404157366071,52.576974051339285,19.21573311941964,6.600621359688895,18.860565185546875,9.089473724365234
221,Sierra Leone,2657,Western Area,2011,0.0,8.486186981201172,701.7487444196429,56.65016828264509,21.059515816824774,6.615424564906529,20.819998604910715,9.8021000453404
221,Sierra Leone,2657,Western Area,2012,0.0,9.400402614048549,777.0882393973214,61.435328892299104,21.311458042689733,6.690310886928013,22.90497044154576,11.00789533342634
221,Sierra Leone,2657,Western Area,2013,0.0,10.33390590122768,844.2566964285714,69.29935128348214,21.336164202008927,6.6926759992327005,23.56694684709821,11.857232230050224
221,Sierra Leone,2657,Western Area,2014,0.0,10.517492021833148,912.7438616071428,71.40500313895089,21.3913094656808,6.951753888811384,24.00559561593192,16.311325073242188
221,Sierra Leone,2657,Western Area,2015,0.0,9.381192888532366,848.7429547991071,71.14551653180804,21.491681780133927,6.783664158412388,24.066133771623885,25.1457999093192
221,Sierra Leone,2657,Western Area,2016,0.0,8.682503836495536,843.525390625,71.88346208844867,21.38582502092634,6.824298858642578,24.093218122209823,17.44558388846261
221,Sierra Leone,2657,Western Area,2017,0.0,8.193330492292132,1456.42578125,65.62669154575893,19.356475830078125,6.790812901088169,24.18282209123884,40.527086530412944
221,Sierra Leone,2657,Western Area,2018,0.0,8.468727656773158,1508.742466517857,67.62726702008929,20.04323250906808,6.830638340541294,25.817173549107142,43.74772426060268
221,Sierra Leone,2657,Western Area,2019,0.0,8.759027753557477,1608.873744419643,68.14651925223214,19.85819571358817,6.900984627859933,27.07306126185826,47.461294991629465
221,Sierra Leone,2657,Western Area,2020,0.0,9.31644548688616,1606.250837053571,86.02630615234375,19.139705113002236,6.968791416713169,27.073022024972097,51.31993756975447
221,Sierra Leone,2657,Western Area,2021,0.0,11.017512730189733,1693.751674107143,132.72260393415178,18.35001700265067,6.961180550711496,27.844438825334823,45.81402587890625
227,South Africa,2707,Free State,2001,0.0,17.556389128513718,114.62942896818716,0.3945471945484767,2.362748833582309,0.2779689982089505,44.31784947820232,0.7142123787556809
227,South Africa,2707,Free State,2002,0.0,17.744782023228414,123.44231821242217,0.3938106221595691,2.342621224593924,0.2775615081504586,40.0929452112439,0.7494898566371402
227,South Africa,2707,Free State,2003,0.0,17.610954332183134,119.72446768220838,0.3942264954342703,2.2956235995097627,0.2778670024117362,39.80131185827302,0.7472235938552011
227,South Africa,2707,Free State,2004,0.0,17.571581488806597,120.62942896818716,0.3938602639496718,2.2879411215494025,0.2776268890180525,39.02876199293048,0.7415414992215116
227,South Africa,2707,Free State,2005,0.0,17.938755838663525,100.81973783874768,0.3944376785131922,2.3061305638255343,0.2779587657538714,39.048121633563376,0.7453580816834288
227,South Africa,2707,Free State,2006,0.0,17.617244045615216,104.96895514223196,0.394489703766727,2.339358838474163,0.2880369737641495,38.58118898333614,0.7532987133900017
227,South Africa,2707,Free State,2007,0.0,18.11313857094765,117.00120981316276,0.3988371821610419,2.264069666827975,0.2982752847663482,38.64045667816866,0.7469516324587612
227,South Africa,2707,Free State,2008,0.0,18.04071415797004,141.30892316108398,0.4046708321936542,2.3649848510351794,0.3062854684015212,38.655587232789095,0.7254047942791617
227,South Africa,2707,Free State,2009,0.0,17.911260204511024,155.09440750715368,0.4113082436274407,2.3232647071200137,0.3082194229585718,38.48282328311732,0.7225898417774785
227,South Africa,2707,Free State,2010,0.0,17.86555688225888,164.8194222353139,0.4162000968508037,2.276985572978034,0.3085770246617783,37.720917143578525,0.7191272447294227
227,South Africa,2707,Free State,2011,0.0,17.789847563541493,167.3368856253156,0.4216257226003619,2.217825709318717,0.313274748898018,37.478570526847335,0.7120455639307356
227,South Africa,2707,Free State,2012,0.0,18.05330936500589,167.30998569264435,0.426761346600951,2.220753753050833,0.3162687488164871,37.59545162851372,0.7119561429578354
227,South Africa,2707,Free State,2013,0.0,17.99210202407002,134.82776468607975,0.4314135384667985,2.1728757258878977,0.3183598270361681,37.717932061100825,0.7107389328395893
227,South Africa,2707,Free State,2014,0.0,18.124063709813164,134.49316192560175,0.4374137021860798,2.1636719407507155,0.3207069015567139,37.15800948914324,0.7032277354927622
227,South Africa,2707,Free State,2015,0.0,17.822409947820233,135.08190961117657,0.4414801373663945,2.132155650353476,0.3242906442978349,36.82105548308365,0.6867066765248906
227,South Africa,2707,Free State,2016,0.0,17.4252716819559,136.82325155697694,0.4467490298481947,2.0312074264117994,0.3277738500857389,35.885614795488976,0.6830977019467471
227,South Africa,2707,Free State,2017,0.0,16.840572925433428,140.2207014812321,0.4527662065650774,1.9957020401131964,0.3322380976411273,34.95105779750884,0.6670072279761404
227,South Africa,2707,Free State,2018,0.0,16.638866825871066,143.32125273522976,0.4573999882306219,1.9503624836938225,0.3347708973854885,34.64882805924928,0.654874905976477
227,South Africa,2707,Free State,2019,0.0,16.35395977108231,145.2399217303484,0.4598529419500084,1.8916152057734388,0.3395398995066066,33.91448461959266,0.628210278677832
227,South Africa,2707,Free State,2020,0.0,15.97618509089379,142.0753871402121,0.4632748146487334,1.86294427758374,0.3413631257495582,33.243314467261406,0.6150748473268389
227,South Africa,2707,Free State,2021,0.0,15.881532991078943,142.0068275542838,0.4645124074887434,1.87544825550202,0.3388347847255828,33.00565193149301,0.6054809549765402
227,South Africa,2708,Gauteng,2001,0.0,16.699860593903562,4387.617665418227,0.7157236925522784,2.730113336436579,1.6288581117072327,8.835816329468674,7.312009889981273
227,South Africa,2708,Gauteng,2002,0.0,16.89584732992936,4728.620162297128,0.7138380795977685,2.765464838951167,1.624008591110642,8.056899162123772,7.675375263342697
227,South Africa,2708,Gauteng,2003,0.0,16.825756775952087,4606.723782771535,0.7210419044066011,2.659019226524109,1.6341915646114864,7.996929946636978,7.783166549625468
227,South Africa,2708,Gauteng,2004,0.0,16.632105871851966,4651.321473158552,0.7190444317649812,2.7295077837070023,1.630881119711686,7.697231433315418,7.682380666744694
227,South Africa,2708,Gauteng,2005,0.0,16.933898475890665,3886.838014981273,0.7171183573023955,2.6404942318028257,1.6283333893197174,7.867856937192875,7.64532371644819
227,South Africa,2708,Gauteng,2006,0.0,16.793215889895578,4014.629525593009,0.7132622460449828,2.7436037555666464,1.6876040746890355,7.5385358280866095,7.763352450062422
227,South Africa,2708,Gauteng,2007,0.0,17.322722713835994,4488.15074906367,0.7210091389669163,2.6376602210342446,1.7443750179956234,7.656242801750614,7.576104210557116
227,South Africa,2708,Gauteng,2008,0.0,17.081812903101966,5432.951310861423,0.7378845595837235,2.7356274953931203,1.795708433708922,7.515923727349508,7.479258105102996
227,South Africa,2708,Gauteng,2009,0.0,16.924564745853807,5892.527465667915,0.7486409200413545,2.611442097281941,1.81108824333922,7.437000921375922,7.515940767400124
227,South Africa,2708,Gauteng,2010,0.0,16.896942663544227,6306.297128589264,0.7558106840326545,2.6144431674216837,1.8086925759655248,7.338706426597051,7.391040130500936
227,South Africa,2708,Gauteng,2011,0.0,16.907954785396193,6405.968789013733,0.7642842839273174,2.6335224273456697,1.837014688027872,7.32641061693796,7.2940599153402
227,South Africa,2708,Gauteng,2012,0.0,17.244586916461916,6400.630461922597,0.7714419323258037,2.623680320945946,1.856728743569564,7.46237055148188,7.255913628472222
227,South Africa,2708,Gauteng,2013,0.0,17.265451042306513,5173.531210986267,0.7776270567552278,2.5177523826205466,1.8668497821329848,7.503500748617936,7.317409634441323
227,South Africa,2708,Gauteng,2014,0.0,17.072187643964988,5115.745006242198,0.7935839782791042,2.547256207290387,1.883689036826244,7.266768321944103,7.221066440387016
227,South Africa,2708,Gauteng,2015,0.0,16.85576867705774,5170.899500624219,0.7898523756924938,2.4734572052076933,1.9039095192049291,7.291663467444717,7.067602264747191
227,South Africa,2708,Gauteng,2016,0.0,16.549041673065112,5222.594881398252,0.8124130572867899,2.3532591873656328,1.9269506655981263,7.082321579391892,7.066707387250312
227,South Africa,2708,Gauteng,2017,0.0,15.95736956772113,5327.034956304619,0.8220937207397003,2.3347173967291157,1.939796541481112,6.945653217137592,6.881511026256242
227,South Africa,2708,Gauteng,2018,0.0,15.771038083538084,5480.325218476904,0.8211197489953964,2.293992401048065,1.97522767462953,6.928399613214066,6.736960878979401
227,South Africa,2708,Gauteng,2019,0.0,15.551838192951474,5560.054307116105,0.8200270596812578,2.223875753416769,1.9935131775952089,6.915394775990479,6.421388547518727
227,South Africa,2708,Gauteng,2020,0.0,15.199434697481571,5454.271535580524,0.8356951119450297,2.186850957847052,2.017378073652488,6.763993396805897,6.278120367119226
227,South Africa,2708,Gauteng,2021,0.0,15.048646969057126,5444.091645885287,0.8358658103276964,2.20796402314957,1.99486374913621,6.7702390778562656,6.238264202774314
227,South Africa,2714,Western Cape,2001,0.0,4.110518492226518,63.84527529133592,0.311308510459329,1.979622930763654,0.1630507245316527,26.395561462864507,1.309628615969642
227,South Africa,2714,Western Cape,2002,0.0,4.151480624194458,68.45663739233238,0.3116026254868793,1.9458305957487516,0.1630564671659769,23.83423201627195,1.3692124528954146
227,South Africa,2714,Western Cape,2003,0.0,4.1242901159980665,66.49884943421719,0.3114208291660509,1.940151523733285,0.1632050479958363,23.69228542371516,1.364855361214322
227,South Africa,2714,Western Cape,2004,0.0,4.114647210306911,67.04443400608005,0.3107963140661944,1.9346356054656035,0.1631860796026663,23.267764721282425,1.3580350097903648
227,South Africa,2714,Western Cape,2005,0.0,4.19528292149992,55.88285340314136,0.3114293437816669,1.9313103841932493,0.1630673919377819,23.24172305461576,1.35947593839723
227,South Africa,2714,Western Cape,2006,0.0,4.122627426695666,58.14895727794664,0.3114715339122129,1.9834047307978893,0.1693009231638674,22.9295452714677,1.3630129509139648
227,South Africa,2714,Western Cape,2007,0.0,4.239807374738199,65.17352140324215,0.3158449368153179,1.951071024901321,0.1752693295498026,22.984412759787336,1.3554008919336795
227,South Africa,2714,Western Cape,2008,0.0,4.231056229357983,78.5748163627153,0.3199385591794896,1.9928482962783955,0.1802010921074492,22.996495891735137,1.3279062546173168
227,South Africa,2714,Western Cape,2009,0.0,4.193004432999033,85.37782843633907,0.3247460310864151,1.9490878494038988,0.1811339948533409,22.90017822619623,1.3262240671700862
227,South Africa,2714,Western Cape,2010,0.0,4.183722133276945,91.02261693684568,0.3293661512421901,1.9048852983526663,0.1810099972183623,22.42849051474142,1.3080860925099207
227,South Africa,2714,Western Cape,2011,0.0,4.170399850974706,92.24282337048294,0.3324355744139965,1.878478148411068,0.184173775733295,22.277874275012085,1.2971710029867445
227,South Africa,2714,Western Cape,2012,0.0,4.226312341408893,92.3277714454576,0.3366697569708291,1.8811771865434188,0.1858426600008055,22.352298815853068,1.293172159294791
227,South Africa,2714,Western Cape,2013,0.0,4.220900734553729,74.6910666047611,0.3398669357338447,1.8422427551554696,0.1874015492211414,22.445117407765427,1.2879318605700236
227,South Africa,2714,Western Cape,2014,0.0,4.235429756726277,74.20094636225524,0.345521626804102,1.8101217627275656,0.187948692472964,22.08729559368455,1.2789337137597063
227,South Africa,2714,Western Cape,2015,0.0,4.173043350753182,74.8256351282917,0.3505784781054819,1.7915127955332688,0.1905967548924098,21.932095315772514,1.2464006979025997
227,South Africa,2714,Western Cape,2016,0.0,4.082978705997261,75.61172468354431,0.3533625890031646,1.7130444961333977,0.1927789756021427,21.32349816739165,1.2369288963607594
227,South Africa,2714,Western Cape,2017,0.0,3.950245186885774,77.07557489451477,0.3572844557621308,1.6617009399669729,0.1952439227195605,20.82118600974706,1.2127772283755274
227,South Africa,2714,Western Cape,2018,0.0,3.8918389771628807,79.0059229957806,0.3625263301028481,1.640640261247382,0.1974316697315027,20.618272464556146,1.1896293183016875
227,South Africa,2714,Western Cape,2019,0.0,3.828236706037538,80.2165453586498,0.3642509724419831,1.597227991078621,0.1999285946688214,20.227600894151763,1.1371960706751054
227,South Africa,2714,Western Cape,2020,0.0,3.745665491078621,78.60851265822785,0.3650354776503164,1.5702947214334622,0.2015776550479801,19.75390687932979,1.1118740110759493
227,South Africa,2714,Western Cape,2021,0.0,3.72730731180522,78.50170598146588,0.3665021785488627,1.5594376812469792,0.1994213351923735,19.628898068712743,1.0979147469987365
235,Swaziland,2782,Hhohho,2001,0.0,1.1150835582188197,2.541041237967355,0.0482375174760818,0.2670769350869315,0.006418683566153,0.8344471114022392,0.0343593267294076
235,Swaziland,2782,Hhohho,2002,0.0,0.9569166047232492,2.462639127458845,0.0525079369544982,0.229056852204459,0.0059338171035051,0.6255839029947917,0.0381371699846707
235,Swaziland,2782,Hhohho,2003,0.0,0.8211146763392857,2.404860632760184,0.0290023684501647,0.214159580377432,0.007259162608534,0.632432120186942,0.0577128300300011
235,Swaziland,2782,Hhohho,2004,0.0,0.9663111141749792,3.094236101422991,0.0288058171669642,0.2730647836412702,0.0063202507793903,0.7190361022949219,0.0407582796536959
235,Swaziland,2782,Hhohho,2005,0.0,0.9426825387137276,2.201155662536621,0.0428341080745061,0.2643524067742483,0.0066096946597099,0.5435342788696289,0.0592331015146695
235,Swaziland,2782,Hhohho,2006,0.0,1.2571592330932615,2.283219746180943,0.033451694708604,0.3330998080117361,0.0068681929260492,0.7454814910888672,0.0409129286805788
235,Swaziland,2782,Hhohho,2007,0.0,0.8665357317243304,2.188298089163644,0.0249981060624122,0.2354378359658377,0.0074343636631965,0.7100196565900531,0.0435116336895869
235,Swaziland,2782,Hhohho,2008,0.0,0.8983868190220424,3.8556273324149,0.0229969347516695,0.2586313656398228,0.0078339830040931,0.7263186318533761,0.0364369176901303
235,Swaziland,2782,Hhohho,2009,0.0,0.994685581752232,3.251232147216797,0.0227780267596244,0.2042304958615984,0.0072728106752038,0.9711216517857144,0.0353561318837679
235,Swaziland,2782,Hhohho,2010,0.0,0.954244886125837,3.701978410993304,0.0904153684775034,0.2385359910818246,0.0069646246731281,0.8646627153669085,0.0561408125437223
235,Swaziland,2782,Hhohho,2011,0.0,1.0252656936645508,5.8617433820452005,0.0280351762970288,0.2784288099833897,0.0056638879080613,0.8190736770629883,0.044681449731191
235,Swaziland,2782,Hhohho,2012,0.0,3.4698384602864585,11.341593424479166,0.0278798502225142,0.2254053865160261,0.0070792107532421,0.6257288796561105,0.0392287327693058
235,Swaziland,2782,Hhohho,2013,0.0,3.3071052551269533,8.87805887858073,0.0288682259046114,0.2240159000669206,0.0078307539224624,0.8376373563494001,0.0334635972976684
235,Swaziland,2782,Hhohho,2014,0.0,3.4955103556315104,9.097003173828124,0.027631972844784,0.2513026850564139,0.0067453064024448,1.0302256175449915,0.0329335836263803
235,Swaziland,2782,Hhohho,2015,0.0,3.2063323974609377,10.308408610026042,0.0322213241687187,0.2137655700956072,0.0089007325470447,0.9641915730067662,0.0443645964066187
235,Swaziland,2782,Hhohho,2016,0.0,3.1889966328938804,9.016609700520831,0.0459793072480421,0.2053061448610746,0.0077850170433521,0.6782473836626325,0.0396158328423133
235,Swaziland,2782,Hhohho,2017,0.0,3.340926361083985,8.136920166015624,0.0526248812675476,0.2506157618302565,0.0093913100659847,0.9581924165998188,0.0239046674508314
235,Swaziland,2782,Hhohho,2018,0.0,2.6587244669596357,3.420086996895926,0.0260213315486907,0.1682314532143729,0.010267236828804,0.9121946607317244,0.0403119509036724
235,Swaziland,2782,Hhohho,2019,0.0,3.2360997517903645,3.0289914267403737,0.0232342806729403,0.1899279526301792,0.0072714667767286,0.5803262165614537,0.0263994840475229
235,Swaziland,2782,Hhohho,2020,0.0,3.010925038655599,3.165862492152623,0.0484844400332524,0.185079710824149,0.0084191337227821,0.6534715379987445,0.0339886179337134
235,Swaziland,2782,Hhohho,2021,0.0,3.0269208272298176,2.122100285121373,0.0579452606347891,0.2105678830827985,0.009074068069458,0.9581491606576102,0.030748260517915
235,Swaziland,2783,Lubombo,2001,0.0,1.152733866373698,6.192811965942383,1.8663803100585936,0.7959566116333008,0.0206693684061368,0.6579139709472657,0.1935007704628838
235,Swaziland,2783,Lubombo,2002,0.0,1.1163445790608724,6.7884095509847,1.8293657302856443,0.8186299641927083,0.0178629371027151,0.5402396519978842,0.2226111888885498
235,Swaziland,2783,Lubombo,2003,0.0,1.3441541035970053,3.812128702799479,1.234438636086204,0.929717763264974,0.0180549807846546,0.6908806482950847,0.2087310314178466
235,Swaziland,2783,Lubombo,2004,0.0,1.0512685139973958,4.94549560546875,0.5685878666964445,0.9841103871663412,0.0176163241267204,0.8902509053548177,0.2486790895462036
235,Swaziland,2783,Lubombo,2005,0.0,2.14194819132487,3.4423513412475586,1.522755882956765,0.9728885650634764,0.0166996344923973,0.8266822814941406,0.3030902624130249
235,Swaziland,2783,Lubombo,2006,0.0,1.1724644978841146,4.914425532023112,0.7083764509721235,0.8133481979370117,0.0186781461040178,0.6973894119262696,0.2313543690575493
235,Swaziland,2783,Lubombo,2007,0.0,1.2492772420247396,4.406642595926921,0.3262649536132812,0.9410969416300456,0.0168876188496748,1.163626988728841,0.2647915840148925
235,Swaziland,2783,Lubombo,2008,0.0,1.366796366373698,5.528093973795573,0.4618833065032959,0.8310138702392578,0.0167958239714304,0.7279410044352214,0.3532560666402181
235,Swaziland,2783,Lubombo,2009,0.0,1.1580468495686849,7.510588963826497,1.4063099947842683,0.8543033599853516,0.0162662044167518,0.5981110254923503,0.2319148381551107
235,Swaziland,2783,Lubombo,2010,0.0,1.1687960306803384,8.322516123453775,1.327629262750799,0.719741948445638,0.0176701471209526,0.7128264745076497,0.291350769996643
235,Swaziland,2783,Lubombo,2011,0.0,1.05645751953125,6.704402923583984,0.7317031383514404,0.699243672688802,0.0157075176636377,0.5110925674438477,0.2208531379699707
235,Swaziland,2783,Lubombo,2012,0.0,3.428846232096354,9.79271125793457,1.437632300636985,0.6972966512044271,0.0179400419195493,0.6227582295735677,0.3477304220199585
235,Swaziland,2783,Lubombo,2013,0.0,3.3181610107421875,11.505755106608072,1.661211013793945,0.7417294820149739,0.0169489259521166,0.4699771245320638,0.1675307750701904
235,Swaziland,2783,Lubombo,2014,0.0,3.8796056111653647,10.06589380900065,2.2844947468150747,0.7817372004191081,0.0160102434456348,0.5644174575805664,0.3170555114746093
235,Swaziland,2783,Lubombo,2015,0.0,3.4328534444173178,8.14928118387858,1.0739877700805665,0.6641571680704753,0.0187539358933766,0.5292690594991049,0.1934937768512302
235,Swaziland,2783,Lubombo,2016,0.0,2.961415100097656,8.132102966308594,1.7982113578102803,0.593991470336914,0.0237493241826693,0.625948969523112,0.2282401323318481
235,Swaziland,2783,Lubombo,2017,0.0,3.30685526529948,7.336942036946614,1.7181115583939983,0.5918812433878581,0.017263780037562,0.5737993240356445,0.1473901629447937
235,Swaziland,2783,Lubombo,2018,0.0,3.039000701904297,4.160821596781413,1.828621257435192,0.5282136917114257,0.0216775437196095,0.4338072776794434,0.4089484691619873
235,Swaziland,2783,Lubombo,2019,0.0,3.055040486653646,5.488840738932292,0.4558258056640625,0.495578130086263,0.0189478720227877,0.650786018371582,0.3256681230333116
235,Swaziland,2783,Lubombo,2020,0.0,3.003723907470703,6.603752136230469,2.2072153958407315,0.5571795145670573,0.0236023565133412,0.5436700185139974,0.4258215957217746
235,Swaziland,2783,Lubombo,2021,0.0,2.50114008585612,8.843949381510416,1.6988492693219863,0.5298277854919433,0.0169986858963966,0.6460939407348633,0.3020817366513339
235,Swaziland,2784,Manzini,2001,0.0,4.764889717102051,12.128531455993652,0.0678972949584325,0.1926182905832926,0.00876201937596,3.6882152557373047,0.1301332712173462
235,Swaziland,2784,Manzini,2002,0.0,4.178007125854492,13.641928672790527,0.0662368237972259,0.2681626975536346,0.0113729896644751,4.423349380493164,0.0640972331166267
235,Swaziland,2784,Manzini,2003,0.0,3.8139572143554688,9.19449234008789,0.0747411698102951,0.3018848299980163,0.0124875927964846,8.827552795410156,0.113161563873291
235,Swaziland,2784,Manzini,2004,0.0,3.67426347732544,12.89716339111328,0.0575188199679056,0.3142955303192138,0.0139361495772997,4.39398193359375,0.1192371447881062
235,Swaziland,2784,Manzini,2005,0.0,3.9601290225982666,8.891154289245605,0.0877126355965932,0.434278130531311,0.0141687402501702,3.261227607727051,0.1327971518039703
235,Swaziland,2784,Manzini,2006,0.0,4.481991291046143,11.035513877868652,0.0588813026746114,0.4569741487503052,0.010356318205595,2.023449182510376,0.1829525430997212
235,Swaziland,2784,Manzini,2007,0.0,3.3042917251586914,15.511531829833984,0.0584776252508163,0.2456444948911667,0.0120466525355974,2.0684988498687744,0.1602539221445719
235,Swaziland,2784,Manzini,2008,0.0,3.6960768699646,17.35978889465332,0.0892005562782287,0.2884175479412079,0.012230625996987,2.802727222442627,0.2100937565167745
235,Swaziland,2784,Manzini,2009,0.0,4.060360431671143,22.37627220153809,0.0440486967563629,0.2438265681266784,0.0142751187086105,3.5075883865356445,0.1064931352933247
235,Swaziland,2784,Manzini,2010,0.0,3.6761374473571777,31.50337028503418,0.0886051754156748,0.2994022071361542,0.0163335017859935,3.601092576980591,0.1515064636866251
235,Swaziland,2784,Manzini,2011,0.0,4.0196943283081055,30.007944107055664,0.1322853863239288,0.2701984643936157,0.0109413576622804,3.733898639678955,0.1435342828432718
235,Swaziland,2784,Manzini,2012,0.0,7.132471084594727,32.09589385986328,0.1327203114827474,0.2201564460992813,0.0146347880363464,3.116016149520874,0.1509555280208587
235,Swaziland,2784,Manzini,2013,0.0,7.600181579589844,33.77485275268555,0.0954997738202412,0.2461155503988266,0.0127142866452535,3.3936238288879395,0.1017546355724334
235,Swaziland,2784,Manzini,2014,0.0,6.162947654724121,30.41879272460937,0.1202937662601471,0.2513889968395233,0.0110351120432217,3.5714221000671387,0.0832485457261403
235,Swaziland,2784,Manzini,2015,0.0,6.207138538360596,33.69954299926758,0.1365133424599965,0.2417798191308975,0.0187570055325826,7.446840286254883,0.1003273129463195
235,Swaziland,2784,Manzini,2016,0.0,6.092411041259766,28.1570987701416,0.185254231095314,0.2029529362916946,0.0111652761697769,4.383357048034668,0.1268668075402577
235,Swaziland,2784,Manzini,2017,0.0,8.312726020812988,27.76568031311035,0.1178613205750783,0.3430887460708618,0.0138947404921054,3.769498109817505,0.0906722545623779
235,Swaziland,2784,Manzini,2018,0.0,5.678764343261719,23.44595718383789,0.1519414633512497,0.2346730530261993,0.0186364563802878,2.462951183319092,0.1184194286664327
235,Swaziland,2784,Manzini,2019,0.0,5.898306846618652,20.70245742797852,0.1019097566604614,0.1942457556724548,0.0285173257191975,1.8706711530685425,0.100802905857563
235,Swaziland,2784,Manzini,2020,0.0,4.772724628448486,18.144906997680664,0.1411931713422139,0.156730905175209,0.0195484968523184,3.3112659454345703,0.1679054896036783
235,Swaziland,2784,Manzini,2021,0.0,7.62952184677124,9.96254539489746,0.1106420358022054,0.1942731738090515,0.0168396458029747,3.245581150054932,0.1327119668324788
235,Swaziland,2785,Shiselweni,2001,0.0,1.0202031135559082,1.7442673577202692,0.2665587425231933,0.4100249767303466,0.019863811135292,0.3205532630284627,0.1151507099469502
235,Swaziland,2785,Shiselweni,2002,0.0,1.215216080347697,1.5110982259114585,0.1769786079724629,0.4297338485717773,0.0239744037389755,0.2507787148157755,0.0985528145517621
235,Swaziland,2785,Shiselweni,2003,0.0,1.3086923252452505,1.4058679580688476,2.193833986918132,0.4410182952880859,0.0185915827751159,0.3116370439529419,0.1870951851209004
235,Swaziland,2785,Shiselweni,2004,0.0,1.034640832380815,1.679170036315918,2.25795062383016,0.4031538963317871,0.0258572176098823,0.300785481929779,0.0909894279071262
235,Swaziland,2785,Shiselweni,2005,0.0,1.0812079906463623,1.5239829063415526,0.2676663398742676,0.2524312842975963,0.0202041901648044,0.2555441206151789,0.1347580637250627
235,Swaziland,2785,Shiselweni,2006,0.0,1.0584995746612549,1.379227352142334,0.112595192023686,0.4580735683441162,0.0175836849957704,0.3555950251492587,0.1408023536205291
235,Swaziland,2785,Shiselweni,2007,0.0,1.3009884574196555,1.793551762898763,0.0397465497255325,0.4357707500457763,0.0229879071315129,0.5022027709267356,0.0927564104398091
235,Swaziland,2785,Shiselweni,2008,0.0,1.4427769978841145,2.3504490322536893,0.0402270942926406,0.378001856803894,0.0270270518958568,0.3628586530685425,0.086562842130661
235,Swaziland,2785,Shiselweni,2009,0.0,1.0345629056294758,2.6744663238525392,0.1105760165623256,0.3414377450942993,0.0576898120343685,0.3013691703478495,0.0855041742324829
235,Swaziland,2785,Shiselweni,2010,0.0,1.0491123994191487,2.1545650482177736,0.326481853212629,0.3599936962127685,0.026764598985513,0.3828469514846802,0.1501456499099731
235,Swaziland,2785,Shiselweni,2011,0.0,1.0321495532989502,2.65634880065918,2.304944174630301,0.3452697515487671,0.0351467840373516,0.2314123709996541,0.1414197782675425
235,Swaziland,2785,Shiselweni,2012,0.0,3.801638603210449,9.186862182617189,0.3052799361092703,0.3867621660232544,0.025157219171524,0.3117891748746236,0.1180867751439412
235,Swaziland,2785,Shiselweni,2013,0.0,3.731396039326986,6.042000198364258,0.1419216245412826,0.4621490955352783,0.0226810872554779,0.2684191664059956,0.1060841878255208
235,Swaziland,2785,Shiselweni,2014,0.0,3.5051600138346357,8.590507507324219,0.1129128560423851,0.4062854766845703,0.0236457996070384,0.3584249416987101,0.090707676751273
235,Swaziland,2785,Shiselweni,2015,0.0,3.5263493855794272,8.877125549316407,3.634006772722517,0.403174352645874,0.0235990267246961,0.3136847615242004,0.0709761594023023
235,Swaziland,2785,Shiselweni,2016,0.0,3.269949277242025,7.087014007568359,0.1687895208597183,0.2938118934631347,0.0175336375832557,0.2981670300165812,0.1266145904858907
235,Swaziland,2785,Shiselweni,2017,0.0,3.533893267313639,8.481021118164062,0.1822204738855362,0.3195163488388061,0.0284919459372758,0.3163071672121684,0.1141250729560852
235,Swaziland,2785,Shiselweni,2018,0.0,2.861135800679525,2.4893808364868164,0.1946438401937484,0.3457381010055542,0.0253627747297287,0.2809819308194247,0.1443987985452016
235,Swaziland,2785,Shiselweni,2019,0.0,3.370452562967936,2.847097969055176,0.4030204614003499,0.2343726396560669,0.0278834346681833,0.2796629775654186,0.1128559708595275
235,Swaziland,2785,Shiselweni,2020,0.0,3.463390350341797,2.393214988708496,0.2238735556602478,0.3330079317092895,0.0189106062054634,0.4460200829939408,0.1546573440233866
235,Swaziland,2785,Shiselweni,2021,0.0,3.0530980428059897,1.6789650917053225,0.3097880681355794,0.4462451457977295,0.0376150012016296,0.328979750474294,0.0596982453550611
243,Togo,2970,Centrale,2001,0.0,2.163886100442272,128.39412822420636,0.0,15.53270484171322,0.0032098107039928,20.532315671554933,4.959014408172123
243,Togo,2970,Centrale,2002,0.0,2.2149434178956,142.4499043367347,0.0,15.762547182233146,0.0032088433702786,21.907835542485955,5.380490174585459
243,Togo,2970,Centrale,2003,0.0,2.224886953271576,154.43740414110428,0.0,15.869701278142587,0.0043601507649702,23.223059333958723,5.633918871421268
243,Togo,2970,Centrale,2004,0.0,2.2737009148848686,167.92120123203284,0.0,15.08204960643797,0.0041937053203582,23.884916147791355,5.906467570906058
243,Togo,2970,Centrale,2005,0.0,2.3563654619948307,180.8256224332649,0.0,18.45197588698308,0.0027923678096972,23.947195870535715,6.218452218621663
243,Togo,2970,Centrale,2006,0.0,2.368272824394972,195.55820071868584,0.0,19.21840857025376,0.004140225288115,24.63369360902256,6.536110754620124
243,Togo,2970,Centrale,2007,0.0,2.373013374500705,211.0934933264887,0.0,19.30579990014098,0.0031237447491058,25.255624412593985,6.870273597920945
243,Togo,2970,Centrale,2008,0.0,2.36865830959234,205.82942440965093,0.0,19.34833910949248,0.0030039136431046,25.931893943843985,6.801827996663245
243,Togo,2970,Centrale,2009,0.0,2.4052862870065788,267.5212878593429,0.0,20.25731504053101,0.0042663579806685,26.59766175693139,6.989758125320842
243,Togo,2970,Centrale,2010,0.0,2.4316507210408838,293.03195585215605,0.0,20.788743097979324,0.0039267294108867,27.28927543468045,6.995059034907597
243,Togo,2970,Centrale,2011,0.0,2.441342920289004,309.83617813141683,0.0,21.303553072133457,0.0035246504204613,27.295085247297934,7.0663240342659135
243,Togo,2970,Centrale,2012,0.0,3.3466055733816966,318.49868454825463,0.0,27.357565055216167,0.0039877100951141,27.794626336348685,8.665582488449692
243,Togo,2970,Centrale,2013,0.0,3.46349501072016,337.263090349076,0.0,29.526965607377814,0.0028896574911318,28.45006681743421,10.432645261165298
243,Togo,2970,Centrale,2014,0.0,3.428031749295113,243.4529004106776,0.0,31.91414693961466,0.003812291038533,16.21099256931391,12.202098305954824
243,Togo,2970,Centrale,2015,0.0,3.4638547969043705,262.65462974846,0.0,34.489485432330824,0.0027790220365637,17.18139097744361,12.488239139502053
243,Togo,2970,Centrale,2016,0.0,3.4908312140888835,283.59220995893224,0.0,37.07705499530957,0.0039447507132654,18.166788813320824,12.664230941991786
243,Togo,2970,Centrale,2017,0.0,3.5273652380325373,303.82652407786884,0.0,40.11103186446629,0.0038122343165533,19.240294724367978,12.921741923347849
243,Togo,2970,Centrale,2018,0.0,3.5219067337348697,402.8117970347648,0.0,42.42864001396648,0.002974547445774,19.990050701233702,13.058491899923313
243,Togo,2970,Centrale,2019,0.0,3.586905848422897,355.0363624744376,0.0,46.70286214953271,0.0042458623647689,21.55535922897196,13.408462742842536
243,Togo,2970,Centrale,2020,0.0,3.5885137064274906,381.6881377551021,0.0,50.24210748370577,0.0040239586184422,22.8253135183892,13.677630739795918
243,Togo,2970,Centrale,2021,0.0,3.655877172167056,424.381029040404,0.0,54.34623247663552,0.0028007269598716,24.207345210280373,13.868252840909092
243,Togo,2971,Kara,2001,0.0,5.588939699352297,156.28899572649573,0.0,16.63678239349626,0.008059521131618,22.66502654246795,4.460727789463141
243,Togo,2971,Kara,2002,0.0,5.697154509715545,169.51820128479656,0.0,16.718470385950855,0.0082258775702908,24.045591696714745,4.702348141394539
243,Togo,2971,Kara,2003,0.0,5.702697232238248,182.95944860813705,0.0,16.918669871794872,0.0080944338152485,25.47122061965812,4.893508159629283
243,Togo,2971,Kara,2004,0.0,5.796764928051549,197.562801124197,0.0,16.014454377003204,0.0079769954020842,26.176277877938038,5.125055938001874
243,Togo,2971,Kara,2005,0.0,6.001384506877671,213.20760840471087,0.0,19.521277794471157,0.0078199083712991,26.212139423076923,5.367978996587259
243,Togo,2971,Kara,2006,0.0,6.054112100193644,230.42189172912205,0.0,20.3206547142094,0.0079221582514826,26.956321781517094,5.645117814842077
243,Togo,2971,Kara,2007,0.0,6.063817733373398,248.19205032119916,0.0,20.404194628071583,0.0081718709504887,27.631084735576923,5.928210109408458
243,Togo,2971,Kara,2008,0.0,6.046290210169604,242.8058585385439,0.0,20.481749966613247,0.0083384391064295,28.34463057558761,5.863990146547109
243,Togo,2971,Kara,2009,0.0,6.150832999465812,314.8045369379015,0.0,21.43285506810897,0.0083651016815316,29.064991486378204,6.0056774457976445
243,Togo,2971,Kara,2010,0.0,6.20587158203125,343.4637312633833,0.0,21.991964226095085,0.0083379377111344,29.86005316840278,6.032918729925053
243,Togo,2971,Kara,2011,0.0,6.245266906216613,365.0258632226981,0.0,22.494852180154915,0.0084735800928936,29.832342164129276,6.155135945028105
243,Togo,2971,Kara,2012,0.0,8.568685939169338,373.39788543897214,0.0,28.98604016426282,0.0087296123668359,30.516363681891026,7.491373523654978
243,Togo,2971,Kara,2013,0.0,8.824146759815704,398.486181745182,0.0,31.30760049412393,0.0093661712630147,31.14233189770299,9.0411881440712
243,Togo,2971,Kara,2014,0.0,8.7492185413328,285.0335251605996,0.0,33.77779447115385,0.0091526697228245,17.777024489182693,10.560953601779978
243,Togo,2971,Kara,2015,0.0,8.846517970419338,307.8337125267666,0.0,36.4093507946047,0.0093230182289058,18.882722773103637,10.736597882093148
243,Togo,2971,Kara,2016,0.0,8.928116235977564,332.4994981263383,0.0,39.32524539262821,0.009437505897669,19.940897102029915,10.943553851043896
243,Togo,2971,Kara,2017,0.0,9.017933902577456,358.8258163811563,0.0,42.50541700053419,0.0096561079884803,21.18709518563034,11.15718578526499
243,Togo,2971,Kara,2018,0.0,9.051798502604166,475.8962794432548,0.0,45.05861044337607,0.0096008482142391,22.085568159054485,11.376256775294433
243,Togo,2971,Kara,2019,0.0,9.179345285790598,418.46272751606,0.0,49.547884949252136,0.0099021229549955,23.73368639823718,11.65309237821199
243,Togo,2971,Kara,2020,0.0,9.271920489449789,449.74696180555554,0.0,53.50040898771368,0.0099651537228039,25.21540297809829,11.825198442508013
243,Togo,2971,Kara,2021,0.0,9.417161207932692,508.14955835117775,0.0,57.72629957932692,0.0102805133558746,26.74328508947649,12.14334766461456
243,Togo,2972,Maritime,2001,0.0,2.6142859271192176,241.716704601378,0.0,33.07604115403543,0.0192943595525786,14.596220241756887,9.366272453248031
243,Togo,2972,Maritime,2002,0.0,2.6635557159664125,261.3112081692913,0.0,33.24463275098425,0.0193151489017516,15.72584930179626,9.842350516732283
243,Togo,2972,Maritime,2003,0.0,2.667811115895669,282.6037155511811,0.0,33.55076202632874,0.0194597131623996,16.67472779281496,10.298165869525098
243,Togo,2972,Maritime,2004,0.0,2.712866835706816,305.3255413385827,0.0,31.872514379306104,0.0193145819536344,17.160019761934056,10.789097102608268
243,Togo,2972,Maritime,2005,0.0,2.811842069851132,328.9720103346457,0.0,38.81539508489173,0.0194327211755467,17.185621847317915,11.362948680487206
243,Togo,2972,Maritime,2006,0.0,2.8303943543922245,355.974624753937,0.0,40.3890563484252,0.0193428167207973,17.511468842273622,11.891086368110235
243,Togo,2972,Maritime,2007,0.0,2.847531536432702,384.4351008858268,0.0,40.7080155019685,0.0196271956436277,18.07834607221949,12.550714928334154
243,Togo,2972,Maritime,2008,0.0,2.8452403151144194,374.8735236220472,0.0,40.64769162155512,0.0198862777920219,18.50710891363189,12.406369186761813
243,Togo,2972,Maritime,2009,0.0,2.885239969088337,486.1695989173229,0.0,42.73625123031496,0.0200911882355457,19.010980561023626,12.662237212413878
243,Togo,2972,Maritime,2010,0.0,2.905294102946604,530.3313238188977,0.0,43.7210875984252,0.0202999678183728,19.51658233882874,12.768626776267224
243,Togo,2972,Maritime,2011,0.0,2.9288647268700787,563.6123277559055,0.0,45.00765871062992,0.0206599498358298,19.572546290600396,12.874573234498031
243,Togo,2972,Maritime,2012,0.0,4.008282999354084,574.9058809055118,0.0,57.85774098794291,0.0206873754816731,19.880759411909448,15.826398714320868
243,Togo,2972,Maritime,2013,0.0,4.148005447988435,609.1760580708661,0.0,62.1031311515748,0.0223557930293045,20.344282495693896,18.94290377399114
243,Togo,2972,Maritime,2014,0.0,4.08817657710999,437.9538324311024,0.0,67.40309731791339,0.0223972027696023,11.678709015132874,22.185935193159448
243,Togo,2972,Maritime,2015,0.0,4.133397860789862,473.9359005905512,0.0,72.50163785679133,0.0223778138949176,12.298328309547244,22.58425927349901
243,Togo,2972,Maritime,2016,0.0,4.216986228161909,512.0612389271654,0.0,78.38043645423228,0.0226926390580304,13.043061023622048,23.02721495140256
243,Togo,2972,Maritime,2017,0.0,4.2448600708969,552.6946358267717,0.0,84.8595903051181,0.0230044530132624,13.88508666031004,23.54764010211614
243,Togo,2972,Maritime,2018,0.0,4.269397645484744,732.7566437007874,0.0,89.66430087352362,0.0229848989351527,14.382770207923228,23.872358667568896
243,Togo,2972,Maritime,2019,0.0,4.371285986712598,645.3228961614174,0.0,99.12727608267716,0.0239118853891928,15.549979622908465,24.49958476870079
243,Togo,2972,Maritime,2020,0.0,4.359610489972933,696.3286171259842,0.0,106.69557394192914,0.0244772415461502,16.504736712598426,25.09464390071358
243,Togo,2972,Maritime,2021,0.0,4.414982352669783,785.8754921259842,0.0,114.9771238312008,0.0246770137876976,17.475339874507874,25.59839059424213
243,Togo,2973,Plateaux,2001,0.0,2.5127623001387374,205.5558705022489,0.0,32.48808224163027,0.0034889246889217,31.93130799672489,6.644163757964767
243,Togo,2973,Plateaux,2002,0.0,2.57336087192062,225.0417458206687,0.0,32.855736770072994,0.0033391960506332,34.10153398722628,7.07773318768997
243,Togo,2973,Plateaux,2003,0.0,2.5810746464416057,244.15139100609755,0.0,33.022576414233576,0.0034992965017432,36.0686473540146,7.4534733469893295
243,Togo,2973,Plateaux,2004,0.0,2.632637169141197,265.3503605769231,0.0,31.358994669655928,0.0034586763381958,37.153341759699856,7.889662710336538
243,Togo,2973,Plateaux,2005,0.0,2.719437382755308,286.5980595146379,0.0,38.2182524249634,0.0032349145064619,37.04744692532943,8.280073309899846
243,Togo,2973,Plateaux,2006,0.0,2.7498300309411605,310.09375,0.0,39.94448320827233,0.003483361005783,38.219796623352856,8.714653403072035
243,Togo,2973,Plateaux,2007,0.0,2.7510911262925517,335.26834553158704,0.0,40.09941778001464,0.0034678933913247,39.24196730874817,9.14553188800077
243,Togo,2973,Plateaux,2008,0.0,2.748828982887994,327.88893971494605,0.0,40.2294621614202,0.0032749466246959,40.2600630261713,9.060132324971107
243,Togo,2973,Plateaux,2009,0.0,2.7925868111159406,423.0102884615384,0.0,42.16058805362372,0.003768586564338,41.28085251189605,9.238392427884616
243,Togo,2973,Plateaux,2010,0.0,2.8074173710880306,462.085925499232,0.0,43.24790103404099,0.0035673483558323,42.37302399798682,9.307156658026114
243,Togo,2973,Plateaux,2011,0.0,2.827723937362738,491.14544930875576,0.0,44.24456099011713,0.0034917149788294,42.41907828513909,9.366128432219664
243,Togo,2973,Plateaux,2012,0.0,3.887744641059663,501.0621159754224,0.0,57.0014984443631,0.0036377650233391,43.20287335285505,11.501257080453149
243,Togo,2973,Plateaux,2013,0.0,4.019048688003294,532.6039746543779,0.0,61.52598828696925,0.003627350124029,44.2747414897511,13.77040280577957
243,Togo,2973,Plateaux,2014,0.0,3.967318756863104,381.84525977760734,0.0,66.41600704612006,0.0036060881614685,25.20889572657394,16.17228539589724
243,Togo,2973,Plateaux,2015,0.0,4.010036217171487,412.7105540644172,0.0,71.70035116215227,0.0035420461134477,26.727328879941435,16.472800038343557
243,Togo,2973,Plateaux,2016,0.0,4.045276111250916,444.0730444785276,0.0,77.48901903367496,0.0037320126062152,28.23850144125183,16.862869356307517
243,Togo,2973,Plateaux,2017,0.0,4.080957245408443,478.77188455657495,0.0,83.6365417123538,0.0036770369400057,29.942588404605264,17.08727840691896
243,Togo,2973,Plateaux,2018,0.0,4.081894431745815,635.225630733945,0.0,88.47993995633188,0.0035150848392747,31.207565729621543,17.348710459671253
243,Togo,2973,Plateaux,2019,0.0,4.155633598305394,559.0075612557428,0.0,97.21880694241985,0.0038138827530004,33.57954286625365,17.833257561255742
243,Togo,2973,Plateaux,2020,0.0,4.189475158069505,602.4417113323124,0.0,104.86464019286754,0.0037255100603026,35.561106941411936,18.1703839849732
243,Togo,2973,Plateaux,2021,0.0,4.238630022321429,664.2525299850075,0.0,113.40639805029154,0.0036668022553285,37.648969911625365,18.173476738193404
243,Togo,2974,Savanes,2001,0.0,14.513943758877842,176.75233043323863,0.0,33.39954723011363,0.1543736132708462,48.76423783735795,15.107527299360797
243,Togo,2974,Savanes,2002,0.0,14.828624378551137,192.4930308948864,0.0,33.78699840198863,0.1535944721915505,51.88482111150568,15.903278697620738
243,Togo,2974,Savanes,2003,0.0,14.90780223499645,207.0944158380682,0.0,33.90522904829545,0.1520452932877974,54.85137384588068,16.76151067560369
243,Togo,2974,Savanes,2004,0.0,15.156129316850144,224.3055752840909,0.0,32.11390547318892,0.1540050398219715,56.21376731178977,17.583587646484375
243,Togo,2974,Savanes,2005,0.0,15.695012872869318,241.6124822443182,0.0,39.18684525923295,0.153465368530967,56.3755937056108,18.442726828835227
243,Togo,2974,Savanes,2006,0.0,15.85307589444247,260.57528409090907,0.0,40.86768132990057,0.151798432523554,57.75423916903409,19.354453346946023
243,Togo,2974,Savanes,2007,0.0,15.86201199618253,281.28238192471593,0.0,41.02115700461648,0.156222711909901,59.40228826349432,20.33462940562855
243,Togo,2974,Savanes,2008,0.0,15.852852561257102,274.1807306463068,0.0,41.07225730202415,0.1576261303641579,60.99750865589488,20.13665077903054
243,Togo,2974,Savanes,2009,0.0,16.121389215642754,353.8306995738636,0.0,43.23404208096591,0.1555061773820356,62.6634521484375,20.63729303533381
243,Togo,2974,Savanes,2010,0.0,16.198673595081676,387.8772638494318,0.0,44.26170765269887,0.157035773450678,64.2599209872159,20.76320856267756
243,Togo,2974,Savanes,2011,0.0,16.286346435546875,412.29323508522725,0.0,45.36854137073863,0.1592288234017112,64.2416104403409,20.877410888671875
243,Togo,2974,Savanes,2012,0.0,22.43882335316051,420.63037109375,0.0,58.20686479048295,0.1625796989961103,65.41936700994319,25.62277776544744
243,Togo,2974,Savanes,2013,0.0,23.165510697798297,446.4939630681818,0.0,62.7257080078125,0.1777832291342995,67.24099454012784,30.68173217773437
243,Togo,2974,Savanes,2014,0.0,22.8250468860973,321.20068359375,0.0,67.72297252308239,0.1759309877048839,38.31274136629972,35.989166259765625
243,Togo,2974,Savanes,2015,0.0,23.045046719637785,346.57661576704544,0.0,73.18001487038352,0.1785891164432872,40.60810435901988,36.80777254971591
243,Togo,2974,Savanes,2016,0.0,23.23295731977983,375.0330255681818,0.0,78.95519464666194,0.1776174523613669,43.02495228160512,37.49400745738637
243,Togo,2974,Savanes,2017,0.0,23.513788396661933,403.18900923295456,0.0,85.41269198330966,0.1788799979469993,45.68693126331676,38.346898859197445
243,Togo,2974,Savanes,2018,0.0,23.69340653852983,535.1712091619319,0.0,90.7087735262784,0.1838482076471502,47.64272238991477,38.74256203391335
243,Togo,2974,Savanes,2019,0.0,24.02016657049006,470.4693270596591,0.0,99.43159623579544,0.1869020028547807,51.25275213068182,39.76353038441051
243,Togo,2974,Savanes,2020,0.0,24.21903575550426,508.92684659090907,0.0,107.55853826349431,0.1894313205372203,54.46012739701705,40.57464322176847
243,Togo,2974,Savanes,2021,0.0,24.427501331676137,576.0577059659091,0.0,116.299072265625,0.1960482597351074,57.88664106889205,41.6024863503196
270,Zambia,3426,Central,2001,0.0,6.333425832901218,45.43445635098743,0.0,3.998562121224397,0.0,0.2785979148263258,0.4708448755890934
270,Zambia,3426,Central,2002,0.0,5.906238859541094,46.92206582255747,0.0,4.288342927631579,0.0,0.3078777898891338,0.4012135034319998
270,Zambia,3426,Central,2003,0.0,5.573577667228416,47.68510046645138,0.0,4.852155982628986,0.0,0.3159774527015527,0.3895988122168775
270,Zambia,3426,Central,2004,0.0,5.494510888064056,47.75361440373563,0.0,5.298519150350104,0.0,0.3351839889348249,0.4138712389715787
270,Zambia,3426,Central,2005,0.0,6.023841699623962,48.572473762109794,0.0,5.582342250713174,0.0,0.3526011901142996,0.436006248318084
270,Zambia,3426,Central,2006,0.0,6.572125356494685,45.41632261457215,0.0,5.589426995560021,0.0,0.3618952011171713,0.5737338778027659
270,Zambia,3426,Central,2007,0.0,5.761100454530723,45.43609302273541,0.0,5.715325828039927,0.0,0.3705316757265463,0.7756089792002328
270,Zambia,3426,Central,2008,0.0,5.437524306455795,47.51039809201141,0.0,5.741238029070521,0.0,0.3726644281096059,1.0161359191110912
270,Zambia,3426,Central,2009,0.0,7.130708433285788,49.76849376114082,0.0,6.0144762221213695,0.0,0.3894727575794423,1.0230605399119874
270,Zambia,3426,Central,2010,0.0,7.27381434776971,52.65444090666192,0.0,6.286823193561982,0.0,0.4085233577030642,1.0276161577084075
270,Zambia,3426,Central,2011,0.0,5.9712269982166015,54.171296708185054,0.0,6.590410688229572,0.0,0.4197577213035019,1.1743257895907473
270,Zambia,3426,Central,2012,0.0,9.202313351167316,54.5345780085197,0.0,6.7214489096952015,0.0,0.4269148731355383,2.172393614660987
270,Zambia,3426,Central,2013,0.0,9.460880755512322,56.667381499823136,0.0,7.166379904345006,0.0,0.4445587934207965,1.5642175340466926
270,Zambia,3426,Central,2014,0.0,9.596607490272374,56.47166183192687,0.0,7.449245095654994,0.0,0.4483222585300986,1.563415098123242
270,Zambia,3426,Central,2015,0.0,9.268113651102464,56.53700657894737,0.0,7.753164518482491,0.0,0.4496615596627756,1.4213381476151317
270,Zambia,3426,Central,2016,0.0,8.893105271260046,56.98831668702024,0.0,7.409880776834327,0.0,0.4538597639032927,1.473031064637125
270,Zambia,3426,Central,2017,0.0,8.727094203720508,57.481041159067175,0.0,10.241466408478091,0.0,0.3166302566211748,1.5215540566263488
270,Zambia,3426,Central,2018,0.0,8.70545722534938,57.42556505672052,0.0,11.449542248964804,0.0,0.343374340700233,1.7858969805452904
270,Zambia,3426,Central,2019,0.0,9.21957135565206,58.03035232416435,0.0,11.27159223489759,0.0,0.3078035853215767,1.865776550803012
270,Zambia,3426,Central,2020,0.0,8.92515342377261,55.71640960079182,0.0,11.542939478359171,0.0,0.3833356359516311,1.6501198230266414
270,Zambia,3426,Central,2021,0.0,9.621308457026188,59.3957754428621,0.0,12.131990131578949,0.0,0.4146787398089017,1.700212442199983
270,Zambia,3427,Copperbelt,2001,0.0,2.38770644469831,245.9390746124031,0.0,1.814407060731132,0.0,0.4261077784892148,1.8654688950964955
270,Zambia,3427,Copperbelt,2002,0.0,2.23305449095912,252.55848329048845,0.0,1.9237097014421187,0.0,0.4631015609645244,1.5841470831157616
270,Zambia,3427,Copperbelt,2003,0.0,2.10642938194035,255.65536971830983,0.0,2.2119186689268866,0.0,0.4858583174411606,1.528338130701825
270,Zambia,3427,Copperbelt,2004,0.0,2.0808539240615174,255.66599311779768,0.0,2.405294934158805,0.0,0.5136364630933078,1.6402548815621
270,Zambia,3427,Copperbelt,2005,0.0,2.275889270710495,258.4352250957854,0.0,2.5301981991941824,0.0,0.5391098118428165,1.7119156215078224
270,Zambia,3427,Copperbelt,2006,0.0,2.482916298152516,242.18781887755105,0.0,2.5428489829009435,0.0,0.5568661959666126,2.2625463057537467
270,Zambia,3427,Copperbelt,2007,0.0,2.175988539209906,241.9539390088945,0.0,2.590342395710495,0.0,0.5711576833664996,3.026786600619441
270,Zambia,3427,Copperbelt,2008,0.0,2.0571807285524764,252.1744002525253,0.0,2.598028794774469,0.0,0.5693046042004472,3.9280632866753473
270,Zambia,3427,Copperbelt,2009,0.0,2.696239927279874,262.30034504391466,0.0,2.7389489899641317,0.0,0.6011384208247347,3.951115204967848
270,Zambia,3427,Copperbelt,2010,0.0,2.7414019122813484,271.6477585679315,0.0,2.83748353202388,0.0,0.6283403312635122,3.884509830171359
270,Zambia,3427,Copperbelt,2011,0.0,2.2469751130110063,277.9982131995134,0.0,2.982501527798251,0.0,0.6439544389832694,4.399534053756082
270,Zambia,3427,Copperbelt,2012,0.0,3.478578579500786,277.1284763755981,0.0,3.05718092048693,0.0,0.6551446974652368,8.001512737365431
270,Zambia,3427,Copperbelt,2013,0.0,3.566447707841981,285.41229659763314,0.0,3.227394343921973,0.0,0.6836984022608343,5.746895802514793
270,Zambia,3427,Copperbelt,2014,0.0,3.6159184293926887,281.47764985380115,0.0,3.3627760785180816,0.0,0.6812912083271915,5.6950395193713454
270,Zambia,3427,Copperbelt,2015,0.0,3.500606512873428,279.7025302768166,0.0,3.5002383825913914,0.0,0.6856805093633304,5.151826746323529
270,Zambia,3427,Copperbelt,2016,0.0,3.3741197885957157,281.4872890446224,0.0,3.3746959758254715,0.0,0.6876568104486046,5.337672742062357
270,Zambia,3427,Copperbelt,2017,0.0,3.2907246523683176,283.85325,0.0,4.648973764863404,0.0,0.482621006995627,5.480033482142857
270,Zambia,3427,Copperbelt,2018,0.0,3.29517983490566,286.50206435079724,0.0,5.1786472152614,0.0,0.5282183953051297,6.511682045486902
270,Zambia,3427,Copperbelt,2019,0.0,3.4832571737421385,284.02017562571103,0.0,5.112649401778695,0.0,0.471273698146988,6.713992729664391
270,Zambia,3427,Copperbelt,2020,0.0,3.376695932832154,240.96329697986576,0.0,5.243957903400157,0.0,0.585526520351194,5.227119599412752
270,Zambia,3427,Copperbelt,2021,0.0,3.635105732851808,288.636994949495,0.0,5.48115395599941,0.0,0.6355384970610997,6.009669174382716
270,Zambia,3428,Eastern,2001,0.0,6.568212560117563,45.99558574935161,0.109296723415977,3.910888932801924,0.0,0.4061218413926122,1.5663845405705816
270,Zambia,3428,Eastern,2002,0.0,6.129379397488422,47.481790130603926,0.1379714868007562,4.18044766710456,0.0,0.4459075438496393,1.3395531150136624
270,Zambia,3428,Eastern,2003,0.0,5.795043684292588,48.26309419014085,0.066634041922433,4.747077621057556,0.0,0.4594512091138408,1.3016191826121202
270,Zambia,3428,Eastern,2004,0.0,5.720230852971311,48.22270983963664,0.0778920582362583,5.166093234920706,0.0,0.48935025705241,1.3895722171046534
270,Zambia,3428,Eastern,2005,0.0,6.262693920393799,48.986607142857146,0.0893049365595767,5.444316099986636,0.0,0.5145771790638364,1.4688106048527363
270,Zambia,3428,Eastern,2006,0.0,6.82467884109943,46.052044695845694,0.0756157496396233,5.450319209951889,0.0,0.5283211825663756,1.9270930530763168
270,Zambia,3428,Eastern,2007,0.0,5.995756860299359,45.98408543365456,0.0409619519204804,5.583874398610122,0.0,0.54164168126058,2.6019112464672904
270,Zambia,3428,Eastern,2008,0.0,5.663010094740827,48.24679976851852,0.0819894365362218,5.610138298227645,0.0,0.5419834029602334,3.4073582175925927
270,Zambia,3428,Eastern,2009,0.0,7.409154986417884,50.68216632728619,0.0908649894926283,5.896675025605629,0.0,0.5696440487091423,3.444381855099963
270,Zambia,3428,Eastern,2010,0.0,7.56624911000356,53.57681182895224,0.0987661207044446,6.170514278880384,0.0,0.5964373286061543,3.4774721746575343
270,Zambia,3428,Eastern,2011,0.0,6.20680110248309,54.87052827656424,0.0406718651453653,6.483332035421858,0.0,0.6094219334060164,3.9644044595751575
270,Zambia,3428,Eastern,2012,0.0,9.57191240766287,55.776535310995925,0.1075202838794605,6.626989976415095,0.0026665597688406,0.6240312162774786,7.312599789429841
270,Zambia,3428,Eastern,2013,0.0,9.817139801753292,58.00692773871207,0.0925741851329803,7.052413837219651,0.0026475666090846,0.6504672828964934,5.326004175148039
270,Zambia,3428,Eastern,2014,0.0,9.966267048994304,58.05831483536811,0.1706409209813827,7.364527940325739,0.0029211225919425,0.6507718720101682,5.3464589402978175
270,Zambia,3428,Eastern,2015,0.0,9.623811443505335,58.24544006280015,0.096731330219068,7.643333657695729,0.0026976643130183,0.6565379729898799,4.902966773065201
270,Zambia,3428,Eastern,2016,0.0,9.256019877267876,58.99472050406204,0.1659405292608799,7.357364900168979,0.0,0.6588995033462292,5.132166627238737
270,Zambia,3428,Eastern,2017,0.0,9.08222996709356,59.62435977297896,0.1217962440691496,10.128795079598008,0.0020180931314826,0.4638723986125934,5.258823308877815
270,Zambia,3428,Eastern,2018,0.0,9.082647331747866,60.238821185035015,0.1105910727852269,11.295552542674251,0.0,0.5042720702430432,6.35415850764836
270,Zambia,3428,Eastern,2019,0.0,9.611975227980428,59.96654588257016,0.0871340527253992,11.205506978425268,0.0,0.451333433538145,6.660488021602659
270,Zambia,3428,Eastern,2020,0.0,9.318089978448276,60.46153183572216,0.1290375880706004,11.47122525439922,0.0068659600284364,0.560903539023618,6.182211991225652
270,Zambia,3428,Eastern,2021,0.0,10.00065196841637,61.83077819306017,0.1296396384368071,12.033899577402137,0.005221540206357,0.6056113246496886,6.007990941652824
270,Zambia,3429,Luapula,2001,0.0,0.2131247662483377,91.50519220846232,0.0,0.8377396603848072,0.0,0.0392938735637259,0.2765748267080269
270,Zambia,3429,Luapula,2002,0.0,0.2011316989330535,93.72866987179488,0.0,0.8951610159366689,0.0,0.043505055853661,0.2342783453525641
270,Zambia,3429,Luapula,2003,0.0,0.1879727302713597,95.22228441658136,0.0,1.0175715020362368,0.0,0.0449154874111743,0.2270799244438491
270,Zambia,3429,Luapula,2004,0.0,0.1856542546698387,95.01503387014314,0.0,1.1042635004571144,0.0,0.0471575757290454,0.2393314697015992
270,Zambia,3429,Luapula,2005,0.0,0.201957215654089,96.2668287627551,0.0,1.1632635887632978,0.0,0.0502330780029296,0.2529794809769611
270,Zambia,3429,Luapula,2006,0.0,0.221189442086727,89.99114847715737,0.0,1.1662185993600398,0.0,0.0519232283247278,0.3314698814740641
270,Zambia,3429,Luapula,2007,0.0,0.1936873740338264,89.65088088309717,0.0,1.1914698823969414,0.0,0.0524105153185256,0.4435545886576417
270,Zambia,3429,Luapula,2008,0.0,0.1826927996696309,93.40820705482898,0.0,1.193476250831117,0.0,0.0524622491065492,0.5723472917583626
270,Zambia,3429,Luapula,2009,0.0,0.2395664296251662,97.06791105289422,0.0,1.2535976978058512,0.0,0.0554256642118413,0.5753360222913548
270,Zambia,3429,Luapula,2010,0.0,0.2435887600513214,100.17268423281703,0.0,1.3097897793384308,0.0,0.0578788026850274,0.5649884381806631
270,Zambia,3429,Luapula,2011,0.0,0.2001555097864029,102.8602069215876,0.0,1.3719239579870346,0.0,0.0591276371732671,0.6381014060420196
270,Zambia,3429,Luapula,2012,0.0,0.3107414407933012,101.75424786121673,0.0,1.4023194657995346,0.0,0.0599429759573429,1.1576452218987645
270,Zambia,3429,Luapula,2013,0.0,0.3163463836020612,104.8468838694418,0.0,1.4883778673537231,0.0,0.0626777202525037,0.8362915270037548
270,Zambia,3429,Luapula,2014,0.0,0.3214829465176196,104.13289319248828,0.0,1.550329849567819,0.0,0.0627504105263568,0.8307149537852113
270,Zambia,3429,Luapula,2015,0.0,0.3106967682534076,104.1077410130719,0.0,1.6128349141871676,0.0,0.0630634591934528,0.7587436423136963
270,Zambia,3429,Luapula,2016,0.0,0.2982644913044381,103.9042519549218,0.0,1.545437946725399,0.0,0.0632861847573138,0.7811143413638455
270,Zambia,3429,Luapula,2017,0.0,0.2942146463597074,104.9715090347667,0.0,2.135860491813497,0.0,0.0445185154042345,0.794820131125629
270,Zambia,3429,Luapula,2018,0.0,0.2932793799867021,105.36034266848816,0.0,2.3916690907579787,0.0,0.0484078833397398,0.9471786860342668
270,Zambia,3429,Luapula,2019,0.0,0.3085311889648437,104.97228304140128,0.0,2.353012799202128,0.0,0.0433637132035925,0.975574941175216
270,Zambia,3429,Luapula,2020,0.0,0.3039263136843417,83.41513216845878,0.0,2.412598695146277,0.0,0.0537494010113655,0.7139022772457437
270,Zambia,3429,Luapula,2021,0.0,0.3237306310775432,106.52772493285586,0.0,2.519145300033245,0.0,0.0582863827969165,0.8725443868201657
270,Zambia,3430,Lusaka,2001,0.0,6.166830632716049,62.57096248990307,0.0474780996640523,2.136064694251543,0.0036952001973986,0.733650791497878,1.5264910326635703
270,Zambia,3430,Lusaka,2002,0.0,5.74575412863552,65.37673611111111,0.044563425214667,2.331749340095142,0.0031589448917657,0.808037786200495,1.3147000580831292
270,Zambia,3430,Lusaka,2003,0.0,5.4159002020807545,67.4843490448505,0.0264271462664884,2.626461217899134,0.002134776674211,0.8290955194152227,1.2896295591842295
270,Zambia,3430,Lusaka,2004,0.0,5.333752638049876,68.07593433277027,0.0373818986117839,2.845566684576363,0.0025008949451148,0.8854780043515722,1.4106969060124577
270,Zambia,3430,Lusaka,2005,0.0,5.885938106560559,70.34424244037479,0.0416819900274276,3.023221867721273,0.0029446941334754,0.934036311747865,1.485829549916152
270,Zambia,3430,Lusaka,2006,0.0,6.327095650337838,65.09461216044143,0.0372879989445209,2.9970076277449325,0.0037579108029603,0.9505352798199478,1.962711146408107
270,Zambia,3430,Lusaka,2007,0.0,5.565995949785012,65.1279594809322,0.023306131362915,3.0992890529023343,0.0042474465444684,0.9754446718558046,2.650005379369704
270,Zambia,3430,Lusaka,2008,0.0,5.216164628762285,68.26100127551021,0.0375400880972544,3.0368235445139744,0.0032692546956241,0.9671852055580082,3.4701201769770407
270,Zambia,3430,Lusaka,2009,0.0,6.914346876936183,72.00022587159864,0.0426683947443962,3.2566320331861838,0.0034440390300005,1.0297716937248296,3.513112178465136
270,Zambia,3430,Lusaka,2010,0.0,7.087149721812965,76.57471035289116,0.0410790517926216,3.452716685406328,0.0042822291143238,1.0795612193218826,3.512292563509779
270,Zambia,3430,Lusaka,2011,0.0,5.775537471960087,78.61805335236886,0.0169755571654864,3.569439576403929,0.0031800279393792,1.0956204858156715,3.988301904875212
270,Zambia,3430,Lusaka,2012,0.0,8.957797252555762,79.7970209040747,0.0404709312650892,3.654892856451363,0.0023701507598161,1.1266551342743183,7.451103896965195
270,Zambia,3430,Lusaka,2013,0.0,9.136503349597271,82.53004706006769,0.037893619802263,3.879697967491481,0.0026991737540811,1.1871526971034696,5.424507257296955
270,Zambia,3430,Lusaka,2014,0.0,9.30655278283964,82.22683257799325,0.050247053305308,4.018434737515508,0.0023842887021601,1.1808912405009304,5.358353973440135
270,Zambia,3430,Lusaka,2015,0.0,8.93683361119727,82.72962699915826,0.021789538860321,4.191520747712469,0.0023806225508451,1.1805769775996433,4.926606560395623
270,Zambia,3430,Lusaka,2016,0.0,8.65645511442844,83.27038388324873,0.0403142038144563,4.052769770852695,0.0035055589396506,1.200111814591078,5.108863585289763
270,Zambia,3430,Lusaka,2017,0.0,8.488035897758994,84.78032466159053,0.0500123249857049,5.550962992400744,0.0026680161245167,0.837474359176295,5.2882230858714045
270,Zambia,3430,Lusaka,2018,0.0,8.42722670789392,85.74189667935703,0.0365280906359354,6.186695486972705,0.0043480386957526,0.9005136040245038,6.313118820061336
270,Zambia,3430,Lusaka,2019,0.0,8.944463157180522,85.67311759729273,0.0361205273204379,6.110282500387717,0.0028392649255692,0.8089780594515741,6.517988743919204
270,Zambia,3430,Lusaka,2020,0.0,8.59427917179803,85.65263068656094,0.0453361680633143,6.22500264585899,0.0025399751029908,0.9904750579683652,5.975091542544867
270,Zambia,3430,Lusaka,2021,0.0,9.312725966384926,87.65460699957771,0.0480952764812268,6.569105730459057,0.0025945152156054,1.0835592492342587,5.916717529296875
270,Zambia,3431,North-Western,2001,0.0,0.6232305520272963,50.83887987012987,0.0,0.2339268494564405,0.0,0.0439555357062232,0.6671375499500499
270,Zambia,3431,North-Western,2002,0.0,0.5792250677892757,51.953938641411646,0.0,0.2537934219108014,0.0,0.0487131945114774,0.5619182078294669
270,Zambia,3431,North-Western,2003,0.0,0.5469370688259614,52.2398346125731,0.0,0.2819407832268629,0.0,0.0491784508662006,0.5398566708927266
270,Zambia,3431,North-Western,2004,0.0,0.5395531161274656,51.84284535489341,0.0,0.3077730405708308,0.0,0.0524368909374844,0.5721991487251695
270,Zambia,3431,North-Western,2005,0.0,0.5942824007054444,52.12824582732949,0.0,0.324770705304219,0.0,0.0563069689839235,0.5958224396426213
270,Zambia,3431,North-Western,2006,0.0,0.6451298808671564,48.35406146031369,0.0,0.3225198814118526,0.0,0.0567339893356262,0.7802588749294499
270,Zambia,3431,North-Western,2007,0.0,0.5669556028741785,47.97727272727273,0.0,0.3347135876972963,0.0,0.0583220396210914,1.0537490844726562
270,Zambia,3431,North-Western,2008,0.0,0.5332872443549592,50.382223433082,0.0,0.33141328879643,0.0,0.0587331851244305,1.3754859802073516
270,Zambia,3431,North-Western,2009,0.0,0.69725862594565,49.90223224241748,0.0,0.3469966863366016,0.0,0.0608284289728187,1.307653558137266
270,Zambia,3431,North-Western,2010,0.0,0.7163013559956973,51.69309737042683,0.0,0.3692378489277631,0.0,0.0637775122099457,1.2762270405732796
270,Zambia,3431,North-Western,2011,0.0,0.5879196673898448,52.22812164699571,0.0,0.3828800551242043,0.0,0.0651696172698677,1.438426896123927
270,Zambia,3431,North-Western,2012,0.0,0.9027390761761488,52.13462966893039,0.0,0.3890930382186194,0.0,0.0666910362015954,2.655858090049342
270,Zambia,3431,North-Western,2013,0.0,0.9268967108862144,53.92343815267335,0.0,0.4185053057240899,0.0,0.0701799698133982,1.8937455944548875
270,Zambia,3431,North-Western,2014,0.0,0.9433641335086018,53.00609426482702,0.0,0.4326236940321698,0.0,0.0695942990250689,1.865115924564971
270,Zambia,3431,North-Western,2015,0.0,0.9091697820331146,53.18270625508958,0.0,0.4523896647523866,0.0,0.0703758658543406,1.6931516168948493
270,Zambia,3431,North-Western,2016,0.0,0.875100705580002,51.586091047562896,0.0,0.4342518808733592,0.0,0.0718263612442198,1.7005530783215408
270,Zambia,3431,North-Western,2017,0.0,0.8607586577665075,51.606647307542765,0.0,0.5981633225033562,0.0,0.0497306817660942,1.7309748766767108
270,Zambia,3431,North-Western,2018,0.0,0.8572958481432691,52.23295674941815,0.0,0.6687996728350567,0.0,0.0540197906827898,2.0658503518352407
270,Zambia,3431,North-Western,2019,0.0,0.9063689390597036,51.69784416086621,0.0,0.6633556621594751,0.0,0.0482503121678755,2.112262581266918
270,Zambia,3431,North-Western,2020,0.0,0.8803841987139662,40.5088824527745,0.0,0.6713255622514911,0.0,0.0601694376716606,1.5178718431781286
270,Zambia,3431,North-Western,2021,0.0,0.944885872874826,50.14036800986842,0.0,0.7037093063357527,0.0,0.0647747519950692,1.8224344532392176
270,Zambia,3432,Northern,2001,0.0,0.7850041798777927,31.17770383469844,0.3180980682373047,0.8287861031202755,0.0022812688257545,0.0485004852464093,0.3404013831848008
270,Zambia,3432,Northern,2002,0.0,0.7331981380186461,32.264128783180354,0.368225968402365,0.8858603002162775,0.0,0.0533358629823592,0.290224817721254
270,Zambia,3432,Northern,2003,0.0,0.6936909928554931,32.687890915283624,0.3069773483276367,1.0011100134648496,0.0022466061636805,0.0552312901255144,0.2812290451507153
270,Zambia,3432,Northern,2004,0.0,0.683228666874895,32.67814512633144,0.3990409685217816,1.082727048730682,0.0022354905959218,0.0584464935861514,0.3003870387876982
270,Zambia,3432,Northern,2005,0.0,0.7470486585020157,33.01755791030064,0.415627326965332,1.1429433721705442,0.0021145539358258,0.0614735266751007,0.3148181026001879
270,Zambia,3432,Northern,2006,0.0,0.8115217970456072,30.88535261928185,0.3067598342895508,1.1401420502267765,0.0020918082445859,0.063375269567668,0.4125704561262605
270,Zambia,3432,Northern,2007,0.0,0.7173528249937007,30.746615094455347,0.3185904820760091,1.1770603122900218,0.0026436417829245,0.064773895350821,0.5574960755412782
270,Zambia,3432,Northern,2008,0.0,0.6799937213952805,32.135469968323584,0.3705636660257975,1.1725237727525613,0.0023654873948544,0.0648468294358309,0.7254058659425255
270,Zambia,3432,Northern,2009,0.0,0.8853300105496305,33.552241468302164,0.2503343423207601,1.2322399791631675,0.0021068647038191,0.0681092220943247,0.7289243841275505
270,Zambia,3432,Northern,2010,0.0,0.9043339430424924,35.35969233558994,0.3034408489863078,1.2996929913188613,0.0,0.0712292062223137,0.7298528497869318
270,Zambia,3432,Northern,2011,0.0,0.7444221617032667,36.28861091040462,0.2751392722129822,1.350520904407751,0.0020836819894611,0.0732828588104504,0.8297370807743256
270,Zambia,3432,Northern,2012,0.0,1.137998007510707,36.66634799235182,0.312913355620011,1.3839386468130668,0.0029997106175869,0.0747963338639858,1.5338476702542423
270,Zambia,3432,Northern,2013,0.0,1.1723007904350016,38.04151806942463,0.2031238873799642,1.4714981196989418,0.003715431317687,0.0783108066383287,1.10521265194068
270,Zambia,3432,Northern,2014,0.0,1.1891319218540128,37.89142694536424,0.3159503173828125,1.5290627361064473,0.0058209779672324,0.0782706297188496,1.0991192459496215
270,Zambia,3432,Northern,2015,0.0,1.1504368625125925,38.09761120263592,0.2350479507446289,1.5922507240597716,0.0034984978847205,0.0786471959326073,1.0076370221302071
270,Zambia,3432,Northern,2016,0.0,1.1123033760177103,37.9715486159572,0.2706661621729533,1.5325490232079906,0.0,0.078819194215445,1.0379237449842986
270,Zambia,3432,Northern,2017,0.0,1.0896205521078144,38.28712022569445,0.3155139684677124,2.106702526964076,0.0036025526933372,0.0555745845715911,1.064712863498264
270,Zambia,3432,Northern,2018,0.0,1.0841733976643744,36.64057693364096,0.3521018028259277,2.351683710374036,0.0026031816378235,0.0606271666354358,1.213306162965557
270,Zambia,3432,Northern,2019,0.0,1.1499370980306782,38.25865763261524,0.2981152153015137,2.3234608771718146,0.0045419572852551,0.0541903303837003,1.3243183969263956
270,Zambia,3432,Northern,2020,0.0,1.1221027227204157,34.48822616492949,0.3299054718017578,2.3714754703737846,0.0092937143949361,0.0672548033829067,1.0909333766030551
270,Zambia,3432,Northern,2021,0.0,1.2013136790225785,38.94968099107347,0.292804757754008,2.487683705881736,0.0073769898577169,0.0726064669519577,1.1882753937542916
270,Zambia,3433,Southern,2001,0.0,11.081852947353685,118.48722266244056,0.011109315923282,5.283029744819379,0.0162979328632354,0.6457843593574979,0.681417377550515
270,Zambia,3433,Southern,2002,0.0,10.33011039449734,122.47149627220811,0.0147600769996643,5.659711587265472,0.0146391417669213,0.706641007858443,0.5813134285399151
270,Zambia,3433,Southern,2003,0.0,9.74394864883786,124.88846107927412,0.0171731840009274,6.412411286229347,0.0136668180877512,0.7286775194273313,0.5650265173561366
270,Zambia,3433,Southern,2004,0.0,9.622195119815023,128.63542690921008,0.0138552314960039,6.978105622022142,0.0159586564852641,0.7697761433006937,0.6224913770587512
270,Zambia,3433,Southern,2005,0.0,10.529642832118832,131.57023770221195,0.0141395640869935,7.358041532371076,0.0141003315265362,0.8122262997477578,0.6592461833783839
270,Zambia,3433,Southern,2006,0.0,11.498704118800784,123.39330724876442,0.0174018169442812,7.358185284743626,0.0185098228631196,0.8330463934225273,0.8695809629839374
270,Zambia,3433,Southern,2007,0.0,10.102550841514727,123.15577651515152,0.0172277927398681,7.549394613429173,0.0148077396055062,0.8567888214410939,1.1709820693346509
270,Zambia,3433,Southern,2008,0.0,9.52370281364019,129.46372363216875,0.0181075644493103,7.554667217758911,0.0185086263550652,0.8572486536977266,1.5355598786667766
270,Zambia,3433,Southern,2009,0.0,12.488752675063148,135.54680290046144,0.0127098833521207,7.92944192043222,0.0150568236907323,0.8987025395558518,1.551196787965557
270,Zambia,3433,Southern,2010,0.0,12.736919599003649,143.63615777338603,0.017365825176239,8.307438210426607,0.0172718178767424,0.941176704366054,1.5563347254817197
270,Zambia,3433,Southern,2011,0.0,10.439351713794554,147.78789937417656,0.0208736360073089,8.675108098863317,0.019530339882924,0.9627879118939447,1.7757290122694334
270,Zambia,3433,Southern,2012,0.0,16.131715066306484,149.85789841949293,0.0217570233345031,8.88069656890261,0.0162288019290337,0.9859267284854756,3.297573738989957
270,Zambia,3433,Southern,2013,0.0,16.55562157942745,155.64473684210526,0.016963822974099,9.438312385980916,0.0162765681743621,1.025177318863142,2.3869942112972864
270,Zambia,3433,Southern,2014,0.0,16.779082541046872,155.52885485197368,0.0196066951751709,9.824011542239688,0.0169586023459067,1.0260621316306484,2.3860537880345394
270,Zambia,3433,Southern,2015,0.0,16.234630446603987,156.21894473597902,0.0248080271261709,10.20269962110581,0.0153616034984588,1.0359501352880298,2.198634221773532
270,Zambia,3433,Southern,2016,0.0,15.588797844162222,158.23684426229508,0.0198707823400144,9.774210417836091,0.0165904799233312,1.0375888855511508,2.2778312307889346
270,Zambia,3433,Southern,2017,0.0,15.274862738563009,159.8219703181371,0.0148468200977032,13.520548651066518,0.0149659724147231,0.7273108187666644,2.347464716915382
270,Zambia,3433,Southern,2018,0.0,15.260573077462812,161.83015635259358,0.0183611672658186,15.11613940148751,0.0316496565937995,0.7925622144041187,2.801949213620322
270,Zambia,3433,Southern,2019,0.0,16.11403443376368,160.81279742369543,0.0171155059337615,14.89694428852091,0.0116453802585601,0.7076913821305781,2.8869841237282574
270,Zambia,3433,Southern,2020,0.0,15.660423531267528,161.35798588578845,0.021521297948701,15.20470239764442,0.0137629176561649,0.8812896677168045,2.6593983208955225
270,Zambia,3433,Southern,2021,0.0,16.821461461549255,165.53102459016392,0.0116063778599103,15.964478669660398,0.0146158837846347,0.9524678827971512,2.6272938012295084
270,Zambia,3434,Western,2001,0.0,2.5955466764519013,39.49483305317848,0.0,0.2353691192994634,0.0047357739372686,0.010677808451123,0.3570410395018337
270,Zambia,3434,Western,2002,0.0,2.42239600491811,40.83433677370031,0.0,0.2582125836108104,0.0028805655560323,0.0085428504585705,0.3044913848970279
270,Zambia,3434,Western,2003,0.0,2.285348032091414,41.61960975796568,0.0,0.2934822221862643,0.002941085336109,0.0080153119843941,0.2958174686805874
270,Zambia,3434,Western,2004,0.0,2.2490269311334967,42.31158947491431,0.0,0.3088358679950809,0.004351256923242,0.0076508292481694,0.3221838009918393
270,Zambia,3434,Western,2005,0.0,2.4662323773771417,43.29990014097744,0.0,0.334021150089437,0.0041390024125576,0.0073480374561527,0.3399837560820998
270,Zambia,3434,Western,2006,0.0,2.6922828030873496,40.21897806677018,0.0,0.3320017665265554,0.0034077245403419,0.0084167630165936,0.4453183381453804
270,Zambia,3434,Western,2007,0.0,2.3631231468844125,40.07966232181593,0.0,0.3426225041768637,0.0028804977025304,0.0087873416476779,0.5996271540662768
270,Zambia,3434,Western,2008,0.0,2.2282468497035013,41.90071825764597,0.0,0.3436245056520025,0.004743646002478,0.0084954285793167,0.781321952473355
270,Zambia,3434,Western,2009,0.0,2.9217457842203087,43.626263012859766,0.0,0.36035082727508,0.0041749986509482,0.007272522971817,0.7820466339989667
270,Zambia,3434,Western,2010,0.0,2.979482811617564,46.08150144772935,0.0,0.3776479054646319,0.0026904626283794,0.0096234316325319,0.7838531745275831
270,Zambia,3434,Western,2011,0.0,2.437724611213062,47.092041237503786,0.0,0.3988696284467344,0.0031214918081577,0.0095863236524728,0.8891181471997122
270,Zambia,3434,Western,2012,0.0,3.770763718938253,47.62740820489574,0.0,0.4041737476027155,0.0037254393100738,0.0079132599197808,1.6442795099539136
270,Zambia,3434,Western,2013,0.0,3.8677022543298194,49.368644546550165,0.0,0.4324545802840267,0.002765417098999,0.0100326306756486,1.1886498663000904
270,Zambia,3434,Western,2014,0.0,3.9232126258942017,49.14266060197664,0.0,0.4482681550175311,0.0029150531109836,0.0097900793591253,1.1855043935075995
270,Zambia,3434,Western,2015,0.0,3.788787525879917,49.257393973214285,0.0,0.4674464921683841,0.0032737139612436,0.0097743266584967,1.0811330886114212
270,Zambia,3434,Western,2016,0.0,3.6459612624694144,49.36999778499705,0.0,0.4461314486577734,0.0031433835625648,0.0096022508287752,1.114429417546515
270,Zambia,3434,Western,2017,0.0,3.572340250329381,49.48226054481547,0.0,0.6173683653303218,0.0029840728061066,0.0069854096679402,1.1399620874066343
270,Zambia,3434,Western,2018,0.0,3.5702764739789195,50.14900043936731,0.0,0.689985565696758,0.0030039402190595,0.0083272806141542,1.3613060994251611
270,Zambia,3434,Western,2019,0.0,3.7727008046301527,49.75265373352856,0.0,0.6750740095785103,0.0028200585927282,0.0081824136283669,1.400697176976574
270,Zambia,3434,Western,2020,0.0,3.664828683560677,49.27307058991982,0.0,0.7172047712841016,0.0030295490804645,0.007626738265443,1.2740451948203035
270,Zambia,3434,Western,2021,0.0,3.935672966073781,50.95853015988372,0.0,0.7305807798971862,0.0035550419241189,0.0093880681004484,1.2693651775981103
271,Zimbabwe,3435,Bulawayo,2001,0.0,69.20575310202206,67.3582763671875,0.55102959801169,16.829397762522976,0.2442373948938706,0.941702450022978,7.476579105152803
271,Zimbabwe,3435,Bulawayo,2002,0.0,64.75422219669117,76.1233771829044,0.6630411709056181,15.702740837545957,0.2392833092633415,1.5559091007008272,5.1871804630055145
271,Zimbabwe,3435,Bulawayo,2003,0.0,63.49392520680147,80.34367819393383,0.7194929683909697,14.052159028894762,0.2463812547571519,1.5256474438835592,4.31271676456227
271,Zimbabwe,3435,Bulawayo,2004,0.0,61.730641084558826,83.91686293658088,0.7247989317950081,14.99572125603171,0.2408767587998334,1.3370359084185433,3.996899773092831
271,Zimbabwe,3435,Bulawayo,2005,0.0,61.718268899356616,80.38048598345588,0.662713555728688,14.286227057961856,0.2331986427307129,0.8848562801585478,3.1212481330422794
271,Zimbabwe,3435,Bulawayo,2006,0.0,58.844475241268384,96.3536017922794,0.6876446219051585,15.37213134765625,0.2327121285831227,0.9793425167308134,4.186145558076746
271,Zimbabwe,3435,Bulawayo,2007,0.0,61.0290958180147,95.82408231847428,0.6805116990033317,14.512454762178308,0.2302353241864372,1.0565705018884994,3.4018399855669808
271,Zimbabwe,3435,Bulawayo,2008,0.0,55.70125804227941,92.91084558823528,0.7813941731172449,14.848941578584558,0.2499079704284668,1.0171211467069738,3.728322646197151
271,Zimbabwe,3435,Bulawayo,2009,0.0,60.32601390165441,101.67263614430146,0.7897162156946519,16.548813763786764,0.246040428386015,0.5921849643482882,7.098567289464614
271,Zimbabwe,3435,Bulawayo,2010,0.0,69.74589269301471,71.95953010110294,0.7514044817756204,21.0806884765625,0.2128870346966911,0.5647009681252873,8.171601239372702
271,Zimbabwe,3435,Bulawayo,2011,0.0,66.04216452205883,68.13017721737133,0.7650623321533203,21.34428495519301,0.244145954356474,0.7715534322402057,7.073907291187959
271,Zimbabwe,3435,Bulawayo,2012,0.0,68.82387408088235,65.06807215073529,0.7058762943043428,21.501816693474264,0.2281513494603774,0.8630565755507525,7.323410931755514
271,Zimbabwe,3435,Bulawayo,2013,0.0,71.60544002757354,53.694572897518384,0.6315166248994715,22.138560575597428,0.2325323048759909,0.8397875393138212,7.174253127154182
271,Zimbabwe,3435,Bulawayo,2014,0.0,54.0108211741728,47.325277889476105,0.7681101630715763,19.590723374310663,0.2344339314629049,0.8396373075597426,4.501161463120404
271,Zimbabwe,3435,Bulawayo,2015,0.0,62.95848891314338,52.58961038028493,0.7234366921817555,17.63184850356158,0.2363555010627298,1.073412053725299,6.279919792624081
271,Zimbabwe,3435,Bulawayo,2016,0.0,64.29212143841912,48.91555965647978,0.7218995935776654,15.401198443244486,0.2270499257480397,1.0391221887925093,8.00846773035386
271,Zimbabwe,3435,Bulawayo,2017,0.0,60.74921013327206,59.79120232077206,0.7353242986342486,21.077809053308822,0.2333622259252211,1.035405776079963,4.745499106014476
271,Zimbabwe,3435,Bulawayo,2018,0.0,62.68100155101103,56.21824735753677,0.7582239263197955,22.34254545323989,0.2190972215989056,1.016100154203527,5.383450676413143
271,Zimbabwe,3435,Bulawayo,2019,0.0,60.18080767463236,68.23058363970588,0.7768900254193474,25.04050221162684,0.2173977459178251,0.868441806120031,3.3008938957663143
271,Zimbabwe,3435,Bulawayo,2020,0.0,56.666360294117645,59.023060518152576,0.7680826187133789,27.726634306066178,0.2629511777092428,1.0703590617460363,4.916751637178309
271,Zimbabwe,3435,Bulawayo,2021,0.0,60.3465576171875,55.73584343405331,0.7404685300939223,23.5298246495864,0.2148115214179544,0.9622947468477135,4.162531684426701
271,Zimbabwe,3436,Harare,2001,0.0,28.33592362837358,116.36976207386364,0.5936602679165927,9.987421902743252,0.2222560752521861,4.749357743696733,3.010009765625
271,Zimbabwe,3436,Harare,2002,0.0,26.450017755681817,125.93056418678977,0.7398033142089844,9.471221230246805,0.219667608087713,4.5890568819913,2.309131448919123
271,Zimbabwe,3436,Harare,2003,0.0,24.7432694868608,135.6744051846591,0.7608326131647284,8.97261602228338,0.2233269648118452,3.966099825772372,1.8788535378196023
271,Zimbabwe,3436,Harare,2004,0.0,23.4356522993608,149.4110995205966,0.7566491907293146,8.567540949041193,0.2253732247786088,3.733037081631747,1.7720720117742366
271,Zimbabwe,3436,Harare,2005,0.0,23.7835166237571,159.93238414417613,0.7610254287719727,8.969876376065342,0.2268447875976562,3.4519098455255683,1.4494509263472124
271,Zimbabwe,3436,Harare,2006,0.0,23.13491266424006,162.79836203835228,0.7423955743963068,9.258880615234377,0.2272842580621892,3.2214286110617896,1.7708767977627842
271,Zimbabwe,3436,Harare,2007,0.0,23.18960848721591,166.02060768821022,0.7541162317449396,9.451884876598012,0.2259610782970081,3.0760539661754263,1.560451334173029
271,Zimbabwe,3436,Harare,2008,0.0,22.95874855735085,161.3768976384943,0.79388427734375,8.89447021484375,0.2273252443833784,3.1843448985706675,1.704053358598189
271,Zimbabwe,3436,Harare,2009,0.0,23.93312488902699,164.08445046164772,0.8140695745294745,11.472448175603692,0.227607250213623,2.541335712779652,2.8086707375266333
271,Zimbabwe,3436,Harare,2010,0.0,26.148712158203125,141.56461958451703,0.8248738375577059,13.077266346324574,0.2263017134232954,2.4265819896351206,3.108451496471058
271,Zimbabwe,3436,Harare,2011,0.0,27.518787730823863,120.01438210227272,0.8323092027143999,12.95789822665128,0.2273488694971258,2.486837213689631,3.148253007368608
271,Zimbabwe,3436,Harare,2012,0.0,27.98251342773437,110.5139825994318,0.8257657831365411,13.59070517800071,0.2289451685818758,2.52553298256614,3.391351179643111
271,Zimbabwe,3436,Harare,2013,0.0,28.166254216974437,97.66734730113636,0.8147537925026633,13.587319113991477,0.2290947654030539,2.517130071466619,3.2806396484375
271,Zimbabwe,3436,Harare,2014,0.0,22.618879838423297,81.51853249289773,0.8319155953147195,11.709766734730112,0.2298067699779163,2.450756246393377,1.9393095536665483
271,Zimbabwe,3436,Harare,2015,0.0,25.49771673029119,85.99067271839489,0.8229300759055398,10.931657270951703,0.2290619503368031,3.578034834428267,2.662324385209517
271,Zimbabwe,3436,Harare,2016,0.0,26.331925825639203,83.6839599609375,0.8640166195956144,9.290075128728692,0.2284679412841797,3.9358055808327417,3.3200562217018823
271,Zimbabwe,3436,Harare,2017,0.0,24.12020596590909,97.06777121803977,0.8358863483775746,13.021345658735797,0.2285954735495827,2.9186456853693183,1.947789972478693
271,Zimbabwe,3436,Harare,2018,0.0,25.183305220170453,92.15360329367898,0.8636254397305575,13.941773848100144,0.2303304672241211,2.816205284812234,2.084011251276189
271,Zimbabwe,3436,Harare,2019,0.0,22.85306063565341,104.11069557883523,0.8799162777987394,15.83360567959872,0.2303182862021706,2.827345761385831,1.453395583412864
271,Zimbabwe,3436,Harare,2020,0.0,24.178966175426137,93.5,0.8736717917702415,15.8936504017223,0.2319474220275879,2.9159039584073154,2.301545923406428
271,Zimbabwe,3436,Harare,2021,0.0,24.340160023082387,88.4055342240767,0.8468416387384589,14.774910666725852,0.2283276427875865,2.8604292436079546,2.1115812821821733
271,Zimbabwe,3437,Manicaland,2001,0.0,23.049313494035783,81.31492813588851,0.2485685873530052,17.487377816434726,0.0421969803695729,2.5768685413560304,1.133032822027439
271,Zimbabwe,3437,Manicaland,2002,0.0,20.83905991307947,89.25756784968685,0.3085857224115997,16.143061879139072,0.0419440212628699,2.4799196761175497,0.8870762112908838
271,Zimbabwe,3437,Manicaland,2003,0.0,19.83528602746525,97.23059370653684,0.3039628030196019,15.515971417935145,0.0426638468774559,2.220410996442753,0.6829867091066151
271,Zimbabwe,3437,Manicaland,2004,0.0,19.18418834794838,105.3964775886032,0.3040481790061458,14.855645836780278,0.0426378433156849,2.080091051042356,0.6407839713451181
271,Zimbabwe,3437,Manicaland,2005,0.0,19.18315684976837,109.46232192494789,0.3061909413818189,15.502519285655197,0.0435641053336728,1.8139732456775317,0.5329415094032314
271,Zimbabwe,3437,Manicaland,2006,0.0,18.315789677779616,113.3317874479889,0.307429574233649,15.60244793390139,0.0435251555326046,1.7796486249276142,0.6862919102429351
271,Zimbabwe,3437,Manicaland,2007,0.0,18.535219587607543,121.44084821428572,0.3298071915498223,15.837917769688948,0.0434972938522449,1.699328782935556,0.5688387676350122
271,Zimbabwe,3437,Manicaland,2008,0.0,18.399098020764395,118.62660367545077,0.3182285642160952,15.133314030443415,0.0434616765464717,1.75917442013774,0.6303606390457047
271,Zimbabwe,3437,Manicaland,2009,0.0,19.580999751819988,117.79277113652114,0.3249693174619932,20.061527961614825,0.0435597124989659,1.3640472795851255,1.0963946029863998
271,Zimbabwe,3437,Manicaland,2010,0.0,21.19123304103243,94.27770328719724,0.3418244569771843,22.25574950363997,0.0435778291552055,1.3455285426404284,1.22476565879109
271,Zimbabwe,3437,Manicaland,2011,0.0,22.240379050925927,84.3138821700069,0.3310900769236999,22.560043092757937,0.0434866102914961,1.343914859509342,1.2397708958729268
271,Zimbabwe,3437,Manicaland,2012,0.0,22.392030423280424,74.63612214927436,0.3305913349143702,23.32750496031746,0.043430176992265,1.3550704067977015,1.2530508298419143
271,Zimbabwe,3437,Manicaland,2013,0.0,22.57693142361111,64.89465272978576,0.3285821942353792,23.86756727430556,0.0434552752782428,1.3871401832217265,1.29452605336472
271,Zimbabwe,3437,Manicaland,2014,0.0,17.86629161847323,53.56248923156444,0.3319844325438275,20.19396480502313,0.0435662228621478,1.3557690445823694,0.7463598481381375
271,Zimbabwe,3437,Manicaland,2015,0.0,20.082454384081903,57.44132016184573,0.3406852112657111,19.300430358322323,0.0436562219415662,1.978103617538392,1.081321106797736
271,Zimbabwe,3437,Manicaland,2016,0.0,20.271939760155217,59.65151954467354,0.3393162258711877,16.152508875495375,0.0436628636469771,2.18638959554574,1.3264752469931271
271,Zimbabwe,3437,Manicaland,2017,0.0,19.581733250082564,62.4863616838488,0.3543281686265034,22.345597341479525,0.0439089594932969,1.5174462181101387,0.756798351589347
271,Zimbabwe,3437,Manicaland,2018,0.0,19.48843337458746,59.26110281569966,0.3372899807353882,24.07062448432343,0.0436377698438789,1.54381736025165,0.8262651150543942
271,Zimbabwe,3437,Manicaland,2019,0.0,18.589293265264025,67.61138666553134,0.351845390465344,27.158016192244222,0.0438059086059973,1.5214521452145215,0.5688717709575102
271,Zimbabwe,3437,Manicaland,2020,0.0,19.07805796204621,63.53763440860215,0.3475937381867439,27.94628712871287,0.043758218595297,1.5307488268358085,0.824290039718792
271,Zimbabwe,3437,Manicaland,2021,0.0,19.652368244636964,61.61151628222524,0.3593862629324966,25.172429352310232,0.0439747221792491,1.538713773721122,0.7995188077722184
271,Zimbabwe,3438,Mashonaland Central,2001,0.0,22.40949422955312,88.04926563820794,0.1836484391509932,11.322436893971332,0.017110636264463,1.579961818547112,2.2864229745614963
271,Zimbabwe,3438,Mashonaland Central,2002,0.0,20.28796407303963,97.0264026838546,0.2297824011550348,10.44703589402403,0.0171378284567016,1.5241762003649346,1.7931831727467245
271,Zimbabwe,3438,Mashonaland Central,2003,0.0,19.36617964797639,105.63942968089604,0.2308259836617709,10.092831899504638,0.0174838939296545,1.3483363854342327,1.3730436762006022
271,Zimbabwe,3438,Mashonaland Central,2004,0.0,18.706130441083477,114.46032942047376,0.2291267511203204,9.611426934021924,0.0174544979307743,1.261699296973809,1.2952841615112098
271,Zimbabwe,3438,Mashonaland Central,2005,0.0,18.692055095910625,118.75370135363792,0.2296590014359269,10.042123932862562,0.0177960066127937,1.1102381379769182,1.070368164888695
271,Zimbabwe,3438,Mashonaland Central,2006,0.0,17.812560932230184,123.4596288071066,0.2293555813190699,10.121530979922008,0.0177187895493402,1.0823676123787942,1.4222480270463198
271,Zimbabwe,3438,Mashonaland Central,2007,0.0,18.058330259274875,132.38734665820644,0.2314975176970971,10.284854882483137,0.0176984489215577,1.0276246352300271,1.1435937252141497
271,Zimbabwe,3438,Mashonaland Central,2008,0.0,17.92508794002951,129.2260469543147,0.2394443518417539,9.812140993887017,0.017734707860504,1.0712508769300697,1.2714032013404188
271,Zimbabwe,3438,Mashonaland Central,2009,0.0,19.0357935681914,128.4044521996616,0.2445632237468274,13.020486403878584,0.0176802566039421,0.8313401014768655,2.233815046333016
271,Zimbabwe,3438,Mashonaland Central,2010,0.0,20.649820826306915,103.16608502538072,0.2507513727230065,14.451657686024452,0.0177177104338827,0.8193256448935498,2.490329387425973
271,Zimbabwe,3438,Mashonaland Central,2011,0.0,21.641563685708263,92.54774085236886,0.2498262408622832,14.605350179173692,0.0177040357412817,0.8160866645697197,2.517057828693422
271,Zimbabwe,3438,Mashonaland Central,2012,0.0,21.789205773081783,81.76637848984771,0.2510270120327041,15.147271553541316,0.0177391341969936,0.8234070750553331,2.549648536643401
271,Zimbabwe,3438,Mashonaland Central,2013,0.0,21.997295926433388,70.94250343697124,0.2507915206366989,15.434881560919056,0.017756961870797,0.8440188943435128,2.6388414515254865
271,Zimbabwe,3438,Mashonaland Central,2014,0.0,17.418701583579256,58.70518718274111,0.2506452066644194,13.137998326833896,0.0177521440271181,0.8229402538897819,1.5231799337061125
271,Zimbabwe,3438,Mashonaland Central,2015,0.0,19.59784069350759,62.9757032571912,0.2529402214863578,12.503153654616357,0.0178041900763531,1.2049302202453098,2.1973854232762267
271,Zimbabwe,3438,Mashonaland Central,2016,0.0,19.79022350600759,65.53533470812182,0.2570437771818157,10.500461932177489,0.0178429776606177,1.3306490558797954,2.711251454103215
271,Zimbabwe,3438,Mashonaland Central,2017,0.0,19.063570431070826,68.52281620135363,0.262029450960369,14.491899307019391,0.0178050737557885,0.9225530769129426,1.5387424527085978
271,Zimbabwe,3438,Mashonaland Central,2018,0.0,19.04324541526138,65.7130657783418,0.2603858650840075,15.622994176854975,0.0178198291720668,0.9386769595475865,1.6945189396943738
271,Zimbabwe,3438,Mashonaland Central,2019,0.0,18.10956767759275,74.71596076565145,0.2701222892541772,17.67751699515177,0.0179175847693334,0.930379780709844,1.1640685931881871
271,Zimbabwe,3438,Mashonaland Central,2020,0.0,18.604424668001688,71.37973244500846,0.2693882149891603,18.16853360824199,0.0178544396694755,0.9356541239592115,1.724869419878913
271,Zimbabwe,3438,Mashonaland Central,2021,0.0,19.17560339376054,68.69492914551607,0.2676591953852051,16.352534122048905,0.0178877024787272,0.935061063975548,1.6556061875396573
271,Zimbabwe,3440,Mashonaland West,2001,0.0,9.496755992971044,49.679351404741,0.1463238428934715,4.564499023027696,0.0135327260134146,1.791437518031368,1.890211311320237
271,Zimbabwe,3440,Mashonaland West,2002,0.0,8.61251245803609,54.608641399736726,0.1828978715522501,4.230533089199539,0.013560113987001,1.7235651948699118,1.4796565191010311
271,Zimbabwe,3440,Mashonaland West,2003,0.0,8.187204941250524,59.531983278508775,0.1828919661672491,4.073648303084347,0.0137963543419076,1.5290712779977969,1.1330799838952852
271,Zimbabwe,3440,Mashonaland West,2004,0.0,7.907386795793118,64.55680945590171,0.1827821886398228,3.8813158964540495,0.0137908848885683,1.4320080141234788,1.066691205709741
271,Zimbabwe,3440,Mashonaland West,2005,0.0,7.923663383864876,67.17125,0.1832364729996566,4.058170832459085,0.0140420401381965,1.2537456069030637,0.885368893801511
271,Zimbabwe,3440,Mashonaland West,2006,0.0,7.559233863564835,69.37644967177243,0.182255958206544,4.085086747272346,0.0140565771130176,1.2292440512877676,1.1409121991247264
271,Zimbabwe,3440,Mashonaland West,2007,0.0,7.6497865741712125,74.17780525797988,0.1842162712307335,4.145613541885229,0.014055043358594,1.1674876403168275,0.9460171664913096
271,Zimbabwe,3440,Mashonaland West,2008,0.0,7.586905869861577,72.4202421294272,0.1893914760227645,3.958622260381712,0.0140115512814255,1.2137477797949874,1.0485326369151726
271,Zimbabwe,3440,Mashonaland West,2009,0.0,8.078236513434089,72.49425318961724,0.1952793911800896,5.280488264850965,0.0139960793132332,0.9438777894757556,1.8424849369638143
271,Zimbabwe,3440,Mashonaland West,2010,0.0,8.750057396620488,58.14793180317041,0.2005433553328654,5.82462175627099,0.0140284441658908,0.927327166476438,2.0627459681858213
271,Zimbabwe,3440,Mashonaland West,2011,0.0,9.176265021515531,51.89835194918966,0.1993394033772038,5.896216250787154,0.0140294326570388,0.9303782068311818,2.080165814580596
271,Zimbabwe,3440,Mashonaland West,2012,0.0,9.249281722292192,45.93621275197196,0.199348951200975,6.132698936686608,0.0140630459655068,0.9364254532693116,2.1041042585314416
271,Zimbabwe,3440,Mashonaland West,2013,0.0,9.314198120014694,39.85589326796669,0.1992668666722584,6.25227618597817,0.0140435522271084,0.9596089732236566,2.180021722310473
271,Zimbabwe,3440,Mashonaland West,2014,0.0,7.385534739714526,33.24672212428383,0.2010289575098474,5.308591290144836,0.0140228495972654,0.9389465998242024,1.2598071579578007
271,Zimbabwe,3440,Mashonaland West,2015,0.0,8.306771817275399,35.642252174152354,0.2025301558285859,5.05966952665827,0.0140529982275678,1.371127368020571,1.8198854957893
271,Zimbabwe,3440,Mashonaland West,2016,0.0,8.386408938313052,37.13436396734333,0.2057974024988967,4.241446574695762,0.0140885745777803,1.510820664931284,2.248877340991836
271,Zimbabwe,3440,Mashonaland West,2017,0.0,8.083871269146034,38.96349789915966,0.2085541054929373,5.8626403168275285,0.0140780312674386,1.0495540924648552,1.286802174611621
271,Zimbabwe,3440,Mashonaland West,2018,0.0,8.060598510281158,37.31434778404067,0.2085283112462699,6.323187273788292,0.0140784745859769,1.0675348497167436,1.417112962636771
271,Zimbabwe,3440,Mashonaland West,2019,0.0,7.66776138926773,42.56601752543123,0.2158389253882062,7.165671389792279,0.014139245938854,1.05744158656368,0.9729518966303626
271,Zimbabwe,3440,Mashonaland West,2020,0.0,7.872016628199749,40.58187582891247,0.2161788198401925,7.345821968107428,0.0141290840982389,1.061920742302245,1.4374586623079686
271,Zimbabwe,3440,Mashonaland West,2021,0.0,8.109274188260596,39.03707826327434,0.2139803185927129,6.592417727785355,0.0141428009802553,1.0623911970861308,1.3764837484444137
271,Zimbabwe,3441,Masvingo,2001,0.0,19.060691032264867,49.88734290843806,0.1853683581258065,12.85214983788486,0.0908755749300631,1.5197614897458878,0.8228542252545725
271,Zimbabwe,3441,Masvingo,2002,0.0,17.19945474228982,54.864893213964976,0.2313193778152363,11.84186041138572,0.0909880882685427,1.4650197127825306,0.6448478544566681
271,Zimbabwe,3441,Masvingo,2003,0.0,16.43887478849408,59.84200920934411,0.2323937428929413,11.468622765968696,0.0927019329038771,1.2983914809380288,0.4938045203525101
271,Zimbabwe,3441,Masvingo,2004,0.0,15.90906474915326,64.89206396001796,0.231860878011287,10.91735684801016,0.0928658558896393,1.2138762833403896,0.4641601343146339
271,Zimbabwe,3441,Masvingo,2005,0.0,15.916733977754236,67.32149876460018,0.231750406023627,11.446591962394068,0.0946747343418961,1.0713808221332095,0.384508679605023
271,Zimbabwe,3441,Masvingo,2006,0.0,15.165088550464526,69.7502174035009,0.2308653141480588,11.456599055109796,0.0943815321535677,1.0426229528478674,0.4974796425290338
271,Zimbabwe,3441,Masvingo,2007,0.0,15.368007432289463,74.6341309470377,0.2330458690704948,11.686975970694032,0.0945691057448159,0.9947581571691176,0.4107006353792639
271,Zimbabwe,3441,Masvingo,2008,0.0,15.276603165996615,73.01903179676985,0.24081257973727,11.157352610558611,0.0947302367492494,1.0306168668006772,0.4564264022806611
271,Zimbabwe,3441,Masvingo,2009,0.0,16.250569626960576,72.3641605941704,0.2455834085096692,14.762054896142434,0.0946122929927604,0.799659124215107,0.7971916164517937
271,Zimbabwe,3441,Masvingo,2010,0.0,17.62335735481136,58.01062443971313,0.2531532550916069,16.439629477532854,0.0944304035699382,0.7838164261207079,0.8883847279807261
271,Zimbabwe,3441,Masvingo,2011,0.0,18.494746424788136,52.14741147467503,0.2515384361167918,16.63075344279661,0.0944862430378542,0.7893466755495233,0.90339363128922
271,Zimbabwe,3441,Masvingo,2012,0.0,18.597992396142438,46.01118472658001,0.252240928605446,17.262030057757524,0.0944969626794987,0.7975171757431645,0.9102320857028798
271,Zimbabwe,3441,Masvingo,2013,0.0,18.767833960364563,39.93796924025101,0.253929996533225,17.635369197753285,0.0944933986299974,0.8161377884564434,0.9459949118948902
271,Zimbabwe,3441,Masvingo,2014,0.0,14.845902660025434,33.10447949350067,0.2524211615096929,14.958882537621871,0.0945753458952085,0.7998175206655362,0.5425357314194867
271,Zimbabwe,3441,Masvingo,2015,0.0,16.70905971810089,35.50427218735993,0.254751659412119,14.27881087060195,0.0948798748435181,1.1655596336503815,0.7863063701114971
271,Zimbabwe,3441,Masvingo,2016,0.0,16.841054207291226,36.92229871694308,0.258567710886724,11.983189381093684,0.0950586206582503,1.2874072286323657,0.9702695592643432
271,Zimbabwe,3441,Masvingo,2017,0.0,16.275540483255618,38.67125518265352,0.2628081632483331,16.576545278719795,0.0952703420162807,0.8947876028309135,0.5510815834582307
271,Zimbabwe,3441,Masvingo,2018,0.0,16.21193931485799,37.03743766808606,0.2613364800590402,17.847369780627385,0.095057365802346,0.9122452616641056,0.6072081562009749
271,Zimbabwe,3441,Masvingo,2019,0.0,15.451104811360748,42.26806574966383,0.2711041295330709,20.204141717888938,0.095475646791543,0.8990151994356719,0.4173812148069811
271,Zimbabwe,3441,Masvingo,2020,0.0,15.891664900381516,40.30427078664276,0.2714154881674417,20.79952442772361,0.0953800384146321,0.9093087436082556,0.6171756814489019
271,Zimbabwe,3441,Masvingo,2021,0.0,16.36065997244595,38.71886900761649,0.2681228747077313,18.683996131835524,0.0954848447559545,0.909599042231878,0.5921960099196348
271,Zimbabwe,3443,Matabeleland South,2001,0.0,15.875065750431592,28.84134379332255,0.1436882512626718,9.323533428193786,0.1685209904038088,2.7128425766076822,0.4010479657354725
271,Zimbabwe,3443,Matabeleland South,2002,0.0,14.37561704251187,31.697559090383727,0.1795264326528548,8.62220139188606,0.1678799236957811,2.613103386653,0.3116174028584431
271,Zimbabwe,3443,Matabeleland South,2003,0.0,13.704194327504318,34.77264215062471,0.1816582492191115,8.310292192897236,0.1714511271791342,2.318610683829879,0.2382076745339975
271,Zimbabwe,3443,Matabeleland South,2004,0.0,13.281721181906615,37.5499840930125,0.1801916825887176,7.957144401210549,0.1719049898206131,2.174298251391591,0.2255274160544886
271,Zimbabwe,3443,Matabeleland South,2005,0.0,13.271265672287074,39.07139133456904,0.1801281806160941,8.310394880836576,0.1744236729642915,1.9121705948713792,0.1860406856165648
271,Zimbabwe,3443,Matabeleland South,2006,0.0,12.657065702010376,40.45845154006484,0.1795589558335022,8.365003006106788,0.1747060232331523,1.8664292180069173,0.2407573153984773
271,Zimbabwe,3443,Matabeleland South,2007,0.0,12.815985732814529,43.31412760416666,0.1825775429054542,8.471307724005621,0.1744121414626567,1.7704820579334195,0.1993055838125723
271,Zimbabwe,3443,Matabeleland South,2008,0.0,12.733917975508218,42.274703414351855,0.1885568971987123,8.12066544793469,0.1744148227995242,1.841358857996324,0.2209691648130063
271,Zimbabwe,3443,Matabeleland South,2009,0.0,13.572469216317042,42.08454563859324,0.1910590331127444,10.789634414197664,0.175170951236078,1.4370051717263193,0.3867298216248264
271,Zimbabwe,3443,Matabeleland South,2010,0.0,14.67961140422078,33.77717752659574,0.1962598717730978,11.994991206709956,0.1749802758683374,1.4118578361742424,0.4313728269000058
271,Zimbabwe,3443,Matabeleland South,2011,0.0,15.418016098484848,30.231827445652176,0.1947189458093634,12.106157839556277,0.175764868269751,1.4183116037608223,0.4357401718153764
271,Zimbabwe,3443,Matabeleland South,2012,0.0,15.513245369367418,26.72975540337494,0.196407436277378,12.53287309087955,0.1748534257118582,1.423591812107344,0.4417566025196486
271,Zimbabwe,3443,Matabeleland South,2013,0.0,15.646940047701648,23.25614484562905,0.1948192783465107,12.795412273688203,0.1754385823285383,1.462171331241869,0.4606855394220484
271,Zimbabwe,3443,Matabeleland South,2014,0.0,12.403604049219428,19.257122311517115,0.1991944855611485,10.859458850552905,0.175882092994498,1.4306241487898417,0.2647220071656741
271,Zimbabwe,3443,Matabeleland South,2015,0.0,13.936423494416738,20.65268703746531,0.2019909374367628,10.374681537294016,0.1754868996215714,2.080409504079033,0.3845358256605573
271,Zimbabwe,3443,Matabeleland South,2016,0.0,14.057934803230705,21.456014110110804,0.2015392130871999,8.694021709670425,0.1756868122560711,2.304499259743604,0.4743288274396929
271,Zimbabwe,3443,Matabeleland South,2017,0.0,13.556953158879011,22.47673751443418,0.2038812157188221,12.00147881884215,0.1751423130217367,1.6000513902252276,0.2677132762882506
271,Zimbabwe,3443,Matabeleland South,2018,0.0,13.513966622398092,21.481049457525398,0.2027760062741661,12.87549293961405,0.1760982702012074,1.6181453231718883,0.2957231093641793
271,Zimbabwe,3443,Matabeleland South,2019,0.0,12.852072379119688,24.499426506232687,0.2111434584289156,14.55460619037294,0.177079716043067,1.6034525253415004,0.2032088881164156
271,Zimbabwe,3443,Matabeleland South,2020,0.0,13.217936903729402,23.35507416109317,0.2106774389963748,14.994630176712922,0.1762635627210605,1.6169688745053663,0.2998798271826712
271,Zimbabwe,3443,Matabeleland South,2021,0.0,13.611309491543798,22.47627434877824,0.208280444639847,13.450666230756722,0.1767811837241842,1.6104267315562664,0.2875858938270804
271,Zimbabwe,3444,Midlands,2001,0.0,17.831368983477013,42.22777458917352,0.1659690005125891,11.315882423371647,0.0821682867875957,0.6936489412154274,0.5800630210850652
271,Zimbabwe,3444,Midlands,2002,0.0,16.14222454202586,46.42304819531627,0.2074387650280284,10.456930226293103,0.0819672843962336,0.6755611960458573,0.4541922753010321
271,Zimbabwe,3444,Midlands,2003,0.0,15.35829647838841,50.65403186866248,0.2062687378813827,10.127738864942527,0.0836027152693591,0.5986828566511015,0.3472152997306554
271,Zimbabwe,3444,Midlands,2004,0.0,14.867819833572796,54.88322348576255,0.2069497568726999,9.666969737787356,0.0836357175162012,0.5567449810861171,0.3257035656785412
271,Zimbabwe,3444,Midlands,2005,0.0,14.870526894755749,56.96650009044863,0.2065534209837041,10.085534340577109,0.0851591117537341,0.4905318336925287,0.2701908595540129
271,Zimbabwe,3444,Midlands,2006,0.0,14.17749304058908,58.89262897782064,0.2084968147535333,10.161810045498084,0.0852315179232893,0.4781984058833213,0.3508650394391875
271,Zimbabwe,3444,Midlands,2007,0.0,14.35240289590321,63.26326693587271,0.2108970355159866,10.307130076066125,0.0851599085999266,0.4559021434774796,0.2898997469601314
271,Zimbabwe,3444,Midlands,2008,0.0,14.26161580618112,61.71190182015429,0.2142520415288618,9.851688840141351,0.0853532645824598,0.4715277576309445,0.3217906161007564
271,Zimbabwe,3444,Midlands,2009,0.0,15.158155419360632,61.35897551857212,0.2201140753842182,13.007606710967432,0.0851928813247388,0.3697643060793822,0.5600638934741317
271,Zimbabwe,3444,Midlands,2010,0.0,16.416883680555557,49.32059515195369,0.2262483735735498,14.47426888769157,0.0851907035856868,0.361285330235273,0.6277610385009648
271,Zimbabwe,3444,Midlands,2011,0.0,17.24300317289272,44.11558580559576,0.2296130506531144,14.649726487667625,0.0852876860519935,0.3601768756734914,0.6356374885054872
271,Zimbabwe,3444,Midlands,2012,0.0,17.350668253113028,39.06231533405692,0.2258287237510552,15.193865428939176,0.0852427647031586,0.3643802335892601,0.6428978750226122
271,Zimbabwe,3444,Midlands,2013,0.0,17.480973868534484,33.78035348360656,0.2254850558627651,15.475961970186782,0.0852636139968345,0.3725796403556034,0.665125465209137
271,Zimbabwe,3444,Midlands,2014,0.0,13.84535141283525,28.011136767719385,0.2261002043059155,13.156168619791666,0.0852682179418103,0.3631457332450311,0.3808660847471673
271,Zimbabwe,3444,Midlands,2015,0.0,15.560546875,30.02823187620424,0.2281466210278931,12.543179115306367,0.0854364361358978,0.5312837753186334,0.5512654151990005
271,Zimbabwe,3444,Midlands,2016,0.0,15.705954179631403,31.26629109465318,0.2308675953418533,10.521518968405935,0.0855097572103877,0.5855043227733066,0.6806985197269388
271,Zimbabwe,3444,Midlands,2017,0.0,15.151589239767832,32.69525981454721,0.2337900503522398,14.53495055947822,0.0857053239017996,0.4062484222602022,0.3871628425024837
271,Zimbabwe,3444,Midlands,2018,0.0,15.107055547248804,31.350019568882463,0.2339665701393906,15.675104665071771,0.0855679817747271,0.4136652750261663,0.4272094902964686
271,Zimbabwe,3444,Midlands,2019,0.0,14.354967852870814,35.728861843689785,0.2410053113522098,17.760533791866028,0.0858948995051771,0.4137392180958433,0.2924096138720797
271,Zimbabwe,3444,Midlands,2020,0.0,14.748890333572453,34.00259790965882,0.2410708000773366,18.226484038737446,0.0858523981357977,0.4132660656440549,0.4311955171041566
271,Zimbabwe,3444,Midlands,2021,0.0,15.21021699312201,32.73227336982676,0.2393866824461245,16.38892793062201,0.0858800787674753,0.4119865453984749,0.4144117926266241
50,Chad,12904,Batha Est,2001,0.0,16.10585674452862,11.937363043064025,0.0,16.944557883522727,0.2799913810961174,15.552454887415823,0.0
50,Chad,12904,Batha Est,2002,0.0,18.27253985164141,11.980959592165648,0.0,21.101858428030305,0.2613735006313131,17.14010219381313,0.0
50,Chad,12904,Batha Est,2003,0.0,18.512682160143097,12.17668707210689,0.0,22.928138809974747,0.2748689234056055,17.917952309553872,0.0
50,Chad,12904,Batha Est,2004,0.0,20.240421796085855,12.522275459640015,0.0,17.241059685395623,0.2740128385498869,20.43460483743687,0.0
50,Chad,12904,Batha Est,2005,0.0,20.873896846064813,12.741792183329624,0.0,23.34254984743266,0.2860845443776962,22.160442313762623,0.0
50,Chad,12904,Batha Est,2006,0.0,22.284922795664983,12.884335555215747,0.0,20.53479291614057,0.2954407765809133,23.363807344276093,0.0
50,Chad,12904,Batha Est,2007,0.0,23.27509634101431,13.176164403080517,0.0,26.32836009837963,0.4308593955505576,25.61929352114899,0.0
50,Chad,12904,Batha Est,2008,0.0,25.899397622053872,13.315591289479537,0.0,29.50370238846801,0.4175918013961227,25.328151304713806,0.0
50,Chad,12904,Batha Est,2009,0.0,25.6491049821128,13.427250437889237,0.0,34.653464988425924,0.4491750800649726,31.022809474957917,0.0
50,Chad,12904,Batha Est,2010,0.0,27.809021201599325,13.533030228258452,0.0,35.52558133417509,0.448505542896412,31.94191261574074,0.0
50,Chad,12904,Batha Est,2011,0.0,28.364195338804716,13.646019552101867,0.0,38.63133285984848,0.4773062246817129,33.61495817550505,0.0
50,Chad,12904,Batha Est,2012,0.0,31.43219960016835,13.830062486098754,0.0,38.37990582912458,0.4593130297933764,35.07657302188552,0.0
50,Chad,12904,Batha Est,2013,0.0,29.11604324494949,14.65330293594306,0.0,36.26079150883838,0.4355323354804556,32.601707175925924,0.0
50,Chad,12904,Batha Est,2014,0.0,31.888629129840066,14.787745356983988,0.0,34.71636284722222,0.4664113465382997,43.84531513047138,0.0
50,Chad,12904,Batha Est,2015,0.0,35.60480455597643,14.180267008173931,0.0,36.42137521043771,1.1020090636179505,44.48217198021886,0.0
50,Chad,12904,Batha Est,2016,0.0,35.82488952020202,14.087060025578293,0.0,45.81923400673401,1.2290986443208125,49.153146043771045,0.0
50,Chad,12904,Batha Est,2017,0.0,38.76111045349327,14.075449010231315,0.0,49.68895991161616,1.326961632930871,53.261074284511785,0.0
50,Chad,12904,Batha Est,2018,0.0,40.49109585437711,14.411252285571807,0.0,49.27484480218856,1.3129360828335437,55.74237820917509,0.0
50,Chad,12904,Batha Est,2019,0.0,40.071778987794616,14.9910962522242,0.0,50.65788089225589,1.3355883460253577,65.49706044823232,0.0
50,Chad,12904,Batha Est,2020,0.0,42.30687736742424,14.484703386333626,0.0,55.15439880576599,1.367266003130261,63.95241477272727,0.0
50,Chad,12904,Batha Est,2021,0.0,44.005892255892256,14.692912797486654,0.0,57.0708385942761,1.4448865896924978,70.62827493686869,0.0
50,Chad,12905,Batha Ouest,2001,0.0,18.262132926195427,10.156854258552066,0.0,23.357630587318088,0.2603265901117463,14.437045218295218,0.0
50,Chad,12905,Batha Ouest,2002,0.0,18.58749675155925,10.14366710964347,0.0,23.20812435031185,0.2802378569224272,15.35259387993763,0.0
50,Chad,12905,Batha Ouest,2003,0.0,19.92931068087318,10.119177539733675,0.0,24.23454391891892,0.2837412241342905,16.850113695426195,0.0028395770738522
50,Chad,12905,Batha Ouest,2004,0.0,20.58991683991684,10.572680915753866,0.0,29.552530535343035,0.2897924094091086,17.683800025987527,0.0033408987025419
50,Chad,12905,Batha Ouest,2005,0.0,21.903859147609147,10.623714870876736,0.0,28.735973232848234,0.289804134249935,19.02555223492724,0.0027787264968667
50,Chad,12905,Batha Ouest,2006,0.0,22.91607978170478,10.603841145833334,0.0,32.53573284823285,0.2868959422914501,20.701960433991683,0.0024580273311585
50,Chad,12905,Batha Ouest,2007,0.0,24.159904495842,11.042354159884985,0.0,32.24254158004158,0.3947919627485057,22.24709914241164,0.0051005333662033
50,Chad,12905,Batha Ouest,2008,0.0,24.734800545738047,11.153997633192274,0.0,33.485661382536385,0.4178929445897219,25.05122791060291,0.0047793621818224
50,Chad,12905,Batha Ouest,2009,0.0,26.951128833160084,11.225003560384115,0.0,33.87432432432433,0.4197220197586409,25.31442957380457,0.0037466753274202
50,Chad,12905,Batha Ouest,2010,0.0,27.963308861746363,11.37431165907118,0.0,36.75766632016632,0.4338285006009615,27.938695426195427,0.0024665316256384
50,Chad,12905,Batha Ouest,2011,0.0,29.818269230769232,11.537151760525171,0.0,38.47043269230769,0.430900386564449,30.57720569126819,0.0033070754725486
50,Chad,12905,Batha Ouest,2012,0.0,30.72392151767152,11.657482571072048,0.0,41.925097453222456,0.4480742837188149,33.63444971413721,0.0041933100331913
50,Chad,12905,Batha Ouest,2013,0.0,34.33711668399168,12.29827880859375,0.0,46.93913721413721,0.466770633689579,38.97522089397089,0.0030775930111606
50,Chad,12905,Batha Ouest,2014,0.0,35.437448024948026,12.544670104980469,0.0,51.55691593035343,0.4686783312759875,37.7882244022869,0.0032111688383987
50,Chad,12905,Batha Ouest,2015,0.0,36.44777806652807,12.165133158365885,0.0,55.75067567567567,1.140908832510395,42.18316008316008,0.0038992383051663
50,Chad,12905,Batha Ouest,2016,0.0,39.12693931912682,12.112297905815971,0.0,54.86461798336799,1.1514450485641892,45.01859407484408,0.0027004938572645
50,Chad,12905,Batha Ouest,2017,0.0,40.66489734927235,12.10530514187283,0.0,57.56216216216216,1.1770000243633056,48.1883445945946,0.003907339181751
50,Chad,12905,Batha Ouest,2018,0.0,43.15092255717256,11.943547110721983,0.0,62.983965696465695,1.2472947594529626,52.71159693347193,0.0039262870947519
50,Chad,12905,Batha Ouest,2019,0.0,46.638718165280665,12.636344457752614,0.0,67.88315358627858,1.3265412836213617,54.696524168399165,0.0027426332235336
50,Chad,12905,Batha Ouest,2020,0.0,49.245491164241166,12.121658246676672,0.0,71.58481678794179,1.3956721632991165,62.51838617463618,0.0050915185023437
50,Chad,12905,Batha Ouest,2021,0.0,50.7003086018711,12.449723137749563,0.0,76.84073544698545,1.4431639609862266,66.72963227650727,0.0035546400273839
50,Chad,12907,Borkou,2001,0.0,0.3412988388643236,0.6008072788029066,0.0,2.078488436612216,0.0512097759343365,1.3373178135265005,0.0
50,Chad,12907,Borkou,2002,0.0,0.3335692807020645,0.6196936989782654,0.0,2.133648637089416,0.0536263707172439,1.4122640567974452,0.0
50,Chad,12907,Borkou,2003,0.0,0.3736372813040166,0.5581944318063644,0.0,2.2364959716796875,0.0596810268878202,1.5460227619517932,0.0
50,Chad,12907,Borkou,2004,0.0,0.4001795394706586,0.6706050422147982,0.0,2.4187545502912187,0.0544778098047307,1.6593221466173835,0.0
50,Chad,12907,Borkou,2005,0.0,0.429137119800177,0.6294786196183444,0.0,2.4193333712491123,0.0528113333338057,1.7842275446111506,0.0
50,Chad,12907,Borkou,2006,0.0,0.425593192117256,0.6443949618474417,0.0,2.566042813387784,0.0520380312013456,1.892339533025568,0.0
50,Chad,12907,Borkou,2007,0.0,0.4921592078914711,0.6945544860128952,0.0,2.963902560147372,0.0778583913609601,2.058766798539595,0.0
50,Chad,12907,Borkou,2008,0.0,0.5327521651745188,0.6495566979025842,0.0,3.1092078469016333,0.076587671583349,2.330217188054865,0.0
50,Chad,12907,Borkou,2009,0.0,0.5236376613792749,0.7565343669567648,0.0,3.293462304265659,0.0812146950044093,2.386571105561555,0.0
50,Chad,12907,Borkou,2010,0.0,0.5433243596276571,0.6195868112878276,0.0,3.363242409446023,0.0827492121473446,2.6354680494828657,0.0
50,Chad,12907,Borkou,2011,0.0,0.5965514431110007,0.6924124160741213,0.0,3.5490698380903765,0.0804793017299703,2.867129239169034,0.0
50,Chad,12907,Borkou,2012,0.0,0.5877643118381155,0.6870386310901102,0.0,3.8560198003595527,0.0877162171494647,3.039647189053622,0.0
50,Chad,12907,Borkou,2013,0.0,0.6208122712493285,0.6499764796303037,0.0,4.033744812011719,0.0860826651368579,3.2383873679421167,0.0
50,Chad,12907,Borkou,2014,0.0,0.6107501041573461,0.7427933323204815,0.0,4.324197595769709,0.0865462112426757,3.451950420032848,0.0
50,Chad,12907,Borkou,2015,0.0,0.7172426403078258,0.7845526011335274,0.0,4.522186972878196,0.2063727378845214,4.005742506547407,0.0
50,Chad,12907,Borkou,2016,0.0,0.708991200436828,0.7873108621048253,0.0,5.134424592149715,0.2156016755409295,4.222179081836771,0.0024397587403655
50,Chad,12907,Borkou,2017,0.0,0.7716737014433357,0.8151051145226705,0.0,5.308653051202947,0.2209969433871182,4.414523037997159,0.0
50,Chad,12907,Borkou,2018,0.0,0.773130892690565,0.7062255554706999,0.0,5.7750913446599785,0.2491666437385765,4.792636177756569,0.0
50,Chad,12907,Borkou,2019,0.0,0.8035672641257996,0.7458619992070508,0.0,5.628236032869056,0.2499797921217951,5.100375584967176,0.0
50,Chad,12907,Borkou,2020,0.0,0.9503040341164568,0.7249487751533902,0.0,6.458107206405694,0.2550017115908585,5.4947481094306045,0.0
50,Chad,12907,Borkou,2021,0.0,1.0549142020089286,0.7970539118280474,0.0,7.562239691121689,0.3104195500051738,6.893109252121275,0.0
50,Chad,12908,Ennedi,2001,0.0,2.275159321253071,13.049326795212766,0.0,1.6170718481265356,0.0401523561969728,1.0760802172911548,0.0
50,Chad,12908,Ennedi,2002,0.0,2.35986447159922,12.826174444901316,0.0,1.6181564442649927,0.0413862668694142,1.1202544347650536,0.0
50,Chad,12908,Ennedi,2003,0.0,2.517037193039143,12.862492290296052,0.0,1.7327755242952978,0.042784928920547,1.2752285858259478,0.0
50,Chad,12908,Ennedi,2004,0.0,2.6121780253877627,13.80404116981908,0.0,1.879880188614436,0.0428193562427962,1.3208272586406935,0.0
50,Chad,12908,Ennedi,2005,0.0,2.763303877667683,13.825723427220394,0.0,2.003356278582317,0.043639481707317,1.4411542492378049,0.0
50,Chad,12908,Ennedi,2006,0.0,2.8901086401985867,13.938882606907894,0.0,2.0584550229197123,0.0431668092308249,1.5303762335526316,0.0
50,Chad,12908,Ennedi,2007,0.0,3.070332288742065,14.40336785567434,0.0,2.2477715015411377,0.0623635053634643,1.6812539100646973,0.0
50,Chad,12908,Ennedi,2008,0.0,3.228815062941427,14.396026932565787,0.0,2.3631975310521187,0.0628710345878173,1.831498255221018,0.0
50,Chad,12908,Ennedi,2009,0.0,3.441317449713529,14.6515625,0.0,2.4782049443229424,0.0660166883774142,2.002457770530434,0.0
50,Chad,12908,Ennedi,2010,0.0,3.569739786288358,14.602143297697369,0.0,2.698833928245251,0.0643672952405778,2.100246780625913,0.0
50,Chad,12908,Ennedi,2011,0.0,3.798495151911837,15.011365664902554,0.0,2.7982535085849976,0.0659778816085644,2.316152239101315,0.0
50,Chad,12908,Ennedi,2012,0.0,3.989891888395032,15.568563272664836,0.0,2.98164771257002,0.0684836750430011,2.495481317355699,0.0
50,Chad,12908,Ennedi,2013,0.0,4.18676650785436,16.564361907623628,0.0,3.160267795984535,0.0684206925887801,2.7010798317249147,0.0
50,Chad,12908,Ennedi,2014,0.0,4.413486932233317,16.93261450463599,0.0,3.369708581953239,0.071394996996107,2.8652329479724794,0.0
50,Chad,12908,Ennedi,2015,0.0,4.61364752039698,16.47625262920673,0.0,3.6701530534583537,0.1704003603006652,3.097815601406478,0.0
50,Chad,12908,Ennedi,2016,0.0,4.884934965599124,15.871383499313186,0.0,3.814566573687896,0.1802811731783518,3.344375989405748,0.0
50,Chad,12908,Ennedi,2017,0.0,5.149605938416422,16.18905337826236,0.0,4.096670618737781,0.1854227164856732,3.600778290719697,0.0
50,Chad,12908,Ennedi,2018,0.0,5.416428310613437,15.521571751644736,0.0,4.383993978973953,0.1979882111219723,3.933252381024829,0.0
50,Chad,12908,Ennedi,2019,0.0,5.66880051349052,16.210755037006578,0.0,4.453365223930481,0.1991655333968233,4.117215985051045,0.0
50,Chad,12908,Ennedi,2020,0.0,6.032620505916262,15.758331298828123,0.0,4.833274707979369,0.2115200746406629,4.537670661407767,0.0
50,Chad,12908,Ennedi,2021,0.0,6.3266432857231,15.093461470170457,0.0,5.290678696477048,0.216549902536556,4.986585521038993,0.0
50,Chad,12909,Tibesti,2001,0.0,0.2616111224985377,1.9822381080665024,0.0,0.5741197229069185,0.0186097873220346,0.392138671875,52.22197723388672
50,Chad,12909,Tibesti,2002,0.0,0.2845106450963309,0.7014124677686269,0.0,0.6202595493531365,0.0211198121803241,0.4298879431775217,151.7603302001953
50,Chad,12909,Tibesti,2003,0.0,0.2931011266171587,0.1979956265153556,0.0,0.6626094073637231,0.0174121824597215,0.4601418918085876,0.2285241335630417
50,Chad,12909,Tibesti,2004,0.0,0.3005764931126645,0.1797066073112299,0.0,0.6819610916940789,0.0205646896362304,0.5011152086759868,0.0287006596724192
50,Chad,12909,Tibesti,2005,0.0,0.3286313574167379,0.2364303513700739,0.0,0.775931561513677,0.0206487454866108,0.5430085625164387,0.1147956028580665
50,Chad,12909,Tibesti,2006,0.0,0.3652425943582325,0.2155490969202201,0.0,0.8237410640164716,0.0207377394861687,0.598073767712717,0.1145658195018768
50,Chad,12909,Tibesti,2007,0.0,0.3783155799476427,0.2009789377597752,0.0,0.893463825063289,0.0290642889503933,0.6325011918069438,0.0734964832663536
50,Chad,12909,Tibesti,2008,0.0,0.3807658798001052,0.1968758117976447,0.0,0.9248954857229748,0.0276583973073382,0.6852412176157285,0.0280458390712738
50,Chad,12909,Tibesti,2009,0.0,0.3921231064653472,0.1827623489455049,0.0,0.9543837176568254,0.0294199446387694,0.7403233752383613,0.0550150163471698
50,Chad,12909,Tibesti,2010,0.0,0.4300384280682864,0.2640565167506927,0.0,1.0664137630071344,0.0297261779399873,0.7848266408921292,0.1777634769678115
50,Chad,12909,Tibesti,2011,0.0,0.4536816367721758,0.2172503992841749,0.0,1.1053833457308653,0.0312716059155491,0.8519217758539913,0.4103366732597351
50,Chad,12909,Tibesti,2012,0.0,0.4882445839566346,0.2366257841363916,0.0,1.190983081478498,0.0289300778037623,0.930669392240104,0.0477512300014495
50,Chad,12909,Tibesti,2013,0.0,0.5064790375542477,0.2377531906654094,0.0,1.2488010011178328,0.0310410585358292,1.0258454508934445,0.0260100798173384
50,Chad,12909,Tibesti,2014,0.0,0.539826129750789,0.2555966832954895,0.0,1.3846802207308653,0.0336062488024138,1.0993788476870725,0.051237616688013
50,Chad,12909,Tibesti,2015,0.0,0.5645093762329038,0.2373749981960052,0.0,1.4101648546406496,0.0782031882505301,1.1606662354928328,0.0933503732085228
50,Chad,12909,Tibesti,2016,0.0,0.5997411415866649,0.2740272559555881,0.0,1.5191338954004472,0.0809763949021485,1.2462595498668465,0.0202568593350323
50,Chad,12909,Tibesti,2017,0.0,0.626338085834758,0.2544782666737223,0.0,1.5810856385208445,0.0857445537761786,1.368178189521962,0.0450963489711284
50,Chad,12909,Tibesti,2018,0.0,0.6713029840380064,0.2465226798221982,0.0,1.7263987549727118,0.0856500552366558,1.4720015267457918,0.0454292159814101
50,Chad,12909,Tibesti,2019,0.0,0.6925944609744871,0.2434194029258389,0.0,1.885175437064374,0.0877125201759559,1.5865818206289453,0.2694481313228607
50,Chad,12909,Tibesti,2020,0.0,0.7249033454842846,0.2663354131388546,0.0,1.9237312906858235,0.0972627080910335,1.921743875550697,0.4391306042671203
50,Chad,12909,Tibesti,2021,0.0,0.7789577688158428,0.2215005880260186,0.0,2.1192808310963667,0.1066335701800758,1.9868012381398568,0.1591277718544006
50,Chad,12910,Baguirmi,2001,0.0,20.09337873542274,11.936944631123058,0.0,23.618752277696792,0.3646923187522777,16.33061224489796,0.0092200776879401
50,Chad,12910,Baguirmi,2002,0.0,21.202286807580176,12.00765148969534,0.0,24.991219478862973,0.3736232034666545,17.942312773323614,0.0103818292801196
50,Chad,12910,Baguirmi,2003,0.0,22.332612062682216,11.968889925373134,0.0,26.687645772594752,0.383057281227223,19.26025646865889,0.0120392119158126
50,Chad,12910,Baguirmi,2004,0.0,23.516977951895043,12.410801853371122,0.0,28.515187682215743,0.3916275068900328,20.94385021865889,0.014188543631689
50,Chad,12910,Baguirmi,2005,0.0,24.770476494169092,12.390597031622912,0.0,30.08422922740525,0.3936650134384111,22.54094387755102,0.0160693280167682
50,Chad,12910,Baguirmi,2006,0.0,26.1158527696793,12.470496858218974,0.0,32.08887572886297,0.396664384224672,24.562641217201165,0.0175627228183791
50,Chad,12910,Baguirmi,2007,0.0,27.44962190233236,12.902471938394989,0.0,33.78286260932945,0.5600707296032252,26.25545736151604,0.0224866889826153
50,Chad,12910,Baguirmi,2008,0.0,28.849070699708456,13.008968526252984,0.0,36.001375728862975,0.572304167900419,28.280213647959183,0.0381935001273143
50,Chad,12910,Baguirmi,2009,0.0,30.504605502915453,13.084853725387829,0.0,38.27065415451895,0.5874757994715744,30.505630466472304,0.0329292634221989
50,Chad,12910,Baguirmi,2010,0.0,32.2368804664723,13.247835946822793,0.0,40.561456814868805,0.600134099398688,32.822585641399414,0.0327140835418337
50,Chad,12910,Baguirmi,2011,0.0,33.816454081632656,13.388357230757755,0.0,43.09631013119534,0.607927096619898,35.66526056851312,0.0329326138007043
50,Chad,12910,Baguirmi,2012,0.0,35.640561224489794,13.522209222106206,0.0,45.773842930029154,0.6178152190005467,38.41906432215743,0.0340827859955926
50,Chad,12910,Baguirmi,2013,0.0,37.468337736880464,14.304811026998806,0.0,48.68742711370263,0.6249543037080904,41.213201530612245,0.0340591330516878
50,Chad,12910,Baguirmi,2014,0.0,39.45332543731779,14.540127629027449,0.0,51.651453170553935,0.6424929960823615,44.47652605685131,0.0376789871434323
50,Chad,12910,Baguirmi,2015,0.0,41.61921465014577,14.090813320405728,0.0,54.83805575801749,1.539665947294096,47.99716198979592,0.0302530894131535
50,Chad,12910,Baguirmi,2016,0.0,43.7219387755102,13.908450178997612,0.0,58.0934265670554,1.59622727997449,51.95265123906705,0.0365327821426573
50,Chad,12910,Baguirmi,2017,0.0,45.91211734693878,13.973323995002984,0.0,61.61506924198251,1.6676968499453353,56.45856869533527,0.0331549542046958
50,Chad,12910,Baguirmi,2018,0.0,48.57937317784256,14.03144810933771,0.0,65.46588921282799,1.7408465060131195,60.63929938046648,0.0327891256473514
50,Chad,12910,Baguirmi,2019,0.0,51.22621173469388,14.66326656660203,0.0,69.53293549562682,1.815129600947522,65.17039905247813,0.0353957110202397
50,Chad,12910,Baguirmi,2020,0.0,53.93555940233236,14.30818262708706,0.0,73.96007197521865,1.894036135659621,71.03401056851312,0.0354068462665264
50,Chad,12910,Baguirmi,2021,0.0,55.68457999271137,14.527234272510436,0.0,78.46512390670554,1.9776313092201163,76.10845025510204,0.0347204282302265
50,Chad,12911,Daraba,2001,0.0,27.014168331430746,8.434040938273515,0.0,38.89534876807458,0.5331538416660722,21.96146368436073,0.004390767445931
50,Chad,12911,Daraba,2002,0.0,28.294877283105023,8.426140612108085,0.0,41.10056364155251,0.545357389174277,23.73844326721842,0.0050591870164318
50,Chad,12911,Daraba,2003,0.0,29.85961579623288,8.369275990099009,0.0,43.63035697298326,0.5561519721508752,25.765357448630137,0.0054846156427192
50,Chad,12911,Daraba,2004,0.0,31.51246194824962,8.742761995926156,0.0,46.20006896879757,0.5675447368186358,27.55542772545662,0.0067583383832659
50,Chad,12911,Daraba,2005,0.0,33.254031107305934,8.743002913572607,0.0,49.00462566590563,0.5744361354880136,30.07855902777778,0.0069224889522338
50,Chad,12911,Daraba,2006,0.0,34.90919306506849,8.808019254073844,0.0,52.16509703196347,0.581103599234803,31.732136486872147,0.007643527826987
50,Chad,12911,Daraba,2007,0.0,36.97146713280061,9.09749671256188,0.0,55.54213636796042,0.815098778479357,35.174306744672755,0.0099204711788164
50,Chad,12911,Daraba,2008,0.0,38.77902932363013,9.199821446988448,0.0,58.99971461187214,0.8399473332560408,37.56611491628615,0.0163693900155549
50,Chad,12911,Daraba,2009,0.0,40.88492615582192,9.28242799865924,0.0,63.05403348554034,0.8573587031487824,41.13884132420091,0.0143196936881188
50,Chad,12911,Daraba,2010,0.0,42.94962602264079,9.375963670585808,0.0,66.8431435502283,0.8807464088660578,43.820511677130895,0.0144162791790348
50,Chad,12911,Daraba,2011,0.0,45.17433647260274,9.42825488603548,0.0,70.73810882800609,0.8925195981378424,47.27673730022831,0.0144657789677283
50,Chad,12911,Daraba,2012,0.0,47.61398580194064,9.552901969884488,0.0,75.10603358066972,0.90176275476836,51.36614107686454,0.0146048234240843
50,Chad,12911,Daraba,2013,0.0,50.17785031392694,10.105882096998762,0.0,79.68951555365297,0.9081401389483448,54.76491152968037,0.0146629944099451
50,Chad,12911,Daraba,2014,0.0,52.86997003424658,10.246630375928218,0.0,84.16934218036529,0.9260396971913052,59.63351407914764,0.0163712233993479
50,Chad,12911,Daraba,2015,0.0,55.72365510844749,9.924384088799505,0.0,89.29949105783867,2.2381340967465757,64.04255850456622,0.0133757370926759
50,Chad,12911,Daraba,2016,0.0,58.44758965943684,9.855654071266502,0.0,95.30574581430746,2.3447744987871006,69.57889198059361,0.0161886844697958
50,Chad,12911,Daraba,2017,0.0,61.69646594368341,9.840780025268153,0.0,100.85825722983256,2.4431016710069446,74.47058124048706,0.0147289033770167
50,Chad,12911,Daraba,2018,0.0,65.02425799086758,9.887471315490924,0.0,107.23897688356163,2.551816153562595,80.07673373287672,0.0148755992599839
50,Chad,12911,Daraba,2019,0.0,68.48853691019787,10.335044066373968,0.0,113.47845319634705,2.655054565615487,86.60872693112633,0.0154973274420115
50,Chad,12911,Daraba,2020,0.0,71.91404466324201,10.072693375516527,0.0,120.912124238965,2.7654588951912102,94.07235183599695,0.0152150051652892
50,Chad,12911,Daraba,2021,0.0,74.20138888888889,10.088687802460871,0.0,127.9847436263318,2.872455660792428,100.2185597412481,0.0149890641993313
50,Chad,12912,Hadjer Lamis,2001,0.0,50.44085648148148,16.627812066660063,0.0,38.334833140432096,0.5908391128351659,26.65168788580247,0.1519189841334474
50,Chad,12912,Hadjer Lamis,2002,0.0,52.889592978395065,16.429410471969096,0.0,40.00158661265432,0.5988713017216435,29.63557098765432,0.1579711046505931
50,Chad,12912,Hadjer Lamis,2003,0.0,55.926755401234566,16.35452933092314,0.0,43.08647762345679,0.6136643397955247,31.91275318287037,0.1634683811918218
50,Chad,12912,Hadjer Lamis,2004,0.0,58.9494743441358,16.92150047048336,0.0,46.44507619598765,0.6412501205632716,33.95613667052469,0.1898627754868261
50,Chad,12912,Hadjer Lamis,2005,0.0,62.0536361882716,17.118464305170363,0.0,48.62796585648148,0.6411619586709105,37.95798852237655,0.2163010014513903
50,Chad,12912,Hadjer Lamis,2006,0.0,65.09012345679012,17.738584587955625,0.0,50.23670910493827,0.6393251772280093,40.32684944058642,0.2202294728112599
50,Chad,12912,Hadjer Lamis,2007,0.0,68.54946952160493,17.9165542046355,0.0,54.63260995370371,0.9108433099440586,44.96062885802469,0.2677285295980723
50,Chad,12912,Hadjer Lamis,2008,0.0,71.94099633487654,18.054260350633918,0.0,57.21331018518519,0.926050407503858,46.25164448302469,0.3884238106863839
50,Chad,12912,Hadjer Lamis,2009,0.0,75.1509837962963,18.13621731378764,0.0,60.93948688271605,0.9359587492766204,48.2240306712963,0.3605319068545387
50,Chad,12912,Hadjer Lamis,2010,0.0,79.3314236111111,18.433712918482566,0.0,65.0805507330247,0.9692330066068672,52.42779706790123,0.3804876022217958
50,Chad,12912,Hadjer Lamis,2011,0.0,82.19718364197531,18.815122193928005,0.0,67.75982831790124,0.9938907576195988,56.32621527777778,0.3676532332304936
50,Chad,12912,Hadjer Lamis,2012,0.0,88.321875,18.75613750988924,0.0,73.58140432098766,0.9740265269338348,62.75050154320988,0.3686391130278382
50,Chad,12912,Hadjer Lamis,2013,0.0,92.36763117283952,19.791269036787973,0.0,78.01323302469136,1.0157008041570217,66.4379726080247,0.3712297753442692
50,Chad,12912,Hadjer Lamis,2014,0.0,96.79272762345678,20.113778802412973,0.0,81.73775077160494,1.0022194191261573,71.47480227623457,0.4177389507052265
50,Chad,12912,Hadjer Lamis,2015,0.0,101.9653549382716,19.544428958168517,0.0,86.53247492283951,2.489718816309799,78.75594135802469,0.3640913795739317
50,Chad,12912,Hadjer Lamis,2016,0.0,108.1498649691358,19.782411692831754,0.0,92.6059799382716,2.5479079258294752,83.13092206790124,0.4466901782187993
50,Chad,12912,Hadjer Lamis,2017,0.0,113.87355324074076,19.11304675157978,0.0,98.4712287808642,2.673118911554784,92.40562307098766,0.404505135533147
50,Chad,12912,Hadjer Lamis,2018,0.0,119.44209104938273,19.814176972255133,0.0,104.57872299382716,2.7968334056712965,95.48782793209875,0.4173194439301935
50,Chad,12912,Hadjer Lamis,2019,0.0,125.60559413580246,20.49508473842959,0.0,109.86043595679013,2.878826075424383,104.82713155864198,0.4043306278277047
50,Chad,12912,Hadjer Lamis,2020,0.0,132.4164737654321,19.433333128924648,0.0,118.51513310185184,2.96747745466821,110.67979359567902,0.4209270866549744
50,Chad,12912,Hadjer Lamis,2021,0.0,138.07270447530863,19.682398328825347,0.0,126.33660300925926,3.107928843557098,119.28180941358023,0.3892994428160017
50,Chad,12914,Barl El Gazal,2001,0.0,20.40261087914256,9.048512329745169,0.0,4.809025266307207,0.0806647174801091,3.3875078083903207,0.0
50,Chad,12914,Barl El Gazal,2002,0.0,21.39821968700684,9.042137213038226,0.0,5.212656373290374,0.0816146714131748,3.704123138315361,0.0024598892778158
50,Chad,12914,Barl El Gazal,2003,0.0,22.588148507364544,9.021740100505273,0.0,5.807655715741715,0.0821077526399551,3.946385896814177,0.0023055120836943
50,Chad,12914,Barl El Gazal,2004,0.0,23.80513545502367,9.397449781689367,0.0,5.786025447133087,0.0888379622233158,4.152226110435297,0.0
50,Chad,12914,Barl El Gazal,2005,0.0,25.03265961993688,9.46870537675747,0.0,6.379470817168595,0.0843960492627235,4.414394356588637,0.0
50,Chad,12914,Barl El Gazal,2006,0.0,26.340495134139925,9.494787662016696,0.0,6.973915866649132,0.0861385853148836,4.984368835481326,0.0029745674692094
50,Chad,12914,Barl El Gazal,2007,0.0,27.8102376216465,9.818744679536469,0.0,7.232967434902683,0.1262801088576941,5.164606005063125,0.0037737609818577
50,Chad,12914,Barl El Gazal,2008,0.0,29.343556845081537,9.885218722539545,0.0,7.5490664863887424,0.1279599161163121,5.785684343766439,0.0028793749709924
50,Chad,12914,Barl El Gazal,2009,0.0,30.78018353826933,9.955892499176189,0.0,7.874642457916885,0.1279872230076275,5.973221844588375,0.0027237812226468
50,Chad,12914,Barl El Gazal,2010,0.0,32.39217845870594,10.061815204855009,0.0,8.41771703215413,0.1313915623921209,6.83474209708706,0.004647339383761
50,Chad,12914,Barl El Gazal,2011,0.0,34.14765255128879,10.17955191399385,0.0,9.073920798264073,0.1355714431754668,7.321522286789848,0.0023999702185392
50,Chad,12914,Barl El Gazal,2012,0.0,35.951152354024195,10.313183937005713,0.0,10.02614783337717,0.1364545907427423,7.807426087421094,0.0039273463189601
50,Chad,12914,Barl El Gazal,2013,0.0,37.8889564702788,10.83265769167399,0.0,10.319712486849026,0.1328768100567957,8.487264104418728,0.0038669357697168
50,Chad,12914,Barl El Gazal,2014,0.0,39.848028175960025,11.04992482699912,0.0,11.011318056286164,0.1386527393066149,9.046759928984743,0.0053157605230808
50,Chad,12914,Barl El Gazal,2015,0.0,41.99009156365071,10.658077836665202,0.0,11.131885767359284,0.3312452738690163,9.962412874802736,0.0032674280757253
50,Chad,12914,Barl El Gazal,2016,0.0,44.21664173461336,10.631508986434534,0.0,12.463903660902156,0.344964667033798,10.58593544516044,0.0077529847621917
50,Chad,12914,Barl El Gazal,2017,0.0,46.66382824829037,10.617588251043497,0.0,13.51024748487638,0.3623839272504602,11.427836089558127,0.0040102018152966
50,Chad,12914,Barl El Gazal,2018,0.0,48.97941311777077,10.718441702491182,0.0,14.435148445715036,0.393507098048518,13.016980481072554,0.0054167877686651
50,Chad,12914,Barl El Gazal,2019,0.0,51.5373537723449,11.236120713495575,0.0,15.012124367442166,0.4009612491579587,13.135666198409568,0.0041782036423683
50,Chad,12914,Barl El Gazal,2020,0.0,54.163310824132495,10.975391320062275,0.0,15.62087605152471,0.4178219703971149,14.055081821766562,0.0047205053269863
50,Chad,12914,Barl El Gazal,2021,0.0,55.92914530757098,11.03903479609929,0.0,16.269949189997373,0.4378975949452878,15.185049865273395,0.0038623332511633
50,Chad,12915,Kanem,2001,0.0,4.453213205645161,17.85008388028997,0.0,12.46548348325062,0.1857017195254342,8.804544044665013,0.0089173470774004
50,Chad,12915,Kanem,2002,0.0,4.785196960297767,18.293131000195924,0.0,13.8701176721464,0.1919531431742401,8.728629032258064,0.011351073705233
50,Chad,12915,Kanem,2003,0.0,4.97507802807072,19.66814018416928,0.0,13.761786600496276,0.1964773324819711,9.525870424937963,0.0085652972211932
50,Chad,12915,Kanem,2004,0.0,5.118484898418114,19.215312132641067,0.0,15.141017563585608,0.191402600006785,10.316339368796529,0.0091665804386138
50,Chad,12915,Kanem,2005,0.0,5.379750019385856,20.1575397995283,0.0,16.150738601116625,0.1935306369223015,10.514026636166252,0.0093047281282137
50,Chad,12915,Kanem,2006,0.0,5.812849430055831,20.06906569378931,0.0,17.109022177419355,0.1987203820467586,11.782471308933005,0.0110799542495182
50,Chad,12915,Kanem,2007,0.0,6.166068451457816,19.78749324390723,0.0,17.78295401674938,0.2797471720882444,12.189211771091813,0.0144533395767211
50,Chad,12915,Kanem,2008,0.0,6.395923639112903,20.315549454599054,0.0,18.74564205955335,0.3022425194827853,14.104893959367246,0.0207848078768018
50,Chad,12915,Kanem,2009,0.0,7.055512368176179,20.81472643966195,0.0,19.958483250620347,0.2955851136011166,15.730672301488834,0.0201967350424152
50,Chad,12915,Kanem,2010,0.0,7.374561879652606,20.61629999508648,0.0,21.23279311414392,0.3117025749263337,16.979573123449132,0.0191833939817216
50,Chad,12915,Kanem,2011,0.0,8.38919432382134,20.80394279431997,0.0,22.8888182382134,0.2984624895801023,17.823914392059553,0.0214498487871084
50,Chad,12915,Kanem,2012,0.0,8.01107659351737,21.65516902515723,0.0,23.42114996898263,0.3339240668133529,18.59183467741936,0.0185330981141203
50,Chad,12915,Kanem,2013,0.0,8.767812693858561,22.8787312057783,0.0,24.97121781947891,0.3178270817986197,21.02188469292804,0.0190355908380795
50,Chad,12915,Kanem,2014,0.0,9.510271595843673,22.664727360947328,0.0,27.781754032258064,0.341180192743874,23.23615462158809,0.0197776392714618
50,Chad,12915,Kanem,2015,0.0,9.801238756203476,21.99893898634041,0.0,29.29100108560794,0.7544476000310174,23.222516671836228,0.0193025192744295
50,Chad,12915,Kanem,2016,0.0,10.001691415942927,21.67204543779481,0.0,30.300880117866004,0.807609614899969,26.93901597394541,0.0199337103595472
50,Chad,12915,Kanem,2017,0.0,10.539122596153844,22.74628414897799,0.0,31.46758103287841,0.8443655009305211,27.994539004342432,0.0197085592481825
50,Chad,12915,Kanem,2018,0.0,11.281920750620348,21.91337089658912,0.0,33.52901674937965,0.8840697939283498,31.070083746898263,0.0173786870364485
50,Chad,12915,Kanem,2019,0.0,12.273151558622828,22.797722175670348,0.0,35.519727047146404,0.920025407587624,32.68731777295285,0.021720188937775
50,Chad,12915,Kanem,2020,0.0,12.9880612205335,22.09651999803459,0.0,36.96782723325062,0.9674990670556762,35.43825992555831,0.0168209598489003
50,Chad,12915,Kanem,2021,0.0,12.410528458436724,20.49285818516523,0.0,39.582242555831264,1.030843260507134,41.01880040322581,0.0179163700417627
50,Chad,12918,Logone Oriental,2001,0.0,9.057247629113345,25.972203538907284,0.0923081040382385,40.79284020795247,0.236479903923746,27.892362102947896,0.7197157836644592
50,Chad,12918,Logone Oriental,2002,0.0,9.694421632198354,26.573330573951434,0.0856255710124969,42.52877913619744,0.2419700831774165,29.97692670246801,0.7038432746533526
50,Chad,12918,Logone Oriental,2003,0.0,9.851055473034735,26.089916884636565,0.1040529459714889,45.70417476005485,0.2486587887054387,32.21600776965265,0.8004094598576886
50,Chad,12918,Logone Oriental,2004,0.0,10.532289940870658,27.42885075371696,0.0958706513047218,48.277100948354665,0.2511523035806101,35.02802216636197,0.9131988659829297
50,Chad,12918,Logone Oriental,2005,0.0,11.051039226748172,27.736052794603523,0.0998063352372911,51.78063228404936,0.2577784676002628,38.27156292847349,1.0149769383905218
50,Chad,12918,Logone Oriental,2006,0.0,11.830158463779709,27.40966796875,0.0895705595612526,55.0447969035649,0.2563808517874485,40.58383440927788,1.105037306073451
50,Chad,12918,Logone Oriental,2007,0.0,12.518103005027422,28.61611711926856,0.1077096164226532,58.520234660649,0.3602715026743887,43.454917447440586,1.4385845067719705
50,Chad,12918,Logone Oriental,2008,0.0,13.058638382655394,29.52858992866848,0.0997087359428405,61.35492601691042,0.3722747858525194,46.2985103404936,2.3101987092391303
50,Chad,12918,Logone Oriental,2009,0.0,13.908179067347172,29.169979194972825,0.1268051564693451,65.33156078923358,0.3766351964351904,51.10673044023723,1.9649755063264267
50,Chad,12918,Logone Oriental,2010,0.0,14.464126003244536,28.60045855978261,0.0702996790409088,68.90296988843352,0.3900221249662027,54.42800119535519,2.045880126953125
50,Chad,12918,Logone Oriental,2011,0.0,15.127830255681818,31.020548148777173,0.1516426801681518,73.61098721590909,0.3934073708274148,59.03517045454546,2.1720164423403534
50,Chad,12918,Logone Oriental,2012,0.0,16.186982475045372,31.004715462310195,0.0322030584017435,78.0270956215971,0.3982881244860197,63.42394509981851,2.058916137430518
50,Chad,12918,Logone Oriental,2013,0.0,16.986899555593297,31.612213991630668,0.11386695929936,82.81458050271739,0.3950393787328747,67.98905966938406,2.221768801464633
50,Chad,12918,Logone Oriental,2014,0.0,17.831862026173287,31.422480636400216,0.1403169291360037,87.4581805618231,0.4049006162567689,73.64977718862816,2.2548676191993025
50,Chad,12918,Logone Oriental,2015,0.0,18.594731841216216,30.721864102736053,0.0763727128505706,92.53400197072072,0.9706880586641328,79.85581362612612,2.077992713502548
50,Chad,12918,Logone Oriental,2016,0.0,19.86607042491007,28.913496795718817,0.0744558837678697,98.15668558902878,1.004461384505677,85.75633711780576,2.16727839463861
50,Chad,12918,Logone Oriental,2017,0.0,20.705473316659173,31.787842317430705,0.1198245022031996,104.20831694019785,1.0633533944328912,91.90320087679856,2.141727927397055
50,Chad,12918,Logone Oriental,2018,0.0,20.804996580387204,26.205962796932656,0.0372587417562802,102.36978509048822,1.0205008253103955,92.44206386784512,1.7543587209553737
50,Chad,12918,Logone Oriental,2019,0.0,22.836060448516186,34.22188000801282,0.1583505570888519,117.00318963579136,1.147181558952057,107.4148634217626,2.1827808608356705
50,Chad,12918,Logone Oriental,2020,0.0,22.224364015703,24.481719528419383,0.0311321152581108,114.21804804492513,1.102726331764767,106.19702839018302,1.6670454826907837
50,Chad,12918,Logone Oriental,2021,0.0,25.09701460965704,29.55080967385655,0.0540084375275505,133.0337601534296,1.2614651346034522,126.48742102888086,2.022712184089137
50,Chad,12919,Mont De Lam,2001,0.0,16.488830970612582,24.593844353864736,0.0839840844273567,19.22756816535596,0.1380227954182404,10.578707057119203,0.6724198935688406
50,Chad,12919,Mont De Lam,2002,0.0,17.096498603062916,23.260117750901443,0.0838624536991119,21.88955142798013,0.1427211129902214,12.15021034897558,0.609008055466872
50,Chad,12919,Mont De Lam,2003,0.0,18.53027990480133,23.49205603966346,0.1077769845724105,22.3402334049048,0.1421093719684525,12.788515204625414,0.719185315645658
50,Chad,12919,Mont De Lam,2004,0.0,19.13053277628311,23.60052020733173,0.1150287315249443,24.05110784871689,0.151993479949749,13.077041727028146,0.7722057929405799
50,Chad,12919,Mont De Lam,2005,0.0,20.221821968129134,24.1351553109976,0.0656370967626571,24.814820144350165,0.1454088324742601,13.660980830918874,0.9387488731971154
50,Chad,12919,Mont De Lam,2006,0.0,20.914676893625828,24.601820725661057,0.1177606383959452,26.15211416080298,0.1511215058383562,16.352359594888245,1.0509175520676832
50,Chad,12919,Mont De Lam,2007,0.0,21.972935960782284,25.97330573415072,0.1251709063847859,27.685731193087747,0.2135400077365092,17.992738837437916,1.229051799865431
50,Chad,12919,Mont De Lam,2008,0.0,22.99164926258251,24.386154102488156,0.0253536310046911,30.70888123968647,0.2147729451900268,20.435379280115512,1.9228495376369965
50,Chad,12919,Mont De Lam,2009,0.0,24.178343517945542,25.74688981042654,0.0723058879375457,31.903600711633665,0.2267331416063969,20.0242222952764,1.960978141893143
50,Chad,12919,Mont De Lam,2010,0.0,25.6095973855198,25.895311111522517,0.1031075790524482,34.21633276608911,0.2218668972304945,22.687335628094058,1.8028519616872776
50,Chad,12919,Mont De Lam,2011,0.0,27.30053308065181,25.285328991008253,0.2645397782325744,35.49173950598185,0.2278882520820441,23.597314614273927,1.596445623433815
50,Chad,12919,Mont De Lam,2012,0.0,27.84497150886964,24.79747844192217,0.0303660680850346,38.07976871905941,0.2311604062322736,25.914591068481847,1.7278839687131486
50,Chad,12919,Mont De Lam,2013,0.0,29.913095606435643,26.61639289136203,0.0973129943013191,40.02653155940594,0.2406556787270524,28.06676722359736,1.5313959661519752
50,Chad,12919,Mont De Lam,2014,0.0,31.059354372937293,26.84643326518692,0.1082006245851516,42.56688969678218,0.2467801940716532,29.659627681518156,2.0760537976416478
50,Chad,12919,Mont De Lam,2015,0.0,33.095226124174914,26.5520589953271,0.0556235611438751,45.65548293110561,0.5945787083591172,30.905215423886137,1.272982018016209
50,Chad,12919,Mont De Lam,2016,0.0,34.41514219781353,26.29248942803899,0.0494269013404846,48.24471109220297,0.624785873362727,33.93212084880363,2.045977111256451
50,Chad,12919,Mont De Lam,2017,0.0,36.362269234735976,24.21447639821846,0.1090294644236564,51.33234065594059,0.6283778829543111,38.26333023927393,1.6702655542676694
50,Chad,12919,Mont De Lam,2018,0.0,35.36812789351852,19.746375450721157,0.0433034598827362,52.16892722800926,0.6378395645706741,38.80933521412037,1.3833688589242787
50,Chad,12919,Mont De Lam,2019,0.0,40.21603232935856,24.590341287766588,0.019790140291055,58.42458624588816,0.6939208382054379,43.70169870476974,1.865822453069461
50,Chad,12919,Mont De Lam,2020,0.0,38.61189118806306,19.674280765282848,0.0188175056661878,57.162385041291294,0.6631667678420609,44.09243618618618,1.460441088154368
50,Chad,12919,Mont De Lam,2021,0.0,43.50140199566832,24.761711872799296,0.0344181023538112,65.13157487623762,0.7461939644892224,49.55314369327558,1.7258381015258215
50,Chad,12920,Kabia,2001,0.0,21.749593423182272,28.86479472734064,0.0,20.892113187873505,0.2372783037770791,13.168772176917331,1.38926582595929
50,Chad,12920,Kabia,2002,0.0,22.82121513944223,28.809692869148407,0.0,22.111736647161354,0.2420525721819752,14.248452479145916,1.728229133450255
50,Chad,12920,Kabia,2003,0.0,24.051378470493027,28.53602970928785,0.0,23.348759259835656,0.2493264551656654,15.47877435570219,2.0526341029575894
50,Chad,12920,Kabia,2004,0.0,25.33070647099104,30.97749237425299,0.0,24.920832295816734,0.2519358904713178,16.5337906187749,2.095496145235438
50,Chad,12920,Kabia,2005,0.0,26.60754248630478,30.22886578685259,0.0,26.4821242374253,0.2546400852887279,17.76732717567231,2.201663685493729
50,Chad,12920,Kabia,2006,0.0,27.92043544571713,31.255229083665338,0.0,28.02614736367032,0.254806427366705,19.30944970119522,2.258331714033269
50,Chad,12920,Kabia,2007,0.0,29.441196152888445,31.43785016185259,0.0,29.96131295131972,0.3607504795272037,20.75064974477092,2.557224195830676
50,Chad,12920,Kabia,2008,0.0,30.72856425859064,31.963190207918327,0.0,31.69035187375498,0.3705232779818227,22.398546439243027,3.851235733551233
50,Chad,12920,Kabia,2009,0.0,32.570724912848604,32.17858643550797,0.0,33.59556306025896,0.3810792900176637,24.084733332295816,3.5548971785980017
50,Chad,12920,Kabia,2010,0.0,34.14855032993028,32.57726710346115,0.0,35.76173042206175,0.3863736946744273,25.983836139815736,4.036156894398385
50,Chad,12920,Kabia,2011,0.0,35.914506038346616,33.502404444721115,0.0,37.93844932768924,0.3938105305827471,27.99436628486056,4.073287029655612
50,Chad,12920,Kabia,2012,0.0,37.7199405502988,33.44036354581673,0.0,40.40540572086653,0.3974946162615164,30.20914778386454,3.70035018401892
50,Chad,12920,Kabia,2013,0.0,39.9320219123506,35.36772441484064,0.0,42.85881474103586,0.4037657657942449,32.464867094123505,3.7532398457429847
50,Chad,12920,Kabia,2014,0.0,41.76955459412351,36.877209910358566,0.0,45.385170256474105,0.4075471186542891,35.331747229830675,4.139901297433036
50,Chad,12920,Kabia,2015,0.0,44.112067355577686,35.15473263197211,0.0,48.17096068849602,0.9851761168217754,37.88839174551793,3.768546383397109
50,Chad,12920,Kabia,2016,0.0,46.4378890687251,34.765519951444226,0.0,50.84948487300797,1.024506223154258,40.85065986055777,3.9688060526945153
50,Chad,12920,Kabia,2017,0.0,48.98561223854582,36.12945094621514,0.0,54.24638166085657,1.0704887967660608,44.05523997758964,4.1597991735756805
50,Chad,12920,Kabia,2018,0.0,51.18327471364542,35.364362861055774,0.0,57.537996451693225,1.1200914116969622,47.46313573829681,3.660521630527211
50,Chad,12920,Kabia,2019,0.0,53.72525911977092,35.97026736802789,0.0,61.19603227714144,1.154176263695219,51.06649962649402,3.781384111261693
50,Chad,12920,Kabia,2020,0.0,56.80966757968128,33.70980141932271,0.0,64.26869475224103,1.203814381147286,54.79578560756972,3.9574497767857135
50,Chad,12920,Kabia,2021,0.0,59.00925205428287,36.21967209287848,0.0,68.77490817978088,1.26601333922124,59.49935025522908,3.967230764376063
50,Chad,12921,Mayo-Boneye,2001,0.0,16.816228788642473,23.033824764784946,0.0,17.711332325268817,0.2150381108765961,13.188243447580644,0.6796517977150538
50,Chad,12921,Mayo-Boneye,2002,0.0,17.809318296370968,23.207938508064515,0.0,18.52087113575269,0.2215975197412634,14.35538579469086,0.7543460969002016
50,Chad,12921,Mayo-Boneye,2003,0.0,18.585765288978493,22.99721942204301,0.0,19.690933719758064,0.2271439747143817,15.445232694892471,0.8310762138776882
50,Chad,12921,Mayo-Boneye,2004,0.0,19.6639889952957,24.241832577284946,0.0,21.16544438844086,0.2306019772765457,16.66384513608871,0.9441818401377688
50,Chad,12921,Mayo-Boneye,2005,0.0,20.679271673387092,24.04526839717742,0.0,22.242628528225808,0.2291982014973958,17.85994623655914,1.0440572759156586
50,Chad,12921,Mayo-Boneye,2006,0.0,21.816983786962364,24.28521505376344,0.0,23.64424983198925,0.2299235354187668,18.63302041330645,1.151037335139449
50,Chad,12921,Mayo-Boneye,2007,0.0,23.021433971774197,25.395188592069893,0.0,25.290528393817205,0.3280358099168347,20.66191826276882,1.431197759156586
50,Chad,12921,Mayo-Boneye,2008,0.0,24.12569724462365,25.41016045026882,0.0,26.496954805107528,0.3348376202326948,22.554198168682795,2.2584840179771506
50,Chad,12921,Mayo-Boneye,2009,0.0,25.400016801075267,25.771595682123657,0.0,27.758106518817204,0.3445881833312332,24.39191448252688,2.0543370400705645
50,Chad,12921,Mayo-Boneye,2010,0.0,26.94260752688172,25.764913054435485,0.0,29.702312247983876,0.3571696619833669,26.267599126344088,2.059500745547715
50,Chad,12921,Mayo-Boneye,2011,0.0,28.34989919354839,26.38675655241936,0.0,31.943518985215054,0.3519525343371976,28.100802251344085,2.1530604208669355
50,Chad,12921,Mayo-Boneye,2012,0.0,29.67073252688172,26.536300823252688,0.0,33.67513440860215,0.3636174027637769,30.278828545026883,2.0477961714549733
50,Chad,12921,Mayo-Boneye,2013,0.0,31.479729502688173,27.858828965053764,0.0,36.20240255376344,0.3692263039209509,33.11492775537634,2.093139910954301
50,Chad,12921,Mayo-Boneye,2014,0.0,33.1293703797043,28.44117523521505,0.0,38.58033854166667,0.3770319456695228,35.55411626344086,2.347969957577285
50,Chad,12921,Mayo-Boneye,2015,0.0,34.9795404905914,27.442620127688173,0.0,40.89919774865592,0.9172285838793682,38.272530241935485,1.9288280199932797
50,Chad,12921,Mayo-Boneye,2016,0.0,36.9118704734442,27.249903393817203,0.0,43.37019263009657,0.939590061171372,41.39960266899141,2.2946373067876342
50,Chad,12921,Mayo-Boneye,2017,0.0,38.749390961021504,27.65247815860215,0.0,46.228839045698926,0.9853196667086692,44.59539650537634,2.111150926159274
50,Chad,12921,Mayo-Boneye,2018,0.0,40.69304435483871,27.51768523185484,0.0,49.16608702956989,1.0242574712281587,48.62557543682796,2.118446530577957
50,Chad,12921,Mayo-Boneye,2019,0.0,42.96486055107527,28.363890288978496,0.0,52.00029401881721,1.069820346627184,52.3443842405914,2.204039083501344
50,Chad,12921,Mayo-Boneye,2020,0.0,44.794867271505375,27.474712281586022,0.0,55.08578209005376,1.1074322444136424,56.462554603494624,2.186331537718414
50,Chad,12921,Mayo-Boneye,2021,0.0,46.50737567204301,28.343855006720432,0.0,58.64509408602151,1.1789420835433468,60.98300571236559,2.2058635752688174
50,Chad,12922,Mayo-Dala,2001,0.0,13.20150918083415,28.09452127333006,0.0,15.007376773483363,0.1691764338842343,10.489317056017612,0.0694332010385329
50,Chad,12922,Mayo-Dala,2002,0.0,13.94279369496086,28.076764719425345,0.0,15.94888717740949,0.1730311593430849,11.318006780516145,0.0805575777364854
50,Chad,12922,Mayo-Dala,2003,0.0,14.640564800941782,27.950941644155208,0.0,16.967209668542075,0.1755787351126773,12.22698771556996,0.1016274922488948
50,Chad,12922,Mayo-Dala,2004,0.0,15.532136741682974,29.007236922888016,0.0,17.90683479085127,0.1814834535005274,13.224496621208417,0.0966822656058141
50,Chad,12922,Mayo-Dala,2005,0.0,16.22939854452055,29.116700178045186,0.0,19.097289322407043,0.1820474613436047,14.263504655393836,0.1030842569347449
50,Chad,12922,Mayo-Dala,2006,0.0,17.053613472358123,29.334713439341847,0.0,20.220296064701564,0.1815271246923159,15.427763996758806,0.1175181120926832
50,Chad,12922,Mayo-Dala,2007,0.0,17.97065152580724,30.331179395874265,0.0,21.4530963337818,0.2590564944272872,16.579306048189824,0.1298116148103665
50,Chad,12922,Mayo-Dala,2008,0.0,18.913934457558707,30.5346248004666,0.0,22.72855575770548,0.2653111646320022,17.80444479268591,0.1792267984866159
50,Chad,12922,Mayo-Dala,2009,0.0,19.884322254158512,31.01904584663556,0.0,24.260602678571427,0.2690909249441964,19.205265410958905,0.1655451206889274
50,Chad,12922,Mayo-Dala,2010,0.0,20.9547188417319,31.156886972003928,0.0,25.748727219911935,0.2769779571115154,20.757667257827787,0.1938450031992494
50,Chad,12922,Mayo-Dala,2011,0.0,21.85612616193738,31.71591816060904,0.0,27.36324302837573,0.2803689019787335,22.3821665545499,0.1958383586411392
50,Chad,12922,Mayo-Dala,2012,0.0,23.226161172945204,32.04473001596267,0.0,29.00954585066047,0.2824995186464194,24.13148812071918,0.1821104697956317
50,Chad,12922,Mayo-Dala,2013,0.0,24.16706289750489,33.81256523207269,0.0,30.614710738747554,0.2879731837084148,26.12533635029354,0.1717838969352437
50,Chad,12922,Mayo-Dala,2014,0.0,25.638784628791583,34.50097080672888,0.0,32.612348642367905,0.2925524926232265,28.19622599681996,0.1938476262720254
50,Chad,12922,Mayo-Dala,2015,0.0,26.95600499938845,33.40191014857564,0.0,34.62895976027397,0.7140230600614603,30.37628424657534,0.1722816812031864
50,Chad,12922,Mayo-Dala,2016,0.0,28.419084821428573,33.15493384700393,0.0,36.771751926369866,0.7308985043878424,32.67355292930528,0.1980733965141131
50,Chad,12922,Mayo-Dala,2017,0.0,29.84875321061644,33.2987782416503,0.0,39.024393040606654,0.7620493670499021,35.305268468688844,0.1833223294181299
50,Chad,12922,Mayo-Dala,2018,0.0,31.574088796477493,33.240330304518665,0.0,41.54617172211351,0.8086992177944594,38.01428724315068,0.187680017737368
50,Chad,12922,Mayo-Dala,2019,0.0,33.186322773972606,34.58632889243615,0.0,43.94277840631116,0.8340547266771648,40.99438906555773,0.1992347282604525
50,Chad,12922,Mayo-Dala,2020,0.0,34.90195006727006,33.22166625736739,0.0,46.560596563111545,0.8622750060199058,44.35108090753425,0.2008675985579874
50,Chad,12922,Mayo-Dala,2021,0.0,36.13123776908024,34.20383487843812,0.0,49.43934228228963,0.9148352337443432,47.791791523972606,0.1913174852172611
50,Chad,12923,Barh Koh,2001,0.0,3.5241540902303754,12.672857290139296,0.0070105581544339,8.514261812073379,0.0442487219766002,6.041513349687144,0.1462409615167075
50,Chad,12923,Barh Koh,2002,0.0,3.8088906627737487,12.564597747892227,0.0063009827087322,9.071647357615188,0.0459180447835564,5.835793626457623,0.1682477263061881
50,Chad,12923,Barh Koh,2003,0.0,3.913193148286405,12.626653855846774,0.0072264638729393,9.501798697027873,0.0458453876031001,6.399259634527873,0.1983420184630452
50,Chad,12923,Barh Koh,2004,0.0,4.0945101966901305,13.198308055351909,0.011383393779397,10.064077609499432,0.0476555504218438,6.87670259616752,0.2251321339537321
50,Chad,12923,Barh Koh,2005,0.0,4.148088370573806,13.178819762646627,0.0087135185798009,10.694254835039818,0.0474970603830035,7.364802198876564,0.2579495829920615
50,Chad,12923,Barh Koh,2006,0.0,4.402983509410511,13.30701271669708,0.0,11.063886052911933,0.04785568930886,7.9097212357954545,0.2847084657989279
50,Chad,12923,Barh Koh,2007,0.0,4.6666953346946025,13.631358348540148,0.0045982031151652,12.079880593039771,0.0663989587263627,8.674458451704545,0.3670579673600023
50,Chad,12923,Barh Koh,2008,0.0,5.03592529296875,13.8235681828535,0.0090470621362328,12.846910511363635,0.0694168871099298,9.51204833984375,0.5980484409165452
50,Chad,12923,Barh Koh,2009,0.0,5.214508611505682,13.921502027150146,0.0025466261431574,13.426350541548295,0.070293040709062,10.183965509588068,0.5343615918395818
50,Chad,12923,Barh Koh,2010,0.0,5.433000044389204,14.012911693695337,0.0067500793375074,14.490521795099433,0.0718508980490944,11.156819291548295,0.533210776637664
50,Chad,12923,Barh Koh,2011,0.0,5.641134366122159,14.077605400419095,0.0,15.122727272727271,0.0724371129816228,11.54376220703125,0.5397064831792092
50,Chad,12923,Barh Koh,2012,0.0,5.997100275213068,14.405195255640466,0.0048651439137756,15.973939098011364,0.0749019796198064,12.688453258167614,0.5347288706417167
50,Chad,12923,Barh Koh,2013,0.0,6.325625887784091,15.074193237481856,0.0177077930420637,16.900173117897726,0.0736149874600497,13.832050115411931,0.5438127005567398
50,Chad,12923,Barh Koh,2014,0.0,6.4388692864465495,15.43399511577424,0.0,17.803503252262445,0.0753331335421601,14.895244891826923,0.596430688794546
50,Chad,12923,Barh Koh,2015,0.0,6.920177877824859,14.835147487789436,0.0097729718933502,19.158551818502826,0.1846634169756356,16.104768052612993,0.4968796990887301
50,Chad,12923,Barh Koh,2016,0.0,7.41151044602593,14.747374349892397,0.0066164471209049,20.145698280721533,0.1962668882281831,16.960047914317926,0.5856625790917548
50,Chad,12923,Barh Koh,2017,0.0,7.846566159353838,14.55314349444046,0.0046478114090859,21.702318178611737,0.2014436398887203,18.650710267353272,0.5371558300220812
50,Chad,12923,Barh Koh,2018,0.0,7.933679470486111,14.32365603146853,0.0,22.529598524305555,0.2032306247287326,19.38451171875,0.5189010940231643
50,Chad,12923,Barh Koh,2019,0.0,8.533845890713277,15.37863365557554,0.003007570747286,24.161826889124296,0.2148914401814089,21.30895127118644,0.5615476759217626
50,Chad,12923,Barh Koh,2020,0.0,8.819744012728913,14.38593045683079,0.0118680998682975,25.15469356964484,0.2191617840799719,22.319571136237517,0.5339872278221437
50,Chad,12923,Barh Koh,2021,0.0,9.176235913692157,14.882458147321428,0.0072187885642051,27.03292536681716,0.2390387472665067,24.90347462260158,0.5510242571149554
50,Chad,12924,Lac Iro,2001,0.0,2.490639853310752,9.874069712520424,0.0171301141381263,8.0586251638986,0.0447787330264136,5.890704900568182,0.0974029777875912
50,Chad,12924,Lac Iro,2002,0.0,2.629012442635489,9.823717724051797,0.0221079843384878,8.626526305725525,0.0455710413743134,6.406001420454546,0.1107587829888547
50,Chad,12924,Lac Iro,2003,0.0,2.7560721017263985,9.839679662010605,0.0,9.150921246722028,0.0466805678147536,6.895632102272727,0.1361219147873547
50,Chad,12924,Lac Iro,2004,0.0,2.9026158899694057,10.201211637316776,0.0,9.659006228146852,0.0473451360955938,7.472021142919581,0.1475328824419152
50,Chad,12924,Lac Iro,2005,0.0,2.9196186625874128,10.20677836166531,0.0105586200952529,10.34984497923951,0.048241878056026,8.017104184877622,0.1752082253123727
50,Chad,12924,Lac Iro,2006,0.0,3.225912027425699,10.203091708096592,0.0040420680306851,11.074306162587412,0.0482736315046037,8.717796656468531,0.1911829539707728
50,Chad,12924,Lac Iro,2007,0.0,3.411429878715035,10.53915920505276,0.0,11.659765625,0.0679844409435779,9.369420618444057,0.2473278045654297
50,Chad,12924,Lac Iro,2008,0.0,3.561647044361888,10.645346901633523,0.0,12.356206293706292,0.0696586982353583,10.107350852272727,0.3955115776557427
50,Chad,12924,Lac Iro,2009,0.0,3.747913707386364,10.71921529398336,0.0020874899346381,13.11329763986014,0.071161422195968,10.861469487543706,0.3477989543568004
50,Chad,12924,Lac Iro,2010,0.0,3.983921888658217,10.853952383066153,0.0127978473901748,13.93249562937063,0.0732615650950612,11.756284145541958,0.3525190972662591
50,Chad,12924,Lac Iro,2011,0.0,4.001641717657343,10.983548799635331,0.0027485624887049,14.84264368444056,0.0741081557907424,12.778501966783216,0.3497222455239566
50,Chad,12924,Lac Iro,2012,0.0,4.431986177884616,11.063421165923826,0.0107293434441089,15.81131173513986,0.0758486554339215,13.69982107736014,0.3529375716198592
50,Chad,12924,Lac Iro,2013,0.0,4.694818072552447,11.673767980145866,0.0,16.75441843312937,0.0762202016123524,14.8504725743007,0.3511437859682055
50,Chad,12924,Lac Iro,2014,0.0,4.696234429632868,11.8572414404376,0.0043745902366936,17.7623866368007,0.0780624122886391,16.08834544361888,0.3904012374012358
50,Chad,12924,Lac Iro,2015,0.0,5.184720552884615,11.546205492807944,0.0025185162667185,18.95055315777972,0.1868105801669034,17.334354512674825,0.3196377746483109
50,Chad,12924,Lac Iro,2016,0.0,5.509247978583916,11.389213882989482,0.0198848651988165,20.13222792832168,0.1937960111177884,18.756744427447558,0.3876590173221328
50,Chad,12924,Lac Iro,2017,0.0,5.821990411931818,11.360764784334547,0.0146690905094146,21.370211429195805,0.2023496401059877,20.06181708916084,0.35183755325268
50,Chad,12924,Lac Iro,2018,0.0,6.024291822409596,11.227332779123811,0.0,22.59411400382476,0.210338948001782,21.7430418224096,0.3466649115840091
50,Chad,12924,Lac Iro,2019,0.0,6.405385434877623,11.923938560177708,0.0,23.99606097027972,0.2210067002089707,23.457727819055943,0.3733846883203756
50,Chad,12924,Lac Iro,2020,0.0,6.69155429633171,11.430756046408948,0.0191191639751195,25.290222422635605,0.2291489814684023,25.032426221314324,0.3590075194929233
50,Chad,12924,Lac Iro,2021,0.0,6.9024803321678325,11.72394310735887,0.0223036427050828,27.15901715472028,0.2398058057664991,27.328122268356644,0.3623124399492817
50,Chad,12925,Mandoul,2001,0.0,16.92169041548869,14.964535550458717,0.0085351411253213,8.009924178362278,0.0337874361694533,5.464283685884491,0.2146083586806551
50,Chad,12925,Mandoul,2002,0.0,17.797540766357027,14.956162896348443,0.0105783008038997,8.511461593800485,0.0345693412620532,5.9112456141458,0.2467734647757841
50,Chad,12925,Mandoul,2003,0.0,18.757033143174475,14.93453364669185,0.0033604814670979,9.01946341124798,0.0354999240265139,6.376083842386914,0.2874870998955471
50,Chad,12925,Mandoul,2004,0.0,19.72732292508077,15.557377518315018,0.0083833346143364,9.58861555305937,0.0360673741107996,6.903593245153473,0.3272421141683837
50,Chad,12925,Mandoul,2005,0.0,20.77674836189516,15.542469737293956,0.0105682183057069,10.167701770413306,0.0365058714343655,7.509360824092742,0.3740763681712168
50,Chad,12925,Mandoul,2006,0.0,21.759404516680064,15.572041086906934,0.0127221047878265,10.76161512761254,0.0366467908264356,8.01759539539791,0.4125822582384095
50,Chad,12925,Mandoul,2007,0.0,22.942206968448552,16.06632783987226,0.0074043008498847,11.437935685038184,0.0517242284449733,8.64528329732717,0.5303348624793283
50,Chad,12925,Mandoul,2008,0.0,24.05003943810096,16.156843735821234,0.0023924270644783,12.075066982171474,0.0527877379686404,9.315648005558897,0.8662354180254651
50,Chad,12925,Mandoul,2009,0.0,25.351149338942307,16.222380764014467,0.0032097932416945,12.883136455829328,0.0538556270110301,10.034681271284054,0.7682682196011811
50,Chad,12925,Mandoul,2010,0.0,26.63842147435897,16.38313332017148,0.0097402362152934,13.664344200721152,0.055286352451031,10.88463338216146,0.7699874712672045
50,Chad,12925,Mandoul,2011,0.0,28.088316306089745,16.503730292792792,0.0188622064888477,14.516027206029648,0.0560693863110664,11.71003918770032,0.7722612260698198
50,Chad,12925,Mandoul,2012,0.0,29.57238125,16.580055414244185,0.0031640252564102,15.3861109375,0.0571251953125,12.6268421875,0.7657335312080724
50,Chad,12925,Mandoul,2013,0.0,31.031817841453677,17.474567596925134,0.0202442053705453,16.296411678813897,0.0574040275793106,13.554213258785945,0.7728618003042836
50,Chad,12925,Mandoul,2014,0.0,32.53460353736089,17.601924828842755,0.0154393333941698,17.232097389209063,0.0584747605558798,14.551549768978536,0.8496218839719523
50,Chad,12925,Mandoul,2015,0.0,34.07375519185127,16.969809088908452,0.0083044711500406,18.212254005142405,0.1400804157498516,15.693337742286392,0.6980090074136224
50,Chad,12925,Mandoul,2016,0.0,35.590542827708006,16.663169302591463,0.0104508753865957,19.22286014766484,0.1448334554675235,16.800882432299844,0.8303145033141878
50,Chad,12925,Mandoul,2017,0.0,37.41568500195925,16.710477339659686,0.0094818919897079,20.378933801920063,0.151393770797873,18.101741587480408,0.7616586735111257
50,Chad,12925,Mandoul,2018,0.0,37.33118508902077,15.62537933888443,0.0202506139874458,20.435936630656528,0.1481940159104344,18.4625298474592,0.6999824732111507
50,Chad,12925,Mandoul,2019,0.0,41.63070606848509,17.578138682136604,0.0021886343602091,22.87990580847724,0.1641567595525289,21.158353365384617,0.7999179926937391
50,Chad,12925,Mandoul,2020,0.0,41.18621907311669,15.66575210813492,0.0198038841287295,22.82009901218612,0.1606590462576163,21.424618606905465,0.7203566293867808
50,Chad,12925,Mandoul,2021,0.0,45.22614550627944,17.225439200129532,0.008664671331644,25.893985478806908,0.178369051994671,24.604910714285715,0.7825216184625972
50,Chad,12926,Assongha,2001,0.0,23.682488152214717,8.715883010092412,0.0,39.00237835491742,0.5456401836406719,25.74412009665916,0.0040212279806534
50,Chad,12926,Assongha,2002,0.0,24.878489817942945,8.707101547300583,0.0,41.29775478603604,0.5539725363791526,27.8719823338964,0.0044755501051743
50,Chad,12926,Assongha,2003,0.0,26.1792065503003,8.724564726714494,0.0,43.74190010322823,0.5689181307772616,30.08418086054805,0.0047633604456981
50,Chad,12926,Assongha,2004,0.0,27.561104072822825,9.044914275291829,0.0,46.444661458333336,0.5829223082946228,32.63474216403904,0.0072515762100617
50,Chad,12926,Assongha,2005,0.0,29.07352958427177,9.112628625060797,0.0,49.37221987612613,0.5887623463307057,34.989888325825824,0.0106701304515202
50,Chad,12926,Assongha,2006,0.0,30.54660519894895,9.171297422178988,0.0,52.46624554241742,0.5921993771114865,37.916291291291294,0.0079051281015078
50,Chad,12926,Assongha,2007,0.0,32.288801496809306,9.426236282526752,0.0,55.70196368243244,0.8369142457887575,40.8677271021021,0.011294146378835
50,Chad,12926,Assongha,2008,0.0,33.97999659816066,9.509370440175095,0.0,59.08261777402402,0.8545984949793544,43.945576435810814,0.0183051154017448
50,Chad,12926,Assongha,2009,0.0,35.73396443318318,9.59483485834144,0.0,62.978368993994,0.8773676325251032,47.617398648648646,0.0139384878178437
50,Chad,12926,Assongha,2010,0.0,37.61436631944444,9.692799846485896,0.0,66.57044153528528,0.8970293841204485,51.07896372935436,0.0143981054425239
50,Chad,12926,Assongha,2011,0.0,39.68006874061562,9.764048060554474,0.0,71.07383164414415,0.9102892259935716,55.35445992867868,0.0139002241194248
50,Chad,12926,Assongha,2012,0.0,42.590571039789786,10.248904692059824,0.0,76.23672109609609,0.9555585248334272,60.33523953641141,0.0154467113316059
50,Chad,12926,Assongha,2013,0.0,44.78785719313064,10.803718537208171,0.0,80.92799244557057,0.961532272018112,64.96567661411412,0.0116413633028666
50,Chad,12926,Assongha,2014,0.0,47.14351656343844,10.995765062621595,0.0,85.96920162349849,0.9849526345192848,69.66270176426427,0.0140978656709194
50,Chad,12926,Assongha,2015,0.0,49.62747513138138,10.627905938411963,0.0,91.27074535472973,2.33905762451905,75.83658267642643,0.011153424779574
50,Chad,12926,Assongha,2016,0.0,52.2539649024024,10.572166828793774,0.0,96.79399516704204,2.4326408317497186,81.92988691816817,0.0129527114331722
50,Chad,12926,Assongha,2017,0.0,55.11182080518018,10.565702327030642,0.0,102.98797625750753,2.536765525290916,88.31410707582583,0.0118324446181456
50,Chad,12926,Assongha,2018,0.0,57.8877979542042,10.501931444558398,0.0,109.22829861111111,2.639262981242961,95.30826529654657,0.0112063052753607
50,Chad,12926,Assongha,2019,0.0,61.05821837462462,11.078500235590951,0.0,116.00631099849848,2.75494091503613,102.66891891891892,0.0122148990631103
50,Chad,12926,Assongha,2020,0.0,64.26053397147147,10.65281893558429,0.0,123.24414649024024,2.8729845568224475,111.23721377627628,0.0147886176904042
50,Chad,12926,Assongha,2021,0.0,66.22395833333333,10.913321528453308,0.0,130.63546358858858,2.989406642971096,119.9736768018018,0.0154481257001558
50,Chad,12927,Ouaddai,2001,0.0,23.315641644474034,11.066125690607734,0.0,14.49535385111518,0.6207933692576565,10.212721579560586,0.0049701960136493
50,Chad,12927,Ouaddai,2002,0.0,24.527018662616516,11.093012857173688,0.0,15.363438592293608,0.6354196195437334,10.97197226614514,0.0047850934788584
50,Chad,12927,Ouaddai,2003,0.0,25.84432735519308,11.07912516725656,0.0,16.347164717876165,0.6495071187635236,11.876862100532623,0.005062253276507
50,Chad,12927,Ouaddai,2004,0.0,27.28030334553928,11.519655172413794,0.0,17.344129702063913,0.6639829754988141,12.903164270555925,0.0057455345111734
50,Chad,12927,Ouaddai,2005,0.0,28.6765510569241,11.438318965517242,0.0,18.41292209345872,0.6689784714131158,13.73720976198402,0.007588771979014
50,Chad,12927,Ouaddai,2006,0.0,30.225236143475367,11.583737877155173,0.0,19.53258545897137,0.6739147201517768,14.951156270805592,0.0075464480453067
50,Chad,12927,Ouaddai,2007,0.0,31.81008655126498,11.965078125,0.0,20.81522163157457,0.9522014267435086,16.110718261068577,0.0089096476634343
50,Chad,12927,Ouaddai,2008,0.0,33.50208576065246,12.054660560344828,0.0,22.06466638232357,0.9741519770514314,17.32332150882157,0.0127453863620758
50,Chad,12927,Ouaddai,2009,0.0,35.25594519806924,12.165426993534483,0.0,23.5026501123502,0.9965792680072404,18.866972942326896,0.0117905721068382
50,Chad,12927,Ouaddai,2010,0.0,37.13793587716378,12.28429552801724,0.0,24.943983542776294,1.0210318533621838,20.3086626685253,0.0120003014802932
50,Chad,12927,Ouaddai,2011,0.0,39.111107065579226,12.396434536637932,0.0,26.431422166278296,1.0367051288386318,21.84843125832224,0.0132499777135394
50,Chad,12927,Ouaddai,2012,0.0,41.22866906624501,12.561007543103448,0.0,28.13836239181092,1.0516302157019808,23.464081745173104,0.0113468283698672
50,Chad,12927,Ouaddai,2013,0.0,43.25130034953396,13.280111799568964,0.0,29.80770951231691,1.0578407663479945,25.30479933005992,0.0133324171367444
50,Chad,12927,Ouaddai,2014,0.0,45.65781041944074,13.506286368534482,0.0,31.60565600033289,1.0862726650923769,27.471990471038616,0.0113931049903233
50,Chad,12927,Ouaddai,2015,0.0,48.07551389813582,13.069837015086208,0.0,33.538261484687084,2.6071206815391976,29.48366500915446,0.0122578413713546
50,Chad,12927,Ouaddai,2016,0.0,50.62411576231691,12.965155819559229,0.0,35.647730109853526,2.719240881949068,31.703476094374167,0.0138706533532393
50,Chad,12927,Ouaddai,2017,0.0,53.29549142809587,12.959443063446969,0.0,37.83005471870839,2.831291026027796,34.25099606774301,0.0108305975085213
50,Chad,12927,Ouaddai,2018,0.0,56.13192826231691,12.9614231057363,0.0,40.21368903961385,2.965979605317909,36.96343417110519,0.0120832536901746
50,Chad,12927,Ouaddai,2019,0.0,59.042760694074566,13.594137396694215,0.0,42.61080798518642,3.084000629369174,39.99644484437417,0.0114504482064928
50,Chad,12927,Ouaddai,2020,0.0,62.23210719041278,13.039364611601084,0.0,45.25213257323568,3.2201605541569576,43.0545418608522,0.0120228571551186
50,Chad,12927,Ouaddai,2021,0.0,64.23361039447404,13.321433540239726,0.0,48.10461572070572,3.355891038511152,46.44233209886818,0.0128636118911561
50,Chad,12928,Sila,2001,0.0,21.90725032589803,10.190283954326922,0.0240673255175352,30.49378983198146,0.6738704181905417,23.0103246306489,0.0088632644567274
50,Chad,12928,Sila,2002,0.0,23.09355989281576,10.30762469951923,0.0340036489069461,32.58690840454809,0.6902963012836761,24.8504444887022,0.0087424973184748
50,Chad,12928,Sila,2003,0.0,24.34504453939745,9.961020005280336,0.0,34.57381816700463,0.7089058709172219,26.74109212050985,0.0107886523878153
50,Chad,12928,Sila,2004,0.0,25.587888361819235,10.553716187836022,0.0119780041277408,36.80965744495944,0.7198875312318945,28.853726100811123,0.0110960944273871
50,Chad,12928,Sila,2005,0.0,27.094211688876012,10.424130394345235,0.0232449099421501,39.05828143105446,0.7316813905435255,31.089855065903823,0.013047131891441
50,Chad,12928,Sila,2006,0.0,28.45602413455968,10.55779344878072,0.0165072157979011,41.22506427433372,0.7340983261515064,33.48027411645423,0.0158775566909719
50,Chad,12928,Sila,2007,0.0,30.068599272161062,10.952916486655146,0.0155637748539447,43.72418163383546,1.036520806552361,36.00509215672074,0.0186779444118798
50,Chad,12928,Sila,2008,0.0,31.553082904837776,11.114678589429724,0.0112747351328531,46.44887022016223,1.0608665492830245,39.09312536210892,0.0264580634332472
50,Chad,12928,Sila,2009,0.0,33.390864897161066,11.152253744239632,0.0190586894750595,49.68318637746234,1.0888305522613702,42.31806742468135,0.0219485697475263
50,Chad,12928,Sila,2010,0.0,35.203491635283896,11.151900471630183,0.0192544665187597,52.54121704808807,1.1144759265462052,45.58037460168018,0.0240826877763926
50,Chad,12928,Sila,2011,0.0,36.828057104577056,11.307092903945852,0.0166550974051157,56.023193076477405,1.1287512928420118,49.13152701332561,0.0188582723591184
50,Chad,12928,Sila,2012,0.0,39.34286283314021,11.61074458765361,0.0262598693370819,59.84077165411356,1.1606113615069162,53.71714314165701,0.0213756678474297
50,Chad,12928,Sila,2013,0.0,41.66385428736964,12.435968401977728,0.0217797756195068,63.82376158748552,1.17227077373624,58.122945031865584,0.0210937332997124
50,Chad,12928,Sila,2014,0.0,43.73471900347624,12.344776065668205,0.0157504342496395,67.72643123551565,1.2063981251810545,62.54625036210892,0.0194170127083445
50,Chad,12928,Sila,2015,0.0,46.04191410776362,12.109375,0.0110332754751046,71.75277918597914,2.8789243554461184,67.60084733487834,0.0167764086510911
50,Chad,12928,Sila,2016,0.0,48.5502607184241,11.972593245967742,0.0318729817867279,76.51246559965237,3.013759573254635,72.87976625869061,0.0208927599882017
50,Chad,12928,Sila,2017,0.0,50.98140570683662,12.00069829469086,0.0202552989125251,81.06275347624566,3.139346019970307,78.5473185834299,0.0183644580401583
50,Chad,12928,Sila,2018,0.0,53.69562934530707,12.462776617703533,0.0044582678625981,86.18848674681344,3.271409972932358,84.91085783603708,0.0193741046887938
50,Chad,12928,Sila,2019,0.0,56.61253440034763,12.50831053187404,0.0,91.55929533603708,3.4017556058987544,91.9616707705678,0.024108165969497
50,Chad,12928,Sila,2020,0.0,59.41084878331402,12.50692144297235,0.0240160971879959,96.8614571263036,3.541522577491309,98.76271907589803,0.0258831545687674
50,Chad,12928,Sila,2021,0.0,61.45269952201623,12.409163186443932,0.0347096547484397,103.1622519553882,3.694619966685979,106.89835602549246,0.0188481247370144
50,Chad,12930,Tandjile Est,2001,0.0,36.29650854540918,15.896124694573045,0.0,20.202068519211576,0.12936214058699,15.069587387724551,0.0067612482196509
50,Chad,12930,Tandjile Est,2002,0.0,38.247746694111775,15.879528155542696,0.0,21.428135915668665,0.1323139853106287,16.205293514533434,0.0082912680543499
50,Chad,12930,Tandjile Est,2003,0.0,40.20232191866268,15.947366094393004,0.0,22.737548340818364,0.1353477736908994,17.511683663922156,0.0090083389125243
50,Chad,12930,Tandjile Est,2004,0.0,42.444265625,16.534541377314813,0.0,24.19901171875,0.1387268371582031,18.9138515625,0.0108510476571542
50,Chad,12930,Tandjile Est,2005,0.0,44.70634375,16.531201774691358,0.0,25.72793359375,0.1395251312255859,20.37421875,0.0122211107010704
50,Chad,12930,Tandjile Est,2006,0.0,47.038890625,16.68336066100823,0.0,27.25908203125,0.140600845336914,22.04875390625,0.0133867852481794
50,Chad,12930,Tandjile Est,2007,0.0,49.46066796875,17.183175797325102,0.0,28.93618359375,0.1985958862304687,23.770787109375,0.0175345307024418
50,Chad,12930,Tandjile Est,2008,0.0,52.11505078125,17.340241608796298,0.0,30.70212109375,0.2028612060546875,25.64571484375,0.0290228584666311
50,Chad,12930,Tandjile Est,2009,0.0,54.96800390625,17.525617685828188,0.0,32.634916015625,0.2080516052246094,27.690634765625,0.0253467697174951
50,Chad,12930,Tandjile Est,2010,0.0,57.7831171875,17.658528645833332,0.0,34.70326171875,0.2134886474609375,29.855896484375,0.0257227940814485
50,Chad,12930,Tandjile Est,2011,0.0,60.907203125,17.814228073559672,0.0,36.8480234375,0.2162490844726562,32.25970703125,0.0255398024256827
50,Chad,12930,Tandjile Est,2012,0.0,64.23933984375,18.099111046810695,0.0,39.08775,0.21905078125,34.8565,0.0260827610031567
50,Chad,12930,Tandjile Est,2013,0.0,67.438921875,19.101711194701647,0.0,41.4943515625,0.2205487060546875,37.5638515625,0.0261417671486183
50,Chad,12930,Tandjile Est,2014,0.0,71.151140625,19.43445577739197,0.0,44.097015625,0.2262933197021484,40.5589296875,0.0281005631749031
50,Chad,12930,Tandjile Est,2015,0.0,74.91790625,18.78370547196502,0.0,46.7750078125,0.5455951538085938,43.795078125,0.022712277777401
50,Chad,12930,Tandjile Est,2016,0.0,78.8256953125,18.57541543929303,0.0,49.66390625,0.5691114501953125,47.2364921875,0.0276804107134459
50,Chad,12930,Tandjile Est,2017,0.0,83.0325625,18.65568938078704,0.0,52.70171875,0.5921867065429688,50.97194140625,0.0270214826481823
50,Chad,12930,Tandjile Est,2018,0.0,87.25764876497006,18.581702407525512,0.0,55.90481926771457,0.6156858645989272,54.911041198852296,0.0252470230569644
50,Chad,12930,Tandjile Est,2019,0.0,92.1541640625,19.597302597736626,0.0,59.54038671875,0.6440594482421875,59.4262578125,0.0261453581445011
50,Chad,12930,Tandjile Est,2020,0.0,96.7062749500998,18.89151007191955,0.0,63.038812999002,0.6708168136383483,63.95222835578842,0.0255928194935598
50,Chad,12930,Tandjile Est,2021,0.0,100.077359375,19.355577256944443,0.0,67.0843125,0.699617431640625,69.2147421875,0.0269155306090052
50,Chad,12931,Tandjile Ouest,2001,0.0,66.11490243996306,26.232919825185643,0.0,29.329308420566505,0.2145438734533751,17.427839006696427,0.0069165964319248
50,Chad,12931,Tandjile Ouest,2002,0.0,69.61631196120689,26.16658609220297,0.0,31.18939058651478,0.2200658262656827,18.81513623768473,0.0081187421409644
50,Chad,12931,Tandjile Ouest,2003,0.0,73.4182766317734,26.21290754563737,0.0,33.10529075584975,0.2250327876048722,20.3333421528633,0.0091736706176606
50,Chad,12931,Tandjile Ouest,2004,0.0,77.25202528479063,27.24624361850248,0.0,35.148269127155174,0.2305121586240571,21.93368996305419,0.0111189384271602
50,Chad,12931,Tandjile Ouest,2005,0.0,81.32125538793103,27.320972404857677,0.0,37.27175377155172,0.2318913877891202,23.65693792333744,0.0122884004422933
50,Chad,12931,Tandjile Ouest,2006,0.0,85.66953702278325,27.485994546720296,0.0,39.63319254156404,0.2341283600905846,25.53507927955665,0.0135948811427201
50,Chad,12931,Tandjile Ouest,2007,0.0,90.27821928879312,28.35375251392327,0.0,42.104521051416256,0.3293163882100523,27.59180649630542,0.0179078519934474
50,Chad,12931,Tandjile Ouest,2008,0.0,94.93130387931036,28.582790261448014,0.0,44.67323160406404,0.3380575696823045,29.742057612376847,0.0294060518245885
50,Chad,12931,Tandjile Ouest,2009,0.0,100.00013469827586,28.94354308477723,0.0,47.54788523706897,0.3452811781408751,32.05754021705665,0.0257509557327421
50,Chad,12931,Tandjile Ouest,2010,0.0,105.3514662869458,29.097583732982677,0.0,50.37301320043103,0.3537744230824738,34.66037754002463,0.0263973509911263
50,Chad,12931,Tandjile Ouest,2011,0.0,110.86603294334977,29.415628867574256,0.0,53.47801531711823,0.359227561011103,37.440711110683495,0.0256758586014851
50,Chad,12931,Tandjile Ouest,2012,0.0,116.73247960283253,29.82552405631188,0.0,56.8228332820197,0.3647069696135122,40.316086341594826,0.0264282934736497
50,Chad,12931,Tandjile Ouest,2013,0.0,122.98361491687191,31.511767094678216,0.0,60.32722540794335,0.3675422104708667,43.51700084667488,0.0260730356273084
50,Chad,12931,Tandjile Ouest,2014,0.0,129.62454779864532,31.927555499690595,0.0,63.97138142703202,0.3769319280614994,46.98863242764779,0.0281511840253773
50,Chad,12931,Tandjile Ouest,2015,0.0,136.4434074815271,30.90663917465965,0.0,67.95285560344827,0.907319017231758,50.60750846674877,0.0238471220035364
50,Chad,12931,Tandjile Ouest,2016,0.0,143.734673260468,30.80628287438119,0.0,72.19284944581281,0.941347018838516,54.70206665640394,0.0284130738513304
50,Chad,12931,Tandjile Ouest,2017,0.0,151.2853679187192,30.731998859065595,0.0,76.70249480449507,0.9850256407789408,58.9379618226601,0.0267210927340063
50,Chad,12931,Tandjile Ouest,2018,0.0,159.25660021551724,30.785887469211826,0.0,81.42101870381774,1.0298172523235452,63.68742302955665,0.0259881301466467
50,Chad,12931,Tandjile Ouest,2019,0.0,167.83478294334975,32.247650448638616,0.0,86.45727178263547,1.072599514364609,68.82461322352216,0.0275395601102621
50,Chad,12931,Tandjile Ouest,2020,0.0,176.62780942118226,31.25743245843596,0.0,91.75242456896552,1.1142211312730912,74.26087207512315,0.0262830104733922
50,Chad,12931,Tandjile Ouest,2021,0.0,182.48181573275863,31.844929610148515,0.0,97.4563096520936,1.1657967403017242,80.1071669104064,0.0270923010193475
205,Rwanda,21969,East/Iburasirazuba,2001,0.0,26.95894811007957,93.90186585771276,0.3035153936832509,17.847947664539124,0.0,3.3739619166528514,2.911868480925864
205,Rwanda,21969,East/Iburasirazuba,2002,0.0,26.939209631962864,106.58775556848404,0.321609598525027,21.700442691064325,0.0,3.632459564613727,3.256503490691489
205,Rwanda,21969,East/Iburasirazuba,2003,0.0,32.65372440732759,127.79963846409576,0.3173438335986847,21.84551143899204,0.0,4.490090934287964,3.304605686918218
205,Rwanda,21969,East/Iburasirazuba,2004,0.0,33.13313888428382,136.15668633643617,0.3205849059084628,29.49435303381963,0.0,5.68843123134947,5.088076977019615
205,Rwanda,21969,East/Iburasirazuba,2005,0.0,33.153258144064985,188.8022357047872,0.3289544937458444,33.717294222480106,0.0,8.273047004517572,6.055089422997008
205,Rwanda,21969,East/Iburasirazuba,2006,0.0,36.95381921419098,118.4911486037234,0.3376110969705784,39.22138956813661,0.0,8.331048859209217,8.134890292553191
205,Rwanda,21969,East/Iburasirazuba,2007,0.0,37.892746497844826,124.33063912898936,0.3740494910706865,49.2332663295756,0.0,8.478020867871352,8.820200818650266
205,Rwanda,21969,East/Iburasirazuba,2008,0.0,39.2997166155504,147.40359042553192,0.3373908590763173,58.08795797413793,0.0,8.60956021012931,9.036921075049866
205,Rwanda,21969,East/Iburasirazuba,2009,0.0,40.113535104442974,217.34613946143617,0.3522184656021442,60.111100174071616,0.0,9.04531949394894,9.876970656374668
205,Rwanda,21969,East/Iburasirazuba,2010,0.0,43.83941375165782,234.3442486702128,0.3568751558344415,61.64410643236074,0.0,8.880980473930704,10.58589724276928
205,Rwanda,21969,East/Iburasirazuba,2011,0.0,37.7230655255305,293.4123587101064,0.3621260460386885,68.29196369363395,0.0,9.94612587035809,10.911800303357714
205,Rwanda,21969,East/Iburasirazuba,2012,0.0,37.497272359913794,309.766913231383,0.3519898272575216,61.835129310344826,0.0,9.680320840931698,15.250405169547872
205,Rwanda,21969,East/Iburasirazuba,2013,0.0,37.4915321410809,320.34647190824467,0.3445263314754405,62.60321514423077,0.0,9.61441970946618,15.55364081200133
205,Rwanda,21969,East/Iburasirazuba,2014,0.0,38.62558541942971,326.81443234707444,0.3482384377337517,58.44589273872679,0.0,7.636428630636605,15.663823553856384
205,Rwanda,21969,East/Iburasirazuba,2015,0.0,44.561303257626,319.6492042440318,0.3511747972402395,62.44068095159151,0.0,8.615729132128648,22.970767883786472
205,Rwanda,21969,East/Iburasirazuba,2016,0.0,40.24566375165782,347.35129310344826,0.3412380876212284,60.067043476458885,0.0,7.64172913730935,25.9374119280504
205,Rwanda,21969,East/Iburasirazuba,2017,0.0,38.63743109665119,348.4409814323608,0.3379629929438826,67.5062116627984,0.0,8.013421906084217,26.32746705072944
205,Rwanda,21969,East/Iburasirazuba,2018,0.0,42.58575617539788,360.3767407161804,0.336784787772505,63.1187313494695,0.0,7.257813147587865,20.414299517158486
205,Rwanda,21969,East/Iburasirazuba,2019,0.0,46.373425066313,329.4212947612732,0.3711442618534483,53.597065649867375,0.0,6.278247782659151,20.09707601127321
205,Rwanda,21969,East/Iburasirazuba,2020,0.0,53.123590848806366,290.98590848806367,0.3467080194690816,41.27519634864058,0.0,5.099012298988727,19.19437479277188
205,Rwanda,21969,East/Iburasirazuba,2021,0.0,49.2211124005305,261.6262226458886,0.3497906591278805,40.05210232924403,0.0,4.77243211984002,16.373564945291776
205,Rwanda,21970,Kigali City/Umujyi wa Kigali,2001,0.0,48.39731626157408,236.91719111689812,4.933744642469618,39.60337094907408,0.0,7.705924140082465,6.661163330078125
205,Rwanda,21970,Kigali City/Umujyi wa Kigali,2002,0.0,48.806717484085645,273.4326171875,4.841066148546007,47.58017306857639,0.0,8.384824399594907,7.382458157009548
205,Rwanda,21970,Kigali City/Umujyi wa Kigali,2003,0.0,59.327089662905095,326.005859375,5.170158668800637,50.1037914134838,0.0,10.216580991391782,7.214470757378472
205,Rwanda,21970,Kigali City/Umujyi wa Kigali,2004,0.0,59.50278501157408,343.419849537037,5.228036951135706,64.64378978587963,0.0,12.769447609230324,11.18997757523148
205,Rwanda,21970,Kigali City/Umujyi wa Kigali,2005,0.0,60.20815248842592,451.9695457175926,5.400554515697338,76.71436451099537,0.0,18.620600947627317,13.40358253761574
205,Rwanda,21970,Kigali City/Umujyi wa Kigali,2006,0.0,67.9849265769676,301.7769458912037,5.464829056351273,90.09318938078704,0.0,19.35912181712963,18.87041558159722
205,Rwanda,21970,Kigali City/Umujyi wa Kigali,2007,0.0,67.94938151041667,319.8355758101852,5.572026005497685,112.93589952256944,0.0,18.666726571542245,19.761962890625
205,Rwanda,21970,Kigali City/Umujyi wa Kigali,2008,0.0,71.81954390914352,381.5525173611111,5.484805636935764,132.70603660300927,0.0,19.88356300636574,20.209074797453702
205,Rwanda,21970,Kigali City/Umujyi wa Kigali,2009,0.0,72.70413773148148,557.5700954861111,5.577002066153067,140.16075303819446,0.0,20.892040111400465,22.55080159505208
205,Rwanda,21970,Kigali City/Umujyi wa Kigali,2010,0.0,80.40794089988425,613.9704137731482,5.757256401909722,143.26447663483796,0.0,20.74714265046296,24.441550925925927
205,Rwanda,21970,Kigali City/Umujyi wa Kigali,2011,0.0,67.87794777199075,772.7549189814815,5.685611300998264,157.18869357638889,0.0,23.49676739728009,24.294856318721063
205,Rwanda,21970,Kigali City/Umujyi wa Kigali,2012,0.0,68.77991174768519,819.107277199074,5.572607534903067,142.74540653935185,0.0,23.13327365451389,34.207542136863424
205,Rwanda,21970,Kigali City/Umujyi wa Kigali,2013,0.0,67.29352936921296,792.0824652777778,5.861087375217014,139.94816984953704,0.0,22.2207189489294,33.97930908203125
205,Rwanda,21970,Kigali City/Umujyi wa Kigali,2014,0.0,69.36291051793981,839.8817997685185,5.486924348054109,132.0865523726852,0.0,18.05553294994213,35.04212103949653
205,Rwanda,21970,Kigali City/Umujyi wa Kigali,2015,0.0,80.90856481481481,824.58203125,5.47705982349537,140.62861689814815,0.0,19.984221281828702,49.743941695601855
205,Rwanda,21970,Kigali City/Umujyi wa Kigali,2016,0.0,71.68797923900463,861.7067418981482,5.397965607819734,135.5106517650463,0.0,17.80720802589699,57.8057861328125
205,Rwanda,21970,Kigali City/Umujyi wa Kigali,2017,0.0,70.25395146122685,919.9254918981482,5.824182581018518,150.8836715133102,0.0,19.03708902994792,59.44470666956018
205,Rwanda,21970,Kigali City/Umujyi wa Kigali,2018,0.0,79.18910951967592,944.5658275462964,5.378763269495081,146.3296260127315,0.0,17.019176341869212,44.825276692708336
205,Rwanda,21970,Kigali City/Umujyi wa Kigali,2019,0.0,84.8810402199074,837.4097222222222,5.69569170916522,122.64219835069444,0.0,14.49424461082176,42.91182906539352
205,Rwanda,21970,Kigali City/Umujyi wa Kigali,2020,0.0,95.80385561342592,730.6074942129629,5.3772402162905095,91.91075303819444,0.0,11.813875551576968,41.65787308304398
205,Rwanda,21970,Kigali City/Umujyi wa Kigali,2021,0.0,89.50251374421296,653.3096064814815,5.517452663845486,89.39623119212963,0.0,11.02351774992766,36.25226960358796
205,Rwanda,21971,North/Amajyaruguru,2001,0.0,45.113519965277774,43.66697048611111,1.170485093858507,79.07476851851852,0.0,21.845173249421297,10.472365089699077
205,Rwanda,21971,North/Amajyaruguru,2002,0.0,44.97219328703704,49.42859881365741,1.174407958984375,95.02739438657407,0.0,23.556727430555554,11.621784577546295
205,Rwanda,21971,North/Amajyaruguru,2003,0.0,55.09911024305556,59.915986689814815,1.2422226517288772,97.34013310185183,0.0,29.126072410300925,11.857291666666669
205,Rwanda,21971,North/Amajyaruguru,2004,0.0,55.31374782986112,63.79957320601852,1.317351503725405,128.8540798611111,0.0,36.84559461805556,18.12414460358796
205,Rwanda,21971,North/Amajyaruguru,2005,0.0,55.63403501157408,91.96980613425926,1.2698479546440973,152.27954282407407,0.0,53.91045283564815,21.84016203703704
205,Rwanda,21971,North/Amajyaruguru,2006,0.0,62.16375868055555,55.21736111111111,1.3542697482638888,172.04153645833333,0.0,54.49729456018518,29.25325520833333
205,Rwanda,21971,North/Amajyaruguru,2007,0.0,63.47400173611111,57.39434678819445,1.3344826027199077,220.36248553240745,0.0,55.6376880787037,31.686610243055554
205,Rwanda,21971,North/Amajyaruguru,2008,0.0,66.17178819444445,69.95716145833333,1.411026566116898,254.00572916666667,0.0,56.39407190393519,32.753428819444444
205,Rwanda,21971,North/Amajyaruguru,2009,0.0,67.33091724537037,101.53948929398148,1.7129466869212964,274.2105324074074,0.0,59.15781611689815,36.52202690972222
205,Rwanda,21971,North/Amajyaruguru,2010,0.0,73.86550925925926,108.97409577546296,1.3383556224681712,277.1079861111112,0.0,58.25432581018519,38.28228443287037
205,Rwanda,21971,North/Amajyaruguru,2011,0.0,63.40119357638889,135.5048321759259,1.6057603624131944,308.41064814814814,0.0,64.89089265046296,39.15286096643519
205,Rwanda,21971,North/Amajyaruguru,2012,0.0,62.71247829861111,143.8656105324074,1.3351631447120949,270.0116898148148,0.0,63.46073495370371,55.55972222222222
205,Rwanda,21971,North/Amajyaruguru,2013,0.0,62.60686487268519,151.75256076388888,1.766641574435764,275.17254050925925,0.0,62.55562789351852,57.60043402777778
205,Rwanda,21971,North/Amajyaruguru,2014,0.0,64.23263888888889,150.46339699074073,1.4557036223234954,260.2148726851852,0.0,49.40342158564815,56.32612123842593
205,Rwanda,21971,North/Amajyaruguru,2015,0.0,74.65298032407408,152.84166666666667,1.5065914577907986,281.1295138888889,0.0,56.353168402777776,83.95811631944444
205,Rwanda,21971,North/Amajyaruguru,2016,0.0,66.82157118055555,167.39143518518517,1.3897153501157409,269.205005787037,0.0,50.01915509259259,93.99799623842593
205,Rwanda,21971,North/Amajyaruguru,2017,0.0,64.3601707175926,161.3607349537037,1.3571657533998842,300.0368634259259,0.0,52.06450737847222,95.19916087962964
205,Rwanda,21971,North/Amajyaruguru,2018,0.0,71.45929542824074,167.4205150462963,1.4568843135127314,280.42045717592595,0.0,47.27177010995371,73.96982060185185
205,Rwanda,21971,North/Amajyaruguru,2019,0.0,77.57816840277778,153.73857060185185,1.349418583622685,236.876171875,0.0,40.57728587962963,72.8915943287037
205,Rwanda,21971,North/Amajyaruguru,2020,0.0,89.06752748842592,138.00355902777778,1.3499724211516204,181.13981481481483,0.0,33.021119068287035,69.41901041666667
205,Rwanda,21971,North/Amajyaruguru,2021,0.0,82.75447048611112,122.44904513888888,1.409054904513889,175.12418981481483,0.0,30.84683521412037,58.97447916666667
205,Rwanda,21972,South/Amajyepfo,2001,0.0,40.610034282700425,17.116501433939874,1.3184498976051555,32.8119375494462,0.0,12.878826930050106,11.04368159941983
205,Rwanda,21972,South/Amajyepfo,2002,0.0,40.59676621835443,19.53933651437236,1.3208741779568829,40.001495747626585,0.0,13.712604249077003,12.289554901766875
205,Rwanda,21972,South/Amajyepfo,2003,0.0,49.42011141877637,23.29104858913502,1.3765454513614188,40.965309368407176,0.0,17.423786919831223,12.638385499077003
205,Rwanda,21972,South/Amajyepfo,2004,0.0,49.93704674314346,24.683288831751057,1.3661282696301424,55.07531480748945,0.0,21.623947207937764,19.39469195015823
205,Rwanda,21972,South/Amajyepfo,2005,0.0,50.05266844672996,34.227444290611814,1.4420227823378164,64.03075141745781,0.0,32.307699597837555,23.45792334190401
205,Rwanda,21972,South/Amajyepfo,2006,0.0,55.90455234704641,21.372824367088608,1.4266022629878692,72.97997428797468,0.0,32.199006543380804,31.482310621044306
205,Rwanda,21972,South/Amajyepfo,2007,0.0,56.9605501714135,22.60512674709916,1.4981917369214794,92.45657799314344,0.0,32.56017396822257,34.204352914029535
205,Rwanda,21972,South/Amajyepfo,2008,0.0,59.5528085443038,26.651569092827003,1.4922221380950027,109.32596584915612,0.0,33.39666155722574,34.99757301555907
205,Rwanda,21972,South/Amajyepfo,2009,0.0,60.56201789952532,39.673655063291136,1.485620168693961,113.90573081487342,0.0,35.35459520042194,37.85847672732068
205,Rwanda,21972,South/Amajyepfo,2010,0.0,66.25285963871308,42.733184170622366,1.5001671384658493,116.68844771888186,0.0,34.94983270701477,40.8019803204114
205,Rwanda,21972,South/Amajyepfo,2011,0.0,57.04634757383966,53.0357825685654,1.4987585655244593,129.3399920886076,0.0,38.945254812763714,41.97345563027426
205,Rwanda,21972,South/Amajyepfo,2012,0.0,56.85548523206751,56.99381922468354,1.4663885575306566,117.03424973628692,0.0,38.007627076740505,58.59095628955696
205,Rwanda,21972,South/Amajyepfo,2013,0.0,56.625774657173,57.77471486023207,1.485544969260944,118.28079674314344,0.0,37.30343074235232,60.01268295094937
205,Rwanda,21972,South/Amajyepfo,2014,0.0,58.11148470464135,59.12222689214135,1.4777842332542197,111.0892916007384,0.0,29.70757103771097,60.49337420886076
205,Rwanda,21972,South/Amajyepfo,2015,0.0,67.03507383966245,58.20753807357595,1.4940061931368671,118.1612605485232,0.0,33.6623318829114,88.34816719409282
205,Rwanda,21972,South/Amajyepfo,2016,0.0,60.115765921677216,63.3983633306962,1.5000551119132384,113.849980221519,0.0,30.294909513449365,99.70337223101266
205,Rwanda,21972,South/Amajyepfo,2017,0.0,57.99027558016878,63.70967662183544,1.4801020239978904,127.3239055907173,0.0,31.249818697257385,101.2956388449367
205,Rwanda,21972,South/Amajyepfo,2018,0.0,64.23802577795358,67.11816818301688,1.467274597425501,120.02927215189874,0.0,28.19723266086498,78.49482463080169
205,Rwanda,21972,South/Amajyepfo,2019,0.0,69.7939823971519,60.466479595200425,1.4669426382845463,99.03678797468356,0.0,24.495455069883967,77.6681170886076
205,Rwanda,21972,South/Amajyepfo,2020,0.0,79.65346802783614,53.33208069620253,1.5029917527854697,75.87763425682773,0.0,19.738383830094534,73.95455893987342
205,Rwanda,21972,South/Amajyepfo,2021,0.0,74.53063192246836,47.16726002109704,1.4883263181533493,74.69895503691983,0.0,18.64693763185654,62.66085261735232
205,Rwanda,21973,West/Iburengerazuba,2001,0.0,25.337731449614537,21.99870383522727,0.6300627968528054,20.288720488023127,0.0,16.372868340446036,10.43371249112216
205,Rwanda,21973,West/Iburengerazuba,2002,0.0,25.31572222604625,24.96940696022727,0.6315855546431108,24.835012561949338,0.0,17.705388947205396,11.74651766690341
205,Rwanda,21973,West/Iburengerazuba,2003,0.0,30.834754439702643,29.904736328125,0.6618458140980114,25.327101115088105,0.0,21.54400554102423,11.819815340909091
205,Rwanda,21973,West/Iburengerazuba,2004,0.0,31.071400915473568,32.07449396306818,0.6677732987837358,34.17836247246696,0.0,27.821583752064974,18.18935546875
205,Rwanda,21973,West/Iburengerazuba,2005,0.0,31.24017414647577,44.61532759232954,0.6896648753773083,39.13134980726872,0.0,40.14787823513216,21.80917746803977
205,Rwanda,21973,West/Iburengerazuba,2006,0.0,34.96549335765418,27.973344282670453,0.695110390403054,45.4631487472467,0.0,41.08772714757709,29.452647816051137
205,Rwanda,21973,West/Iburengerazuba,2007,0.0,35.65479591134361,29.256889204545452,0.7264789928089489,57.76809006745594,0.0,41.21418123623348,31.82958096590909
205,Rwanda,21973,West/Iburengerazuba,2008,0.0,37.08028032075991,34.93808371803977,0.7173868352716619,67.40168984030836,0.0,41.9379215996696,32.69515269886364
205,Rwanda,21973,West/Iburengerazuba,2009,0.0,37.90855589207048,51.49896129261364,0.753338623046875,70.6740002064978,0.0,44.24865346227973,35.71804865056818
205,Rwanda,21973,West/Iburengerazuba,2010,0.0,41.383277120044056,55.52317116477273,0.713658974387429,72.25058507709251,0.0,43.63536791024229,38.29081587357955
205,Rwanda,21973,West/Iburengerazuba,2011,0.0,35.51920859719163,69.11115500710227,0.7247691761363636,79.93393791299559,0.0,48.62547752615639,39.59316850142046
205,Rwanda,21973,West/Iburengerazuba,2012,0.0,35.159618495319386,73.43919122869318,0.7876495361328125,69.94210318006608,0.0,46.46496420704846,55.55497159090909
205,Rwanda,21973,West/Iburengerazuba,2013,0.0,35.154858290886565,75.33932883522728,0.7450526150790128,72.19306683645374,0.0,46.693626101321584,56.66860795454546
205,Rwanda,21973,West/Iburengerazuba,2014,0.0,36.32577178551762,76.95807883522727,0.7359926397150213,67.68281938325991,0.0,37.256392827643175,56.91861683238636
205,Rwanda,21973,West/Iburengerazuba,2015,0.0,41.99870938876652,75.48742009943182,0.731242509321733,72.44425419878854,0.0,42.15078641244494,83.55266335227273
205,Rwanda,21973,West/Iburengerazuba,2016,0.0,37.75980864537445,81.644140625,0.7167728770862926,69.6460240569934,0.0,37.16663942042952,94.08055752840907
205,Rwanda,21973,West/Iburengerazuba,2017,0.0,36.22799938050661,82.3837890625,0.721769922429865,78.166093061674,0.0,38.78046702918502,96.85308061079546
205,Rwanda,21973,West/Iburengerazuba,2018,0.0,40.15697274229075,85.00912642045455,0.7624654596502131,73.0618977147577,0.0,35.004755902395374,74.33205344460227
205,Rwanda,21973,West/Iburengerazuba,2019,0.0,43.65208992979075,77.30118963068182,0.7665054321289062,60.94477044328194,0.0,30.51739528840859,72.90745738636363
205,Rwanda,21973,West/Iburengerazuba,2020,0.0,50.03671358755506,68.51366743607954,0.7186168323863636,46.82146544603524,0.0,24.919893911756606,69.52000177556818
205,Rwanda,21973,West/Iburengerazuba,2021,0.0,46.47466960352423,61.43132990056818,0.7245407104492188,46.0042891313326,0.0,23.284723895236784,59.268412642045455
42,Burkina Faso,40276,Boucle Du Mouhoun,2001,0.0,14.572227274719497,97.53083362552594,0.0,24.721535873948103,0.517017427529996,18.30325895205119,6.973241776604137
42,Burkina Faso,40276,Boucle Du Mouhoun,2002,0.0,14.851606328892004,100.51074903576438,0.0,25.43485109133941,0.5687601341391509,18.792075736325387,7.692199279014726
42,Burkina Faso,40276,Boucle Du Mouhoun,2003,0.0,21.63818701788219,103.2360185834502,0.0,27.81985229663394,0.6498977409416732,17.619051597563114,8.494339909493338
42,Burkina Faso,40276,Boucle Du Mouhoun,2004,0.0,22.027623159186536,105.84087920757364,0.0,28.67829593267882,0.6513047139661479,18.023453935834503,8.622735963797336
42,Burkina Faso,40276,Boucle Du Mouhoun,2005,0.0,22.53371537517532,113.88857599929874,0.0,29.482923167952315,0.6552828680300246,18.86750799877279,8.822383415147264
42,Burkina Faso,40276,Boucle Du Mouhoun,2006,0.0,22.99912890077139,126.4873772791024,0.0,30.39351496756662,0.6704327867242734,19.143701240357643,8.972691176148317
42,Burkina Faso,40276,Boucle Du Mouhoun,2007,0.0,23.500325977384293,134.88182634992987,0.0,31.293998728962134,0.6704712872228218,19.80785824640603,9.157238889375876
42,Burkina Faso,40276,Boucle Du Mouhoun,2008,0.0,23.948150420757365,148.99003988429172,0.0,32.2257900157784,0.6768555357164724,20.39273152612202,9.361022692408836
42,Burkina Faso,40276,Boucle Du Mouhoun,2009,0.0,24.42955601332398,155.61886395511922,0.0,33.107769766830295,0.6885938344511596,21.318186798737727,9.49313529978962
42,Burkina Faso,40276,Boucle Du Mouhoun,2010,0.0,25.000049307503502,164.0656995091164,0.0,34.15342029715989,0.6938632376602878,21.7742428558906,9.682959600718794
42,Burkina Faso,40276,Boucle Du Mouhoun,2011,0.0,25.547792667426368,168.22999211079943,0.0,35.25151757538569,0.7016347089904976,22.3531403401122,9.887113210028051
42,Burkina Faso,40276,Boucle Du Mouhoun,2012,0.0,26.028954461781208,134.34583187237027,0.0,36.2859287342216,0.7094710715449203,23.111999254908834,10.112041714147969
42,Burkina Faso,40276,Boucle Du Mouhoun,2013,0.0,26.523010168302942,138.4889222475456,0.0,37.52184596335905,0.7265487503219437,23.744948720196355,10.489733082047684
42,Burkina Faso,40276,Boucle Du Mouhoun,2014,0.0,27.087586562061716,142.55415059607293,0.0,38.655800753856944,0.7217325367647058,24.43235558380084,10.462945411115006
42,Burkina Faso,40276,Boucle Du Mouhoun,2015,0.0,27.643786158835905,183.34508678120616,0.0,39.76803558906031,0.7293773034303865,25.18380193723703,10.697869641917952
42,Burkina Faso,40276,Boucle Du Mouhoun,2016,0.0,28.226841909186536,151.36843662342216,0.0,41.08657849754558,0.7377701644059066,26.05689538043478,10.920145128418651
42,Burkina Faso,40276,Boucle Du Mouhoun,2017,0.0,28.732145205119213,156.08296809256663,0.0,42.27079406995091,0.7449087186395326,26.96860755610098,11.139037572317672
42,Burkina Faso,40276,Boucle Du Mouhoun,2018,0.0,29.39161388937588,160.61044880785414,0.0,43.65860032433381,0.7554592556423612,27.825202160764377,11.344197876490185
42,Burkina Faso,40276,Boucle Du Mouhoun,2019,0.0,29.980808423913043,165.58393232819074,0.0,44.98093443197756,0.7569745102646209,28.4554424526648,11.604938694337308
42,Burkina Faso,40276,Boucle Du Mouhoun,2020,0.0,22.86236221292076,190.40603085554,0.0,36.329938420406734,0.3477451814451586,25.531354093618518,7.527193773010168
42,Burkina Faso,40276,Boucle Du Mouhoun,2021,0.0,30.01821090462833,243.6157521037868,0.0,45.59463753506312,0.2690481872799079,33.15702522352735,7.797574892619215
42,Burkina Faso,40277,Cascades,2001,0.0,22.220762545469576,56.85553627825798,0.0,9.025781379174934,0.0079090972741444,10.370810856894842,2.7615746031416224
42,Burkina Faso,40277,Cascades,2002,0.0,22.6544960678808,58.94068132510014,0.0,9.29064569536424,0.0067138522863388,10.7663564517798,3.0393728095794392
42,Burkina Faso,40277,Cascades,2003,0.0,33.05845646137268,60.71714369158879,0.0,10.14046310303382,0.0049167255560557,10.029409555288462,3.39164589243992
42,Burkina Faso,40277,Cascades,2004,0.0,33.81211144728117,62.16413551401869,0.0,10.46356282120358,0.0080365538597106,10.374804428464854,3.4560654440295395
42,Burkina Faso,40277,Cascades,2005,0.0,34.42749315239044,67.15427076370321,0.0,10.75952699618194,0.0078761860728263,10.621252619729416,3.55523649001504
42,Burkina Faso,40277,Cascades,2006,0.0,35.11740508952255,74.5779793608522,0.0,11.072891194877322,0.007088616490364,10.94577746808687,3.553217454851864
42,Burkina Faso,40277,Cascades,2007,0.0,35.79143267158488,79.21399072070572,0.0,11.429050273541112,0.0108128830790519,11.27527276400862,3.671040825773968
42,Burkina Faso,40277,Cascades,2008,0.0,36.54084725215517,87.62323958333333,0.0,11.750832797994033,0.0109905729239637,11.602365508952255,3.755998697916666
42,Burkina Faso,40277,Cascades,2009,0.0,37.28813515417772,92.11591326871658,0.0,12.154255429376658,0.0086650013923645,11.995964232427056,3.788845123454211
42,Burkina Faso,40277,Cascades,2010,0.0,38.0086880387931,96.86481659425134,0.0,12.506483649701591,0.0088770257102118,12.373391391744033,3.865450445980949
42,Burkina Faso,40277,Cascades,2011,0.0,38.75370161223475,98.77719752673796,0.0,12.804208284980106,0.0084732465445995,12.704277706399203,3.934873203542781
42,Burkina Faso,40277,Cascades,2012,0.0,39.5725427926061,79.1095630013369,0.0,13.295973557692308,0.0074756459185951,13.137400012433687,4.068962872347092
42,Burkina Faso,40277,Cascades,2013,0.0,40.33764713196287,81.6268277907754,0.0,13.704180568219495,0.0177459518114725,13.517912280338196,4.171745096298462
42,Burkina Faso,40277,Cascades,2014,0.0,41.07666404177719,84.42202122326204,0.0,14.099295942473477,0.0090237841010093,13.92071193219496,4.168536670705214
42,Burkina Faso,40277,Cascades,2015,0.0,42.07183562665782,107.57411430481284,0.0,14.521888469827584,0.0145907347852533,14.35309469288793,4.250860367229278
42,Burkina Faso,40277,Cascades,2016,0.0,42.72759345988064,89.81809826203208,0.0,14.992438764091512,0.0091139191672915,14.7837134242374,4.34689184178643
42,Burkina Faso,40277,Cascades,2017,0.0,43.787648168103445,90.64865683489305,0.0,15.47742508703581,0.0105252522561285,15.278544377901191,4.425885695187166
42,Burkina Faso,40277,Cascades,2018,0.0,44.61991773043766,94.5713882854278,0.0,16.00918150074602,0.0122710627814133,15.741526960377984,4.525869440904913
42,Burkina Faso,40277,Cascades,2019,0.0,45.59341843501326,97.8334099264706,0.0,16.475280276027853,0.0073966327167692,16.214670196452253,4.6151145894259695
42,Burkina Faso,40277,Cascades,2020,0.0,34.708090703746684,112.88723053141712,0.0,13.49151141826923,0.0101017175863186,14.532905234582229,3.039594844063336
42,Burkina Faso,40277,Cascades,2021,0.0,45.49444628647215,143.5987215909091,0.0,16.696232074767906,0.0273748200673323,18.675033933604112,3.1154341264204546
42,Burkina Faso,40278,Centre,2001,0.0,10.274453735351562,179.75782877604166,0.0,41.97816162109375,0.0198263637721538,34.32970377604167,4.959886678059896
42,Burkina Faso,40278,Centre,2002,0.0,10.515038045247396,184.25517578125,0.0,43.40021158854167,0.022005542119344,35.76888834635417,5.4108022054036455
42,Burkina Faso,40278,Centre,2003,0.0,15.228057861328123,188.63308919270835,0.0,47.599853515625,0.0211442144293534,32.62436116536458,5.909319559733073
42,Burkina Faso,40278,Centre,2004,0.0,15.6739990234375,193.049951171875,0.0,48.82372233072917,0.0182728456414264,34.06142985026042,6.101726786295573
42,Burkina Faso,40278,Centre,2005,0.0,15.887564086914065,208.59938151041663,0.0,50.1751708984375,0.0187009766697883,34.803462727864584,6.149736531575521
42,Burkina Faso,40278,Centre,2006,0.0,16.381134033203125,232.67122395833331,0.0,51.55704345703125,0.0169242161015669,36.00492757161458,6.348966471354166
42,Burkina Faso,40278,Centre,2007,0.0,16.545748901367187,248.116796875,0.0,53.24559733072917,0.0167168661952018,36.84017333984375,6.384664916992188
42,Burkina Faso,40278,Centre,2008,0.0,16.791642252604166,275.08460286458336,0.0,54.46748860677084,0.0225888311862945,37.94265950520833,6.589275614420573
42,Burkina Faso,40278,Centre,2009,0.0,17.243794759114582,285.59348958333334,0.0,56.127705891927086,0.0238381869652692,38.97104899088541,6.6459192911783855
42,Burkina Faso,40278,Centre,2010,0.0,17.56644490559896,303.90891927083334,0.0,58.134765625,0.0190405339002609,40.947444661458334,6.821149698893229
42,Burkina Faso,40278,Centre,2011,0.0,17.790388997395834,309.6902669270833,0.0,59.30553792317709,0.0192398812089647,41.86085611979167,7.004874165852865
42,Burkina Faso,40278,Centre,2012,0.0,18.21031494140625,248.3229817708333,0.0,61.219563802083336,0.0172285348176956,43.04361165364583,7.088690185546875
42,Burkina Faso,40278,Centre,2013,0.0,18.4806884765625,254.133251953125,0.0,62.90936279296875,0.0201282124770315,44.19281819661458,7.416029357910157
42,Burkina Faso,40278,Centre,2014,0.0,18.959684244791667,260.7001627604167,0.0,65.50844319661458,0.0214771667252416,46.03651529947917,7.551419067382812
42,Burkina Faso,40278,Centre,2015,0.0,19.39496053059896,339.3554036458333,0.0,66.84977620442709,0.0183506103662344,47.76844482421875,7.552138264973959
42,Burkina Faso,40278,Centre,2016,0.0,19.718682861328126,277.8012369791667,0.0,68.72791341145833,0.0211471982977607,48.31953938802084,7.664676411946615
42,Burkina Faso,40278,Centre,2017,0.0,20.093375651041665,283.35533854166664,0.0,70.268701171875,0.0151458477973937,50.953531901041664,7.885027567545573
42,Burkina Faso,40278,Centre,2018,0.0,20.35729370117188,292.9060546875,0.0,72.68872884114583,0.0182428658008575,51.74765625,7.94125010172526
42,Burkina Faso,40278,Centre,2019,0.0,20.82527262369792,300.2261067708333,0.0,74.589599609375,0.01771189596342,53.14560139973958,8.090940348307292
42,Burkina Faso,40278,Centre,2020,0.0,15.874725341796877,346.62526041666666,0.0,60.669514973958336,0.0137111842632293,47.570703125,5.258784484863281
42,Burkina Faso,40278,Centre,2021,0.0,20.71756388346354,450.23548177083336,0.0,74.8212158203125,0.0095906995914199,61.445703125,5.58581034342448
42,Burkina Faso,40279,Centre-est,2001,0.0,17.31775791597682,119.70794960678808,0.0,49.97820519453642,0.0245303558788711,39.04251603890729,13.244540789269454
42,Burkina Faso,40279,Centre-est,2002,0.0,17.659819950331126,123.47495860927152,0.0,51.46652524834437,0.0252829818989578,40.21586234995861,14.582842896316226
42,Burkina Faso,40279,Centre-est,2003,0.0,25.71866592508278,126.83988255380795,0.0,56.21515418046358,0.0235065101483546,37.57500452711093,15.92168744826159
42,Burkina Faso,40279,Centre-est,2004,0.0,26.268127845612582,130.17430670529802,0.0,57.89186672185431,0.0267263118093803,38.66602532595199,16.176964766142383
42,Burkina Faso,40279,Centre-est,2005,0.0,26.727433968853475,139.921137727649,0.0,59.67399627483444,0.0254424885858463,40.507447097475165,16.517411591990893
42,Burkina Faso,40279,Centre-est,2006,0.0,27.38030318708609,155.40428394039736,0.0,61.52693631001656,0.0259133478638472,41.04944251862583,16.9476083919702
42,Burkina Faso,40279,Centre-est,2007,0.0,27.898971052359272,166.37049875827816,0.0,63.447013400248345,0.0270154361907666,42.24442195260762,17.20451546978477
42,Burkina Faso,40279,Centre-est,2008,0.0,28.473509933774835,183.39996378311255,0.0,65.20134002483444,0.0261759214763399,43.51438004449504,17.612552061775663
42,Burkina Faso,40279,Centre-est,2009,0.0,28.92798659975165,192.71437810430464,0.0,67.06495757450331,0.0265297020006479,44.73568786216888,17.962694989134935
42,Burkina Faso,40279,Centre-est,2010,0.0,29.59707095923013,203.09468129139077,0.0,69.01094267384106,0.027863953928215,45.871831022351,18.292360823675494
42,Burkina Faso,40279,Centre-est,2011,0.0,30.149692156456958,207.81330194536423,0.0,71.29889279801324,0.0265647463682221,47.65296461092715,18.69361159975165
42,Burkina Faso,40279,Centre-est,2012,0.0,30.807953487168877,166.7511899834437,0.0,73.50745679842716,0.0282929300897347,49.04036242756622,19.098881803600992
42,Burkina Faso,40279,Centre-est,2013,0.0,31.440352079884107,172.98839766142385,0.0,75.83178549254967,0.0295447140932083,50.48170077090232,19.89766304066639
42,Burkina Faso,40279,Centre-est,2014,0.0,32.06661320364238,178.005122102649,0.0,78.11229822019868,0.0285880959293924,51.88501138245033,19.90185708557533
42,Burkina Faso,40279,Centre-est,2015,0.0,32.58842741100993,227.01244308774835,0.0,80.4720483236755,0.026974531098795,53.4766142384106,20.29743280473924
42,Burkina Faso,40279,Centre-est,2016,0.0,33.34108223820364,188.8711972268212,0.0,83.04775455298014,0.0272344634646461,55.09957057119205,20.739121999172184
42,Burkina Faso,40279,Centre-est,2017,0.0,34.03178355235927,195.39834695778143,0.0,85.35810094163908,0.0286286229672639,56.68546926738411,21.117527033319536
42,Burkina Faso,40279,Centre-est,2018,0.0,34.78307701262417,202.2640469784768,0.0,88.05208764486756,0.0301318407762015,58.22475165562914,21.593872878725165
42,Burkina Faso,40279,Centre-est,2019,0.0,35.324095871274835,208.55417011589404,0.0,90.53189026283113,0.028651518994067,60.170646212748345,22.06569808050497
42,Burkina Faso,40279,Centre-est,2020,0.0,26.970004656456958,237.38731374172184,0.0,73.37086092715232,0.0166448359359563,53.811549306705295,14.300286501448676
42,Burkina Faso,40279,Centre-est,2021,0.0,35.45090024834437,302.2252690397351,0.0,91.8408720509106,0.0138186988830566,69.62199270488411,14.915202361858444
42,Burkina Faso,40280,Centre-nord,2001,0.0,16.773877910539216,81.97410194546569,0.0,46.83976715686274,0.06081263664272,40.90490004595589,3.467941882563572
42,Burkina Faso,40280,Centre-nord,2002,0.0,17.10873592601103,84.14328661151961,0.0,48.31046070772059,0.0670039872776077,42.1629088158701,3.8151385737400423
42,Burkina Faso,40280,Centre-nord,2003,0.0,25.12754672181373,86.45616957720588,0.0,52.96920477175245,0.074011532276717,39.35892501531863,4.179861031326593
42,Burkina Faso,40280,Centre-nord,2004,0.0,25.566387101715687,88.91190831801471,0.0,54.31226064644608,0.0762428703899022,40.554711435355394,4.240951238893995
42,Burkina Faso,40280,Centre-nord,2005,0.0,26.270196652879903,95.74390127144608,0.0,56.19965916053921,0.0769041925413995,41.05900543811274,4.3619037702971815
42,Burkina Faso,40280,Centre-nord,2006,0.0,26.665828929227946,106.49639054840686,0.0,57.91076899509804,0.0773025016262106,43.30753102022059,4.462896010454963
42,Burkina Faso,40280,Centre-nord,2007,0.0,27.21113137637868,113.55638212316175,0.0,59.62164426317402,0.0776473587319179,44.28698491115196,4.522740382774203
42,Burkina Faso,40280,Centre-nord,2008,0.0,27.72763001685049,125.3824582567402,0.0,61.26182406556372,0.0776075695573577,45.679677925857845,4.607999614640778
42,Burkina Faso,40280,Centre-nord,2009,0.0,28.393822763480397,131.2586167279412,0.0,63.206136067708336,0.0775588454308613,46.57460650275736,4.741490083582261
42,Burkina Faso,40280,Centre-nord,2010,0.0,28.843678193933822,138.29564950980392,0.0,65.13408586090686,0.0796769503440466,48.34697169883579,4.834737141927083
42,Burkina Faso,40280,Centre-nord,2011,0.0,29.38449276194853,142.01210171568627,0.0,66.827392578125,0.0800934802822479,49.87142884497549,4.91953831092984
42,Burkina Faso,40280,Centre-nord,2012,0.0,30.052073759191178,112.93777765012256,0.0,69.11955710018383,0.0807884332492266,51.0763729319853,4.976785098805147
42,Burkina Faso,40280,Centre-nord,2013,0.0,30.689441157322303,116.16444546568628,0.0,71.162841796875,0.0807475446672769,52.86088771446079,5.228221220128677
42,Burkina Faso,40280,Centre-nord,2014,0.0,31.53163775275735,119.59281173406865,0.0,73.31140854779412,0.0816156326828894,54.50794653799019,5.234294816559436
42,Burkina Faso,40280,Centre-nord,2015,0.0,31.943474264705884,154.31673177083334,0.0,75.55054189644608,0.0833209862143306,56.1339901194853,5.330589743221507
42,Burkina Faso,40280,Centre-nord,2016,0.0,32.56126254212622,127.02362898284314,0.0,77.86309934129902,0.0825308298392477,57.82080556832108,5.447195015701593
42,Burkina Faso,40280,Centre-nord,2017,0.0,33.23167509191177,130.8155062806373,0.0,80.19852462469363,0.0840784836454407,59.33947514552696,5.550576602711397
42,Burkina Faso,40280,Centre-nord,2018,0.0,33.99646235447304,134.7977175245098,0.0,82.54831112132354,0.0870290594585871,61.2923033471201,5.65229767444087
42,Burkina Faso,40280,Centre-nord,2019,0.0,34.58535347732843,138.7161075367647,0.0,85.14816942401961,0.084688196072272,63.30857460171568,5.766984528186274
42,Burkina Faso,40280,Centre-nord,2020,0.0,26.243637982536764,160.02933517156862,0.0,68.45428347120098,0.0404419483623438,55.96110504748774,3.71060360179228
42,Burkina Faso,40280,Centre-nord,2021,0.0,34.575449027267155,204.51531862745097,0.0,85.78889016544117,0.030513182204158,73.24333639705883,3.892139509612439
42,Burkina Faso,40281,Centre-ouest,2001,0.0,2.432846885221132,116.50862630208331,0.0,23.647557593856654,0.0666295800269844,21.15695659129693,4.93580401385272
42,Burkina Faso,40281,Centre-ouest,2002,0.0,2.4792591568010525,120.1799949363426,0.0,24.19010638865188,0.071399423527845,21.82132572525597,5.441403989438657
42,Burkina Faso,40281,Centre-ouest,2003,0.0,3.638963510558874,123.45878544560183,0.0,26.58971265287258,0.0739166505875126,20.31897930887372,6.086724175347222
42,Burkina Faso,40281,Centre-ouest,2004,0.0,3.699340403690273,126.58181423611111,0.0,27.6201382963595,0.0769331595007099,21.007270335608645,6.193105061848958
42,Burkina Faso,40281,Centre-ouest,2005,0.0,3.807355270993316,137.08364076967592,0.0,28.121600362627987,0.0724668487693919,21.669795221843003,6.340460883246528
42,Burkina Faso,40281,Centre-ouest,2006,0.0,3.814308253399061,152.56756365740742,0.0,28.97767253345672,0.0736716185377237,22.177026978929383,6.343519987883391
42,Burkina Faso,40281,Centre-ouest,2007,0.0,3.920989086524772,162.42713758680554,0.0,29.98731581007973,0.0781437215537962,23.01507332004556,6.599384449146412
42,Burkina Faso,40281,Centre-ouest,2008,0.0,3.999129658136389,179.38151041666666,0.0,30.958357061503417,0.0728107942353694,23.621738859624145,6.74135900426794
42,Burkina Faso,40281,Centre-ouest,2009,0.0,4.096456123647494,188.19496889467592,0.0,31.841231847949885,0.0754852355281009,24.489326772494305,6.750848840784143
42,Burkina Faso,40281,Centre-ouest,2010,0.0,4.144296563567767,197.3160445601852,0.0,32.71830509681094,0.0791251730284593,25.05979276409453,6.839733547634548
42,Burkina Faso,40281,Centre-ouest,2011,0.0,4.314585205634254,201.60215790993072,0.0,33.7546425647779,0.0739926196532081,25.778898686645785,6.990613836063799
42,Burkina Faso,40281,Centre-ouest,2012,0.0,4.328439490941771,160.8543230369515,0.0,34.764428210421414,0.0783389643934121,26.73406356776765,7.259077746102771
42,Burkina Faso,40281,Centre-ouest,2013,0.0,4.42214194191344,165.3558747113164,0.0,35.88289703160592,0.0762118368437795,27.48524256121868,7.4075986937066975
42,Burkina Faso,40281,Centre-ouest,2014,0.0,4.571002656072039,170.81818345842956,0.0,36.790535129555806,0.07654664846567,28.26119821326879,7.416649375721709
42,Burkina Faso,40281,Centre-ouest,2015,0.0,4.613394144184226,219.18829387990763,0.0,38.0052854498861,0.0761763523964986,29.13729267511389,7.579450012629907
42,Burkina Faso,40281,Centre-ouest,2016,0.0,4.70264727317975,180.9509598729792,0.0,39.20161405005688,0.0766958996765595,29.95299168088737,7.721634580687067
42,Burkina Faso,40281,Centre-ouest,2017,0.0,4.777490568052392,186.0972502886836,0.0,40.306484908883824,0.0755319680233737,30.927360656321184,7.877134679922055
42,Burkina Faso,40281,Centre-ouest,2018,0.0,4.912146079513098,191.50169601616628,0.0,41.541171341116176,0.0773756005043207,31.77879413439636,8.040501407332563
42,Burkina Faso,40281,Centre-ouest,2019,0.0,4.9870062624714935,197.0173751443418,0.0,42.90025477480046,0.0750900595528738,32.61779771237172,8.188084133227482
42,Burkina Faso,40281,Centre-ouest,2020,0.0,3.766798753004808,225.93431012110727,0.0,34.13401442307692,0.055432747457629,29.1482253959276,5.374414287773933
42,Burkina Faso,40281,Centre-ouest,2021,0.0,5.015911733003136,291.2283487297922,0.0,43.41580405501711,0.0443368849908919,38.07405394811859,5.556924797921478
42,Burkina Faso,40282,Centre-sud,2001,0.0,14.879613631810898,147.3834534368071,0.0,42.81396067040598,0.0074200394252936,26.41396233974359,9.385861280487806
42,Burkina Faso,40282,Centre-sud,2002,0.0,15.218067658253204,151.53066103104211,0.0,44.184895833333336,0.0064937770366668,27.23148704594017,10.326462028824832
42,Burkina Faso,40282,Centre-sud,2003,0.0,22.22868047208868,155.69697547117516,0.0,48.20848357371795,0.0041169809534194,25.39259273170406,11.358058481152993
42,Burkina Faso,40282,Centre-sud,2004,0.0,22.74489182692308,160.05494733924613,0.0,49.7708249866453,0.0047105529973673,26.144120175614315,11.561094702743905
42,Burkina Faso,40282,Centre-sud,2005,0.0,23.267273470886757,172.1054600886918,0.0,51.2560054420406,0.0054960548877716,26.906734107905983,11.793317367655211
42,Burkina Faso,40282,Centre-sud,2006,0.0,23.6298828125,190.57102272727272,0.0,52.7158203125,0.0047798568898058,27.65988289596688,12.034235986003326
42,Burkina Faso,40282,Centre-sud,2007,0.0,24.13808343349359,204.16965770509975,0.0,54.35369925213675,0.006781289706359,28.52217297676282,12.248532990922948
42,Burkina Faso,40282,Centre-sud,2008,0.0,24.5925772903312,225.52442488913525,0.0,55.95835002670941,0.005150850172396,29.37645649706197,12.493200873059868
42,Burkina Faso,40282,Centre-sud,2009,0.0,25.114923460870727,235.68930155210643,0.0,57.52423043536325,0.0051405762250606,30.32599659455128,12.77378178700111
42,Burkina Faso,40282,Centre-sud,2010,0.0,25.646751469017094,248.165379018847,0.0,59.25506643963675,0.005035269328139,31.032994457799145,13.007065462167406
42,Burkina Faso,40282,Centre-sud,2011,0.0,26.20868389423077,255.01763442350327,0.0,61.16061531784188,0.0065343264076444,32.14065421340812,13.285671597838135
42,Burkina Faso,40282,Centre-sud,2012,0.0,26.73233632144765,202.86292613636363,0.0,63.00327190170941,0.0048047718355211,33.082997379139954,13.529663897935144
42,Burkina Faso,40282,Centre-sud,2013,0.0,27.26278295272436,209.1447651053215,0.0,64.91695045405983,0.0045307148247957,34.09232271634615,14.074487250554323
42,Burkina Faso,40282,Centre-sud,2014,0.0,27.80164930555556,215.70388719512195,0.0,66.7798352363782,0.0047830815972953,35.09160490117522,14.09875515347838
42,Burkina Faso,40282,Centre-sud,2015,0.0,28.23806632278312,277.5300374168514,0.0,68.8251201923077,0.0047145469622178,36.13214476495727,14.357997851995565
42,Burkina Faso,40282,Centre-sud,2016,0.0,28.76513671875,228.1933896895787,0.0,70.87390658386752,0.0042350557115342,37.26922242254273,14.653218542128602
42,Burkina Faso,40282,Centre-sud,2017,0.0,29.41034405048077,235.71403824833703,0.0,72.90441372863248,0.0046405463534242,38.41771417601496,14.953306887472284
42,Burkina Faso,40282,Centre-sud,2018,0.0,29.98451272035257,242.7434866962306,0.0,75.14320412660257,0.0046515171344463,39.47409188034188,15.239688712583147
42,Burkina Faso,40282,Centre-sud,2019,0.0,30.538797492654915,250.47108855321508,0.0,77.07804153311966,0.0048886442941332,40.66222622863248,15.559025732746674
42,Burkina Faso,40282,Centre-sud,2020,0.0,23.0218898967161,287.82001801552104,0.0,61.90703621557204,0.0108235052653721,35.99338751324152,10.069471270440689
42,Burkina Faso,40282,Centre-sud,2021,0.0,30.52579126602564,368.2521826496674,0.0,77.85448384081197,0.0089452341198921,47.09223924946581,10.4784604091602
42,Burkina Faso,40283,Est,2001,0.0,13.451947605965463,62.36888409209838,0.0,23.03862097723705,0.1105606866919476,16.532562303767662,2.6000889688808217
42,Burkina Faso,40283,Est,2002,0.0,13.705413355245945,64.03959805075877,0.0,23.765784438775512,0.1229152614257145,17.034428555075877,2.8602542128630297
42,Burkina Faso,40283,Est,2003,0.0,20.08962707679225,65.79492902930403,0.0,25.98652946755625,0.1359123331705729,15.930049303375196,3.1375312745290422
42,Burkina Faso,40283,Est,2004,0.0,20.457466640502357,67.61288265306122,0.0,26.711714253008896,0.1371196797688802,16.39952699829932,3.200719109759288
42,Burkina Faso,40283,Est,2005,0.0,20.859524218341186,72.90817144165358,0.0,27.57455806841968,0.1365287379214638,16.83854984301413,3.264944063562925
42,Burkina Faso,40283,Est,2006,0.0,21.29396830847724,80.92147435897436,0.0,28.400035975928837,0.1384532830396135,17.384437549058084,3.336095405710361
42,Burkina Faso,40283,Est,2007,0.0,21.713531446232334,86.29539508110936,0.0,29.255754104526424,0.1393635665632205,17.921617445054945,3.399432970303506
42,Burkina Faso,40283,Est,2008,0.0,22.141479428309783,95.41305272108843,0.0,30.152012607927787,0.140770039017408,18.468936011904763,3.464439020800628
42,Burkina Faso,40283,Est,2009,0.0,22.54662153322868,99.897632129775,0.0,30.998908457613812,0.1409074270382873,19.06605466705913,3.5341083999705654
42,Burkina Faso,40283,Est,2010,0.0,22.98721219256933,105.16324895342753,0.0,31.96547332875458,0.1481554048274273,19.576254660518053,3.6078759177950026
42,Burkina Faso,40283,Est,2011,0.0,23.451890371533228,108.00381835426478,0.0,32.80547856161695,0.1446965015791086,20.13763041274202,3.6842151524071167
42,Burkina Faso,40283,Est,2012,0.0,23.9960344714809,85.90079637624281,0.0,33.900303751308215,0.1455565805904201,20.748955471611723,3.7462899823390896
42,Burkina Faso,40283,Est,2013,0.0,24.47946305926217,88.56009615384616,0.0,34.891647043432755,0.1500116499802507,21.39979681776557,3.916477333120748
42,Burkina Faso,40283,Est,2014,0.0,24.95785092883307,91.20617477760337,0.0,35.96339449241235,0.1467070542372666,22.04137845041863,3.912713913690476
42,Burkina Faso,40283,Est,2015,0.0,25.468570120355835,117.08554094714808,0.0,37.11653748037676,0.1508664071363191,22.717129039115648,3.995448585083072
42,Burkina Faso,40283,Est,2016,0.0,25.993646978021975,96.62985675039246,0.0,38.14626667974882,0.1489503807457478,23.352263621794872,4.081733835361067
42,Burkina Faso,40283,Est,2017,0.0,26.449709330847725,99.5662938252224,0.0,39.30059114992151,0.1527930220855833,24.05263728087389,4.153262822556908
42,Burkina Faso,40283,Est,2018,0.0,27.029438939037156,102.62670068027212,0.0,40.47815279958137,0.1527538274949596,24.80706681711146,4.24128145849686
42,Burkina Faso,40283,Est,2019,0.0,27.567270898744116,105.61950549450547,0.0,41.69962961145997,0.1542113663314225,25.54727564102564,4.32170963337258
42,Burkina Faso,40283,Est,2020,0.0,20.94553734955521,121.24777603349033,0.0,33.61622882326007,0.0770091038339016,22.76062516352695,2.8030805922128468
42,Burkina Faso,40283,Est,2021,0.0,27.6047635400314,155.5921964939822,0.0,42.13509778911565,0.058567673660988,29.594915129513343,2.9181327879709578
42,Burkina Faso,40284,Hauts-bassins,2001,0.0,34.313899086676216,76.65836978667306,0.0,21.40009401862464,0.0105021882603186,25.035193558978037,8.515190556088207
42,Burkina Faso,40284,Hauts-bassins,2002,0.0,35.00998388252149,78.91354566155321,0.0,22.029121522803248,0.0100814227400154,25.75465989135625,9.333892617449663
42,Burkina Faso,40284,Hauts-bassins,2003,0.0,51.22829363658071,80.97628535474593,0.0,24.119030563514805,0.0095580119007038,24.060440544412607,10.334215641478908
42,Burkina Faso,40284,Hauts-bassins,2004,0.0,52.210806918576885,83.51466622722914,0.0,24.87020579632283,0.0098314152207485,24.73075229823305,10.588281999041229
42,Burkina Faso,40284,Hauts-bassins,2005,0.0,53.18824617956065,89.75805968360498,0.0,25.5785857658787,0.009536314785965,25.518971615329512,10.766653059084373
42,Burkina Faso,40284,Hauts-bassins,2006,0.0,54.38087804732314,99.86058844678811,0.0,26.37645270673996,0.0087096111796726,26.252925953035373,10.91136969678811
42,Burkina Faso,40284,Hauts-bassins,2007,0.0,55.46435826959847,106.48576821668264,0.0,27.146372341061184,0.0093274717408467,27.075350292782023,11.202181208053693
42,Burkina Faso,40284,Hauts-bassins,2008,0.0,56.61499536926386,117.667335810163,0.0,27.948908789435947,0.0103245585253744,27.923260486376677,11.365294298298178
42,Burkina Faso,40284,Hauts-bassins,2009,0.0,57.775342076959845,122.7787107502397,0.0,28.818133439890055,0.0074804471089289,28.77191757289675,11.604541811481305
42,Burkina Faso,40284,Hauts-bassins,2010,0.0,58.89378435707457,129.28909995206135,0.0,29.67609494502868,0.0099823215315418,29.62801371295411,11.868123801534036
42,Burkina Faso,40284,Hauts-bassins,2011,0.0,59.97376912045889,132.7988225071908,0.0,30.57885135336998,0.008497278662722,30.481312739005737,12.03761497782838
42,Burkina Faso,40284,Hauts-bassins,2012,0.0,61.28921934751434,105.6395164189837,0.0,31.5505198374761,0.0084642955765186,31.39556569670172,12.336892527564718
42,Burkina Faso,40284,Hauts-bassins,2013,0.0,62.53274378585086,108.81217042186002,0.0,32.42780532982792,0.0086610005571951,32.350587804732314,12.78525362535954
42,Burkina Faso,40284,Hauts-bassins,2014,0.0,63.57217973231358,112.24334102348992,0.0,33.39698105879541,0.0087330247102518,33.272063217017205,12.813973738614571
42,Burkina Faso,40284,Hauts-bassins,2015,0.0,65.01004570984703,144.38314956855226,0.0,34.399729624760994,0.0080226858456929,34.3690995458891,13.04353240352349
42,Burkina Faso,40284,Hauts-bassins,2016,0.0,66.28057779636711,119.02244971264368,0.0,35.43148751195029,0.0091343620367217,35.39337730043021,13.332019089738983
42,Burkina Faso,40284,Hauts-bassins,2017,0.0,67.60998745219885,122.54357172818791,0.0,36.55242067997132,0.0088637454642189,36.42634888862333,13.569190810762224
42,Burkina Faso,40284,Hauts-bassins,2018,0.0,68.94394568594646,126.47501198465964,0.0,37.63211415511472,0.0070152946574959,37.58245324450287,13.827664339645256
42,Burkina Faso,40284,Hauts-bassins,2019,0.0,70.28416288240918,130.15499161073825,0.0,38.698740738527725,0.0071292923342797,38.67978086161568,14.095079548178331
42,Burkina Faso,40284,Hauts-bassins,2020,0.0,53.32159592884432,149.8510756232023,0.0,31.169716675620823,0.0224945366382598,34.42954572588348,9.188192863135187
42,Burkina Faso,40284,Hauts-bassins,2021,0.0,70.38441831978967,191.50020973154363,0.0,39.025831291826,0.0188358373501721,44.75341703513384,9.511368573226273
42,Burkina Faso,40285,Nord,2001,0.0,15.309560215103398,105.68101458641064,0.0,51.92076717134417,0.407144926851574,43.81974127584934,7.4649101043205315
42,Burkina Faso,40285,Nord,2002,0.0,15.663234513478582,108.05925729320532,0.0,53.30222950516987,0.4479417448734075,45.10051525572378,8.229660958271788
42,Burkina Faso,40285,Nord,2003,0.0,22.82425913958641,111.2670790251108,0.0,58.10204717503693,0.5086341756485414,42.137174575332345,9.116523956794682
42,Burkina Faso,40285,Nord,2004,0.0,23.24463972488922,114.41148910635157,0.0,60.30974773818316,0.5099744247368907,43.17466476643279,9.318985413589363
42,Burkina Faso,40285,Nord,2005,0.0,23.85374786512186,122.96323393648449,0.0,61.81826417097489,0.517548283586826,45.012082256277694,9.48476014355613
42,Burkina Faso,40285,Nord,2006,0.0,24.268207048559823,136.97980520679468,0.0,63.828125,0.52101926366899,46.101126869460856,9.607340374584563
42,Burkina Faso,40285,Nord,2007,0.0,24.748084379615957,145.56517725258493,0.0,65.42247507385524,0.5277422816221612,47.141040435745936,9.86749835556684
42,Burkina Faso,40285,Nord,2008,0.0,25.273544243906944,160.76507108567208,0.0,67.46180299113738,0.5315736125455826,48.69567023633678,10.057740519987076
42,Burkina Faso,40285,Nord,2009,0.0,25.831050360044312,168.39901449409157,0.0,69.32795190177252,0.5368418841453564,50.25052506462334,10.159445104782128
42,Burkina Faso,40285,Nord,2010,0.0,26.315217642171344,177.27587241506646,0.0,71.54521902695717,0.542645633308715,51.60782865583457,10.399305876107828
42,Burkina Faso,40285,Nord,2011,0.0,26.958949755354507,182.6325240029542,0.0,73.93298790620383,0.5492290457383217,53.33991875923191,10.571420328655837
42,Burkina Faso,40285,Nord,2012,0.0,27.366298929098967,144.87239198670605,0.0,76.18683645679468,0.553023187589434,55.14346381093058,10.915171049898449
42,Burkina Faso,40285,Nord,2013,0.0,27.93715668851551,149.37077640324964,0.0,78.23792928360413,0.5705251313382801,56.60020079394387,11.242834454625184
42,Burkina Faso,40285,Nord,2014,0.0,28.61236671436485,153.77339134047267,0.0,80.6198532127031,0.5619048846877308,57.977197193500736,11.248342584471937
42,Burkina Faso,40285,Nord,2015,0.0,29.107984444239293,198.2520079394387,0.0,82.97366598966026,0.568128937984675,59.84618491506647,11.472146331471563
42,Burkina Faso,40285,Nord,2016,0.0,29.73200932422452,163.63248938330872,0.0,85.63016986706056,0.5751286877134878,61.98429422082718,11.630127313746309
42,Burkina Faso,40285,Nord,2017,0.0,30.33089168666913,168.12165343426884,0.0,88.3098342872969,0.5804105276899465,63.97034250369276,11.944889851827917
42,Burkina Faso,40285,Nord,2018,0.0,30.853919520864107,173.3945254800591,0.0,90.91180645310192,0.5912329534308068,65.44913220088627,12.1208196778065
42,Burkina Faso,40285,Nord,2019,0.0,31.570214411004432,178.6946893463811,0.0,93.7772687407681,0.5937593761539882,67.63331448485968,12.308189854135891
42,Burkina Faso,40285,Nord,2020,0.0,24.066746676514036,205.9583871861152,0.0,75.47615283419498,0.2682634632555737,60.58682030096012,8.082964537943132
42,Burkina Faso,40285,Nord,2021,0.0,31.55835718242245,264.16635893648447,0.0,94.36798375184638,0.2044435441934199,78.35615537296898,8.330359409619646
42,Burkina Faso,40286,Plateau Central,2001,0.0,5.931920326724439,149.57014837184877,0.0,39.18579853816527,0.0164408305334666,32.98751805409664,4.773563331582633
42,Burkina Faso,40286,Plateau Central,2002,0.0,6.0191633293942575,153.36149772408965,0.0,40.57366892069328,0.0185895891899758,33.888113839285715,5.267863297662816
42,Burkina Faso,40286,Plateau Central,2003,0.0,8.921600769213935,157.81915266106444,0.0,44.62786130077031,0.021479639426741,31.62736618084734,5.652910675989146
42,Burkina Faso,40286,Plateau Central,2004,0.0,9.041816433604692,162.4501488095238,0.0,45.54275538340336,0.0214800708508365,32.239342612044815,5.770323168329832
42,Burkina Faso,40286,Plateau Central,2005,0.0,8.912065607492996,174.52131477591035,0.0,47.3366924894958,0.0217311608163934,33.268382352941174,5.861908044467787
42,Burkina Faso,40286,Plateau Central,2006,0.0,9.277390936843489,194.1577599789916,0.0,48.57028514530813,0.0214240159937944,34.08593476453081,6.214359571953781
42,Burkina Faso,40286,Plateau Central,2007,0.0,9.521578064819678,207.5830707282913,0.0,50.09623927696079,0.0208730672535143,35.40510383841036,6.112694491859243
42,Burkina Faso,40286,Plateau Central,2008,0.0,9.845774931066176,228.1925551470588,0.0,51.68166797969187,0.0210154892886496,36.41836539303221,6.197446165966387
42,Burkina Faso,40286,Plateau Central,2009,0.0,10.045728154543069,240.18962272408965,0.0,53.02968531162465,0.0230066314417654,37.49167596726191,6.526075860031512
42,Burkina Faso,40286,Plateau Central,2010,0.0,10.152773902529765,251.67997198879556,0.0,54.75091364670868,0.0222038465832907,38.44821756827731,6.669954700630252
42,Burkina Faso,40286,Plateau Central,2011,0.0,10.022807658219538,259.05777310924367,0.0,56.45906643907563,0.0236489406969181,39.73040583420868,6.782050808604692
42,Burkina Faso,40286,Plateau Central,2012,0.0,10.59653744310224,204.5653448879552,0.0,58.24978116246498,0.0234819265900465,40.99371115633753,6.706452698266807
42,Burkina Faso,40286,Plateau Central,2013,0.0,10.899699919030112,211.3310574229692,0.0,60.17248227415966,0.0246166072825275,42.37182959121149,7.2161608784138656
42,Burkina Faso,40286,Plateau Central,2014,0.0,10.633790430234594,218.49914653361344,0.0,61.657065169817926,0.0236789990985204,43.40974045868347,7.250837053571429
42,Burkina Faso,40286,Plateau Central,2015,0.0,11.322655429359244,281.03339460784315,0.0,63.56738007703081,0.0242632865905761,44.55686493347339,7.32591884410014
42,Burkina Faso,40286,Plateau Central,2016,0.0,11.506626674107142,230.6718093487395,0.0,65.71889224439776,0.0234344717095659,46.54943539915966,7.478010930934874
42,Burkina Faso,40286,Plateau Central,2017,0.0,11.877255394345235,238.2399553571429,0.0,67.5696450455182,0.0243413222463507,47.44623161764706,7.685524307379202
42,Burkina Faso,40286,Plateau Central,2018,0.0,12.025085620185576,246.05168942577032,0.0,69.01237526260505,0.0239657728295577,48.82728247549019,7.800995984331233
42,Burkina Faso,40286,Plateau Central,2019,0.0,12.25672925420168,253.0270483193277,0.0,71.52275363270309,0.0243885241056743,50.78323047969187,7.944033668154762
42,Burkina Faso,40286,Plateau Central,2020,0.0,9.202279056153712,291.4483543417367,0.0,57.40982799369748,0.0111834911700806,44.80745032387955,4.977361940870098
42,Burkina Faso,40286,Plateau Central,2021,0.0,12.290729768469888,372.8661589635855,0.0,72.25629157913166,0.0092168950740201,58.34079569327731,5.363460423231793
42,Burkina Faso,40287,Sahel,2001,0.0,31.35584375,36.6729994059742,0.0,51.5230625,0.0132870470682779,32.842244791666666,0.0916351802097691
42,Burkina Faso,40287,Sahel,2002,0.0,32.044609375,37.86026603869654,0.0,53.08654166666667,0.0136258345584987,33.72584635416667,0.0993478047479059
42,Burkina Faso,40287,Sahel,2003,0.0,46.43839583333333,38.79736261872456,0.0,57.954375,0.0154147217048912,31.057908854166666,0.0967193435836624
42,Burkina Faso,40287,Sahel,2004,0.0,47.58781770833333,39.80121586668928,0.0,59.594229166666665,0.0154625381764926,32.25045052083333,0.0956413383849179
42,Burkina Faso,40287,Sahel,2005,0.0,48.61896875,42.96535521964044,0.0,61.549729166666665,0.0161908721923828,33.022734375,0.0967631858328114
42,Burkina Faso,40287,Sahel,2006,0.0,49.48973958333333,47.57918504070556,0.0,63.25126041666667,0.0144954949318365,34.00323958333333,0.1083172196927278
42,Burkina Faso,40287,Sahel,2007,0.0,50.54586458333333,50.723933599050206,0.0,65.217,0.0161495424906412,35.28752083333333,0.1025425757634217
42,Burkina Faso,40287,Sahel,2008,0.0,51.671265625,56.0551062160787,0.0,67.23057291666667,0.0171929577946583,36.279796875,0.1058371437628954
42,Burkina Faso,40287,Sahel,2009,0.0,52.65414583333333,58.99967138738128,0.0,69.984484375,0.0161250676864232,37.37809375,0.1218450031996587
42,Burkina Faso,40287,Sahel,2010,0.0,53.6205,62.27034218113975,0.0,71.63018229166667,0.0184524369683217,38.84509895833333,0.1262886353785526
42,Burkina Faso,40287,Sahel,2011,0.0,54.88046875,63.670284938941656,0.0,74.32058854166667,0.0187694484904661,39.7740859375,0.1257763480620423
42,Burkina Faso,40287,Sahel,2012,0.0,55.75250520833333,50.76557729816825,0.0,75.39213541666666,0.0150921610377778,40.49919270833333,0.1135421524877133
42,Burkina Faso,40287,Sahel,2013,0.0,57.04388020833333,52.189238466757125,0.0,77.24666666666667,0.0166615593664005,41.81822395833333,0.131242929714055
42,Burkina Faso,40287,Sahel,2014,0.0,58.36396875,53.83709294436906,0.0,80.24181770833333,0.0157607439056478,43.108302083333335,0.1298110961914062
42,Burkina Faso,40287,Sahel,2015,0.0,59.18332291666667,68.86660447761194,0.0,82.27888020833333,0.0169609171549479,44.50303125,0.1346603984016993
42,Burkina Faso,40287,Sahel,2016,0.0,60.460890625,57.29615947252375,0.0,85.218296875,0.0159807057889857,45.890197916666665,0.1377319004449889
42,Burkina Faso,40287,Sahel,2017,0.0,61.771828125,58.78835227272727,0.0,87.6610625,0.0169261645052203,46.87711458333333,0.1373979271147996
42,Burkina Faso,40287,Sahel,2018,0.0,62.84522916666667,60.71015306987788,0.0,90.05075,0.0179941905674851,48.550182291666665,0.1420617414557415
42,Burkina Faso,40287,Sahel,2019,0.0,64.7168125,62.28766854647218,0.0,93.15454166666666,0.0164016774495442,50.444973958333335,0.1473324653330257
42,Burkina Faso,40287,Sahel,2020,0.0,49.23554166666667,71.3594809322034,0.0,75.30727083333333,0.0094090468446973,44.86476041666667,0.0837948830987453
42,Burkina Faso,40287,Sahel,2021,0.0,64.649484375,92.00338983050848,0.0,93.83176041666668,0.0115149734157114,57.957338541666665,0.1072473593446119
42,Burkina Faso,40288,Sud-ouest,2001,0.0,12.768078703703704,91.50987495272317,0.0,25.211898148148148,0.0045693606138229,19.02901909722222,16.60916520896369
42,Burkina Faso,40288,Sud-ouest,2002,0.0,13.013657407407408,93.66747234304084,0.0,25.70399305555556,0.0047781232156251,19.70439236111111,18.42552418211044
42,Burkina Faso,40288,Sud-ouest,2003,0.0,18.935109953703705,96.92731183812406,0.0,28.21984375,0.0046821385622024,18.41803240740741,20.47367565714826
42,Burkina Faso,40288,Sud-ouest,2004,0.0,19.299629629629628,99.8067558623298,0.0,29.31176793981481,0.0049606330300632,19.014638310185184,20.868245319591527
42,Burkina Faso,40288,Sud-ouest,2005,0.0,19.58720196759259,106.55557394099849,0.0,29.96214699074074,0.0060582215848721,19.53267650462963,21.302740284606656
42,Burkina Faso,40288,Sud-ouest,2006,0.0,20.138156828703703,120.01505767776096,0.0,30.833486689814816,0.0051224590057418,20.101747685185185,21.497086563918305
42,Burkina Faso,40288,Sud-ouest,2007,0.0,20.46697916666667,126.86998865355524,0.0,31.751626157407408,0.0064926857040041,20.78056712962963,22.16939887481089
42,Burkina Faso,40288,Sud-ouest,2008,0.0,20.808923611111112,138.11670291225417,0.0,32.786712962962966,0.0049559232734498,21.341189236111116,22.64108594931921
42,Burkina Faso,40288,Sud-ouest,2009,0.0,21.29289351851852,144.54987708018157,0.0,33.61724537037037,0.0042194113844916,21.896527777777777,22.68836280257186
42,Burkina Faso,40288,Sud-ouest,2010,0.0,21.75167679398148,154.9568953290469,0.0,34.80455729166667,0.0043711541664032,22.595049189814816,23.238878120272314
42,Burkina Faso,40288,Sud-ouest,2011,0.0,21.99780671296296,159.48268485249622,0.0,35.74208333333333,0.0046203735877167,23.26605758101852,23.876229198184568
42,Burkina Faso,40288,Sud-ouest,2012,0.0,22.59025462962963,127.60705843419062,0.0,36.75907407407407,0.004233801906759,24.02556568287037,24.550618735816943
42,Burkina Faso,40288,Sud-ouest,2013,0.0,22.989210069444443,130.8450973903177,0.0,37.90796875,0.004972090323766,24.65336226851852,25.324883580748864
42,Burkina Faso,40288,Sud-ouest,2014,0.0,23.421576967592596,135.35601834341907,0.0,39.093859953703706,0.0055211201310157,25.424505208333333,25.13622234304085
42,Burkina Faso,40288,Sud-ouest,2015,0.0,24.01205005787037,175.05345830181545,0.0,40.25574652777778,0.0045443041169125,26.27073784722222,25.80175042549168
42,Burkina Faso,40288,Sud-ouest,2016,0.0,24.51527777777778,143.6312760022693,0.0,41.46588252314815,0.0050055472099262,27.011773726851853,26.28237578006808
42,Burkina Faso,40288,Sud-ouest,2017,0.0,25.01763888888889,147.8383604387292,0.0,42.88486111111112,0.0044067812462647,27.87733796296296,26.86649016641452
42,Burkina Faso,40288,Sud-ouest,2018,0.0,25.534742476851854,152.3132327912254,0.0,43.93638310185185,0.0046413138508796,28.58266493055556,27.326943078668684
42,Burkina Faso,40288,Sud-ouest,2019,0.0,25.92816840277778,157.01034181164903,0.0,45.44605324074074,0.0047855311632156,29.508952546296296,27.89183351456127
42,Burkina Faso,40288,Sud-ouest,2020,0.0,19.73575810185185,179.19593235404193,0.0,36.52634837962963,0.0055164388484425,26.45546296296296,18.09742819049401
42,Burkina Faso,40288,Sud-ouest,2021,0.0,26.027743055555558,230.68362915407852,0.0,45.862881944444446,0.0058349998373734,34.12974826388889,18.938031061178247
43,Burundi,40542,Bubanza,2001,0.0,14.157221013849432,157.92908824573863,0.0,39.6600175337358,0.0,2.770064960826527,11.346585360440342
43,Burundi,40542,Bubanza,2002,0.0,12.937029751864346,150.4318181818182,0.0,38.91119384765625,0.0,2.601525740189986,7.849004572088068
43,Burundi,40542,Bubanza,2003,0.0,13.963925448330968,132.3031560724432,0.0,38.12528575550426,0.0,2.712681857022372,7.39199482310902
43,Burundi,40542,Bubanza,2004,0.0,14.635392622514203,127.65163352272728,0.0,44.2779013893821,0.0,2.6885826804421167,9.582001426003195
43,Burundi,40542,Bubanza,2005,0.0,15.733408147638494,73.59563654119319,0.0,49.70662064985795,0.0,2.877842989834872,11.910761052911932
43,Burundi,40542,Bubanza,2006,0.0,16.611344770951703,88.8059969815341,0.0,57.36644398082387,0.0,2.945472370494496,12.132234053178268
43,Burundi,40542,Bubanza,2007,0.0,18.63339788263494,102.9639337713068,0.0,55.68963068181818,0.0,2.988800048828125,11.145923267711291
43,Burundi,40542,Bubanza,2008,0.0,18.410953868519176,118.87299138849431,0.0,69.48731578480114,0.0,3.30462646484375,11.599157159978692
43,Burundi,40542,Bubanza,2009,0.0,21.64870106090199,123.8013361150568,0.0,71.45361328125,0.0,3.4420589100230825,14.259083140980112
43,Burundi,40542,Bubanza,2010,0.0,23.110884232954547,133.49250932173297,0.0,84.891845703125,0.0,3.5231448086825283,16.61343799937855
43,Burundi,40542,Bubanza,2011,0.0,25.64572420987216,198.4930308948864,0.0,91.4254483309659,0.0,3.713682001287287,20.26857965642756
43,Burundi,40542,Bubanza,2012,0.0,23.9010009765625,184.72365500710228,0.0,99.1481045809659,0.0,5.0810793096368965,28.0938193581321
43,Burundi,40542,Bubanza,2013,0.0,29.397771661931817,146.3074396306818,0.0,131.3684747869318,0.0,3.306487343528054,26.552118474786933
43,Burundi,40542,Bubanza,2014,0.0,32.36084539240057,222.91321910511363,0.0,95.58906693892044,0.0,4.184434370561079,38.76975597034801
43,Burundi,40542,Bubanza,2015,0.0,31.32520918412642,181.21043812144887,0.0,93.28395774147728,0.0,4.429469368674538,36.22223455255682
43,Burundi,40542,Bubanza,2016,0.0,30.058083274147727,222.84394975142047,0.0,118.84922096946023,0.0,6.764995921741832,38.45138272372159
43,Burundi,40542,Bubanza,2017,0.0,42.15734308416193,209.18843217329547,0.0,143.90812544389203,0.0,6.032307017933238,42.57653253728693
43,Burundi,40542,Bubanza,2018,0.0,43.28047873757102,250.6220703125,0.0,129.3589533025568,0.0,6.04072362726385,52.91176535866477
43,Burundi,40542,Bubanza,2019,0.0,29.779563210227277,246.9217862215909,0.0,127.5960360440341,0.0,8.017770247025924,55.65632213245738
43,Burundi,40542,Bubanza,2020,0.0,24.108997691761363,207.02592329545453,0.0,132.91111061789772,0.0,8.415019642223012,59.10177889737216
43,Burundi,40542,Bubanza,2021,0.0,37.81957730379972,218.84721235795453,0.0,130.45750843394887,0.0,7.437407060102983,61.32494007457387
43,Burundi,40543,Bujumbura Mairie,2001,0.0,14.07519022623698,214.01413302951389,0.0,17.338316175672745,0.0,4.676872253417969,4.06667243109809
43,Burundi,40543,Bujumbura Mairie,2002,0.0,11.935430738661024,187.09739854600696,0.0,17.658769395616318,0.0,5.0292002360026045,2.826335906982422
43,Burundi,40543,Bujumbura Mairie,2003,0.0,13.283528645833334,158.5052490234375,0.0,16.25274658203125,0.0,4.236710866292317,2.512206607394748
43,Burundi,40543,Bujumbura Mairie,2004,0.0,14.735222710503471,151.96961805555554,0.0,19.518074883355037,0.0,4.357576158311632,3.105090035332574
43,Burundi,40543,Bujumbura Mairie,2005,0.0,14.45095486111111,87.39191351996527,0.0,22.71618313259549,0.0,4.58641603257921,3.550157970852322
43,Burundi,40543,Bujumbura Mairie,2006,0.0,15.574732462565104,112.15923394097224,0.0,24.41135152180989,0.0,5.294148763020833,4.468032413058811
43,Burundi,40543,Bujumbura Mairie,2007,0.0,17.579874674479168,129.18948025173611,0.0,21.80654059516059,0.0,5.308248731825087,3.68365732828776
43,Burundi,40543,Bujumbura Mairie,2008,0.0,18.718217637803814,150.24556477864584,0.0,29.00606960720486,0.0,5.787440829806858,3.482985602484809
43,Burundi,40543,Bujumbura Mairie,2009,0.0,20.24499172634549,167.34624565972223,0.0,27.96026102701823,0.0,5.66553454928928,4.589887407090929
43,Burundi,40543,Bujumbura Mairie,2010,0.0,22.089640299479168,179.5499267578125,0.0,34.59642537434896,0.0,6.0523253546820746,6.217504289415148
43,Burundi,40543,Bujumbura Mairie,2011,0.0,24.348568386501736,264.6611599392361,0.0,34.50946384006076,0.0,6.209293365478516,6.6053140428331165
43,Burundi,40543,Bujumbura Mairie,2012,0.0,24.499791463216145,267.1237250434028,0.0,38.759982638888886,0.0,8.401229010687935,8.253927442762587
43,Burundi,40543,Bujumbura Mairie,2013,0.0,28.120858086480037,193.57708062065973,0.0,53.90178087022569,0.0,5.840942806667751,8.03312767876519
43,Burundi,40543,Bujumbura Mairie,2014,0.0,30.82233344184028,280.9855685763889,0.0,42.6605224609375,0.0,7.267479790581597,11.483407762315538
43,Burundi,40543,Bujumbura Mairie,2015,0.0,30.969675699869796,235.92374674479169,0.0,38.4869147406684,0.0,7.211801317003038,10.653174506293404
43,Burundi,40543,Bujumbura Mairie,2016,0.0,29.188120524088543,279.76177300347223,0.0,48.35108100043403,0.0,12.222921583387588,12.27488284640842
43,Burundi,40543,Bujumbura Mairie,2017,0.0,43.18443467881944,285.08704969618054,0.0,60.24427625868056,0.0,10.542279561360678,12.465588887532553
43,Burundi,40543,Bujumbura Mairie,2018,0.0,40.41540866427951,336.4506564670139,0.0,52.394134521484375,0.0,10.92208014594184,15.448901706271702
43,Burundi,40543,Bujumbura Mairie,2019,0.0,28.86041937934028,333.3627658420139,0.0,52.37777031792535,0.0,14.47446017795139,16.702799479166668
43,Burundi,40543,Bujumbura Mairie,2020,0.0,23.422244601779514,254.81868489583331,0.0,55.43873087565104,0.0,15.285469902886284,17.333553738064236
43,Burundi,40543,Bujumbura Mairie,2021,0.0,36.83493041992188,275.17591688368054,0.0,53.30389404296875,0.0,14.161758422851562,20.289869520399307
43,Burundi,40544,Bujumbura Rural,2001,0.0,23.17264133029514,56.836324439858494,0.0,30.105568214699076,0.0,11.921192310474536,7.186355302918632
43,Burundi,40544,Bujumbura Rural,2002,0.0,20.80336959273727,54.676601193985846,0.0,29.58294677734375,0.0,11.147917570891204,5.050629237912736
43,Burundi,40544,Bujumbura Rural,2003,0.0,22.39934398509838,50.289721219044814,0.0,29.63201000072338,0.0,11.02005570023148,4.723396733122052
43,Burundi,40544,Bujumbura Rural,2004,0.0,23.42522967303241,46.15466999557784,0.0,34.47923448350694,0.0,11.170673511646411,6.06245278412441
43,Burundi,40544,Bujumbura Rural,2005,0.0,26.098051848234952,27.094417931898583,0.0,37.88908329716436,0.0,11.88481761791088,7.593253081699587
43,Burundi,40544,Bujumbura Rural,2006,0.0,27.57176830150463,36.67336748231132,0.0,44.5882568359375,0.0,12.4653162073206,8.015878353478774
43,Burundi,40544,Bujumbura Rural,2007,0.0,31.332139756944443,38.58137253095519,0.0,43.03262894241898,0.0,12.735826280381945,7.022724655439269
43,Burundi,40544,Bujumbura Rural,2008,0.0,29.86971706814236,45.77118495725236,0.0,51.41873734085648,0.0,14.37051052517361,7.464393471771816
43,Burundi,40544,Bujumbura Rural,2009,0.0,34.14791983145255,50.05434662441038,0.0,54.4856861255787,0.0,14.678621645326968,9.060876234522404
43,Burundi,40544,Bujumbura Rural,2010,0.0,37.548068576388886,53.06349959463444,0.0,67.90288176359954,0.0,15.240236635561343,10.565068082989386
43,Burundi,40544,Bujumbura Rural,2011,0.0,42.16172055844908,76.4219809478184,0.0,69.9606300636574,0.0,16.17995876736111,13.131725383254716
43,Burundi,40544,Bujumbura Rural,2012,0.0,39.67803276909722,72.09912109375,0.0,78.17482277199075,0.0,21.76567925347222,17.802350889961673
43,Burundi,40544,Bujumbura Rural,2013,0.0,48.40827546296296,57.996222729952834,0.0,100.29061776620372,0.0,13.8918298791956,17.096859338148583
43,Burundi,40544,Bujumbura Rural,2014,0.0,55.06510868778936,83.67194870283019,0.0,75.7199119285301,0.0,17.653453685619212,24.734425670695757
43,Burundi,40544,Bujumbura Rural,2015,0.0,49.54841218171296,75.01135944870283,0.0,73.57852285879629,0.0,19.63625985604745,23.40280439268868
43,Burundi,40544,Bujumbura Rural,2016,0.0,47.9358543113426,82.04303323997641,0.0,89.7583640769676,0.0,28.982652452256943,25.06946491745283
43,Burundi,40544,Bujumbura Rural,2017,0.0,66.60806387442129,81.69756964917453,0.0,105.2039840133102,0.0,26.417521158854168,27.03356242629717
43,Burundi,40544,Bujumbura Rural,2018,0.0,73.768798828125,95.17904260023585,0.0,99.8270851417824,0.0,27.783487955729168,34.23908046506486
43,Burundi,40544,Bujumbura Rural,2019,0.0,48.61716941550926,101.51451945754717,0.0,96.23361545138889,0.0,35.013138382523145,35.836660709021224
43,Burundi,40544,Bujumbura Rural,2020,0.0,39.57865397135416,84.70798017393868,0.0,103.68901005497683,0.0,38.1399558738426,37.26337706367924
43,Burundi,40544,Bujumbura Rural,2021,0.0,61.96454535590278,86.28559846698113,0.0,99.6522171585648,0.0,33.08189561631944,39.18503095518868
43,Burundi,40545,Bururi,2001,0.0,29.14437463148585,70.62789283608491,0.0,29.934554190005898,0.0,19.91517264887972,4.128819303692512
43,Burundi,40545,Bururi,2002,0.0,26.21180581146816,66.31793558372641,0.0,29.295820128242923,0.0,18.48460532134434,2.8845997936320757
43,Burundi,40545,Bururi,2003,0.0,28.49837853773585,59.629836748231135,0.0,28.99483158903302,0.0,19.37326337706368,2.716791404868072
43,Burundi,40545,Bururi,2004,0.0,30.562808630601417,56.96019586527122,0.0,33.398672427771224,0.0,19.043473153744102,3.5138711029628538
43,Burundi,40545,Bururi,2005,0.0,31.72493182488208,34.676640348614384,0.0,37.34862820607312,0.0,19.442507186025946,4.399057064416273
43,Burundi,40545,Bururi,2006,0.0,35.48417231721698,41.01875737028302,0.0,43.46415278596698,0.0,21.51412791126179,4.442430892080631
43,Burundi,40545,Bururi,2007,0.0,39.035704414799525,46.49845224056604,0.0,42.1690835053066,0.0,21.20130546137972,4.091459742132223
43,Burundi,40545,Bururi,2008,0.0,38.32042305424528,53.74850751768868,0.0,52.0045695754717,0.0,23.58260705336085,4.275306269807635
43,Burundi,40545,Bururi,2009,0.0,45.270189969044814,56.257116929540096,0.0,53.670741818985846,0.0,23.30105763561321,5.203681801849941
43,Burundi,40545,Bururi,2010,0.0,48.71947320902122,60.71835384728774,0.0,64.43586011202831,0.0,25.172271152712263,6.16061746849204
43,Burundi,40545,Bururi,2011,0.0,52.41441719487028,90.05770931603773,0.0,68.21736346550708,0.0,26.58612406028892,7.47926186615566
43,Burundi,40545,Bururi,2012,0.0,49.317184736143865,83.92557856721699,0.0,74.65591833726415,0.0,34.926734780365564,10.455799030807784
43,Burundi,40545,Bururi,2013,0.0,60.97094265919812,65.93204599056604,0.0,98.78084463443396,0.0,23.565392836084907,9.689108794590211
43,Burundi,40545,Bururi,2014,0.0,66.75530660377359,100.82402528007076,0.0,72.44885484227595,0.0,29.68281987028302,14.121129449808372
43,Burundi,40545,Bururi,2015,0.0,64.40287809551887,85.17380969929245,0.0,70.96579267393868,0.0,32.23275814416274,13.217567299896816
43,Burundi,40545,Bururi,2016,0.0,62.260871167452834,100.3164799528302,0.0,90.7799233490566,0.0,48.10214751621462,14.079281213148583
43,Burundi,40545,Bururi,2017,0.0,87.74764150943396,95.46138892983492,0.0,109.35109264445757,0.0,41.97018720518868,15.521556926223466
43,Burundi,40545,Bururi,2018,0.0,89.71478847287736,114.81471108490568,0.0,97.59683630601415,0.0,43.394333173643865,19.461061873525946
43,Burundi,40545,Bururi,2019,0.0,61.124014224646224,111.60124926297168,0.0,97.47308925412736,0.0,58.20819206957548,20.17150187942217
43,Burundi,40545,Bururi,2020,0.0,50.03884599793632,95.145305129717,0.0,101.73425523290096,0.0,58.8363935362618,21.42661501326651
43,Burundi,40545,Bururi,2021,0.0,78.13034345518868,98.21967128537736,0.0,98.72637824292453,0.0,52.80437886939858,22.48612544221698
43,Burundi,40546,Cankuzo,2001,0.0,7.388134448559253,63.397298177083336,0.9129051061776968,12.427619438666802,0.0,2.0858009635628045,3.656827392578125
43,Burundi,40546,Cankuzo,2002,0.0,6.783650187702922,60.20755208333333,0.6436831400944636,12.03354397067776,0.0,1.946708580116173,2.589882405598958
43,Burundi,40546,Cankuzo,2003,0.0,7.38890333299513,53.3436328125,0.7199342434222882,11.573218407568994,0.0,2.0051467697341723,2.346566365559896
43,Burundi,40546,Cankuzo,2004,0.0,7.781720049969562,50.93456705729167,0.9179479158841648,13.80171976461039,0.0,2.010477437601461,3.065368448893229
43,Burundi,40546,Cankuzo,2005,0.0,8.136060838575487,31.344361979166667,0.7397116147554837,14.832021738027596,0.0,2.0797299471768467,3.768409423828125
43,Burundi,40546,Cankuzo,2006,0.0,8.815283044592126,36.87010416666666,0.7450573260967548,16.630585113129058,0.0,2.237963986087155,3.989745279947917
43,Burundi,40546,Cankuzo,2007,0.0,9.55470810927354,42.43483723958333,1.019257692190317,16.72920999898539,0.0,2.2406980836546264,3.6030875651041674
43,Burundi,40546,Cankuzo,2008,0.0,9.540500393161526,48.08253580729167,0.5652342576246995,19.492485541801948,0.0,2.482011473024046,3.702501627604167
43,Burundi,40546,Cankuzo,2009,0.0,10.978743119673297,49.45797200520833,0.7779689201941857,20.184930182122564,0.0,2.498311823064631,4.656060791015625
43,Burundi,40546,Cankuzo,2010,0.0,11.681466238839286,53.85688151041666,0.8611887418306791,23.887727019074678,0.0,2.6947088860846184,5.40166259765625
43,Burundi,40546,Cankuzo,2011,0.0,13.009654651988637,79.03128255208334,1.0474939346313477,25.6808986911526,0.0,2.8124976220069,6.628039957682292
43,Burundi,40546,Cankuzo,2012,0.0,12.17754096489448,73.4248046875,1.2669648329416912,27.62300882711039,0.0,3.8531276157924106,8.969951985677083
43,Burundi,40546,Cankuzo,2013,0.0,14.958229758522728,58.67212890625,1.0172747098482573,36.46965046672078,0.0,2.5235536253297486,8.484806315104167
43,Burundi,40546,Cankuzo,2014,0.0,16.43181025517451,89.82563802083334,0.8085434986994817,27.060489803165584,0.0,3.1610166871702514,12.569443359375
43,Burundi,40546,Cankuzo,2015,0.0,15.968347326501624,72.39178385416666,0.9402681497427132,26.70531909496753,0.0,3.361734761820211,11.640758463541667
43,Burundi,40546,Cankuzo,2016,0.0,15.289630047686687,87.7193359375,0.818752802335299,33.07499873173701,0.0,5.05450439453125,12.415782063802084
43,Burundi,40546,Cankuzo,2017,0.0,21.01896845829951,82.77713541666667,0.5831816013042743,39.62389978185877,0.0,4.4424216530539775,13.869163411458333
43,Burundi,40546,Cankuzo,2018,0.0,21.382612748579547,99.67236979166668,0.5127428128169134,36.41876141436688,0.0,4.583223020875609,17.215774739583335
43,Burundi,40546,Cankuzo,2019,0.0,15.234533532873376,98.71188151041666,0.7603646058302659,35.66519759537338,0.0,6.093117453835228,17.738277994791666
43,Burundi,40546,Cankuzo,2020,0.0,12.975218141233766,83.80272786458333,0.8326873779296875,38.10068739853896,0.0,6.412367783583604,18.562628580729168
43,Burundi,40546,Cankuzo,2021,0.0,19.405106977982957,85.38385416666667,1.2496505150428183,36.53773716517857,0.0,5.528445553469967,20.31020833333333
43,Burundi,40547,Cibitoke,2001,0.0,7.975801561699539,59.01067815061475,0.208233892917633,36.48253393954918,0.0,5.178969086193647,7.872426017386014
43,Burundi,40547,Cibitoke,2002,0.0,7.012411794354839,56.09250928534836,0.1529412031173706,35.41734658518145,0.0,4.811942315870716,5.520108082255379
43,Burundi,40547,Cibitoke,2003,0.0,7.776101389238911,50.04602651127049,0.1069913432002067,35.414401146673384,0.0,5.101067327683972,5.231201171875
43,Burundi,40547,Cibitoke,2004,0.0,8.257341938634072,48.62091764856557,0.0979765430092811,41.75029139364919,0.0,5.072576707409274,6.754281466124488
43,Burundi,40547,Cibitoke,2005,0.0,8.675194524949596,28.82234567110656,0.2360965013504028,45.81611485635081,0.0,5.482838292275706,8.258122178374744
43,Burundi,40547,Cibitoke,2006,0.0,9.397911810105846,33.82927766393443,0.08996142745018,53.026871219758064,0.0,5.9847357965284775,9.00743628329918
43,Burundi,40547,Cibitoke,2007,0.0,10.423282746345766,38.97809938524591,0.0786858916282653,51.51347498739919,0.0,5.785072572769657,8.10394036965292
43,Burundi,40547,Cibitoke,2008,0.0,10.25283911920363,45.264976626536885,0.1091307878494262,64.56707173009073,0.0,6.423713930191532,8.64456627017162
43,Burundi,40547,Cibitoke,2009,0.0,11.99564681514617,47.39328253073771,0.0599419593811035,66.50143334173387,0.0,6.888413952242944,10.425194912269466
43,Burundi,40547,Cibitoke,2010,0.0,12.850681427986393,51.79228435578894,0.1607212781906128,79.32563634072581,0.0,7.012625417401714,12.24080370293289
43,Burundi,40547,Cibitoke,2011,0.0,13.794760427167338,74.87504802766394,0.0896450951695442,84.15054813508064,0.0,7.447958669354839,14.476519475217726
43,Burundi,40547,Cibitoke,2012,0.0,12.94502405966482,70.41574346823771,0.064182698726654,91.41236926663306,0.0,10.53236832157258,20.119600890112704
43,Burundi,40547,Cibitoke,2013,0.0,16.03455869613155,54.87200627561475,0.0846159681677818,119.82538432459675,0.0,6.432698895854335,19.16789270619877
43,Burundi,40547,Cibitoke,2014,0.0,17.437874086441532,85.65320024334017,0.0643880188465118,87.49646389868951,0.0,8.127323273689516,26.642470062756143
43,Burundi,40547,Cibitoke,2015,0.0,16.88344254032258,69.83659387807377,0.1056955158710479,86.01649130544355,0.0,8.629413235572077,26.64583400038422
43,Burundi,40547,Cibitoke,2016,0.0,16.416983327557965,83.96449955174181,0.1951806992292404,109.526611328125,0.0,12.625242171748992,27.292278352330943
43,Burundi,40547,Cibitoke,2017,0.0,22.58084008001512,79.20350922131148,0.1556291460990905,131.69251669606854,0.0,11.271053191154234,29.13393714779713
43,Burundi,40547,Cibitoke,2018,0.0,23.303356539818548,95.89773309426228,0.0827997376521428,117.31659526209675,0.0,11.637567335559476,36.28939869364754
43,Burundi,40547,Cibitoke,2019,0.0,16.279508529170865,93.3133885117828,0.0592593669891357,116.51319934475806,0.0,15.0841064453125,37.5855492763832
43,Burundi,40547,Cibitoke,2020,0.0,13.52334693170363,80.51018986936475,0.1854081749916076,118.99251039566532,0.0,15.4913576187626,39.998631211577866
43,Burundi,40547,Cibitoke,2021,0.0,20.464942193800404,80.11246477971312,0.1455080270767212,116.43257780997985,0.0,13.540763608870968,42.700727619108605
43,Burundi,40548,Gitega,2001,0.0,16.950125558035715,95.34225344967533,0.0,54.40663682021104,0.0,18.68315302861201,11.430132977374187
43,Burundi,40548,Gitega,2002,0.0,15.328426212459416,88.99001877029221,0.0,53.23396281452922,0.0,17.44750183898133,8.077930004565747
43,Burundi,40548,Gitega,2003,0.0,16.941403079342532,79.43933898133118,0.0,52.47232016030844,0.0,18.26240361201299,7.540777033025568
43,Burundi,40548,Gitega,2004,0.0,17.656494140625,77.06411069399351,0.0,60.44888900162338,0.0,17.967231255073052,9.706353521966316
43,Burundi,40548,Gitega,2005,0.0,18.658385437804384,44.027350091314936,0.0,67.76032366071429,0.0,18.561835747260552,12.057724989853895
43,Burundi,40548,Gitega,2006,0.0,20.23788491781656,53.78200461647727,0.0,78.07278561282467,0.0,20.14420784293831,12.563873687347808
43,Burundi,40548,Gitega,2007,0.0,22.362669313108768,61.63283786525974,0.0,75.65329494724025,0.0,20.06929471895292,11.318899972098214
43,Burundi,40548,Gitega,2008,0.0,22.09578556209416,71.01835176542208,0.0,94.6446200284091,0.0,22.266013405539773,11.844247793222404
43,Burundi,40548,Gitega,2009,0.0,25.775599888392858,74.7271776075487,0.0,98.01048219358766,0.0,22.328283532873375,14.422949852881494
43,Burundi,40548,Gitega,2010,0.0,27.844117796266232,80.59292562905844,0.0,116.72521814123375,0.0,23.95906522676542,17.068154867593343
43,Burundi,40548,Gitega,2011,0.0,30.977504185267858,119.75218141233766,0.0,124.2237215909091,0.0,25.13309310318588,20.71122920048701
43,Burundi,40548,Gitega,2012,0.0,28.83222148944805,111.706346387987,0.0,135.40850750811688,0.0,33.63682021103896,28.658209466314936
43,Burundi,40548,Gitega,2013,0.0,35.74627130681818,87.00791396103897,0.0,179.15097402597402,0.0,22.30436250760958,27.197024655032468
43,Burundi,40548,Gitega,2014,0.0,38.211872843952925,136.47344257305195,0.0,132.34615969967533,0.0,28.060236150568183,39.52042537540584
43,Burundi,40548,Gitega,2015,0.0,37.385849989853895,112.18285815746754,0.0,127.60856331168831,0.0,30.26190264813312,37.04572722199676
43,Burundi,40548,Gitega,2016,0.0,36.42766779119318,132.8711444805195,0.0,163.23973975243507,0.0,45.60837624289773,39.14279372970779
43,Burundi,40548,Gitega,2017,0.0,50.162489853896105,126.8325385551948,0.0,197.9786931818182,0.0,40.18266791801948,43.75652521306818
43,Burundi,40548,Gitega,2018,0.0,51.540280032467535,153.50519987824674,0.0,178.5156630478896,0.0,41.4004096489448,54.246905438311686
43,Burundi,40548,Gitega,2019,0.0,35.138462611607146,149.94363839285714,0.0,174.95547128652598,0.0,54.83256392045455,56.089913504464285
43,Burundi,40548,Gitega,2020,0.0,29.23325258725649,127.32741477272728,0.0,182.62531706574677,0.0,57.02154144683441,59.92729048295455
43,Burundi,40548,Gitega,2021,0.0,45.31324827516234,131.44020140016235,0.0,179.00724178165584,0.0,49.773329697646105,62.897530691964285
43,Burundi,40549,Karuzi,2001,0.0,12.091635185375548,58.62274705317982,0.0,41.771912691885966,0.0,10.695084421258224,6.582471345600329
43,Burundi,40549,Karuzi,2002,0.0,10.839840537623354,55.05048142817982,0.0,41.28526761239035,0.0,9.899604663514255,4.659475226151316
43,Burundi,40549,Karuzi,2003,0.0,11.84814024808114,48.40182120339912,0.0,40.62728292900219,0.0,10.364764297217654,4.236755638791804
43,Burundi,40549,Karuzi,2004,0.0,12.583406147203949,47.33117033305921,0.0,46.7106291118421,0.0,10.090492650082236,5.442396732798794
43,Burundi,40549,Karuzi,2005,0.0,13.37560820997807,27.6018494723136,0.0,53.318440755208336,0.0,10.458033511513158,6.7511757298519735
43,Burundi,40549,Karuzi,2006,0.0,14.63812898334704,32.67528440241228,0.0,61.71349026864035,0.0,11.52154969332511,7.123704341419956
43,Burundi,40549,Karuzi,2007,0.0,16.12990636992873,38.0500274122807,0.0,60.47134560032895,0.0,11.237086245888158,6.373586554276316
43,Burundi,40549,Karuzi,2008,0.0,15.819499768708882,44.06554961622807,0.0,73.59311609100877,0.0,12.602574398643092,6.683525219298246
43,Burundi,40549,Karuzi,2009,0.0,18.55640933388158,46.18009868421053,0.0,76.67715186403508,0.0,12.504070081208882,8.20425522118284
43,Burundi,40549,Karuzi,2010,0.0,20.015582168311404,49.20447419819079,0.0,91.53858278508773,0.0,13.3077392578125,9.802490234375
43,Burundi,40549,Karuzi,2011,0.0,21.8304229200932,72.83126027960526,0.0,97.04477624725877,0.0,14.341593424479166,11.723082425301534
43,Burundi,40549,Karuzi,2012,0.0,20.418212890625,67.54681503563596,0.0,105.90950520833331,0.0,18.94934938665022,16.306870845326205
43,Burundi,40549,Karuzi,2013,0.0,25.45955831962719,52.45516378837719,0.0,141.66467927631578,0.0,12.730731094092654,15.546098675644188
43,Burundi,40549,Karuzi,2014,0.0,28.025167900219294,82.51476836622807,0.0,102.0897580866228,0.0,16.05442622669956,22.51794647752193
43,Burundi,40549,Karuzi,2015,0.0,26.728485642817983,67.2542788856908,0.0,101.72116570723684,0.0,17.050834789610747,21.606263277823462
43,Burundi,40549,Karuzi,2016,0.0,25.739666855126096,81.17238898026316,0.0,127.40509354440788,0.0,25.405697471217103,22.82293594092653
43,Burundi,40549,Karuzi,2017,0.0,36.22446374725877,76.79959909539474,0.0,154.3061951754386,0.0,22.75787674753289,24.65406558388158
43,Burundi,40549,Karuzi,2018,0.0,37.76980537280702,91.8661681058114,0.0,138.42004180372808,0.0,23.70032809073465,30.71612227590461
43,Burundi,40549,Karuzi,2019,0.0,25.46290347450658,92.45576343201756,0.0,138.34573739035088,0.0,31.93640779194079,32.00267055578399
43,Burundi,40549,Karuzi,2020,0.0,20.70738675301535,76.47592002467105,0.0,143.48966899671052,0.0,32.037066543311404,34.17180646929825
43,Burundi,40549,Karuzi,2021,0.0,32.43147143983004,79.85805578399123,0.0,140.85438939144737,0.0,28.50404331140351,35.01732113486842
43,Burundi,40550,Kayanza,2001,0.0,13.383750583814535,38.25578507133152,0.51983642578125,68.51357103430706,0.0,16.54726509425951,18.42704706606657
43,Burundi,40550,Kayanza,2002,0.0,12.098738960597826,36.51961351477581,0.4271855354309082,67.96436077615489,0.0,15.274147365404213,12.62694781759511
43,Burundi,40550,Kayanza,2003,0.0,13.232404625934103,31.140725840692934,0.370884358882904,67.61164656929348,0.0,16.276912523352582,12.209452753481658
43,Burundi,40550,Kayanza,2004,0.0,14.33450582753057,30.343949027683426,0.3653388917446136,77.88845957880434,0.0,15.857550579568612,15.625136665675951
43,Burundi,40550,Kayanza,2005,0.0,14.715976880944291,18.502011506453805,0.4148969054222107,87.4036281419837,0.0,16.781918733016305,19.10172172214674
43,Burundi,40550,Kayanza,2006,0.0,16.432587996773098,20.89290054984715,0.3154070973396301,103.07559867527172,0.0,18.05057956861413,20.4368896484375
43,Burundi,40550,Kayanza,2007,0.0,18.006557298743207,24.89272407863451,0.2804469764232635,98.73960810122284,0.0,18.10416445524796,18.265448528787363
43,Burundi,40550,Kayanza,2008,0.0,17.64275061565897,28.363923445991848,0.3763222396373749,120.53927479619566,0.0,20.16644287109375,19.102079971976902
43,Burundi,40550,Kayanza,2009,0.0,21.033962083899457,30.23054039996603,0.3650143146514892,122.76921280570652,0.0,20.123184867527176,23.76179305366848
43,Burundi,40550,Kayanza,2010,0.0,22.34222942849864,32.48872972571331,0.5821903944015503,150.06490956182066,0.0,21.606201171875,27.908656908118207
43,Burundi,40550,Kayanza,2011,0.0,23.92029339334239,48.48997961956522,1.0360201597213743,161.21871815557066,0.0,22.72934623386549,32.93327530570652
43,Burundi,40550,Kayanza,2012,0.0,22.6717821204144,44.00160018257473,0.264574646949768,173.4837699558424,0.0,29.498110563858692,44.23304284137228
43,Burundi,40550,Kayanza,2013,0.0,28.172636612601902,35.30354906165081,0.6672322154045105,225.6646569293478,0.0,20.00563115658968,43.4815328846807
43,Burundi,40550,Kayanza,2014,0.0,30.43269679857337,53.20155931555706,0.3408554792404175,166.03945524796197,0.0,24.924971870754074,62.02657948369565
43,Burundi,40550,Kayanza,2015,0.0,29.35809856912364,43.08609937584919,0.4224010109901428,161.76041312839675,0.0,26.90381920855978,58.93565302309783
43,Burundi,40550,Kayanza,2016,0.0,28.349277662194293,55.72581946331522,0.4491817951202392,207.12748386548915,0.0,40.44451904296875,62.02818231997283
43,Burundi,40550,Kayanza,2017,0.0,39.153200895889945,50.69662873641305,0.4407080709934234,242.1598590353261,0.0,35.34462572180706,70.09521484375
43,Burundi,40550,Kayanza,2018,0.0,40.59039306640625,57.80930494225544,0.302459180355072,217.22395125679347,0.0,36.46801492442256,85.17924698539402
43,Burundi,40550,Kayanza,2019,0.0,27.52020263671875,58.5214259935462,0.4523391723632812,219.53536854619568,0.0,47.348091457201086,86.6905517578125
43,Burundi,40550,Kayanza,2020,0.0,23.05629829738451,49.84836744225544,0.3158564567565918,230.05940047554347,0.0,49.70557171365489,91.07589588994566
43,Burundi,40550,Kayanza,2021,0.0,36.22646696671195,50.49928880774456,0.4034644961357116,221.08712635869568,0.0,43.78408415421195,97.47728430706522
43,Burundi,40551,Kirundo,2001,0.0,10.085888012035474,75.84768264358108,0.1065926313400268,51.13150601773648,0.0,3.772906741580448,5.264269854571368
43,Burundi,40551,Kirundo,2002,0.0,9.118677087732264,72.58719119510135,0.0907823920249939,50.78217707453548,0.0,3.5903006888724662,3.7526669888883024
43,Burundi,40551,Kirundo,2003,0.0,10.28879773938978,64.93446473817568,0.1002703666687011,50.73491606841216,0.0,3.84212926916174,3.532108616184544
43,Burundi,40551,Kirundo,2004,0.0,10.96910878774282,63.24557907516892,0.1166675741022283,58.940772804054056,0.0,3.845013592694257,4.77149468499261
43,Burundi,40551,Kirundo,2005,0.0,11.330605171822214,40.026551942567565,0.1203995184464888,64.34693042652027,0.0,4.044664125184755,5.725289834512247
43,Burundi,40551,Kirundo,2006,0.0,12.290586729307432,45.296096389358105,0.0721160054206848,75.81171479096284,0.0,4.396980079444679,6.289768528293919
43,Burundi,40551,Kirundo,2007,0.0,13.61453659470017,51.625699429898646,0.1062660217285156,74.21872360641892,0.0,4.439519108952703,5.92356336438978
43,Burundi,40551,Kirundo,2008,0.0,13.3099645666174,59.074416701858105,0.1302624583244323,92.38005437077705,0.0,4.874882466084248,6.349914963180955
43,Burundi,40551,Kirundo,2009,0.0,15.532312341638514,64.58155616554055,0.1270127534866333,95.7777396537162,0.0,4.890581285631335,7.52136890308277
43,Burundi,40551,Kirundo,2010,0.0,16.9028600744299,68.63321500211148,0.2138431072235107,113.84050358952705,0.0,5.361401532147382,8.642601219383446
43,Burundi,40551,Kirundo,2011,0.0,17.708817765519427,101.39421452702705,0.1057389616966247,122.11951013513512,0.0,5.563041480811867,10.099015519425675
43,Burundi,40551,Kirundo,2012,0.0,16.529639991554053,93.99595518369932,0.1188933610916137,132.54921083192568,0.0,7.0904557511613175,13.952516298036318
43,Burundi,40551,Kirundo,2013,0.0,20.24038283889358,75.88427734375,0.1010013699531555,170.87371991131758,0.0,4.820389206345017,13.339459393475506
43,Burundi,40551,Kirundo,2014,0.0,21.937028214738177,114.99658203125,0.2228408098220825,126.32052364864865,0.0,5.751468142947635,18.67762880067568
43,Burundi,40551,Kirundo,2015,0.0,21.6166431323902,93.67117557010135,0.2256882667541503,123.3532912795608,0.0,6.406924685916385,19.03046973975929
43,Burundi,40551,Kirundo,2016,0.0,20.6469165698902,112.56568042652027,0.1012064110149036,155.19754275760135,0.0,9.316225618929476,19.63555743243243
43,Burundi,40551,Kirundo,2017,0.0,27.862700591216218,106.17299672719597,0.1546316266059875,187.7758393158784,0.0,8.373947555954391,22.63525390625
43,Burundi,40551,Kirundo,2018,0.0,29.18164722339527,125.29932960304056,0.1787926067005504,168.9916596283784,0.0,8.800080170502534,24.527035275021117
43,Burundi,40551,Kirundo,2019,0.0,20.623436180320947,123.99390308277027,0.1523666262626647,166.6032252956081,0.0,10.954035578547296,26.50907444309544
43,Burundi,40551,Kirundo,2020,0.0,17.55584881756757,105.51794763513512,0.1081547520377419,173.17836782094594,0.0,11.367552061338682,27.08665507548564
43,Burundi,40551,Kirundo,2021,0.0,26.18863162478885,107.3134963576858,0.1932369578968394,168.31461148648648,0.0,9.857621476456924,27.90647434543919
43,Burundi,40552,Makamba,2001,0.0,7.426755632672991,112.03412155877976,0.2411925196647644,16.404035295758927,0.0,3.681235540480841,0.9460043225969588
43,Burundi,40552,Makamba,2002,0.0,6.756356375558036,106.9926990327381,0.1792828738689422,16.403573172433035,0.0,3.451485043480283,0.6871759323846727
43,Burundi,40552,Makamba,2003,0.0,7.549488612583706,94.47083100818452,0.1940204203128814,16.2076416015625,0.0,3.5772458031063987,0.6591016678583055
43,Burundi,40552,Makamba,2004,0.0,7.652074904668899,91.00690569196428,0.2411390990018844,18.49853515625,0.0,3.53878420875186,0.7959654671805245
43,Burundi,40552,Makamba,2005,0.0,8.12647719610305,54.25432477678572,0.2233916968107223,20.82132539295015,0.0,3.6525355747767856,1.0112600780668712
43,Burundi,40552,Makamba,2006,0.0,8.768519083658854,64.64539155505952,0.2399866133928299,23.91242181687128,0.0,3.92751711890811,1.073570796421596
43,Burundi,40552,Makamba,2007,0.0,9.750999813988097,74.10099283854167,0.1909223943948745,23.00542340959821,0.0,3.991492861793154,0.9397448585146948
43,Burundi,40552,Makamba,2008,0.0,9.55038597470238,84.99823869977679,0.1920199990272522,28.761544363839285,0.0,4.367574055989583,0.974923815046038
43,Burundi,40552,Makamba,2009,0.0,11.054491315569196,88.73528180803571,0.1753910481929779,29.380760556175595,0.0,4.341004144577753,1.17027709597633
43,Burundi,40552,Makamba,2010,0.0,11.742603120349704,96.27357700892856,0.2270779758691787,35.5615234375,0.0,4.700667608351934,1.417125520252046
43,Burundi,40552,Makamba,2011,0.0,12.933308919270834,140.2549060639881,0.2201732056481497,37.69740222749256,0.0,5.002639407203311,1.7037377130417597
43,Burundi,40552,Makamba,2012,0.0,12.34742664155506,130.72909691220238,0.3666212260723114,40.999337332589285,0.0,6.639055524553571,2.2155834379650297
43,Burundi,40552,Makamba,2013,0.0,15.152879987444196,102.53490048363096,0.1533168852329254,54.73583984375,0.0,4.480179196312314,2.1537228538876487
43,Burundi,40552,Makamba,2014,0.0,16.311068580264138,159.43824404761904,0.117771634033748,39.818702334449405,0.0,5.620594206310454,3.081516447521391
43,Burundi,40552,Makamba,2015,0.0,15.583221435546877,130.21019345238096,0.1674630790948867,38.69090343656994,0.0,5.971718924386161,2.9075889587402344
43,Burundi,40552,Makamba,2016,0.0,15.611027308872767,156.10245768229166,0.1601044734319051,49.06106422061012,0.0,8.964805966331845,3.0845242454892112
43,Burundi,40552,Makamba,2017,0.0,20.871410551525297,146.95377604166666,0.1368738753455025,58.59379069010416,0.0,7.858073643275669,3.403623308454241
43,Burundi,40552,Makamba,2018,0.0,21.897042410714285,175.86288597470238,0.1202163100242614,53.453363327752974,0.0,8.16312735421317,4.098183768136161
43,Burundi,40552,Makamba,2019,0.0,15.012018112909226,175.10139973958334,0.1445122786930629,52.18136160714285,0.0,10.582029070172991,4.384310767764137
43,Burundi,40552,Makamba,2020,0.0,12.7231198265439,149.05547805059524,0.2072092805589948,55.03854515438988,0.0,11.226149059477306,4.597807384672619
43,Burundi,40552,Makamba,2021,0.0,19.033319382440474,151.56094215029762,0.1848857402801513,53.31985909598215,0.0,9.661679222470235,4.709990365164621
43,Burundi,40553,Muramvya,2001,0.0,31.10937282017299,63.11214773995536,0.0,58.038216727120535,0.0,15.113146100725446,16.876422337123326
43,Burundi,40553,Muramvya,2002,0.0,27.2124502999442,60.25199672154018,0.0,57.33496965680804,0.0,14.054090227399554,11.523932320731026
43,Burundi,40553,Muramvya,2003,0.0,30.295070103236608,55.4126238141741,0.0,59.561471121651785,0.0,14.864270891462054,10.759361267089844
43,Burundi,40553,Muramvya,2004,0.0,31.81543186732701,52.55772181919643,0.0,66.98686000279018,0.0,14.547409057617188,13.463714599609377
43,Burundi,40553,Muramvya,2005,0.0,33.77323259626116,30.181128365652903,0.0,78.3616943359375,0.0,14.907357352120536,16.822542463030135
43,Burundi,40553,Muramvya,2006,0.0,36.983877999441965,35.47942461286272,0.0,85.77548653738839,0.0,16.04026358468192,17.1771730695452
43,Burundi,40553,Muramvya,2007,0.0,40.75876726422991,41.472054617745535,0.0,82.2010498046875,0.0,16.343582153320312,15.858624049595424
43,Burundi,40553,Muramvya,2008,0.0,39.492588588169646,47.00604248046875,0.0,102.3786097935268,0.0,18.263900756835938,17.10008348737444
43,Burundi,40553,Muramvya,2009,0.0,45.948656354631694,48.20772879464285,0.0,102.49855259486608,0.0,18.272759573800226,20.98602076939174
43,Burundi,40553,Muramvya,2010,0.0,49.98372105189732,52.98943219866072,0.0,126.51081194196428,0.0,19.518258231026785,23.879076276506694
43,Burundi,40553,Muramvya,2011,0.0,55.47971888950893,82.08735002790179,0.0,131.86619349888392,0.0,20.512152535574774,31.125170026506694
43,Burundi,40553,Muramvya,2012,0.0,51.488599504743306,73.73868233816964,0.0,141.39640590122767,0.0,27.464449201311385,40.48287963867188
43,Burundi,40553,Muramvya,2013,0.0,63.87932477678572,58.080413818359375,0.0,203.61518205915175,0.0,18.436822073800226,38.246861049107146
43,Burundi,40553,Muramvya,2014,0.0,72.19867815290179,92.46959577287946,0.0,141.5091552734375,0.0,23.112627301897323,56.54366629464285
43,Burundi,40553,Muramvya,2015,0.0,67.77096993582589,76.95310756138393,0.0,134.46125139508928,0.0,24.193060738699774,53.73563929966518
43,Burundi,40553,Muramvya,2016,0.0,66.08910260881696,92.30158342633928,0.0,177.13675362723214,0.0,37.81641496930804,58.3027605329241
43,Burundi,40553,Muramvya,2017,0.0,92.98257882254464,87.99623325892857,0.0,206.46920340401783,0.0,32.32689775739397,64.72764369419643
43,Burundi,40553,Muramvya,2018,0.0,93.90069580078124,102.4117431640625,0.0,183.91148158482144,0.0,34.77949741908482,81.14388602120536
43,Burundi,40553,Muramvya,2019,0.0,65.41888427734375,101.8897007533482,0.0,185.96418108258928,0.0,43.85664585658482,84.15232631138393
43,Burundi,40553,Muramvya,2020,0.0,51.6609845842634,79.68759591238839,0.0,193.58806501116072,0.0,46.4189714704241,88.40975516183036
43,Burundi,40553,Muramvya,2021,0.0,83.99489920479911,86.21742466517857,0.0,188.64742606026783,0.0,41.313672746930806,85.84383719308036
43,Burundi,40554,Muyinga,2001,0.0,10.16440357881434,108.51314715485074,0.7914907932281494,66.29411046645221,0.0,5.067839678596048,2.594659606022621
43,Burundi,40554,Muyinga,2002,0.0,9.254854090073527,103.2426174790112,0.3102027773857116,66.1715446920956,0.0,4.706468021168428,1.8384152312776936
43,Burundi,40554,Muyinga,2003,0.0,10.01272044462316,91.6220848880597,0.4680439233779907,65.20066923253677,0.0,4.855018166934743,1.657164160885028
43,Burundi,40554,Muyinga,2004,0.0,10.523308249080882,87.60809963852611,0.3268199563026428,74.63455020680146,0.0,4.797173892750459,2.143972596125816
43,Burundi,40554,Muyinga,2005,0.0,11.166326186236214,51.79596038362873,0.5501627922058105,83.19989372702206,0.0,4.937381519990809,2.663793535374884
43,Burundi,40554,Muyinga,2006,0.0,12.136138916015623,61.99255917677239,0.5934422612190247,95.36029411764706,0.0,5.462262321920956,2.8142729801918143
43,Burundi,40554,Muyinga,2007,0.0,13.113561293658089,70.97898204291045,0.5583223104476929,93.45872587316175,0.0,5.3646240234375,2.481441668610074
43,Burundi,40554,Muyinga,2008,0.0,13.104593613568474,81.78649720149254,0.3449320793151855,114.75099092371325,0.0,6.005025527056525,2.6274484662867303
43,Burundi,40554,Muyinga,2009,0.0,15.102226706112132,86.31949626865672,0.533869743347168,118.49401137408088,0.0,5.9142913818359375,3.260921193592584
43,Burundi,40554,Muyinga,2010,0.0,16.198644301470587,93.72430328824628,0.5086739659309387,141.04018267463235,0.0,6.380995806525736,3.787625440910681
43,Burundi,40554,Muyinga,2011,0.0,17.75112017463235,138.6191114738806,0.4571618437767029,151.01110121783088,0.0,6.829919702866498,4.616078846490205
43,Burundi,40554,Muyinga,2012,0.0,16.57008092543658,126.65565240205224,0.4769854545593261,163.703857421875,0.0,9.006171731387868,6.359026097539646
43,Burundi,40554,Muyinga,2013,0.0,20.39245425953585,100.90286847014926,0.3842549324035644,213.7422162224265,0.0,6.127386654124541,6.013110260465252
43,Burundi,40554,Muyinga,2014,0.0,22.07732256721048,155.9275740438433,0.5352264642715454,157.30238970588235,0.0,7.642375272863052,8.623702775186567
43,Burundi,40554,Muyinga,2015,0.0,21.684911391314337,127.50343983208955,0.4374965131282806,156.05847886029412,0.0,8.170454137465534,8.353006391382928
43,Burundi,40554,Muyinga,2016,0.0,20.886418959673712,155.05830223880596,0.2912120521068573,196.07114545036765,0.0,12.149791941923256,8.673165848006063
43,Burundi,40554,Muyinga,2017,0.0,28.58505967084099,144.2742245802239,0.2788108885288238,235.52964154411765,0.0,10.760148889878216,9.763066078299907
43,Burundi,40554,Muyinga,2018,0.0,29.53012803021599,181.24167735541045,0.2806486487388611,214.42247817095588,0.0,11.064908195944394,11.992063607742535
43,Burundi,40554,Muyinga,2019,0.0,20.982350068933822,169.2420563199627,0.3761718869209289,210.58501838235293,0.0,14.790623384363512,12.439148860191231
43,Burundi,40554,Muyinga,2020,0.0,17.389275045955884,146.5838240438433,0.3560271561145782,220.79678883272055,0.0,14.993920718922334,13.2614600338153
43,Burundi,40554,Muyinga,2021,0.0,26.15906479779412,148.57462686567163,0.4175439476966858,215.2621352251838,0.0,13.434031767003676,13.74253366954291
43,Burundi,40555,Mwaro,2001,0.0,47.25956726074219,66.74830627441406,0.0,52.7210807800293,0.0,23.337928771972656,12.008955001831056
43,Burundi,40555,Mwaro,2002,0.0,41.86854553222656,64.0880126953125,0.0,52.158241271972656,0.0,21.93003463745117,8.541791915893555
43,Burundi,40555,Mwaro,2003,0.0,46.65232467651367,56.00254821777344,0.0,51.60816955566406,0.0,23.168109893798828,7.872847557067871
43,Burundi,40555,Mwaro,2004,0.0,48.78094482421875,55.54539108276367,0.0,60.77566909790039,0.0,22.551136016845703,9.973539352416992
43,Burundi,40555,Mwaro,2005,0.0,50.5186767578125,32.37424850463867,0.0,66.7334976196289,0.0,22.898609161376957,12.488706588745115
43,Burundi,40555,Mwaro,2006,0.0,55.95962905883789,38.398197174072266,0.0,76.02732849121094,0.0,26.02092742919922,13.148712158203123
43,Burundi,40555,Mwaro,2007,0.0,60.66522979736328,43.27212524414063,0.0,74.49833679199219,0.0,25.299583435058597,11.669049263000488
43,Burundi,40555,Mwaro,2008,0.0,61.38359832763672,50.31904983520508,0.0,92.90135955810548,0.0,28.041889190673828,12.608600616455078
43,Burundi,40555,Mwaro,2009,0.0,71.74005889892578,52.95004653930664,0.0,93.94284057617188,0.0,27.606613159179688,15.069284439086914
43,Burundi,40555,Mwaro,2010,0.0,76.79121398925781,57.730255126953125,0.0,115.14132690429688,0.0,30.07413673400879,18.235973358154297
43,Burundi,40555,Mwaro,2011,0.0,82.72611999511719,84.28614807128906,0.0,121.5818099975586,0.0,31.442384719848636,22.511571884155277
43,Burundi,40555,Mwaro,2012,0.0,78.69573974609375,78.11196899414062,0.0,132.8907470703125,0.0,41.39983367919922,30.145034790039062
43,Burundi,40555,Mwaro,2013,0.0,101.7215576171875,61.06192779541016,0.0,176.3437957763672,0.0,28.53650665283203,28.726783752441406
43,Burundi,40555,Mwaro,2014,0.0,105.90706634521484,94.6964874267578,0.0,129.5518341064453,0.0,35.122032165527344,41.84984970092773
43,Burundi,40555,Mwaro,2015,0.0,103.73578643798828,76.43687438964844,0.0,125.65277099609376,0.0,37.76639175415039,39.29045104980469
43,Burundi,40555,Mwaro,2016,0.0,102.43170928955078,95.00910949707033,0.0,159.2698516845703,0.0,58.6422119140625,42.00886535644531
43,Burundi,40555,Mwaro,2017,0.0,143.12648010253906,88.33438110351562,0.0,192.95323181152344,0.0,49.86714553833008,45.746490478515625
43,Burundi,40555,Mwaro,2018,0.0,144.09445190429688,107.17423248291016,0.0,174.20364379882812,0.0,52.57536697387695,57.76128387451172
43,Burundi,40555,Mwaro,2019,0.0,97.86389923095705,102.6874542236328,0.0,173.49716186523438,0.0,69.42478942871094,58.34222412109375
43,Burundi,40555,Mwaro,2020,0.0,79.55418395996094,90.41926574707033,0.0,179.53012084960938,0.0,69.48311614990234,63.51179504394531
43,Burundi,40555,Mwaro,2021,0.0,124.53551483154295,92.6319351196289,0.0,175.60507202148438,0.0,62.49288177490234,63.48185729980469
43,Burundi,40556,Ngozi,2001,0.0,15.799469529536731,54.4192108689693,0.4854994773864746,63.29269891036184,0.0,21.04845548930921,11.965356659470944
43,Burundi,40556,Ngozi,2002,0.0,14.13477847450658,51.28933662280702,0.5292208671569825,63.009375856633774,0.0,19.8053192674068,8.631420470120615
43,Burundi,40556,Ngozi,2003,0.0,15.704807214569628,45.72313596491228,0.669663667678833,61.48404947916666,0.0,20.627501370614038,7.929302550198739
43,Burundi,40556,Ngozi,2004,0.0,16.737635562294408,44.09329170093202,0.4522012710571289,71.9865508497807,0.0,20.461935478344294,10.38177061917489
43,Burundi,40556,Ngozi,2005,0.0,17.63679477624726,26.14915278919956,0.652951717376709,79.52850877192982,0.0,21.1061005174068,12.780538993969298
43,Burundi,40556,Ngozi,2006,0.0,19.012521844161185,31.19335080866228,0.5165276050567627,92.764374314693,0.0,23.41747404399671,13.789682488692437
43,Burundi,40556,Ngozi,2007,0.0,21.135176809210527,35.97227933114035,1.0638696670532226,92.52885999177632,0.0,23.10904519599781,12.320907860471491
43,Burundi,40556,Ngozi,2008,0.0,20.652639288651315,41.45309501781798,0.5018777847290039,114.66714638157896,0.0,25.37205317982456,13.041533888432015
43,Burundi,40556,Ngozi,2009,0.0,23.92912854646381,43.7588318941886,0.5287106513977051,118.44707716557018,0.0,25.38150827508224,16.17640873423794
43,Burundi,40556,Ngozi,2010,0.0,26.174354954769736,47.554533305921055,0.5373443762461344,139.3058439555921,0.0,27.494791666666668,19.16173673930921
43,Burundi,40556,Ngozi,2011,0.0,27.78770045230263,69.70835046600877,0.7784955501556396,150.25433456688597,0.0,29.31967859100877,22.33384731359649
43,Burundi,40556,Ngozi,2012,0.0,25.749807257401315,64.77810615405701,0.633455467224121,160.29250616776315,0.0,38.0820954975329,31.55335543448465
43,Burundi,40556,Ngozi,2013,0.0,32.01522238212719,51.20622601425438,1.0156488418579102,211.37537691885964,0.0,25.69764254385965,29.913409316748904
43,Burundi,40556,Ngozi,2014,0.0,34.66168962445175,78.8374451754386,0.4225680033365885,153.31481291118422,0.0,32.04391533031798,42.542184930098685
43,Burundi,40556,Ngozi,2015,0.0,34.09239223547149,64.74861225328948,0.575029174486796,152.388397752193,0.0,34.81712368078399,41.3463927151864
43,Burundi,40556,Ngozi,2016,0.0,32.95960971765351,77.60106565241227,0.7619004726409913,191.7195038377193,0.0,51.01035670230263,44.02336040296053
43,Burundi,40556,Ngozi,2017,0.0,44.94821648848684,73.9040313185307,0.6326320171356201,232.0360471491228,0.0,45.11324270148026,48.44632332785088
43,Burundi,40556,Ngozi,2018,0.0,46.71145576343202,87.8771758497807,0.6012923717498779,209.04459635416663,0.0,47.54715768914474,58.50548245614035
43,Burundi,40556,Ngozi,2019,0.0,32.47938510827851,86.63270970394737,0.7429451942443848,206.7038445723684,0.0,62.06900613349781,60.4025664747807
43,Burundi,40556,Ngozi,2020,0.0,27.42307000411184,73.13620476973684,0.5683238983154297,212.5461554276316,0.0,63.5,62.5685820997807
43,Burundi,40556,Ngozi,2021,0.0,40.64362321820175,74.76416872258773,0.518985907236735,205.93116091008773,0.0,55.5989412006579,66.61759011787281
43,Burundi,40557,Rutana,2001,0.0,8.51152644745291,70.10687339469177,0.0328326940536499,23.96848579302226,0.0,3.9095559316138697,2.460108717826948
43,Burundi,40557,Rutana,2002,0.0,7.644166711258562,66.2265758775685,0.0261806786060333,23.994951640089894,0.0,3.620477545751284,1.7041637472910425
43,Burundi,40557,Rutana,2003,0.0,8.35903972468964,58.37379601883562,0.0376541495323181,23.422433513484588,0.0,3.8014492923266263,1.5821202944402826
43,Burundi,40557,Rutana,2004,0.0,8.784754922945206,56.60317449700342,0.0403564631938934,27.0817001551798,0.0,3.7295954456068063,2.0421251270869005
43,Burundi,40557,Rutana,2005,0.0,9.220037590967468,33.15535370291096,0.0392929971218109,30.524915721318493,0.0,3.861282139608305,2.557776046125856
43,Burundi,40557,Rutana,2006,0.0,10.131262374250856,39.97545885059932,0.0401290774345397,35.29933647260274,0.0,4.180588813677226,2.654349549175942
43,Burundi,40557,Rutana,2007,0.0,11.167413580907532,45.72673640839041,0.0258150935173034,34.3814479880137,0.0,4.156646728515625,2.385850880244007
43,Burundi,40557,Rutana,2008,0.0,11.028988354826629,52.734177680864725,0.0272130370140075,42.710532828553085,0.0,4.646162477258134,2.492460067958048
43,Burundi,40557,Rutana,2009,0.0,12.961034487371576,54.86885969606164,0.0525374352931976,43.86311068600171,0.0,4.613661674604024,3.033015002943065
43,Burundi,40557,Rutana,2010,0.0,13.924425098994009,59.3352619327911,0.0241441488265991,52.62610699379281,0.0,5.038074650176584,3.590308202456121
43,Burundi,40557,Rutana,2011,0.0,15.194048319777398,87.83724850171232,0.0260777950286865,56.10352900256849,0.0,5.202324018086473,4.353444974716395
43,Burundi,40557,Rutana,2012,0.0,14.24580947666952,81.2021484375,0.0559735774993896,61.17210241866438,0.0,7.028688195633562,6.016832325556507
43,Burundi,40557,Rutana,2013,0.0,17.67845843589469,63.47886344178082,0.0246746063232421,80.75997966609589,0.0,4.688152156464041,5.70127931359696
43,Burundi,40557,Rutana,2014,0.0,19.23379809235873,98.94455666738014,0.0185936287045478,59.19224903681507,0.0,5.90848279979131,8.27682620531892
43,Burundi,40557,Rutana,2015,0.0,18.59319483090753,80.38642444349315,0.0260617524385452,57.40937366224315,0.0,6.331405848672945,7.830507043289812
43,Burundi,40557,Rutana,2016,0.0,17.92326626712329,98.50363869863014,0.0210469752550125,73.61364244434931,0.0,9.495638076573202,8.139974515732021
43,Burundi,40557,Rutana,2017,0.0,25.000573563249144,91.84203767123287,0.0234543949365615,89.3213024400685,0.0,8.386258896083048,9.017179306239298
43,Burundi,40557,Rutana,2018,0.0,25.563528400577912,110.11568921232876,0.0256446063518524,79.51178563784246,0.0,8.576742093857021,11.279310252568491
43,Burundi,40557,Rutana,2019,0.0,17.637800660851884,109.2908417166096,0.0212377429008483,78.98402718321918,0.0,11.468602010648544,12.028772641534674
43,Burundi,40557,Rutana,2020,0.0,14.546781357020548,92.43213559503424,0.02362861931324,82.52252782534246,0.0,11.806729251391268,12.762324084974315
43,Burundi,40557,Rutana,2021,0.0,22.49159387039812,95.131809182363,0.038564121723175,79.65346077696918,0.0,10.282898785316782,13.0267442677119
43,Burundi,40558,Ruyigi,2001,0.0,3.716380818684896,64.22725694444445,0.1096898814042409,23.932628038194444,0.0,3.0009396023220485,1.8199556138780384
43,Burundi,40558,Ruyigi,2002,0.0,3.359932115342882,60.49446072048611,0.1324045062065124,24.01853569878472,0.0,2.7866748385959204,1.2844476487901475
43,Burundi,40558,Ruyigi,2003,0.0,3.663857014973958,53.74230685763889,0.1639747619628906,23.33654242621528,0.0,2.8946299235026043,1.2198988172743055
43,Burundi,40558,Ruyigi,2004,0.0,3.837237548828125,51.78235677083333,0.1179324885209401,27.23068576388889,0.0,2.8586446126302083,1.5537141587999133
43,Burundi,40558,Ruyigi,2005,0.0,4.117076958550348,30.175390625,0.1056423187255859,29.98419867621528,0.0,3.0322808159722223,1.9230916341145836
43,Burundi,40558,Ruyigi,2006,0.0,4.423012288411458,36.345068359375,0.1013369758923848,34.74574924045139,0.0,3.24006822374132,1.98367190890842
43,Burundi,40558,Ruyigi,2007,0.0,4.84863755967882,41.71526421440972,0.0859673420588175,33.6864990234375,0.0,3.223196750217014,1.7936082628038197
43,Burundi,40558,Ruyigi,2008,0.0,4.80010002983941,48.33230251736112,0.0856356819470723,41.82280002170139,0.0,3.583165825737847,1.9101504855685765
43,Burundi,40558,Ruyigi,2009,0.0,5.610060628255209,50.71097005208333,0.1041730642318725,43.093541124131946,0.0,3.680533515082465,2.3009585910373263
43,Burundi,40558,Ruyigi,2010,0.0,5.999601236979166,54.82473958333333,0.1045922736326853,51.75149739583333,0.0,3.817144775390625,2.7435151841905383
43,Burundi,40558,Ruyigi,2011,0.0,6.81513671875,80.26082899305555,0.1092337270577748,55.37641059027778,0.0,4.049233669704861,3.3127685546875
43,Burundi,40558,Ruyigi,2012,0.0,6.162667507595486,73.85081380208334,0.0757046341896057,59.98823784722222,0.0,5.493996853298611,4.714100816514757
43,Burundi,40558,Ruyigi,2013,0.0,7.657674831814236,58.555560980902776,0.1159300804138183,79.43838975694445,0.0,3.59058837890625,4.277506171332465
43,Burundi,40558,Ruyigi,2014,0.0,8.482564290364584,89.854736328125,0.0997663140296936,58.25696614583333,0.0,4.485894097222222,6.189200846354167
43,Burundi,40558,Ruyigi,2015,0.0,8.076277669270834,73.09237196180555,0.0854196647802988,56.73653428819444,0.0,4.895147705078125,5.816380479600695
43,Burundi,40558,Ruyigi,2016,0.0,7.761416286892361,89.25477430555556,0.1197551488876342,72.72438693576389,0.0,7.375600857204861,6.241845703125
43,Burundi,40558,Ruyigi,2017,0.0,10.806883409288194,84.85287543402778,0.1395960052808126,87.37816840277777,0.0,6.612468126085069,6.852525499131945
43,Burundi,40558,Ruyigi,2018,0.0,11.060892062717016,101.21763237847222,0.1430362264315287,77.90236002604166,0.0,6.652365451388889,8.54080539279514
43,Burundi,40558,Ruyigi,2019,0.0,7.727338324652778,99.77384982638888,0.1081032653649648,76.99797092013888,0.0,8.858340793185764,8.86104261610243
43,Burundi,40558,Ruyigi,2020,0.0,6.3626593695746525,84.572119140625,0.0953207015991211,80.7322265625,0.0,9.48468695746528,9.696880425347222
43,Burundi,40558,Ruyigi,2021,0.0,9.806388346354169,86.91236979166666,0.2112920482953389,78.20050455729167,0.0,8.038766140407986,10.03949245876736
106,Guinea,40700,Boke,2001,0.0,17.51521937451019,127.73784910520608,0.0,6.1752585288499215,0.0077545565822351,5.290274019151646,0.6207857938754068
106,Guinea,40700,Boke,2002,0.0,18.48685467280564,137.32149647400442,0.0,6.588180685491771,0.0077406709844415,5.631072137049373,0.6637707600551369
106,Guinea,40700,Boke,2003,0.0,19.465840211108933,149.29064611486487,0.0,7.015611989371082,0.0077732842544029,5.998918204471983,0.6892019735800253
106,Guinea,40700,Boke,2004,0.0,20.530340073529413,159.78406968390806,0.0,7.4480514705882355,0.0082676397544206,6.419268918504902,0.7373601102280891
106,Guinea,40700,Boke,2005,0.0,21.6925170610762,171.60897529069769,0.0,8.001454487431264,0.0082599418142697,6.847273449774155,0.783676644258721
106,Guinea,40700,Boke,2006,0.0,22.868961397058825,155.53418590764332,0.0,8.530503216911764,0.0084061993451354,7.294214154411764,0.7511912222374271
106,Guinea,40700,Boke,2007,0.0,24.09875306372549,156.49309867710582,0.0,9.15389093137255,0.0087652071041263,7.787837009803922,0.8012780999004455
106,Guinea,40700,Boke,2008,0.0,25.430401908359496,158.16483516483515,0.0,9.765781372645211,0.0088817164922266,8.31217805631868,0.8557492434323489
106,Guinea,40700,Boke,2009,0.0,26.84967079402516,160.32322893099547,0.0,10.41299995086478,0.008885900929289,8.872762812008649,0.9305794141950652
106,Guinea,40700,Boke,2010,0.0,28.47420215381589,233.6262470657277,0.0,11.046341770751376,0.0090659702039909,10.569929097413452,0.947408183639598
106,Guinea,40700,Boke,2011,0.0,30.029048127948112,238.22966241399084,0.0,11.74484540831368,0.0092053205412971,11.246297200520834,0.9633334098605936
106,Guinea,40700,Boke,2012,0.0,31.62270907036164,253.97758152173915,0.0,12.51681652908805,0.0091148251909425,11.984454844732705,1.025429033851187
106,Guinea,40700,Boke,2013,0.0,33.40551853855232,272.4378942087156,0.0,13.35295780881196,0.009245119320126,12.79661760547797,1.1299477673451834
106,Guinea,40700,Boke,2014,0.0,35.09091020849725,282.3446418378996,0.0,14.400521243115657,0.0093155357781357,12.199940991345397,1.200272651567851
106,Guinea,40700,Boke,2015,0.0,36.945444654799374,298.743359375,0.0,15.321151529307633,0.0093678271676611,13.04124612755704,1.22687031139027
106,Guinea,40700,Boke,2016,0.0,38.914790888080255,290.07596757322176,0.0,16.34859670043273,0.0094890850199509,13.905340283241545,1.2091127020544588
106,Guinea,40700,Boke,2017,0.0,40.98160104084839,321.2838259219089,0.0,17.34855993470149,0.0095591593800055,14.81155642429301,1.3033028890150489
106,Guinea,40700,Boke,2018,0.0,43.14929534313725,333.80141129032256,0.0,18.46626225490196,0.009704817408108,15.72291513480392,1.360127898185484
106,Guinea,40700,Boke,2019,0.0,45.33720901799687,351.42703833693304,0.0,19.684946266138496,0.0098670609966328,16.749437597809077,1.4312588586663066
106,Guinea,40700,Boke,2020,0.0,47.99391749804382,269.707071799308,0.0,21.10909074237089,0.0096992931455513,17.893916886737088,1.223709159243891
106,Guinea,40700,Boke,2021,0.0,50.45183208626761,313.9888435132576,0.0,22.3772694762324,0.0100915344226332,18.97590840179969,1.40163398511482
106,Guinea,40701,Conakry,2001,0.0,3.7396745681762695,24.76324462890625,0.0,2.107760429382324,0.0041333852956692,1.2434749603271484,0.020254960656166
106,Guinea,40701,Conakry,2002,0.0,3.636095682779948,25.725318908691406,0.0,2.533311684926351,0.0043900394812226,1.3247079849243164,0.0195807948708534
106,Guinea,40701,Conakry,2003,0.0,3.857570012410482,31.3887939453125,0.0,2.73479429880778,0.0039569201568762,1.400704860687256,0.0185449827801097
106,Guinea,40701,Conakry,2004,0.0,4.117917060852051,31.863321940104168,0.0,2.7544771830240884,0.0045083730171124,1.5961837768554688,0.0177532122893766
106,Guinea,40701,Conakry,2005,0.0,4.517750422159831,32.21592712402344,0.0,3.402302424112956,0.0040284221371014,1.5020860036214192,0.0211772272984186
106,Guinea,40701,Conakry,2006,0.0,4.595256805419922,31.44808959960937,0.0,3.291792551676432,0.0040709543973207,1.845017910003662,0.0183573229746385
106,Guinea,40701,Conakry,2007,0.0,5.112502098083496,32.155029296875,0.0,3.42732048034668,0.0045637978861729,1.842710812886556,0.0272463262081146
106,Guinea,40701,Conakry,2008,0.0,5.308421452840169,31.168670654296875,0.0,3.623753865559896,0.0045664720237255,2.019108454386393,0.0315223013361295
106,Guinea,40701,Conakry,2009,0.0,5.847641626993815,32.64936828613281,0.0,3.978226979573568,0.0048631330331166,2.080024719238281,0.0226368680596351
106,Guinea,40701,Conakry,2010,0.0,5.632689158121745,45.23239135742188,0.0,3.785364786783854,0.0048753339797258,2.280825614929199,0.1181349645961414
106,Guinea,40701,Conakry,2011,0.0,6.461585998535156,51.48963928222656,0.0,4.515823046366374,0.0054849293082952,2.904483159383138,0.0389516875147819
106,Guinea,40701,Conakry,2012,0.0,6.045304616292317,57.47490946451823,0.0,4.477973937988281,0.0056531752149264,3.039892832438151,0.0440178730271079
106,Guinea,40701,Conakry,2013,0.0,7.017195383707683,61.6724599202474,0.0,4.580804189046224,0.005261051778992,3.1599559783935547,0.0288017069300015
106,Guinea,40701,Conakry,2014,0.0,7.090158462524414,55.92692057291666,0.0,5.278981526692708,0.0048386783649524,3.2191298802693686,0.0401007359226544
106,Guinea,40701,Conakry,2015,0.0,7.895662943522136,60.75871785481771,0.0,5.685214996337891,0.004978003911674,3.0687812169392905,0.040049747987227
106,Guinea,40701,Conakry,2016,0.0,8.417205810546875,71.37169392903645,0.0,5.767749786376953,0.0053471587598323,3.0857969919840493,0.0447248617808024
106,Guinea,40701,Conakry,2017,0.0,8.808771769205729,78.23661295572917,0.0,6.034374237060547,0.0053531341254711,3.449819564819336,0.0553237348794937
106,Guinea,40701,Conakry,2018,0.0,8.71709950764974,79.92115275065105,0.0,7.194393793741862,0.005533264329036,4.195973714192708,0.051687349875768
106,Guinea,40701,Conakry,2019,0.0,9.067700703938804,86.85204060872395,0.0,6.952060699462891,0.0051119982575376,4.161044438680013,0.0361294125517209
106,Guinea,40701,Conakry,2020,0.0,10.036898295084637,118.75014241536458,0.0,8.225067138671875,0.0055629927664995,4.672717412312825,0.0427138358354568
106,Guinea,40701,Conakry,2021,0.0,10.291686375935871,73.03592936197917,0.0,7.823001861572266,0.0053826607763767,4.681541124979655,0.0191733042399088
106,Guinea,40702,Faranah,2001,0.0,12.880012706753964,121.75521576319544,0.4462464505975896,3.449215384863887,0.0324851076781457,2.89703457475448,0.5686884511384406
106,Guinea,40702,Faranah,2002,0.0,13.574425899621213,131.06799475397975,0.5586735118519176,3.676737635588843,0.0344574585389555,3.0875160070161844,0.6094900923423933
106,Guinea,40702,Faranah,2003,0.0,14.314786716597796,140.90820598462665,1.1179917075417258,3.922183034176997,0.0328639644630822,3.304969304192493,0.6471954390384791
106,Guinea,40702,Faranah,2004,0.0,15.107413804235538,153.06810052710844,1.7751610495827417,4.185476255810951,0.0336935922303667,3.525234253938533,0.7036949984998588
106,Guinea,40702,Faranah,2005,0.0,15.949236236656336,164.3953979863222,1.2427742958068848,4.4653670045626725,0.0336326075690699,3.759035557097968,0.7430994097585012
106,Guinea,40702,Faranah,2006,0.0,16.831966728320715,153.68937232524965,0.1359379529953003,4.776331230105815,0.0338489471158308,4.011369929671369,0.7329209527683667
106,Guinea,40702,Faranah,2007,0.0,17.727425477460425,155.34062958883993,0.0619195222854614,5.092959273378355,0.0317047441509408,4.289723511162251,0.7877888280389592
106,Guinea,40702,Faranah,2008,0.0,18.72377462577426,159.65523508308158,1.741757583618164,5.438578721825533,0.0359553680632144,4.572745504989676,0.8549670078243014
106,Guinea,40702,Faranah,2009,0.0,19.775139259291123,160.60870603975536,0.2156670570373535,5.816382054370268,0.0379503869977193,4.887954743418788,0.9028179390350248
106,Guinea,40702,Faranah,2010,0.0,20.96713584710744,224.42822642967545,3.512649324205187,6.167492574896694,0.0395906082844485,5.842303988033747,0.8801909126859544
106,Guinea,40702,Faranah,2011,0.0,22.16412311422414,231.65241434487956,5.502738104926215,6.586262122844827,0.0375820135920302,6.228025323275862,0.9195491377129612
106,Guinea,40702,Faranah,2012,0.0,23.36047952586207,245.32638365963857,3.1152301364474826,7.0265759698275865,0.0403166710913598,6.65235317887931,0.9775124055793486
106,Guinea,40702,Faranah,2013,0.0,24.66673845623708,258.53694880418533,1.792396969265408,7.4982958950723635,0.0407966688099053,7.096308176473122,1.03272013528821
106,Guinea,40702,Faranah,2014,0.0,25.84295313576844,277.7548753805175,0.6803112559848361,8.046583579212612,0.0388072970180233,6.771974338818056,1.1381355645631184
106,Guinea,40702,Faranah,2015,0.0,27.261185712439698,293.23588557401814,0.9315458297729492,8.578765048888698,0.0380051657763874,7.228928863714679,1.2039628043275583
106,Guinea,40702,Faranah,2016,0.0,28.698729123622588,302.06310007385525,4.060113525390625,9.145127141442838,0.035263238766653,7.6929181732093666,1.223511643740768
106,Guinea,40702,Faranah,2017,0.0,30.28098060344828,327.10042293233084,2.8665319442749024,9.765150188577586,0.0389552593231201,8.206732219827586,1.3220646220042294
106,Guinea,40702,Faranah,2018,0.0,31.76318158436214,339.9713191330344,1.8678054809570312,10.352193447788066,0.0385975010138897,8.683387452846365,1.3712875297785874
106,Guinea,40702,Faranah,2019,0.0,33.60921369580179,358.8390927719821,5.741033554077148,11.103842266001376,0.0407248262715587,9.311276104396075,1.4343782018442623
106,Guinea,40702,Faranah,2020,0.0,35.37983197773973,284.7613742236025,3.522892761230469,11.785316780821915,0.0410269509490735,9.851648116438357,1.255379130677407
106,Guinea,40702,Faranah,2021,0.0,37.419851928374655,319.5339709762533,4.21615473429362,12.614929031077825,0.0417631254003974,10.586865637913224,1.3930419277704484
106,Guinea,40703,Kankan,2001,0.0,9.736859701300924,67.16432696706313,0.0,2.4467775109123586,0.0078418299937009,2.0004931289584045,0.3093381778755432
106,Guinea,40703,Kankan,2002,0.0,10.282397009753591,72.4639635707635,0.0,2.6132130710985626,0.007721732674929,2.1368360578157084,0.3300499658566835
106,Guinea,40703,Kankan,2003,0.0,10.833844675094111,77.77934936350778,0.0,2.787895103418036,0.0078797636146254,2.2771936895747777,0.3512007782111916
106,Guinea,40703,Kankan,2004,0.0,11.41821063547725,84.95861650485436,0.0,2.9713906944919604,0.0082857198256222,2.4243135664343143,0.3790136837264866
106,Guinea,40703,Kankan,2005,0.0,12.04411937649675,91.26490917487683,0.0,3.165433629832364,0.0082976617732969,2.5817826826034898,0.4038662915159329
106,Guinea,40703,Kankan,2006,0.0,12.697238906463747,89.42359261501211,0.0,3.3754168091655266,0.0081489317359964,2.7578662710542066,0.41651144327898
106,Guinea,40703,Kankan,2007,0.0,13.404323593536253,89.33186124694376,0.0,3.603062077847128,0.0090905932975128,2.9446044587893296,0.4418081269579004
106,Guinea,40703,Kankan,2008,0.0,14.12668994741792,88.80724070450098,0.0,3.8402097939466486,0.0092479193616725,3.139753975718194,0.4639278643285225
106,Guinea,40703,Kankan,2009,0.0,14.907030715263518,88.5358875921376,0.0,4.101078563483915,0.0099671471071051,3.351797115631417,0.4881497619778869
106,Guinea,40703,Kankan,2010,0.0,15.82251561430527,121.61122855392156,0.0,4.342808195371321,0.0109457160487319,4.001628941007871,0.4697138767616421
106,Guinea,40703,Kankan,2011,0.0,16.67691890186516,128.33358764648438,0.0,4.6300218439852845,0.0111535548196603,4.2626953125,0.4983920156955719
106,Guinea,40703,Kankan,2012,0.0,17.585312072357166,135.89638238164957,0.0,4.940454076505302,0.0109221891747526,4.545278689488539,0.5320907302342606
106,Guinea,40703,Kankan,2013,0.0,18.55173810083818,143.62004257907543,0.0,5.268636541010948,0.0114767976735588,4.851151227869483,0.5659564609945256
106,Guinea,40703,Kankan,2014,0.0,19.477754554396167,150.9886130550193,0.0,5.671546249572357,0.0110456566055695,4.632038733749573,0.6116177474209701
106,Guinea,40703,Kankan,2015,0.0,20.517891507013346,158.8117206235012,0.0,6.04749240933972,0.0111201248243233,4.940162076633595,0.6363879013976319
106,Guinea,40703,Kankan,2016,0.0,21.620838762388928,166.6295616113744,0.0,6.446008042122351,0.0115411614041879,5.260410436602871,0.6608384552725118
106,Guinea,40703,Kankan,2017,0.0,22.815255468215994,175.77858412322274,0.0,6.90031586423445,0.0116460617904957,5.619543799128503,0.6941244260959716
106,Guinea,40703,Kankan,2018,0.0,23.971540558963877,184.3204304245283,0.0,7.330811711826858,0.0114345918345385,5.972978442399454,0.7241011133733786
106,Guinea,40703,Kankan,2019,0.0,25.356476340963443,195.4478476821192,0.0,7.847669595575675,0.0119382134190312,6.388166744960711,0.7628994366980546
106,Guinea,40703,Kankan,2020,0.0,26.61779071003401,174.11183263181215,0.0,8.327234800170068,0.0121694287223995,6.77737962372449,0.7478726124626163
106,Guinea,40703,Kankan,2021,0.0,28.202334941920054,190.7254556396149,0.0,8.917992772036214,0.011750625245685,7.264390534250086,0.814055123169561
106,Guinea,40704,Kindia,2001,0.0,15.151749630009109,72.45832705066346,0.5614158890464089,5.250874726064436,0.0839585406749843,4.450066349328324,0.3205961036452051
106,Guinea,40704,Kindia,2002,0.0,16.003815531079233,78.33996372082309,0.9985125281594016,5.604204910917577,0.0781584498226534,4.766803456568762,0.339449608355248
106,Guinea,40704,Kindia,2003,0.0,16.879189079576502,85.59266080481622,0.2630854953419078,5.993936952128871,0.0796363705494364,5.077691416922814,0.3635566431004436
106,Guinea,40704,Kindia,2004,0.0,17.803605988160292,92.77551679586564,0.5287127928300337,6.407698834528689,0.0813980658414802,5.409212595343807,0.389326189223494
106,Guinea,40704,Kindia,2005,0.0,18.726791965505463,100.46025725593668,1.8570026050914417,6.832808586634791,0.0866812686885423,5.766090156819216,0.4158667008291762
106,Guinea,40704,Kindia,2006,0.0,19.79569565403005,91.51613328313252,0.7390871914950284,7.311303755407559,0.0829681368690588,6.178182633196721,0.4005138718938253
106,Guinea,40704,Kindia,2007,0.0,20.89420039275956,93.17435331474596,0.79681734605269,7.8248119805897085,0.0878457727762302,6.602434557860883,0.4326685417392735
106,Guinea,40704,Kindia,2008,0.0,22.03308216643898,94.4517637310606,1.2815489335493608,8.35260843579235,0.0889590459660319,7.067288980675091,0.4641466237077809
106,Guinea,40704,Kindia,2009,0.0,23.253498904257743,97.17545107282184,1.334756070917303,8.940160198941257,0.0883540447075293,7.590668224897541,0.5053422032469116
106,Guinea,40704,Kindia,2010,0.0,24.670861082650276,140.50557270233196,5.519154635342685,9.477923283811476,0.0932468073832749,9.000969447290528,0.51171774530607
106,Guinea,40704,Kindia,2011,0.0,26.027413123292348,148.4413369713506,5.432231556285512,10.071836933629326,0.08721840446764,9.62411059881603,0.5377416259432555
106,Guinea,40704,Kindia,2012,0.0,27.437462645150276,158.19914383561644,3.4650868502530185,10.764143257627504,0.0952843143206042,10.281212645150273,0.5785564265839042
106,Guinea,40704,Kindia,2013,0.0,28.9236893784153,161.14689149076517,1.8715076446533203,11.45160412397541,0.0859256251045046,10.940497281989982,0.6010697900777128
106,Guinea,40704,Kindia,2014,0.0,30.367891905737704,168.43270320595855,3.2569711858576,12.30563026525501,0.0905400121581141,10.45430078836521,0.6333409442802785
106,Guinea,40704,Kindia,2015,0.0,32.04797074225865,170.61668346774192,3.296854192560369,13.150232311589251,0.0929832041589288,11.130032231898907,0.640511486725535
106,Guinea,40704,Kindia,2016,0.0,33.677773508652095,169.8586448598131,6.27654564898947,14.03702843949226,0.0932994488158512,11.890480917008198,0.6358860764548043
106,Guinea,40704,Kindia,2017,0.0,35.47054659039162,185.99620186522264,5.792936242145041,14.947882869421676,0.0919371363460909,12.676078309995448,0.6956994232287906
106,Guinea,40704,Kindia,2018,0.0,37.517624373861565,196.07036843675417,4.121917724609375,15.943709799066484,0.0969903525541823,13.464580487249544,0.7206879754624105
106,Guinea,40704,Kindia,2019,0.0,39.53985228825137,207.04938549160676,3.143002053965693,16.989031904599273,0.0945993086462246,14.324134256887524,0.7586021514819394
106,Guinea,40704,Kindia,2020,0.0,41.764643101092894,189.2297466991963,8.716660209324049,18.15781178847905,0.1007957111073756,15.302019296448089,0.7652421112586107
106,Guinea,40704,Kindia,2021,0.0,44.01542577413479,203.56930855724295,12.54508640455163,19.35504895264117,0.0989657125837815,16.361957821038253,0.8180047864111785
106,Guinea,40705,Labe,2001,0.0,20.840055181538048,97.02806416495902,0.0,9.146095006028938,0.0054107282720684,7.640375364248392,0.4542934542796651
106,Guinea,40705,Labe,2002,0.0,21.96779960476956,103.1569398100616,0.0,9.74245126607717,0.005511936958897,8.12897951835477,0.4790334838616529
106,Guinea,40705,Labe,2003,0.0,23.157011990889604,110.3162286931818,0.0,10.401809937700964,0.0054784621431234,8.642362506698822,0.5079942498325316
106,Guinea,40705,Labe,2004,0.0,24.441192725080384,121.99741833153348,0.0,11.10884746784566,0.0058156116979681,9.274856812700964,0.5613808683391266
106,Guinea,40705,Labe,2005,0.0,25.79974921288853,130.47863051470588,0.0,11.861451634512326,0.0056968648154456,9.851967569332798,0.5901074378319036
106,Guinea,40705,Labe,2006,0.0,27.213110430064308,125.75974914293248,0.0,12.655116433882636,0.0061037492808107,10.516223707127546,0.5992620926869067
106,Guinea,40705,Labe,2007,0.0,28.691385316184352,125.81626405246251,0.0,13.49831064107717,0.0064281702599983,11.24865186227224,0.6349876779560358
106,Guinea,40705,Labe,2008,0.0,30.2367509880761,126.710886659436,0.0,14.407894351219186,0.0066371995803208,11.992802954180064,0.6785316715530098
106,Guinea,40705,Labe,2009,0.0,31.992388464630224,128.3666356236203,0.0,15.385708693394962,0.0070566166343027,12.781226972802786,0.7213805748137417
106,Guinea,40705,Labe,2010,0.0,33.903026192390136,177.07786630794703,0.0,16.259486158561092,0.0070414714598923,15.245146494841908,0.6969856447468267
106,Guinea,40705,Labe,2011,0.0,35.756631832797424,185.41457090563992,0.0,17.382843900723472,0.0074258884819003,16.307025807207932,0.7379409889337039
106,Guinea,40705,Labe,2012,0.0,37.716564509646304,195.89281589673917,0.0,18.507303808279744,0.007228572654502,17.34027603329314,0.7826475723930028
106,Guinea,40705,Labe,2013,0.0,39.7424973204716,206.72522948164143,0.0,19.748486485128616,0.007114528530863,18.532878650857448,0.830474853515625
106,Guinea,40705,Labe,2014,0.0,41.67806722266881,221.30340536105032,0.0,21.266935456859592,0.0076841805256953,17.68817406886388,0.9126569551764224
106,Guinea,40705,Labe,2015,0.0,43.914208879817984,232.2294034090909,0.0,22.66625401498929,0.007102162907012,18.848304503479657,0.9586667808103356
106,Guinea,40705,Labe,2016,0.0,46.29989460653105,232.58875381873727,0.0,24.185446500267663,0.0073851500568803,20.062468632896145,0.938516589628946
106,Guinea,40705,Labe,2017,0.0,48.87951686295503,258.5515926124197,0.0,25.822876237955036,0.0072031800918157,21.44999665417559,1.0402278532563236
106,Guinea,40705,Labe,2018,0.0,51.43523320396146,271.0594385706638,0.0,27.50004600508565,0.0076379440350239,22.87369931076017,1.0896093462468217
106,Guinea,40705,Labe,2019,0.0,54.36591608672377,288.0551747311828,0.0,29.3428173514454,0.0077359655629033,24.423792575615632,1.1486895161290325
106,Guinea,40705,Labe,2020,0.0,57.36713313035332,251.8185334158416,0.0,31.38454605527302,0.0074163445209598,26.068750418228053,1.1043181466584158
106,Guinea,40705,Labe,2021,0.0,60.46386509635974,259.1866570327553,0.0,33.49473450883298,0.0077766922082793,27.71929369646681,1.127571708664499
106,Guinea,40706,Mamou,2001,0.0,16.326154291464682,70.7885504756871,0.3145300447940826,6.71263769260734,0.014916381677432,5.624365640148892,0.3312297603292646
106,Guinea,40706,Mamou,2002,0.0,17.21191812023892,75.44008757961784,0.2365700900554657,7.159966888850415,0.0140685229420331,5.9896710255799865,0.3484664884595608
106,Guinea,40706,Mamou,2003,0.0,18.157662093144044,81.69630604619566,0.0420398190617561,7.6463274757617725,0.014662475797278,6.400270921701869,0.3747824959132982
106,Guinea,40706,Mamou,2004,0.0,19.154441601021468,88.7062743596882,0.1435320973396301,8.154992100934903,0.0187464552903109,6.8373888179536015,0.3992151884830874
106,Guinea,40706,Mamou,2005,0.0,20.22811526142659,94.12981973830736,0.6012436747550964,8.704982768135388,0.0152147588967616,7.29968430791205,0.422643988594446
106,Guinea,40706,Mamou,2006,0.0,21.322110078341414,85.87446588010204,0.184799462556839,9.294794056224031,0.0167428648042546,7.774073212430748,0.4075032136878189
106,Guinea,40706,Mamou,2007,0.0,22.48906980393005,87.30481825313808,0.1656784564256668,9.906187781336564,0.0178959759318597,8.284932398069598,0.4379818968194299
106,Guinea,40706,Mamou,2008,0.0,23.70774270689058,88.6939545332618,0.1863069236278534,10.56519028090374,0.019759697266893,8.82874177631579,0.4704457557252548
106,Guinea,40706,Mamou,2009,0.0,25.00353564317867,90.99923780487804,0.2127129435539245,11.29516804449446,0.0199590521836214,9.436251568992382,0.5111101915989641
106,Guinea,40706,Mamou,2010,0.0,26.538129220048475,133.08586414319248,2.134735345840454,11.947352190096954,0.0185602034888439,11.265335547957063,0.5203287187316608
106,Guinea,40706,Mamou,2011,0.0,27.988616689750693,139.48578306686048,0.2823106646537781,12.767561894044322,0.0163309976995156,12.011018113746536,0.547931866313136
106,Guinea,40706,Mamou,2012,0.0,29.56206176419668,147.18886854698377,1.3442462682724,13.604319057306094,0.0140944927352947,12.797562110457063,0.5842331888504205
106,Guinea,40706,Mamou,2013,0.0,31.166894801765928,155.89149305555554,0.3853557109832763,14.521763006405816,0.0169483274634194,13.64089010560942,0.6221644083658854
106,Guinea,40706,Mamou,2014,0.0,32.692212387465375,164.84064665127022,0.6632487773895264,15.626414798303324,0.0195625350085652,13.004785426765928,0.6773598474938655
106,Guinea,40706,Mamou,2015,0.0,34.47645970394737,168.17618055555556,1.955776810646057,16.676057176246537,0.0170542302224114,13.90099793325831,0.6872570122612848
106,Guinea,40706,Mamou,2016,0.0,36.37905773891967,163.40122199592668,4.563699722290039,17.80238540945291,0.0192104455836922,14.806610868247922,0.6551527345738926
106,Guinea,40706,Mamou,2017,0.0,38.35091867209141,173.70530225409837,2.0316390991210938,18.99099181959834,0.0219497363653209,15.809468869027008,0.6953773498535156
106,Guinea,40706,Mamou,2018,0.0,40.44044862361496,182.33576247454172,18.48185157775879,20.250927869632964,0.0200778282250063,16.85958600242382,0.7309385093797734
106,Guinea,40706,Mamou,2019,0.0,42.66316438711911,192.40374619675453,4.68157958984375,21.60206024930748,0.0202450422038662,18.01196356691482,0.7623573287747211
106,Guinea,40706,Mamou,2020,0.0,44.978915988573405,171.63339175380227,4.539987881978353,23.050854289300556,0.0171444290562679,19.187451307132964,0.7499756323520675
106,Guinea,40706,Mamou,2021,0.0,47.47605934037396,165.90175849303137,13.764623006184896,24.57078319771468,0.0175769560224791,20.45981756405817,0.7241374690358232
106,Guinea,40707,Nzerekore,2001,0.0,4.354793566836125,74.8446514423077,1.854849422679228,3.334093178614149,0.0536765668216167,2.798304132134313,0.5778273362379808
106,Guinea,40707,Nzerekore,2002,0.0,4.587892959678108,78.97575585564053,1.905854598335598,3.5717323178150613,0.052229799497733,3.0093060269381837,0.5927005570887608
106,Guinea,40707,Nzerekore,2003,0.0,4.847047150012816,84.14491436298077,2.496476813928405,3.806916305322967,0.0505076125873871,3.212757457386364,0.6213957566481371
106,Guinea,40707,Nzerekore,2004,0.0,5.110190025845864,89.8221177184466,2.6646548184481533,4.056564862974197,0.054205732735974,3.417606627541866,0.6212715222997572
106,Guinea,40707,Nzerekore,2005,0.0,5.383396902234279,95.36557949029128,2.3162206393569265,4.331346054233595,0.0532760558935194,3.660600142045455,0.6688787071450243
106,Guinea,40707,Nzerekore,2006,0.0,5.685308575059809,93.46032504780116,3.6913811982567633,4.619991696214969,0.0505802038201933,3.886654669343814,0.690154737541826
106,Guinea,40707,Nzerekore,2007,0.0,5.991447073514344,94.19229025628628,4.552804657907197,4.936732891478825,0.0513917525798105,4.1408177777066255,0.7232066879420032
106,Guinea,40707,Nzerekore,2008,0.0,6.328139008068647,94.43878676470588,5.752366961854877,5.278236931139003,0.054081844368668,4.420735010032446,0.8061640122357536
106,Guinea,40707,Nzerekore,2009,0.0,6.662077334671907,95.58544970267592,6.412038319146455,5.658713767728981,0.0562903040822954,4.722651577452153,0.8672972302016229
106,Guinea,40707,Nzerekore,2010,0.0,7.094702499358316,133.14251321752266,4.395072115384616,5.991907431767625,0.0532650639460637,5.619028330338809,0.8563022210158611
106,Guinea,40707,Nzerekore,2011,0.0,7.479184045602327,139.76512599800398,7.68141855093149,6.37610289399384,0.054881931580219,5.979360508641341,0.8964144464976297
106,Guinea,40707,Nzerekore,2012,0.0,7.86603259127052,147.7032960199005,5.450319260817308,6.774842227043433,0.052132603516773,6.387738730121409,0.9709944539995335
106,Guinea,40707,Nzerekore,2013,0.0,8.304162839627478,155.85997953869048,4.501114595853365,7.241044060791182,0.0526501635410274,6.78933617780246,1.0242711627294148
106,Guinea,40707,Nzerekore,2014,0.0,8.709180487961065,164.45160891089108,8.048748309795673,7.751112640881147,0.0563316374993901,6.492096781079235,1.105200437035891
106,Guinea,40707,Nzerekore,2015,0.0,9.140765364228542,171.84618902439024,6.251258963969216,8.242695073016009,0.0517526443846925,6.9066138826209125,1.1286717559070123
106,Guinea,40707,Nzerekore,2016,0.0,9.60660055409307,182.89942652109912,4.639527278159981,8.76049273947011,0.0527869678886332,7.322062616762907,1.2026647505980128
106,Guinea,40707,Nzerekore,2017,0.0,10.142222528872283,194.59929286067197,4.167229854699337,9.369626915973166,0.0560131535385594,7.81513379967731,1.2378415797538909
106,Guinea,40707,Nzerekore,2018,0.0,10.647810888902974,192.75886824324328,6.705657516700634,9.912224264705882,0.0560867904978301,8.294752841869506,1.239896036594245
106,Guinea,40707,Nzerekore,2019,0.0,11.261086700729308,203.0285269105312,3.845169491238064,10.628993040832768,0.0572116889065141,8.897138287610245,1.2589872418889796
106,Guinea,40707,Nzerekore,2020,0.0,11.799134781418465,182.585309222028,4.549134554928297,11.25712153596698,0.0566100961939213,9.393945575724391,1.2645082273683348
106,Guinea,40707,Nzerekore,2021,0.0,12.518155064363144,189.8246333045729,6.139810933695211,12.049648543360432,0.0556290155070629,10.050578791920731,1.2741627598549397
170,Mozambique,41373,Maputo,2001,0.0,3.487365605506238,26.896332358374384,20.35272090517241,13.167065289107486,0.0033203789498656,0.3416498517349448,2.3618192926416257
170,Mozambique,41373,Maputo,2002,0.0,4.188784432731526,26.949528556034483,21.5951585591133,13.1551103646833,0.0032357987947762,0.3800406135661588,2.3066083936268478
170,Mozambique,41373,Maputo,2003,0.0,4.635043973428503,17.902089747536944,15.3148851216133,12.289023137595969,0.0032758340239524,0.2766566651796425,1.961646349676724
170,Mozambique,41373,Maputo,2004,0.0,5.324147054192658,18.973399747287967,15.232779177453155,12.5299247990643,0.003156145568937,0.334626005615703,2.1505033052884617
170,Mozambique,41373,Maputo,2005,0.0,5.985613041326776,16.950567198318495,15.33770613099654,12.778460892514396,0.0032407811377197,0.3836400476847408,2.362742981500371
170,Mozambique,41373,Maputo,2006,0.0,5.0741793875959695,21.56111509183925,12.639658068293883,11.152426223608446,0.0039606215432286,0.2869647533101907,1.6936015894662229
170,Mozambique,41373,Maputo,2007,0.0,6.291917680092371,20.895502034023668,17.072277181952664,11.246927858085412,0.0034050953108817,0.4101360709104336,1.9175077961276503
170,Mozambique,41373,Maputo,2008,0.0,6.54608212871881,20.55415780633629,18.88166836168639,12.577476457533589,0.0026586089904109,0.5012583082788508,2.1900817750708828
170,Mozambique,41373,Maputo,2009,0.0,6.146281002579174,28.54530325443787,19.17955459504438,10.154930422264876,0.0031977770850062,0.4185150205059381,1.9362282536674065
170,Mozambique,41373,Maputo,2010,0.0,6.160823067868282,28.497105981614016,19.281986519002963,10.210357373140596,0.0064045810140669,0.4467555831352717,1.9179535665257896
170,Mozambique,41373,Maputo,2011,0.0,6.739488363723608,26.181974179417573,18.094976246298124,10.44866767634357,0.0028726763557642,0.4197660654840451,2.132905287897952
170,Mozambique,41373,Maputo,2012,0.0,7.417819266584693,22.70704282979249,18.374673835844863,11.61178360424664,0.0053741298615932,0.4445671916236804,2.46560705132164
170,Mozambique,41373,Maputo,2013,0.0,8.09003868761996,26.28072400990099,17.716986386138615,11.870632647552783,0.0037450166419148,0.4623563623702915,2.029733185720916
170,Mozambique,41373,Maputo,2014,0.0,8.642315708973129,26.89155994487116,29.20447612115957,12.459066848608446,0.0032253412064164,0.4171942126956874,2.698741599046085
170,Mozambique,41373,Maputo,2015,0.0,8.113624265235124,17.26862921209118,25.591400055748267,8.504431082053744,0.0040948106907308,0.2862025753321437,2.294977042554509
170,Mozambique,41373,Maputo,2016,0.0,8.974858670225528,20.790750433597623,25.443179354558968,9.9226884896833,0.0027820110941926,0.4012913914422384,2.4548768118186324
170,Mozambique,41373,Maputo,2017,0.0,9.406786078454894,21.018172386025768,24.86882897670961,7.536493634536948,0.0040280154595772,0.4332228823495231,1.674914538683102
170,Mozambique,41373,Maputo,2018,0.0,11.45939861744242,19.066553363478693,24.877924848240838,8.899489038507678,0.0040895317991574,0.4247749021094499,2.414752094431368
170,Mozambique,41373,Maputo,2019,0.0,10.158762633457291,23.975420434836472,25.4976481200446,8.369813534668905,0.0040445650617281,0.4384843529757977,2.518918841752354
170,Mozambique,41373,Maputo,2020,0.0,10.516605311300385,24.854750603939543,26.04773832383548,8.535409294025913,0.0037905927747488,0.2980262624553892,2.3446893002044105
170,Mozambique,41373,Maputo,2021,0.0,10.657806689359404,28.48991885530228,25.894682234886027,9.062162607965451,0.0067716216047604,0.3189884705644193,2.618524587307978
217,Senegal,47585,Diourbel,2001,0.0,32.22570556640625,204.8501171875,0.0,40.514658203125,14.6504443359375,43.6198486328125,2.794529900478957
217,Senegal,47585,Diourbel,2002,0.0,31.5661474609375,203.1344140625,0.0,39.78062744140625,14.83908203125,42.438974609375,2.853329759147299
217,Senegal,47585,Diourbel,2003,0.0,31.69555908203125,204.2142578125,0.0,39.9326318359375,14.81132568359375,42.7100048828125,2.99674336035647
217,Senegal,47585,Diourbel,2004,0.0,31.8268310546875,209.67794921875,0.0,40.699375,15.05377197265625,47.47958984375,2.9013745485238696
217,Senegal,47585,Diourbel,2005,0.0,32.35111572265625,221.78259765625,0.0,41.9971728515625,15.369727783203125,45.241630859375,3.0200839402088566
217,Senegal,47585,Diourbel,2006,0.0,32.72341796875,246.48328125,0.0,43.662470703125,15.492459716796876,46.1403955078125,3.073632015055748
217,Senegal,47585,Diourbel,2007,0.0,33.0921826171875,280.16970703125,0.0,44.83107421875,15.516123046875,47.45505859375,3.15282037629554
217,Senegal,47585,Diourbel,2008,0.0,33.7900634765625,284.31177734375,0.0,45.7756640625,15.654505615234376,49.203427734375,3.200595261463568
217,Senegal,47585,Diourbel,2009,0.0,34.21120849609375,282.869453125,0.0,46.8123095703125,15.407716064453124,49.573359375,3.4434164229349875
217,Senegal,47585,Diourbel,2010,0.0,34.763095703125,325.11365234375,0.0,48.4850439453125,15.6078662109375,52.368095703125,3.5051465825219847
217,Senegal,47585,Diourbel,2011,0.0,34.9209716796875,355.5562890625,0.0,50.07291015625,15.50346923828125,52.063740234375,3.5860221517744977
217,Senegal,47585,Diourbel,2012,0.0,35.47982177734375,347.596953125,0.0,50.9770703125,15.90342529296875,54.50951171875,3.695232755574749
217,Senegal,47585,Diourbel,2013,0.0,36.019375,387.268828125,0.0,53.4931689453125,16.0976123046875,57.34908203125,3.8247002836447854
217,Senegal,47585,Diourbel,2014,0.0,36.30966064453125,436.42671875,0.0,55.2142626953125,16.368955078125,50.24705078125,3.8513999440562183
217,Senegal,47585,Diourbel,2015,0.0,36.99795654296875,480.8610546875,0.0,56.775625,16.4475439453125,56.3407421875,4.074465957718279
217,Senegal,47585,Diourbel,2016,0.0,37.2295263671875,504.897265625,0.0,58.443447265625,16.680830078125,60.126494140625,4.245257353662845
217,Senegal,47585,Diourbel,2017,0.0,37.907724609375,543.5844140625,0.0,59.88939453125,16.883582763671875,63.80900390625,4.312292664494347
217,Senegal,47585,Diourbel,2018,0.0,37.95916015625,575.6134375,0.0,61.7254345703125,16.869908447265626,66.5096728515625,4.472418856980213
217,Senegal,47585,Diourbel,2019,0.0,37.9164794921875,633.516328125,0.0,61.477568359375,17.03162353515625,67.95939453125,4.409719495917085
217,Senegal,47585,Diourbel,2020,0.0,38.140322265625,714.396484375,0.0,66.18552734375,17.3658349609375,71.566396484375,4.509525778305591
217,Senegal,47585,Diourbel,2021,0.0,38.53033203125,732.9215625,0.0,65.6444287109375,17.4014111328125,72.9466064453125,4.59332858138348
217,Senegal,47586,Fatick,2001,0.0,29.766071686921297,115.93406394675924,0.0,38.49138093171296,13.426406069155092,45.70380497685185,9.860391348379627
217,Senegal,47586,Fatick,2002,0.0,28.89259801793981,113.54301215277778,0.0,37.29475549768519,13.461279296875,44.627842881944446,9.554998553240742
217,Senegal,47586,Fatick,2003,0.0,29.149745008680554,117.64407552083334,0.0,38.824095775462965,13.61713595920139,45.4656322337963,10.085783781828704
217,Senegal,47586,Fatick,2004,0.0,29.69347149884259,119.49522569444444,0.0,38.95795717592593,13.729451497395834,47.46207682291666,10.394962565104167
217,Senegal,47586,Fatick,2005,0.0,30.25043041087963,125.59810474537036,0.0,40.17897135416667,13.897672526041667,47.360904947916666,10.516216362847222
217,Senegal,47586,Fatick,2006,0.0,30.63532262731481,146.09829282407406,0.0,40.40533130787037,14.034461805555557,49.56101707175926,10.67345015914352
217,Senegal,47586,Fatick,2007,0.0,30.647164351851853,157.00086805555554,0.0,42.309147135416666,13.9782958984375,51.83608940972222,10.99741843894676
217,Senegal,47586,Fatick,2008,0.0,31.06997974537037,161.08156828703704,0.0,43.18018663194445,14.180582682291666,52.25244502314815,11.209642650462962
217,Senegal,47586,Fatick,2009,0.0,31.53497902199074,159.9662326388889,0.0,45.41895978009259,14.010810908564816,52.647432002314815,12.065434208622683
217,Senegal,47586,Fatick,2010,0.0,32.57344473379629,181.7320167824074,0.0,46.22053313078704,14.094764539930557,55.42973090277778,12.491115089699074
217,Senegal,47586,Fatick,2011,0.0,32.59361979166667,199.69554398148148,0.0,46.89213324652778,14.208257378472222,55.185546875,12.613113968460649
217,Senegal,47586,Fatick,2012,0.0,32.78660300925926,198.30512152777777,0.0,48.1319263599537,14.456452546296296,59.80733868634259,12.756159577546295
217,Senegal,47586,Fatick,2013,0.0,33.30775101273148,221.9657552083333,0.0,50.42333984375,14.61834038628472,60.31912254050926,13.230059136284725
217,Senegal,47586,Fatick,2014,0.0,33.541008391203704,248.20902777777775,0.0,51.55974392361111,14.66708984375,52.95925925925926,13.856295211226852
217,Senegal,47586,Fatick,2015,0.0,34.043207465277774,287.49450231481484,0.0,53.47275028935185,14.954798719618056,59.45969328703704,14.400536205150464
217,Senegal,47586,Fatick,2016,0.0,34.54833622685185,283.78003472222224,0.0,55.05227864583333,15.106726526331018,63.54614438657408,14.757271773726853
217,Senegal,47586,Fatick,2017,0.0,34.877842881944446,309.75960648148146,0.0,56.866594328703705,15.171996166087965,69.37212094907407,15.368712022569444
217,Senegal,47586,Fatick,2018,0.0,35.363042534722226,330.96009837962964,0.0,58.53047598379629,15.46234809027778,71.07853009259259,15.580058232060184
217,Senegal,47586,Fatick,2019,0.0,35.228280526620374,362.640943287037,0.0,57.09166666666667,15.760666232638888,75.0943576388889,15.434635416666667
217,Senegal,47586,Fatick,2020,0.0,35.566022858796295,411.1032407407407,0.0,63.1224681712963,15.803947844328704,77.74836516203703,15.743475115740742
217,Senegal,47586,Fatick,2021,0.0,35.611335358796296,420.43090277777776,0.0,62.48221932870371,15.88251953125,77.02123842592593,15.917692057291667
217,Senegal,47587,Louga,2001,0.0,15.247849684495192,37.41665251358695,0.0,31.997213040865383,2.4024303729717547,34.68556189903846,0.055546531677246
217,Senegal,47587,Louga,2002,0.0,14.964974271334135,36.83354279891304,0.0,31.386989182692307,2.436432354266827,33.54638671875,0.0599580962082435
217,Senegal,47587,Louga,2003,0.0,14.961867112379808,37.55408882472826,0.0,31.633698918269232,2.4522127591646634,33.70480018028846,0.0671336255754743
217,Senegal,47587,Louga,2004,0.0,15.151808518629808,38.11572690217391,0.0,32.119568810096155,2.4860403207632213,35.490155498798075,0.0647097451346261
217,Senegal,47587,Louga,2005,0.0,15.308905498798078,40.63672724184783,0.0,33.37137169471154,2.5261080228365387,35.55318134014423,0.0683275931222098
217,Senegal,47587,Louga,2006,0.0,15.616697340745192,43.617747961956525,0.0,34.190020282451925,2.53974609375,36.65121319110577,0.0634787096296038
217,Senegal,47587,Louga,2007,0.0,15.771238356370192,50.908389945652175,0.0,35.01965895432692,2.5249718299278845,37.699399038461536,0.0727468708583286
217,Senegal,47587,Louga,2008,0.0,16.027392578125,51.8443699048913,0.0,35.91364933894231,2.57938960148738,39.01600435697115,0.0703250776018415
217,Senegal,47587,Louga,2009,0.0,16.134185321514423,51.55308254076087,0.0,36.97919921875,2.5367041954627405,39.53003305288462,0.0700155530657087
217,Senegal,47587,Louga,2010,0.0,16.468372521033654,59.08895731541802,0.0,38.31336388221154,2.575299307016226,40.82621694711538,0.0703563690185546
217,Senegal,47587,Louga,2011,0.0,16.629105318509616,65.35845039359393,0.0,39.24971454326923,2.5673302283653845,40.82644230769231,0.0724065845662897
217,Senegal,47587,Louga,2012,0.0,16.772276893028845,63.71983577633008,0.0,40.19064002403846,2.5986356295072115,43.41253756009616,0.0818561911582946
217,Senegal,47587,Louga,2013,0.0,17.078355994591345,71.33339271172639,0.0,41.83934044471154,2.665185312124399,44.93265474759615,0.0794012654911388
217,Senegal,47587,Louga,2014,0.0,17.08983623798077,79.53407471498372,0.0,43.30642653245192,2.6764455942007213,39.62743389423077,0.0802997242320667
217,Senegal,47587,Louga,2015,0.0,17.469570688100962,86.368858577633,0.0,44.67175856370192,2.7168616661658653,44.48073918269231,0.0819511202817463
217,Senegal,47587,Louga,2016,0.0,17.654822716346153,91.52071457654723,0.0,46.001175631009616,2.726086660531851,47.74610126201923,0.0849525982683355
217,Senegal,47587,Louga,2017,0.0,17.919332181490386,98.52675420738328,0.0,47.310854867788464,2.777073317307692,50.350244140625,0.0852953103872446
217,Senegal,47587,Louga,2018,0.0,18.00990459735577,105.98653427638736,0.0,48.56589543269231,2.793121337890625,52.533150540865385,0.0893358534032648
217,Senegal,47587,Louga,2019,0.0,17.975897686298076,116.1848560316594,0.0,48.29785907451923,2.8081265963040867,53.27942457932692,0.0881621864404571
217,Senegal,47587,Louga,2020,0.0,18.260218224158653,120.48857730263158,0.0,52.25827824519231,2.841015155498798,56.71118915264423,0.105811253779352
217,Senegal,47587,Louga,2021,0.0,18.333653846153847,129.1899581386293,0.0,51.29652193509615,2.871488835261418,56.87364032451923,0.0909632303381478
217,Senegal,47588,Matam,2001,0.0,6.362076079475938,1.9131791148392712,0.0,8.91086676692496,0.9018035938455852,17.76897526254078,0.0075268052518367
217,Senegal,47588,Matam,2002,0.0,6.239079386725122,1.9768644265714577,0.0,8.653550513611338,0.9040610980831972,17.175014975020392,0.0075620114803314
217,Senegal,47588,Matam,2003,0.0,6.333064765370106,1.80612934934224,0.0,8.854167197695759,0.924395562774011,17.606735254384176,0.0089353144168853
217,Senegal,47588,Matam,2004,0.0,6.3074554891415175,1.9589511830722768,0.0,8.93662698817292,0.92182322466354,17.90842137795677,0.0094568708847308
217,Senegal,47588,Matam,2005,0.0,6.505802422129894,1.9777950002559377,0.0,9.14816348898858,0.94279890698282,18.416257774265905,0.0092891265948613
217,Senegal,47588,Matam,2006,0.0,6.562334717195147,2.265075133727477,0.0,9.484531122553015,0.9466275935460848,19.111637183931485,0.0082203330178009
217,Senegal,47588,Matam,2007,0.0,6.615045594157831,2.6777625681434274,0.0,9.678823250152936,0.951952786468954,19.39657358788744,0.0108565716974196
217,Senegal,47588,Matam,2008,0.0,6.686791872705954,2.611404906326781,0.0,9.883941998878466,0.9596514802966966,19.923726167414355,0.0111655275026957
217,Senegal,47588,Matam,2009,0.0,6.850710994851142,2.641471194205569,0.0,10.200851664457586,0.9513472141682808,20.062487255301797,0.0065528168564751
217,Senegal,47588,Matam,2010,0.0,6.951248343189233,2.891482991336507,0.0,10.517672117149266,0.9575370552100326,21.24851683574633,0.0047233803197741
217,Senegal,47588,Matam,2011,0.0,7.022450582432708,3.086415583730037,0.0,10.941047805362969,0.9552856246176592,21.141967972573408,0.0096826730739502
217,Senegal,47588,Matam,2012,0.0,7.098827169147635,3.080227688626126,0.0,11.349706553323818,0.9815881925150388,22.22734311276509,0.0106272271701267
217,Senegal,47588,Matam,2013,0.0,7.156725536551795,3.559903031582719,0.0,11.515339040834013,0.9862564360725938,23.13970578864193,0.0096014954827048
217,Senegal,47588,Matam,2014,0.0,7.302956610674959,3.9488004517301394,0.0,11.867869341353996,0.9991112564360726,20.47084650285481,0.0102926380932331
217,Senegal,47588,Matam,2015,0.0,7.385601995819739,4.56035532158579,0.0,12.434253288132137,1.0105141768836663,22.892944535073408,0.0081563041262004
217,Senegal,47588,Matam,2016,0.0,7.416283263662317,4.649650405021498,0.0,12.69260106545677,1.0236987663132138,24.709889248572598,0.0086986856616061
217,Senegal,47588,Matam,2017,0.0,7.469385641823002,5.026517550931613,0.0,12.925031702436788,1.029963980296697,26.120392791598697,0.011851114531358
217,Senegal,47588,Matam,2018,0.0,7.577311728945759,5.108454823786855,0.0,13.556935346146004,1.039647262598134,26.907310996125613,0.0092959208735104
217,Senegal,47588,Matam,2019,0.0,7.492374687754894,5.793492222691442,0.0,13.388163680159051,1.0463346447096755,28.083398118882545,0.0050849204554277
217,Senegal,47588,Matam,2020,0.0,7.609676890038743,6.499484925266176,0.0,14.388603372247143,1.0621939281071575,28.97191068515497,0.0132412150982887
217,Senegal,47588,Matam,2021,0.0,7.667535430261012,6.666238588123977,0.0,14.3840774112969,1.0672183262387849,29.4232514274062,0.010155781507492
217,Senegal,47589,Saint louis,2001,0.0,15.409435190644654,36.74968289780891,0.0,15.062846403301888,0.707656725997445,17.81399616745283,0.0
217,Senegal,47589,Saint louis,2002,0.0,15.023700373427673,36.61824263649425,0.0,15.1435546875,0.7047494564416273,17.13626547759434,0.0
217,Senegal,47589,Saint louis,2003,0.0,15.16293730345912,36.62602426813937,0.0,15.385528449292451,0.7278441615074686,18.25185116941824,0.0
217,Senegal,47589,Saint louis,2004,0.0,15.197366352201255,37.90371879489943,0.0,15.326444575471696,0.7228484147749606,17.499893130896226,0.0
217,Senegal,47589,Saint louis,2005,0.0,15.35897209119497,39.60395058818247,0.0,16.10499582350629,0.7337230370479559,18.885286458333333,0.0
217,Senegal,47589,Saint louis,2006,0.0,15.707618415880503,42.24633508441092,0.0,16.491755110062893,0.740561738404088,18.763966686320757,0.0
217,Senegal,47589,Saint louis,2007,0.0,15.727387971698112,50.36834366020115,0.0,16.561762971698112,0.7516297538325472,19.4018745086478,0.0
217,Senegal,47589,Saint louis,2008,0.0,15.969651631289308,50.76897000718391,0.0,17.527690153301887,0.7519970396029875,19.448267983490567,0.0
217,Senegal,47589,Saint louis,2009,0.0,16.35241745283019,50.85759586027299,0.0,17.592576896619498,0.7392056831023978,20.248404333726416,0.0
217,Senegal,47589,Saint louis,2010,0.0,16.493552230738995,57.51857152478448,0.0,18.04508156446541,0.7477249625343947,21.008458628144652,0.0
217,Senegal,47589,Saint louis,2011,0.0,16.604326356132077,62.46228448275862,0.0,18.35918582940252,0.7429131657822327,20.183540929638365,0.0
217,Senegal,47589,Saint louis,2012,0.0,16.814303262578616,62.25920999461207,0.0,18.977002260220125,0.7640075299724842,21.257387480345912,0.0
217,Senegal,47589,Saint louis,2013,0.0,17.133774321933963,69.80967133620689,0.0,19.38748157429245,0.764588937819379,22.454102790880505,0.0
217,Senegal,47589,Saint louis,2014,0.0,17.486310927672957,77.87611126077586,0.0,20.81703763757861,0.7863323475579795,20.557814956761007,0.0
217,Senegal,47589,Saint louis,2015,0.0,17.54520685927673,84.43761224856321,0.0,20.805913423742137,0.7822737016018082,22.244243808962263,0.0
217,Senegal,47589,Saint louis,2016,0.0,17.811399371069182,89.19251751077586,0.0,21.418641902515724,0.8023233281741352,23.827803164308172,0.0
217,Senegal,47589,Saint louis,2017,0.0,17.888217374213838,97.14513739224138,0.0,22.48451749213837,0.8115164510858883,25.969754815251573,0.0
217,Senegal,47589,Saint louis,2018,0.0,18.26371486831761,104.19662580818964,0.0,23.155110062893083,0.8333681886301101,26.60559404481132,0.0
217,Senegal,47589,Saint louis,2019,0.0,18.06989362224843,113.50738595545975,0.0,22.907485750786165,0.8259407859178459,27.969939072327044,0.0
217,Senegal,47589,Saint louis,2020,0.0,18.25584709119497,120.11400299717911,0.0,24.841580680031445,0.8298737531937893,27.86714082154088,0.0
217,Senegal,47589,Saint louis,2021,0.0,18.21902638561321,131.06686253561253,0.0,23.53921481918239,0.8263230425756682,28.765487421383646,0.0
79,Ethiopia,47678,Oromia,2001,0.0,46.921561501924494,57.3413337628866,0.0,5.724642484235526,2.547584049473835,8.077872921955613,0.0397851792485703
79,Ethiopia,47678,Oromia,2002,0.0,53.86624692874693,62.26584588793726,0.0,6.547166129197379,3.0138724662162164,10.113376586814088,0.0394922992065656
79,Ethiopia,47678,Oromia,2003,0.0,51.688948607698606,57.922096024780586,0.0,7.1331567362817365,3.0454865376740377,11.280159705159706,0.0425837107447706
79,Ethiopia,47678,Oromia,2004,0.0,51.357815828281176,54.3145402892562,0.0,8.823594697280026,3.08368034931591,12.739353340570212,0.0427373735736514
79,Ethiopia,47678,Oromia,2005,0.0,53.52193287985576,49.11509248734112,0.0,9.71943700315522,3.1904308079618096,14.658718857564336,0.0441704131874838
79,Ethiopia,47678,Oromia,2006,0.0,57.18774073922308,51.99956081430195,0.0,11.04414875635142,3.365757790731028,16.699502386903788,0.0441915558259136
79,Ethiopia,47678,Oromia,2007,0.0,63.11520652352073,60.19957760669629,0.0,12.93124718283888,3.584496586112932,18.41468995861334,0.0441210252179697
79,Ethiopia,47678,Oromia,2008,0.0,64.96891390755614,57.966634804174845,0.0,12.962494621783314,3.631004394771349,18.400803915341747,0.0441637227416247
79,Ethiopia,47678,Oromia,2009,0.0,67.46860915348685,64.00811201818746,0.0,13.053908362697696,4.05888568640908,18.324361837253136,0.0456332054662472
79,Ethiopia,47678,Oromia,2010,0.0,70.81932209292796,74.95156685956391,0.0,13.560918677784151,4.122812717671884,17.985013931000573,0.0471520013425842
79,Ethiopia,47678,Oromia,2011,0.0,69.0785462591166,68.28845309432792,0.0,13.471221216094404,3.990174675284766,17.056599811521757,0.048686342331013
79,Ethiopia,47678,Oromia,2012,0.0,71.60631094812751,76.61554106404958,0.0,14.297184862328937,3.878534927374416,17.989122807916086,0.04945080339416
79,Ethiopia,47678,Oromia,2013,0.0,72.98586413177088,78.1176007231405,0.0,16.74680150372859,3.990885950176186,19.337057229779564,0.0502091053103612
79,Ethiopia,47678,Oromia,2014,0.0,75.11321083251393,86.61389649648615,0.0,17.327521970255653,4.133590613221075,20.651033984759096,0.0517094845907803
79,Ethiopia,47678,Oromia,2015,0.0,76.6626362258276,92.05302521442596,0.0,17.655582954359225,4.230454346423304,20.340048600868567,0.0527519785053315
79,Ethiopia,47678,Oromia,2016,0.0,78.83123004175879,90.4931315843834,0.0,17.947303846311307,4.384251156554491,21.63867907148121,0.0537637900872753
79,Ethiopia,47678,Oromia,2017,0.0,80.13340125327655,85.42262581378526,0.0,19.471311076752947,4.0790417272485255,22.075217070773263,0.0526724915200426
79,Ethiopia,47678,Oromia,2018,0.0,81.42915031477393,90.14796469740634,0.0,23.148769009075306,3.917516517966642,23.241617099991824,0.052922455751145
79,Ethiopia,47678,Oromia,2019,0.0,86.54407372555437,74.5517074242581,0.0,30.050742574257427,4.286715745438181,28.08855914000491,0.0537026067786423
79,Ethiopia,47678,Oromia,2020,0.0,92.56813557942708,85.42086390502395,0.0,30.9812494913737,4.341145833333333,30.080332438151043,0.0535889418254165
79,Ethiopia,47678,Oromia,2021,0.0,87.77035953861257,62.91485946364105,0.0,27.166790228239527,4.341689823809719,26.768099640052355,0.0549602349189337
79,Ethiopia,47679,Somali,2001,0.0,4.811659774721333,26.24357119278169,0.0,10.647658922856197,0.0126155909798206,12.724271603575763,0.0347077087617256
79,Ethiopia,47679,Somali,2002,0.0,5.538524911019755,28.357954545454547,0.0,12.17616622751352,0.0154589494069417,15.909364308575212,0.0350461399328381
79,Ethiopia,47679,Somali,2003,0.0,5.330911420962579,28.246643109540635,0.0,13.313802227067006,0.0112191373682173,17.760466111049784,0.0374381264191213
79,Ethiopia,47679,Somali,2004,0.0,5.308147580578284,24.790951542439373,0.0,16.397718791463955,0.0122255298999573,20.128374129256965,0.0380013529822421
79,Ethiopia,47679,Somali,2005,0.0,5.414285801004551,22.903719465819613,0.0,18.07582695082695,0.0108446934986814,23.051320207570207,0.0387868915358525
79,Ethiopia,47679,Somali,2006,0.0,5.8862912261349765,24.66109788537196,0.0,20.43311376123876,0.0119628137251772,26.214301323676324,0.0384191150146833
79,Ethiopia,47679,Somali,2007,0.0,6.500816024253524,27.310650259299,0.0,24.099698912198917,0.0113455927125823,29.06362907925408,0.0385220190656713
79,Ethiopia,47679,Somali,2008,0.0,6.675452585608836,26.957977796640456,0.0,24.23242209179709,0.0121219111423866,29.149943806193807,0.0376113962496579
79,Ethiopia,47679,Somali,2009,0.0,6.964745324120324,30.710030043781277,0.0,24.466842185592185,0.0135647316227624,28.949668387168387,0.0405553172877041
79,Ethiopia,47679,Somali,2010,0.0,7.287446928071928,34.69603236607143,0.0,25.41038995726496,0.0122254181754503,28.46622648185148,0.0412621198381696
79,Ethiopia,47679,Somali,2011,0.0,6.9366019122361005,31.38186029935852,0.0,25.043474356140155,0.0123034172262675,26.867093373493976,0.0430406555480304
79,Ethiopia,47679,Somali,2012,0.0,7.331672759564352,36.21676348824786,0.0,26.51628151260504,0.0129686496058978,28.2562472357364,0.0436709640372512
79,Ethiopia,47679,Somali,2013,0.0,7.453351424225664,36.76589785281539,0.0,31.113817063053094,0.0125215253065884,30.517629977876105,0.0443488465660568
79,Ethiopia,47679,Somali,2014,0.0,7.557663483956922,40.32367745535714,0.0,32.26788192516931,0.0140562295478361,32.77746474963917,0.0461776624407087
79,Ethiopia,47679,Somali,2015,0.0,7.853631203508383,41.73594753747324,0.0,32.86807483068724,0.012765373346851,32.21341040301987,0.0465930881541086
79,Ethiopia,47679,Somali,2016,0.0,7.993551764689701,42.79596177833214,0.0,33.18657845510563,0.0134824178108763,34.056300203565144,0.0465196975196843
79,Ethiopia,47679,Somali,2017,0.0,8.151739887359893,40.18613002232143,0.0,36.01291823881922,0.012437742036249,34.82285193097326,0.045803358895438
79,Ethiopia,47679,Somali,2018,0.0,8.285671227402998,38.65533301558355,0.0,42.5647975914903,0.0121479469643139,36.32935130070547,0.0427912033070929
79,Ethiopia,47679,Somali,2019,0.0,8.866695913328154,34.87882607926398,0.0,55.33615511596937,0.0134096355459215,44.11085062701143,0.046503324839382
79,Ethiopia,47679,Somali,2020,0.0,9.44488341083151,35.778218810522915,0.0,56.89033438183807,0.0129537625596137,47.22757453501094,0.0429145069257762
79,Ethiopia,47679,Somali,2021,0.0,9.011676253052842,28.16564178979181,0.0,50.27097788077265,0.0145047234988462,42.36599064720249,0.0472500495577595
133,Kenya,51325,Central,2001,0.0,48.5319726933112,405.8592819940476,0.0,15.833182000118596,0.0094682182650115,18.68353074596774,6.202873108878968
133,Kenya,51325,Central,2002,0.0,50.81474590844402,422.2658110119048,0.0,16.737100850925046,0.0093273211701771,23.71345951435009,6.336115277002728
133,Kenya,51325,Central,2003,0.0,53.19206964539848,425.49026537698415,0.0,17.60190716911765,0.0093633883806235,20.60573929672676,7.719744969928075
133,Kenya,51325,Central,2004,0.0,55.48817006641366,389.6977306547619,0.0,19.81655820090133,0.009411499386742,25.89616194259962,7.155745733351934
133,Kenya,51325,Central,2005,0.0,55.31331905241935,403.5731026785714,0.0,20.51448907435958,0.009360209361878,25.164722189278937,6.004871671161954
133,Kenya,51325,Central,2006,0.0,52.82084988733397,419.8068576388889,0.0,15.096305369425997,0.0093587975274948,20.782643500948765,5.906646728515625
133,Kenya,51325,Central,2007,0.0,74.53084232685009,461.88405257936506,0.0,41.31433082305503,0.0093700645083472,41.566031931926,5.969557504805308
133,Kenya,51325,Central,2008,0.0,78.05163365749526,495.7145027281746,0.0,42.83989563567363,0.0096628856296321,43.36765447106262,6.501958453466022
133,Kenya,51325,Central,2009,0.0,74.16499644212524,479.50694444444446,0.0,40.86137630455408,0.0095745191628385,43.45827650616698,6.24302988203745
133,Kenya,51325,Central,2010,0.0,75.80240453036053,459.0347532242063,0.0,41.65483055621442,0.0099081323540414,44.35294117647059,6.510313972594246
133,Kenya,51325,Central,2011,0.0,77.24091259487666,465.6411520337302,0.0,42.56883746442125,0.0098979795546758,45.20502994544592,6.405470106336805
133,Kenya,51325,Central,2012,0.0,81.43661794354838,522.636470734127,0.0,32.89893412001898,0.0103646555254536,41.561706890417454,7.61907958984375
133,Kenya,51325,Central,2013,0.0,77.11527514231499,601.0985243055555,0.0,36.62601547675522,0.0106504045058565,42.49175759013283,8.034840417286706
133,Kenya,51325,Central,2014,0.0,77.74894004981024,640.3867807539683,0.0,40.476125177893735,0.0106421349396968,43.84323855550284,7.992538694351438
133,Kenya,51325,Central,2015,0.0,79.71920955882354,630.2074652777778,0.0,37.09627016129032,0.01064363602669,43.327709914611006,8.591606019035218
133,Kenya,51325,Central,2016,0.0,87.35535015417457,658.8861607142857,0.0,39.46138223434535,0.0105933057289195,48.54379892077799,9.405858599950395
133,Kenya,51325,Central,2017,0.0,77.9239281902277,726.444568452381,0.0,37.98602792931689,0.010665214943931,47.99074211337761,10.422047448536706
133,Kenya,51325,Central,2018,0.0,83.68834499525617,756.9722222222222,0.0,39.735008746442126,0.010722746659049,50.29857981499051,10.6617431640625
133,Kenya,51325,Central,2019,0.0,89.02565375948767,845.9663938492064,0.0,51.78768011740987,0.0110653924398095,70.03671282020873,11.09862796843998
133,Kenya,51325,Central,2020,0.0,113.87200545540796,863.8804455445545,0.0,53.42674484108159,0.0112010224720558,65.06903759487666,12.065696550123764
133,Kenya,51325,Central,2021,0.0,97.06519805502846,888.1694568452381,0.0,48.28531561314042,0.0113953964986203,63.40369277751423,12.505393376426092
133,Kenya,51326,Coast,2001,0.0,8.371537587813073,25.63971798122572,0.4757274847764235,8.050188869693036,0.003396713855906,3.207410659743433,0.123347058563154
133,Kenya,51326,Coast,2002,0.0,8.724583126527184,26.466480767155804,0.5515629577636719,8.440942129276115,0.003395092753109,3.9143073863202495,0.1189611322739545
133,Kenya,51326,Coast,2003,0.0,9.178700796044591,26.81570460924007,0.57396484375,8.896790408330787,0.0034298899412417,3.433400764069181,0.1384395793574483
133,Kenya,51326,Coast,2004,0.0,9.536400069677764,24.594421281303973,0.3393573379516602,9.970840929482284,0.0037343124485918,4.355537950519243,0.1367507995850589
133,Kenya,51326,Coast,2005,0.0,9.510594838118507,25.48520482512953,0.4778940494243915,10.32329170166463,0.0034869297572544,4.200467938683568,0.1165334091378699
133,Kenya,51326,Coast,2006,0.0,9.078565855032071,26.253577355893785,0.4853345430814303,7.627592036690593,0.0033888262129428,3.4259539530200063,0.1053961483739473
133,Kenya,51326,Coast,2007,0.0,12.82604421197312,28.9678695757772,0.5312284088134765,20.703817005192427,0.0034767551824697,6.840764236217166,0.1057161443373736
133,Kenya,51326,Coast,2008,0.0,13.409063359040928,31.244420606649395,0.2870346450805664,21.47511644777031,0.0035459759349179,7.208474916004887,0.1156661498286366
133,Kenya,51326,Coast,2009,0.0,12.74746302480916,30.044469598965076,0.5226124572753906,20.599334446564885,0.0037283234725906,7.160179508587786,0.1099591577728662
133,Kenya,51326,Coast,2010,0.0,13.04977010836386,28.76249191461837,0.5099702453613282,20.92260473901099,0.0037240030501801,7.403441935668498,0.1114589508042949
133,Kenya,51326,Coast,2011,0.0,13.245467748397436,29.3619308372896,0.6307307879130045,21.391702915140414,0.0036566452130879,7.542247953869047,0.1218919427746784
133,Kenya,51326,Coast,2012,0.0,13.968776232448109,32.80664906547105,0.6295923233032227,16.462960975656287,0.0038694907029897,6.738274095695971,0.1308165576651865
133,Kenya,51326,Coast,2013,0.0,13.255948803800369,37.86531452483801,0.5820211172103882,18.271051539606223,0.0038017991477605,6.971422132554945,0.139649878302924
133,Kenya,51326,Coast,2014,0.0,13.319265267175572,40.23502716803633,0.5028931544377253,20.319479961832062,0.0037484467470217,7.250549260496183,0.1418776193089052
133,Kenya,51326,Coast,2015,0.0,13.688125,39.31808662991786,0.3841484509981595,18.68509184160305,0.0037790097188688,7.043215052480916,0.1523505768537192
133,Kenya,51326,Coast,2016,0.0,14.96229360509457,41.6958058499135,0.4033547210693359,19.83801932390177,0.0037814575818277,7.967726962896584,0.1578936999357199
133,Kenya,51326,Coast,2017,0.0,13.402829198473285,45.7208121484206,0.3534642366262582,19.15587070610687,0.0039920150732793,7.931108659351145,0.1739173281745543
133,Kenya,51326,Coast,2018,0.0,14.340419808805606,47.05532312742144,0.4788796997070312,19.90107975319927,0.0037323780004421,8.263123785991773,0.1768291838272758
133,Kenya,51326,Coast,2019,0.0,15.272118336256865,53.4525886496114,0.430970230102539,26.00153962019524,0.0038665804703799,11.428706766702255,0.1848433603464938
133,Kenya,51326,Coast,2020,0.0,19.48782393292683,53.95813335849871,0.3326366131122296,26.73038300304878,0.0037782758212321,10.55861875952744,0.2017705662329957
133,Kenya,51326,Coast,2021,0.0,16.667420588010984,55.49876556462001,0.2602384376525879,24.24729493974985,0.0040731406482917,10.343635600976205,0.2083387660359612
133,Kenya,51327,Eastern,2001,0.0,9.64381615577582,66.61467233750382,0.0,12.918132546092348,0.0037897931630962,4.833683232378855,0.6535336129949071
133,Kenya,51327,Eastern,2002,0.0,10.041045898596836,68.37239106379731,0.0,13.531701235927558,0.0040888159291477,5.8973043114700605,0.7324641581171933
133,Kenya,51327,Eastern,2003,0.0,10.532257632770436,69.45451940709046,0.0,14.266660038342309,0.0040892460594879,5.164413992392723,0.7178829704556812
133,Kenya,51327,Eastern,2004,0.0,10.95206956681351,63.99958365237366,0.0,16.11250560858215,0.0039176264781552,6.598730166014032,0.7154348746701156
133,Kenya,51327,Eastern,2005,0.0,10.979306881220428,66.1038042228694,0.0,16.612963217898514,0.0036815620191169,6.443206732338065,0.5564058422113587
133,Kenya,51327,Eastern,2006,0.0,10.469207609316364,68.57009229473039,0.0,12.240261461902431,0.0045079082091224,5.228091475974874,0.5604726446060166
133,Kenya,51327,Eastern,2007,0.0,14.769981848588676,75.46712239583333,0.0,33.454249265785606,0.003790116730505,10.37867107195301,0.55723115897473
133,Kenya,51327,Eastern,2008,0.0,15.491740088105727,81.41625497855392,0.0,34.76798825256975,0.0049591081849591,10.848568281938324,0.6036243908511006
133,Kenya,51327,Eastern,2009,0.0,14.71998898678414,78.16483800551471,0.0,33.245406061347694,0.0040563589753115,10.917346069913526,0.5814521859975962
133,Kenya,51327,Eastern,2010,0.0,15.052233745309186,74.70027190563725,0.0,33.8227535079132,0.004589930566429,11.176621899983685,0.5989778085108428
133,Kenya,51327,Eastern,2011,0.0,15.31442382175473,76.23714725451208,0.0,34.66116784898891,0.0041267821579741,11.299043440150031,0.5899943133829852
133,Kenya,51327,Eastern,2012,0.0,16.061905016715592,85.33310702264382,0.0,26.589609324037838,0.0043869493184266,10.17917214509948,0.716339636200476
133,Kenya,51327,Eastern,2013,0.0,15.224254811613111,97.91739637503824,0.0,29.42799655439569,0.0050548932186741,10.550469055822868,0.7575851104082583
133,Kenya,51327,Eastern,2014,0.0,15.355719224180127,104.03355383909452,0.0,32.56686449665524,0.0043617352101597,10.956529664300865,0.7453409705989423
133,Kenya,51327,Eastern,2015,0.0,15.724002947054984,101.60320434383604,0.0,29.91186877957253,0.0051778377302541,10.77416024229075,0.7987961960423048
133,Kenya,51327,Eastern,2016,0.0,17.189111192690486,107.40564811984105,0.0,31.733979849893945,0.0044084807573738,11.834126182900963,0.9002825888015185
133,Kenya,51327,Eastern,2017,0.0,15.398912954805024,117.76798547400612,0.0,30.511775473160384,0.0043825621775315,11.79378773046174,0.9941449606265308
133,Kenya,51327,Eastern,2018,0.0,16.481930168053516,120.59565882975508,0.0,31.77190406265296,0.0040698837447952,12.2457629711209,0.9600172662864755
133,Kenya,51327,Eastern,2019,0.0,17.53389113232175,135.13555995813397,0.0,41.75001019742209,0.0044038553288913,17.30168053516071,1.0001568223871111
133,Kenya,51327,Eastern,2020,0.0,22.43146411092985,136.02194720082937,0.0,42.98057707993475,0.0043313968268436,15.955301794453508,1.0868455064240226
133,Kenya,51327,Eastern,2021,0.0,19.19578285609398,140.48329757324652,0.0,38.847275758688205,0.0044365386456988,15.661177904225813,1.130087145223864
133,Kenya,51328,Nairobi,2001,0.0,43.31355503627232,809.1647600446429,0.0,19.831189836774552,0.0049911875809941,15.6095461164202,30.71689932686942
133,Kenya,51328,Nairobi,2002,0.0,42.10491943359375,837.5142299107143,0.0,20.59796142578125,0.0050499648959548,18.314971923828125,31.94502694266183
133,Kenya,51328,Nairobi,2003,0.0,44.87374441964285,836.9686802455357,0.0,21.330317905970983,0.0049115105399063,16.83483668736049,41.02865164620536
133,Kenya,51328,Nairobi,2004,0.0,48.42564174107143,778.1165597098214,0.0,21.985181535993306,0.0047972878175122,18.80918230329241,36.39755467006138
133,Kenya,51328,Nairobi,2005,0.0,45.982177734375,811.8346819196429,0.0,22.726139613560267,0.0046891719102859,17.216666085379465,31.745720999581472
133,Kenya,51328,Nairobi,2006,0.0,43.544629778180806,837.7931082589286,0.0,18.87796892438616,0.0049635342189243,15.4726322719029,30.247931344168528
133,Kenya,51328,Nairobi,2007,0.0,63.188345772879465,902.0803571428572,0.0,52.006155831473215,0.0048275488827909,29.383898053850448,31.42471095493861
133,Kenya,51328,Nairobi,2008,0.0,65.84742954799107,966.4607282366072,0.0,52.06156703404018,0.005004625235285,32.483119419642854,33.13873073032924
133,Kenya,51328,Nairobi,2009,0.0,60.41448974609375,965.9264787946428,0.0,45.47416469029018,0.0049258768558502,31.408981323242188,31.57460675920759
133,Kenya,51328,Nairobi,2010,0.0,62.89979771205357,891.2958286830357,0.0,49.960580008370535,0.004859663013901,34.970345633370535,32.41773550851004
133,Kenya,51328,Nairobi,2011,0.0,65.68034144810268,905.9762834821428,0.0,49.414986746651785,0.0050597467592784,34.349090576171875,32.75136457170759
133,Kenya,51328,Nairobi,2012,0.0,66.77895682198661,974.9185965401786,0.0,39.34626988002232,0.0053385144897869,28.6617431640625,39.56266566685268
133,Kenya,51328,Nairobi,2013,0.0,61.71891566685268,1193.280133928571,0.0,42.91573224748884,0.0056042852146284,30.621834891183035,40.90315464564732
133,Kenya,51328,Nairobi,2014,0.0,62.9456787109375,1294.811802455357,0.0,46.79566301618304,0.0055097426686968,32.92789568219866,40.01648385184152
133,Kenya,51328,Nairobi,2015,0.0,62.8062482561384,1292.017717633929,0.0,43.926465715680806,0.0055170825549534,30.702213832310267,43.296055385044646
133,Kenya,51328,Nairobi,2016,0.0,71.14498901367188,1297.993024553571,0.0,46.914642333984375,0.0053754459534372,36.17044939313616,47.04139927455357
133,Kenya,51328,Nairobi,2017,0.0,62.2244131905692,1511.275669642857,0.0,44.641331263950896,0.0055898896285465,35.37235369001116,51.84471348353794
133,Kenya,51328,Nairobi,2018,0.0,67.24388340541294,1566.376116071429,0.0,47.70463344029018,0.0054789925260203,37.87437656947544,53.57017299107143
133,Kenya,51328,Nairobi,2019,0.0,73.47412109375,1807.4647042410716,0.0,62.52114432198661,0.0055866896041801,48.92149135044643,55.44788033621652
133,Kenya,51328,Nairobi,2020,0.0,90.91945975167413,1783.484095982143,0.0,63.3841291155134,0.0060936537172113,46.29911586216518,61.67529296875
133,Kenya,51328,Nairobi,2021,0.0,84.81149727957589,1720.921037946429,0.0,56.740591866629465,0.0056086821215493,46.896009172712056,60.947008405412944
133,Kenya,51329,North Eastern,2001,0.0,24.863980348355348,22.158462766617063,0.0,47.69800974488474,0.0037347746906622,29.372685185185187,0.0975768057791678
133,Kenya,51329,North Eastern,2002,0.0,25.869539759465766,22.97600141339463,0.0,49.99348418049792,0.0038267941533199,35.845395163381745,0.0962136199508888
133,Kenya,51329,North Eastern,2003,0.0,27.14879832641412,23.164672123508947,0.0,52.82863177867151,0.0038396648083272,31.59379054229372,0.1170924833451194
133,Kenya,51329,North Eastern,2004,0.0,28.22818013751946,21.50377263581489,0.0,59.046911488064346,0.0042784805975472,39.82644654903996,0.1166796019940922
133,Kenya,51329,North Eastern,2005,0.0,28.23671895276408,22.45448746219758,0.0,61.290058071632494,0.003671950835361,38.72538849597717,0.0979778061872758
133,Kenya,51329,North Eastern,2006,0.0,26.93333117051648,23.37462000693044,0.0,45.05221175058396,0.0039026896158854,31.66589751492344,0.0982301104873706
133,Kenya,51329,North Eastern,2007,0.0,37.98854382948352,25.762272004158262,0.0,123.27718660783805,0.0043396352987872,62.77107124318713,0.0997878500886285
133,Kenya,51329,North Eastern,2008,0.0,39.83035540487931,27.299999214034205,0.0,127.48361666234103,0.0041197601117585,66.11828445367246,0.1045857667922973
133,Kenya,51329,North Eastern,2009,0.0,37.9010470737088,26.366586236167,0.0,122.59719698935892,0.0042710766062006,66.26697540877238,0.1059811425587487
133,Kenya,51329,North Eastern,2010,0.0,38.71993008694524,25.46309497610664,0.0,124.37802524007267,0.0046784374899764,67.859991402803,0.1081827370224485
133,Kenya,51329,North Eastern,2011,0.0,39.16500806451613,25.990182238193015,0.0,126.61932258064516,0.0049381834341897,68.2395,0.1029395711385951
133,Kenya,51329,North Eastern,2012,0.0,41.24893520908621,29.35370411960985,0.0,97.32234931595252,0.0044528232421246,61.61742546463604,0.1249461572605759
133,Kenya,51329,North Eastern,2013,0.0,39.14772800776197,34.458531185831625,0.0,108.57654430789134,0.0046627451317155,63.68896749676585,0.1302842226895419
133,Kenya,51329,North Eastern,2014,0.0,39.60748376623376,36.15215045103093,0.0,120.62055194805195,0.0045099242638768,66.85364042207792,0.1260539676334049
133,Kenya,51329,North Eastern,2015,0.0,40.58076704545454,35.50450102880659,0.0,110.71782467532468,0.0044832011264582,64.89578733766234,0.1378958418562605
133,Kenya,51329,North Eastern,2016,0.0,44.17599787206603,37.46714248971193,0.0,117.50566643022955,0.004905940976673,72.87566900954346,0.1319763244956172
133,Kenya,51329,North Eastern,2017,0.0,39.78258963367109,41.26043841336117,0.0,113.38209599896076,0.0043484815847579,72.66390620940504,0.1432381477255833
133,Kenya,51329,North Eastern,2018,0.0,42.34206146587384,39.93495674951267,0.0,117.32804420889347,0.0042269383565716,74.93633660806618,0.1560127971530298
133,Kenya,51329,North Eastern,2019,0.0,45.16020077720207,46.46236157077393,0.0,154.08845531088082,0.0045829280232905,105.25820110103626,0.1453366987776048
133,Kenya,51329,North Eastern,2020,0.0,57.76861616357069,47.38130887219959,0.0,157.9095233488132,0.0043555424992991,97.5047568369453,0.1475411256154378
133,Kenya,51329,North Eastern,2021,0.0,49.49219762244105,45.79782162954981,0.0,143.18531355273387,0.0049388694494164,95.81653278051309,0.1510885255830782
133,Kenya,51330,Nyanza,2001,0.0,81.27914303296232,255.74516839963837,1.329851786295573,18.953857421875,0.0032125492639179,14.505481458690069,2.009116202107821
133,Kenya,51330,Nyanza,2002,0.0,84.26145119863014,262.0386958483754,1.410201416015625,19.748078646725173,0.0032464154431077,17.506038299978595,2.0325116870205324
133,Kenya,51330,Nyanza,2003,0.0,87.79104238013699,267.53187160940325,1.43474609375,20.98006073416096,0.0031797071876649,15.399467572773972,2.483535959750791
133,Kenya,51330,Nyanza,2004,0.0,91.73840164811644,244.9721344765343,1.3057004143210018,23.29674456870719,0.0031718075089736,19.4091362104024,2.257036450107175
133,Kenya,51330,Nyanza,2005,0.0,91.83900765196918,253.4676500451264,1.619462721418626,24.405796834867296,0.003073922044238,19.04013103328339,1.920334137734093
133,Kenya,51330,Nyanza,2006,0.0,87.78995879708904,258.5646357913669,1.2444173572132888,18.289320018193493,0.0032204074244345,15.55420925192637,1.9035508409678508
133,Kenya,51330,Nyanza,2007,0.0,122.5210830479452,285.7805193345324,0.6359492111206054,47.405136317422944,0.0032158121466636,29.956894129922944,1.9102739292940647
133,Kenya,51330,Nyanza,2008,0.0,127.98961900684932,309.4620777027027,1.4315312950356494,49.05198188677226,0.0032142769467007,31.78190215646404,2.0867807749155407
133,Kenya,51330,Nyanza,2009,0.0,121.88643782106163,298.05031588447656,1.3289397589050898,47.23064265839041,0.0033093970688209,31.409186376284246,2.0152746537962547
133,Kenya,51330,Nyanza,2010,0.0,124.84329516267124,285.1739301801802,1.3871208116846176,47.88822372645548,0.0033976857624356,32.140708609803085,2.1155609955658785
133,Kenya,51330,Nyanza,2011,0.0,126.87157534246576,289.7926238738739,0.7613208770751954,49.06960683326199,0.0033575035631656,33.69318881100171,2.053464817356419
133,Kenya,51330,Nyanza,2012,0.0,134.23782641267124,324.4723752248201,1.4026396824763372,38.1419025577911,0.003268893322219,30.301904965753423,2.449418541338804
133,Kenya,51330,Nyanza,2013,0.0,127.37190978167808,372.9042193140794,1.622233777943224,42.07311844499144,0.0034098852248418,31.402009310787676,2.575581795041742
133,Kenya,51330,Nyanza,2014,0.0,127.9994247645548,397.3420264466546,1.3625509643554687,46.477077536386986,0.0033418042961799,32.90882518193493,2.5698758723722874
133,Kenya,51330,Nyanza,2015,0.0,131.60795697773972,386.16389327617327,1.6031031844639545,43.22414116010274,0.0034496057407129,31.63548801369863,2.7724871583794
133,Kenya,51330,Nyanza,2016,0.0,144.49347174657535,408.8325812274368,1.6457118062139715,45.88307670697774,0.0033810767679583,35.328773812071915,3.0149132904162905
133,Kenya,51330,Nyanza,2017,0.0,129.54068118578766,451.4990128610109,1.6020452461990655,44.12556185787671,0.0036383394039038,34.92238334760274,3.3001836783619134
133,Kenya,51330,Nyanza,2018,0.0,138.1003852739726,465.984740990991,1.6397100595327525,45.635033176369866,0.0034102628382112,36.389625026755134,3.383096230996621
133,Kenya,51330,Nyanza,2019,0.0,146.67369434931507,531.0183423913044,0.7216967934056332,59.43045002140411,0.0033230507577835,49.86619087114726,3.5756588258605078
133,Kenya,51330,Nyanza,2020,0.0,186.9259952910959,535.583786231884,1.882971433129641,61.05850010702055,0.0034742429084384,46.44582084760274,3.888679836107337
133,Kenya,51330,Nyanza,2021,0.0,160.26686911386986,547.6223451327434,1.67520691467835,55.98924777932363,0.00364105102143,46.10663928724315,3.9155247511061946
133,Kenya,51331,Rift Valley,2001,0.0,24.347412800991503,49.18996496088657,0.1258046746253967,16.738429532577904,0.006118815817484,18.380051566926344,0.4580508328744493
133,Kenya,51331,Rift Valley,2002,0.0,25.33044440509915,50.68866136919316,0.1017475818332872,17.55454585694051,0.0061057536705924,22.54787535410765,0.4691127644349146
133,Kenya,51331,Rift Valley,2003,0.0,26.57711579320113,51.37754893964111,0.1547400323968184,18.48556236720963,0.0061406628003514,19.68270405453258,0.5825181771258157
133,Kenya,51331,Rift Valley,2004,0.0,27.58271069405099,47.36946694485354,0.0973618030548095,20.49632834631728,0.0061170144221565,24.74979417492918,0.5383108133707669
133,Kenya,51331,Rift Valley,2005,0.0,27.56493227691218,49.05330460946455,0.0679226043896797,21.48988801345609,0.0059355547808865,24.139618006373937,0.454148410889794
133,Kenya,51331,Rift Valley,2006,0.0,26.30730789660057,51.08842910936477,0.0982036259439256,15.790655984419264,0.0063077843139678,19.648734065155807,0.4441490604767661
133,Kenya,51331,Rift Valley,2007,0.0,37.115879514872525,55.95555521447282,0.0626758072111341,43.07804532577904,0.0062046221790252,39.24764075779037,0.4528942895076129
133,Kenya,51331,Rift Valley,2008,0.0,38.90382436260623,60.39465659790439,0.0655259458642257,44.616744865439095,0.0064766851698574,41.2125,0.4879116815293468
133,Kenya,51331,Rift Valley,2009,0.0,37.022361898017,58.29147224950884,0.0629656131450946,42.92114022662889,0.0062201614306978,41.18632259206799,0.4683831095617428
133,Kenya,51331,Rift Valley,2010,0.0,37.81613845609065,55.754590019649584,0.1046118736267089,43.396565155807366,0.0064169542013342,42.262986898017,0.4859783246939987
133,Kenya,51331,Rift Valley,2011,0.0,38.445865793201136,56.64152604849279,0.048511947456159,44.45601983002833,0.0061897158868759,43.00993271954674,0.4817009322140195
133,Kenya,51331,Rift Valley,2012,0.0,40.5048822592068,63.3004118177348,0.072537950567297,34.12444891997167,0.0065269391937882,38.68026735127479,0.57449342320931
133,Kenya,51331,Rift Valley,2013,0.0,38.43597733711048,72.90546106557377,0.0898041850642154,37.93239199716714,0.00693971830355,39.92687234419263,0.6030433529713115
133,Kenya,51331,Rift Valley,2014,0.0,38.6039040368272,77.63578399212727,0.0732399561466314,42.30321352691218,0.0065924225527192,41.59802142351275,0.5954647905732328
133,Kenya,51331,Rift Valley,2015,0.0,39.695365616147306,76.46030834836805,0.0757266018125746,38.72869157223796,0.0066682617619352,40.24405541784702,0.6407963028692389
133,Kenya,51331,Rift Valley,2016,0.0,43.53805771954674,80.07657145782146,0.0947802993986341,41.38913332152975,0.0066324915053184,45.75832152974504,0.7003653790035222
133,Kenya,51331,Rift Valley,2017,0.0,38.84180683427762,88.00764469585178,0.0769084252809223,39.70148282577904,0.0066920961592213,44.97433162181303,0.7626777795284063
133,Kenya,51331,Rift Valley,2018,0.0,41.59574628186969,91.21080716388616,0.0784395431217394,41.194945113314446,0.0065120816672193,46.85082330028329,0.7816272719373569
133,Kenya,51331,Rift Valley,2019,0.0,44.25430683427762,102.46903538812784,0.0403282245000203,53.98201575779037,0.0066291273970406,65.581838703966,0.8122095156555773
133,Kenya,51331,Rift Valley,2020,0.0,56.6899883111363,104.40126973791308,0.1198291005315007,55.48356474922074,0.0068165882073155,60.89859025219609,0.9062755944265832
133,Kenya,51331,Rift Valley,2021,0.0,48.43803573958628,107.861047743197,0.0832119941711425,50.3225860725418,0.0070695845586939,59.71923703598753,0.9223273981077889
133,Kenya,51332,Western,2001,0.0,93.0423390858209,357.5747667910448,0.5209111404418946,15.005722364738808,0.0059862465694032,10.144254314365671,9.01361430153918
133,Kenya,51332,Western,2002,0.0,96.7060750932836,369.3560634328358,0.5311872042142428,15.764441464552238,0.0058388974116398,12.359312325093285,9.096168085354478
133,Kenya,51332,Western,2003,0.0,101.58288246268656,373.3847714552239,0.5310018539428711,16.664689249067163,0.005879533143691,10.91817135027985,11.241730556203358
133,Kenya,51332,Western,2004,0.0,105.3559468283582,342.26254664179106,0.5262081623077393,18.79228661380597,0.0060708695781719,13.735746560167913,10.31243368120336
133,Kenya,51332,Western,2005,0.0,105.38369869402985,353.51753731343285,0.4706399043401082,19.223382112873136,0.0057738548354174,13.415963152985077,8.658912954757463
133,Kenya,51332,Western,2006,0.0,100.7861473880597,365.6106809701493,0.4919134378433227,14.33799994169776,0.0059252468055984,10.925383337220149,8.65155812733209
133,Kenya,51332,Western,2007,0.0,142.19060167910447,404.7178638059701,0.2539977033933003,38.430795242537314,0.0058616355884294,21.57136339785448,8.672197119869402
133,Kenya,51332,Western,2008,0.0,148.83388526119404,434.9152518656716,0.4050405820210774,40.15037021921642,0.0060137488359322,22.78722597947761,9.350142840485075
133,Kenya,51332,Western,2009,0.0,141.2331739738806,421.3754197761194,0.3654076258341471,38.27546058768657,0.0060651564376642,22.743879722481346,9.051300868703358
133,Kenya,51332,Western,2010,0.0,144.9908348880597,401.5574626865672,0.5068377685546875,39.15882404384328,0.0061899079866935,23.204127798507464,9.445751953125
133,Kenya,51332,Western,2011,0.0,147.5810517723881,410.05788246268656,0.2389196952184041,39.89280841884328,0.0062652414227709,23.661266907649253,9.299383453824626
133,Kenya,51332,Western,2012,0.0,155.27874300373134,454.6876865671642,0.5125452280044556,31.038613572761196,0.0064589832329097,21.505044601212685,11.07904544659515
133,Kenya,51332,Western,2013,0.0,147.48387360074628,525.7282649253731,0.7079540093739828,34.34953941231343,0.006770685867027,22.90001749067164,11.634358238106342
133,Kenya,51332,Western,2014,0.0,148.12653917910447,558.8141324626865,0.5236263275146484,38.01891033115672,0.0066732995736125,23.02108208955224,11.656745569029852
133,Kenya,51332,Western,2015,0.0,151.85170242537313,548.7652052238806,0.6847004095713297,34.90762010261194,0.0067015714966193,22.48886135727612,12.44101708255597
133,Kenya,51332,Western,2016,0.0,166.72487173507463,580.215578358209,0.6233530044555664,37.24716359608209,0.0065595966396909,25.27944263059701,13.596732159514923
133,Kenya,51332,Western,2017,0.0,148.8936333955224,634.0068563432836,0.6246181634756235,35.79835587686567,0.0067345560514009,24.95132346082089,14.94755713619403
133,Kenya,51332,Western,2018,0.0,159.10825559701493,657.1508395522388,0.6149137115478516,37.165674556902985,0.0067788230048285,25.87297982742537,15.288612115205224
133,Kenya,51332,Western,2019,0.0,169.54217583955224,747.6455223880597,0.2893466534821883,48.4345557369403,0.0068116347478153,36.712190998134325,16.091261951958955
133,Kenya,51332,Western,2020,0.0,217.7337686567164,761.3324626865672,0.831104736328125,50.378206623134325,0.007015012249802,33.96098705690299,17.469589552238805
133,Kenya,51332,Western,2021,0.0,185.46337453358208,777.0068563432836,0.5460713577270507,45.29557486007463,0.0071794240752612,33.07060401119403,18.503777985074628
170,Mozambique,65246,Lago niassa,2001,0.0,0.066459641456604,2.410551591352983,0.2728268883445046,1.0092816925048829,0.0,0.0267623998224735,0.0510436242276972
170,Mozambique,65246,Lago niassa,2002,0.0,0.0789244174957275,2.383369445800781,0.2587548169222745,0.8939065551757812,0.0,0.0329204286847795,0.0433535575866699
170,Mozambique,65246,Lago niassa,2003,0.0,0.0866805648803711,1.578853260387074,0.132778601212935,0.9058981323242188,0.0,0.0219832691881391,0.0456128066236322
170,Mozambique,65246,Lago niassa,2004,0.0,0.1027901840209961,1.679120150479403,0.1310262571681629,0.9460504913330078,0.0,0.0286116804395403,0.0479221235622059
170,Mozambique,65246,Lago niassa,2005,0.0,0.1171907520294189,1.59202749078924,0.1785775639794089,0.9422241973876954,0.0,0.0264427627835954,0.0564422769979997
170,Mozambique,65246,Lago niassa,2006,0.0,0.0957814598083496,1.9157465154474431,0.1047405112873424,0.7981072998046875,0.0,0.0176407137224751,0.0410798354582353
170,Mozambique,65246,Lago niassa,2007,0.0,0.117786521911621,1.807513497092507,0.1457866105166348,0.802298583984375,0.0,0.0373435898831016,0.0457481037486683
170,Mozambique,65246,Lago niassa,2008,0.0,0.1256250190734863,1.7779809778386897,0.1431577639146284,0.9071647644042968,0.0,0.0259667364033785,0.0510817007585005
170,Mozambique,65246,Lago niassa,2009,0.0,0.1170543956756591,2.486597407947887,0.2000399069352583,0.7435848999023438,0.0,0.031245281529981,0.0425726554610512
170,Mozambique,65246,Lago niassa,2010,0.0,0.1173536300659179,2.842574206265536,0.2071920958432284,0.7173856353759765,0.0,0.0304248740033405,0.0401977734132246
170,Mozambique,65246,Lago niassa,2011,0.0,0.1165977573394775,2.212807568636808,0.1374214887619018,0.6605723571777343,0.0,0.0309443008608934,0.049338394945318
170,Mozambique,65246,Lago niassa,2012,0.0,0.1440550994873047,1.8249718059193003,0.2079733501781117,0.8086228942871094,0.0,0.0273250079736477,0.0523944442922418
170,Mozambique,65246,Lago niassa,2013,0.0,0.1516008567810058,2.33376728404652,0.2219226360321045,0.8338629913330078,0.0,0.0241272720423611,0.0434578332034024
170,Mozambique,65246,Lago niassa,2014,0.0,0.1711856842041015,2.3812456997958096,0.3170897093686191,0.9333338165283204,0.0,0.0294024092810494,0.0593798431483182
170,Mozambique,65246,Lago niassa,2015,0.0,0.164889907836914,1.4248536716807971,0.2244711572473699,0.5962088012695312,0.0,0.0235716823269339,0.0556195053187283
170,Mozambique,65246,Lago niassa,2016,0.0,0.1622352981567383,1.8043548583984372,0.3149067772759331,0.7037338256835938,0.0,0.0311724205274839,0.05746095445421
170,Mozambique,65246,Lago niassa,2017,0.0,0.1826568031311035,1.8042877197265623,0.2905042860243055,0.5431151580810547,0.0,0.0357650697231292,0.0350014527638753
170,Mozambique,65246,Lago niassa,2018,0.0,0.2120707702636718,1.506426493326823,0.2526417626274956,0.64619140625,0.0,0.0267199846831235,0.0494534916347927
170,Mozambique,65246,Lago niassa,2019,0.0,0.191821117401123,2.140132310655382,0.22079529232449,0.6243182373046875,0.0,0.0242445062507282,0.0549788898891872
170,Mozambique,65246,Lago niassa,2020,0.0,0.1929151916503906,1.9971947564019097,0.2822422451443142,0.632818832397461,0.0,0.02174553948064,0.0458161777920193
170,Mozambique,65246,Lago niassa,2021,0.0,0.208943977355957,2.3874369082243545,0.3167533045229704,0.7179591369628906,0.0,0.0268307617732456,0.052253044169882
152,Malawi,65268,Area under National Administration,2001,0.0,4.409058182327835,61.76541015625,0.1932253287388728,19.209153917100693,0.0,1.241164313422309,0.5860161972045899
152,Malawi,65268,Area under National Administration,2002,0.0,4.059448524757668,70.1777099609375,0.2128404470590444,15.52928783275463,0.0,0.8851492140028212,0.6094692611694336
152,Malawi,65268,Area under National Administration,2003,0.0,4.1720996432834205,67.288681640625,0.1336218393765963,16.514295789930557,0.0,1.001855073151765,0.5856307983398438
152,Malawi,65268,Area under National Administration,2004,0.0,4.360769201208044,67.2542724609375,0.1553951043349046,19.6738439489294,0.0,1.7999502111364294,0.5943449783325195
152,Malawi,65268,Area under National Administration,2005,0.0,4.817503187391493,71.8984228515625,0.1877057002140925,18.24284758391204,0.0,1.3281385633680556,0.7961827087402343
152,Malawi,65268,Area under National Administration,2006,0.0,4.834694191261574,70.1688330078125,0.1379993236981905,17.790969283492476,0.0,1.3726620144314237,0.8164480590820312
152,Malawi,65268,Area under National Administration,2007,0.0,5.5094350179036455,73.3047119140625,0.0728129874105038,25.955125596788196,0.0,1.7185454191984957,1.0729590606689454
152,Malawi,65268,Area under National Administration,2008,0.0,5.743376555266203,72.89146484375,0.1033139514923095,27.54255732783565,0.0,1.7696021751121238,1.4916015625
152,Malawi,65268,Area under National Administration,2009,0.0,5.90701746057581,67.7430126953125,0.1373002440841109,30.59231228298611,0.0,1.522453166820385,1.4734698486328126
152,Malawi,65268,Area under National Administration,2010,0.0,6.740733393916377,72.863740234375,0.2086671865903414,33.26490614149306,0.0,1.874053672507957,2.222910614013672
152,Malawi,65268,Area under National Administration,2011,0.0,6.723481354890047,72.558349609375,0.1229892143836388,39.31568287037037,0.0,1.8340059916178384,2.8264590454101564
152,Malawi,65268,Area under National Administration,2012,0.0,6.850066008391203,78.733759765625,0.1956977660839374,41.688657407407405,0.0,2.2237777709960938,2.9856182861328127
152,Malawi,65268,Area under National Administration,2013,0.0,7.677003648546007,76.433544921875,0.1917025676140418,48.922702365451386,0.0,2.2424594737865307,3.342154235839844
152,Malawi,65268,Area under National Administration,2014,0.0,7.800928186487268,85.577998046875,0.1985827225905198,58.55988679108796,0.0,2.194182360613788,3.2192657470703123
152,Malawi,65268,Area under National Administration,2015,0.0,8.958811442057291,92.25498046875,0.1437765726676354,62.81365288628472,0.0,2.4802658646195024,3.810779418945312
152,Malawi,65268,Area under National Administration,2016,0.0,9.708832917390046,84.852158203125,0.2294149949000432,62.62315538194444,0.0,2.581040558991609,3.7730258178710936
152,Malawi,65268,Area under National Administration,2017,0.0,10.09087456597222,85.748115234375,0.2338809600243201,75.11409053096065,0.0,2.47789227520978,4.092261657714844
152,Malawi,65268,Area under National Administration,2018,0.0,11.0841064453125,90.26978515625,0.2176890923426701,77.86085792824075,0.0,2.6751138192636,6.9959564208984375
152,Malawi,65268,Area under National Administration,2019,0.0,11.37474681712963,90.90087890625,0.0856989097595214,96.53071650752317,0.0,2.9355140968605324,8.71032470703125
152,Malawi,65268,Area under National Administration,2020,0.0,10.07550953052662,77.17373046875,0.2451205803797795,96.32593677662037,0.0063742981292307,3.089831599482784,7.98849853515625
152,Malawi,65268,Area under National Administration,2021,0.0,11.86304615162037,104.35916015625,0.2576222603137676,117.69939055266204,0.0037939292378723,3.592198689778646,10.57660888671875
271,Zimbabwe,69549,Matabeleland North,2001,0.0,8.863497907778143,22.59186176524279,0.0982556825312614,5.784130651050213,0.0695366103570109,0.5531464173905686,0.2971922758505613
271,Zimbabwe,69549,Matabeleland North,2002,0.0,8.023275382905139,24.998168498168496,0.1233682597513163,5.350897948575428,0.06994268042925,0.5355440926331934,0.2364871517642513
271,Zimbabwe,69549,Matabeleland North,2003,0.0,7.6584736570247935,27.338354833517293,0.1231720105438569,5.210757683367769,0.0715430040595945,0.4749982244318181,0.1805932365681337
271,Zimbabwe,69549,Matabeleland North,2004,0.0,7.466453125,29.89931782261064,0.1244987808403449,4.981582356770834,0.0721599629720052,0.4503923746744792,0.1702598608661735
271,Zimbabwe,69549,Matabeleland North,2005,0.0,7.48494672584279,31.206977380730525,0.1253133767405597,5.230251663676569,0.0735590060021434,0.3967162108071178,0.1442982335611372
271,Zimbabwe,69549,Matabeleland North,2006,0.0,7.036100067800789,31.932890855457227,0.1239624135965443,5.1727944197896125,0.072254138271876,0.3800798023632684,0.1845056089328102
271,Zimbabwe,69549,Matabeleland North,2007,0.0,7.186141755142668,34.43116210214656,0.1262237300350434,5.319762333070671,0.0732391499175721,0.3650268878696292,0.1549272177221155
271,Zimbabwe,69549,Matabeleland North,2008,0.0,7.188011548233922,33.65478587962963,0.1288698775679977,5.082334534321893,0.0731574531715339,0.3796343194846509,0.1735256392867477
271,Zimbabwe,69549,Matabeleland North,2009,0.0,7.668549196787149,33.49178581408346,0.1330942986796758,6.773036808693106,0.0737385168930932,0.2997943515598854,0.2977258082473686
271,Zimbabwe,69549,Matabeleland North,2010,0.0,8.287384840871022,27.061246033967898,0.1369459629948791,7.535499110134003,0.0739558898823544,0.2958363186374581,0.3265198369042203
271,Zimbabwe,69549,Matabeleland North,2011,0.0,8.693083892547516,24.290602253639417,0.1367788510609136,7.5816085830693565,0.0732438359987183,0.2901301980217364,0.346295683185482
271,Zimbabwe,69549,Matabeleland North,2012,0.0,8.794857709311096,21.432533315440622,0.1379479087048987,7.919292658397587,0.0739441941018636,0.2945617819008234,0.3478974049620169
271,Zimbabwe,69549,Matabeleland North,2013,0.0,8.875902550720992,18.64955273729447,0.1384067734973491,8.093357017102615,0.0740404084254878,0.3025997169540682,0.3686311319804512
271,Zimbabwe,69549,Matabeleland North,2014,0.0,7.031844514750252,15.518583882193573,0.1370841626450976,6.854851973684211,0.0737473286121354,0.2950418173687353,0.2081163574583683
271,Zimbabwe,69549,Matabeleland North,2015,0.0,7.88332320650352,16.608190138214418,0.1390661753332788,6.548926337789139,0.0741503233083174,0.4341337566522796,0.302632778938644
271,Zimbabwe,69549,Matabeleland North,2016,0.0,7.943990173645938,17.259716924078898,0.1409847144526888,5.483519569124039,0.0742120516415783,0.4785320316418004,0.3654581402862742
271,Zimbabwe,69549,Matabeleland North,2017,0.0,7.686998460023466,18.016444452220977,0.1427232743021533,7.601003996605766,0.0743535470530925,0.3303682824089109,0.2082463485529815
271,Zimbabwe,69549,Matabeleland North,2018,0.0,7.661862533523299,17.327608832586787,0.1420711390604586,8.179647560132418,0.0744083416050326,0.3346984638210274,0.2302516981397559
271,Zimbabwe,69549,Matabeleland North,2019,0.0,7.2819237397334895,19.67906611743839,0.1471815273065545,9.250573562688569,0.0748454294386942,0.3341451575202187,0.1616952567068474
271,Zimbabwe,69549,Matabeleland North,2020,0.0,7.501987081034771,18.7385488412137,0.1473198022224613,9.51107946234537,0.0740976897979093,0.3353845716838014,0.2357688330041767
271,Zimbabwe,69549,Matabeleland North,2021,0.0,7.732379956824279,18.102923349496457,0.1462335867563409,8.551439496353119,0.0746547256357153,0.3360023831137869,0.228659368370594
271,Zimbabwe,69550,Mashonaland East,2001,0.0,24.55016584227071,136.98416697485206,0.2045804537259615,7.486319457285503,0.0217636449802556,1.4885835365430844,1.2200179241112703
271,Zimbabwe,69550,Mashonaland East,2002,0.0,22.20470974713388,150.99366678994082,0.2547694550463434,6.922872509476701,0.0218231692116641,1.4298964280348558,0.9565839598164756
271,Zimbabwe,69550,Mashonaland East,2003,0.0,21.13140833025148,164.80145155325442,0.2577319173417853,6.674095379530326,0.0222065067855564,1.271976628952478,0.734699768427561
271,Zimbabwe,69550,Mashonaland East,2004,0.0,20.47042864737426,178.3891919378698,0.2565396551549787,6.355301174186391,0.0222185800766803,1.1881498980098928,0.6929228291709042
271,Zimbabwe,69550,Mashonaland East,2005,0.0,20.46301775147929,185.3746992968172,0.2556986325233623,6.66150407960429,0.0227305070888361,1.043491160375832,0.5726737157227285
271,Zimbabwe,69550,Mashonaland East,2006,0.0,19.54084227071006,192.2694041235207,0.2559175886346038,6.692523662860577,0.0226574593041775,1.0210107205182135,0.7426408846702801
271,Zimbabwe,69550,Mashonaland East,2007,0.0,19.74279712925296,205.86667899408283,0.2595479841063008,6.795394987749631,0.0227399112204828,0.9694918118990384,0.6134719848632812
271,Zimbabwe,69550,Mashonaland East,2008,0.0,19.62907960428994,201.0453957100592,0.2658369978504068,6.496288051266642,0.0226755057566264,1.0075681787976147,0.6815064108583349
271,Zimbabwe,69550,Mashonaland East,2009,0.0,20.867545765532544,199.1285364275148,0.2735752805450259,8.592291657035872,0.0226819049677199,0.7875054714947762,1.1890057445277828
271,Zimbabwe,69550,Mashonaland East,2010,0.0,22.58525130593565,160.39573317307693,0.2807487623226007,9.5323190181213,0.0228303311139168,0.7674907255454881,1.328526242950259
271,Zimbabwe,69550,Mashonaland East,2011,0.0,23.72678208210059,143.6585151627219,0.2798168927254761,9.640476204234467,0.0226152944846971,0.7708393525795119,1.346413155279216
271,Zimbabwe,69550,Mashonaland East,2012,0.0,23.89488373705621,126.84234005177515,0.2795079248191336,10.03070104474852,0.0226459362097745,0.7772115673539202,1.364300428762944
271,Zimbabwe,69550,Mashonaland East,2013,0.0,24.101198455991124,110.04660919008876,0.282745632194203,10.21946291951738,0.0227080943316397,0.7964134442030325,1.4101993177064072
271,Zimbabwe,69550,Mashonaland East,2014,0.0,19.06290160410503,91.34309125369822,0.278850036259939,8.68614639191938,0.0225926630595732,0.7799335908607619,0.8087614161023021
271,Zimbabwe,69550,Mashonaland East,2015,0.0,21.44935598881287,97.90583394970416,0.2857035349106647,8.283807698086168,0.0227424195532262,1.136811657064765,1.1733249461157085
271,Zimbabwe,69550,Mashonaland East,2016,0.0,21.662895247781066,101.76220414201184,0.2854893927038068,6.953863922660873,0.0227725999595145,1.2548476901985484,1.4486724131206083
271,Zimbabwe,69550,Mashonaland East,2017,0.0,20.902956268491124,106.80985345784023,0.2909396470651119,9.604089138775889,0.0227663474675466,0.8708570130477996,0.8225796490731324
271,Zimbabwe,69550,Mashonaland East,2018,0.0,20.842490292159763,102.35299556213018,0.2902533627120701,10.336984848835058,0.0226944917757835,0.8858521591276812,0.9071750979451738
271,Zimbabwe,69550,Mashonaland East,2019,0.0,19.806896322577664,116.6277274408284,0.3005473571416189,11.708547377727442,0.0228232392192592,0.8757746769831731,0.6233585064227765
271,Zimbabwe,69550,Mashonaland East,2020,0.0,20.35177630362426,111.12322022928994,0.2996737688956176,12.03590889654216,0.0228208437473816,0.8855863492164386,0.9225104518190644
271,Zimbabwe,69550,Mashonaland East,2021,0.0,20.975415472448223,107.11866678994085,0.2981330374994221,10.83732072277182,0.0229349390289487,0.8835356221396542,0.8814565444133691
227,South Africa,77310,Eastern Cape,2001,0.0,18.989589194173544,9.358475414617228,0.2884900365745996,14.345146833583396,0.5484445452183359,49.37582833208302,0.0296238741148245
227,South Africa,77310,Eastern Cape,2002,0.0,19.17462178044511,10.030856912042877,0.288698351789092,14.138609847774443,0.5478451522060203,44.44955770192548,0.0304977414555848
227,South Africa,77310,Eastern Cape,2003,0.0,19.012886034008503,9.758400654161411,0.2888345841050599,13.907048051075268,0.5476030872952613,44.034012409352336,0.0307910376495015
227,South Africa,77310,Eastern Cape,2004,0.0,18.97788509627407,9.83247556746532,0.2885490350133985,13.947052192735685,0.5481669489638035,43.33881907976994,0.0308564971967682
227,South Africa,77310,Eastern Cape,2005,0.0,19.390300700175043,8.21414082203657,0.2887331410584804,13.913319150100024,0.5477563238465867,43.34050700175044,0.0314304717866525
227,South Africa,77310,Eastern Cape,2006,0.0,19.0167913072018,8.541893201588502,0.2883234298175113,13.979363004813704,0.5679858685374468,42.61071127156789,0.0323739236769253
227,South Africa,77310,Eastern Cape,2007,0.0,19.53618092023006,9.553643469490671,0.2924780679722957,13.696330332583146,0.5880182203754063,42.800129719929984,0.0320507588428396
227,South Africa,77310,Eastern Cape,2008,0.0,19.47047699424856,11.516064280761473,0.2967068532230995,14.25218609339835,0.6045086100626719,42.92556732933233,0.0299660283094011
227,South Africa,77310,Eastern Cape,2009,0.0,19.33205371655414,12.530682677760968,0.3007174447156297,13.91174258408352,0.6086611374523319,42.711623218304574,0.0300604671834472
227,South Africa,77310,Eastern Cape,2010,0.0,19.29057264316079,13.328613527483611,0.3044578871580307,13.731001109652412,0.6088928237918855,41.900475118779696,0.0294318196874376
227,South Africa,77310,Eastern Cape,2011,0.0,19.256851322205552,13.552013740073113,0.3085311837715082,13.525246546011504,0.6185304260635471,41.5531148412103,0.0291366893720824
227,South Africa,77310,Eastern Cape,2012,0.0,19.523333958489623,13.54483053384596,0.3125754610881759,13.464623968492123,0.6247440155937422,41.61441532258065,0.0297067485752099
227,South Africa,77310,Eastern Cape,2013,0.0,19.49793698424606,10.953832989349635,0.3166088491775901,13.215637893848465,0.6290563729799638,41.97520083145786,0.0298769208105515
227,South Africa,77310,Eastern Cape,2014,0.0,19.5576608995999,10.887256253150202,0.320665790188697,13.08454359683671,0.6321114580402913,41.21427231807952,0.0288473504413769
227,South Africa,77310,Eastern Cape,2015,0.0,19.243373343335836,10.962845340851814,0.3246093257780998,12.853678263315828,0.6403394061405977,40.90453472743186,0.0287273466007088
227,South Africa,77310,Eastern Cape,2016,0.0,18.8334290603901,11.088229271673388,0.3290612620692099,12.307221336584146,0.6479274237504689,39.78716163415854,0.0283590915007107
227,South Africa,77310,Eastern Cape,2017,0.0,18.20269911227807,11.30190941595262,0.3314349574427451,11.995736238747186,0.6550604936390347,38.80354463615904,0.0271538998982156
227,South Africa,77310,Eastern Cape,2018,0.0,17.967249624906227,11.591404084236393,0.3356576427336662,11.848945634846212,0.662410231464116,38.50500906476619,0.0266225148205704
227,South Africa,77310,Eastern Cape,2019,0.0,17.684960302575643,11.755911550214211,0.3373496763167842,11.482989888097023,0.6707139431342211,37.767453582145535,0.0257510235290965
227,South Africa,77310,Eastern Cape,2020,0.0,17.270637971992997,11.537014868951612,0.3387543770574754,11.32225439172293,0.6748303897263378,36.866517410602654,0.0243557193553472
227,South Africa,77310,Eastern Cape,2021,0.0,17.18076589459865,11.538391366985769,0.3398610326591825,11.266746374093524,0.6682510471367842,36.67081223430858,0.0250830650329589
227,South Africa,77311,KwaZulu-Natal,2001,0.0,27.843543542446213,41.22317054958184,0.4487185096512843,9.352513483688028,0.2800103696960506,10.217807238072965,1.7201017865143369
227,South Africa,77311,KwaZulu-Natal,2002,0.0,28.1098646515435,44.24819295101553,0.4490213081970579,9.216481707495324,0.2795212605603952,9.178185658325535,1.821839064366786
227,South Africa,77311,KwaZulu-Natal,2003,0.0,27.93720036248831,42.94019126254181,0.447620842027368,9.065734806185688,0.279399161700114,9.154802970065482,1.7905145126612518
227,South Africa,77311,KwaZulu-Natal,2004,0.0,27.848688537768943,43.347462945254605,0.4485311232313083,9.094985091206736,0.2790331220493013,9.010375862371376,1.7840054097313531
227,South Africa,77311,KwaZulu-Natal,2005,0.0,28.426380525023387,36.24150579727469,0.4485558116091173,9.076931017598223,0.2791110289442528,8.956168878624883,1.7913628965081878
227,South Africa,77311,KwaZulu-Natal,2006,0.0,27.90367932939663,37.59720811424474,0.4491481452781429,9.131633134062207,0.2892662169667914,8.830396033091674,1.7948705261113769
227,South Africa,77311,KwaZulu-Natal,2007,0.0,28.66158135523854,42.18594646271511,0.4561798212405145,8.93550759325304,0.2997766821266224,8.82930619299579,1.7864986733314412
227,South Africa,77311,KwaZulu-Natal,2008,0.0,28.57819990937792,50.74702736615679,0.4623399081695148,9.316652902829748,0.3080738949039698,8.906743305659495,1.7428453492844769
227,South Africa,77311,KwaZulu-Natal,2009,0.0,28.367468866931716,55.34771600143404,0.466933766468989,9.072552473105706,0.309712823023854,8.84249937880028,1.74338206187261
227,South Africa,77311,KwaZulu-Natal,2010,0.0,28.31416627689429,58.92563187141492,0.480832918652157,8.961843720767073,0.3097676062160167,8.686147063552385,1.725807671337237
227,South Africa,77311,KwaZulu-Natal,2011,0.0,28.22229266545837,59.71706696321949,0.4800373202210711,8.80052637540926,0.3144868970251842,8.600423329338167,1.7118012925050752
227,South Africa,77311,KwaZulu-Natal,2012,0.0,28.62689465914406,59.847419224796944,0.4842673355007764,8.76714876637044,0.3177316378387365,8.662195246725911,1.7081735668373743
227,South Africa,77311,KwaZulu-Natal,2013,0.0,28.608139908793262,48.31020440157669,0.4914519869990743,8.608654225619738,0.3197475965052034,8.705430747193638,1.6974704558349258
227,South Africa,77311,KwaZulu-Natal,2014,0.0,28.69478448023854,48.09131314186769,0.4980318895353176,8.528725919375585,0.3218289295906659,8.55840830361319,1.6879429166915452
227,South Africa,77311,KwaZulu-Natal,2015,0.0,28.238158837114124,48.39373582597278,0.5112568702069408,8.386732452934986,0.3255584402771281,8.50256701648737,1.644314559896455
227,South Africa,77311,KwaZulu-Natal,2016,0.0,27.638818462122984,48.971927966101696,0.5136200045879088,8.020590695873276,0.3293139368734656,8.276143653553893,1.6313422943647051
227,South Africa,77311,KwaZulu-Natal,2017,0.0,26.70375518763152,49.9718011458582,0.5177116476001133,7.8186858852583585,0.3332340293101181,8.072348280044423,1.599111768732096
227,South Africa,77311,KwaZulu-Natal,2018,0.0,26.393680953355155,51.13610050131296,0.5212438478194378,7.721955737082067,0.3355539646108545,7.999142396831892,1.569513462528348
227,South Africa,77311,KwaZulu-Natal,2019,0.0,25.952615370002334,51.85754356648365,0.5243265821757878,7.47992395735913,0.3405693505505465,7.808951769639934,1.4990396397186083
227,South Africa,77311,KwaZulu-Natal,2020,0.0,25.3523388180968,50.87765576509907,0.5272317332224278,7.377872376958148,0.3427476934219371,7.654020140431377,1.464190182807651
227,South Africa,77311,KwaZulu-Natal,2021,0.0,25.224732215922376,50.65227123988577,0.5330539214957163,7.34701784252981,0.3398851916866378,7.616945928074585,1.443469767000833
227,South Africa,77312,Limpopo,2001,0.0,9.087351905906594,5.876075549669932,0.398553773532328,9.116105053800366,0.0305963481302226,3.69722663404304,1.14532148370954
227,South Africa,77312,Limpopo,2002,0.0,9.17879447930024,6.348172091320554,0.3989785353850505,8.97918217049826,0.0306930248500183,3.2887011414636382,1.188225505857295
227,South Africa,77312,Limpopo,2003,0.0,9.116454049505403,6.209265947748084,0.4003166965569101,8.847401510120902,0.0306621159492208,3.263481177871405,1.1931982089145017
227,South Africa,77312,Limpopo,2004,0.0,9.095702051657812,6.438954330766361,0.4000049754516627,8.875528799917568,0.0306194366214694,3.2301864610047626,1.173441122295353
227,South Africa,77312,Limpopo,2005,0.0,9.293813828082069,5.262563232161875,0.3989094792082667,8.851725648012456,0.0306655707693859,3.2898177751190696,1.1753424728767303
227,South Africa,77312,Limpopo,2006,0.0,9.104518658424908,5.731366165443522,0.4009739969720538,8.893642685439561,0.0317394689762548,3.171995550022894,1.1900574262789831
227,South Africa,77312,Limpopo,2007,0.0,9.355216203067766,6.421227419847937,0.4048607038062261,8.719771634615384,0.0329693944462926,3.197583276098901,1.1716398939281156
227,South Africa,77312,Limpopo,2008,0.0,9.329053253252107,7.434088369865929,0.4117362799099542,9.090179409811286,0.0339361842886874,3.2194900261084647,1.1493717704232282
227,South Africa,77312,Limpopo,2009,0.0,9.27064844608831,8.282596696105553,0.4171058669397744,8.847549611808354,0.0339929141068729,3.262095919979846,1.146733347520749
227,South Africa,77312,Limpopo,2010,0.0,9.25440508771528,8.336231652839821,0.4207440903531164,8.741707985983878,0.0342216897071958,3.147788724693111,1.142666620134014
227,South Africa,77312,Limpopo,2011,0.0,9.212332384802126,8.516878950233695,0.4265360527289807,8.585118747709783,0.0345366223909427,3.0843232554278126,1.1352830558211175
227,South Africa,77312,Limpopo,2012,0.0,9.348235245282154,8.803309067612068,0.431312432987107,8.554498557163797,0.03508113303347,3.104454255794247,1.1269773990200764
227,South Africa,77312,Limpopo,2013,0.0,9.33279489396299,7.028721645240119,0.4407019981971153,8.403696408941004,0.0352551134220625,3.1038988783666177,1.132719118545474
227,South Africa,77312,Limpopo,2014,0.0,9.364811400696226,6.890097195666029,0.4448440321595496,8.315422172728105,0.0353422378087139,3.0528338562660315,1.1188369922787869
227,South Africa,77312,Limpopo,2015,0.0,9.216914248580066,6.964505446030567,0.4503174605477871,8.167634521573836,0.0358983896380599,3.031595679507145,1.08168848920744
227,South Africa,77312,Limpopo,2016,0.0,9.014601747114856,7.207478340928359,0.4530878459159072,7.819387279034622,0.0362338296527237,2.9348624404652868,1.0881665380590293
227,South Africa,77312,Limpopo,2017,0.0,8.720667704707822,7.430228976791013,0.4574779269552776,7.623722007235758,0.0366671719946776,2.8640250761357398,1.0590048252702415
227,South Africa,77312,Limpopo,2018,0.0,8.610238682679977,7.579339708139289,0.4640913276123253,7.516872223621543,0.0372960610712026,2.81880821092462,1.042131105789585
227,South Africa,77312,Limpopo,2019,0.0,8.47082298154424,7.755769637941986,0.4649938114512756,7.31385598896318,0.0377341160561973,2.786005979231544,0.9981065273991636
227,South Africa,77312,Limpopo,2020,0.0,8.272011386013922,7.540880798765041,0.4647642767376504,7.184649918712219,0.0377975466662349,2.752759383872962,0.9742773602425058
227,South Africa,77312,Limpopo,2021,0.0,8.236028965509345,7.084352413945507,0.4605973381766067,7.186729199111396,0.0375873290299932,2.689588748740381,0.9357653219568948
227,South Africa,77313,Mpumalanga,2001,0.0,17.10763711734694,84.14319632420793,0.4652030895541756,1.8681088283527696,0.0485051406115911,25.060393130466476,9.515482015149184
227,South Africa,77313,Mpumalanga,2002,0.0,17.284060677842565,88.35760368663594,0.4653798093077957,1.8447808001548835,0.0480268450025289,22.68616754737609,9.94782006048387
227,South Africa,77313,Mpumalanga,2003,0.0,17.159640351676384,85.9659996933456,0.5310186615972861,1.819872762162901,0.0478426982515857,22.50359648323615,9.921938487043851
227,South Africa,77313,Mpumalanga,2004,0.0,17.152125091107873,86.65387851897185,0.4708334877266294,1.82995769178207,0.0483260085214331,22.06375273323615,9.814286977891676
227,South Africa,77313,Mpumalanga,2005,0.0,17.493891217201167,71.7362385321101,0.4605881623900993,1.8147011092383385,0.0483942930188739,22.10753917638484,9.84890935588685
227,South Africa,77313,Mpumalanga,2006,0.0,17.155490388119535,75.38142567980447,0.4752246123586923,1.820789677478134,0.0505851444884808,21.8146478680758,9.851896673541091
227,South Africa,77313,Mpumalanga,2007,0.0,17.65618166909621,84.52968463653023,0.4761261191394318,1.8169474877004368,0.052182149191987,21.882459456997086,9.84599603409438
227,South Africa,77313,Mpumalanga,2008,0.0,17.600471483236152,102.19966603053436,0.4791968332538168,1.861718038219752,0.0534689817876362,21.88057124635569,9.603387404580152
227,South Africa,77313,Mpumalanga,2009,0.0,17.459771319241984,111.43000954198472,0.4970751953125,1.8046835140306123,0.0540928702887342,21.701644497084548,9.57364205629771
227,South Africa,77313,Mpumalanga,2010,0.0,17.41144770408163,114.98003127860848,0.4912710227652006,1.7911266627186588,0.053752618742935,21.29470663265306,9.46464825869698
227,South Africa,77313,Mpumalanga,2011,0.0,17.365923378279884,118.72177111924368,0.504089411310613,1.7559052136479592,0.0548146684385249,21.204994989067057,9.382310965614517
227,South Africa,77313,Mpumalanga,2012,0.0,17.660271273688046,118.92044243070364,0.7094641786285409,1.7540921670007288,0.0550383987649189,21.219966290087463,9.378991918595796
227,South Africa,77313,Mpumalanga,2013,0.0,17.627368804664723,94.6802438374924,0.5590390131666539,1.7128503382379738,0.0554686048901623,21.359340834548107,9.294707899041388
227,South Africa,77313,Mpumalanga,2014,0.0,17.717124863338192,95.89680188392586,0.5299683915413248,1.7043767367438047,0.0560125041592218,21.03401284620991,9.227560724323912
227,South Africa,77313,Mpumalanga,2015,0.0,17.4254236516035,95.96853193264565,0.5423945084358882,1.669705778516764,0.0562159902500341,20.832140579446065,8.967765141459344
227,South Africa,77313,Mpumalanga,2016,0.0,17.05462486333819,96.44041729607252,0.5223167027591579,1.599224301885933,0.0575677278232518,20.2936201712828,8.867168617824774
227,South Africa,77313,Mpumalanga,2017,0.0,16.479313957725946,97.38614392115558,0.5250730144306726,1.5537174858782798,0.0581801736090536,19.77297512755102,8.646469681011135
227,South Africa,77313,Mpumalanga,2018,0.0,16.287411169825074,98.76159077246768,0.6040834886088255,1.5412751400783529,0.0583316814100082,19.67397048104956,8.500353405846107
227,South Africa,77313,Mpumalanga,2019,0.0,16.019002824344025,100.53459149096386,0.5533498741057982,1.4981228931304664,0.0593501366262185,19.28975947521866,8.123954019201808
227,South Africa,77313,Mpumalanga,2020,0.0,15.651423560495626,100.0719819177671,0.5434589729446466,1.4722923879373178,0.0590989137877528,18.832559675655972,7.903332035939376
227,South Africa,77313,Mpumalanga,2021,0.0,15.567804755830904,102.76736111111111,0.5508159444374251,1.465531614431487,0.0587266577483267,18.71989340379009,7.841134134471399
227,South Africa,77314,North West,2001,0.0,15.106013711395102,120.48195538057745,0.3508554426912456,7.288519202609159,0.2738338710147098,7.205630158413205,2.211811749849628
227,South Africa,77314,North West,2002,0.0,15.248941693290735,128.95170640997594,0.3499424445553489,7.180199181309904,0.2722290169062832,6.486374301118211,2.3016338995159704
227,South Africa,77314,North West,2003,0.0,15.15479898828541,125.24051082914023,0.349689517858852,7.08202459398296,0.2730694170577076,6.456155983759318,2.3075772362448044
227,South Africa,77314,North West,2004,0.0,15.11226204739084,127.26430212207394,0.3500700161770537,7.076296259318424,0.2738200129792332,6.330986671325879,2.298948406051739
227,South Africa,77314,North West,2005,0.0,15.42500332800852,105.47872238626422,0.3498515131592438,7.063979299787008,0.2734890321319222,6.333587509984025,2.29868886018154
227,South Africa,77314,North West,2006,0.0,15.134298455804046,109.53485130111524,0.3490838827253718,7.09208100372737,0.2840248051035011,6.229554379659212,2.3160735396621472
227,South Africa,77314,North West,2007,0.0,15.572412473375932,123.15758254974853,0.3535475506710583,6.971418646831736,0.2931030403437832,6.280947567225772,2.2954168830636346
227,South Africa,77314,North West,2008,0.0,15.524239550053249,148.19893692610407,0.359784285157958,7.250944322417466,0.3022537637696352,6.268826960197018,2.244517244206384
227,South Africa,77314,North West,2009,0.0,15.381849041533547,162.357509838216,0.3642073457398475,7.046249334398296,0.3041561366397098,6.226216387113951,2.2536304041867075
227,South Africa,77314,North West,2010,0.0,15.378168264110757,174.8472480323568,0.3692768131951656,6.975018304046858,0.3034593088558306,6.144578674121406,2.211025676718955
227,South Africa,77314,North West,2011,0.0,15.3060469914803,173.5601092896175,0.3735460425204918,6.843023662140575,0.3095259303863817,6.053162440095846,2.198225324453552
227,South Africa,77314,North West,2012,0.0,15.5254392971246,180.7989754098361,0.3787910903346994,6.829588075745474,0.3117020319572018,6.102757671059638,2.192862662226776
227,South Africa,77314,North West,2013,0.0,15.50146099574015,140.47050546448088,0.3825844219603825,6.701090338791268,0.3129925192608493,6.125376480963792,2.190629482581967
227,South Africa,77314,North West,2014,0.0,15.538140641640044,141.21569672131147,0.3888736712346311,6.635833915734824,0.3160033529685836,6.0157547923322685,2.162072233606557
227,South Africa,77314,North West,2015,0.0,15.324627263045793,141.06570968094405,0.3919258651199874,6.526683556309904,0.3196702463558307,5.998264859558041,2.1173629227218096
227,South Africa,77314,North West,2016,0.0,14.993573615548456,142.86168323863637,0.397629744523055,6.257822484025559,0.3231349892255724,5.827273029818956,2.095293805315778
227,South Africa,77314,North West,2017,0.0,14.488917731629392,145.05993225524475,0.4025650824700202,6.080897231096912,0.3271896216054313,5.633542581869009,2.0597376256555946
227,South Africa,77314,North West,2018,0.0,14.29375499201278,148.92188865821677,0.4058684235686189,6.017350572417465,0.3306428724457534,5.609222327609158,2.000117588710118
227,South Africa,77314,North West,2019,0.0,14.077191493610224,151.17901824737763,0.405077580805425,5.843775792066028,0.3352601982661075,5.514950246272631,1.925085747992242
227,South Africa,77314,North West,2020,0.0,13.744444721778487,148.03565967671472,0.4105229942285113,5.7632242578541,0.3374561898878461,5.395379060170394,1.879268887887724
227,South Africa,77314,North West,2021,0.0,13.692239916134186,147.96408155487805,0.4110323277915396,5.738125249600639,0.3345305843982961,5.36840887912673,1.8501291308253485
227,South Africa,77315,Northern Cape,2001,0.0,1.5183251149073365,36.13179336500792,0.2125204356102046,1.6611997303458657,0.076512631507112,19.25307464734699,0.0700320924031969
227,South Africa,77315,Northern Cape,2002,0.0,1.5391030772295342,38.74411099766628,0.2130855427401962,1.6407331290946114,0.0765192526850137,17.38285907159299,0.0732111866463421
227,South Africa,77315,Northern Cape,2003,0.0,1.5219500909298826,37.715552083333336,0.2129406331380208,1.6153060768090066,0.0765593544001394,17.29380680812135,0.0729593302408854
227,South Africa,77315,Northern Cape,2004,0.0,1.5221640435947,37.94939806714988,0.2125266616288636,1.6165449503482263,0.076617374362753,16.997067372956383,0.0726662308218518
227,South Africa,77315,Northern Cape,2005,0.0,1.5502147826536032,31.6748859660085,0.2128208589128759,1.6125710332069292,0.0763547246996362,16.960518355663105,0.0724875747209031
227,South Africa,77315,Northern Cape,2006,0.0,1.513111286740837,32.92288264455924,0.2127362521285515,1.6249869737871097,0.079389068598112,16.731793734875758,0.0728899817966536
227,South Africa,77315,Northern Cape,2007,0.0,1.5545648533404155,36.85207864700492,0.2154117639209989,1.5902435043378187,0.0822348590162815,16.79982589707271,0.0725188982702241
227,South Africa,77315,Northern Cape,2008,0.0,1.5573473417950308,44.44224281549354,0.2188072881416597,1.6604079984065157,0.084622758643823,16.821254942752596,0.0709900131130258
227,South Africa,77315,Northern Cape,2009,0.0,1.5465105181037535,48.379092385871374,0.2213710338741253,1.6173004640285646,0.0852605371232073,16.70941225507554,0.0711264122489769
227,South Africa,77315,Northern Cape,2010,0.0,1.5372360486131602,51.51608318060647,0.2245212085880227,1.597228049387725,0.0850272855423797,16.407334390675715,0.0702814943033311
227,South Africa,77315,Northern Cape,2011,0.0,1.5361072226894477,52.358257998666886,0.2268385160090505,1.5661755958967776,0.0865532259990631,16.299219118862133,0.0695663119053725
227,South Africa,77315,Northern Cape,2012,0.0,1.5582256947518296,52.33904245125812,0.2304184857536764,1.5576433536576368,0.0874295257193733,16.339373450779036,0.0693632919497141
227,South Africa,77315,Northern Cape,2013,0.0,1.5568579078508618,42.32228482752875,0.2335380830083007,1.5300939630178825,0.0878834927048291,16.406268443106704,0.0695309682679839
227,South Africa,77315,Northern Cape,2014,0.0,1.5581308280217183,42.01308266683329,0.2360122656510351,1.5165086553499765,0.0886581824341396,16.138736425873464,0.0693831414786277
227,South Africa,77315,Northern Cape,2015,0.0,1.5308224657327076,42.344538733860894,0.2390318324396085,1.489847991914542,0.0894192343505628,16.01594775436733,0.0673218434541508
227,South Africa,77315,Northern Cape,2016,0.0,1.5029666846158385,42.88809392437744,0.2427007910749979,1.4296879610232502,0.0904856816551472,15.5889203204296,0.066969890204903
227,South Africa,77315,Northern Cape,2017,0.0,1.4514557500663874,43.66919297076705,0.2446795358957275,1.3920357311459932,0.0918473570459105,15.184279291573231,0.0653354787425434
227,South Africa,77315,Northern Cape,2018,0.0,1.4380120513586476,44.76397738630685,0.2469556237506247,1.3749000791069217,0.0930252709965259,15.057983160736413,0.0638329110184491
227,South Africa,77315,Northern Cape,2019,0.0,1.4151251484319685,45.41127050886983,0.2479805277975868,1.335192228618421,0.0940749182126025,14.801874668102432,0.0616431032123912
227,South Africa,77315,Northern Cape,2020,0.0,1.3841572254676344,44.54909524404464,0.2498064322331022,1.3123044224272733,0.0945835456796372,14.47737984599044,0.0603585282147337
227,South Africa,77315,Northern Cape,2021,0.0,1.3774565623893544,44.28211877378785,0.2509658361495221,1.310187025118029,0.0940317644443194,14.404458463649238,0.0590413983799695
90,Gambia,112869,Kanifing Municipal Council,2001,0.0,2.5731836318969727,7.321461486816406,0.0,2.7714265823364257,0.1256810188293457,0.711423683166504,0.91510272026062
90,Gambia,112869,Kanifing Municipal Council,2002,0.0,3.1514678955078126,8.719132995605468,0.0,3.589518356323242,0.1303825616836547,0.8069194793701172,1.6218336820602417
90,Gambia,112869,Kanifing Municipal Council,2003,0.0,3.451695251464844,8.129164886474609,0.0,3.6324542999267577,0.1191407322883606,1.0274252891540527,0.933193564414978
90,Gambia,112869,Kanifing Municipal Council,2004,0.0,3.576245880126953,9.718339538574218,0.0,3.899362182617188,0.1557476043701172,1.3876056671142578,1.1054649353027344
90,Gambia,112869,Kanifing Municipal Council,2005,0.0,3.5613052368164064,9.565401458740237,0.0,3.5592498779296875,0.2220870733261108,1.3959925651550291,2.155889749526977
90,Gambia,112869,Kanifing Municipal Council,2006,0.0,3.669508361816406,7.228738403320312,0.0,4.209516525268555,0.2143683671951294,1.3038331985473632,2.0064504146575928
90,Gambia,112869,Kanifing Municipal Council,2007,0.0,3.844065475463867,9.139089965820313,0.0,4.585359191894531,0.2362773895263671,1.0933513641357422,2.0734548568725586
90,Gambia,112869,Kanifing Municipal Council,2008,0.0,3.5441352844238283,10.87114028930664,0.0,4.872920989990234,0.2865082740783691,1.108194351196289,2.605858564376831
90,Gambia,112869,Kanifing Municipal Council,2009,0.0,3.816461181640625,9.169834899902344,0.0,5.432267761230468,0.2566765546798706,1.271239376068115,1.891031503677368
90,Gambia,112869,Kanifing Municipal Council,2010,0.0,3.851853942871094,9.798347473144531,0.0,4.144790649414063,0.245835542678833,1.4593646049499511,2.626657485961914
90,Gambia,112869,Kanifing Municipal Council,2011,0.0,3.3321678161621096,16.401502990722655,0.0,3.651833343505859,0.18095703125,0.9938493728637696,1.4421217441558838
90,Gambia,112869,Kanifing Municipal Council,2012,0.0,2.9162881851196287,14.602841186523438,0.0,3.977521514892578,0.1180301070213317,0.7237683296203613,0.3518365025520324
90,Gambia,112869,Kanifing Municipal Council,2013,0.0,3.4761356353759765,23.172169494628907,0.0,4.067417144775391,0.0330287754535675,0.5943952560424804,0.4309122860431671
90,Gambia,112869,Kanifing Municipal Council,2014,0.0,4.018858337402344,18.164430236816408,0.0,4.751190185546875,0.0312035828828811,0.2965441703796386,0.6430371999740601
90,Gambia,112869,Kanifing Municipal Council,2015,0.0,4.027188110351562,23.610035705566407,0.0,4.776686096191407,0.0423324167728424,0.2945989608764648,1.0413302183151243
90,Gambia,112869,Kanifing Municipal Council,2016,0.0,3.688881683349609,17.915261840820314,0.0,4.171548080444336,0.0724669456481933,0.4329080581665039,0.9947264194488524
90,Gambia,112869,Kanifing Municipal Council,2017,0.0,3.2280784606933595,18.78036499023437,0.0,3.974324035644531,0.1202328920364379,0.4716901779174804,0.7884063720703125
90,Gambia,112869,Kanifing Municipal Council,2018,0.0,2.8688465118408204,14.42245635986328,0.0,4.643561553955078,0.1231134176254272,0.7128212928771973,1.0249024629592896
90,Gambia,112869,Kanifing Municipal Council,2019,0.0,2.759491729736328,11.731220245361328,0.0,4.803597259521484,0.15282723903656,0.8515566825866699,1.6191447973251345
90,Gambia,112869,Kanifing Municipal Council,2020,0.0,2.2975179672241213,12.355513000488282,0.0,5.198590469360352,0.1566397428512573,1.0043848037719727,1.4469950199127195
90,Gambia,112869,Kanifing Municipal Council,2021,0.0,2.436986923217773,15.666496276855469,0.0,5.044647216796875,0.174395477771759,0.9096752166748048,1.2900689840316772
