country,admin,max_temperature,min_temperature,avg_temperature,year
Nigeria,Abia,302.49878,297.92114,299.90726,2001
Nigeria,Abia,302.06738,298.08618,299.77386,2002
Nigeria,Abia,302.2146,298.23804,299.98386,2003
Nigeria,Abia,302.61304,298.12598,300.07108,2004
Nigeria,Abia,302.97754,298.2085,300.25198,2005
Nigeria,Abia,302.344,298.05347,300.3348,2006
Nigeria,Abia,303.063,298.07104,299.9478,2007
Nigeria,Abia,302.7666,298.2749,299.98358,2008
Nigeria,Abia,303.02148,298.53442,300.399,2009
Nigeria,Abia,304.0642,298.8235,300.85623,2010
Nigeria,Abia,302.3955,298.33838,300.22525,2011
Nigeria,Abia,302.8452,298.3479,300.06012,2012
Nigeria,Abia,302.70215,298.3003,300.06467,2013
Nigeria,Abia,302.7307,298.3025,300.15753,2014
Nigeria,Abia,302.33252,298.64722,300.37106,2015
Nigeria,Abia,304.31177,298.615,300.64932,2016
Nigeria,Abia,304.1123,298.43433,300.70285,2017
Nigeria,Abia,302.02368,298.87305,300.47202,2018
Nigeria,Abia,302.02368,298.87305,300.47202,2019
Nigeria,Abia,303.25195,298.69385,300.80515,2020
Uganda,Abim,299.9851,295.57227,297.5684,2001
Uganda,Abim,301.03027,297.50122,298.97275,2002
Uganda,Abim,301.16382,295.28882,298.21286,2003
Uganda,Abim,301.43335,296.386,298.26315,2004
Uganda,Abim,301.04004,296.60303,298.6364,2005
Uganda,Abim,300.36353,295.95972,297.8174,2006
Uganda,Abim,299.8147,295.28394,297.7919,2007
Uganda,Abim,299.7744,295.70068,297.8262,2008
Uganda,Abim,300.80273,297.66626,299.00235,2009
Uganda,Abim,299.92773,296.07886,298.0981,2010
Uganda,Abim,299.94458,295.58447,297.6595,2011
Uganda,Abim,300.87646,295.4319,297.59283,2012
Uganda,Abim,299.5127,295.8291,297.48523,2013
Uganda,Abim,300.04907,295.99585,298.09894,2014
Uganda,Abim,300.7871,296.0681,298.2822,2015
Uganda,Abim,301.93384,296.92163,299.211,2016
Uganda,Abim,300.55884,296.10132,298.41003,2017
Uganda,Abim,301.31836,295.94604,298.29153,2018
Uganda,Abim,301.31836,295.94604,298.29153,2019
Uganda,Abim,299.6892,295.68066,297.44318,2020
Cameroon,Adamaoua,303.2268,297.13794,299.19617,2001
Cameroon,Adamaoua,304.04565,296.89746,299.5369,2002
Cameroon,Adamaoua,303.6211,297.5205,299.7819,2003
Cameroon,Adamaoua,302.6809,297.45435,299.5991,2004
Cameroon,Adamaoua,304.8396,297.38794,300.24905,2005
Cameroon,Adamaoua,304.2937,297.27026,300.17776,2006
Cameroon,Adamaoua,303.69702,297.02563,299.6812,2007
Cameroon,Adamaoua,304.15723,297.23413,299.46243,2008
Cameroon,Adamaoua,304.13867,297.78638,299.91965,2009
Cameroon,Adamaoua,305.1809,297.8391,300.31815,2010
Cameroon,Adamaoua,304.20215,297.1997,299.73956,2011
Cameroon,Adamaoua,303.1411,297.21362,299.4763,2012
Cameroon,Adamaoua,304.76685,297.43652,299.9634,2013
Cameroon,Adamaoua,303.19946,297.3806,299.63278,2014
Cameroon,Adamaoua,303.86914,296.18604,299.8701,2015
Cameroon,Adamaoua,304.34985,297.3772,299.97076,2016
Cameroon,Adamaoua,303.85962,297.79565,300.07376,2017
Cameroon,Adamaoua,304.9922,298.115,300.09427,2018
Cameroon,Adamaoua,304.9922,298.115,300.09427,2019
Cameroon,Adamaoua,303.99902,297.4646,300.08966,2020
Nigeria,Adamawa,303.9331,293.7649,299.09103,2001
Nigeria,Adamawa,304.76025,292.96387,299.49033,2002
Nigeria,Adamawa,304.6477,295.4475,299.55923,2003
Nigeria,Adamawa,304.75317,296.1953,299.58572,2004
Nigeria,Adamawa,304.39038,294.95703,300.02313,2005
Nigeria,Adamawa,303.39404,294.10132,299.96176,2006
Nigeria,Adamawa,304.7439,293.38306,299.58942,2007
Nigeria,Adamawa,303.86572,293.99707,299.29526,2008
Nigeria,Adamawa,304.62695,295.76172,300.2136,2009
Nigeria,Adamawa,305.95825,295.80933,300.4116,2010
Nigeria,Adamawa,304.47095,294.43066,300.0003,2011
Nigeria,Adamawa,305.85596,295.48853,299.69098,2012
Nigeria,Adamawa,304.67993,297.04834,300.4683,2013
Nigeria,Adamawa,304.5188,296.23022,300.06003,2014
Nigeria,Adamawa,305.68628,293.78174,300.3434,2015
Nigeria,Adamawa,305.4651,294.3225,300.1555,2016
Nigeria,Adamawa,305.3418,296.7959,299.84152,2017
Nigeria,Adamawa,306.16943,295.69287,300.05243,2018
Nigeria,Adamawa,306.16943,295.69287,300.05243,2019
Nigeria,Adamawa,306.08496,294.75952,300.0397,2020
Ethiopia,Addis Ababa,290.52295,287.6316,288.45187,2001
Ethiopia,Addis Ababa,291.3899,287.9319,289.25043,2002
Ethiopia,Addis Ababa,290.9668,286.99243,288.6131,2003
Ethiopia,Addis Ababa,290.4973,287.42944,288.6873,2004
Ethiopia,Addis Ababa,291.17358,287.76636,289.26614,2005
Ethiopia,Addis Ababa,290.8828,288.07886,289.4551,2006
Ethiopia,Addis Ababa,291.36084,287.4536,289.28473,2007
Ethiopia,Addis Ababa,291.84082,287.6411,289.153,2008
Ethiopia,Addis Ababa,292.11157,288.3269,289.80035,2009
Ethiopia,Addis Ababa,290.52173,288.47144,289.29538,2010
Ethiopia,Addis Ababa,292.08618,287.4087,289.1904,2011
Ethiopia,Addis Ababa,291.3999,288.3308,289.5157,2012
Ethiopia,Addis Ababa,291.58984,287.59717,289.41672,2013
Ethiopia,Addis Ababa,291.3772,287.7461,289.72867,2014
Ethiopia,Addis Ababa,292.36328,288.5459,290.12238,2015
Ethiopia,Addis Ababa,292.71118,287.90112,289.84708,2016
Ethiopia,Addis Ababa,292.29688,287.06543,289.48752,2017
Ethiopia,Addis Ababa,292.3457,288.38672,289.8265,2018
Ethiopia,Addis Ababa,292.3457,288.38672,289.8265,2019
Ethiopia,Addis Ababa,291.90845,288.0869,289.76627,2020
Uganda,Adjumani,301.91675,297.33716,299.24515,2001
Uganda,Adjumani,303.13965,298.30298,299.75107,2002
Uganda,Adjumani,302.73413,297.3435,299.6357,2003
Uganda,Adjumani,303.69507,297.6123,299.7651,2004
Uganda,Adjumani,304.46387,297.5913,300.2054,2005
Uganda,Adjumani,302.94946,297.83862,299.5845,2006
Uganda,Adjumani,302.3518,297.22534,299.59576,2007
Uganda,Adjumani,301.50684,297.25342,299.3371,2008
Uganda,Adjumani,302.1748,298.68677,300.06207,2009
Uganda,Adjumani,302.4961,297.85034,299.80203,2010
Uganda,Adjumani,302.22192,297.49268,299.52814,2011
Uganda,Adjumani,303.25146,297.1936,299.47482,2012
Uganda,Adjumani,302.667,297.4834,299.45706,2013
Uganda,Adjumani,302.64868,297.54077,300.00406,2014
Uganda,Adjumani,303.60156,298.1599,299.91843,2015
Uganda,Adjumani,303.81665,297.9685,300.45578,2016
Uganda,Adjumani,302.88745,297.70972,300.3096,2017
Uganda,Adjumani,303.75586,297.55542,300.00995,2018
Uganda,Adjumani,303.75586,297.55542,300.00995,2019
Uganda,Adjumani,302.00195,297.5459,299.46286,2020
Abyei,Administrative unit not available,306.32764,298.8723,301.93167,2001
Hala'ib triangle,Administrative unit not available,306.35474,291.1184,299.21652,2001
Ilemi triangle,Administrative unit not available,303.6892,300.78223,302.28195,2001
Ma'tan al-Sarra,Administrative unit not available,308.47388,291.1145,300.87796,2001
Abyei,Administrative unit not available,307.1704,299.29126,302.34384,2002
Hala'ib triangle,Administrative unit not available,306.615,289.86816,299.29208,2002
Ilemi triangle,Administrative unit not available,304.56152,300.93726,302.3847,2002
Ma'tan al-Sarra,Administrative unit not available,308.3103,288.44238,300.8541,2002
Abyei,Administrative unit not available,306.31177,298.59863,302.1149,2003
Hala'ib triangle,Administrative unit not available,306.3584,291.57593,299.26675,2003
Ilemi triangle,Administrative unit not available,305.13843,299.69238,302.38263,2003
Ma'tan al-Sarra,Administrative unit not available,308.11035,291.71265,300.87433,2003
Abyei,Administrative unit not available,306.07788,298.95215,302.47537,2004
Hala'ib triangle,Administrative unit not available,306.0774,291.9043,299.1653,2004
Ilemi triangle,Administrative unit not available,305.365,300.46313,302.3512,2004
Ma'tan al-Sarra,Administrative unit not available,307.28442,291.1836,300.81442,2004
Abyei,Administrative unit not available,306.85132,299.0913,302.21014,2005
Hala'ib triangle,Administrative unit not available,306.41528,290.54297,299.05194,2005
Ilemi triangle,Administrative unit not available,305.03027,301.20557,302.98392,2005
Ma'tan al-Sarra,Administrative unit not available,308.83325,289.69336,301.11362,2005
Abyei,Administrative unit not available,306.81592,298.87378,302.0993,2006
Hala'ib triangle,Administrative unit not available,306.52417,291.30835,299.2513,2006
Ilemi triangle,Administrative unit not available,304.5647,299.41772,302.37924,2006
Ma'tan al-Sarra,Administrative unit not available,308.26123,290.07983,300.95755,2006
Abyei,Administrative unit not available,306.4314,298.44995,302.07608,2007
Hala'ib triangle,Administrative unit not available,305.86792,290.719,298.94797,2007
Ilemi triangle,Administrative unit not available,303.86572,299.5747,302.22028,2007
Ma'tan al-Sarra,Administrative unit not available,307.66284,289.6975,300.70758,2007
Abyei,Administrative unit not available,306.2119,298.82983,302.21927,2008
Hala'ib triangle,Administrative unit not available,305.8921,290.75488,299.2619,2008
Ilemi triangle,Administrative unit not available,304.4541,301.20288,302.66214,2008
Ma'tan al-Sarra,Administrative unit not available,308.0608,290.12207,301.13217,2008
Abyei,Administrative unit not available,306.29883,299.27075,302.89313,2009
Hala'ib triangle,Administrative unit not available,306.04517,292.38745,299.18088,2009
Ilemi triangle,Administrative unit not available,304.79883,301.28125,303.03668,2009
Ma'tan al-Sarra,Administrative unit not available,307.7893,292.2351,301.03018,2009
Abyei,Administrative unit not available,307.65552,298.88745,302.63278,2010
Hala'ib triangle,Administrative unit not available,307.89526,294.06836,300.5867,2010
Ilemi triangle,Administrative unit not available,304.6443,301.3855,302.76804,2010
Ma'tan al-Sarra,Administrative unit not available,309.54565,294.45972,302.58752,2010
Abyei,Administrative unit not available,306.89868,298.6333,301.82974,2011
Hala'ib triangle,Administrative unit not available,306.24976,291.87012,298.72995,2011
Ilemi triangle,Administrative unit not available,304.40723,299.27563,302.284,2011
Ma'tan al-Sarra,Administrative unit not available,307.92554,290.78613,300.27682,2011
Abyei,Administrative unit not available,306.80713,298.2058,301.91037,2012
Hala'ib triangle,Administrative unit not available,307.344,289.90063,299.47287,2012
Ilemi triangle,Administrative unit not available,304.60303,300.42212,302.14996,2012
Ma'tan al-Sarra,Administrative unit not available,308.24048,288.89868,300.91446,2012
Abyei,Administrative unit not available,307.2168,298.49316,302.82834,2013
Hala'ib triangle,Administrative unit not available,306.12842,292.57764,299.54968,2013
Ilemi triangle,Administrative unit not available,304.7881,300.4546,302.43655,2013
Ma'tan al-Sarra,Administrative unit not available,307.47754,292.5171,301.2406,2013
Abyei,Administrative unit not available,306.02173,298.4275,302.08658,2014
Hala'ib triangle,Administrative unit not available,306.44116,293.02905,299.6017,2014
Ilemi triangle,Administrative unit not available,304.08813,301.5349,302.82257,2014
Ma'tan al-Sarra,Administrative unit not available,308.59937,293.00952,301.36407,2014
Abyei,Administrative unit not available,307.15625,299.97217,302.84244,2015
Hala'ib triangle,Administrative unit not available,307.60107,291.31348,299.5444,2015
Ilemi triangle,Administrative unit not available,304.64502,300.33105,302.64435,2015
Ma'tan al-Sarra,Administrative unit not available,310.4956,290.1587,301.08755,2015
Abyei,Administrative unit not available,308.51,299.15894,303.10733,2016
Hala'ib triangle,Administrative unit not available,306.48022,290.76392,299.9965,2016
Ilemi triangle,Administrative unit not available,306.09985,301.69507,303.43887,2016
Ma'tan al-Sarra,Administrative unit not available,308.35645,289.26392,301.3365,2016
Abyei,Administrative unit not available,307.24634,299.5193,303.41898,2017
Hala'ib triangle,Administrative unit not available,307.6267,291.59473,299.8101,2017
Ilemi triangle,Administrative unit not available,305.3772,300.20874,302.86575,2017
Ma'tan al-Sarra,Administrative unit not available,309.4558,290.94824,301.20804,2017
Abyei,Administrative unit not available,307.66748,298.81323,302.65628,2018
Hala'ib triangle,Administrative unit not available,306.26953,292.61157,299.4792,2018
Ilemi triangle,Administrative unit not available,305.69336,300.0918,302.65482,2018
Ma'tan al-Sarra,Administrative unit not available,308.7129,291.3413,300.78842,2018
Abyei,Administrative unit not available,307.66748,298.81323,302.65628,2019
Hala'ib triangle,Administrative unit not available,306.26953,292.61157,299.4792,2019
Ilemi triangle,Administrative unit not available,305.69336,300.0918,302.65482,2019
Ma'tan al-Sarra,Administrative unit not available,308.7129,291.3413,300.78842,2019
Abyei,Administrative unit not available,307.70215,298.583,302.5444,2020
Hala'ib triangle,Administrative unit not available,306.54004,289.75952,299.4645,2020
Ilemi triangle,Administrative unit not available,303.09204,300.16895,302.03384,2020
Ma'tan al-Sarra,Administrative unit not available,308.30908,287.95093,300.47003,2020
Algeria,Adrar,308.93506,282.85083,295.88596,2001
Mauritania,Adrar,311.0581,289.10083,300.73962,2001
Algeria,Adrar,309.01343,281.31348,295.3471,2002
Mauritania,Adrar,310.26,289.17676,300.16727,2002
Algeria,Adrar,308.91187,282.5464,295.09146,2003
Mauritania,Adrar,311.54468,287.01318,300.1271,2003
Algeria,Adrar,308.19434,283.04688,295.0535,2004
Mauritania,Adrar,310.12817,287.94336,299.42166,2004
Algeria,Adrar,309.79248,280.5293,295.52216,2005
Mauritania,Adrar,310.98364,287.48633,300.6356,2005
Algeria,Adrar,307.79956,280.44556,295.56284,2006
Mauritania,Adrar,311.2058,286.32837,300.13364,2006
Algeria,Adrar,307.15308,282.54346,295.3832,2007
Mauritania,Adrar,310.58862,288.78174,299.95694,2007
Algeria,Adrar,309.0327,282.69824,295.44745,2008
Mauritania,Adrar,311.2378,287.47363,299.91605,2008
Algeria,Adrar,308.64478,282.81128,295.0782,2009
Mauritania,Adrar,311.51196,286.96167,300.26193,2009
Algeria,Adrar,308.49292,285.04102,296.45193,2010
Mauritania,Adrar,311.09644,290.72656,301.43176,2010
Algeria,Adrar,308.21655,283.29736,295.2075,2011
Mauritania,Adrar,310.53564,288.9712,300.24542,2011
Algeria,Adrar,308.9436,281.32935,295.28342,2012
Mauritania,Adrar,311.2893,287.5774,299.79807,2012
Algeria,Adrar,308.5913,282.90967,295.43787,2013
Mauritania,Adrar,311.56006,288.28662,300.37146,2013
Algeria,Adrar,309.7832,283.02148,296.0021,2014
Mauritania,Adrar,310.85547,288.52734,300.45407,2014
Algeria,Adrar,307.69482,281.96973,295.4448,2015
Mauritania,Adrar,310.62988,287.97754,300.47882,2015
Algeria,Adrar,307.79468,284.52222,296.06857,2016
Mauritania,Adrar,310.5818,290.43433,300.84708,2016
Algeria,Adrar,307.41382,280.74878,295.38107,2017
Mauritania,Adrar,311.07007,286.61206,300.78748,2017
Algeria,Adrar,308.9668,281.38818,295.27524,2018
Mauritania,Adrar,311.02734,287.42334,299.84848,2018
Algeria,Adrar,308.9668,281.38818,295.27524,2019
Mauritania,Adrar,311.02734,287.42334,299.84848,2019
Algeria,Adrar,308.00488,281.71655,295.90787,2020
Mauritania,Adrar,311.12598,288.28882,301.06036,2020
Ethiopia,Afar,307.07764,296.8723,303.23914,2001
Ethiopia,Afar,307.6814,296.61426,303.1617,2002
Ethiopia,Afar,307.26343,297.2202,303.33478,2003
Ethiopia,Afar,307.47168,297.6267,303.1912,2004
Ethiopia,Afar,307.5598,296.6211,303.1683,2005
Ethiopia,Afar,307.0183,298.26147,303.06952,2006
Ethiopia,Afar,307.03784,296.53735,302.88174,2007
Ethiopia,Afar,307.49756,297.43652,302.9953,2008
Ethiopia,Afar,307.49634,298.33472,303.50558,2009
Ethiopia,Afar,307.67065,298.42456,303.56766,2010
Ethiopia,Afar,307.16187,297.1631,302.5148,2011
Ethiopia,Afar,307.68774,297.48267,303.23917,2012
Ethiopia,Afar,307.6753,298.79248,303.4263,2013
Ethiopia,Afar,307.26953,297.80103,303.27945,2014
Ethiopia,Afar,308.17725,297.5713,303.78253,2015
Ethiopia,Afar,308.18262,297.0725,303.59024,2016
Ethiopia,Afar,308.54468,297.7744,303.84933,2017
Ethiopia,Afar,307.6211,299.9292,303.7365,2018
Ethiopia,Afar,307.6211,299.9292,303.7365,2019
Ethiopia,Afar,306.8816,296.4607,303.08267,2020
Niger,Agadez,302.92896,283.21216,294.81775,2001
Niger,Agadez,304.32446,281.05957,294.94574,2002
Niger,Agadez,303.81348,284.8147,295.29605,2003
Niger,Agadez,304.02612,283.70508,295.29846,2004
Niger,Agadez,303.74536,282.52734,295.6496,2005
Niger,Agadez,304.41675,283.1814,295.21796,2006
Niger,Agadez,303.938,283.3911,295.538,2007
Niger,Agadez,305.0979,281.40332,295.216,2008
Niger,Agadez,303.92725,286.39844,295.84122,2009
Niger,Agadez,305.97046,286.96558,297.5802,2010
Niger,Agadez,304.20117,282.354,295.39938,2011
Niger,Agadez,304.16357,282.59595,295.41965,2012
Niger,Agadez,303.99243,283.21826,295.6257,2013
Niger,Agadez,304.85913,284.72852,295.85544,2014
Niger,Agadez,305.3374,282.05566,295.3727,2015
Niger,Agadez,305.9619,283.89868,296.7255,2016
Niger,Agadez,303.97754,281.4558,294.7279,2017
Niger,Agadez,304.48828,282.71826,295.6888,2018
Niger,Agadez,304.48828,282.71826,295.6888,2019
Niger,Agadez,304.48315,282.9314,295.49234,2020
Uganda,Agago,297.27417,294.47217,295.63498,2001
Uganda,Agago,298.30957,295.96118,296.59662,2002
Uganda,Agago,298.34155,294.3025,296.23776,2003
Uganda,Agago,299.30835,294.82153,296.1681,2004
Uganda,Agago,298.15332,294.80615,296.30243,2005
Uganda,Agago,298.01,294.8484,295.90204,2006
Uganda,Agago,296.97485,294.31323,295.6877,2007
Uganda,Agago,297.2627,294.2417,295.86835,2008
Uganda,Agago,297.8457,295.75195,296.4719,2009
Uganda,Agago,297.56226,294.8484,296.0963,2010
Uganda,Agago,297.26294,294.6665,295.76236,2011
Uganda,Agago,298.65967,294.3069,295.65143,2012
Uganda,Agago,297.39575,294.708,295.6742,2013
Uganda,Agago,297.70728,294.71265,296.1922,2014
Uganda,Agago,298.19922,294.92554,296.24493,2015
Uganda,Agago,298.99634,295.3806,296.7211,2016
Uganda,Agago,297.9746,294.57788,296.10617,2017
Uganda,Agago,298.4077,294.5359,296.14212,2018
Uganda,Agago,298.4077,294.5359,296.14212,2019
Uganda,Agago,296.73657,294.58887,295.57828,2020
Algeria,Ain-Defla,299.7649,284.19092,291.35422,2001
Algeria,Ain-Defla,297.83618,284.5381,291.11728,2002
Algeria,Ain-Defla,300.82715,283.81226,291.42218,2003
Algeria,Ain-Defla,299.74707,284.77734,290.7358,2004
Algeria,Ain-Defla,299.12646,281.72363,290.24222,2005
Algeria,Ain-Defla,299.3777,282.8401,291.35794,2006
Algeria,Ain-Defla,299.21753,284.54736,290.6428,2007
Algeria,Ain-Defla,299.47437,283.9646,290.7889,2008
Algeria,Ain-Defla,300.3694,284.15112,291.31256,2009
Algeria,Ain-Defla,299.07104,285.2539,290.99182,2010
Algeria,Ain-Defla,299.8169,284.1809,291.2231,2011
Algeria,Ain-Defla,301.4519,281.09497,291.1563,2012
Algeria,Ain-Defla,298.6963,283.62988,290.62878,2013
Algeria,Ain-Defla,299.1599,284.89844,291.6572,2014
Algeria,Ain-Defla,300.98145,283.65088,291.50714,2015
Algeria,Ain-Defla,298.6267,285.94165,291.56906,2016
Algeria,Ain-Defla,300.29565,283.4519,291.69016,2017
Algeria,Ain-Defla,299.67773,283.60303,291.1623,2018
Algeria,Ain-Defla,299.67773,283.60303,291.1623,2019
Algeria,Ain-Defla,300.55957,284.30054,291.8063,2020
Algeria,Ain-Temouchent,297.10864,287.2605,291.61594,2001
Algeria,Ain-Temouchent,297.0608,286.9541,291.62772,2002
Algeria,Ain-Temouchent,298.73145,286.54663,291.86246,2003
Algeria,Ain-Temouchent,297.68652,287.281,291.4194,2004
Algeria,Ain-Temouchent,297.06958,285.14355,291.03745,2005
Algeria,Ain-Temouchent,297.62964,286.07446,291.79086,2006
Algeria,Ain-Temouchent,297.10815,287.19946,291.32526,2007
Algeria,Ain-Temouchent,297.93726,286.6443,291.40204,2008
Algeria,Ain-Temouchent,297.97192,286.25854,291.64752,2009
Algeria,Ain-Temouchent,298.34644,287.60742,291.82108,2010
Algeria,Ain-Temouchent,297.9829,286.8938,291.8714,2011
Algeria,Ain-Temouchent,298.42065,285.0852,291.46133,2012
Algeria,Ain-Temouchent,297.9834,286.3916,291.4377,2013
Algeria,Ain-Temouchent,297.5349,287.32642,291.9033,2014
Algeria,Ain-Temouchent,298.98926,286.1079,292.06296,2015
Algeria,Ain-Temouchent,297.67456,287.51196,291.9929,2016
Algeria,Ain-Temouchent,298.20776,286.4558,292.11545,2017
Algeria,Ain-Temouchent,297.948,287.0061,291.78012,2018
Algeria,Ain-Temouchent,297.948,287.0061,291.78012,2019
Algeria,Ain-Temouchent,298.76074,286.77515,292.13297,2020
Libya,Ajdabiya (agedabia),300.61206,287.6277,294.19357,2001
Libya,Ajdabiya (agedabia),301.10327,286.79785,294.11502,2002
Libya,Ajdabiya (agedabia),301.14746,286.65405,294.1696,2003
Libya,Ajdabiya (agedabia),300.00098,287.7168,293.9801,2004
Libya,Ajdabiya (agedabia),300.13794,286.70996,293.71762,2005
Libya,Ajdabiya (agedabia),301.37378,286.9182,293.69144,2006
Libya,Ajdabiya (agedabia),300.71558,288.35205,294.18137,2007
Libya,Ajdabiya (agedabia),300.29468,286.74512,294.2935,2008
Libya,Ajdabiya (agedabia),300.1477,288.01074,294.21994,2009
Libya,Ajdabiya (agedabia),300.32104,288.77148,294.7983,2010
Libya,Ajdabiya (agedabia),300.5232,287.97778,293.62595,2011
Libya,Ajdabiya (agedabia),301.02222,286.6692,294.16965,2012
Libya,Ajdabiya (agedabia),300.40918,288.0874,294.4299,2013
Libya,Ajdabiya (agedabia),300.29077,288.61304,294.19302,2014
Libya,Ajdabiya (agedabia),300.9038,287.22314,293.94382,2015
Libya,Ajdabiya (agedabia),299.8435,288.34058,294.80655,2016
Libya,Ajdabiya (agedabia),300.57886,286.53198,293.71976,2017
Libya,Ajdabiya (agedabia),300.4812,286.40063,294.0516,2018
Libya,Ajdabiya (agedabia),300.4812,286.40063,294.0516,2019
Libya,Ajdabiya (agedabia),300.75488,286.60132,294.24982,2020
Nigeria,Akwa Ibom,300.61792,297.67505,299.2489,2001
Nigeria,Akwa Ibom,300.37402,297.9436,299.30527,2002
Nigeria,Akwa Ibom,300.75195,298.13452,299.50534,2003
Nigeria,Akwa Ibom,300.81226,297.90747,299.4363,2004
Nigeria,Akwa Ibom,301.12402,298.07764,299.6076,2005
Nigeria,Akwa Ibom,300.771,297.948,299.639,2006
Nigeria,Akwa Ibom,300.83813,298.09448,299.434,2007
Nigeria,Akwa Ibom,300.89355,298.13232,299.4284,2008
Nigeria,Akwa Ibom,300.81055,298.03638,299.5816,2009
Nigeria,Akwa Ibom,301.38208,298.31323,299.89255,2010
Nigeria,Akwa Ibom,300.792,297.98877,299.52423,2011
Nigeria,Akwa Ibom,300.7163,298.1643,299.43137,2012
Nigeria,Akwa Ibom,300.8899,297.9839,299.47482,2013
Nigeria,Akwa Ibom,300.5647,298.1494,299.53366,2014
Nigeria,Akwa Ibom,300.53125,298.2671,299.54507,2015
Nigeria,Akwa Ibom,301.31763,298.32886,299.919,2016
Nigeria,Akwa Ibom,301.05957,298.1687,299.80423,2017
Nigeria,Akwa Ibom,301.13232,298.50854,299.92758,2018
Nigeria,Akwa Ibom,301.13232,298.50854,299.92758,2019
Nigeria,Akwa Ibom,301.5686,298.48145,300.0275,2020
Libya,Al Aziziyah,302.97607,286.01123,294.62747,2001
Libya,Al Aziziyah,303.49,284.13574,294.36404,2002
Libya,Al Aziziyah,303.5681,284.50757,294.55972,2003
Libya,Al Aziziyah,303.04004,285.4336,294.31052,2004
Libya,Al Aziziyah,303.05615,283.89453,294.23148,2005
Libya,Al Aziziyah,303.51245,284.22095,294.39178,2006
Libya,Al Aziziyah,303.11792,286.1704,294.669,2007
Libya,Al Aziziyah,303.3667,285.45605,294.60663,2008
Libya,Al Aziziyah,303.31177,286.2881,294.53293,2009
Libya,Al Aziziyah,302.34644,287.2793,295.38718,2010
Libya,Al Aziziyah,304.00757,285.83325,293.98322,2011
Libya,Al Aziziyah,303.14087,283.3606,294.66476,2012
Libya,Al Aziziyah,302.0249,285.8252,294.92435,2013
Libya,Al Aziziyah,303.88647,286.78882,295.06638,2014
Libya,Al Aziziyah,302.88232,285.15332,294.11603,2015
Libya,Al Aziziyah,301.3943,287.14673,295.29645,2016
Libya,Al Aziziyah,302.00854,283.86597,293.6768,2017
Libya,Al Aziziyah,303.20703,284.3628,294.2432,2018
Libya,Al Aziziyah,303.20703,284.3628,294.2432,2019
Libya,Al Aziziyah,303.5244,285.79468,294.67462,2020
Libya,Al Fatah,298.0774,284.1609,291.3879,2001
Libya,Al Fatah,299.38843,282.8838,291.17313,2002
Libya,Al Fatah,298.84473,282.62476,291.2941,2003
Libya,Al Fatah,297.7666,283.86133,291.37772,2004
Libya,Al Fatah,297.8706,282.99316,290.99384,2005
Libya,Al Fatah,299.2937,283.33813,290.90823,2006
Libya,Al Fatah,298.1941,284.47314,291.4221,2007
Libya,Al Fatah,298.2478,283.11816,291.83173,2008
Libya,Al Fatah,298.07446,284.2588,291.48346,2009
Libya,Al Fatah,298.31714,285.47852,292.46463,2010
Libya,Al Fatah,298.87085,284.4856,290.69205,2011
Libya,Al Fatah,298.66284,282.82153,291.3508,2012
Libya,Al Fatah,298.2412,284.58936,291.95023,2013
Libya,Al Fatah,298.16772,285.35327,291.64304,2014
Libya,Al Fatah,298.28857,283.5415,291.07208,2015
Libya,Al Fatah,297.91113,284.72144,292.4257,2016
Libya,Al Fatah,298.58667,282.73706,291.04202,2017
Libya,Al Fatah,298.52734,282.97607,291.4494,2018
Libya,Al Fatah,298.52734,282.97607,291.4494,2019
Libya,Al Fatah,298.90137,283.14038,291.73776,2020
Libya,Al Jabal Al Akhdar,299.38403,287.52808,293.1903,2001
Libya,Al Jabal Al Akhdar,299.5271,286.8545,293.14154,2002
Libya,Al Jabal Al Akhdar,299.91895,286.031,293.19382,2003
Libya,Al Jabal Al Akhdar,298.84863,287.5039,293.03152,2004
Libya,Al Jabal Al Akhdar,298.93677,286.54785,292.79007,2005
Libya,Al Jabal Al Akhdar,299.8933,287.15845,292.76044,2006
Libya,Al Jabal Al Akhdar,299.30933,287.76416,293.1607,2007
Libya,Al Jabal Al Akhdar,299.4646,286.60254,293.4123,2008
Libya,Al Jabal Al Akhdar,299.10474,287.43652,293.22223,2009
Libya,Al Jabal Al Akhdar,299.25854,288.84766,293.74753,2010
Libya,Al Jabal Al Akhdar,298.938,287.78833,292.86716,2011
Libya,Al Jabal Al Akhdar,299.84253,286.7024,293.35455,2012
Libya,Al Jabal Al Akhdar,299.39746,288.1631,293.54935,2013
Libya,Al Jabal Al Akhdar,299.22632,288.76782,293.5109,2014
Libya,Al Jabal Al Akhdar,299.69482,287.08252,293.144,2015
Libya,Al Jabal Al Akhdar,298.91675,288.41626,293.81223,2016
Libya,Al Jabal Al Akhdar,299.71558,286.86987,292.9885,2017
Libya,Al Jabal Al Akhdar,299.50854,286.84912,293.2476,2018
Libya,Al Jabal Al Akhdar,299.50854,286.84912,293.2476,2019
Libya,Al Jabal Al Akhdar,299.86816,287.22046,293.36603,2020
Sudan,Al Jazeera,307.48218,295.87817,302.8988,2001
Sudan,Al Jazeera,307.52246,294.5791,303.171,2002
Sudan,Al Jazeera,307.91797,297.90186,303.05435,2003
Sudan,Al Jazeera,308.69653,297.36914,303.30954,2004
Sudan,Al Jazeera,307.1421,295.5,303.37323,2005
Sudan,Al Jazeera,307.31445,295.81226,302.87192,2006
Sudan,Al Jazeera,308.72803,294.61157,302.7315,2007
Sudan,Al Jazeera,307.71118,296.89355,303.42987,2008
Sudan,Al Jazeera,308.90967,297.66602,303.93268,2009
Sudan,Al Jazeera,308.4358,299.23706,304.08768,2010
Sudan,Al Jazeera,308.1914,296.10254,303.26657,2011
Sudan,Al Jazeera,308.34277,296.12134,303.3355,2012
Sudan,Al Jazeera,308.54712,297.8745,303.6952,2013
Sudan,Al Jazeera,307.73755,297.89233,303.35983,2014
Sudan,Al Jazeera,308.84448,295.74268,304.00763,2015
Sudan,Al Jazeera,308.4226,295.5569,303.98834,2016
Sudan,Al Jazeera,308.0791,297.71777,304.00247,2017
Sudan,Al Jazeera,308.80493,298.66357,303.32343,2018
Sudan,Al Jazeera,308.80493,298.66357,303.32343,2019
Sudan,Al Jazeera,308.14062,294.93726,303.08575,2020
Libya,Al Jufrah,302.99683,285.45972,294.2585,2001
Libya,Al Jufrah,304.51733,283.16895,293.97275,2002
Libya,Al Jufrah,302.24585,284.43726,293.90167,2003
Libya,Al Jufrah,301.75293,284.0293,293.63,2004
Libya,Al Jufrah,301.71045,283.31836,293.72122,2005
Libya,Al Jufrah,303.4109,284.04126,293.8441,2006
Libya,Al Jufrah,301.99072,285.063,294.07492,2007
Libya,Al Jufrah,301.9253,283.8506,294.39066,2008
Libya,Al Jufrah,301.68213,286.17285,294.13156,2009
Libya,Al Jufrah,302.3318,286.69727,295.3787,2010
Libya,Al Jufrah,302.94702,284.23682,293.10562,2011
Libya,Al Jufrah,301.61353,283.14087,293.74094,2012
Libya,Al Jufrah,301.69067,284.87256,294.5718,2013
Libya,Al Jufrah,303.03906,286.23438,294.60104,2014
Libya,Al Jufrah,301.8706,284.02832,293.5794,2015
Libya,Al Jufrah,302.08105,284.73706,294.8591,2016
Libya,Al Jufrah,301.1045,282.36206,293.322,2017
Libya,Al Jufrah,302.35156,283.56787,293.84784,2018
Libya,Al Jufrah,302.35156,283.56787,293.84784,2019
Libya,Al Jufrah,302.06543,283.3435,294.12823,2020
Libya,Al Khoms,301.02295,287.30542,294.30685,2001
Libya,Al Khoms,301.8318,285.86426,294.07822,2002
Libya,Al Khoms,302.37866,285.82397,294.21774,2003
Libya,Al Khoms,301.58887,286.7871,293.7908,2004
Libya,Al Khoms,301.18115,285.97852,293.7658,2005
Libya,Al Khoms,302.50073,285.34204,293.91766,2006
Libya,Al Khoms,301.89136,287.47705,294.2675,2007
Libya,Al Khoms,301.66162,286.14355,294.1893,2008
Libya,Al Khoms,301.84692,286.9873,294.0092,2009
Libya,Al Khoms,301.32104,288.375,294.90897,2010
Libya,Al Khoms,301.72437,287.1731,293.7314,2011
Libya,Al Khoms,301.87573,284.6809,294.09918,2012
Libya,Al Khoms,300.9873,286.79004,294.3861,2013
Libya,Al Khoms,301.71655,287.85327,294.47003,2014
Libya,Al Khoms,301.937,286.5786,294.00845,2015
Libya,Al Khoms,300.36108,287.8401,294.84073,2016
Libya,Al Khoms,301.42456,285.02612,293.74646,2017
Libya,Al Khoms,301.46094,285.8081,294.0435,2018
Libya,Al Khoms,301.46094,285.8081,294.0435,2019
Libya,Al Khoms,301.92285,286.76733,294.3893,2020
Libya,Al Kufrah,299.6809,284.4734,293.04187,2001
Libya,Al Kufrah,300.44507,280.64355,292.98074,2002
Libya,Al Kufrah,299.58887,284.92212,293.26218,2003
Libya,Al Kufrah,301.4016,284.6953,293.37723,2004
Libya,Al Kufrah,299.96436,282.88477,293.85892,2005
Libya,Al Kufrah,300.80933,283.8025,293.4639,2006
Libya,Al Kufrah,299.96753,282.99243,293.6612,2007
Libya,Al Kufrah,300.96118,281.11426,293.14163,2008
Libya,Al Kufrah,299.8628,287.53125,294.02628,2009
Libya,Al Kufrah,301.45288,287.0183,295.24197,2010
Libya,Al Kufrah,300.39844,284.15332,293.48907,2011
Libya,Al Kufrah,300.1565,283.2151,293.76456,2012
Libya,Al Kufrah,300.61548,285.0581,294.12863,2013
Libya,Al Kufrah,300.42578,285.26562,293.89108,2014
Libya,Al Kufrah,300.5857,281.39307,293.18146,2015
Libya,Al Kufrah,301.60254,283.6897,294.06256,2016
Libya,Al Kufrah,300.53613,285.23706,293.1444,2017
Libya,Al Kufrah,300.97852,283.95142,293.99594,2018
Libya,Al Kufrah,300.97852,283.95142,293.99594,2019
Libya,Al Kufrah,300.75464,282.9099,293.6489,2020
Madagascar,Alaotra Mangoro,300.50488,295.70068,298.70154,2001
Madagascar,Alaotra Mangoro,300.88477,295.74902,298.3577,2002
Madagascar,Alaotra Mangoro,300.48364,295.4646,298.42233,2003
Madagascar,Alaotra Mangoro,300.8069,295.6277,298.29178,2004
Madagascar,Alaotra Mangoro,300.104,295.54053,298.38593,2005
Madagascar,Alaotra Mangoro,300.69434,296.12378,298.72122,2006
Madagascar,Alaotra Mangoro,300.33105,296.17236,298.25577,2007
Madagascar,Alaotra Mangoro,299.8474,295.50732,298.19907,2008
Madagascar,Alaotra Mangoro,300.76172,295.94556,298.62833,2009
Madagascar,Alaotra Mangoro,300.19702,295.8152,298.71237,2010
Madagascar,Alaotra Mangoro,300.97095,296.44507,298.86636,2011
Madagascar,Alaotra Mangoro,300.7688,295.77563,298.3832,2012
Madagascar,Alaotra Mangoro,301.02637,295.6831,298.73215,2013
Madagascar,Alaotra Mangoro,300.45972,296.60742,298.71417,2014
Madagascar,Alaotra Mangoro,300.91895,296.15576,298.6486,2015
Madagascar,Alaotra Mangoro,300.77368,295.1853,298.538,2016
Madagascar,Alaotra Mangoro,300.46362,296.5564,298.9535,2017
Madagascar,Alaotra Mangoro,301.10205,296.6172,299.12436,2018
Madagascar,Alaotra Mangoro,301.10205,296.6172,299.12436,2019
Madagascar,Alaotra Mangoro,300.8479,295.86816,298.73956,2020
Seychelles,Aldabra,300.48584,297.0581,299.03275,2001
Seychelles,Aldabra,300.78027,297.10376,299.17377,2002
Seychelles,Aldabra,301.05444,297.1377,299.39175,2003
Seychelles,Aldabra,300.82593,297.12598,299.1077,2004
Seychelles,Aldabra,300.79395,297.07153,299.2282,2005
Seychelles,Aldabra,300.3894,297.35815,299.1198,2006
Seychelles,Aldabra,301.5083,297.86987,299.50836,2007
Seychelles,Aldabra,300.20996,297.1499,298.99594,2008
Seychelles,Aldabra,300.5398,297.4192,299.3513,2009
Seychelles,Aldabra,301.35278,297.3562,299.50256,2010
Seychelles,Aldabra,300.41138,297.39893,299.26202,2011
Seychelles,Aldabra,301.06274,297.24878,299.1879,2012
Seychelles,Aldabra,300.7744,297.13184,299.16507,2013
Seychelles,Aldabra,300.91797,297.68726,299.4466,2014
Seychelles,Aldabra,300.92822,297.68115,299.5732,2015
Seychelles,Aldabra,301.54126,297.06177,299.34933,2016
Seychelles,Aldabra,300.6897,297.7058,299.44308,2017
Seychelles,Aldabra,301.2207,297.96753,299.76776,2018
Seychelles,Aldabra,301.2207,297.96753,299.76776,2019
Seychelles,Aldabra,301.2307,297.59277,299.6144,2020
Uganda,Alebtong,299.81323,295.2124,296.89133,2001
Uganda,Alebtong,301.21582,296.66724,298.25595,2002
Uganda,Alebtong,301.26147,295.10718,297.94952,2003
Uganda,Alebtong,301.0818,295.8662,297.7599,2004
Uganda,Alebtong,301.35645,295.56592,298.14066,2005
Uganda,Alebtong,300.4436,295.59058,297.22025,2006
Uganda,Alebtong,299.45752,295.1433,297.4208,2007
Uganda,Alebtong,300.05176,295.3081,297.17108,2008
Uganda,Alebtong,300.4375,296.9768,298.1711,2009
Uganda,Alebtong,299.22656,295.4226,297.2952,2010
Uganda,Alebtong,300.15747,295.45947,297.10416,2011
Uganda,Alebtong,301.20654,295.15845,297.1252,2012
Uganda,Alebtong,299.06934,295.62207,296.94714,2013
Uganda,Alebtong,299.94946,295.2517,297.57974,2014
Uganda,Alebtong,301.16797,295.94897,297.65182,2015
Uganda,Alebtong,301.44556,296.25757,298.6262,2016
Uganda,Alebtong,300.6316,295.97046,298.2634,2017
Uganda,Alebtong,301.08032,295.52734,297.75687,2018
Uganda,Alebtong,301.08032,295.52734,297.75687,2019
Uganda,Alebtong,299.01758,295.41504,296.95035,2020
Egypt,Alexandria,300.01294,288.69995,293.86658,2001
Egypt,Alexandria,300.0647,287.24707,293.9368,2002
Egypt,Alexandria,299.83496,287.37085,293.73468,2003
Egypt,Alexandria,299.51074,287.63867,293.61243,2004
Egypt,Alexandria,299.67505,287.81543,293.56595,2005
Egypt,Alexandria,299.84253,287.92407,293.6457,2006
Egypt,Alexandria,299.78198,288.2776,293.82867,2007
Egypt,Alexandria,299.8357,287.6123,294.05698,2008
Egypt,Alexandria,299.38403,288.66504,293.96393,2009
Egypt,Alexandria,300.2273,289.51758,294.56213,2010
Egypt,Alexandria,299.52002,289.04004,293.60464,2011
Egypt,Alexandria,300.573,287.22485,293.9929,2012
Egypt,Alexandria,299.90332,288.25146,293.97415,2013
Egypt,Alexandria,300.22046,289.11353,294.29977,2014
Egypt,Alexandria,300.9956,287.80127,293.9904,2015
Egypt,Alexandria,300.06128,287.84595,294.4615,2016
Egypt,Alexandria,300.30737,287.30737,293.90305,2017
Egypt,Alexandria,300.28198,287.20068,294.04233,2018
Egypt,Alexandria,300.28198,287.20068,294.04233,2019
Egypt,Alexandria,300.2373,287.8474,294.03693,2020
Algeria,Alger,298.17114,286.87964,292.0222,2001
Algeria,Alger,297.39087,286.7627,291.75955,2002
Algeria,Alger,299.74707,286.10913,292.12823,2003
Algeria,Alger,298.37012,287.21265,291.52145,2004
Algeria,Alger,297.65747,284.92285,291.24008,2005
Algeria,Alger,298.21948,285.885,292.03778,2006
Algeria,Alger,298.32886,287.52563,291.73492,2007
Algeria,Alger,298.66382,286.70483,291.75278,2008
Algeria,Alger,298.91138,286.21973,291.98102,2009
Algeria,Alger,297.8308,287.29297,291.7389,2010
Algeria,Alger,298.29932,286.62036,292.09357,2011
Algeria,Alger,299.53784,284.04614,291.84348,2012
Algeria,Alger,298.45605,286.00098,291.7362,2013
Algeria,Alger,298.19116,287.5725,292.3278,2014
Algeria,Alger,299.16553,285.87158,292.26886,2015
Algeria,Alger,297.6687,287.5569,292.3946,2016
Algeria,Alger,299.4851,286.3152,292.41458,2017
Algeria,Alger,299.06323,286.8374,292.19354,2018
Algeria,Alger,299.06323,286.8374,292.19354,2019
Algeria,Alger,299.17285,287.32593,292.46646,2020
Djibouti,Ali Sabieh,307.07227,296.03052,301.37308,2001
Djibouti,Ali Sabieh,306.58813,296.80957,301.40732,2002
Djibouti,Ali Sabieh,307.2439,296.56982,301.54767,2003
Djibouti,Ali Sabieh,307.15552,297.05078,301.5885,2004
Djibouti,Ali Sabieh,307.0503,296.56445,301.68085,2005
Djibouti,Ali Sabieh,306.93433,296.3557,301.40057,2006
Djibouti,Ali Sabieh,306.7798,296.43774,301.60342,2007
Djibouti,Ali Sabieh,306.7671,296.27832,301.10208,2008
Djibouti,Ali Sabieh,307.47485,295.84644,301.34787,2009
Djibouti,Ali Sabieh,306.57788,296.59644,301.45764,2010
Djibouti,Ali Sabieh,306.7478,296.06348,301.18063,2011
Djibouti,Ali Sabieh,306.85376,296.5647,301.1425,2012
Djibouti,Ali Sabieh,306.98584,296.8999,301.39914,2013
Djibouti,Ali Sabieh,306.98047,296.30444,301.32584,2014
Djibouti,Ali Sabieh,307.31738,296.5962,301.6533,2015
Djibouti,Ali Sabieh,307.0349,297.45044,301.968,2016
Djibouti,Ali Sabieh,307.79077,296.9795,301.92664,2017
Djibouti,Ali Sabieh,307.86133,296.64404,301.64764,2018
Djibouti,Ali Sabieh,307.86133,296.64404,301.64764,2019
Djibouti,Ali Sabieh,306.86597,297.1643,301.69968,2020
Benin,Alibori,307.312,297.82544,302.0264,2001
Benin,Alibori,307.688,297.30566,302.01425,2002
Benin,Alibori,307.34106,298.146,302.1761,2003
Benin,Alibori,307.56958,298.8789,302.29,2004
Benin,Alibori,307.5017,297.33008,302.5352,2005
Benin,Alibori,306.7422,297.156,302.37387,2006
Benin,Alibori,307.48804,296.60767,302.08957,2007
Benin,Alibori,306.06885,295.44434,301.6208,2008
Benin,Alibori,307.35742,298.44604,302.76828,2009
Benin,Alibori,307.64966,298.71948,302.74963,2010
Benin,Alibori,307.2661,298.19775,302.92072,2011
Benin,Alibori,307.83447,297.98267,302.46164,2012
Benin,Alibori,307.14575,298.94678,302.77786,2013
Benin,Alibori,306.8313,298.5996,302.44333,2014
Benin,Alibori,307.93042,296.80713,302.49234,2015
Benin,Alibori,307.8733,297.72485,302.59348,2016
Benin,Alibori,307.6289,298.51636,302.21765,2017
Benin,Alibori,307.61475,298.58545,302.4769,2018
Benin,Alibori,307.61475,298.58545,302.4769,2019
Benin,Alibori,308.12012,298.12085,302.39484,2020
Ethiopia,Amhara,306.562,297.44653,300.93137,2001
Ethiopia,Amhara,306.71533,297.95923,301.8492,2002
Ethiopia,Amhara,306.94727,297.45996,301.48892,2003
Ethiopia,Amhara,306.32544,297.79395,301.4404,2004
Ethiopia,Amhara,307.27905,297.61646,301.50815,2005
Ethiopia,Amhara,306.2124,297.68042,301.4012,2006
Ethiopia,Amhara,306.25342,297.2351,300.85895,2007
Ethiopia,Amhara,305.12012,297.8943,301.22675,2008
Ethiopia,Amhara,307.05664,298.38403,302.67715,2009
Ethiopia,Amhara,307.80786,297.43237,301.71335,2010
Ethiopia,Amhara,307.20923,297.54932,301.72736,2011
Ethiopia,Amhara,306.33643,297.28784,301.58926,2012
Ethiopia,Amhara,306.4065,297.33887,302.02332,2013
Ethiopia,Amhara,305.47192,297.29272,301.24527,2014
Ethiopia,Amhara,306.79883,299.4585,303.10983,2015
Ethiopia,Amhara,307.5276,297.99878,302.648,2016
Ethiopia,Amhara,307.0664,298.67065,302.84036,2017
Ethiopia,Amhara,307.33154,297.91284,302.04202,2018
Ethiopia,Amhara,307.33154,297.91284,302.04202,2019
Ethiopia,Amhara,306.95215,297.4795,302.22232,2020
Uganda,Amolatar,298.5769,295.32764,296.57034,2001
Uganda,Amolatar,299.98145,296.18555,297.05756,2002
Uganda,Amolatar,299.32593,295.4099,296.98483,2003
Uganda,Amolatar,298.98413,295.62036,296.96237,2004
Uganda,Amolatar,300.09668,295.6128,297.31595,2005
Uganda,Amolatar,299.55103,295.90698,296.87503,2006
Uganda,Amolatar,298.10376,295.33667,296.8049,2007
Uganda,Amolatar,298.5166,295.25928,296.764,2008
Uganda,Amolatar,299.64453,296.36548,297.37198,2009
Uganda,Amolatar,298.13672,295.92847,296.95456,2010
Uganda,Amolatar,299.41528,295.65283,296.8618,2011
Uganda,Amolatar,300.39795,295.60767,297.14737,2012
Uganda,Amolatar,298.81738,295.66113,296.89392,2013
Uganda,Amolatar,299.79712,295.44507,297.2459,2014
Uganda,Amolatar,300.77197,296.33765,297.60788,2015
Uganda,Amolatar,300.83228,296.4812,298.08517,2016
Uganda,Amolatar,300.6355,296.0017,297.6921,2017
Uganda,Amolatar,300.5393,295.71484,297.34964,2018
Uganda,Amolatar,300.5393,295.71484,297.34964,2019
Uganda,Amolatar,298.70117,295.78223,296.94333,2020
Madagascar,Amoron I Mania,297.93042,292.07178,295.9281,2001
Madagascar,Amoron I Mania,297.80664,292.96777,296.20062,2002
Madagascar,Amoron I Mania,298.4602,292.17554,296.20016,2003
Madagascar,Amoron I Mania,298.07617,293.09106,296.28952,2004
Madagascar,Amoron I Mania,298.52002,292.1831,296.33286,2005
Madagascar,Amoron I Mania,298.43652,292.80347,296.3594,2006
Madagascar,Amoron I Mania,297.9768,292.4126,296.39084,2007
Madagascar,Amoron I Mania,299.05835,292.58032,296.1387,2008
Madagascar,Amoron I Mania,299.1704,292.9065,296.47824,2009
Madagascar,Amoron I Mania,298.38794,292.9851,296.59567,2010
Madagascar,Amoron I Mania,299.46704,292.115,296.32468,2011
Madagascar,Amoron I Mania,298.49023,292.5686,296.21603,2012
Madagascar,Amoron I Mania,298.65918,292.61865,296.41428,2013
Madagascar,Amoron I Mania,299.0652,293.45117,296.61246,2014
Madagascar,Amoron I Mania,298.23926,292.99707,296.45197,2015
Madagascar,Amoron I Mania,298.30493,292.65332,296.32706,2016
Madagascar,Amoron I Mania,299.34473,293.1228,296.69748,2017
Madagascar,Amoron I Mania,299.8064,292.57617,296.9559,2018
Madagascar,Amoron I Mania,299.8064,292.57617,296.9559,2019
Madagascar,Amoron I Mania,299.93774,292.69043,296.95767,2020
Uganda,Amudat,299.27417,296.1421,297.9011,2001
Uganda,Amudat,299.78027,296.9619,298.30072,2002
Uganda,Amudat,300.63843,295.95996,298.25046,2003
Uganda,Amudat,300.74976,296.49634,298.12204,2004
Uganda,Amudat,300.08765,296.4829,298.31302,2005
Uganda,Amudat,299.8811,296.60815,297.9914,2006
Uganda,Amudat,299.51392,295.67065,297.76584,2007
Uganda,Amudat,299.35645,296.32373,298.022,2008
Uganda,Amudat,300.33594,297.72876,298.9003,2009
Uganda,Amudat,299.9978,296.323,298.11356,2010
Uganda,Amudat,299.9729,295.76587,297.78595,2011
Uganda,Amudat,300.14014,295.57446,297.6949,2012
Uganda,Amudat,299.47363,295.64014,297.5902,2013
Uganda,Amudat,299.59204,296.40015,298.12662,2014
Uganda,Amudat,300.08594,297.06934,298.4858,2015
Uganda,Amudat,301.48657,296.76147,298.80704,2016
Uganda,Amudat,300.58228,296.05835,298.1382,2017
Uganda,Amudat,300.62305,296.1543,298.0788,2018
Uganda,Amudat,300.62305,296.1543,298.0788,2019
Uganda,Amudat,298.98047,295.25293,297.35593,2020
Uganda,Amuria,299.81323,295.2124,296.89133,2001
Uganda,Amuria,301.21582,296.66724,298.25595,2002
Uganda,Amuria,301.26147,295.10718,297.94952,2003
Uganda,Amuria,301.0818,295.8662,297.7599,2004
Uganda,Amuria,301.35645,295.56592,298.14066,2005
Uganda,Amuria,300.4436,295.59058,297.22025,2006
Uganda,Amuria,299.45752,295.1433,297.4208,2007
Uganda,Amuria,300.05176,295.3081,297.17108,2008
Uganda,Amuria,300.4375,296.9768,298.1711,2009
Uganda,Amuria,299.22656,295.4226,297.2952,2010
Uganda,Amuria,300.15747,295.45947,297.10416,2011
Uganda,Amuria,301.20654,295.15845,297.1252,2012
Uganda,Amuria,299.06934,295.62207,296.94714,2013
Uganda,Amuria,299.94946,295.2517,297.57974,2014
Uganda,Amuria,301.16797,295.94897,297.65182,2015
Uganda,Amuria,301.44556,296.25757,298.6262,2016
Uganda,Amuria,300.6316,295.97046,298.2634,2017
Uganda,Amuria,301.08032,295.52734,297.75687,2018
Uganda,Amuria,301.08032,295.52734,297.75687,2019
Uganda,Amuria,299.01758,295.41504,296.95035,2020
Uganda,Amuru,301.91675,297.33716,299.24515,2001
Uganda,Amuru,303.13965,298.30298,299.75107,2002
Uganda,Amuru,302.73413,297.3435,299.6357,2003
Uganda,Amuru,303.69507,297.6123,299.7651,2004
Uganda,Amuru,304.46387,297.5913,300.2054,2005
Uganda,Amuru,302.94946,297.83862,299.5845,2006
Uganda,Amuru,302.3518,297.22534,299.59576,2007
Uganda,Amuru,301.50684,297.25342,299.3371,2008
Uganda,Amuru,302.1748,298.68677,300.06207,2009
Uganda,Amuru,302.4961,297.85034,299.80203,2010
Uganda,Amuru,302.22192,297.49268,299.52814,2011
Uganda,Amuru,303.25146,297.1936,299.47482,2012
Uganda,Amuru,302.667,297.4834,299.45706,2013
Uganda,Amuru,302.64868,297.54077,300.00406,2014
Uganda,Amuru,303.60156,298.1599,299.91843,2015
Uganda,Amuru,303.81665,297.9685,300.45578,2016
Uganda,Amuru,302.88745,297.70972,300.3096,2017
Uganda,Amuru,303.75586,297.55542,300.00995,2018
Uganda,Amuru,303.75586,297.55542,300.00995,2019
Uganda,Amuru,302.00195,297.5459,299.46286,2020
Madagascar,Analamanga,300.93457,295.2085,298.37634,2001
Madagascar,Analamanga,301.04883,295.5205,298.37167,2002
Madagascar,Analamanga,300.45044,295.33374,298.25372,2003
Madagascar,Analamanga,301.14038,295.739,298.47586,2004
Madagascar,Analamanga,300.1704,295.062,298.30502,2005
Madagascar,Analamanga,300.6045,296.06128,298.7072,2006
Madagascar,Analamanga,300.06934,295.72314,298.29205,2007
Madagascar,Analamanga,300.01538,295.42334,298.21732,2008
Madagascar,Analamanga,300.99268,295.58228,298.4291,2009
Madagascar,Analamanga,300.32788,295.70776,298.61584,2010
Madagascar,Analamanga,300.40845,295.62085,298.48483,2011
Madagascar,Analamanga,300.72876,295.31665,298.10895,2012
Madagascar,Analamanga,300.7666,295.63232,298.5404,2013
Madagascar,Analamanga,301.08447,296.30273,298.77878,2014
Madagascar,Analamanga,300.46582,295.94043,298.48434,2015
Madagascar,Analamanga,300.2268,295.24194,298.43253,2016
Madagascar,Analamanga,300.96387,296.4392,299.01306,2017
Madagascar,Analamanga,301.28882,295.75586,298.80112,2018
Madagascar,Analamanga,301.28882,295.75586,298.80112,2019
Madagascar,Analamanga,301.44165,295.94238,298.94415,2020
Madagascar,Analanjirofo,299.13794,294.5503,297.1218,2001
Madagascar,Analanjirofo,299.39746,294.5608,297.23465,2002
Madagascar,Analanjirofo,299.37085,294.42285,297.3172,2003
Madagascar,Analanjirofo,299.7478,295.083,297.22195,2004
Madagascar,Analanjirofo,300.04004,294.80005,297.36215,2005
Madagascar,Analanjirofo,299.18823,294.74878,297.2663,2006
Madagascar,Analanjirofo,300.43604,294.989,297.41412,2007
Madagascar,Analanjirofo,299.3916,294.57178,297.18558,2008
Madagascar,Analanjirofo,299.99683,294.91724,297.55753,2009
Madagascar,Analanjirofo,299.8396,294.58276,297.63034,2010
Madagascar,Analanjirofo,299.81763,295.35718,297.67252,2011
Madagascar,Analanjirofo,299.67114,294.95532,297.3835,2012
Madagascar,Analanjirofo,299.98535,294.63428,297.40353,2013
Madagascar,Analanjirofo,299.54883,295.11328,297.6048,2014
Madagascar,Analanjirofo,300.01074,295.14795,297.61862,2015
Madagascar,Analanjirofo,300.07935,294.75757,297.47336,2016
Madagascar,Analanjirofo,299.90527,295.18823,297.70822,2017
Madagascar,Analanjirofo,300.01514,295.46167,298.01727,2018
Madagascar,Analanjirofo,300.01514,295.46167,298.01727,2019
Madagascar,Analanjirofo,299.6892,295.1455,297.50616,2020
Nigeria,Anambra,302.96948,298.2317,300.30197,2001
Nigeria,Anambra,302.3545,298.33032,300.1365,2002
Nigeria,Anambra,302.7107,298.62573,300.33493,2003
Nigeria,Anambra,303.0271,298.49512,300.49246,2004
Nigeria,Anambra,303.67676,298.6167,300.64374,2005
Nigeria,Anambra,302.562,298.21948,300.73602,2006
Nigeria,Anambra,303.37744,298.3191,300.36612,2007
Nigeria,Anambra,303.30566,298.71045,300.4411,2008
Nigeria,Anambra,303.25977,298.93286,300.73264,2009
Nigeria,Anambra,304.49976,299.23706,301.25256,2010
Nigeria,Anambra,302.94434,298.68213,300.63687,2011
Nigeria,Anambra,303.38428,298.65698,300.482,2012
Nigeria,Anambra,303.08887,298.65918,300.468,2013
Nigeria,Anambra,303.23462,298.49585,300.54166,2014
Nigeria,Anambra,302.7544,298.98315,300.7319,2015
Nigeria,Anambra,304.61646,298.9099,301.03067,2016
Nigeria,Anambra,304.50293,298.7234,301.08157,2017
Nigeria,Anambra,302.89868,299.21484,300.91312,2018
Nigeria,Anambra,302.89868,299.21484,300.91312,2019
Nigeria,Anambra,304.07617,298.9497,301.18634,2020
Madagascar,Androy,298.69214,290.6836,295.2678,2001
Madagascar,Androy,297.8506,290.90723,295.22977,2002
Madagascar,Androy,298.71265,289.58374,295.15347,2003
Madagascar,Androy,299.46875,291.3938,295.60526,2004
Madagascar,Androy,297.40674,289.72803,294.97055,2005
Madagascar,Androy,300.3152,291.45386,296.11298,2006
Madagascar,Androy,299.91455,289.9126,295.30475,2007
Madagascar,Androy,299.64233,289.89673,295.08417,2008
Madagascar,Androy,299.42578,290.05884,295.4146,2009
Madagascar,Androy,300.26562,291.11792,296.3076,2010
Madagascar,Androy,299.0901,289.57593,294.97458,2011
Madagascar,Androy,298.79614,291.60376,295.6739,2012
Madagascar,Androy,299.56006,289.92334,295.17795,2013
Madagascar,Androy,297.63867,291.07227,294.9977,2014
Madagascar,Androy,299.05713,291.458,295.5815,2015
Madagascar,Androy,299.14282,290.90527,295.81192,2016
Madagascar,Androy,298.20386,291.10327,295.25867,2017
Madagascar,Androy,299.94873,290.37305,295.51694,2018
Madagascar,Androy,299.94873,290.37305,295.51694,2019
Madagascar,Androy,300.26367,290.05176,296.04196,2020
Comoros,Anjouan,300.57178,297.63013,299.2891,2001
Comoros,Anjouan,300.7119,297.8772,299.40488,2002
Comoros,Anjouan,300.88477,297.40918,299.4785,2003
Comoros,Anjouan,300.8435,297.51465,299.37317,2004
Comoros,Anjouan,301.00366,297.59302,299.4061,2005
Comoros,Anjouan,300.41235,297.68237,299.30258,2006
Comoros,Anjouan,300.93994,297.95386,299.61887,2007
Comoros,Anjouan,300.20605,297.41772,299.14227,2008
Comoros,Anjouan,301.04175,297.677,299.51877,2009
Comoros,Anjouan,301.3235,297.77417,299.69543,2010
Comoros,Anjouan,300.4541,297.83643,299.45978,2011
Comoros,Anjouan,300.92017,297.70972,299.3614,2012
Comoros,Anjouan,300.82544,297.44824,299.47122,2013
Comoros,Anjouan,300.86108,297.9209,299.63815,2014
Comoros,Anjouan,300.9165,298.08936,299.7801,2015
Comoros,Anjouan,301.36743,297.5852,299.56485,2016
Comoros,Anjouan,300.87524,298.21265,299.7598,2017
Comoros,Anjouan,301.30664,298.26636,299.96307,2018
Comoros,Anjouan,301.30664,298.26636,299.96307,2019
Comoros,Anjouan,301.40845,297.74707,299.80826,2020
Algeria,Annaba,300.44067,285.3589,292.4177,2001
Algeria,Annaba,299.4807,284.27637,292.07596,2002
Algeria,Annaba,303.03418,284.5232,292.68454,2003
Algeria,Annaba,301.03027,285.50195,291.96448,2004
Algeria,Annaba,300.03467,283.39746,291.8055,2005
Algeria,Annaba,300.93433,284.15845,292.6099,2006
Algeria,Annaba,300.2644,285.9673,292.13028,2007
Algeria,Annaba,300.56226,285.51343,292.22806,2008
Algeria,Annaba,301.11743,284.85254,292.20856,2009
Algeria,Annaba,300.2683,285.98828,292.07776,2010
Algeria,Annaba,300.5923,285.05005,292.29166,2011
Algeria,Annaba,301.99878,282.7942,292.50543,2012
Algeria,Annaba,299.90967,284.06543,291.93933,2013
Algeria,Annaba,300.45483,286.1853,292.79605,2014
Algeria,Annaba,301.2378,284.2544,292.41354,2015
Algeria,Annaba,299.64038,286.64087,292.56467,2016
Algeria,Annaba,301.57104,284.1433,292.35925,2017
Algeria,Annaba,301.5027,284.7671,292.30145,2018
Algeria,Annaba,301.5027,284.7671,292.30145,2019
Algeria,Annaba,301.20605,285.5974,292.5833,2020
Equatorial Guinea,Annobon,300.61157,295.66748,298.33484,2001
Equatorial Guinea,Annobon,300.5454,296.5061,298.6956,2002
Equatorial Guinea,Annobon,300.6582,297.1455,298.98224,2003
Equatorial Guinea,Annobon,300.3435,296.02075,298.45895,2004
Equatorial Guinea,Annobon,300.9646,295.64404,298.44305,2005
Equatorial Guinea,Annobon,300.85034,295.73706,298.66977,2006
Equatorial Guinea,Annobon,300.52515,296.48706,298.898,2007
Equatorial Guinea,Annobon,300.55176,296.51318,298.77524,2008
Equatorial Guinea,Annobon,300.57227,295.80103,298.72043,2009
Equatorial Guinea,Annobon,301.3059,295.739,298.71252,2010
Equatorial Guinea,Annobon,300.68774,295.50757,298.45847,2011
Equatorial Guinea,Annobon,300.17334,296.4436,298.63956,2012
Equatorial Guinea,Annobon,300.91333,295.54834,298.43802,2013
Equatorial Guinea,Annobon,300.63208,295.29102,298.4544,2014
Equatorial Guinea,Annobon,300.45898,295.76074,298.40103,2015
Equatorial Guinea,Annobon,300.9475,296.7976,299.0092,2016
Equatorial Guinea,Annobon,300.64648,295.64624,298.71994,2017
Equatorial Guinea,Annobon,300.92578,296.8711,299.16312,2018
Equatorial Guinea,Annobon,300.92578,296.8711,299.16312,2019
Equatorial Guinea,Annobon,301.1272,296.62207,298.9858,2020
Madagascar,Anosy,301.08276,292.51367,296.8594,2001
Madagascar,Anosy,299.3252,292.85254,296.51947,2002
Madagascar,Anosy,300.5171,291.49194,296.84048,2003
Madagascar,Anosy,300.4336,292.7937,296.78625,2004
Madagascar,Anosy,299.53125,291.4995,296.202,2005
Madagascar,Anosy,301.08618,292.9109,297.39212,2006
Madagascar,Anosy,300.84424,292.364,296.91006,2007
Madagascar,Anosy,300.86035,291.8147,296.59525,2008
Madagascar,Anosy,300.3855,291.8772,296.47775,2009
Madagascar,Anosy,300.42188,292.48315,297.08997,2010
Madagascar,Anosy,300.29395,291.82007,296.33804,2011
Madagascar,Anosy,300.3059,293.20923,296.86514,2012
Madagascar,Anosy,301.25342,291.91553,296.3887,2013
Madagascar,Anosy,299.82983,292.8164,296.72916,2014
Madagascar,Anosy,300.5708,293.04395,297.05954,2015
Madagascar,Anosy,300.61597,292.56738,297.09982,2016
Madagascar,Anosy,301.6355,293.12476,296.9797,2017
Madagascar,Anosy,300.0581,292.49805,296.86722,2018
Madagascar,Anosy,300.0581,292.49805,296.86722,2019
Madagascar,Anosy,300.58594,292.0088,296.7277,2020
Eritrea,Anseba,300.8064,291.2434,297.12228,2001
Eritrea,Anseba,301.6494,291.00488,297.4848,2002
Eritrea,Anseba,301.4668,292.65186,297.22818,2003
Eritrea,Anseba,301.65747,292.7832,297.4023,2004
Eritrea,Anseba,300.9878,291.36133,297.04266,2005
Eritrea,Anseba,302.03076,291.81226,296.93802,2006
Eritrea,Anseba,301.4839,291.05298,296.74112,2007
Eritrea,Anseba,301.41235,292.1787,297.35907,2008
Eritrea,Anseba,302.85693,292.9734,297.92813,2009
Eritrea,Anseba,302.64233,293.5105,297.70618,2010
Eritrea,Anseba,301.9336,291.833,296.98532,2011
Eritrea,Anseba,301.3706,292.11353,297.5178,2012
Eritrea,Anseba,301.76025,292.9878,297.66232,2013
Eritrea,Anseba,302.02832,293.3069,297.20587,2014
Eritrea,Anseba,301.96265,292.15137,298.02487,2015
Eritrea,Anseba,302.27637,291.49048,297.71848,2016
Eritrea,Anseba,302.70215,292.47754,297.93088,2017
Eritrea,Anseba,300.5608,293.47217,297.29233,2018
Eritrea,Anseba,300.5608,293.47217,297.29233,2019
Eritrea,Anseba,302.1277,290.83765,297.21677,2020
Uganda,Apac,298.78003,295.39795,296.58908,2001
Uganda,Apac,300.05566,296.26367,297.16043,2002
Uganda,Apac,299.85718,295.47046,297.09015,2003
Uganda,Apac,299.50366,295.9524,297.1173,2004
Uganda,Apac,300.3213,295.6538,297.33304,2005
Uganda,Apac,299.7776,295.95776,296.97333,2006
Uganda,Apac,298.19165,295.39526,296.83502,2007
Uganda,Apac,298.61426,295.35303,296.79218,2008
Uganda,Apac,299.50586,296.5061,297.45694,2009
Uganda,Apac,298.43555,295.8777,297.00436,2010
Uganda,Apac,299.50708,295.74072,296.98093,2011
Uganda,Apac,300.37646,295.47876,297.15045,2012
Uganda,Apac,298.84668,295.6963,296.89133,2013
Uganda,Apac,300.0725,295.4392,297.28156,2014
Uganda,Apac,300.74658,296.4021,297.7267,2015
Uganda,Apac,300.88208,296.57007,298.16168,2016
Uganda,Apac,300.87964,296.01147,297.77087,2017
Uganda,Apac,300.5315,295.76562,297.42044,2018
Uganda,Apac,300.5315,295.76562,297.42044,2019
Uganda,Apac,298.74414,295.81348,296.95944,2020
Eritrea,Archipelagos,306.12256,298.69653,302.6571,2001
Eritrea,Archipelagos,305.92993,298.76465,302.27646,2002
Eritrea,Archipelagos,306.05176,299.18506,302.50552,2003
Eritrea,Archipelagos,305.69434,298.92163,302.30173,2004
Eritrea,Archipelagos,306.0266,298.75977,302.42108,2005
Eritrea,Archipelagos,305.70972,299.0354,302.42435,2006
Eritrea,Archipelagos,306.23315,299.02173,302.5126,2007
Eritrea,Archipelagos,305.4724,298.81348,302.19876,2008
Eritrea,Archipelagos,305.73364,298.71558,302.25284,2009
Eritrea,Archipelagos,306.02612,299.46484,302.66208,2010
Eritrea,Archipelagos,305.36182,298.93652,302.16696,2011
Eritrea,Archipelagos,305.80298,298.6975,302.25446,2012
Eritrea,Archipelagos,305.26514,299.1494,302.40793,2013
Eritrea,Archipelagos,305.69507,298.9182,302.34976,2014
Eritrea,Archipelagos,305.7749,298.51074,302.44186,2015
Eritrea,Archipelagos,305.67163,299.2229,302.61124,2016
Eritrea,Archipelagos,305.614,298.7002,302.38303,2017
Eritrea,Archipelagos,305.2754,299.03516,302.34213,2018
Eritrea,Archipelagos,305.2754,299.03516,302.34213,2019
Eritrea,Archipelagos,305.5005,298.82227,302.2695,2020
Malawi,Area under National Administration,296.3369,290.18115,293.8861,2001
Malawi,Area under National Administration,295.7456,290.5088,293.70242,2002
Malawi,Area under National Administration,296.6516,289.70874,294.0156,2003
Malawi,Area under National Administration,295.82617,289.9485,293.72604,2004
Malawi,Area under National Administration,297.0669,290.0288,294.30276,2005
Malawi,Area under National Administration,295.91113,290.19995,293.86038,2006
Malawi,Area under National Administration,296.7876,290.30347,294.1031,2007
Malawi,Area under National Administration,296.11182,289.94287,293.5894,2008
Malawi,Area under National Administration,295.8894,289.9436,293.88254,2009
Malawi,Area under National Administration,296.98242,290.40503,294.1899,2010
Malawi,Area under National Administration,295.9475,290.7556,294.05563,2011
Malawi,Area under National Administration,296.5332,290.6643,294.29727,2012
Malawi,Area under National Administration,296.6963,290.5796,294.3026,2013
Malawi,Area under National Administration,296.45386,290.82812,294.31296,2014
Malawi,Area under National Administration,296.62207,291.50293,294.6992,2015
Malawi,Area under National Administration,296.94824,290.57593,294.54922,2016
Malawi,Area under National Administration,296.8291,291.12476,294.3573,2017
Malawi,Area under National Administration,296.92627,290.89258,294.60516,2018
Malawi,Area under National Administration,296.92627,290.89258,294.60516,2019
Malawi,Area under National Administration,296.8186,290.1709,294.44888,2020
Tunisia,Ariana,299.9348,285.864,292.605,2001
Tunisia,Ariana,299.61353,284.8037,292.3206,2002
Tunisia,Ariana,302.31738,284.14038,292.73322,2003
Tunisia,Ariana,300.76855,285.73242,292.11975,2004
Tunisia,Ariana,300.16943,283.65137,291.99692,2005
Tunisia,Ariana,300.21558,284.3108,292.61136,2006
Tunisia,Ariana,299.90112,286.68018,292.5274,2007
Tunisia,Ariana,300.21265,285.95215,292.425,2008
Tunisia,Ariana,300.927,284.72754,292.3884,2009
Tunisia,Ariana,300.0652,286.30664,292.44495,2010
Tunisia,Ariana,300.2185,285.15356,292.48468,2011
Tunisia,Ariana,301.5476,283.28247,292.86398,2012
Tunisia,Ariana,300.01855,284.53223,292.446,2013
Tunisia,Ariana,300.26538,286.48608,292.96353,2014
Tunisia,Ariana,300.88184,284.70557,292.75616,2015
Tunisia,Ariana,299.71265,286.65454,292.84332,2016
Tunisia,Ariana,301.34937,284.15894,292.40988,2017
Tunisia,Ariana,301.51636,284.97217,292.52884,2018
Tunisia,Ariana,301.51636,284.97217,292.52884,2019
Tunisia,Ariana,301.4834,286.1267,292.7394,2020
Uganda,Arua,299.20386,294.77466,296.5049,2001
Uganda,Arua,300.2959,295.23462,296.7076,2002
Uganda,Arua,300.06616,294.79004,296.77457,2003
Uganda,Arua,299.83374,294.80762,296.8004,2004
Uganda,Arua,301.37402,294.9585,297.16132,2005
Uganda,Arua,299.73657,294.948,296.61298,2006
Uganda,Arua,299.01782,294.60034,296.7354,2007
Uganda,Arua,298.55054,294.69092,296.53452,2008
Uganda,Arua,299.0088,295.6223,297.0217,2009
Uganda,Arua,298.82227,295.15894,296.77454,2010
Uganda,Arua,299.81958,294.82275,296.6751,2011
Uganda,Arua,299.77295,294.3401,296.70352,2012
Uganda,Arua,299.07568,294.65723,296.53015,2013
Uganda,Arua,300.40454,294.7185,297.12482,2014
Uganda,Arua,301.08838,295.656,297.33054,2015
Uganda,Arua,301.56763,295.21655,297.5816,2016
Uganda,Arua,300.32495,295.07202,297.43655,2017
Uganda,Arua,300.6936,294.95776,297.15335,2018
Uganda,Arua,300.6936,294.95776,297.15335,2019
Uganda,Arua,299.31836,294.88965,296.8571,2020
United Republic of Tanzania,Arusha,292.53857,289.44873,291.02576,2001
United Republic of Tanzania,Arusha,292.6831,290.5088,291.602,2002
United Republic of Tanzania,Arusha,293.9043,289.8982,291.73273,2003
United Republic of Tanzania,Arusha,292.75952,290.38745,291.82742,2004
United Republic of Tanzania,Arusha,294.1277,290.0542,292.1906,2005
United Republic of Tanzania,Arusha,294.52368,290.74292,291.9979,2006
United Republic of Tanzania,Arusha,292.94824,290.4441,291.57217,2007
United Republic of Tanzania,Arusha,292.72437,289.98584,291.6351,2008
United Republic of Tanzania,Arusha,295.00586,291.0393,292.5297,2009
United Republic of Tanzania,Arusha,292.8103,290.6394,291.8463,2010
United Republic of Tanzania,Arusha,293.4524,290.69775,292.06558,2011
United Republic of Tanzania,Arusha,293.5481,289.97412,291.49225,2012
United Republic of Tanzania,Arusha,292.80005,290.12402,291.35812,2013
United Republic of Tanzania,Arusha,292.62915,290.5713,291.61343,2014
United Republic of Tanzania,Arusha,294.57422,290.531,292.08316,2015
United Republic of Tanzania,Arusha,294.20337,290.7412,292.2022,2016
United Republic of Tanzania,Arusha,294.02563,291.80835,292.83615,2017
United Republic of Tanzania,Arusha,294.7207,291.07178,292.63446,2018
United Republic of Tanzania,Arusha,294.7207,291.07178,292.63446,2019
United Republic of Tanzania,Arusha,292.3877,290.3037,291.51852,2020
Libya,Ash Shati,304.57104,285.31372,295.33206,2001
Libya,Ash Shati,306.17163,283.0752,295.0595,2002
Libya,Ash Shati,304.3064,284.95093,294.88345,2003
Libya,Ash Shati,303.58105,283.89844,294.58444,2004
Libya,Ash Shati,304.12256,282.9629,294.78128,2005
Libya,Ash Shati,305.08276,283.8811,294.95233,2006
Libya,Ash Shati,304.17432,284.53174,295.10455,2007
Libya,Ash Shati,304.0913,283.93066,295.2707,2008
Libya,Ash Shati,303.4729,286.31934,295.07477,2009
Libya,Ash Shati,304.48022,286.95898,296.46072,2010
Libya,Ash Shati,304.4021,283.8501,294.1857,2011
Libya,Ash Shati,303.17993,283.20728,294.76846,2012
Libya,Ash Shati,302.62646,284.38623,295.42795,2013
Libya,Ash Shati,305.13867,285.45898,295.6009,2014
Libya,Ash Shati,303.86084,283.61426,294.56833,2015
Libya,Ash Shati,303.76465,284.9187,295.78067,2016
Libya,Ash Shati,302.8506,282.18237,294.2673,2017
Libya,Ash Shati,304.41016,283.61865,294.8511,2018
Libya,Ash Shati,304.41016,283.61865,294.8511,2019
Libya,Ash Shati,303.69043,283.7146,295.21725,2020
Ghana,Ashanti,302.8269,298.5437,300.58743,2001
Ghana,Ashanti,303.34668,298.44556,300.3658,2002
Ghana,Ashanti,302.90234,298.88965,300.6284,2003
Ghana,Ashanti,302.32202,298.58325,300.43518,2004
Ghana,Ashanti,303.0459,298.4817,300.53436,2005
Ghana,Ashanti,302.36353,298.99878,300.67532,2006
Ghana,Ashanti,304.09985,299.02026,300.7792,2007
Ghana,Ashanti,303.03027,298.98218,300.62357,2008
Ghana,Ashanti,302.75293,298.97876,300.738,2009
Ghana,Ashanti,303.01538,299.30347,301.033,2010
Ghana,Ashanti,301.9348,298.7876,300.5309,2011
Ghana,Ashanti,302.73584,298.6355,300.43692,2012
Ghana,Ashanti,303.29395,298.7124,300.53488,2013
Ghana,Ashanti,302.08228,298.83374,300.49332,2014
Ghana,Ashanti,302.3794,299.38232,300.76804,2015
Ghana,Ashanti,304.03442,299.38013,301.28424,2016
Ghana,Ashanti,303.58887,299.01245,301.1262,2017
Ghana,Ashanti,303.38306,299.385,301.2458,2018
Ghana,Ashanti,303.38306,299.385,301.2458,2019
Ghana,Ashanti,304.16602,299.29004,301.25388,2020
Mauritania,Assaba,307.35938,293.37427,301.55148,2001
Mauritania,Assaba,307.1123,292.73145,301.03983,2002
Mauritania,Assaba,307.55957,291.2456,301.1826,2003
Mauritania,Assaba,307.16675,292.47656,301.2529,2004
Mauritania,Assaba,306.68506,292.26367,301.3519,2005
Mauritania,Assaba,306.8003,290.12134,300.87698,2006
Mauritania,Assaba,306.86572,292.938,300.93756,2007
Mauritania,Assaba,306.4983,290.83105,300.88852,2008
Mauritania,Assaba,306.91748,290.3523,301.31192,2009
Mauritania,Assaba,307.9353,295.01758,302.5491,2010
Mauritania,Assaba,307.54883,292.5083,301.53253,2011
Mauritania,Assaba,306.95264,291.75806,300.6363,2012
Mauritania,Assaba,308.27588,291.55225,301.17014,2013
Mauritania,Assaba,308.20605,292.7461,301.24918,2014
Mauritania,Assaba,308.34546,291.70996,301.49802,2015
Mauritania,Assaba,307.84082,294.34253,301.9073,2016
Mauritania,Assaba,308.49243,290.8308,301.63773,2017
Mauritania,Assaba,307.50586,291.83936,300.79135,2018
Mauritania,Assaba,307.50586,291.83936,300.79135,2019
Mauritania,Assaba,308.94604,292.71265,301.94937,2020
Egypt,Assiut,302.96216,285.6067,294.97937,2001
Egypt,Assiut,304.20874,282.86035,295.19818,2002
Egypt,Assiut,303.13184,284.88647,294.9041,2003
Egypt,Assiut,303.20435,284.60547,295.0558,2004
Egypt,Assiut,303.25708,284.93164,295.08514,2005
Egypt,Assiut,303.5144,285.07202,294.9035,2006
Egypt,Assiut,303.14526,284.2815,295.05362,2007
Egypt,Assiut,303.4275,283.08887,295.41507,2008
Egypt,Assiut,303.53735,286.16284,295.19913,2009
Egypt,Assiut,304.64917,287.625,297.03934,2010
Egypt,Assiut,303.73413,284.99902,294.5218,2011
Egypt,Assiut,304.0647,282.88892,295.27853,2012
Egypt,Assiut,302.86377,286.21436,295.59738,2013
Egypt,Assiut,303.79077,286.60522,295.96646,2014
Egypt,Assiut,305.20068,285.1455,295.79538,2015
Egypt,Assiut,304.8877,284.33618,296.15176,2016
Egypt,Assiut,304.3943,284.97925,295.52298,2017
Egypt,Assiut,303.79492,284.3745,295.48,2018
Egypt,Assiut,303.79492,284.3745,295.48,2019
Egypt,Assiut,303.97754,283.51538,295.63736,2020
Chad,Assongha,304.9077,294.79224,299.90466,2001
Chad,Assongha,305.03442,294.28613,300.00223,2002
Chad,Assongha,304.37427,296.75146,299.75992,2003
Chad,Assongha,304.427,297.05078,299.78055,2004
Chad,Assongha,304.32007,295.43555,299.9616,2005
Chad,Assongha,303.43506,294.69702,299.939,2006
Chad,Assongha,304.80054,294.30298,299.93985,2007
Chad,Assongha,303.5747,296.90332,299.67953,2008
Chad,Assongha,304.87695,297.6621,300.73932,2009
Chad,Assongha,305.76196,296.573,300.58835,2010
Chad,Assongha,304.635,295.01855,299.94025,2011
Chad,Assongha,304.95752,296.51782,299.78214,2012
Chad,Assongha,304.6328,296.40967,300.43314,2013
Chad,Assongha,303.97388,296.86304,299.90866,2014
Chad,Assongha,305.06714,294.21533,300.26266,2015
Chad,Assongha,305.1643,294.88306,300.37082,2016
Chad,Assongha,304.88892,297.79785,300.6135,2017
Chad,Assongha,305.22485,296.66943,300.25864,2018
Chad,Assongha,305.22485,296.66943,300.25864,2019
Chad,Assongha,305.4922,295.10718,300.10837,2020
Seychelles,Assumption,300.4331,297.1089,298.96277,2001
Seychelles,Assumption,300.7627,297.06665,299.11142,2002
Seychelles,Assumption,300.75366,297.12402,299.31216,2003
Seychelles,Assumption,300.7224,297.12598,299.05807,2004
Seychelles,Assumption,300.73022,297.15747,299.1706,2005
Seychelles,Assumption,300.32495,297.364,299.0718,2006
Seychelles,Assumption,301.39502,297.77612,299.4462,2007
Seychelles,Assumption,300.10645,297.1443,298.94925,2008
Seychelles,Assumption,300.5,297.41528,299.31808,2009
Seychelles,Assumption,301.22192,297.42456,299.48288,2010
Seychelles,Assumption,300.2649,297.4087,299.20114,2011
Seychelles,Assumption,301.0315,297.27612,299.13156,2012
Seychelles,Assumption,300.73145,297.1787,299.14246,2013
Seychelles,Assumption,300.79883,297.76147,299.4295,2014
Seychelles,Assumption,300.77393,297.7417,299.534,2015
Seychelles,Assumption,301.37524,297.12036,299.31403,2016
Seychelles,Assumption,300.58228,297.7644,299.43478,2017
Seychelles,Assumption,301.13623,298.0808,299.76077,2018
Seychelles,Assumption,301.13623,298.0808,299.76077,2019
Seychelles,Assumption,301.13892,297.6455,299.59927,2020
Seychelles,Astove,300.28467,296.8628,298.84787,2001
Seychelles,Astove,300.62598,296.7932,298.97455,2002
Seychelles,Astove,300.5818,296.8291,299.14792,2003
Seychelles,Astove,300.531,296.87793,298.90622,2004
Seychelles,Astove,300.73608,297.00317,299.02817,2005
Seychelles,Astove,300.2644,297.24878,298.9621,2006
Seychelles,Astove,301.3462,297.70386,299.33258,2007
Seychelles,Astove,299.9431,297.0171,298.87582,2008
Seychelles,Astove,300.3789,297.35474,299.2045,2009
Seychelles,Astove,301.16724,297.31714,299.35574,2010
Seychelles,Astove,300.15454,297.4165,299.1227,2011
Seychelles,Astove,300.76587,297.11597,299.01715,2012
Seychelles,Astove,300.5537,296.97754,299.02933,2013
Seychelles,Astove,300.6504,297.52124,299.3076,2014
Seychelles,Astove,300.71924,297.57764,299.46402,2015
Seychelles,Astove,301.24243,296.97778,299.16525,2016
Seychelles,Astove,300.34204,297.53394,299.2883,2017
Seychelles,Astove,301.03516,297.95386,299.64066,2018
Seychelles,Astove,301.03516,297.95386,299.64066,2019
Seychelles,Astove,300.94165,297.59082,299.47507,2020
Egypt,Aswan,307.7141,290.2317,299.78616,2001
Egypt,Aswan,308.28882,287.292,300.02957,2002
Egypt,Aswan,307.4287,289.92163,299.8784,2003
Egypt,Aswan,307.23755,289.49023,299.84793,2004
Egypt,Aswan,308.10083,288.8496,299.99594,2005
Egypt,Aswan,307.7273,289.1228,299.88675,2006
Egypt,Aswan,307.12964,288.70142,299.67307,2007
Egypt,Aswan,307.32642,288.51465,300.1216,2008
Egypt,Aswan,307.74048,290.89136,299.9112,2009
Egypt,Aswan,308.87378,292.83667,301.81668,2010
Egypt,Aswan,307.91577,289.95605,299.43063,2011
Egypt,Aswan,308.1858,287.49243,300.0544,2012
Egypt,Aswan,307.55713,291.2788,300.4468,2013
Egypt,Aswan,308.27905,291.5974,300.8094,2014
Egypt,Aswan,309.97803,289.66895,300.44156,2015
Egypt,Aswan,308.85254,288.5022,300.69083,2016
Egypt,Aswan,308.56323,290.16113,300.1177,2017
Egypt,Aswan,308.70312,289.2964,300.118,2018
Egypt,Aswan,308.70312,289.2964,300.118,2019
Egypt,Aswan,308.00244,287.28687,300.02048,2020
Benin,Atakora,307.0249,299.60083,302.79855,2001
Benin,Atakora,307.20166,299.50684,302.587,2002
Benin,Atakora,306.00317,299.53418,302.5151,2003
Benin,Atakora,306.1223,299.6377,302.4513,2004
Benin,Atakora,307.61694,299.51294,302.93686,2005
Benin,Atakora,307.63428,299.49487,302.99124,2006
Benin,Atakora,306.8767,299.21558,302.7253,2007
Benin,Atakora,306.46143,298.25098,302.23196,2008
Benin,Atakora,307.01758,299.99536,302.967,2009
Benin,Atakora,307.48755,299.9402,303.26834,2010
Benin,Atakora,307.56665,300.17236,303.31168,2011
Benin,Atakora,306.78174,299.3523,302.35895,2012
Benin,Atakora,307.41333,299.42285,302.6965,2013
Benin,Atakora,306.24048,299.64355,302.81998,2014
Benin,Atakora,307.4375,298.88525,302.82355,2015
Benin,Atakora,307.5061,300.06665,303.2924,2016
Benin,Atakora,307.5547,299.91675,302.843,2017
Benin,Atakora,308.15186,299.88354,302.9188,2018
Benin,Atakora,308.15186,299.88354,302.9188,2019
Benin,Atakora,307.333,299.4463,302.5825,2020
Benin,Atlantique,301.4519,297.56763,299.7429,2001
Benin,Atlantique,301.55347,297.90454,299.8209,2002
Benin,Atlantique,301.80273,298.5056,300.0187,2003
Benin,Atlantique,301.55835,298.0498,299.9254,2004
Benin,Atlantique,302.07324,298.00122,300.1247,2005
Benin,Atlantique,301.7495,297.8777,300.18637,2006
Benin,Atlantique,302.02563,298.32886,300.1049,2007
Benin,Atlantique,301.3037,298.50366,300.0723,2008
Benin,Atlantique,301.8496,298.4309,300.3622,2009
Benin,Atlantique,302.5017,298.79175,300.67575,2010
Benin,Atlantique,301.78613,298.43213,300.2044,2011
Benin,Atlantique,301.91943,297.9773,300.0842,2012
Benin,Atlantique,302.15356,298.21777,300.28894,2013
Benin,Atlantique,301.60864,297.90796,300.11066,2014
Benin,Atlantique,301.60742,298.90332,300.2503,2015
Benin,Atlantique,302.34595,298.8562,300.67242,2016
Benin,Atlantique,302.0901,298.27417,300.49417,2017
Benin,Atlantique,302.29443,299.10742,300.69095,2018
Benin,Atlantique,302.29443,299.10742,300.69095,2019
Benin,Atlantique,302.50977,298.56934,300.6108,2020
Madagascar,Atsimo Andrefana,301.198,293.79834,297.4154,2001
Madagascar,Atsimo Andrefana,300.04175,294.20605,297.24945,2002
Madagascar,Atsimo Andrefana,301.1443,293.19116,297.42917,2003
Madagascar,Atsimo Andrefana,301.66797,293.92505,297.7615,2004
Madagascar,Atsimo Andrefana,300.03516,293.50537,297.14603,2005
Madagascar,Atsimo Andrefana,301.22925,294.57495,297.7199,2006
Madagascar,Atsimo Andrefana,300.5708,293.77222,297.47662,2007
Madagascar,Atsimo Andrefana,300.16504,293.86548,296.90805,2008
Madagascar,Atsimo Andrefana,300.8252,293.5061,297.1262,2009
Madagascar,Atsimo Andrefana,300.91772,294.31323,297.65768,2010
Madagascar,Atsimo Andrefana,300.45996,293.13843,296.9435,2011
Madagascar,Atsimo Andrefana,300.56372,293.95532,297.47012,2012
Madagascar,Atsimo Andrefana,301.15967,293.42334,297.1527,2013
Madagascar,Atsimo Andrefana,300.32642,294.26758,297.1209,2014
Madagascar,Atsimo Andrefana,300.6416,294.3623,297.51413,2015
Madagascar,Atsimo Andrefana,300.9807,294.5349,297.5899,2016
Madagascar,Atsimo Andrefana,300.81738,294.45093,297.55588,2017
Madagascar,Atsimo Andrefana,300.16748,294.2871,297.3983,2018
Madagascar,Atsimo Andrefana,300.16748,294.2871,297.3983,2019
Madagascar,Atsimo Andrefana,301.19727,293.5127,297.32974,2020
Madagascar,Atsimo Atsinanana,294.2019,286.96826,291.16394,2001
Madagascar,Atsimo Atsinanana,293.99512,287.30957,291.0185,2002
Madagascar,Atsimo Atsinanana,294.29126,286.31226,291.173,2003
Madagascar,Atsimo Atsinanana,294.35352,287.09448,291.16043,2004
Madagascar,Atsimo Atsinanana,294.70703,286.46045,291.13168,2005
Madagascar,Atsimo Atsinanana,294.45728,287.20776,291.368,2006
Madagascar,Atsimo Atsinanana,294.2837,287.4148,291.27237,2007
Madagascar,Atsimo Atsinanana,294.63452,286.66553,290.8685,2008
Madagascar,Atsimo Atsinanana,294.6355,286.65454,291.25705,2009
Madagascar,Atsimo Atsinanana,294.5144,286.74878,291.5496,2010
Madagascar,Atsimo Atsinanana,294.21338,287.3357,291.65103,2011
Madagascar,Atsimo Atsinanana,294.40942,287.85376,291.37424,2012
Madagascar,Atsimo Atsinanana,294.74365,286.84717,291.1472,2013
Madagascar,Atsimo Atsinanana,294.5039,287.32617,291.46222,2014
Madagascar,Atsimo Atsinanana,294.50635,287.7041,291.45602,2015
Madagascar,Atsimo Atsinanana,294.51685,287.0056,291.31973,2016
Madagascar,Atsimo Atsinanana,294.63745,287.7439,291.62473,2017
Madagascar,Atsimo Atsinanana,295.01904,287.46484,291.98,2018
Madagascar,Atsimo Atsinanana,295.01904,287.46484,291.98,2019
Madagascar,Atsimo Atsinanana,294.32983,286.50488,291.19138,2020
Madagascar,Atsinanana,299.34253,294.35498,297.06287,2001
Madagascar,Atsinanana,299.33887,294.32642,297.07025,2002
Madagascar,Atsinanana,299.45874,294.13965,297.22183,2003
Madagascar,Atsinanana,299.6267,294.75854,297.0574,2004
Madagascar,Atsinanana,299.85645,294.4524,297.1898,2005
Madagascar,Atsinanana,299.33472,294.69604,297.2199,2006
Madagascar,Atsinanana,299.979,294.8308,297.24274,2007
Madagascar,Atsinanana,299.50488,294.3374,297.049,2008
Madagascar,Atsinanana,300.12183,294.6194,297.4045,2009
Madagascar,Atsinanana,299.6892,294.323,297.53885,2010
Madagascar,Atsinanana,299.64966,295.3064,297.61667,2011
Madagascar,Atsinanana,299.53638,294.9065,297.2377,2012
Madagascar,Atsinanana,299.65332,294.36035,297.22498,2013
Madagascar,Atsinanana,299.5642,294.8086,297.50665,2014
Madagascar,Atsinanana,299.79785,294.896,297.40314,2015
Madagascar,Atsinanana,299.87134,294.4314,297.32022,2016
Madagascar,Atsinanana,299.94238,295.07104,297.58517,2017
Madagascar,Atsinanana,300.07764,295.11792,297.89618,2018
Madagascar,Atsinanana,300.07764,295.11792,297.89618,2019
Madagascar,Atsinanana,299.66772,294.68652,297.27652,2020
Libya,Awbari (ubari),305.59253,284.636,296.27414,2001
Libya,Awbari (ubari),306.90796,283.0791,296.08475,2002
Libya,Awbari (ubari),305.22632,285.40063,295.99136,2003
Libya,Awbari (ubari),304.62012,284.12695,295.84387,2004
Libya,Awbari (ubari),305.49365,283.16992,296.15448,2005
Libya,Awbari (ubari),306.56128,284.42212,296.12503,2006
Libya,Awbari (ubari),305.26025,284.5161,296.267,2007
Libya,Awbari (ubari),305.5061,284.18457,296.48618,2008
Libya,Awbari (ubari),304.92798,286.91797,296.2966,2009
Libya,Awbari (ubari),306.54663,287.323,297.94885,2010
Libya,Awbari (ubari),305.76733,283.47314,295.5815,2011
Libya,Awbari (ubari),305.11475,282.97485,295.92047,2012
Libya,Awbari (ubari),304.55884,284.10107,296.37698,2013
Libya,Awbari (ubari),306.48804,285.32812,296.56705,2014
Libya,Awbari (ubari),306.08545,282.792,295.8504,2015
Libya,Awbari (ubari),306.34277,284.94946,296.9291,2016
Libya,Awbari (ubari),304.8623,281.8601,295.2777,2017
Libya,Awbari (ubari),305.65234,283.11475,296.0513,2018
Libya,Awbari (ubari),305.65234,283.11475,296.0513,2019
Libya,Awbari (ubari),305.3662,283.16968,296.20392,2020
Somalia,Awdal,306.21484,296.77075,301.52072,2001
Somalia,Awdal,306.385,297.5459,301.69135,2002
Somalia,Awdal,306.91772,297.5835,301.78415,2003
Somalia,Awdal,306.6184,297.59155,301.74704,2004
Somalia,Awdal,306.68506,297.41992,301.85468,2005
Somalia,Awdal,306.49292,297.41235,301.73782,2006
Somalia,Awdal,306.35596,297.68384,301.86935,2007
Somalia,Awdal,306.1421,297.00684,301.23944,2008
Somalia,Awdal,306.85376,296.88354,301.54742,2009
Somalia,Awdal,305.97437,297.45972,301.76315,2010
Somalia,Awdal,306.1599,296.94238,301.43976,2011
Somalia,Awdal,306.52954,297.3694,301.45108,2012
Somalia,Awdal,306.51318,297.43506,301.64865,2013
Somalia,Awdal,306.52148,297.13452,301.60773,2014
Somalia,Awdal,306.5835,297.11035,301.76804,2015
Somalia,Awdal,306.52905,298.08716,302.15094,2016
Somalia,Awdal,306.9646,297.55542,301.97757,2017
Somalia,Awdal,307.25977,297.29053,301.90643,2018
Somalia,Awdal,307.25977,297.29053,301.90643,2019
Somalia,Awdal,306.34473,297.88306,301.9982,2020
Libya,Az Zawia (azzawiya),299.54956,287.71948,293.6719,2001
Libya,Az Zawia (azzawiya),300.13696,287.08887,293.5844,2002
Libya,Az Zawia (azzawiya),300.67676,286.36304,293.7238,2003
Libya,Az Zawia (azzawiya),299.98926,287.43945,293.39383,2004
Libya,Az Zawia (azzawiya),299.8235,286.6006,293.16132,2005
Libya,Az Zawia (azzawiya),300.50854,286.51196,293.50067,2006
Libya,Az Zawia (azzawiya),300.39136,288.7837,293.64377,2007
Libya,Az Zawia (azzawiya),300.13647,287.4209,293.65854,2008
Libya,Az Zawia (azzawiya),300.97974,287.69238,293.68317,2009
Libya,Az Zawia (azzawiya),300.16675,288.86914,294.15262,2010
Libya,Az Zawia (azzawiya),299.86572,287.70044,293.53024,2011
Libya,Az Zawia (azzawiya),301.0105,285.5813,293.8687,2012
Libya,Az Zawia (azzawiya),300.083,287.34277,293.8765,2013
Libya,Az Zawia (azzawiya),300.8662,288.48657,294.13702,2014
Libya,Az Zawia (azzawiya),301.00732,286.99463,293.57468,2015
Libya,Az Zawia (azzawiya),299.41284,289.08228,294.31516,2016
Libya,Az Zawia (azzawiya),300.42456,286.7019,293.42697,2017
Libya,Az Zawia (azzawiya),300.51636,286.84985,293.50345,2018
Libya,Az Zawia (azzawiya),300.51636,286.84985,293.50345,2019
Libya,Az Zawia (azzawiya),301.01074,288.13647,294.09372,2020
Guinea-Bissau,Bafata,303.45874,299.25317,301.10013,2001
Guinea-Bissau,Bafata,303.55786,299.80298,301.28036,2002
Guinea-Bissau,Bafata,303.69067,299.30054,301.10953,2003
Guinea-Bissau,Bafata,303.25513,299.42505,301.10672,2004
Guinea-Bissau,Bafata,303.76343,299.5078,301.4224,2005
Guinea-Bissau,Bafata,303.47803,298.5017,301.09378,2006
Guinea-Bissau,Bafata,303.7749,299.2561,301.14166,2007
Guinea-Bissau,Bafata,303.64087,298.99902,301.09198,2008
Guinea-Bissau,Bafata,303.0957,298.11987,300.8674,2009
Guinea-Bissau,Bafata,304.13892,299.6438,301.4622,2010
Guinea-Bissau,Bafata,303.4536,299.0044,301.05353,2011
Guinea-Bissau,Bafata,303.60986,298.75122,300.9299,2012
Guinea-Bissau,Bafata,303.35376,298.89014,300.9304,2013
Guinea-Bissau,Bafata,302.77075,298.79492,300.76773,2014
Guinea-Bissau,Bafata,303.30347,298.44385,300.8255,2015
Guinea-Bissau,Bafata,303.33813,299.83276,301.20596,2016
Guinea-Bissau,Bafata,303.91406,298.92285,301.29544,2017
Guinea-Bissau,Bafata,303.8335,299.35498,301.39066,2018
Guinea-Bissau,Bafata,303.8335,299.35498,301.39066,2019
Guinea-Bissau,Bafata,304.5205,299.62085,301.6219,2020
Chad,Baguirmi,307.2964,296.37817,302.05814,2001
Chad,Baguirmi,307.85596,295.07715,302.13162,2002
Chad,Baguirmi,307.1985,297.28467,302.0021,2003
Chad,Baguirmi,307.57153,297.95703,302.38913,2004
Chad,Baguirmi,307.47046,295.88086,302.60794,2005
Chad,Baguirmi,306.28076,296.2478,302.598,2006
Chad,Baguirmi,307.98022,295.969,302.25217,2007
Chad,Baguirmi,307.02173,295.8994,302.04398,2008
Chad,Baguirmi,307.49023,298.27344,302.9374,2009
Chad,Baguirmi,308.81665,298.0769,302.9303,2010
Chad,Baguirmi,307.5161,296.6162,302.5112,2011
Chad,Baguirmi,308.25635,297.31665,302.2748,2012
Chad,Baguirmi,307.3418,299.0503,303.12033,2013
Chad,Baguirmi,307.22388,298.20874,302.8447,2014
Chad,Baguirmi,307.74292,295.3247,302.59503,2015
Chad,Baguirmi,307.80493,295.95728,302.86465,2016
Chad,Baguirmi,308.0371,299.2998,302.88986,2017
Chad,Baguirmi,307.94556,297.95068,302.3135,2018
Chad,Baguirmi,307.94556,297.95068,302.3135,2019
Chad,Baguirmi,307.9834,296.64624,302.31345,2020
Somalia,Bakool,302.48853,299.23584,300.4841,2001
Somalia,Bakool,302.93433,299.06445,300.43402,2002
Somalia,Bakool,302.58984,299.26392,300.59,2003
Somalia,Bakool,302.14038,298.00806,300.35526,2004
Somalia,Bakool,302.4353,299.31006,300.4097,2005
Somalia,Bakool,302.31128,298.4287,300.43002,2006
Somalia,Bakool,302.62915,300.00464,301.0546,2007
Somalia,Bakool,302.53564,299.05225,300.4014,2008
Somalia,Bakool,302.4453,299.65454,300.9234,2009
Somalia,Bakool,303.011,299.6101,301.19626,2010
Somalia,Bakool,302.8518,298.9397,300.58966,2011
Somalia,Bakool,301.76514,299.56445,300.53458,2012
Somalia,Bakool,301.90356,299.10107,300.33044,2013
Somalia,Bakool,303.12622,299.7461,301.0034,2014
Somalia,Bakool,301.94727,299.59082,300.72897,2015
Somalia,Bakool,303.82837,299.23804,301.15973,2016
Somalia,Bakool,303.36328,298.67285,301.03064,2017
Somalia,Bakool,303.13428,299.31494,301.19223,2018
Somalia,Bakool,303.13428,299.31494,301.19223,2019
Somalia,Bakool,302.9026,299.9807,301.32565,2020
Mali,Bamako,305.65967,297.6067,300.9177,2001
Mali,Bamako,306.1255,298.1189,301.28217,2002
Mali,Bamako,306.05664,297.9839,301.18668,2003
Mali,Bamako,305.47778,298.36914,301.47977,2004
Mali,Bamako,306.44116,298.0039,301.40692,2005
Mali,Bamako,305.47607,296.93335,300.77347,2006
Mali,Bamako,306.0818,297.635,301.1397,2007
Mali,Bamako,304.77954,295.6416,300.5241,2008
Mali,Bamako,305.79688,296.24683,301.05783,2009
Mali,Bamako,306.5559,298.9414,301.52893,2010
Mali,Bamako,305.25415,297.45752,301.1852,2011
Mali,Bamako,305.43994,297.4397,300.7341,2012
Mali,Bamako,306.18555,297.1245,301.29837,2013
Mali,Bamako,306.6067,298.13477,301.17838,2014
Mali,Bamako,306.22656,296.4712,301.14468,2015
Mali,Bamako,306.7307,298.11743,301.50363,2016
Mali,Bamako,306.13477,297.88574,301.5658,2017
Mali,Bamako,306.44678,298.27295,301.49188,2018
Mali,Bamako,306.44678,298.27295,301.49188,2019
Mali,Bamako,306.06152,298.18726,301.5153,2020
Central African Republic,Bamingui-Bangoran,305.86475,296.8938,300.67093,2001
Central African Republic,Bamingui-Bangoran,306.15283,297.72754,301.36176,2002
Central African Republic,Bamingui-Bangoran,306.0598,298.12598,301.41745,2003
Central African Republic,Bamingui-Bangoran,305.78052,298.57715,301.38962,2004
Central African Republic,Bamingui-Bangoran,306.21265,298.68286,301.42157,2005
Central African Republic,Bamingui-Bangoran,305.5796,296.79663,300.8996,2006
Central African Republic,Bamingui-Bangoran,305.82788,297.74634,300.89377,2007
Central African Republic,Bamingui-Bangoran,305.12598,298.42554,300.8161,2008
Central African Republic,Bamingui-Bangoran,305.5918,299.05005,301.7844,2009
Central African Republic,Bamingui-Bangoran,307.18286,298.08667,301.5247,2010
Central African Republic,Bamingui-Bangoran,306.24048,297.01025,300.65314,2011
Central African Republic,Bamingui-Bangoran,305.41064,297.96558,300.56046,2012
Central African Republic,Bamingui-Bangoran,306.26562,298.1631,301.89505,2013
Central African Republic,Bamingui-Bangoran,306.09204,298.15796,301.52618,2014
Central African Republic,Bamingui-Bangoran,306.1914,298.62158,301.9943,2015
Central African Republic,Bamingui-Bangoran,307.57446,298.74292,301.87457,2016
Central African Republic,Bamingui-Bangoran,306.02954,298.58667,302.02576,2017
Central African Republic,Bamingui-Bangoran,307.2417,298.46167,301.6657,2018
Central African Republic,Bamingui-Bangoran,307.2417,298.46167,301.6657,2019
Central African Republic,Bamingui-Bangoran,307.12793,298.38965,301.819,2020
Somalia,Banadir,301.08545,297.74536,299.2468,2001
Somalia,Banadir,300.69385,297.719,299.25644,2002
Somalia,Banadir,301.1477,297.7744,299.26593,2003
Somalia,Banadir,300.84692,297.72974,299.20602,2004
Somalia,Banadir,301.2732,297.72974,299.25067,2005
Somalia,Banadir,300.73193,298.02222,299.35403,2006
Somalia,Banadir,301.20288,298.1941,299.64313,2007
Somalia,Banadir,300.61768,297.84912,299.05032,2008
Somalia,Banadir,300.86523,298.1819,299.49258,2009
Somalia,Banadir,301.5852,297.90112,299.48483,2010
Somalia,Banadir,300.6682,298.3794,299.3675,2011
Somalia,Banadir,300.62744,298.26782,299.44586,2012
Somalia,Banadir,300.98828,297.70605,299.2559,2013
Somalia,Banadir,301.21606,297.8728,299.39157,2014
Somalia,Banadir,301.3164,298.39795,299.63913,2015
Somalia,Banadir,301.72485,297.61694,299.49664,2016
Somalia,Banadir,301.20703,298.59546,299.56628,2017
Somalia,Banadir,301.53857,298.40698,299.83627,2018
Somalia,Banadir,301.53857,298.40698,299.83627,2019
Somalia,Banadir,301.59277,298.10254,299.86783,2020
Democratic Republic of the Congo,Bandundu,298.22827,297.23193,297.70187,2001
Democratic Republic of the Congo,Bandundu,299.07544,297.18896,297.9708,2002
Democratic Republic of the Congo,Bandundu,298.9939,297.1941,298.00372,2003
Democratic Republic of the Congo,Bandundu,299.20093,297.0786,298.10574,2004
Democratic Republic of the Congo,Bandundu,299.53027,297.34863,298.28665,2005
Democratic Republic of the Congo,Bandundu,298.62183,297.2661,298.0482,2006
Democratic Republic of the Congo,Bandundu,299.57056,297.1687,298.0917,2007
Democratic Republic of the Congo,Bandundu,298.8877,297.4431,298.1097,2008
Democratic Republic of the Congo,Bandundu,299.16797,297.6941,298.1656,2009
Democratic Republic of the Congo,Bandundu,299.39624,297.68286,298.484,2010
Democratic Republic of the Congo,Bandundu,298.9126,297.4143,298.20114,2011
Democratic Republic of the Congo,Bandundu,298.79248,297.57837,298.17453,2012
Democratic Republic of the Congo,Bandundu,299.28027,297.59937,298.26892,2013
Democratic Republic of the Congo,Bandundu,298.95337,297.57202,298.27603,2014
Democratic Republic of the Congo,Bandundu,298.76562,298.03613,298.41876,2015
Democratic Republic of the Congo,Bandundu,299.77954,298.12817,298.8295,2016
Democratic Republic of the Congo,Bandundu,299.0315,297.5652,298.397,2017
Democratic Republic of the Congo,Bandundu,299.5796,297.81616,298.71567,2018
Democratic Republic of the Congo,Bandundu,299.5796,297.81616,298.71567,2019
Democratic Republic of the Congo,Bandundu,299.48535,297.76807,298.6865,2020
Libya,Banghazi,300.99683,288.5183,294.45056,2001
Libya,Banghazi,300.39282,287.8291,294.15292,2002
Libya,Banghazi,300.83496,287.531,294.31882,2003
Libya,Banghazi,299.79004,288.45898,293.98645,2004
Libya,Banghazi,299.90942,287.8584,293.80258,2005
Libya,Banghazi,300.99487,287.61548,293.94955,2006
Libya,Banghazi,300.2527,289.33057,294.18234,2007
Libya,Banghazi,299.93335,287.5381,294.2017,2008
Libya,Banghazi,299.8755,288.57324,294.09445,2009
Libya,Banghazi,299.65503,289.4336,294.67606,2010
Libya,Banghazi,299.5786,288.4524,293.79962,2011
Libya,Banghazi,300.5691,287.40552,294.11838,2012
Libya,Banghazi,300.05005,288.63818,294.39035,2013
Libya,Banghazi,299.99316,289.51196,294.33835,2014
Libya,Banghazi,300.7085,288.1255,294.05582,2015
Libya,Banghazi,299.70044,289.27563,294.83975,2016
Libya,Banghazi,300.2527,287.2566,293.78732,2017
Libya,Banghazi,300.04175,287.3069,293.91245,2018
Libya,Banghazi,300.04175,287.3069,293.91245,2019
Libya,Banghazi,300.39355,287.82007,294.28903,2020
Central African Republic,Bangui,300.07886,297.864,298.74777,2001
Central African Republic,Bangui,300.62402,297.71436,299.018,2002
Central African Republic,Bangui,301.62866,297.8894,299.2534,2003
Central African Republic,Bangui,302.2068,297.83643,299.35397,2004
Central African Republic,Bangui,302.6045,297.65942,299.3726,2005
Central African Republic,Bangui,301.34595,297.86768,299.10648,2006
Central African Republic,Bangui,301.33813,297.65308,299.15353,2007
Central African Republic,Bangui,300.55762,297.72632,298.9105,2008
Central African Republic,Bangui,301.26953,298.2312,299.2657,2009
Central African Republic,Bangui,301.44263,298.01294,299.3821,2010
Central African Republic,Bangui,300.9131,297.6018,298.9194,2011
Central African Republic,Bangui,300.8169,297.6902,298.9501,2012
Central African Republic,Bangui,300.79785,297.67676,299.1034,2013
Central African Republic,Bangui,301.0393,297.79468,299.22638,2014
Central African Republic,Bangui,301.35596,298.43066,299.39352,2015
Central African Republic,Bangui,301.9348,298.3684,299.6301,2016
Central African Republic,Bangui,301.85645,298.03784,299.62228,2017
Central African Republic,Bangui,301.64062,297.82983,299.73862,2018
Central African Republic,Bangui,301.64062,297.82983,299.73862,2019
Central African Republic,Bangui,302.0996,298.0459,299.9505,2020
Chad,Barh Koh,307.1499,298.05005,301.31662,2001
Chad,Barh Koh,307.30322,298.08105,301.56732,2002
Chad,Barh Koh,306.7395,298.27832,301.54977,2003
Chad,Barh Koh,306.72778,298.68652,301.50143,2004
Chad,Barh Koh,307.23218,298.90747,302.0176,2005
Chad,Barh Koh,306.69873,298.2849,301.8708,2006
Chad,Barh Koh,307.22437,298.1765,301.8832,2007
Chad,Barh Koh,305.94434,298.5017,301.22397,2008
Chad,Barh Koh,306.16406,299.12427,302.07867,2009
Chad,Barh Koh,307.6848,298.49487,301.98547,2010
Chad,Barh Koh,306.99048,298.0415,301.3185,2011
Chad,Barh Koh,307.0005,298.33472,301.52853,2012
Chad,Barh Koh,306.69922,298.2256,301.95007,2013
Chad,Barh Koh,305.87427,298.5603,301.7939,2014
Chad,Barh Koh,307.13672,298.1665,302.2985,2015
Chad,Barh Koh,307.90454,298.80884,302.24387,2016
Chad,Barh Koh,307.1289,298.9773,302.40808,2017
Chad,Barh Koh,307.88818,298.13037,301.7181,2018
Chad,Barh Koh,307.88818,298.13037,301.7181,2019
Chad,Barh Koh,307.87793,298.115,301.90152,2020
Somalia,Bari,300.9607,297.49146,298.82034,2001
Somalia,Bari,300.72705,297.1189,298.88406,2002
Somalia,Bari,301.011,296.1006,298.87936,2003
Somalia,Bari,301.0227,297.18848,298.8198,2004
Somalia,Bari,301.40674,297.364,299.1263,2005
Somalia,Bari,301.14453,297.4226,298.95917,2006
Somalia,Bari,301.39795,297.58862,299.3339,2007
Somalia,Bari,300.6897,297.75488,298.84525,2008
Somalia,Bari,300.8418,297.99292,299.22467,2009
Somalia,Bari,301.47388,298.08276,299.2825,2010
Somalia,Bari,300.54736,297.3623,298.936,2011
Somalia,Bari,301.1963,297.92603,299.21213,2012
Somalia,Bari,301.12695,297.94434,299.05344,2013
Somalia,Bari,301.18286,297.8767,299.17917,2014
Somalia,Bari,300.96558,297.84814,299.29327,2015
Somalia,Bari,301.35962,297.66968,299.12506,2016
Somalia,Bari,301.08032,297.62085,299.0754,2017
Somalia,Bari,301.61743,298.2788,299.43784,2018
Somalia,Bari,301.61743,298.2788,299.43784,2019
Somalia,Bari,301.49414,298.48828,299.5309,2020
Chad,Barl El Gazal,307.37866,294.4309,301.85144,2001
Chad,Barl El Gazal,307.1477,292.90332,302.0198,2002
Chad,Barl El Gazal,306.46216,295.24756,301.9964,2003
Chad,Barl El Gazal,307.802,296.33594,302.23288,2004
Chad,Barl El Gazal,306.92432,293.76367,302.4893,2005
Chad,Barl El Gazal,307.12695,294.46265,302.49545,2006
Chad,Barl El Gazal,307.72998,294.1565,302.43008,2007
Chad,Barl El Gazal,306.67993,294.30566,301.7596,2008
Chad,Barl El Gazal,307.03516,296.8711,302.99503,2009
Chad,Barl El Gazal,308.2815,296.4773,303.0789,2010
Chad,Barl El Gazal,307.58057,294.4463,302.5314,2011
Chad,Barl El Gazal,307.49072,295.04712,302.43918,2012
Chad,Barl El Gazal,307.51978,297.52295,303.078,2013
Chad,Barl El Gazal,307.7881,295.9568,302.7446,2014
Chad,Barl El Gazal,307.72534,293.38525,302.43845,2015
Chad,Barl El Gazal,307.86206,294.11548,302.79807,2016
Chad,Barl El Gazal,308.35962,297.4131,302.92453,2017
Chad,Barl El Gazal,307.89868,296.3296,302.11703,2018
Chad,Barl El Gazal,307.89868,296.3296,302.11703,2019
Chad,Barl El Gazal,308.17188,294.5935,302.43747,2020
Côte d'Ivoire,Bas Sassandra,300.18896,297.63354,299.022,2001
Côte d'Ivoire,Bas Sassandra,300.18018,297.3579,299.10165,2002
Côte d'Ivoire,Bas Sassandra,300.40234,297.3506,299.27472,2003
Côte d'Ivoire,Bas Sassandra,300.29492,297.60254,299.17313,2004
Côte d'Ivoire,Bas Sassandra,300.66968,297.4348,299.32343,2005
Côte d'Ivoire,Bas Sassandra,300.24756,297.68604,299.2676,2006
Côte d'Ivoire,Bas Sassandra,300.2854,297.37573,299.2032,2007
Côte d'Ivoire,Bas Sassandra,300.4248,297.92285,299.43085,2008
Côte d'Ivoire,Bas Sassandra,300.29102,297.5813,299.1874,2009
Côte d'Ivoire,Bas Sassandra,300.8684,297.8098,299.53268,2010
Côte d'Ivoire,Bas Sassandra,300.37915,297.33643,299.21368,2011
Côte d'Ivoire,Bas Sassandra,299.97192,297.41284,298.94293,2012
Côte d'Ivoire,Bas Sassandra,300.3413,297.34668,299.08255,2013
Côte d'Ivoire,Bas Sassandra,300.3567,297.21582,298.9759,2014
Côte d'Ivoire,Bas Sassandra,300.40625,297.19287,299.1551,2015
Côte d'Ivoire,Bas Sassandra,300.70728,297.46362,299.37393,2016
Côte d'Ivoire,Bas Sassandra,300.5332,297.79956,299.3661,2017
Côte d'Ivoire,Bas Sassandra,300.75586,297.36597,299.4616,2018
Côte d'Ivoire,Bas Sassandra,300.75586,297.36597,299.4616,2019
Côte d'Ivoire,Bas Sassandra,301.25195,297.2744,299.55304,2020
Democratic Republic of the Congo,Bas-Congo,299.9878,294.15576,297.60324,2001
Democratic Republic of the Congo,Bas-Congo,299.95166,294.865,297.86014,2002
Democratic Republic of the Congo,Bas-Congo,300.2832,295.12598,298.2718,2003
Democratic Republic of the Congo,Bas-Congo,299.76147,294.2434,297.60837,2004
Democratic Republic of the Congo,Bas-Congo,300.48926,293.8667,297.62503,2005
Democratic Republic of the Congo,Bas-Congo,300.2898,294.22534,297.8742,2006
Democratic Republic of the Congo,Bas-Congo,300.30493,295.12964,298.27203,2007
Democratic Republic of the Congo,Bas-Congo,299.97754,294.53662,297.9927,2008
Democratic Republic of the Congo,Bas-Congo,300.49805,294.76196,298.17975,2009
Democratic Republic of the Congo,Bas-Congo,300.59937,294.82886,298.2091,2010
Democratic Republic of the Congo,Bas-Congo,300.40918,294.23804,297.8989,2011
Democratic Republic of the Congo,Bas-Congo,300.38232,295.05884,298.1713,2012
Democratic Republic of the Congo,Bas-Congo,300.34106,294.36084,298.0093,2013
Democratic Republic of the Congo,Bas-Congo,300.24634,294.0703,298.0524,2014
Democratic Republic of the Congo,Bas-Congo,300.0664,294.58936,298.07126,2015
Democratic Republic of the Congo,Bas-Congo,300.95923,295.43042,298.57526,2016
Democratic Republic of the Congo,Bas-Congo,300.3811,295.08374,298.27707,2017
Democratic Republic of the Congo,Bas-Congo,300.70312,295.74487,298.79233,2018
Democratic Republic of the Congo,Bas-Congo,300.70312,295.74487,298.79233,2019
Democratic Republic of the Congo,Bas-Congo,300.84595,296.31543,298.9233,2020
Central African Republic,Basse-Kotto,300.56323,297.23364,298.4784,2001
Central African Republic,Basse-Kotto,300.9209,297.35376,298.768,2002
Central African Republic,Basse-Kotto,301.5896,297.2693,298.95456,2003
Central African Republic,Basse-Kotto,302.47046,297.16333,299.07303,2004
Central African Republic,Basse-Kotto,302.8584,297.1477,299.2308,2005
Central African Republic,Basse-Kotto,301.95923,297.49292,298.93167,2006
Central African Republic,Basse-Kotto,301.4358,297.1355,298.8508,2007
Central African Republic,Basse-Kotto,300.69434,297.12842,298.76352,2008
Central African Republic,Basse-Kotto,301.0703,298.09644,299.14084,2009
Central African Republic,Basse-Kotto,301.65405,297.65894,299.1702,2010
Central African Republic,Basse-Kotto,301.1709,297.33838,298.6022,2011
Central African Republic,Basse-Kotto,301.3745,297.30298,298.7971,2012
Central African Republic,Basse-Kotto,301.9131,297.36035,299.2302,2013
Central African Republic,Basse-Kotto,301.71118,297.34155,299.39108,2014
Central African Republic,Basse-Kotto,302.82275,298.2588,299.7114,2015
Central African Republic,Basse-Kotto,303.59497,297.89917,299.9045,2016
Central African Republic,Basse-Kotto,302.93652,297.5515,299.73117,2017
Central African Republic,Basse-Kotto,303.10962,297.48022,299.82767,2018
Central African Republic,Basse-Kotto,303.10962,297.48022,299.82767,2019
Central African Republic,Basse-Kotto,303.1797,297.62207,300.07697,2020
Chad,Batha Est,307.13257,296.34692,302.196,2001
Chad,Batha Est,307.22778,296.12207,302.48773,2002
Chad,Batha Est,306.55396,297.50928,302.02505,2003
Chad,Batha Est,307.06177,298.83594,302.43387,2004
Chad,Batha Est,306.6189,296.8086,302.34164,2005
Chad,Batha Est,306.63086,296.96265,302.73163,2006
Chad,Batha Est,307.20654,296.25806,302.59366,2007
Chad,Batha Est,305.69385,298.08105,301.95883,2008
Chad,Batha Est,307.2129,299.4121,303.2758,2009
Chad,Batha Est,308.14868,298.0984,302.93387,2010
Chad,Batha Est,306.93604,296.40332,302.44025,2011
Chad,Batha Est,307.31494,297.9104,302.50836,2012
Chad,Batha Est,306.95117,298.44287,302.97513,2013
Chad,Batha Est,306.8098,298.2439,302.4694,2014
Chad,Batha Est,307.30737,296.11768,302.79263,2015
Chad,Batha Est,307.24634,296.2815,302.9164,2016
Chad,Batha Est,307.48267,299.77246,303.1841,2017
Chad,Batha Est,307.57837,298.96045,302.58368,2018
Chad,Batha Est,307.57837,298.96045,302.58368,2019
Chad,Batha Est,307.77148,297.16187,302.60968,2020
Chad,Batha Ouest,307.79468,293.3684,301.90775,2001
Chad,Batha Ouest,307.14746,292.0088,302.09482,2002
Chad,Batha Ouest,306.91504,295.06592,302.4544,2003
Chad,Batha Ouest,308.12817,295.92188,302.3445,2004
Chad,Batha Ouest,307.21436,293.54492,302.439,2005
Chad,Batha Ouest,308.125,293.7146,302.75766,2006
Chad,Batha Ouest,308.25342,293.1233,302.4006,2007
Chad,Batha Ouest,307.1526,294.0791,301.90433,2008
Chad,Batha Ouest,308.0913,296.38086,303.35342,2009
Chad,Batha Ouest,308.81616,295.68823,303.42297,2010
Chad,Batha Ouest,308.47656,293.65137,302.67252,2011
Chad,Batha Ouest,308.32324,294.67212,302.86075,2012
Chad,Batha Ouest,308.1565,296.89404,303.3866,2013
Chad,Batha Ouest,308.24316,295.5271,303.02634,2014
Chad,Batha Ouest,308.32593,292.41846,302.69855,2015
Chad,Batha Ouest,308.40503,293.18384,302.94083,2016
Chad,Batha Ouest,308.46704,296.37402,303.1226,2017
Chad,Batha Ouest,308.1936,296.1167,302.876,2018
Chad,Batha Ouest,308.1936,296.1167,302.876,2019
Chad,Batha Ouest,308.46167,294.00952,302.8569,2020
Algeria,Batna,300.69287,279.67725,289.52444,2001
Algeria,Batna,299.29858,279.77832,289.38797,2002
Algeria,Batna,301.88452,279.32202,289.2687,2003
Algeria,Batna,300.1123,280.13867,288.6663,2004
Algeria,Batna,301.10498,277.7539,288.81464,2005
Algeria,Batna,299.80933,278.38696,289.46683,2006
Algeria,Batna,300.1101,279.7544,288.99698,2007
Algeria,Batna,300.75928,279.79272,288.9787,2008
Algeria,Batna,301.79517,279.9463,289.00934,2009
Algeria,Batna,300.0027,281.0703,289.15622,2010
Algeria,Batna,299.89502,279.9856,289.034,2011
Algeria,Batna,302.05933,277.261,289.57574,2012
Algeria,Batna,299.81787,279.083,288.8511,2013
Algeria,Batna,300.62476,280.28516,289.7451,2014
Algeria,Batna,300.9287,278.95752,289.1025,2015
Algeria,Batna,299.7478,282.01587,289.58908,2016
Algeria,Batna,301.20386,278.43433,289.52673,2017
Algeria,Batna,301.20898,278.62646,289.18085,2018
Algeria,Batna,301.20898,278.62646,289.18085,2019
Algeria,Batna,300.78418,280.34155,289.62888,2020
Nigeria,Bauchi,305.79663,293.6145,300.51663,2001
Nigeria,Bauchi,306.53564,293.37793,300.87607,2002
Nigeria,Bauchi,305.42114,295.00342,300.5358,2003
Nigeria,Bauchi,306.06372,295.67578,301.15427,2004
Nigeria,Bauchi,306.79272,294.68945,301.48993,2005
Nigeria,Bauchi,306.27734,294.0818,301.37372,2006
Nigeria,Bauchi,306.81592,294.13306,301.22433,2007
Nigeria,Bauchi,306.49634,293.5088,300.83432,2008
Nigeria,Bauchi,306.25195,296.71484,301.76944,2009
Nigeria,Bauchi,307.77368,296.03003,301.93533,2010
Nigeria,Bauchi,306.55713,294.84473,301.38068,2011
Nigeria,Bauchi,306.93604,295.17603,300.98087,2012
Nigeria,Bauchi,306.02173,296.3413,301.27527,2013
Nigeria,Bauchi,305.89575,295.16016,300.85056,2014
Nigeria,Bauchi,306.79565,293.89502,301.22214,2015
Nigeria,Bauchi,306.12573,294.45923,301.16803,2016
Nigeria,Bauchi,306.33618,295.70972,300.8516,2017
Nigeria,Bauchi,306.64087,295.01904,301.0801,2018
Nigeria,Bauchi,306.64087,295.01904,301.0801,2019
Nigeria,Bauchi,306.1836,294.35132,300.63687,2020
Somalia,Bay,301.68774,297.72412,299.28958,2001
Somalia,Bay,301.97534,298.11328,299.2597,2002
Somalia,Bay,301.6797,297.65405,299.4064,2003
Somalia,Bay,301.3728,297.15845,299.1741,2004
Somalia,Bay,301.45288,297.76123,299.24222,2005
Somalia,Bay,301.46753,297.6748,299.3646,2006
Somalia,Bay,301.75415,298.35815,299.649,2007
Somalia,Bay,300.94824,297.29712,299.23065,2008
Somalia,Bay,301.70508,298.0725,299.66183,2009
Somalia,Bay,302.00903,298.0398,299.94153,2010
Somalia,Bay,301.60962,298.19165,299.4969,2011
Somalia,Bay,301.10693,298.18384,299.49258,2012
Somalia,Bay,301.24146,297.5796,299.2401,2013
Somalia,Bay,302.26587,298.19922,299.72867,2014
Somalia,Bay,301.36523,298.31787,299.6551,2015
Somalia,Bay,303.07446,297.87476,300.02072,2016
Somalia,Bay,302.0039,297.6748,299.82718,2017
Somalia,Bay,302.23047,298.354,300.0661,2018
Somalia,Bay,302.23047,298.354,300.0661,2019
Somalia,Bay,302.05298,298.59473,300.07437,2020
Nigeria,Bayelsa,300.74878,297.86646,299.36935,2001
Nigeria,Bayelsa,300.4756,298.06665,299.41367,2002
Nigeria,Bayelsa,300.7732,298.2107,299.60382,2003
Nigeria,Bayelsa,300.85522,297.96216,299.48465,2004
Nigeria,Bayelsa,301.12598,298.26514,299.6805,2005
Nigeria,Bayelsa,300.937,298.14526,299.7269,2006
Nigeria,Bayelsa,300.9983,298.25464,299.58713,2007
Nigeria,Bayelsa,301.03223,298.31226,299.56122,2008
Nigeria,Bayelsa,300.9922,298.10474,299.68658,2009
Nigeria,Bayelsa,301.5774,298.4773,300.02145,2010
Nigeria,Bayelsa,300.91113,298.11377,299.65378,2011
Nigeria,Bayelsa,300.80225,298.37964,299.53766,2012
Nigeria,Bayelsa,301.09497,298.12842,299.60794,2013
Nigeria,Bayelsa,300.5813,298.1631,299.59586,2014
Nigeria,Bayelsa,300.68164,298.36475,299.66388,2015
Nigeria,Bayelsa,301.27563,298.41284,300.00153,2016
Nigeria,Bayelsa,301.15234,298.4109,299.91443,2017
Nigeria,Bayelsa,301.396,298.68164,300.07538,2018
Nigeria,Bayelsa,301.396,298.68164,300.07538,2019
Nigeria,Bayelsa,301.6858,298.59473,300.11636,2020
Algeria,Bechar,304.3745,281.36646,292.07736,2001
Algeria,Bechar,302.99585,280.94238,291.33115,2002
Algeria,Bechar,304.67163,279.5542,290.9588,2003
Algeria,Bechar,302.96973,279.32812,290.7324,2004
Algeria,Bechar,305.1792,277.8418,291.08466,2005
Algeria,Bechar,303.52612,277.61548,291.15985,2006
Algeria,Bechar,303.6023,279.76416,290.8824,2007
Algeria,Bechar,304.41357,278.40796,290.6081,2008
Algeria,Bechar,304.4026,278.93433,290.91525,2009
Algeria,Bechar,304.34448,282.18164,291.92215,2010
Algeria,Bechar,303.45947,280.063,290.84894,2011
Algeria,Bechar,304.64282,278.28638,291.0544,2012
Algeria,Bechar,303.0503,279.38232,290.74075,2013
Algeria,Bechar,303.69727,279.32422,291.55075,2014
Algeria,Bechar,303.6084,279.37207,291.3149,2015
Algeria,Bechar,304.5896,280.2527,291.59854,2016
Algeria,Bechar,303.80054,277.88745,291.69177,2017
Algeria,Bechar,305.0039,279.66748,291.4551,2018
Algeria,Bechar,305.0039,279.66748,291.4551,2019
Algeria,Bechar,304.34082,279.98218,292.22818,2020
Egypt,Behera,300.25903,288.76685,294.06677,2001
Egypt,Behera,300.33813,287.25684,294.1461,2002
Egypt,Behera,299.85645,287.32788,293.82437,2003
Egypt,Behera,299.61816,287.55273,293.71643,2004
Egypt,Behera,299.84497,287.76465,293.6491,2005
Egypt,Behera,300.0066,287.78735,293.73538,2006
Egypt,Behera,300.14917,288.21118,293.9999,2007
Egypt,Behera,300.1814,287.59668,294.27103,2008
Egypt,Behera,299.6897,288.5537,294.18332,2009
Egypt,Behera,300.65894,289.60156,294.8224,2010
Egypt,Behera,299.77393,289.23145,293.8193,2011
Egypt,Behera,300.7644,287.1233,294.13077,2012
Egypt,Behera,300.04004,288.07568,294.0803,2013
Egypt,Behera,300.42358,288.97095,294.4028,2014
Egypt,Behera,301.6538,287.91846,294.43082,2015
Egypt,Behera,300.46753,287.83032,294.7639,2016
Egypt,Behera,300.71753,287.53003,294.32736,2017
Egypt,Behera,300.62964,287.25928,294.36948,2018
Egypt,Behera,300.62964,287.25928,294.36948,2019
Egypt,Behera,300.5791,287.8025,294.42365,2020
Tunisia,Beja,298.97388,284.93115,291.44144,2001
Tunisia,Beja,298.33032,283.67676,291.1811,2002
Tunisia,Beja,301.59082,283.53687,291.90036,2003
Tunisia,Beja,299.45605,285.03125,291.12512,2004
Tunisia,Beja,298.79248,282.84277,291.01352,2005
Tunisia,Beja,299.36792,283.44556,291.66928,2006
Tunisia,Beja,299.0183,285.5669,291.4457,2007
Tunisia,Beja,299.2693,284.8943,291.29266,2008
Tunisia,Beja,299.9934,283.90918,291.34592,2009
Tunisia,Beja,298.93433,285.39258,291.26834,2010
Tunisia,Beja,299.52588,284.23364,291.3294,2011
Tunisia,Beja,300.59253,282.1985,291.73785,2012
Tunisia,Beja,299.09277,283.46582,291.2712,2013
Tunisia,Beja,299.19116,285.55054,291.77863,2014
Tunisia,Beja,299.89014,283.59814,291.54752,2015
Tunisia,Beja,298.365,285.9319,291.58405,2016
Tunisia,Beja,301.0984,283.2937,291.38303,2017
Tunisia,Beja,300.65503,283.95654,291.34702,2018
Tunisia,Beja,300.65503,283.95654,291.34702,2019
Tunisia,Beja,300.00098,285.10132,291.59488,2020
Algeria,Bejaia,298.2727,286.86597,292.1112,2001
Algeria,Bejaia,297.35962,286.74707,291.8489,2002
Algeria,Bejaia,300.4131,285.82983,292.33005,2003
Algeria,Bejaia,298.74707,287.17188,291.6865,2004
Algeria,Bejaia,297.8723,284.792,291.40155,2005
Algeria,Bejaia,298.4851,285.8772,292.2375,2006
Algeria,Bejaia,298.4402,287.3694,291.82053,2007
Algeria,Bejaia,298.53882,286.97046,291.85062,2008
Algeria,Bejaia,299.16333,285.99512,292.0782,2009
Algeria,Bejaia,298.073,287.2832,291.84192,2010
Algeria,Bejaia,298.33838,286.40747,292.09796,2011
Algeria,Bejaia,300.05737,283.83325,292.0795,2012
Algeria,Bejaia,298.10254,285.34473,291.67874,2013
Algeria,Bejaia,298.37402,287.22876,292.38263,2014
Algeria,Bejaia,299.03857,285.74072,292.29782,2015
Algeria,Bejaia,297.92456,287.58032,292.53116,2016
Algeria,Bejaia,299.5437,286.14526,292.33597,2017
Algeria,Bejaia,299.4265,286.54248,292.2868,2018
Algeria,Bejaia,299.4265,286.54248,292.2868,2019
Algeria,Bejaia,299.2295,287.4568,292.49835,2020
Tunisia,Ben Arous,298.21216,286.30542,291.78128,2001
Tunisia,Ben Arous,297.72485,285.69434,291.57578,2002
Tunisia,Ben Arous,300.90723,284.66187,292.22653,2003
Tunisia,Ben Arous,298.9873,286.04883,291.55188,2004
Tunisia,Ben Arous,298.13232,283.9756,291.2907,2005
Tunisia,Ben Arous,298.7019,284.92212,291.93997,2006
Tunisia,Ben Arous,298.56128,287.09424,291.822,2007
Tunisia,Ben Arous,298.79663,286.05762,291.77216,2008
Tunisia,Ben Arous,299.7317,284.85645,291.75558,2009
Tunisia,Ben Arous,298.24097,286.57007,291.57678,2010
Tunisia,Ben Arous,298.55518,285.49146,291.72067,2011
Tunisia,Ben Arous,300.1277,283.73364,292.0881,2012
Tunisia,Ben Arous,298.78223,284.6787,291.69992,2013
Tunisia,Ben Arous,298.40796,286.53735,292.17267,2014
Tunisia,Ben Arous,299.66162,285.0161,292.1069,2015
Tunisia,Ben Arous,298.1902,287.1682,292.33517,2016
Tunisia,Ben Arous,299.6062,285.27808,292.03308,2017
Tunisia,Ben Arous,299.95386,285.66943,292.04266,2018
Tunisia,Ben Arous,299.95386,285.66943,292.04266,2019
Tunisia,Ben Arous,299.70996,287.1775,292.32242,2020
Ethiopia,Beneshangul Gumu,297.4038,291.96436,294.47336,2001
Ethiopia,Beneshangul Gumu,298.62378,292.02368,295.15765,2002
Ethiopia,Beneshangul Gumu,298.20117,291.75366,295.10446,2003
Ethiopia,Beneshangul Gumu,298.54858,291.82153,294.65067,2004
Ethiopia,Beneshangul Gumu,299.44238,291.9546,295.2559,2005
Ethiopia,Beneshangul Gumu,299.3628,292.28784,295.28778,2006
Ethiopia,Beneshangul Gumu,298.80298,292.37964,295.19977,2007
Ethiopia,Beneshangul Gumu,298.57715,291.97607,294.6016,2008
Ethiopia,Beneshangul Gumu,299.19336,292.5608,295.4543,2009
Ethiopia,Beneshangul Gumu,299.75317,292.3484,295.38132,2010
Ethiopia,Beneshangul Gumu,298.34595,291.97705,294.8364,2011
Ethiopia,Beneshangul Gumu,298.41357,292.37915,295.09854,2012
Ethiopia,Beneshangul Gumu,299.11328,291.98975,295.0243,2013
Ethiopia,Beneshangul Gumu,297.23657,292.34546,294.86148,2014
Ethiopia,Beneshangul Gumu,298.75,292.98975,295.53302,2015
Ethiopia,Beneshangul Gumu,300.09985,292.66187,295.5715,2016
Ethiopia,Beneshangul Gumu,298.80493,292.48413,295.1519,2017
Ethiopia,Beneshangul Gumu,299.38086,292.33984,295.20233,2018
Ethiopia,Beneshangul Gumu,299.38086,292.33984,295.20233,2019
Ethiopia,Beneshangul Gumu,298.7483,292.04004,295.1686,2020
Angola,Bengo,297.69824,293.89404,296.37503,2001
Angola,Bengo,297.7329,294.18726,296.34662,2002
Angola,Bengo,297.90625,294.23926,296.4738,2003
Angola,Bengo,297.79272,293.3059,296.01218,2004
Angola,Bengo,298.37988,293.011,295.9966,2005
Angola,Bengo,297.8601,293.44995,296.1325,2006
Angola,Bengo,297.7151,293.5359,296.17877,2007
Angola,Bengo,298.01733,293.37256,296.40692,2008
Angola,Bengo,298.45117,294.23853,296.8054,2009
Angola,Bengo,298.53052,294.15698,296.74442,2010
Angola,Bengo,297.85962,293.76733,296.3903,2011
Angola,Bengo,298.79443,294.37915,296.8233,2012
Angola,Bengo,298.28442,293.60693,296.56906,2013
Angola,Bengo,298.50415,293.08594,296.60724,2014
Angola,Bengo,297.99023,294.20874,296.4754,2015
Angola,Bengo,298.83813,294.27515,297.00397,2016
Angola,Bengo,298.78735,293.6892,296.73117,2017
Angola,Bengo,298.78857,294.6394,297.0972,2018
Angola,Bengo,298.78857,294.6394,297.0972,2019
Angola,Bengo,298.59595,294.27832,296.96988,2020
Angola,Benguela,299.08936,291.13403,295.40744,2001
Angola,Benguela,298.80127,291.26,295.25467,2002
Angola,Benguela,298.90625,291.65527,295.92722,2003
Angola,Benguela,297.23633,291.12988,295.21823,2004
Angola,Benguela,299.15918,291.50122,295.4893,2005
Angola,Benguela,298.45776,291.4812,295.4183,2006
Angola,Benguela,299.1643,291.93042,295.99014,2007
Angola,Benguela,299.02588,292.57764,295.88348,2008
Angola,Benguela,299.21484,292.21606,295.84494,2009
Angola,Benguela,298.17505,292.6355,295.8927,2010
Angola,Benguela,299.18262,291.73096,295.8006,2011
Angola,Benguela,297.9497,291.93823,295.4081,2012
Angola,Benguela,298.45435,291.72168,295.314,2013
Angola,Benguela,299.07935,291.27148,295.5817,2014
Angola,Benguela,299.3789,291.23584,295.58853,2015
Angola,Benguela,299.61255,292.40112,296.40436,2016
Angola,Benguela,299.14062,291.9685,295.75427,2017
Angola,Benguela,299.5,292.53784,296.44565,2018
Angola,Benguela,299.5,292.53784,296.44565,2019
Angola,Benguela,298.89453,292.99316,296.54718,2020
Egypt,Beni Suef,303.85083,287.09106,295.89816,2001
Egypt,Beni Suef,304.97046,285.62598,296.1331,2002
Egypt,Beni Suef,303.2998,287.11304,295.84747,2003
Egypt,Beni Suef,303.50708,286.69727,295.82498,2004
Egypt,Beni Suef,303.4524,287.26172,295.62714,2005
Egypt,Beni Suef,303.8777,286.8401,295.73245,2006
Egypt,Beni Suef,303.80737,286.6233,296.02545,2007
Egypt,Beni Suef,304.28296,285.77637,296.42435,2008
Egypt,Beni Suef,304.20728,287.94604,296.30606,2009
Egypt,Beni Suef,304.8269,289.03516,297.4409,2010
Egypt,Beni Suef,303.61108,287.42285,295.62775,2011
Egypt,Beni Suef,304.54517,285.69946,296.28537,2012
Egypt,Beni Suef,303.40137,287.46045,296.1711,2013
Egypt,Beni Suef,304.05444,288.00952,296.6559,2014
Egypt,Beni Suef,305.54053,286.9619,296.5322,2015
Egypt,Beni Suef,304.72754,286.32837,297.00754,2016
Egypt,Beni Suef,304.9646,286.198,296.3817,2017
Egypt,Beni Suef,304.40112,286.06396,296.5666,2018
Egypt,Beni Suef,304.40112,286.06396,296.5666,2019
Egypt,Beni Suef,304.03027,286.63257,296.47556,2020
Nigeria,Benue,304.63892,298.43677,301.17322,2001
Nigeria,Benue,304.59644,298.7307,301.2664,2002
Nigeria,Benue,305.5293,299.04785,301.5833,2003
Nigeria,Benue,305.10522,298.8506,301.52975,2004
Nigeria,Benue,305.77246,299.1477,301.95657,2005
Nigeria,Benue,305.67725,298.5144,302.0915,2006
Nigeria,Benue,305.4944,298.37183,301.3295,2007
Nigeria,Benue,304.70215,298.64233,301.16165,2008
Nigeria,Benue,306.22852,299.5149,301.711,2009
Nigeria,Benue,305.87427,299.47583,301.9259,2010
Nigeria,Benue,305.81152,298.8794,301.44058,2011
Nigeria,Benue,305.31592,298.7351,301.1817,2012
Nigeria,Benue,305.3899,298.7588,301.36218,2013
Nigeria,Benue,304.27954,298.78882,301.25958,2014
Nigeria,Benue,304.39062,299.25732,301.44528,2015
Nigeria,Benue,304.3059,299.17065,301.46506,2016
Nigeria,Benue,305.7483,299.21167,301.939,2017
Nigeria,Benue,304.76172,298.93042,301.3641,2018
Nigeria,Benue,304.76172,298.93042,301.3641,2019
Nigeria,Benue,305.45532,299.01807,301.51022,2020
Lesotho,Berea,291.1809,277.41748,285.52917,2001
Lesotho,Berea,290.66895,277.50366,285.6492,2002
Lesotho,Berea,292.1565,277.6045,286.27634,2003
Lesotho,Berea,292.08423,277.29224,286.10135,2004
Lesotho,Berea,291.57617,279.38623,286.25262,2005
Lesotho,Berea,291.47876,277.73975,285.44778,2006
Lesotho,Berea,292.0044,278.47144,286.2131,2007
Lesotho,Berea,292.13452,278.31006,286.1291,2008
Lesotho,Berea,292.02222,276.9065,285.99112,2009
Lesotho,Berea,291.51343,278.31616,286.48352,2010
Lesotho,Berea,290.9912,276.44116,285.56003,2011
Lesotho,Berea,292.85376,277.76514,286.2735,2012
Lesotho,Berea,292.5835,279.43604,286.66672,2013
Lesotho,Berea,293.05835,278.1211,286.55173,2014
Lesotho,Berea,295.7661,278.98022,287.71466,2015
Lesotho,Berea,293.54712,279.24976,287.30637,2016
Lesotho,Berea,291.65503,280.16504,286.7678,2017
Lesotho,Berea,293.88623,280.13086,287.7549,2018
Lesotho,Berea,293.88623,280.13086,287.7549,2019
Lesotho,Berea,292.04272,278.2605,286.36685,2020
Madagascar,Betsiboka,301.7998,296.51123,299.3744,2001
Madagascar,Betsiboka,302.15625,296.43066,299.1993,2002
Madagascar,Betsiboka,301.5774,296.1267,299.10675,2003
Madagascar,Betsiboka,301.44165,296.53784,299.1427,2004
Madagascar,Betsiboka,301.20166,296.2163,299.1924,2005
Madagascar,Betsiboka,301.5205,296.989,299.56253,2006
Madagascar,Betsiboka,301.25098,296.72314,298.9903,2007
Madagascar,Betsiboka,300.50757,296.2671,298.93573,2008
Madagascar,Betsiboka,301.94385,296.66235,299.2538,2009
Madagascar,Betsiboka,301.24976,296.43042,299.38358,2010
Madagascar,Betsiboka,301.95728,296.81226,299.42447,2011
Madagascar,Betsiboka,301.84302,296.36548,299.01242,2012
Madagascar,Betsiboka,301.69043,296.4536,299.3926,2013
Madagascar,Betsiboka,301.49683,297.21094,299.48386,2014
Madagascar,Betsiboka,301.4502,297.1538,299.39484,2015
Madagascar,Betsiboka,300.97485,295.9392,299.2136,2016
Madagascar,Betsiboka,301.1494,297.2185,299.68005,2017
Madagascar,Betsiboka,301.95483,296.9922,299.74823,2018
Madagascar,Betsiboka,301.95483,296.9922,299.74823,2019
Madagascar,Betsiboka,302.48267,296.81348,299.6533,2020
Angola,Bie,296.82935,293.96118,294.7528,2001
Angola,Bie,296.24072,294.0088,294.9301,2002
Angola,Bie,296.96777,293.97168,295.08658,2003
Angola,Bie,296.2251,294.00903,294.75632,2004
Angola,Bie,297.72925,294.17334,295.26224,2005
Angola,Bie,296.28564,293.7588,294.79657,2006
Angola,Bie,296.29565,293.8423,294.72614,2007
Angola,Bie,298.3623,292.8479,294.9017,2008
Angola,Bie,297.73486,294.2578,295.25186,2009
Angola,Bie,298.14966,293.6521,295.36325,2010
Angola,Bie,297.65674,294.0254,294.96075,2011
Angola,Bie,297.8069,294.2141,295.2043,2012
Angola,Bie,297.78052,294.28418,295.32718,2013
Angola,Bie,296.85254,294.54492,295.4046,2014
Angola,Bie,297.8855,294.5166,295.53317,2015
Angola,Bie,297.32935,293.9873,295.74405,2016
Angola,Bie,298.02124,294.80176,295.78098,2017
Angola,Bie,297.67603,293.6211,295.75897,2018
Angola,Bie,297.67603,293.6211,295.75897,2019
Angola,Bie,297.46533,293.9773,295.57516,2020
Chad,Biltine,305.6189,290.3645,299.76843,2001
Chad,Biltine,305.3213,288.94043,299.9534,2002
Chad,Biltine,305.29004,292.8667,300.40558,2003
Chad,Biltine,306.3899,292.69336,300.04,2004
Chad,Biltine,305.56006,291.56055,300.11508,2005
Chad,Biltine,306.1499,290.42944,300.45248,2006
Chad,Biltine,306.32568,289.94946,299.88516,2007
Chad,Biltine,305.1643,291.66895,299.74905,2008
Chad,Biltine,306.44287,293.70117,301.19098,2009
Chad,Biltine,306.75366,293.1433,301.24313,2010
Chad,Biltine,306.67383,290.88184,300.11423,2011
Chad,Biltine,306.05762,291.64478,300.40305,2012
Chad,Biltine,305.83618,293.57764,301.01047,2013
Chad,Biltine,306.25488,293.18335,300.7101,2014
Chad,Biltine,306.365,289.62354,300.43243,2015
Chad,Biltine,306.0769,289.9807,300.44943,2016
Chad,Biltine,306.1057,293.00488,300.6174,2017
Chad,Biltine,306.10742,293.06982,300.74057,2018
Chad,Biltine,306.10742,293.06982,300.74057,2019
Chad,Biltine,306.51636,290.90405,300.4777,2020
Equatorial Guinea,Bioko Norte,298.9253,296.34497,297.88025,2001
Equatorial Guinea,Bioko Norte,299.0923,296.62524,298.06927,2002
Equatorial Guinea,Bioko Norte,299.3457,296.83887,298.27472,2003
Equatorial Guinea,Bioko Norte,299.2556,296.7063,298.1028,2004
Equatorial Guinea,Bioko Norte,299.4685,296.6438,298.22885,2005
Equatorial Guinea,Bioko Norte,299.21948,296.67065,298.21698,2006
Equatorial Guinea,Bioko Norte,299.20532,296.8152,298.11432,2007
Equatorial Guinea,Bioko Norte,298.95996,296.75366,298.03763,2008
Equatorial Guinea,Bioko Norte,299.0,296.80396,298.14737,2009
Equatorial Guinea,Bioko Norte,299.6809,296.82104,298.3473,2010
Equatorial Guinea,Bioko Norte,299.0276,296.57666,297.99185,2011
Equatorial Guinea,Bioko Norte,298.8042,296.49878,297.92096,2012
Equatorial Guinea,Bioko Norte,299.27466,296.2998,297.96292,2013
Equatorial Guinea,Bioko Norte,299.03052,296.51538,298.0361,2014
Equatorial Guinea,Bioko Norte,299.09058,296.75342,298.09,2015
Equatorial Guinea,Bioko Norte,299.44946,296.83472,298.37247,2016
Equatorial Guinea,Bioko Norte,299.39062,296.80933,298.27316,2017
Equatorial Guinea,Bioko Norte,299.50342,296.95776,298.43216,2018
Equatorial Guinea,Bioko Norte,299.50342,296.95776,298.43216,2019
Equatorial Guinea,Bioko Norte,299.719,296.99707,298.4767,2020
Equatorial Guinea,Bioko Sur,299.3452,297.12036,298.48752,2001
Equatorial Guinea,Bioko Sur,299.60596,297.39673,298.65048,2002
Equatorial Guinea,Bioko Sur,300.0078,297.55176,298.85123,2003
Equatorial Guinea,Bioko Sur,300.0017,297.31763,298.7075,2004
Equatorial Guinea,Bioko Sur,300.12793,297.4348,298.9009,2005
Equatorial Guinea,Bioko Sur,299.85693,297.4519,298.8493,2006
Equatorial Guinea,Bioko Sur,299.89673,297.5515,298.72955,2007
Equatorial Guinea,Bioko Sur,299.708,297.38452,298.62015,2008
Equatorial Guinea,Bioko Sur,299.6582,297.50708,298.7551,2009
Equatorial Guinea,Bioko Sur,300.37817,297.60425,298.99606,2010
Equatorial Guinea,Bioko Sur,299.66113,297.32666,298.603,2011
Equatorial Guinea,Bioko Sur,299.562,297.33472,298.54953,2012
Equatorial Guinea,Bioko Sur,299.82935,297.06348,298.58566,2013
Equatorial Guinea,Bioko Sur,299.60767,297.31616,298.65982,2014
Equatorial Guinea,Bioko Sur,299.67578,297.43896,298.75143,2015
Equatorial Guinea,Bioko Sur,300.00415,297.614,299.02057,2016
Equatorial Guinea,Bioko Sur,299.92212,297.51245,298.9154,2017
Equatorial Guinea,Bioko Sur,300.19092,297.67456,299.0648,2018
Equatorial Guinea,Bioko Sur,300.19092,297.67456,299.0648,2019
Equatorial Guinea,Bioko Sur,300.4143,297.78418,299.1437,2020
Guinea-Bissau,Biombo,301.25098,298.7434,300.3223,2001
Guinea-Bissau,Biombo,301.09082,299.07715,300.45584,2002
Guinea-Bissau,Biombo,301.24146,298.76514,300.22394,2003
Guinea-Bissau,Biombo,301.4021,298.97852,300.30692,2004
Guinea-Bissau,Biombo,302.47314,298.6582,300.76352,2005
Guinea-Bissau,Biombo,301.3374,298.26147,300.35126,2006
Guinea-Bissau,Biombo,301.20923,298.5315,300.32248,2007
Guinea-Bissau,Biombo,301.58228,298.45996,300.28534,2008
Guinea-Bissau,Biombo,301.35693,297.50854,299.96295,2009
Guinea-Bissau,Biombo,302.02563,299.08984,300.6528,2010
Guinea-Bissau,Biombo,301.33032,298.63135,300.277,2011
Guinea-Bissau,Biombo,301.4292,298.52368,300.19327,2012
Guinea-Bissau,Biombo,301.41064,298.3042,300.13156,2013
Guinea-Bissau,Biombo,301.6631,298.5056,300.02945,2014
Guinea-Bissau,Biombo,301.78882,298.41504,300.11716,2015
Guinea-Bissau,Biombo,301.6499,299.28003,300.38644,2016
Guinea-Bissau,Biombo,301.90527,298.49683,300.45755,2017
Guinea-Bissau,Biombo,301.48804,298.82178,300.46796,2018
Guinea-Bissau,Biombo,301.48804,298.82178,300.46796,2019
Guinea-Bissau,Biombo,301.86157,299.01343,300.75485,2020
Algeria,Biskra,299.646,277.88037,287.9553,2001
Algeria,Biskra,298.19507,277.69434,287.55594,2002
Algeria,Biskra,300.42554,276.78882,287.21564,2003
Algeria,Biskra,298.65723,277.83008,286.76688,2004
Algeria,Biskra,300.49756,275.76953,287.1452,2005
Algeria,Biskra,298.14917,275.94946,287.5573,2006
Algeria,Biskra,298.6687,277.5161,287.18253,2007
Algeria,Biskra,299.99365,277.25366,287.30405,2008
Algeria,Biskra,299.98853,277.62378,286.9151,2009
Algeria,Biskra,298.33862,278.4707,287.3004,2010
Algeria,Biskra,298.6814,277.4973,287.0693,2011
Algeria,Biskra,300.46313,275.1477,287.7574,2012
Algeria,Biskra,298.65186,276.89746,287.24222,2013
Algeria,Biskra,299.64038,277.89844,287.95425,2014
Algeria,Biskra,298.7588,276.5454,287.27408,2015
Algeria,Biskra,298.38257,279.64478,287.84512,2016
Algeria,Biskra,299.49487,276.10034,287.63284,2017
Algeria,Biskra,299.91797,276.38623,287.3353,2018
Algeria,Biskra,299.91797,276.38623,287.3353,2019
Algeria,Biskra,299.25293,278.03296,287.88132,2020
Tunisia,Bizerte,299.9348,285.864,292.605,2001
Tunisia,Bizerte,299.61353,284.8037,292.3206,2002
Tunisia,Bizerte,302.31738,284.14038,292.73322,2003
Tunisia,Bizerte,300.76855,285.73242,292.11975,2004
Tunisia,Bizerte,300.16943,283.65137,291.99692,2005
Tunisia,Bizerte,300.21558,284.3108,292.61136,2006
Tunisia,Bizerte,299.90112,286.68018,292.5274,2007
Tunisia,Bizerte,300.21265,285.95215,292.425,2008
Tunisia,Bizerte,300.927,284.72754,292.3884,2009
Tunisia,Bizerte,300.0652,286.30664,292.44495,2010
Tunisia,Bizerte,300.2185,285.15356,292.48468,2011
Tunisia,Bizerte,301.5476,283.28247,292.86398,2012
Tunisia,Bizerte,300.01855,284.53223,292.446,2013
Tunisia,Bizerte,300.26538,286.48608,292.96353,2014
Tunisia,Bizerte,300.88184,284.70557,292.75616,2015
Tunisia,Bizerte,299.71265,286.65454,292.84332,2016
Tunisia,Bizerte,301.34937,284.15894,292.40988,2017
Tunisia,Bizerte,301.51636,284.97217,292.52884,2018
Tunisia,Bizerte,301.51636,284.97217,292.52884,2019
Tunisia,Bizerte,301.4834,286.1267,292.7394,2020
Algeria,Blida,299.82544,281.68115,290.24255,2001
Algeria,Blida,297.90015,282.25098,290.20258,2002
Algeria,Blida,301.37866,281.54858,290.4588,2003
Algeria,Blida,299.90918,282.67578,289.6964,2004
Algeria,Blida,299.6499,279.00586,289.16586,2005
Algeria,Blida,299.5105,280.47095,290.36966,2006
Algeria,Blida,299.34644,282.1411,289.61124,2007
Algeria,Blida,299.646,281.83374,289.75668,2008
Algeria,Blida,301.17407,281.84473,290.16495,2009
Algeria,Blida,299.90894,283.10938,289.9199,2010
Algeria,Blida,300.01807,282.05396,290.24997,2011
Algeria,Blida,302.03198,278.60864,290.25885,2012
Algeria,Blida,298.40137,281.38184,289.57492,2013
Algeria,Blida,299.42944,282.70312,290.64615,2014
Algeria,Blida,300.95605,281.39697,290.394,2015
Algeria,Blida,299.35913,284.2561,290.64655,2016
Algeria,Blida,301.1648,281.05737,290.76843,2017
Algeria,Blida,301.125,281.2827,290.46,2018
Algeria,Blida,301.125,281.2827,290.46,2019
Algeria,Blida,300.88574,282.60913,291.1476,2020
Sudan,Blue Nile,307.08936,298.15942,302.06873,2001
Sudan,Blue Nile,307.3872,298.22168,302.7454,2002
Sudan,Blue Nile,307.20703,299.18262,302.4085,2003
Sudan,Blue Nile,306.94067,299.63867,302.50793,2004
Sudan,Blue Nile,308.0056,299.28125,302.85028,2005
Sudan,Blue Nile,306.6538,298.4685,302.12112,2006
Sudan,Blue Nile,306.7439,297.6975,301.88907,2007
Sudan,Blue Nile,305.94165,299.50366,302.29037,2008
Sudan,Blue Nile,307.49023,300.4231,303.3819,2009
Sudan,Blue Nile,308.45044,299.53394,302.9446,2010
Sudan,Blue Nile,307.3733,299.3462,302.541,2011
Sudan,Blue Nile,306.69775,299.00073,302.50592,2012
Sudan,Blue Nile,306.95728,299.13574,302.57068,2013
Sudan,Blue Nile,305.94653,299.1443,302.56622,2014
Sudan,Blue Nile,307.72656,301.0166,304.37042,2015
Sudan,Blue Nile,308.59985,299.76245,304.22272,2016
Sudan,Blue Nile,308.6582,300.7605,304.40335,2017
Sudan,Blue Nile,308.3452,299.65503,303.78387,2018
Sudan,Blue Nile,308.3452,299.65503,303.78387,2019
Sudan,Blue Nile,308.00098,298.70605,303.7451,2020
Madagascar,Boeny,300.82568,297.2417,299.43542,2001
Madagascar,Boeny,301.0923,297.84155,299.71103,2002
Madagascar,Boeny,300.85938,297.2295,299.5257,2003
Madagascar,Boeny,300.93872,297.4602,299.50858,2004
Madagascar,Boeny,300.97437,297.49756,299.6216,2005
Madagascar,Boeny,300.9541,297.79175,299.64032,2006
Madagascar,Boeny,301.37476,297.9558,299.6459,2007
Madagascar,Boeny,300.6189,297.31592,299.36234,2008
Madagascar,Boeny,301.0586,297.4065,299.5562,2009
Madagascar,Boeny,301.77466,297.86597,299.82254,2010
Madagascar,Boeny,300.9829,297.33765,299.61636,2011
Madagascar,Boeny,300.92896,297.34595,299.43234,2012
Madagascar,Boeny,301.01758,297.24756,299.5588,2013
Madagascar,Boeny,300.96167,297.91406,299.5493,2014
Madagascar,Boeny,300.92627,297.73193,299.69235,2015
Madagascar,Boeny,301.58032,297.42554,299.6252,2016
Madagascar,Boeny,300.81445,298.29663,299.97464,2017
Madagascar,Boeny,301.62842,297.86328,300.1224,2018
Madagascar,Boeny,301.62842,297.86328,300.1224,2019
Madagascar,Boeny,301.65918,297.75293,299.8898,2020
Guinea,Boke,300.24976,298.6106,299.34866,2001
Guinea,Boke,300.4414,298.76392,299.52142,2002
Guinea,Boke,300.63867,298.48926,299.499,2003
Guinea,Boke,300.76172,298.59302,299.71024,2004
Guinea,Boke,300.71533,298.6692,299.91766,2005
Guinea,Boke,300.66504,298.68433,299.73148,2006
Guinea,Boke,300.41553,298.43237,299.5336,2007
Guinea,Boke,300.6294,298.54272,299.67075,2008
Guinea,Boke,300.1333,298.4934,299.3137,2009
Guinea,Boke,300.98462,298.8059,299.84793,2010
Guinea,Boke,300.24658,298.5962,299.6551,2011
Guinea,Boke,300.0608,298.42065,299.23395,2012
Guinea,Boke,300.12988,298.4834,299.3682,2013
Guinea,Boke,299.87573,298.34595,299.25177,2014
Guinea,Boke,300.5088,298.79785,299.51154,2015
Guinea,Boke,300.4209,298.8816,299.69342,2016
Guinea,Boke,300.5022,298.95972,299.7401,2017
Guinea,Boke,300.64307,298.73706,299.8304,2018
Guinea,Boke,300.64307,298.73706,299.8304,2019
Guinea,Boke,301.14062,298.77246,300.18033,2020
Guinea-Bissau,Bolama/bijagos,301.18848,298.52808,299.54153,2001
Guinea-Bissau,Bolama/bijagos,301.29883,298.0415,299.54926,2002
Guinea-Bissau,Bolama/bijagos,300.98364,298.0642,299.4178,2003
Guinea-Bissau,Bolama/bijagos,301.02368,298.64624,299.5597,2004
Guinea-Bissau,Bolama/bijagos,301.28955,298.85718,299.85907,2005
Guinea-Bissau,Bolama/bijagos,301.62793,298.37183,299.68524,2006
Guinea-Bissau,Bolama/bijagos,301.2334,298.84595,299.56192,2007
Guinea-Bissau,Bolama/bijagos,301.2915,298.52197,299.63235,2008
Guinea-Bissau,Bolama/bijagos,301.15088,297.56152,299.22385,2009
Guinea-Bissau,Bolama/bijagos,301.32227,298.6106,299.8787,2010
Guinea-Bissau,Bolama/bijagos,301.26392,298.49048,299.5944,2011
Guinea-Bissau,Bolama/bijagos,301.1604,298.09106,299.23883,2012
Guinea-Bissau,Bolama/bijagos,300.8213,298.30273,299.3928,2013
Guinea-Bissau,Bolama/bijagos,300.93823,297.594,299.23697,2014
Guinea-Bissau,Bolama/bijagos,301.31152,297.88867,299.46466,2015
Guinea-Bissau,Bolama/bijagos,301.35645,298.89722,299.68903,2016
Guinea-Bissau,Bolama/bijagos,301.1123,298.17798,299.68396,2017
Guinea-Bissau,Bolama/bijagos,301.33447,298.92798,299.80536,2018
Guinea-Bissau,Bolama/bijagos,301.33447,298.92798,299.80536,2019
Guinea-Bissau,Bolama/bijagos,301.61157,298.9314,300.07272,2020
Liberia,Bomi,299.2273,296.9441,298.03635,2001
Liberia,Bomi,299.2412,297.2151,298.20633,2002
Liberia,Bomi,299.73828,296.97046,298.35788,2003
Liberia,Bomi,299.5232,297.1162,298.3307,2004
Liberia,Bomi,299.5349,297.22583,298.3431,2005
Liberia,Bomi,299.15967,297.1765,298.39243,2006
Liberia,Bomi,299.56104,296.8855,298.3334,2007
Liberia,Bomi,299.1494,296.9331,298.189,2008
Liberia,Bomi,299.51367,296.72778,298.33112,2009
Liberia,Bomi,299.85913,297.02612,298.43112,2010
Liberia,Bomi,299.04224,297.21533,298.19855,2011
Liberia,Bomi,299.53467,296.68823,298.13385,2012
Liberia,Bomi,299.95605,297.1123,298.44876,2013
Liberia,Bomi,299.3723,297.0525,298.26364,2014
Liberia,Bomi,299.40234,297.646,298.4518,2015
Liberia,Bomi,300.62134,297.5652,298.8884,2016
Liberia,Bomi,300.05664,297.72046,298.86707,2017
Liberia,Bomi,300.82422,297.53394,299.1369,2018
Liberia,Bomi,300.82422,297.53394,299.1369,2019
Liberia,Bomi,300.74414,297.47363,299.08136,2020
Liberia,Bong,300.27612,296.67896,298.0736,2001
Liberia,Bong,299.87207,296.89673,298.1661,2002
Liberia,Bong,300.5271,296.68726,298.35626,2003
Liberia,Bong,299.92554,296.81372,298.29358,2004
Liberia,Bong,299.75684,296.7434,298.21762,2005
Liberia,Bong,299.61792,296.80933,298.4092,2006
Liberia,Bong,300.85962,296.46948,298.43594,2007
Liberia,Bong,299.70996,296.521,298.20444,2008
Liberia,Bong,299.99512,296.34302,298.37442,2009
Liberia,Bong,300.30835,296.7527,298.45505,2010
Liberia,Bong,299.82153,296.82007,298.18668,2011
Liberia,Bong,300.0598,296.2351,298.16412,2012
Liberia,Bong,300.90527,296.5791,298.3451,2013
Liberia,Bong,299.75513,296.70288,298.25894,2014
Liberia,Bong,300.20117,297.34912,298.4445,2015
Liberia,Bong,301.07446,297.15112,298.8054,2016
Liberia,Bong,300.50195,297.43823,298.88968,2017
Liberia,Bong,301.35376,297.03003,299.00848,2018
Liberia,Bong,301.35376,297.03003,299.00848,2019
Liberia,Bong,301.72852,296.9834,299.0436,2020
Madagascar,Bongolava,300.93457,295.2085,298.37634,2001
Madagascar,Bongolava,301.04883,295.5205,298.37167,2002
Madagascar,Bongolava,300.45044,295.33374,298.25372,2003
Madagascar,Bongolava,301.14038,295.739,298.47586,2004
Madagascar,Bongolava,300.1704,295.062,298.30502,2005
Madagascar,Bongolava,300.6045,296.06128,298.7072,2006
Madagascar,Bongolava,300.06934,295.72314,298.29205,2007
Madagascar,Bongolava,300.01538,295.42334,298.21732,2008
Madagascar,Bongolava,300.99268,295.58228,298.4291,2009
Madagascar,Bongolava,300.32788,295.70776,298.61584,2010
Madagascar,Bongolava,300.40845,295.62085,298.48483,2011
Madagascar,Bongolava,300.72876,295.31665,298.10895,2012
Madagascar,Bongolava,300.7666,295.63232,298.5404,2013
Madagascar,Bongolava,301.08447,296.30273,298.77878,2014
Madagascar,Bongolava,300.46582,295.94043,298.48434,2015
Madagascar,Bongolava,300.2268,295.24194,298.43253,2016
Madagascar,Bongolava,300.96387,296.4392,299.01306,2017
Madagascar,Bongolava,301.28882,295.75586,298.80112,2018
Madagascar,Bongolava,301.28882,295.75586,298.80112,2019
Madagascar,Bongolava,301.44165,295.94238,298.94415,2020
Algeria,Bordj Bou Arrer,299.41333,279.86084,289.1423,2001
Algeria,Bordj Bou Arrer,297.75366,280.30762,289.13324,2002
Algeria,Bordj Bou Arrer,301.67358,279.4353,289.45505,2003
Algeria,Bordj Bou Arrer,299.7588,280.48047,288.63733,2004
Algeria,Bordj Bou Arrer,299.4878,277.4004,288.3358,2005
Algeria,Bordj Bou Arrer,299.71948,278.77173,289.49612,2006
Algeria,Bordj Bou Arrer,299.3308,280.28174,288.85422,2007
Algeria,Bordj Bou Arrer,299.6167,279.98608,288.80927,2008
Algeria,Bordj Bou Arrer,301.27954,279.98535,288.95383,2009
Algeria,Bordj Bou Arrer,299.33472,280.94604,288.77682,2010
Algeria,Bordj Bou Arrer,299.96143,280.35864,289.11847,2011
Algeria,Bordj Bou Arrer,301.8777,276.77075,289.35324,2012
Algeria,Bordj Bou Arrer,298.7417,278.88965,288.5264,2013
Algeria,Bordj Bou Arrer,299.76538,280.60938,289.74557,2014
Algeria,Bordj Bou Arrer,300.69434,279.48682,289.27798,2015
Algeria,Bordj Bou Arrer,299.18335,282.10376,289.4605,2016
Algeria,Bordj Bou Arrer,301.2234,278.81128,289.66492,2017
Algeria,Bordj Bou Arrer,301.07227,279.12256,289.29706,2018
Algeria,Bordj Bou Arrer,301.07227,279.12256,289.29706,2019
Algeria,Bordj Bou Arrer,300.49512,280.5056,289.70016,2020
Benin,Borgou,305.14795,298.42896,301.3236,2001
Benin,Borgou,305.73877,298.79785,301.38193,2002
Benin,Borgou,305.17896,298.60254,301.71646,2003
Benin,Borgou,306.18677,299.04785,301.86438,2004
Benin,Borgou,306.90405,298.886,302.2728,2005
Benin,Borgou,306.71045,298.7312,302.05374,2006
Benin,Borgou,306.12866,298.58667,301.72354,2007
Benin,Borgou,305.40527,298.42676,301.21097,2008
Benin,Borgou,306.11133,299.15747,301.9854,2009
Benin,Borgou,306.95044,299.1765,302.1754,2010
Benin,Borgou,306.25806,299.33447,302.07272,2011
Benin,Borgou,306.1704,298.5691,301.65338,2012
Benin,Borgou,306.70044,298.6377,301.84705,2013
Benin,Borgou,305.84595,298.88452,301.73892,2014
Benin,Borgou,306.14062,297.78564,301.88492,2015
Benin,Borgou,306.79712,299.09985,302.00528,2016
Benin,Borgou,307.14648,299.06323,301.87747,2017
Benin,Borgou,306.75732,298.96558,301.57407,2018
Benin,Borgou,306.75732,298.96558,301.57407,2019
Benin,Borgou,306.17993,298.93262,301.4811,2020
Chad,Borkou,299.6809,284.4734,293.04187,2001
Chad,Borkou,300.44507,280.64355,292.98074,2002
Chad,Borkou,299.58887,284.92212,293.26218,2003
Chad,Borkou,301.4016,284.6953,293.37723,2004
Chad,Borkou,299.96436,282.88477,293.85892,2005
Chad,Borkou,300.80933,283.8025,293.4639,2006
Chad,Borkou,299.96753,282.99243,293.6612,2007
Chad,Borkou,300.96118,281.11426,293.14163,2008
Chad,Borkou,299.8628,287.53125,294.02628,2009
Chad,Borkou,301.45288,287.0183,295.24197,2010
Chad,Borkou,300.39844,284.15332,293.48907,2011
Chad,Borkou,300.1565,283.2151,293.76456,2012
Chad,Borkou,300.61548,285.0581,294.12863,2013
Chad,Borkou,300.42578,285.26562,293.89108,2014
Chad,Borkou,300.5857,281.39307,293.18146,2015
Chad,Borkou,301.60254,283.6897,294.06256,2016
Chad,Borkou,300.53613,285.23706,293.1444,2017
Chad,Borkou,300.97852,283.95142,293.99594,2018
Chad,Borkou,300.97852,283.95142,293.99594,2019
Chad,Borkou,300.75464,282.9099,293.6489,2020
Nigeria,Borno,308.07007,295.2649,302.42795,2001
Nigeria,Borno,308.34888,294.12988,302.73026,2002
Nigeria,Borno,307.9973,296.7788,302.68307,2003
Nigeria,Borno,308.34497,297.4121,302.93274,2004
Nigeria,Borno,307.77197,295.56445,303.24417,2005
Nigeria,Borno,308.06055,295.3357,303.09866,2006
Nigeria,Borno,308.78662,294.76978,302.83664,2007
Nigeria,Borno,307.8518,294.69043,302.45786,2008
Nigeria,Borno,308.08398,298.17383,303.67844,2009
Nigeria,Borno,309.81665,297.71948,303.6238,2010
Nigeria,Borno,308.01416,295.91895,303.14288,2011
Nigeria,Borno,308.9126,296.6311,302.83975,2012
Nigeria,Borno,308.5393,298.40186,303.6221,2013
Nigeria,Borno,308.18262,297.42944,303.37628,2014
Nigeria,Borno,308.70972,294.5298,302.90005,2015
Nigeria,Borno,308.56323,295.47485,303.4094,2016
Nigeria,Borno,308.7307,298.43262,303.16702,2017
Nigeria,Borno,308.71704,297.3003,303.0718,2018
Nigeria,Borno,308.71704,297.3003,303.0718,2019
Nigeria,Borno,308.875,295.82397,302.97134,2020
Burkina Faso,Boucle Du Mouhoun,307.0818,296.7688,301.9377,2001
Burkina Faso,Boucle Du Mouhoun,307.56958,297.2881,302.4114,2002
Burkina Faso,Boucle Du Mouhoun,307.41333,297.4182,302.15964,2003
Burkina Faso,Boucle Du Mouhoun,307.53442,297.45703,302.48825,2004
Burkina Faso,Boucle Du Mouhoun,307.62085,297.4414,302.6011,2005
Burkina Faso,Boucle Du Mouhoun,306.67773,297.05444,302.1846,2006
Burkina Faso,Boucle Du Mouhoun,307.50146,296.60767,302.0344,2007
Burkina Faso,Boucle Du Mouhoun,306.86353,294.43457,301.8856,2008
Burkina Faso,Boucle Du Mouhoun,307.13892,295.9226,302.37082,2009
Burkina Faso,Boucle Du Mouhoun,307.42114,297.76172,302.5076,2010
Burkina Faso,Boucle Du Mouhoun,307.5708,296.8833,302.59567,2011
Burkina Faso,Boucle Du Mouhoun,307.0205,296.45923,302.08438,2012
Burkina Faso,Boucle Du Mouhoun,307.82642,296.68506,302.41818,2013
Burkina Faso,Boucle Du Mouhoun,307.0481,298.00195,302.3564,2014
Burkina Faso,Boucle Du Mouhoun,308.32886,296.31885,301.9793,2015
Burkina Faso,Boucle Du Mouhoun,307.77173,297.51196,302.48605,2016
Burkina Faso,Boucle Du Mouhoun,306.8789,296.99487,302.5995,2017
Burkina Faso,Boucle Du Mouhoun,307.36157,296.99365,302.4603,2018
Burkina Faso,Boucle Du Mouhoun,307.36157,296.99365,302.4603,2019
Burkina Faso,Boucle Du Mouhoun,307.8828,297.40405,302.4422,2020
Congo,Bouenza,297.19678,294.79224,296.27805,2001
Congo,Bouenza,297.67236,295.57788,296.72943,2002
Congo,Bouenza,297.7693,295.48804,296.89728,2003
Congo,Bouenza,297.84937,294.97778,296.82678,2004
Congo,Bouenza,298.4912,295.0913,297.01547,2005
Congo,Bouenza,297.97925,295.2644,296.8358,2006
Congo,Bouenza,298.0686,294.96753,296.9374,2007
Congo,Bouenza,297.43848,294.96826,296.835,2008
Congo,Bouenza,298.26172,294.69556,296.88776,2009
Congo,Bouenza,298.5857,295.24878,297.25696,2010
Congo,Bouenza,297.94043,295.10132,296.8903,2011
Congo,Bouenza,297.9585,294.8772,296.8054,2012
Congo,Bouenza,298.05786,294.6792,296.93982,2013
Congo,Bouenza,297.9143,294.67578,296.98468,2014
Congo,Bouenza,298.05273,295.72168,297.18878,2015
Congo,Bouenza,298.79907,295.35522,297.57004,2016
Congo,Bouenza,298.14868,295.24194,297.071,2017
Congo,Bouenza,298.56592,295.89453,297.4533,2018
Congo,Bouenza,298.56592,295.89453,297.4533,2019
Congo,Bouenza,298.69946,295.37207,297.36588,2020
Algeria,Bouira,299.7766,281.396,290.27234,2001
Algeria,Bouira,298.2478,282.042,290.3227,2002
Algeria,Bouira,301.5271,281.46265,290.57745,2003
Algeria,Bouira,300.21387,282.4668,289.84567,2004
Algeria,Bouira,299.75342,278.92578,289.31024,2005
Algeria,Bouira,300.29175,280.4475,290.60614,2006
Algeria,Bouira,299.7605,282.02393,289.7839,2007
Algeria,Bouira,299.84912,281.85522,289.8392,2008
Algeria,Bouira,301.38892,281.75488,290.19327,2009
Algeria,Bouira,300.0027,283.06836,290.01834,2010
Algeria,Bouira,300.2544,281.96606,290.2796,2011
Algeria,Bouira,301.78198,278.5188,290.29337,2012
Algeria,Bouira,298.55225,281.25488,289.61218,2013
Algeria,Bouira,299.70874,282.6914,290.8333,2014
Algeria,Bouira,301.25293,281.354,290.47525,2015
Algeria,Bouira,299.61108,284.20728,290.66574,2016
Algeria,Bouira,301.64722,280.989,290.84836,2017
Algeria,Bouira,301.63477,281.01514,290.5604,2018
Algeria,Bouira,301.63477,281.01514,290.5604,2019
Algeria,Bouira,301.01465,282.4314,291.14322,2020
Algeria,Boumerdes,297.81958,286.10034,291.54333,2001
Algeria,Boumerdes,297.18774,286.20605,291.3362,2002
Algeria,Boumerdes,299.20996,285.40796,291.56607,2003
Algeria,Boumerdes,298.03027,286.65234,291.03415,2004
Algeria,Boumerdes,297.34692,284.26074,290.7274,2005
Algeria,Boumerdes,297.81714,285.30884,291.54202,2006
Algeria,Boumerdes,298.10815,286.83032,291.19992,2007
Algeria,Boumerdes,298.09155,286.10132,291.24643,2008
Algeria,Boumerdes,298.58325,285.41113,291.49533,2009
Algeria,Boumerdes,297.59448,286.58594,291.25452,2010
Algeria,Boumerdes,298.0005,285.802,291.54816,2011
Algeria,Boumerdes,299.4441,283.04028,291.43756,2012
Algeria,Boumerdes,297.77246,284.93262,291.12015,2013
Algeria,Boumerdes,297.86816,286.73853,291.8193,2014
Algeria,Boumerdes,298.49902,285.0298,291.71646,2015
Algeria,Boumerdes,297.27026,286.9319,291.913,2016
Algeria,Boumerdes,299.0359,285.42456,291.8236,2017
Algeria,Boumerdes,298.80933,285.90967,291.67255,2018
Algeria,Boumerdes,298.80933,285.90967,291.67255,2019
Algeria,Boumerdes,298.5498,286.6775,291.9007,2020
Mauritania,Brakna,308.62866,297.87427,304.11267,2001
Mauritania,Brakna,308.55566,297.08887,303.8658,2002
Mauritania,Brakna,309.5625,296.16357,303.88654,2003
Mauritania,Brakna,308.69214,297.11133,304.05432,2004
Mauritania,Brakna,308.8872,296.8789,304.0142,2005
Mauritania,Brakna,308.72607,295.27368,303.72708,2006
Mauritania,Brakna,308.4419,297.4751,303.69162,2007
Mauritania,Brakna,307.77954,295.31738,303.848,2008
Mauritania,Brakna,309.7151,295.00464,303.83926,2009
Mauritania,Brakna,309.86548,299.35742,304.96384,2010
Mauritania,Brakna,309.21338,297.16846,304.14093,2011
Mauritania,Brakna,309.0088,296.29126,303.40402,2012
Mauritania,Brakna,309.51416,296.04443,303.8993,2013
Mauritania,Brakna,310.30957,297.20898,303.93942,2014
Mauritania,Brakna,309.4275,296.53613,304.1818,2015
Mauritania,Brakna,309.67847,298.9402,304.43512,2016
Mauritania,Brakna,310.39282,295.9187,304.32376,2017
Mauritania,Brakna,310.08594,296.56396,303.67743,2018
Mauritania,Brakna,310.08594,296.56396,303.67743,2019
Mauritania,Brakna,310.4402,297.19116,304.59097,2020
Ghana,Brong Ahafo,303.81274,298.0559,300.46878,2001
Ghana,Brong Ahafo,304.40698,298.05103,300.5198,2002
Ghana,Brong Ahafo,304.17383,298.2373,300.4168,2003
Ghana,Brong Ahafo,302.5017,298.0127,300.3556,2004
Ghana,Brong Ahafo,304.09668,298.0188,300.52786,2005
Ghana,Brong Ahafo,304.1648,298.45752,300.8174,2006
Ghana,Brong Ahafo,304.43384,298.08862,300.85196,2007
Ghana,Brong Ahafo,303.729,298.24585,300.6802,2008
Ghana,Brong Ahafo,303.33496,298.427,300.559,2009
Ghana,Brong Ahafo,304.14966,298.59106,300.82516,2010
Ghana,Brong Ahafo,304.26855,298.2876,300.57697,2011
Ghana,Brong Ahafo,303.26904,298.3484,300.41315,2012
Ghana,Brong Ahafo,303.0598,298.44434,300.63596,2013
Ghana,Brong Ahafo,303.59204,298.57324,300.70718,2014
Ghana,Brong Ahafo,303.7246,298.9214,301.00797,2015
Ghana,Brong Ahafo,304.01978,298.91528,301.30035,2016
Ghana,Brong Ahafo,305.3479,298.5652,301.44308,2017
Ghana,Brong Ahafo,304.08203,298.84058,300.99838,2018
Ghana,Brong Ahafo,304.08203,298.84058,300.99838,2019
Ghana,Brong Ahafo,304.11548,298.68408,301.14825,2020
Burundi,Bubanza,291.62207,290.5227,291.1387,2001
Burundi,Bubanza,293.6079,290.87207,291.83768,2002
Burundi,Bubanza,292.68726,290.81616,291.86212,2003
Burundi,Bubanza,292.4607,291.06128,291.71188,2004
Burundi,Bubanza,293.59082,291.14014,292.0557,2005
Burundi,Bubanza,292.9485,290.8213,291.6683,2006
Burundi,Bubanza,292.23706,290.71338,291.61642,2007
Burundi,Bubanza,292.78418,290.63916,291.44647,2008
Burundi,Bubanza,293.3501,291.3457,291.9146,2009
Burundi,Bubanza,293.85034,291.77808,292.42917,2010
Burundi,Bubanza,292.12427,291.3557,291.6276,2011
Burundi,Bubanza,292.78345,290.98535,291.75558,2012
Burundi,Bubanza,292.812,291.51978,291.97562,2013
Burundi,Bubanza,292.4353,291.58862,292.02487,2014
Burundi,Bubanza,293.40698,291.6621,292.30954,2015
Burundi,Bubanza,293.45435,291.87012,292.65323,2016
Burundi,Bubanza,292.90308,291.82227,292.35876,2017
Burundi,Bubanza,293.14673,291.85938,292.362,2018
Burundi,Bubanza,293.14673,291.85938,292.362,2019
Burundi,Bubanza,293.48535,291.92285,292.66193,2020
Uganda,Budaka,297.09448,294.79688,295.86917,2001
Uganda,Budaka,298.82715,295.47363,296.32156,2002
Uganda,Budaka,298.17944,295.15405,296.4344,2003
Uganda,Budaka,298.615,295.4851,296.5898,2004
Uganda,Budaka,299.59082,295.4077,297.15042,2005
Uganda,Budaka,298.8225,295.31445,296.30487,2006
Uganda,Budaka,297.4536,295.00073,296.12003,2007
Uganda,Budaka,297.60254,294.88818,296.0591,2008
Uganda,Budaka,298.7793,295.50928,296.59885,2009
Uganda,Budaka,297.03516,295.30737,296.1948,2010
Uganda,Budaka,297.88403,295.5354,296.34323,2011
Uganda,Budaka,298.2827,295.40186,296.246,2012
Uganda,Budaka,298.3584,295.47168,296.42664,2013
Uganda,Budaka,298.6858,295.69507,296.7607,2014
Uganda,Budaka,298.41602,295.5957,296.4189,2015
Uganda,Budaka,298.8518,295.68262,297.0129,2016
Uganda,Budaka,298.83667,296.18726,297.28128,2017
Uganda,Budaka,299.35767,295.31445,296.76547,2018
Uganda,Budaka,299.35767,295.31445,296.76547,2019
Uganda,Budaka,296.72046,295.333,295.87643,2020
Uganda,Bududa,288.93115,286.70068,287.8337,2001
Uganda,Bududa,290.26465,287.4397,288.3012,2002
Uganda,Bududa,290.3125,286.9099,288.41388,2003
Uganda,Bududa,289.40405,286.68872,288.0737,2004
Uganda,Bududa,290.37598,287.06396,288.51044,2005
Uganda,Bududa,289.48267,287.34253,288.15726,2006
Uganda,Bududa,288.87476,286.95386,288.05035,2007
Uganda,Bududa,289.2334,286.61865,288.14505,2008
Uganda,Bududa,290.5586,287.34204,288.58063,2009
Uganda,Bududa,289.18335,287.33472,288.35037,2010
Uganda,Bududa,289.1311,287.30518,288.25797,2011
Uganda,Bududa,290.06372,287.17212,288.27985,2012
Uganda,Bududa,289.6184,287.09473,288.08435,2013
Uganda,Bududa,289.2151,286.92163,288.13766,2014
Uganda,Bududa,290.35938,287.80762,288.59357,2015
Uganda,Bududa,290.8694,287.67456,288.84366,2016
Uganda,Bududa,289.93237,287.32007,288.63025,2017
Uganda,Bududa,290.82446,287.28784,288.77606,2018
Uganda,Bududa,290.82446,287.28784,288.77606,2019
Uganda,Bududa,289.40625,287.37988,288.38068,2020
Uganda,Bugiri,295.8855,293.85303,294.81467,2001
Uganda,Bugiri,296.98926,294.72168,295.25482,2002
Uganda,Bugiri,296.4431,294.05054,295.2088,2003
Uganda,Bugiri,296.49,294.3645,295.24832,2004
Uganda,Bugiri,297.33496,294.28857,295.65073,2005
Uganda,Bugiri,297.42017,294.59058,295.33823,2006
Uganda,Bugiri,295.86157,294.1316,295.10324,2007
Uganda,Bugiri,295.84277,293.91162,295.0189,2008
Uganda,Bugiri,296.61328,294.70142,295.40988,2009
Uganda,Bugiri,296.19702,294.67456,295.41776,2010
Uganda,Bugiri,296.12427,294.53564,295.2368,2011
Uganda,Bugiri,297.1985,294.2444,295.3062,2012
Uganda,Bugiri,296.38574,294.4502,295.19144,2013
Uganda,Bugiri,296.61743,294.34546,295.41486,2014
Uganda,Bugiri,297.84375,294.917,295.70914,2015
Uganda,Bugiri,297.7815,295.14355,296.06906,2016
Uganda,Bugiri,297.64917,294.7693,295.94324,2017
Uganda,Bugiri,297.41235,294.64844,295.69583,2018
Uganda,Bugiri,297.41235,294.64844,295.69583,2019
Uganda,Bugiri,296.54102,294.5713,295.41354,2020
Uganda,Buhweju,292.74487,291.69922,292.22775,2001
Uganda,Buhweju,293.6045,291.86133,292.64285,2002
Uganda,Buhweju,294.4568,292.30737,293.03693,2003
Uganda,Buhweju,294.1853,292.55103,293.3027,2004
Uganda,Buhweju,295.3584,292.5708,293.38333,2005
Uganda,Buhweju,294.27954,292.0088,293.1436,2006
Uganda,Buhweju,293.88892,292.08105,292.82623,2007
Uganda,Buhweju,293.14038,292.09155,292.60516,2008
Uganda,Buhweju,294.08008,292.35742,293.18106,2009
Uganda,Buhweju,294.1726,292.59058,293.339,2010
Uganda,Buhweju,294.15942,292.13916,292.93716,2011
Uganda,Buhweju,294.6245,292.4834,293.1721,2012
Uganda,Buhweju,294.1338,292.33496,293.31516,2013
Uganda,Buhweju,294.33032,292.5088,293.45294,2014
Uganda,Buhweju,294.438,292.50098,293.5397,2015
Uganda,Buhweju,295.0979,293.05957,294.01242,2016
Uganda,Buhweju,294.93823,292.81738,293.78146,2017
Uganda,Buhweju,295.17993,292.76538,293.80795,2018
Uganda,Buhweju,295.17993,292.76538,293.80795,2019
Uganda,Buhweju,294.47852,292.74634,293.79636,2020
Uganda,Buikwe,295.45972,293.5503,294.42337,2001
Uganda,Buikwe,296.24316,294.20337,294.78787,2002
Uganda,Buikwe,296.17163,293.61304,294.8571,2003
Uganda,Buikwe,296.18726,293.74927,294.9264,2004
Uganda,Buikwe,296.78027,293.88037,295.16702,2005
Uganda,Buikwe,296.3069,294.12964,294.8602,2006
Uganda,Buikwe,295.94165,293.87573,294.8884,2007
Uganda,Buikwe,295.4209,293.57764,294.66458,2008
Uganda,Buikwe,296.3086,294.32642,295.0751,2009
Uganda,Buikwe,295.86108,294.2527,295.0636,2010
Uganda,Buikwe,295.64966,294.18604,294.82956,2011
Uganda,Buikwe,296.23193,293.9768,294.91998,2012
Uganda,Buikwe,296.10645,294.12988,294.8661,2013
Uganda,Buikwe,296.47485,293.865,295.07858,2014
Uganda,Buikwe,296.82812,294.65918,295.28595,2015
Uganda,Buikwe,297.58813,294.80347,295.78033,2016
Uganda,Buikwe,296.37378,294.54858,295.49612,2017
Uganda,Buikwe,296.68774,294.35156,295.28226,2018
Uganda,Buikwe,296.68774,294.35156,295.28226,2019
Uganda,Buikwe,296.3828,294.51855,295.1922,2020
Burundi,Bujumbura Mairie,292.14746,290.64453,291.55295,2001
Burundi,Bujumbura Mairie,292.98877,291.3955,291.9218,2002
Burundi,Bujumbura Mairie,292.89233,290.4978,292.0125,2003
Burundi,Bujumbura Mairie,292.8025,290.9192,291.8655,2004
Burundi,Bujumbura Mairie,293.8955,291.146,292.26727,2005
Burundi,Bujumbura Mairie,293.2688,291.18628,291.9245,2006
Burundi,Bujumbura Mairie,292.70142,290.8501,291.9755,2007
Burundi,Bujumbura Mairie,292.7373,290.53857,291.7072,2008
Burundi,Bujumbura Mairie,293.03564,291.1604,292.12408,2009
Burundi,Bujumbura Mairie,293.1814,291.4851,292.6572,2010
Burundi,Bujumbura Mairie,292.34497,291.531,291.98892,2011
Burundi,Bujumbura Mairie,292.9026,291.2202,292.02188,2012
Burundi,Bujumbura Mairie,293.14795,291.48193,292.2533,2013
Burundi,Bujumbura Mairie,292.6372,291.85742,292.32404,2014
Burundi,Bujumbura Mairie,293.65308,292.04077,292.62057,2015
Burundi,Bujumbura Mairie,293.83618,291.70093,292.88712,2016
Burundi,Bujumbura Mairie,293.2744,292.0232,292.51175,2017
Burundi,Bujumbura Mairie,293.20142,291.81055,292.64047,2018
Burundi,Bujumbura Mairie,293.20142,291.81055,292.64047,2019
Burundi,Bujumbura Mairie,293.45703,291.58496,292.88068,2020
Burundi,Bujumbura Rural,292.14746,290.64453,291.55295,2001
Burundi,Bujumbura Rural,292.98877,291.3955,291.9218,2002
Burundi,Bujumbura Rural,292.89233,290.4978,292.0125,2003
Burundi,Bujumbura Rural,292.8025,290.9192,291.8655,2004
Burundi,Bujumbura Rural,293.8955,291.146,292.26727,2005
Burundi,Bujumbura Rural,293.2688,291.18628,291.9245,2006
Burundi,Bujumbura Rural,292.70142,290.8501,291.9755,2007
Burundi,Bujumbura Rural,292.7373,290.53857,291.7072,2008
Burundi,Bujumbura Rural,293.03564,291.1604,292.12408,2009
Burundi,Bujumbura Rural,293.1814,291.4851,292.6572,2010
Burundi,Bujumbura Rural,292.34497,291.531,291.98892,2011
Burundi,Bujumbura Rural,292.9026,291.2202,292.02188,2012
Burundi,Bujumbura Rural,293.14795,291.48193,292.2533,2013
Burundi,Bujumbura Rural,292.6372,291.85742,292.32404,2014
Burundi,Bujumbura Rural,293.65308,292.04077,292.62057,2015
Burundi,Bujumbura Rural,293.83618,291.70093,292.88712,2016
Burundi,Bujumbura Rural,293.2744,292.0232,292.51175,2017
Burundi,Bujumbura Rural,293.20142,291.81055,292.64047,2018
Burundi,Bujumbura Rural,293.20142,291.81055,292.64047,2019
Burundi,Bujumbura Rural,293.45703,291.58496,292.88068,2020
Uganda,Bukedea,299.72217,296.00977,297.58127,2001
Uganda,Bukedea,300.87988,296.97192,298.46805,2002
Uganda,Bukedea,300.6931,295.64233,298.1945,2003
Uganda,Bukedea,300.44702,296.96606,298.33948,2004
Uganda,Bukedea,301.333,296.50732,298.6208,2005
Uganda,Bukedea,300.57642,296.29175,298.02948,2006
Uganda,Bukedea,299.77368,295.83276,298.03375,2007
Uganda,Bukedea,299.66113,296.146,297.7435,2008
Uganda,Bukedea,301.04492,297.45728,298.77432,2009
Uganda,Bukedea,299.39648,296.18042,297.77518,2010
Uganda,Bukedea,299.78052,296.21924,297.8084,2011
Uganda,Bukedea,300.5796,296.01587,297.69034,2012
Uganda,Bukedea,300.1123,296.09082,297.93283,2013
Uganda,Bukedea,300.08618,296.50952,298.29947,2014
Uganda,Bukedea,301.04102,296.48022,298.3535,2015
Uganda,Bukedea,301.7893,297.37012,299.07053,2016
Uganda,Bukedea,300.9187,296.6931,298.9097,2017
Uganda,Bukedea,301.29907,296.3125,298.28094,2018
Uganda,Bukedea,301.29907,296.3125,298.28094,2019
Uganda,Bukedea,299.60132,295.78613,297.25925,2020
Uganda,Bukomansimbi,294.77026,292.76953,293.80618,2001
Uganda,Bukomansimbi,296.40137,293.8557,294.43143,2002
Uganda,Bukomansimbi,297.5642,293.8523,295.01968,2003
Uganda,Bukomansimbi,296.86108,294.3313,295.21692,2004
Uganda,Bukomansimbi,297.66504,294.25537,295.25604,2005
Uganda,Bukomansimbi,297.02563,294.15137,295.13657,2006
Uganda,Bukomansimbi,296.40454,293.87378,295.14816,2007
Uganda,Bukomansimbi,295.89624,294.0669,294.59637,2008
Uganda,Bukomansimbi,297.00977,294.10596,295.45236,2009
Uganda,Bukomansimbi,295.8982,294.45386,295.0338,2010
Uganda,Bukomansimbi,296.7102,293.80884,294.85806,2011
Uganda,Bukomansimbi,297.2085,293.95215,295.06046,2012
Uganda,Bukomansimbi,296.8037,294.21118,295.22775,2013
Uganda,Bukomansimbi,297.6819,294.19824,295.54294,2014
Uganda,Bukomansimbi,297.13525,294.333,295.72165,2015
Uganda,Bukomansimbi,298.31567,294.95215,296.03702,2016
Uganda,Bukomansimbi,297.69214,294.87915,295.96634,2017
Uganda,Bukomansimbi,297.5647,294.6892,295.60062,2018
Uganda,Bukomansimbi,297.5647,294.6892,295.60062,2019
Uganda,Bukomansimbi,296.85718,294.58813,295.6297,2020
Uganda,Bukwo,297.26245,292.40356,295.0798,2001
Uganda,Bukwo,297.7705,294.17603,296.21347,2002
Uganda,Bukwo,298.1521,292.37793,295.59323,2003
Uganda,Bukwo,298.47632,293.27246,295.81018,2004
Uganda,Bukwo,298.37085,293.26685,295.8983,2005
Uganda,Bukwo,297.73657,293.1101,295.57993,2006
Uganda,Bukwo,297.21313,292.4773,295.23053,2007
Uganda,Bukwo,297.23535,293.47803,295.63626,2008
Uganda,Bukwo,298.16602,295.55298,296.794,2009
Uganda,Bukwo,297.34546,292.95386,295.4757,2010
Uganda,Bukwo,297.5276,292.91846,295.47427,2011
Uganda,Bukwo,297.76123,292.95972,295.14655,2012
Uganda,Bukwo,297.43677,292.37793,294.96585,2013
Uganda,Bukwo,297.30005,292.85718,295.43863,2014
Uganda,Bukwo,297.9004,294.38843,296.2477,2015
Uganda,Bukwo,299.24048,293.53882,296.38385,2016
Uganda,Bukwo,298.22876,293.41968,295.80798,2017
Uganda,Bukwo,298.62256,293.1062,295.79755,2018
Uganda,Bukwo,298.62256,293.1062,295.79755,2019
Uganda,Bukwo,297.38696,292.8252,295.14728,2020
Uganda,Bulambuli,297.5808,293.88208,295.6926,2001
Uganda,Bulambuli,299.00293,295.0393,296.83994,2002
Uganda,Bulambuli,299.14038,293.63257,296.45245,2003
Uganda,Bulambuli,299.04077,294.31738,296.34485,2004
Uganda,Bulambuli,299.44238,294.146,296.6639,2005
Uganda,Bulambuli,298.67603,294.11206,295.97333,2006
Uganda,Bulambuli,297.83423,293.489,295.877,2007
Uganda,Bulambuli,298.0088,294.19873,296.1286,2008
Uganda,Bulambuli,299.07617,295.7151,297.23868,2009
Uganda,Bulambuli,297.6892,294.02808,295.8582,2010
Uganda,Bulambuli,298.13013,294.2173,296.05807,2011
Uganda,Bulambuli,298.85693,294.3152,295.8692,2012
Uganda,Bulambuli,298.06738,293.87012,295.9242,2013
Uganda,Bulambuli,297.9314,294.0271,296.04263,2014
Uganda,Bulambuli,299.14844,295.031,296.76642,2015
Uganda,Bulambuli,299.97876,295.0105,297.15128,2016
Uganda,Bulambuli,298.87134,294.74292,296.8469,2017
Uganda,Bulambuli,299.44922,294.22144,296.37503,2018
Uganda,Bulambuli,299.44922,294.22144,296.37503,2019
Uganda,Bulambuli,297.45898,293.75684,295.40656,2020
Zimbabwe,Bulawayo,296.8684,286.24365,292.74646,2001
Zimbabwe,Bulawayo,297.54785,287.23535,293.69998,2002
Zimbabwe,Bulawayo,297.86084,286.61694,293.51886,2003
Zimbabwe,Bulawayo,298.54907,287.06177,292.9326,2004
Zimbabwe,Bulawayo,297.82324,287.8452,294.15286,2005
Zimbabwe,Bulawayo,297.3352,287.31006,292.83026,2006
Zimbabwe,Bulawayo,296.86572,287.0984,293.1646,2007
Zimbabwe,Bulawayo,297.6306,288.15845,293.09134,2008
Zimbabwe,Bulawayo,296.6023,286.50806,292.72238,2009
Zimbabwe,Bulawayo,298.46265,287.4646,293.71072,2010
Zimbabwe,Bulawayo,297.67017,286.7107,293.25748,2011
Zimbabwe,Bulawayo,297.15845,288.08032,293.8399,2012
Zimbabwe,Bulawayo,297.44043,288.23193,293.77283,2013
Zimbabwe,Bulawayo,297.09253,287.81445,293.13165,2014
Zimbabwe,Bulawayo,298.35645,288.26343,294.18048,2015
Zimbabwe,Bulawayo,298.64404,287.98804,294.2276,2016
Zimbabwe,Bulawayo,296.167,288.0193,292.90793,2017
Zimbabwe,Bulawayo,298.5337,288.3672,294.4857,2018
Zimbabwe,Bulawayo,298.5337,288.3672,294.4857,2019
Zimbabwe,Bulawayo,297.64478,287.1787,293.43668,2020
Uganda,Buliisa,299.85815,296.89453,297.8796,2001
Uganda,Buliisa,300.89355,297.16992,298.22195,2002
Uganda,Buliisa,300.40796,296.92163,298.09293,2003
Uganda,Buliisa,300.82593,297.4016,298.50223,2004
Uganda,Buliisa,301.8584,297.3589,298.79886,2005
Uganda,Buliisa,301.11157,296.96973,298.21683,2006
Uganda,Buliisa,299.47876,296.87378,298.10666,2007
Uganda,Buliisa,298.9541,296.72998,297.862,2008
Uganda,Buliisa,300.14062,297.75464,298.4091,2009
Uganda,Buliisa,299.3943,297.3601,298.1782,2010
Uganda,Buliisa,300.2727,297.2505,298.21402,2011
Uganda,Buliisa,301.6577,297.1018,298.4467,2012
Uganda,Buliisa,300.3545,297.27832,298.29465,2013
Uganda,Buliisa,301.46118,297.3025,298.69498,2014
Uganda,Buliisa,301.48682,297.65137,298.90494,2015
Uganda,Buliisa,301.7727,298.0525,299.27188,2016
Uganda,Buliisa,301.09058,297.75366,299.11234,2017
Uganda,Buliisa,301.6565,297.1189,298.77493,2018
Uganda,Buliisa,301.6565,297.1189,298.77493,2019
Uganda,Buliisa,299.6504,297.43457,298.49332,2020
Uganda,Bundibugyo,297.41284,295.4441,296.17972,2001
Uganda,Bundibugyo,298.55566,295.36914,296.72064,2002
Uganda,Bundibugyo,298.96655,295.52637,296.74884,2003
Uganda,Bundibugyo,298.51343,295.79736,296.98465,2004
Uganda,Bundibugyo,299.87793,295.74902,297.2305,2005
Uganda,Bundibugyo,298.1936,295.33105,296.65756,2006
Uganda,Bundibugyo,298.43384,295.4226,296.7463,2007
Uganda,Bundibugyo,297.49585,295.2732,296.36234,2008
Uganda,Bundibugyo,298.7129,296.1062,297.16754,2009
Uganda,Bundibugyo,298.25122,296.18677,297.13538,2010
Uganda,Bundibugyo,298.40942,295.58252,296.82175,2011
Uganda,Bundibugyo,299.0796,295.29712,296.74014,2012
Uganda,Bundibugyo,298.07324,295.4619,296.8389,2013
Uganda,Bundibugyo,299.30493,295.45483,297.1678,2014
Uganda,Bundibugyo,299.18213,295.9248,297.21646,2015
Uganda,Bundibugyo,300.40356,296.54468,297.92032,2016
Uganda,Bundibugyo,299.5808,295.91968,297.55164,2017
Uganda,Bundibugyo,299.469,295.9724,297.40106,2018
Uganda,Bundibugyo,299.469,295.9724,297.40106,2019
Uganda,Bundibugyo,299.2461,295.59424,297.37433,2020
Burundi,Bururi,292.14746,290.64453,291.55295,2001
Burundi,Bururi,292.98877,291.3955,291.9218,2002
Burundi,Bururi,292.89233,290.4978,292.0125,2003
Burundi,Bururi,292.8025,290.9192,291.8655,2004
Burundi,Bururi,293.8955,291.146,292.26727,2005
Burundi,Bururi,293.2688,291.18628,291.9245,2006
Burundi,Bururi,292.70142,290.8501,291.9755,2007
Burundi,Bururi,292.7373,290.53857,291.7072,2008
Burundi,Bururi,293.03564,291.1604,292.12408,2009
Burundi,Bururi,293.1814,291.4851,292.6572,2010
Burundi,Bururi,292.34497,291.531,291.98892,2011
Burundi,Bururi,292.9026,291.2202,292.02188,2012
Burundi,Bururi,293.14795,291.48193,292.2533,2013
Burundi,Bururi,292.6372,291.85742,292.32404,2014
Burundi,Bururi,293.65308,292.04077,292.62057,2015
Burundi,Bururi,293.83618,291.70093,292.88712,2016
Burundi,Bururi,293.2744,292.0232,292.51175,2017
Burundi,Bururi,293.20142,291.81055,292.64047,2018
Burundi,Bururi,293.20142,291.81055,292.64047,2019
Burundi,Bururi,293.45703,291.58496,292.88068,2020
Uganda,Bushenyi,294.9851,293.7588,294.21716,2001
Uganda,Bushenyi,295.917,293.6582,294.66107,2002
Uganda,Bushenyi,296.25757,294.2649,294.95538,2003
Uganda,Bushenyi,296.14233,294.39087,295.13992,2004
Uganda,Bushenyi,297.0205,294.52783,295.2873,2005
Uganda,Bushenyi,296.11353,293.7705,294.9289,2006
Uganda,Bushenyi,295.89087,293.87793,294.65842,2007
Uganda,Bushenyi,294.8318,294.06934,294.48715,2008
Uganda,Bushenyi,295.7141,294.27148,295.0341,2009
Uganda,Bushenyi,296.58472,294.41284,295.3307,2010
Uganda,Bushenyi,295.90552,293.93604,294.66324,2011
Uganda,Bushenyi,296.14014,294.219,294.82248,2012
Uganda,Bushenyi,296.1006,294.21777,295.0736,2013
Uganda,Bushenyi,296.5276,294.47534,295.4658,2014
Uganda,Bushenyi,296.7671,294.2754,295.4648,2015
Uganda,Bushenyi,296.9934,294.68652,295.85245,2016
Uganda,Bushenyi,296.5984,294.49707,295.54642,2017
Uganda,Bushenyi,296.7444,294.41382,295.50473,2018
Uganda,Bushenyi,296.7444,294.41382,295.50473,2019
Uganda,Bushenyi,296.3291,294.48462,295.67462,2020
Uganda,Busia,295.8855,293.85303,294.81467,2001
Uganda,Busia,296.98926,294.72168,295.25482,2002
Uganda,Busia,296.4431,294.05054,295.2088,2003
Uganda,Busia,296.49,294.3645,295.24832,2004
Uganda,Busia,297.33496,294.28857,295.65073,2005
Uganda,Busia,297.42017,294.59058,295.33823,2006
Uganda,Busia,295.86157,294.1316,295.10324,2007
Uganda,Busia,295.84277,293.91162,295.0189,2008
Uganda,Busia,296.61328,294.70142,295.40988,2009
Uganda,Busia,296.19702,294.67456,295.41776,2010
Uganda,Busia,296.12427,294.53564,295.2368,2011
Uganda,Busia,297.1985,294.2444,295.3062,2012
Uganda,Busia,296.38574,294.4502,295.19144,2013
Uganda,Busia,296.61743,294.34546,295.41486,2014
Uganda,Busia,297.84375,294.917,295.70914,2015
Uganda,Busia,297.7815,295.14355,296.06906,2016
Uganda,Busia,297.64917,294.7693,295.94324,2017
Uganda,Busia,297.41235,294.64844,295.69583,2018
Uganda,Busia,297.41235,294.64844,295.69583,2019
Uganda,Busia,296.54102,294.5713,295.41354,2020
Uganda,Butaleja,297.09448,294.79688,295.86917,2001
Uganda,Butaleja,298.82715,295.47363,296.32156,2002
Uganda,Butaleja,298.17944,295.15405,296.4344,2003
Uganda,Butaleja,298.615,295.4851,296.5898,2004
Uganda,Butaleja,299.59082,295.4077,297.15042,2005
Uganda,Butaleja,298.8225,295.31445,296.30487,2006
Uganda,Butaleja,297.4536,295.00073,296.12003,2007
Uganda,Butaleja,297.60254,294.88818,296.0591,2008
Uganda,Butaleja,298.7793,295.50928,296.59885,2009
Uganda,Butaleja,297.03516,295.30737,296.1948,2010
Uganda,Butaleja,297.88403,295.5354,296.34323,2011
Uganda,Butaleja,298.2827,295.40186,296.246,2012
Uganda,Butaleja,298.3584,295.47168,296.42664,2013
Uganda,Butaleja,298.6858,295.69507,296.7607,2014
Uganda,Butaleja,298.41602,295.5957,296.4189,2015
Uganda,Butaleja,298.8518,295.68262,297.0129,2016
Uganda,Butaleja,298.83667,296.18726,297.28128,2017
Uganda,Butaleja,299.35767,295.31445,296.76547,2018
Uganda,Butaleja,299.35767,295.31445,296.76547,2019
Uganda,Butaleja,296.72046,295.333,295.87643,2020
Uganda,Butambala,295.06714,293.66602,294.41345,2001
Uganda,Butambala,295.90723,294.45117,294.83505,2002
Uganda,Butambala,296.91577,294.26074,295.18048,2003
Uganda,Butambala,296.49194,294.7141,295.4067,2004
Uganda,Butambala,297.47168,294.84717,295.68475,2005
Uganda,Butambala,296.70532,294.47168,295.1937,2006
Uganda,Butambala,296.4807,294.33667,295.41623,2007
Uganda,Butambala,295.94116,294.40405,295.14227,2008
Uganda,Butambala,296.78125,294.93604,295.47922,2009
Uganda,Butambala,296.1892,294.60815,295.22034,2010
Uganda,Butambala,296.09106,294.385,294.936,2011
Uganda,Butambala,296.66235,294.30493,295.1664,2012
Uganda,Butambala,296.60645,294.7256,295.41605,2013
Uganda,Butambala,297.22876,294.73608,295.54196,2014
Uganda,Butambala,297.01465,294.67676,295.71808,2015
Uganda,Butambala,297.8479,295.52954,296.1646,2016
Uganda,Butambala,297.2234,295.14673,295.9893,2017
Uganda,Butambala,297.1643,294.8689,295.62567,2018
Uganda,Butambala,297.1643,294.8689,295.62567,2019
Uganda,Butambala,296.89453,294.97485,295.6647,2020
Lesotho,Butha Buthe,291.20044,278.2046,285.738,2001
Lesotho,Butha Buthe,290.56934,278.19116,285.91708,2002
Lesotho,Butha Buthe,292.07983,278.45605,286.66745,2003
Lesotho,Butha Buthe,291.85376,277.96997,286.33865,2004
Lesotho,Butha Buthe,291.36914,280.25928,286.45346,2005
Lesotho,Butha Buthe,291.37085,278.5913,285.67825,2006
Lesotho,Butha Buthe,292.12158,279.38745,286.53458,2007
Lesotho,Butha Buthe,291.70093,279.1831,286.29477,2008
Lesotho,Butha Buthe,291.9375,277.48657,286.1021,2009
Lesotho,Butha Buthe,291.53882,279.29272,286.82468,2010
Lesotho,Butha Buthe,290.84033,276.8435,285.8398,2011
Lesotho,Butha Buthe,292.1975,279.15576,286.42178,2012
Lesotho,Butha Buthe,292.00146,280.35986,286.63205,2013
Lesotho,Butha Buthe,292.28882,279.0293,286.82257,2014
Lesotho,Butha Buthe,294.86182,279.656,287.96255,2015
Lesotho,Butha Buthe,292.5061,279.63257,287.38272,2016
Lesotho,Butha Buthe,291.24487,281.2002,286.8972,2017
Lesotho,Butha Buthe,292.89795,280.6211,287.85516,2018
Lesotho,Butha Buthe,292.89795,280.6211,287.85516,2019
Lesotho,Butha Buthe,291.8474,279.3308,286.67966,2020
Uganda,Buvuma,296.92358,295.70825,296.40726,2001
Uganda,Buvuma,297.6963,295.95703,296.72992,2002
Uganda,Buvuma,298.25366,296.17554,296.92838,2003
Uganda,Buvuma,297.89038,296.12622,296.7296,2004
Uganda,Buvuma,298.89355,296.1184,297.09442,2005
Uganda,Buvuma,297.83228,295.34277,296.57083,2006
Uganda,Buvuma,297.64673,296.06128,296.69406,2007
Uganda,Buvuma,297.03882,296.03076,296.58856,2008
Uganda,Buvuma,297.75586,295.94336,296.8342,2009
Uganda,Buvuma,297.49194,296.24292,296.8818,2010
Uganda,Buvuma,297.60864,295.42212,296.45554,2011
Uganda,Buvuma,297.83228,295.98364,296.5956,2012
Uganda,Buvuma,297.78613,296.1006,296.74417,2013
Uganda,Buvuma,297.64868,295.89624,296.81705,2014
Uganda,Buvuma,298.23486,295.73535,297.07028,2015
Uganda,Buvuma,298.93774,296.6482,297.4356,2016
Uganda,Buvuma,298.23315,296.3369,297.17288,2017
Uganda,Buvuma,298.5354,295.89233,296.97836,2018
Uganda,Buvuma,298.5354,295.89233,296.97836,2019
Uganda,Buvuma,297.42188,296.04126,296.73322,2020
Uganda,Buyende,298.3269,296.12842,297.00394,2001
Uganda,Buyende,299.3584,296.70508,297.3575,2002
Uganda,Buyende,299.47046,296.06616,297.52164,2003
Uganda,Buyende,299.07788,296.37817,297.42883,2004
Uganda,Buyende,300.15137,296.3335,297.7842,2005
Uganda,Buyende,299.21704,296.2705,297.24057,2006
Uganda,Buyende,298.61157,296.08862,297.37994,2007
Uganda,Buyende,298.5232,296.06982,297.29642,2008
Uganda,Buyende,299.26367,296.7815,297.6547,2009
Uganda,Buyende,298.58398,296.65503,297.49606,2010
Uganda,Buyende,299.0227,296.32666,297.3019,2011
Uganda,Buyende,299.80493,296.29907,297.4924,2012
Uganda,Buyende,299.32324,296.3291,297.47562,2013
Uganda,Buyende,299.62134,296.4021,297.7407,2014
Uganda,Buyende,300.313,296.66113,297.96677,2015
Uganda,Buyende,300.60962,297.13257,298.4322,2016
Uganda,Buyende,299.65308,296.69702,298.01126,2017
Uganda,Buyende,300.03735,296.17944,297.7126,2018
Uganda,Buyende,300.03735,296.17944,297.7126,2019
Uganda,Buyende,298.85742,296.37988,297.44122,2020
Angola,Cabinda,297.9702,294.12622,296.58273,2001
Angola,Cabinda,298.30908,294.79077,297.03525,2002
Angola,Cabinda,298.4939,295.22754,297.28513,2003
Angola,Cabinda,298.48218,294.31958,296.9928,2004
Angola,Cabinda,299.01465,294.39795,297.14407,2005
Angola,Cabinda,298.49292,294.59253,297.07538,2006
Angola,Cabinda,298.6682,294.5769,297.28,2007
Angola,Cabinda,298.3584,294.55225,297.1867,2008
Angola,Cabinda,298.9297,294.3694,297.22873,2009
Angola,Cabinda,299.3567,294.76245,297.51852,2010
Angola,Cabinda,298.73267,294.5857,297.22018,2011
Angola,Cabinda,298.61768,294.76,297.2756,2012
Angola,Cabinda,298.93872,294.14795,297.27414,2013
Angola,Cabinda,298.60962,293.89258,297.2438,2014
Angola,Cabinda,298.79297,295.03857,297.42447,2015
Angola,Cabinda,299.52954,295.09546,297.88693,2016
Angola,Cabinda,299.02173,294.94702,297.49548,2017
Angola,Cabinda,299.47998,295.5652,297.85648,2018
Angola,Cabinda,299.47998,295.5652,297.85648,2019
Angola,Cabinda,299.45337,295.58496,297.90134,2020
Mozambique,Cabo Delgado,300.896,296.5952,298.92404,2001
Mozambique,Cabo Delgado,300.9353,296.95215,298.98642,2002
Mozambique,Cabo Delgado,301.25024,296.6963,299.26773,2003
Mozambique,Cabo Delgado,300.79492,296.2024,298.9137,2004
Mozambique,Cabo Delgado,301.31128,296.5249,299.14438,2005
Mozambique,Cabo Delgado,300.9475,296.198,298.8983,2006
Mozambique,Cabo Delgado,301.0122,296.52808,299.11334,2007
Mozambique,Cabo Delgado,300.563,296.19092,298.72055,2008
Mozambique,Cabo Delgado,301.44214,296.48657,299.1895,2009
Mozambique,Cabo Delgado,301.30933,296.5476,299.2366,2010
Mozambique,Cabo Delgado,301.09473,296.5681,299.055,2011
Mozambique,Cabo Delgado,301.00708,296.67017,298.99356,2012
Mozambique,Cabo Delgado,300.9956,296.62256,299.09265,2013
Mozambique,Cabo Delgado,301.34375,296.91992,299.0485,2014
Mozambique,Cabo Delgado,301.59424,297.12598,299.3273,2015
Mozambique,Cabo Delgado,301.64673,296.74976,299.25723,2016
Mozambique,Cabo Delgado,301.27612,297.18823,299.28812,2017
Mozambique,Cabo Delgado,301.05127,297.08008,299.47284,2018
Mozambique,Cabo Delgado,301.05127,297.08008,299.47284,2019
Mozambique,Cabo Delgado,301.48267,296.87012,299.47995,2020
Guinea-Bissau,Cacheu,301.27246,298.41724,299.47464,2001
Guinea-Bissau,Cacheu,301.4414,297.69775,299.48367,2002
Guinea-Bissau,Cacheu,301.05005,297.4392,299.21808,2003
Guinea-Bissau,Cacheu,301.20142,298.01538,299.3616,2004
Guinea-Bissau,Cacheu,301.4419,298.09082,299.72968,2005
Guinea-Bissau,Cacheu,301.76855,298.11987,299.51498,2006
Guinea-Bissau,Cacheu,301.33887,298.26782,299.4042,2007
Guinea-Bissau,Cacheu,301.41064,298.167,299.487,2008
Guinea-Bissau,Cacheu,301.26807,296.8584,299.07687,2009
Guinea-Bissau,Cacheu,301.42578,298.57788,299.76706,2010
Guinea-Bissau,Cacheu,301.2932,298.07715,299.3779,2011
Guinea-Bissau,Cacheu,301.22485,297.81958,299.16266,2012
Guinea-Bissau,Cacheu,300.83496,297.92578,299.35013,2013
Guinea-Bissau,Cacheu,300.98315,297.51196,299.18454,2014
Guinea-Bissau,Cacheu,301.44824,297.73535,299.34958,2015
Guinea-Bissau,Cacheu,301.458,298.29517,299.58502,2016
Guinea-Bissau,Cacheu,301.3291,298.07324,299.61838,2017
Guinea-Bissau,Cacheu,301.78564,298.45728,299.63153,2018
Guinea-Bissau,Cacheu,301.78564,298.45728,299.63153,2019
Guinea-Bissau,Cacheu,301.89673,298.531,299.97427,2020
Egypt,Cairo,301.8235,286.42896,294.53372,2001
Egypt,Cairo,302.9353,284.2998,294.6077,2002
Egypt,Cairo,301.36816,286.3181,294.43063,2003
Egypt,Cairo,301.4973,286.17188,294.37772,2004
Egypt,Cairo,301.60083,286.68945,294.29462,2005
Egypt,Cairo,301.9148,285.9651,294.32294,2006
Egypt,Cairo,301.99097,285.6194,294.61124,2007
Egypt,Cairo,302.57397,284.65137,295.0666,2008
Egypt,Cairo,302.63696,287.74292,295.14752,2009
Egypt,Cairo,303.19995,288.91016,296.21237,2010
Egypt,Cairo,301.79272,286.6084,294.27,2011
Egypt,Cairo,302.70923,284.9436,294.9042,2012
Egypt,Cairo,301.73145,286.81396,294.91165,2013
Egypt,Cairo,302.23022,287.50757,295.2731,2014
Egypt,Cairo,303.64014,286.24316,295.08868,2015
Egypt,Cairo,302.97754,285.6526,295.69244,2016
Egypt,Cairo,303.41968,285.5105,295.08777,2017
Egypt,Cairo,302.8523,285.73584,295.2492,2018
Egypt,Cairo,302.8523,285.73584,295.2492,2019
Egypt,Cairo,302.3623,285.65405,295.11813,2020
Burundi,Cankuzo,293.71948,291.93286,292.801,2001
Burundi,Cankuzo,295.49658,292.28564,293.4057,2002
Burundi,Cankuzo,294.99878,292.82422,293.54733,2003
Burundi,Cankuzo,295.15527,292.66724,293.5504,2004
Burundi,Cankuzo,295.39722,292.76807,293.7637,2005
Burundi,Cankuzo,295.36646,292.12402,293.41702,2006
Burundi,Cankuzo,294.43042,292.52002,293.43253,2007
Burundi,Cankuzo,295.20605,292.24707,293.2702,2008
Burundi,Cankuzo,295.52002,292.7129,293.5759,2009
Burundi,Cankuzo,295.74878,292.89917,294.04276,2010
Burundi,Cankuzo,294.28174,292.469,293.24054,2011
Burundi,Cankuzo,294.32886,292.63574,293.32217,2012
Burundi,Cankuzo,294.9541,292.73193,293.64084,2013
Burundi,Cankuzo,294.6306,293.0183,293.6398,2014
Burundi,Cankuzo,295.89014,293.11914,294.09503,2015
Burundi,Cankuzo,295.886,293.24707,294.41837,2016
Burundi,Cankuzo,295.39038,293.1936,294.08176,2017
Burundi,Cankuzo,295.71362,293.2036,294.05356,2018
Burundi,Cankuzo,295.71362,293.2036,294.05356,2019
Burundi,Cankuzo,296.26074,293.59204,294.5047,2020
Namibia,Caprivi,300.2119,289.34326,296.0321,2001
Namibia,Caprivi,300.0835,291.49902,297.05576,2002
Namibia,Caprivi,300.88013,290.35327,296.79865,2003
Namibia,Caprivi,301.14868,289.86255,296.02844,2004
Namibia,Caprivi,302.458,290.88037,297.1369,2005
Namibia,Caprivi,300.78638,290.2124,295.51547,2006
Namibia,Caprivi,300.92798,290.14136,295.97726,2007
Namibia,Caprivi,301.8806,290.4143,295.51303,2008
Namibia,Caprivi,300.74878,289.4026,295.62213,2009
Namibia,Caprivi,302.2224,290.34155,296.4469,2010
Namibia,Caprivi,300.74048,289.781,295.92868,2011
Namibia,Caprivi,301.66797,290.35376,296.14948,2012
Namibia,Caprivi,301.21265,291.40186,296.4343,2013
Namibia,Caprivi,301.57666,291.06836,296.3649,2014
Namibia,Caprivi,302.94434,291.9724,297.4344,2015
Namibia,Caprivi,303.4038,291.15405,297.13092,2016
Namibia,Caprivi,300.79395,291.59155,296.14133,2017
Namibia,Caprivi,302.08374,291.0078,297.18378,2018
Namibia,Caprivi,302.08374,291.0078,297.18378,2019
Namibia,Caprivi,302.14746,290.28027,296.25992,2020
Burkina Faso,Cascades,303.05615,297.67114,299.75412,2001
Burkina Faso,Cascades,303.82495,297.97485,300.0784,2002
Burkina Faso,Cascades,303.48828,297.65918,300.05875,2003
Burkina Faso,Cascades,302.29663,297.80786,300.0991,2004
Burkina Faso,Cascades,304.51343,297.7356,300.4647,2005
Burkina Faso,Cascades,303.6648,297.5818,299.9035,2006
Burkina Faso,Cascades,303.57056,297.25464,300.0567,2007
Burkina Faso,Cascades,303.11572,296.59473,299.7697,2008
Burkina Faso,Cascades,303.8496,297.5437,300.09885,2009
Burkina Faso,Cascades,304.47192,297.8816,300.27893,2010
Burkina Faso,Cascades,303.58496,297.38135,299.95456,2011
Burkina Faso,Cascades,303.10693,297.58325,299.52902,2012
Burkina Faso,Cascades,303.87622,297.33936,299.9753,2013
Burkina Faso,Cascades,303.6399,298.07788,300.07697,2014
Burkina Faso,Cascades,304.50586,296.57666,300.09048,2015
Burkina Faso,Cascades,304.11743,298.05298,300.33,2016
Burkina Faso,Cascades,303.94165,298.02222,300.231,2017
Burkina Faso,Cascades,304.49365,298.1648,300.20297,2018
Burkina Faso,Cascades,304.49365,298.1648,300.20297,2019
Burkina Faso,Cascades,303.46973,297.74316,300.26364,2020
Botswana,Central,301.5266,288.84717,296.04984,2001
Ghana,Central,302.0808,297.32153,299.20822,2001
Kenya,Central,289.67603,287.5581,288.74402,2001
Zambia,Central,297.9248,290.66357,294.16687,2001
Botswana,Central,301.4287,290.38184,297.41254,2002
Ghana,Central,302.29004,297.41626,299.37445,2002
Kenya,Central,290.09253,288.19556,289.20096,2002
Zambia,Central,298.56982,290.70605,294.28183,2002
Botswana,Central,301.8081,290.1189,297.46564,2003
Ghana,Central,301.71655,298.06348,299.64987,2003
Kenya,Central,290.66016,287.78613,289.1336,2003
Zambia,Central,298.0227,289.9568,294.15543,2003
Botswana,Central,302.36743,289.03247,295.95667,2004
Ghana,Central,301.9353,297.7395,299.55563,2004
Kenya,Central,290.3318,287.81934,288.89743,2004
Zambia,Central,297.57788,290.2644,293.85056,2004
Botswana,Central,301.99902,290.80225,297.5599,2005
Ghana,Central,301.95605,297.50513,299.58792,2005
Kenya,Central,290.7439,287.66162,289.2248,2005
Zambia,Central,298.3369,290.7202,294.72952,2005
Botswana,Central,301.03052,290.10107,295.82327,2006
Ghana,Central,300.96118,298.04175,299.5941,2006
Kenya,Central,290.58667,288.33667,289.39975,2006
Zambia,Central,298.38794,290.60425,294.1299,2006
Botswana,Central,300.4048,289.82495,296.69406,2007
Ghana,Central,302.18774,298.01636,299.61954,2007
Kenya,Central,289.8628,287.7605,288.8591,2007
Zambia,Central,297.3811,290.4441,294.05148,2007
Botswana,Central,301.9431,290.40454,296.2808,2008
Ghana,Central,302.21777,298.2224,299.67953,2008
Kenya,Central,289.89355,288.04834,288.95575,2008
Zambia,Central,298.03882,290.0979,293.78275,2008
Botswana,Central,300.3601,289.25806,295.97305,2009
Ghana,Central,301.11523,298.03345,299.78522,2009
Kenya,Central,290.93164,288.72876,289.63336,2009
Zambia,Central,298.24878,289.59595,293.87424,2009
Botswana,Central,301.95483,289.8943,296.92673,2010
Ghana,Central,302.28882,298.39722,300.1243,2010
Kenya,Central,290.3943,287.9812,289.23596,2010
Zambia,Central,298.97827,290.60034,294.36844,2010
Botswana,Central,301.4651,289.26538,296.70407,2011
Ghana,Central,301.13574,298.063,299.6717,2011
Kenya,Central,290.62134,287.92627,289.19186,2011
Zambia,Central,297.33423,290.58374,294.08136,2011
Botswana,Central,300.9336,290.0901,296.69992,2012
Ghana,Central,301.38818,297.78003,299.56403,2012
Kenya,Central,290.37646,287.64673,288.68854,2012
Zambia,Central,298.7422,290.69946,294.16544,2012
Botswana,Central,300.87598,290.95068,296.95544,2013
Ghana,Central,302.8369,297.87793,299.85422,2013
Kenya,Central,290.48364,287.65527,288.87375,2013
Zambia,Central,298.8916,290.99365,294.69177,2013
Botswana,Central,300.30933,289.93164,296.0742,2014
Ghana,Central,300.90845,297.8806,299.4842,2014
Kenya,Central,290.2942,287.8474,289.08136,2014
Zambia,Central,298.9812,290.99023,294.57224,2014
Botswana,Central,302.3291,290.6267,297.3919,2015
Ghana,Central,301.22852,298.43506,300.013,2015
Kenya,Central,290.57422,289.09473,289.7298,2015
Zambia,Central,299.0713,291.4431,294.58966,2015
Botswana,Central,302.44092,290.54858,297.45108,2016
Ghana,Central,303.2473,298.33472,300.32248,2016
Kenya,Central,291.69946,287.9402,289.47354,2016
Zambia,Central,299.3003,290.6306,294.65778,2016
Botswana,Central,299.94043,290.52515,295.81204,2017
Ghana,Central,302.06543,298.01245,299.96732,2017
Kenya,Central,291.40845,288.4353,289.57278,2017
Zambia,Central,298.7295,291.3435,294.44812,2017
Botswana,Central,301.92163,290.83984,297.45316,2018
Ghana,Central,302.01782,298.46362,300.1447,2018
Kenya,Central,292.2827,288.44214,289.83383,2018
Zambia,Central,298.79272,290.0664,294.56903,2018
Botswana,Central,301.92163,290.83984,297.45316,2019
Ghana,Central,302.01782,298.46362,300.1447,2019
Kenya,Central,292.2827,288.44214,289.83383,2019
Zambia,Central,298.79272,290.0664,294.56903,2019
Botswana,Central,300.8662,289.9541,296.6611,2020
Ghana,Central,302.92188,298.31543,300.13522,2020
Kenya,Central,290.52954,288.44434,289.32486,2020
Zambia,Central,298.26196,289.9541,294.38736,2020
South Sudan,Central Equatoria,302.95972,298.5188,300.56467,2001
South Sudan,Central Equatoria,303.78027,298.85767,301.00058,2002
South Sudan,Central Equatoria,304.95508,298.29468,301.22916,2003
South Sudan,Central Equatoria,305.29468,298.5459,301.14157,2004
South Sudan,Central Equatoria,306.39355,298.71826,301.77542,2005
South Sudan,Central Equatoria,305.0432,298.44214,300.91782,2006
South Sudan,Central Equatoria,305.47485,298.14917,301.2753,2007
South Sudan,Central Equatoria,304.00098,298.521,300.99432,2008
South Sudan,Central Equatoria,304.58203,299.45557,301.71115,2009
South Sudan,Central Equatoria,304.6853,298.6809,301.30075,2010
South Sudan,Central Equatoria,304.29395,298.49463,301.20065,2011
South Sudan,Central Equatoria,305.90186,298.24048,301.2844,2012
South Sudan,Central Equatoria,305.708,298.3916,301.5884,2013
South Sudan,Central Equatoria,304.88306,299.0017,301.61212,2014
South Sudan,Central Equatoria,305.75635,299.9248,301.91177,2015
South Sudan,Central Equatoria,306.6643,299.35815,302.50235,2016
South Sudan,Central Equatoria,305.88696,298.8484,302.22415,2017
South Sudan,Central Equatoria,306.48438,298.406,301.63266,2018
South Sudan,Central Equatoria,306.48438,298.406,301.63266,2019
South Sudan,Central Equatoria,305.68652,298.6377,301.64127,2020
Malawi,Central Region,298.208,291.187,294.86105,2001
Malawi,Central Region,296.93896,291.51855,294.66415,2002
Malawi,Central Region,297.96997,290.8142,294.90363,2003
Malawi,Central Region,296.7151,290.83325,294.51315,2004
Malawi,Central Region,298.30908,291.1753,295.18964,2005
Malawi,Central Region,297.28027,291.25073,294.73715,2006
Malawi,Central Region,297.56934,291.03003,294.79922,2007
Malawi,Central Region,297.88525,290.98975,294.55325,2008
Malawi,Central Region,297.00586,290.8733,294.76813,2009
Malawi,Central Region,298.4043,291.52222,295.19495,2010
Malawi,Central Region,297.71704,291.49976,295.01755,2011
Malawi,Central Region,297.5061,291.61157,295.09528,2012
Malawi,Central Region,298.33496,291.687,295.22742,2013
Malawi,Central Region,297.7976,291.72852,295.14923,2014
Malawi,Central Region,297.65137,292.06738,295.42886,2015
Malawi,Central Region,298.5088,291.5017,295.42453,2016
Malawi,Central Region,297.56348,292.1482,295.1776,2017
Malawi,Central Region,298.36377,291.9668,295.42142,2018
Malawi,Central Region,298.36377,291.9668,295.42142,2019
Malawi,Central Region,298.51392,291.40723,295.3857,2020
Gambia,Central River,303.5896,298.25903,301.3425,2001
Gambia,Central River,304.84497,299.79858,302.1461,2002
Gambia,Central River,304.70044,298.6421,301.43845,2003
Gambia,Central River,304.0227,298.2539,301.44266,2004
Gambia,Central River,305.39893,298.2168,302.02524,2005
Gambia,Central River,304.14062,298.0525,301.63266,2006
Gambia,Central River,304.2749,298.63696,301.52252,2007
Gambia,Central River,305.0061,298.59863,301.7165,2008
Gambia,Central River,304.66235,297.65308,301.60812,2009
Gambia,Central River,305.85767,298.74414,302.0408,2010
Gambia,Central River,305.11963,298.7622,301.8984,2011
Gambia,Central River,305.30518,298.85864,301.99844,2012
Gambia,Central River,305.76782,298.76123,302.09998,2013
Gambia,Central River,304.89185,299.115,301.94547,2014
Gambia,Central River,304.94995,298.17822,301.70718,2015
Gambia,Central River,305.1062,299.4358,302.10245,2016
Gambia,Central River,306.18555,298.63574,302.5469,2017
Gambia,Central River,304.6499,297.94873,301.70282,2018
Gambia,Central River,304.6499,297.94873,301.70282,2019
Gambia,Central River,306.17285,299.1267,302.3112,2020
Togo,Centrale,302.87134,296.92896,299.3319,2001
Togo,Centrale,302.65894,297.33618,299.11517,2002
Togo,Centrale,302.2246,297.083,299.14322,2003
Togo,Centrale,301.8474,297.0227,298.9093,2004
Togo,Centrale,302.34937,297.0559,299.25897,2005
Togo,Centrale,302.40186,296.7234,299.2471,2006
Togo,Centrale,302.71313,296.9812,299.11563,2007
Togo,Centrale,301.90137,297.13452,299.14456,2008
Togo,Centrale,302.71875,297.55493,299.2364,2009
Togo,Centrale,302.90356,297.62378,299.68893,2010
Togo,Centrale,302.26465,297.54736,299.38278,2011
Togo,Centrale,301.91162,297.0652,299.06973,2012
Togo,Centrale,302.30005,297.1631,299.29333,2013
Togo,Centrale,302.09595,297.32983,299.30353,2014
Togo,Centrale,302.33008,297.58545,299.54898,2015
Togo,Centrale,302.52563,297.7273,299.83844,2016
Togo,Centrale,303.30103,297.4519,299.80603,2017
Togo,Centrale,303.02148,297.5984,299.83905,2018
Togo,Centrale,303.02148,297.5984,299.83905,2019
Togo,Centrale,303.20337,297.56885,299.73483,2020
Burkina Faso,Centre,307.2749,298.53833,302.07864,2001
Cameroon,Centre,300.2776,294.41162,296.5469,2001
Burkina Faso,Centre,306.97705,298.05957,302.06015,2002
Cameroon,Centre,299.6101,294.7854,296.5162,2002
Burkina Faso,Centre,306.98364,298.64478,302.08054,2003
Cameroon,Centre,300.9004,294.64624,296.909,2003
Burkina Faso,Centre,306.24536,299.3125,302.23303,2004
Cameroon,Centre,300.05054,294.7412,296.7278,2004
Burkina Faso,Centre,306.92944,298.16992,302.43817,2005
Cameroon,Centre,301.06152,294.54614,297.04428,2005
Burkina Faso,Centre,306.45654,298.8103,302.39374,2006
Cameroon,Centre,300.33423,294.71948,297.0757,2006
Burkina Faso,Centre,306.75757,298.0315,302.2027,2007
Cameroon,Centre,300.69946,294.52222,296.63727,2007
Burkina Faso,Centre,306.22485,295.81348,301.94437,2008
Cameroon,Centre,300.06543,294.57397,296.758,2008
Burkina Faso,Centre,306.3711,298.18433,302.59006,2009
Cameroon,Centre,301.42188,295.19946,297.1752,2009
Burkina Faso,Centre,307.7317,299.5066,302.80447,2010
Cameroon,Centre,300.85522,295.19214,297.38864,2010
Burkina Faso,Centre,306.6084,298.23877,302.57126,2011
Cameroon,Centre,300.59082,294.76025,296.80548,2011
Burkina Faso,Centre,307.13135,298.24048,302.21866,2012
Cameroon,Centre,300.68115,294.67993,296.7548,2012
Burkina Faso,Centre,306.66333,298.43506,302.21536,2013
Cameroon,Centre,300.14746,294.62402,296.82443,2013
Burkina Faso,Centre,307.01685,299.3203,302.37155,2014
Cameroon,Centre,299.64282,294.64038,296.74673,2014
Burkina Faso,Centre,307.7019,296.99854,302.34683,2015
Cameroon,Centre,300.39453,295.48584,296.93927,2015
Burkina Faso,Centre,307.75415,298.65845,302.37686,2016
Cameroon,Centre,300.27954,295.36987,297.1879,2016
Burkina Faso,Centre,307.16992,298.68433,302.3752,2017
Cameroon,Centre,301.0647,295.24292,297.27185,2017
Burkina Faso,Centre,307.96045,299.2046,302.69305,2018
Cameroon,Centre,300.625,295.3152,297.27167,2018
Burkina Faso,Centre,307.96045,299.2046,302.69305,2019
Cameroon,Centre,300.625,295.3152,297.27167,2019
Burkina Faso,Centre,307.85254,298.98022,302.70636,2020
Cameroon,Centre,300.44946,295.2173,297.24576,2020
Burkina Faso,Centre-est,307.13232,297.44067,301.8757,2001
Burkina Faso,Centre-est,306.8462,297.64746,301.80756,2002
Burkina Faso,Centre-est,306.84497,297.9475,301.8608,2003
Burkina Faso,Centre-est,306.21606,298.66016,301.85428,2004
Burkina Faso,Centre-est,306.72437,297.32227,302.04526,2005
Burkina Faso,Centre-est,306.3589,298.2517,302.14423,2006
Burkina Faso,Centre-est,306.73804,297.4983,301.85,2007
Burkina Faso,Centre-est,306.11157,295.21777,301.5972,2008
Burkina Faso,Centre-est,306.40625,297.4734,302.27658,2009
Burkina Faso,Centre-est,307.41138,298.78003,302.61942,2010
Burkina Faso,Centre-est,306.39673,297.73096,302.3185,2011
Burkina Faso,Centre-est,306.92432,297.89087,301.97287,2012
Burkina Faso,Centre-est,306.40942,297.83545,301.9286,2013
Burkina Faso,Centre-est,306.84302,298.39648,302.07925,2014
Burkina Faso,Centre-est,307.2859,296.6704,302.01315,2015
Burkina Faso,Centre-est,307.83423,298.3108,302.21637,2016
Burkina Faso,Centre-est,307.03125,298.02026,301.94162,2017
Burkina Faso,Centre-est,307.4331,298.16553,302.26678,2018
Burkina Faso,Centre-est,307.4331,298.16553,302.26678,2019
Burkina Faso,Centre-est,307.6123,298.46265,302.29132,2020
Burkina Faso,Centre-nord,307.92358,296.69653,302.56467,2001
Burkina Faso,Centre-nord,308.23755,296.5713,302.65375,2002
Burkina Faso,Centre-nord,307.50977,297.6792,302.39484,2003
Burkina Faso,Centre-nord,307.22974,297.66797,302.8367,2004
Burkina Faso,Centre-nord,307.5857,296.5879,302.79477,2005
Burkina Faso,Centre-nord,307.46484,296.95288,302.74628,2006
Burkina Faso,Centre-nord,307.58936,296.1897,302.49615,2007
Burkina Faso,Centre-nord,307.36353,294.2041,302.18442,2008
Burkina Faso,Centre-nord,307.71704,296.58276,303.13498,2009
Burkina Faso,Centre-nord,308.31274,297.82104,303.14368,2010
Burkina Faso,Centre-nord,308.49072,296.61963,303.00568,2011
Burkina Faso,Centre-nord,307.40332,296.23853,302.45645,2012
Burkina Faso,Centre-nord,308.07446,296.77295,302.96262,2013
Burkina Faso,Centre-nord,307.15552,298.0703,302.9067,2014
Burkina Faso,Centre-nord,308.70386,296.0454,302.4614,2015
Burkina Faso,Centre-nord,308.5686,297.2561,302.96915,2016
Burkina Faso,Centre-nord,307.58594,297.1101,302.57898,2017
Burkina Faso,Centre-nord,307.9475,296.88623,302.9271,2018
Burkina Faso,Centre-nord,307.9475,296.88623,302.9271,2019
Burkina Faso,Centre-nord,308.39355,297.156,302.97183,2020
Burkina Faso,Centre-ouest,305.84912,298.6809,301.35242,2001
Burkina Faso,Centre-ouest,306.09058,298.84204,301.41238,2002
Burkina Faso,Centre-ouest,305.24927,298.62012,301.3548,2003
Burkina Faso,Centre-ouest,304.47192,298.72363,301.43552,2004
Burkina Faso,Centre-ouest,306.8142,298.51294,301.69354,2005
Burkina Faso,Centre-ouest,305.89014,298.63525,301.4927,2006
Burkina Faso,Centre-ouest,305.60376,298.3015,301.43057,2007
Burkina Faso,Centre-ouest,305.7954,297.81348,301.18832,2008
Burkina Faso,Centre-ouest,306.48047,299.10474,301.96964,2009
Burkina Faso,Centre-ouest,306.55396,299.12573,301.9879,2010
Burkina Faso,Centre-ouest,306.70996,298.85986,301.6992,2011
Burkina Faso,Centre-ouest,305.71045,298.71167,301.50266,2012
Burkina Faso,Centre-ouest,306.3938,298.49512,301.7393,2013
Burkina Faso,Centre-ouest,305.35767,298.9502,301.8068,2014
Burkina Faso,Centre-ouest,306.73242,298.88135,302.09048,2015
Burkina Faso,Centre-ouest,306.52563,299.20972,302.07672,2016
Burkina Faso,Centre-ouest,305.76367,299.23706,301.9221,2017
Burkina Faso,Centre-ouest,307.02295,299.21753,302.1312,2018
Burkina Faso,Centre-ouest,307.02295,299.21753,302.1312,2019
Burkina Faso,Centre-ouest,306.5432,298.95605,301.9357,2020
Burkina Faso,Centre-sud,306.18115,297.8645,301.27966,2001
Burkina Faso,Centre-sud,305.78564,297.7705,301.24423,2002
Burkina Faso,Centre-sud,305.4524,297.94946,301.04196,2003
Burkina Faso,Centre-sud,305.4895,298.9375,301.45535,2004
Burkina Faso,Centre-sud,306.32202,297.65625,301.63138,2005
Burkina Faso,Centre-sud,305.56006,298.0564,301.47885,2006
Burkina Faso,Centre-sud,305.3943,297.61157,301.4255,2007
Burkina Faso,Centre-sud,305.64502,295.94043,301.15317,2008
Burkina Faso,Centre-sud,305.1328,297.6355,301.70905,2009
Burkina Faso,Centre-sud,306.7473,298.7019,302.07712,2010
Burkina Faso,Centre-sud,305.72363,297.68213,301.7228,2011
Burkina Faso,Centre-sud,305.86182,298.1526,301.55753,2012
Burkina Faso,Centre-sud,305.78638,298.20264,301.60242,2013
Burkina Faso,Centre-sud,305.97778,298.5918,301.60236,2014
Burkina Faso,Centre-sud,306.49487,296.89502,301.59714,2015
Burkina Faso,Centre-sud,306.80298,298.5901,301.75168,2016
Burkina Faso,Centre-sud,306.0586,298.6084,301.6179,2017
Burkina Faso,Centre-sud,307.1089,298.88623,301.92108,2018
Burkina Faso,Centre-sud,307.1089,298.88623,301.92108,2019
Burkina Faso,Centre-sud,306.86426,298.9392,301.96335,2020
Equatorial Guinea,Centro Sur,297.01733,294.97192,296.20364,2001
Equatorial Guinea,Centro Sur,297.27002,295.5354,296.48447,2002
Equatorial Guinea,Centro Sur,297.5078,295.70215,296.64532,2003
Equatorial Guinea,Centro Sur,297.63403,295.7119,296.67868,2004
Equatorial Guinea,Centro Sur,297.8545,295.49536,296.7393,2005
Equatorial Guinea,Centro Sur,297.41357,295.77612,296.63266,2006
Equatorial Guinea,Centro Sur,297.64087,295.77808,296.64444,2007
Equatorial Guinea,Centro Sur,297.28223,295.7124,296.68427,2008
Equatorial Guinea,Centro Sur,297.60938,296.03052,296.82608,2009
Equatorial Guinea,Centro Sur,298.21802,295.9187,297.08542,2010
Equatorial Guinea,Centro Sur,297.72705,295.81616,296.83087,2011
Equatorial Guinea,Centro Sur,297.67822,295.79126,296.77887,2012
Equatorial Guinea,Centro Sur,298.02246,295.3452,296.9237,2013
Equatorial Guinea,Centro Sur,297.73853,295.79883,297.02115,2014
Equatorial Guinea,Centro Sur,297.85938,296.1162,297.07224,2015
Equatorial Guinea,Centro Sur,298.56958,296.30933,297.4304,2016
Equatorial Guinea,Centro Sur,298.1963,296.2351,297.46213,2017
Equatorial Guinea,Centro Sur,298.1538,296.56128,297.4468,2018
Equatorial Guinea,Centro Sur,298.1538,296.56128,297.4468,2019
Equatorial Guinea,Centro Sur,298.5901,296.40332,297.53497,2020
Morocco,Chaouia - Ouardigha,296.37036,286.66724,291.77267,2001
Morocco,Chaouia - Ouardigha,295.55444,287.57715,291.4555,2002
Morocco,Chaouia - Ouardigha,298.40527,285.44873,291.75372,2003
Morocco,Chaouia - Ouardigha,297.97754,285.8203,291.5408,2004
Morocco,Chaouia - Ouardigha,297.46997,283.53125,291.26596,2005
Morocco,Chaouia - Ouardigha,298.02026,284.2893,291.83987,2006
Morocco,Chaouia - Ouardigha,296.59448,285.0647,291.16672,2007
Morocco,Chaouia - Ouardigha,296.31006,285.58765,291.09427,2008
Morocco,Chaouia - Ouardigha,297.80298,285.09448,292.03766,2009
Morocco,Chaouia - Ouardigha,299.4558,286.93555,292.25192,2010
Morocco,Chaouia - Ouardigha,296.98242,285.7063,291.8276,2011
Morocco,Chaouia - Ouardigha,297.29956,284.1223,291.37637,2012
Morocco,Chaouia - Ouardigha,298.0166,285.51855,291.31076,2013
Morocco,Chaouia - Ouardigha,296.57983,286.04883,291.6481,2014
Morocco,Chaouia - Ouardigha,297.92676,284.8833,291.72232,2015
Morocco,Chaouia - Ouardigha,298.4812,286.87915,292.03067,2016
Morocco,Chaouia - Ouardigha,297.93433,285.05347,292.19064,2017
Morocco,Chaouia - Ouardigha,296.9558,284.76904,291.39276,2018
Morocco,Chaouia - Ouardigha,296.9558,284.76904,291.39276,2019
Morocco,Chaouia - Ouardigha,298.11816,285.41187,292.04782,2020
Algeria,Chlef,299.7649,284.19092,291.35422,2001
Algeria,Chlef,297.83618,284.5381,291.11728,2002
Algeria,Chlef,300.82715,283.81226,291.42218,2003
Algeria,Chlef,299.74707,284.77734,290.7358,2004
Algeria,Chlef,299.12646,281.72363,290.24222,2005
Algeria,Chlef,299.3777,282.8401,291.35794,2006
Algeria,Chlef,299.21753,284.54736,290.6428,2007
Algeria,Chlef,299.47437,283.9646,290.7889,2008
Algeria,Chlef,300.3694,284.15112,291.31256,2009
Algeria,Chlef,299.07104,285.2539,290.99182,2010
Algeria,Chlef,299.8169,284.1809,291.2231,2011
Algeria,Chlef,301.4519,281.09497,291.1563,2012
Algeria,Chlef,298.6963,283.62988,290.62878,2013
Algeria,Chlef,299.1599,284.89844,291.6572,2014
Algeria,Chlef,300.98145,283.65088,291.50714,2015
Algeria,Chlef,298.6267,285.94165,291.56906,2016
Algeria,Chlef,300.29565,283.4519,291.69016,2017
Algeria,Chlef,299.67773,283.60303,291.1623,2018
Algeria,Chlef,299.67773,283.60303,291.1623,2019
Algeria,Chlef,300.55957,284.30054,291.8063,2020
Botswana,Chobe,299.34277,288.41357,295.16135,2001
Botswana,Chobe,299.625,290.59863,296.37167,2002
Botswana,Chobe,300.2688,289.61694,296.26154,2003
Botswana,Chobe,300.54712,289.2102,295.22083,2004
Botswana,Chobe,301.208,290.07568,296.36996,2005
Botswana,Chobe,300.44263,289.6499,295.05814,2006
Botswana,Chobe,299.9397,289.81714,295.67892,2007
Botswana,Chobe,300.80444,289.76587,294.9406,2008
Botswana,Chobe,299.76636,288.5432,294.80978,2009
Botswana,Chobe,301.56226,289.69897,295.69382,2010
Botswana,Chobe,300.47095,289.44702,295.47165,2011
Botswana,Chobe,300.9629,290.0354,295.65762,2012
Botswana,Chobe,300.0603,290.5874,295.80457,2013
Botswana,Chobe,300.5005,290.51758,295.6201,2014
Botswana,Chobe,301.4873,290.91772,296.33234,2015
Botswana,Chobe,302.06396,290.35522,296.36676,2016
Botswana,Chobe,300.12598,290.57007,295.37,2017
Botswana,Chobe,301.26538,290.1875,296.41962,2018
Botswana,Chobe,301.26538,290.1875,296.41962,2019
Botswana,Chobe,300.75684,289.5537,295.66275,2020
Burundi,Cibitoke,292.94653,291.65552,292.45984,2001
Burundi,Cibitoke,294.07275,292.12793,292.83603,2002
Burundi,Cibitoke,293.84546,292.1892,293.09488,2003
Burundi,Cibitoke,293.60718,292.46167,293.05008,2004
Burundi,Cibitoke,294.9287,292.58154,293.34393,2005
Burundi,Cibitoke,293.91333,292.18457,292.94403,2006
Burundi,Cibitoke,293.55103,292.33252,292.92535,2007
Burundi,Cibitoke,293.96973,292.00342,292.75198,2008
Burundi,Cibitoke,294.063,292.6897,293.1332,2009
Burundi,Cibitoke,294.18628,292.84644,293.58377,2010
Burundi,Cibitoke,293.36572,292.6975,293.0602,2011
Burundi,Cibitoke,293.76,292.46582,293.13678,2012
Burundi,Cibitoke,293.97754,292.70068,293.3407,2013
Burundi,Cibitoke,293.7473,292.97534,293.43326,2014
Burundi,Cibitoke,294.70776,292.91406,293.61392,2015
Burundi,Cibitoke,294.77563,293.2705,293.93625,2016
Burundi,Cibitoke,294.13184,293.30493,293.70706,2017
Burundi,Cibitoke,294.45923,293.13818,293.79608,2018
Burundi,Cibitoke,294.45923,293.13818,293.79608,2019
Burundi,Cibitoke,294.7881,293.24512,293.93082,2020
Kenya,Coast,300.76,296.97583,298.89246,2001
Kenya,Coast,300.54175,297.0022,298.949,2002
Kenya,Coast,300.99414,296.89355,299.15802,2003
Kenya,Coast,300.8828,297.07324,299.0618,2004
Kenya,Coast,300.8396,297.16724,299.10468,2005
Kenya,Coast,301.00024,297.28198,298.9857,2006
Kenya,Coast,300.70923,297.4773,299.1415,2007
Kenya,Coast,300.39624,297.0952,298.94257,2008
Kenya,Coast,300.83398,297.38794,299.35342,2009
Kenya,Coast,301.28833,297.33667,299.35446,2010
Kenya,Coast,300.81738,297.76025,299.37155,2011
Kenya,Coast,300.93115,297.54175,299.31418,2012
Kenya,Coast,301.01514,297.0459,299.12,2013
Kenya,Coast,300.66626,297.57593,299.20782,2014
Kenya,Coast,300.93994,297.6499,299.44806,2015
Kenya,Coast,302.06274,297.35815,299.4924,2016
Kenya,Coast,301.11353,297.8152,299.40173,2017
Kenya,Coast,301.2461,297.93628,299.6099,2018
Kenya,Coast,301.2461,297.93628,299.6099,2019
Kenya,Coast,301.10376,297.56348,299.5252,2020
Benin,Collines,302.63892,297.09497,299.66995,2001
Benin,Collines,301.9402,297.6233,299.54813,2002
Benin,Collines,302.73633,297.5791,299.78595,2003
Benin,Collines,302.16577,297.667,299.65915,2004
Benin,Collines,302.65332,297.66138,299.90805,2005
Benin,Collines,302.32056,297.16284,299.883,2006
Benin,Collines,303.04517,297.37378,299.75543,2007
Benin,Collines,302.10254,297.64624,299.74887,2008
Benin,Collines,302.91797,298.07935,299.95563,2009
Benin,Collines,302.78442,298.15894,300.26965,2010
Benin,Collines,302.43066,298.03564,299.96075,2011
Benin,Collines,302.43506,297.5183,299.73932,2012
Benin,Collines,302.49927,297.6748,299.96228,2013
Benin,Collines,302.01782,297.42554,299.90543,2014
Benin,Collines,302.47314,298.33154,300.08884,2015
Benin,Collines,302.80884,298.27026,300.34348,2016
Benin,Collines,303.11353,297.80347,300.28683,2017
Benin,Collines,302.60156,298.20972,300.15384,2018
Benin,Collines,302.60156,298.20972,300.15384,2019
Benin,Collines,302.77563,298.00684,300.2443,2020
Côte d'Ivoire,Comoe,302.46753,298.0735,300.11008,2001
Côte d'Ivoire,Comoe,303.20605,298.1565,300.16678,2002
Côte d'Ivoire,Comoe,302.99023,298.74707,300.4985,2003
Côte d'Ivoire,Comoe,302.4353,298.1963,300.33298,2004
Côte d'Ivoire,Comoe,303.18066,298.0442,300.47543,2005
Côte d'Ivoire,Comoe,302.3518,298.8015,300.74515,2006
Côte d'Ivoire,Comoe,303.5725,298.61206,300.72873,2007
Côte d'Ivoire,Comoe,303.2041,298.72632,300.60663,2008
Côte d'Ivoire,Comoe,302.01465,298.7434,300.5803,2009
Côte d'Ivoire,Comoe,303.1599,299.18823,301.00876,2010
Côte d'Ivoire,Comoe,302.2434,298.84814,300.60104,2011
Côte d'Ivoire,Comoe,302.6714,298.56665,300.4478,2012
Côte d'Ivoire,Comoe,303.40918,298.5752,300.66653,2013
Côte d'Ivoire,Comoe,302.67017,298.781,300.6025,2014
Côte d'Ivoire,Comoe,302.55713,299.01318,300.73355,2015
Côte d'Ivoire,Comoe,304.09302,299.26636,301.22922,2016
Côte d'Ivoire,Comoe,303.83887,298.6902,301.07068,2017
Côte d'Ivoire,Comoe,303.04102,298.80347,300.8397,2018
Côte d'Ivoire,Comoe,303.04102,298.80347,300.8397,2019
Côte d'Ivoire,Comoe,303.75195,298.78223,301.04996,2020
Guinea,Conakry,300.47607,298.72778,299.38757,2001
Guinea,Conakry,300.85327,298.18213,299.4516,2002
Guinea,Conakry,300.79712,298.64355,299.4821,2003
Guinea,Conakry,301.07617,298.6162,299.65393,2004
Guinea,Conakry,301.0515,298.77075,299.96356,2005
Guinea,Conakry,301.0752,298.77222,299.8078,2006
Guinea,Conakry,300.5791,298.57886,299.63873,2007
Guinea,Conakry,300.99268,298.73022,299.7982,2008
Guinea,Conakry,300.5957,298.30273,299.33878,2009
Guinea,Conakry,300.9475,298.96948,299.95065,2010
Guinea,Conakry,300.76025,298.80908,299.78644,2011
Guinea,Conakry,300.48755,298.43018,299.30588,2012
Guinea,Conakry,300.38184,298.5371,299.4525,2013
Guinea,Conakry,300.25464,297.9397,299.2944,2014
Guinea,Conakry,300.7744,298.5039,299.55304,2015
Guinea,Conakry,300.8308,298.90503,299.71945,2016
Guinea,Conakry,300.4502,299.05493,299.79855,2017
Guinea,Conakry,301.01904,298.8601,299.78763,2018
Guinea,Conakry,301.01904,298.8601,299.78763,2019
Guinea,Conakry,301.08032,298.96973,300.2114,2020
Algeria,Constantine,300.1499,280.8921,290.25833,2001
Algeria,Constantine,298.92554,280.6338,290.25677,2002
Algeria,Constantine,302.1267,280.8025,290.43063,2003
Algeria,Constantine,300.583,281.5293,289.68747,2004
Algeria,Constantine,300.0288,278.94727,289.54135,2005
Algeria,Constantine,300.29956,280.01196,290.4683,2006
Algeria,Constantine,299.51245,281.58057,289.76602,2007
Algeria,Constantine,300.4546,281.5271,289.9245,2008
Algeria,Constantine,301.87915,281.42676,290.0292,2009
Algeria,Constantine,299.90894,282.7246,289.98465,2010
Algeria,Constantine,300.23877,281.44653,289.96368,2011
Algeria,Constantine,301.9226,278.20044,290.34122,2012
Algeria,Constantine,299.76123,280.4209,289.6218,2013
Algeria,Constantine,300.02124,282.18945,290.44986,2014
Algeria,Constantine,300.48926,280.6919,289.944,2015
Algeria,Constantine,299.66772,283.14673,290.43658,2016
Algeria,Constantine,301.28394,280.0144,290.32996,2017
Algeria,Constantine,301.25977,280.45264,290.05716,2018
Algeria,Constantine,301.25977,280.45264,290.05716,2019
Algeria,Constantine,300.76074,281.5974,290.5109,2020
Zambia,Copperbelt,297.9248,291.63428,294.57117,2001
Zambia,Copperbelt,298.7827,291.60645,294.76913,2002
Zambia,Copperbelt,298.20044,290.76343,294.74265,2003
Zambia,Copperbelt,297.78296,291.2273,294.44803,2004
Zambia,Copperbelt,299.05762,291.69873,295.2492,2005
Zambia,Copperbelt,298.40747,291.33472,294.6348,2006
Zambia,Copperbelt,298.20532,291.6277,294.93137,2007
Zambia,Copperbelt,299.04468,291.17212,294.59232,2008
Zambia,Copperbelt,298.68823,290.5979,294.53473,2009
Zambia,Copperbelt,299.6853,291.61694,294.9788,2010
Zambia,Copperbelt,297.3518,291.35327,294.4614,2011
Zambia,Copperbelt,299.0918,291.4944,294.69016,2012
Zambia,Copperbelt,298.36694,291.35303,294.85583,2013
Zambia,Copperbelt,298.7622,291.77734,294.92267,2014
Zambia,Copperbelt,298.76074,292.0232,294.75845,2015
Zambia,Copperbelt,299.52686,291.15918,295.0012,2016
Zambia,Copperbelt,297.87598,292.00757,294.68884,2017
Zambia,Copperbelt,298.84937,290.99414,295.04526,2018
Zambia,Copperbelt,298.84937,290.99414,295.04526,2019
Zambia,Copperbelt,298.27832,290.9873,294.84195,2020
Seychelles,Cosmoledo,300.32178,296.92725,298.8796,2001
Seychelles,Cosmoledo,300.68652,296.85767,299.01443,2002
Seychelles,Cosmoledo,300.65405,296.90137,299.1901,2003
Seychelles,Cosmoledo,300.5564,296.91113,298.92947,2004
Seychelles,Cosmoledo,300.7185,297.0266,299.05844,2005
Seychelles,Cosmoledo,300.2683,297.20972,298.9639,2006
Seychelles,Cosmoledo,301.36572,297.7019,299.35812,2007
Seychelles,Cosmoledo,299.9978,297.0542,298.89243,2008
Seychelles,Cosmoledo,300.41602,297.35864,299.23184,2009
Seychelles,Cosmoledo,301.13013,297.35425,299.3867,2010
Seychelles,Cosmoledo,300.1565,297.3833,299.13297,2011
Seychelles,Cosmoledo,300.86743,297.14526,299.04776,2012
Seychelles,Cosmoledo,300.61035,297.03223,299.05896,2013
Seychelles,Cosmoledo,300.6543,297.58765,299.34616,2014
Seychelles,Cosmoledo,300.73682,297.61084,299.4749,2015
Seychelles,Cosmoledo,301.26587,296.97974,299.20987,2016
Seychelles,Cosmoledo,300.42212,297.6316,299.3311,2017
Seychelles,Cosmoledo,301.04688,297.99683,299.675,2018
Seychelles,Cosmoledo,301.04688,297.99683,299.675,2019
Seychelles,Cosmoledo,301.0061,297.59668,299.5073,2020
Benin,Couffo,302.60376,297.5266,300.06155,2001
Benin,Couffo,302.28418,297.97876,299.88876,2002
Benin,Couffo,302.7461,298.26074,300.18195,2003
Benin,Couffo,302.32007,298.10645,300.08884,2004
Benin,Couffo,302.78223,297.94067,300.1994,2005
Benin,Couffo,302.50806,297.76245,300.25653,2006
Benin,Couffo,303.17407,298.1316,300.22662,2007
Benin,Couffo,301.98145,298.31616,300.23032,2008
Benin,Couffo,302.78418,298.57544,300.55588,2009
Benin,Couffo,303.14038,298.89722,300.90652,2010
Benin,Couffo,302.21973,298.34424,300.37466,2011
Benin,Couffo,302.396,298.04956,300.1135,2012
Benin,Couffo,302.70215,298.2002,300.37097,2013
Benin,Couffo,302.5022,297.8982,300.36652,2014
Benin,Couffo,302.64307,298.9038,300.52292,2015
Benin,Couffo,303.24536,298.71362,300.79385,2016
Benin,Couffo,302.83813,298.33862,300.71292,2017
Benin,Couffo,302.92212,299.03003,300.85532,2018
Benin,Couffo,302.92212,299.03003,300.85532,2019
Benin,Couffo,302.86743,298.65332,300.7565,2020
Nigeria,Cross River,300.52417,297.03247,298.75296,2001
Nigeria,Cross River,300.2881,297.51782,298.79095,2002
Nigeria,Cross River,300.46094,297.61694,299.00504,2003
Nigeria,Cross River,300.72437,297.69238,299.1365,2004
Nigeria,Cross River,301.08496,297.46997,299.16196,2005
Nigeria,Cross River,300.4568,297.42847,299.24057,2006
Nigeria,Cross River,300.97314,297.5359,298.9478,2007
Nigeria,Cross River,300.96777,297.7456,299.06122,2008
Nigeria,Cross River,300.78125,297.73364,299.29156,2009
Nigeria,Cross River,301.4099,298.11987,299.63474,2010
Nigeria,Cross River,300.47168,297.55908,299.18796,2011
Nigeria,Cross River,300.771,297.65845,299.12442,2012
Nigeria,Cross River,300.9795,297.53076,299.1244,2013
Nigeria,Cross River,300.70532,297.68726,299.24283,2014
Nigeria,Cross River,300.3833,297.87646,299.21988,2015
Nigeria,Cross River,302.00122,297.90698,299.6503,2016
Nigeria,Cross River,301.62988,297.69214,299.55457,2017
Nigeria,Cross River,300.83618,298.18237,299.59818,2018
Nigeria,Cross River,300.83618,298.18237,299.59818,2019
Nigeria,Cross River,301.81445,298.14355,299.82663,2020
Angola,Cuando Cubango,296.0691,291.10498,293.06204,2001
Angola,Cuando Cubango,295.74268,291.57715,293.29276,2002
Angola,Cuando Cubango,296.886,290.7185,293.4085,2003
Angola,Cuando Cubango,296.3208,290.6023,293.00388,2004
Angola,Cuando Cubango,297.5144,291.14014,293.9315,2005
Angola,Cuando Cubango,295.79932,290.89404,292.84995,2006
Angola,Cuando Cubango,296.94995,290.77222,293.4688,2007
Angola,Cuando Cubango,298.13965,290.6858,293.29623,2008
Angola,Cuando Cubango,297.7544,290.7776,293.43674,2009
Angola,Cuando Cubango,298.14966,290.85913,293.58572,2010
Angola,Cuando Cubango,297.29736,291.13843,293.242,2011
Angola,Cuando Cubango,297.3811,291.70532,293.52853,2012
Angola,Cuando Cubango,297.6692,291.88232,293.8054,2013
Angola,Cuando Cubango,297.3169,292.0381,293.7272,2014
Angola,Cuando Cubango,297.62964,292.5857,294.28433,2015
Angola,Cuando Cubango,298.16528,291.62402,294.35245,2016
Angola,Cuando Cubango,297.9978,292.18848,294.11316,2017
Angola,Cuando Cubango,298.26782,292.17578,294.81107,2018
Angola,Cuando Cubango,298.26782,292.17578,294.81107,2019
Angola,Cuando Cubango,297.2881,290.68262,294.00992,2020
Angola,Cuanza Sul,300.34326,292.53247,297.0204,2001
Angola,Cuanza Sul,300.30713,293.30493,297.1199,2002
Angola,Cuanza Sul,300.70312,293.44434,297.49786,2003
Angola,Cuanza Sul,299.2556,293.4192,296.93372,2004
Angola,Cuanza Sul,300.8213,293.01514,297.13348,2005
Angola,Cuanza Sul,300.2859,293.09644,296.9533,2006
Angola,Cuanza Sul,300.62524,294.114,297.81192,2007
Angola,Cuanza Sul,299.9419,293.85107,297.30502,2008
Angola,Cuanza Sul,299.94922,293.86646,297.31793,2009
Angola,Cuanza Sul,299.83765,293.36206,297.23026,2010
Angola,Cuanza Sul,300.99512,292.8794,297.13458,2011
Angola,Cuanza Sul,299.6714,293.50073,296.9633,2012
Angola,Cuanza Sul,299.8684,293.19873,296.9089,2013
Angola,Cuanza Sul,299.98853,293.13672,297.13654,2014
Angola,Cuanza Sul,300.23047,292.6753,297.186,2015
Angola,Cuanza Sul,300.81763,293.8523,297.82965,2016
Angola,Cuanza Sul,299.89258,293.21948,297.11984,2017
Angola,Cuanza Sul,300.70312,293.62573,297.75214,2018
Angola,Cuanza Sul,300.70312,293.62573,297.75214,2019
Angola,Cuanza Sul,300.66016,294.25488,298.097,2020
Angola,Cunene,298.9912,290.10107,293.93137,2001
Angola,Cunene,297.31006,291.0166,294.34824,2002
Angola,Cunene,298.35083,290.31616,294.18033,2003
Angola,Cunene,297.64624,289.823,293.88586,2004
Angola,Cunene,299.10645,291.04443,295.11948,2005
Angola,Cunene,295.83618,290.521,293.6639,2006
Angola,Cunene,299.24048,290.59253,294.6607,2007
Angola,Cunene,299.91772,290.42017,294.39066,2008
Angola,Cunene,298.0005,290.3186,294.29694,2009
Angola,Cunene,299.66577,290.02124,294.2866,2010
Angola,Cunene,298.4807,289.91968,293.73175,2011
Angola,Cunene,298.1914,290.7268,294.18414,2012
Angola,Cunene,299.30444,291.3462,294.56726,2013
Angola,Cunene,299.79346,291.79395,294.88815,2014
Angola,Cunene,300.2588,292.13452,295.874,2015
Angola,Cunene,300.60107,291.44043,295.29953,2016
Angola,Cunene,299.31152,292.25684,295.43753,2017
Angola,Cunene,299.5681,292.98047,296.46698,2018
Angola,Cunene,299.5681,292.98047,296.46698,2019
Angola,Cunene,300.02637,290.43457,295.325,2020
Congo,Cuvette,298.23315,297.00342,297.63318,2001
Congo,Cuvette,299.07935,297.05225,298.0535,2002
Congo,Cuvette,299.22046,297.2019,298.03693,2003
Congo,Cuvette,299.5056,297.17822,298.06555,2004
Congo,Cuvette,299.7744,297.2373,298.3459,2005
Congo,Cuvette,298.5437,297.31104,297.97366,2006
Congo,Cuvette,299.45728,297.08228,298.10895,2007
Congo,Cuvette,299.1045,297.29053,297.9494,2008
Congo,Cuvette,299.30664,297.67847,298.1545,2009
Congo,Cuvette,299.48755,297.67114,298.46594,2010
Congo,Cuvette,299.1333,297.51978,298.16324,2011
Congo,Cuvette,299.04736,297.66626,298.15045,2012
Congo,Cuvette,299.42285,297.4214,298.42923,2013
Congo,Cuvette,299.0647,297.65015,298.35318,2014
Congo,Cuvette,299.04297,298.03418,298.4821,2015
Congo,Cuvette,300.1848,297.98413,298.9089,2016
Congo,Cuvette,299.39453,297.67065,298.5287,2017
Congo,Cuvette,299.70068,297.73413,298.7751,2018
Congo,Cuvette,299.70068,297.73413,298.7751,2019
Congo,Cuvette,299.6787,297.69238,298.80807,2020
Congo,Cuvette Ovest,297.67334,296.24146,296.83728,2001
Congo,Cuvette Ovest,298.0437,296.29517,297.13748,2002
Congo,Cuvette Ovest,298.4099,296.489,297.22443,2003
Congo,Cuvette Ovest,298.29272,296.23096,297.0579,2004
Congo,Cuvette Ovest,298.55566,296.33887,297.3726,2005
Congo,Cuvette Ovest,297.76904,296.34033,297.1473,2006
Congo,Cuvette Ovest,298.26978,296.2351,297.12082,2007
Congo,Cuvette Ovest,297.708,296.52686,297.05423,2008
Congo,Cuvette Ovest,298.3086,296.8733,297.35196,2009
Congo,Cuvette Ovest,298.8098,296.7102,297.66565,2010
Congo,Cuvette Ovest,298.10986,296.6858,297.2822,2011
Congo,Cuvette Ovest,298.354,296.63696,297.32315,2012
Congo,Cuvette Ovest,298.65918,296.38037,297.51257,2013
Congo,Cuvette Ovest,298.2483,296.69897,297.4759,2014
Congo,Cuvette Ovest,298.45703,297.04565,297.63864,2015
Congo,Cuvette Ovest,299.33325,296.9275,297.99112,2016
Congo,Cuvette Ovest,298.62695,296.86206,297.7157,2017
Congo,Cuvette Ovest,298.6245,296.91187,297.79965,2018
Congo,Cuvette Ovest,298.6245,296.91187,297.79965,2019
Congo,Cuvette Ovest,298.95728,296.7295,297.94205,2020
Egypt,Dakahlia,300.43677,288.75854,294.27625,2001
Egypt,Dakahlia,300.51196,287.2412,294.3253,2002
Egypt,Dakahlia,299.90527,287.32397,293.9715,2003
Egypt,Dakahlia,299.708,287.57617,293.8297,2004
Egypt,Dakahlia,299.96997,287.78223,293.79608,2005
Egypt,Dakahlia,299.99878,287.6936,293.7972,2006
Egypt,Dakahlia,300.30347,288.1057,294.12946,2007
Egypt,Dakahlia,300.3357,287.63965,294.41,2008
Egypt,Dakahlia,300.26196,288.667,294.45187,2009
Egypt,Dakahlia,301.0652,289.75,295.07596,2010
Egypt,Dakahlia,300.18018,289.2998,294.0402,2011
Egypt,Dakahlia,301.12964,287.16235,294.35617,2012
Egypt,Dakahlia,300.33105,288.3081,294.35617,2013
Egypt,Dakahlia,300.63452,288.89478,294.57843,2014
Egypt,Dakahlia,301.6714,287.97754,294.49606,2015
Egypt,Dakahlia,300.4519,287.8069,294.81256,2016
Egypt,Dakahlia,300.76245,287.7273,294.4662,2017
Egypt,Dakahlia,300.75854,287.6128,294.55063,2018
Egypt,Dakahlia,300.75854,287.6128,294.55063,2019
Egypt,Dakahlia,300.78223,287.9275,294.67545,2020
Mauritania,Dakhlet-Nouadhibou,301.64136,293.5188,297.29886,2001
Mauritania,Dakhlet-Nouadhibou,300.87744,294.2588,296.61435,2002
Mauritania,Dakhlet-Nouadhibou,301.40894,292.55444,296.61115,2003
Mauritania,Dakhlet-Nouadhibou,301.24854,292.87305,296.4858,2004
Mauritania,Dakhlet-Nouadhibou,301.32104,290.74512,296.95657,2005
Mauritania,Dakhlet-Nouadhibou,301.5669,291.55884,296.81595,2006
Mauritania,Dakhlet-Nouadhibou,301.14917,293.45337,296.45694,2007
Mauritania,Dakhlet-Nouadhibou,301.62988,292.8318,297.19028,2008
Mauritania,Dakhlet-Nouadhibou,302.188,291.5691,296.76358,2009
Mauritania,Dakhlet-Nouadhibou,301.63208,294.76172,297.58426,2010
Mauritania,Dakhlet-Nouadhibou,300.9319,293.32935,296.68488,2011
Mauritania,Dakhlet-Nouadhibou,302.20337,292.177,296.89688,2012
Mauritania,Dakhlet-Nouadhibou,301.89966,292.9253,297.5868,2013
Mauritania,Dakhlet-Nouadhibou,301.5791,293.1306,297.00357,2014
Mauritania,Dakhlet-Nouadhibou,301.4148,292.28027,297.27472,2015
Mauritania,Dakhlet-Nouadhibou,301.66528,294.75024,297.37164,2016
Mauritania,Dakhlet-Nouadhibou,301.21582,293.06323,297.20398,2017
Mauritania,Dakhlet-Nouadhibou,301.72485,292.8003,296.90057,2018
Mauritania,Dakhlet-Nouadhibou,301.72485,292.8003,296.90057,2019
Mauritania,Dakhlet-Nouadhibou,302.1411,293.30835,297.96417,2020
Egypt,Damietta,300.00708,288.99292,294.18948,2001
Egypt,Damietta,300.1526,287.8506,294.2698,2002
Egypt,Damietta,299.53223,287.7146,293.9318,2003
Egypt,Damietta,299.43848,288.02515,293.83084,2004
Egypt,Damietta,299.56567,287.92285,293.79575,2005
Egypt,Damietta,299.52026,288.34204,293.82245,2006
Egypt,Damietta,299.8015,288.4673,293.98282,2007
Egypt,Damietta,299.59937,288.04395,294.19388,2008
Egypt,Damietta,299.66138,288.81543,294.2603,2009
Egypt,Damietta,300.37964,289.87476,294.94592,2010
Egypt,Damietta,299.5454,289.4287,293.94205,2011
Egypt,Damietta,300.7273,287.65552,294.26047,2012
Egypt,Damietta,299.94434,288.94287,294.29788,2013
Egypt,Damietta,300.09937,289.35767,294.54733,2014
Egypt,Damietta,301.1128,288.1919,294.34015,2015
Egypt,Damietta,299.95386,288.219,294.6047,2016
Egypt,Damietta,300.3191,288.24316,294.28812,2017
Egypt,Damietta,300.4109,288.29517,294.3431,2018
Egypt,Damietta,300.4109,288.29517,294.3431,2019
Egypt,Damietta,300.41064,288.3103,294.4152,2020
United Republic of Tanzania,Dar es salaam,301.00928,297.31787,299.35583,2001
United Republic of Tanzania,Dar es salaam,300.83496,297.5725,299.31375,2002
United Republic of Tanzania,Dar es salaam,301.5703,297.4619,299.7648,2003
United Republic of Tanzania,Dar es salaam,301.35742,297.53613,299.4425,2004
United Republic of Tanzania,Dar es salaam,301.5752,297.4973,299.5959,2005
United Republic of Tanzania,Dar es salaam,301.50024,297.3816,299.3288,2006
United Republic of Tanzania,Dar es salaam,301.42627,297.7644,299.53067,2007
United Republic of Tanzania,Dar es salaam,300.958,297.38037,299.2811,2008
United Republic of Tanzania,Dar es salaam,301.38672,297.81763,299.80246,2009
United Republic of Tanzania,Dar es salaam,301.79272,297.99292,299.91028,2010
United Republic of Tanzania,Dar es salaam,301.43652,297.93408,299.69888,2011
United Republic of Tanzania,Dar es salaam,301.09302,297.8562,299.65176,2012
United Republic of Tanzania,Dar es salaam,301.63232,297.68457,299.6169,2013
United Republic of Tanzania,Dar es salaam,301.26343,297.95312,299.63214,2014
United Republic of Tanzania,Dar es salaam,301.5786,298.17725,299.87384,2015
United Republic of Tanzania,Dar es salaam,302.2932,297.7849,299.84396,2016
United Republic of Tanzania,Dar es salaam,301.8308,298.1062,299.81335,2017
United Republic of Tanzania,Dar es salaam,301.86133,298.28906,300.0474,2018
United Republic of Tanzania,Dar es salaam,301.86133,298.28906,300.0474,2019
United Republic of Tanzania,Dar es salaam,301.54688,297.96582,299.88312,2020
Chad,Daraba,307.58765,296.04028,302.29367,2001
Chad,Daraba,307.854,294.73145,302.43515,2002
Chad,Daraba,307.30396,296.87256,302.25504,2003
Chad,Daraba,308.0735,297.72266,302.65506,2004
Chad,Daraba,307.53296,295.5254,302.72104,2005
Chad,Daraba,306.875,295.88257,302.76547,2006
Chad,Daraba,308.07397,295.53735,302.60196,2007
Chad,Daraba,307.41235,295.80566,302.28128,2008
Chad,Daraba,307.6875,298.2754,303.30573,2009
Chad,Daraba,308.9651,298.01636,303.32352,2010
Chad,Daraba,307.86377,296.22363,302.86115,2011
Chad,Daraba,308.31885,296.77563,302.67682,2012
Chad,Daraba,307.4297,298.9214,303.39783,2013
Chad,Daraba,307.67114,297.61108,303.2031,2014
Chad,Daraba,308.11206,295.0161,302.82516,2015
Chad,Daraba,308.21118,295.65063,303.26617,2016
Chad,Daraba,308.51392,298.92285,303.29758,2017
Chad,Daraba,308.29517,297.8706,302.56512,2018
Chad,Daraba,308.29517,297.8706,302.56512,2019
Chad,Daraba,308.375,296.14624,302.67886,2020
Libya,Darnah,300.39185,286.3296,293.32736,2001
Libya,Darnah,301.02905,285.37793,293.29745,2002
Libya,Darnah,300.73926,285.30444,293.30777,2003
Libya,Darnah,299.78223,285.9668,293.26462,2004
Libya,Darnah,300.09497,285.40332,292.92645,2005
Libya,Darnah,300.92456,285.83618,292.9647,2006
Libya,Darnah,300.4265,286.89502,293.51227,2007
Libya,Darnah,300.83374,285.81543,293.78568,2008
Libya,Darnah,300.1975,286.90137,293.48965,2009
Libya,Darnah,300.71753,287.88086,294.33865,2010
Libya,Darnah,300.1931,286.9524,292.83786,2011
Libya,Darnah,301.16626,285.1438,293.47433,2012
Libya,Darnah,300.37988,286.6206,293.80295,2013
Libya,Darnah,300.43335,287.32983,293.55045,2014
Libya,Darnah,300.39014,286.30322,293.24802,2015
Libya,Darnah,300.16968,286.8152,294.04367,2016
Libya,Darnah,300.90698,284.79175,293.09573,2017
Libya,Darnah,300.72144,285.00342,293.3597,2018
Libya,Darnah,300.72144,285.00342,293.3597,2019
Libya,Darnah,300.83105,285.56226,293.52438,2020
Eritrea,Debub,300.37817,291.2473,296.85715,2001
Eritrea,Debub,300.95483,291.69043,297.0284,2002
Eritrea,Debub,300.44043,292.00146,296.99918,2003
Eritrea,Debub,300.3938,292.26733,296.85086,2004
Eritrea,Debub,300.48975,291.56836,296.76825,2005
Eritrea,Debub,300.67725,292.63257,296.80374,2006
Eritrea,Debub,300.34424,291.53735,296.62473,2007
Eritrea,Debub,300.51318,292.21582,296.68036,2008
Eritrea,Debub,301.68896,292.6316,297.34152,2009
Eritrea,Debub,301.48608,292.1902,297.25955,2010
Eritrea,Debub,300.57422,291.6787,296.45944,2011
Eritrea,Debub,301.06006,291.96313,296.98624,2012
Eritrea,Debub,301.00928,292.5171,297.27444,2013
Eritrea,Debub,300.74512,292.86353,297.04196,2014
Eritrea,Debub,301.05176,291.90723,297.50763,2015
Eritrea,Debub,301.52832,292.0432,297.30246,2016
Eritrea,Debub,301.57007,292.7744,297.55325,2017
Eritrea,Debub,300.70312,293.44873,297.31415,2018
Eritrea,Debub,300.70312,293.44873,297.31415,2019
Eritrea,Debub,301.114,291.17163,297.0418,2020
Eritrea,Debubawi Keih Bahri,307.06836,296.4641,302.04514,2001
Eritrea,Debubawi Keih Bahri,307.1775,297.50098,302.0927,2002
Eritrea,Debubawi Keih Bahri,307.07788,297.35107,302.1437,2003
Eritrea,Debubawi Keih Bahri,307.41138,297.6775,302.3528,2004
Eritrea,Debubawi Keih Bahri,307.32568,297.36133,302.22577,2005
Eritrea,Debubawi Keih Bahri,307.1941,296.62134,302.01205,2006
Eritrea,Debubawi Keih Bahri,306.7212,296.49048,302.00543,2007
Eritrea,Debubawi Keih Bahri,307.1206,296.53613,301.64993,2008
Eritrea,Debubawi Keih Bahri,307.74243,296.21362,301.7753,2009
Eritrea,Debubawi Keih Bahri,306.46753,296.67065,301.9163,2010
Eritrea,Debubawi Keih Bahri,306.88647,296.53418,301.5208,2011
Eritrea,Debubawi Keih Bahri,306.9651,296.65845,301.5139,2012
Eritrea,Debubawi Keih Bahri,307.312,297.1045,301.8394,2013
Eritrea,Debubawi Keih Bahri,306.74414,296.6482,301.71695,2014
Eritrea,Debubawi Keih Bahri,307.562,296.66895,302.3029,2015
Eritrea,Debubawi Keih Bahri,307.12402,297.81274,302.5904,2016
Eritrea,Debubawi Keih Bahri,308.05835,297.5205,302.76273,2017
Eritrea,Debubawi Keih Bahri,307.8828,297.2749,302.37308,2018
Eritrea,Debubawi Keih Bahri,307.8828,297.2749,302.37308,2019
Eritrea,Debubawi Keih Bahri,306.24487,297.54272,302.12515,2020
Nigeria,Delta,300.68042,297.6731,299.28665,2001
Nigeria,Delta,300.333,297.94165,299.2654,2002
Nigeria,Delta,300.62085,298.21362,299.45407,2003
Nigeria,Delta,300.7478,297.90137,299.4368,2004
Nigeria,Delta,301.06934,298.02686,299.5894,2005
Nigeria,Delta,300.93896,297.86792,299.71097,2006
Nigeria,Delta,301.2212,298.05347,299.5074,2007
Nigeria,Delta,301.04004,298.36475,299.51434,2008
Nigeria,Delta,301.07812,298.08716,299.73932,2009
Nigeria,Delta,301.73413,298.5691,300.12268,2010
Nigeria,Delta,301.0498,298.14893,299.7083,2011
Nigeria,Delta,300.9546,298.14722,299.60147,2012
Nigeria,Delta,301.10083,297.9839,299.6488,2013
Nigeria,Delta,300.65063,298.05835,299.65152,2014
Nigeria,Delta,300.8086,298.4038,299.71304,2015
Nigeria,Delta,301.5852,298.43433,300.11203,2016
Nigeria,Delta,301.44434,298.29175,299.96994,2017
Nigeria,Delta,301.5171,298.68945,300.12128,2018
Nigeria,Delta,301.5171,298.68945,300.12128,2019
Nigeria,Delta,301.85742,298.6294,300.18796,2020
Côte d'Ivoire,Denguele,302.9585,298.1067,299.78195,2001
Côte d'Ivoire,Denguele,303.23486,298.37988,300.09402,2002
Côte d'Ivoire,Denguele,303.29883,298.167,300.1987,2003
Côte d'Ivoire,Denguele,302.2141,298.1477,300.13992,2004
Côte d'Ivoire,Denguele,303.26538,298.18677,300.31546,2005
Côte d'Ivoire,Denguele,303.43237,297.5525,300.08237,2006
Côte d'Ivoire,Denguele,303.72827,297.7644,300.01926,2007
Côte d'Ivoire,Denguele,302.49854,296.9287,299.814,2008
Côte d'Ivoire,Denguele,303.85156,297.69604,300.23184,2009
Côte d'Ivoire,Denguele,304.2317,298.34644,300.34534,2010
Côte d'Ivoire,Denguele,303.1416,297.40088,300.006,2011
Côte d'Ivoire,Denguele,303.3452,297.635,299.74615,2012
Côte d'Ivoire,Denguele,303.62817,297.69873,299.9678,2013
Côte d'Ivoire,Denguele,303.29614,297.8496,300.01105,2014
Côte d'Ivoire,Denguele,303.83984,296.67236,299.9339,2015
Côte d'Ivoire,Denguele,303.5647,297.54907,300.1778,2016
Côte d'Ivoire,Denguele,303.65454,298.10254,300.32053,2017
Côte d'Ivoire,Denguele,303.91357,298.521,300.30487,2018
Côte d'Ivoire,Denguele,303.91357,298.521,300.30487,2019
Côte d'Ivoire,Denguele,304.08105,298.25757,300.555,2020
Madagascar,Diana,299.47095,296.05225,298.1133,2001
Madagascar,Diana,299.354,296.2893,298.18924,2002
Madagascar,Diana,299.55273,296.31543,298.28903,2003
Madagascar,Diana,299.3728,296.25293,298.00842,2004
Madagascar,Diana,299.8064,296.14185,298.2313,2005
Madagascar,Diana,299.30176,296.2234,298.25424,2006
Madagascar,Diana,299.37915,296.69995,298.27512,2007
Madagascar,Diana,299.08374,295.91748,297.9639,2008
Madagascar,Diana,299.76758,296.47388,298.44846,2009
Madagascar,Diana,299.8982,296.44995,298.4202,2010
Madagascar,Diana,299.33032,296.78296,298.3216,2011
Madagascar,Diana,299.58716,296.07056,298.19928,2012
Madagascar,Diana,299.93286,296.2964,298.39212,2013
Madagascar,Diana,299.57812,296.91406,298.402,2014
Madagascar,Diana,299.854,296.81006,298.59015,2015
Madagascar,Diana,300.4182,296.2478,298.39606,2016
Madagascar,Diana,299.61523,297.0857,298.61984,2017
Madagascar,Diana,300.19287,297.44336,298.97723,2018
Madagascar,Diana,300.19287,297.44336,298.97723,2019
Madagascar,Diana,299.86328,297.00293,298.69107,2020
Niger,Diffa,306.68726,291.68677,300.63626,2001
Niger,Diffa,306.59473,290.37402,300.85135,2002
Niger,Diffa,305.9502,292.7163,300.84128,2003
Niger,Diffa,307.81958,293.39648,301.12057,2004
Niger,Diffa,306.18018,291.89062,301.42728,2005
Niger,Diffa,307.0249,291.35718,301.18393,2006
Niger,Diffa,307.35303,291.30103,301.05704,2007
Niger,Diffa,306.6897,290.8369,300.54657,2008
Niger,Diffa,306.81982,294.00977,301.8041,2009
Niger,Diffa,307.69556,293.68628,301.92947,2010
Niger,Diffa,307.32227,292.30957,301.40396,2011
Niger,Diffa,306.93262,292.4475,301.34674,2012
Niger,Diffa,306.84595,294.69678,301.7821,2013
Niger,Diffa,307.7119,293.37085,301.60187,2014
Niger,Diffa,307.49585,291.11182,301.04913,2015
Niger,Diffa,307.38745,291.969,301.69376,2016
Niger,Diffa,307.4358,294.60254,301.3075,2017
Niger,Diffa,307.11353,293.10107,301.4494,2018
Niger,Diffa,307.11353,293.10107,301.4494,2019
Niger,Diffa,307.70776,292.32202,301.44156,2020
Djibouti,Dikhil,307.80273,295.677,301.77332,2001
Djibouti,Dikhil,308.05054,296.88184,302.21396,2002
Djibouti,Dikhil,307.458,296.58618,301.9959,2003
Djibouti,Dikhil,307.66675,297.15625,302.24832,2004
Djibouti,Dikhil,307.88037,296.5027,302.231,2005
Djibouti,Dikhil,307.82178,296.21313,301.9647,2006
Djibouti,Dikhil,307.6626,296.04712,302.03214,2007
Djibouti,Dikhil,307.17725,295.865,301.66928,2008
Djibouti,Dikhil,307.64478,295.60425,302.08,2009
Djibouti,Dikhil,308.01147,295.9441,301.81653,2010
Djibouti,Dikhil,307.63086,295.98535,301.63345,2011
Djibouti,Dikhil,307.59326,296.7024,301.62115,2012
Djibouti,Dikhil,307.854,296.50928,301.7769,2013
Djibouti,Dikhil,307.23633,296.17554,301.7241,2014
Djibouti,Dikhil,308.69238,296.56348,302.51022,2015
Djibouti,Dikhil,308.26855,297.73267,302.6734,2016
Djibouti,Dikhil,308.8767,296.2881,302.68362,2017
Djibouti,Dikhil,308.22852,296.64404,302.34116,2018
Djibouti,Dikhil,308.22852,296.64404,302.34116,2019
Djibouti,Dikhil,308.39917,297.4475,302.32648,2020
Senegal,Diourbel,302.62988,297.22583,300.71423,2001
Senegal,Diourbel,301.86694,296.83105,300.13846,2002
Senegal,Diourbel,301.46802,296.75537,299.8652,2003
Senegal,Diourbel,302.5271,296.5586,300.06848,2004
Senegal,Diourbel,302.34277,296.39258,300.22464,2005
Senegal,Diourbel,302.38794,296.1975,300.19095,2006
Senegal,Diourbel,302.2046,297.0747,300.35764,2007
Senegal,Diourbel,302.29907,296.69434,300.62454,2008
Senegal,Diourbel,302.38232,295.68042,300.03195,2009
Senegal,Diourbel,302.70825,298.28516,301.08215,2010
Senegal,Diourbel,302.07446,297.43994,300.38913,2011
Senegal,Diourbel,302.4619,297.04614,300.49503,2012
Senegal,Diourbel,302.49048,296.69482,300.41443,2013
Senegal,Diourbel,302.63135,296.96655,300.4152,2014
Senegal,Diourbel,302.3994,297.0166,300.4277,2015
Senegal,Diourbel,302.69482,298.95386,300.75333,2016
Senegal,Diourbel,303.0498,297.05737,300.78372,2017
Senegal,Diourbel,301.9922,297.03857,300.07748,2018
Senegal,Diourbel,301.9922,297.03857,300.07748,2019
Senegal,Diourbel,302.49316,297.3728,300.95963,2020
Ethiopia,Dire Dawa,294.26123,289.45825,291.79416,2001
Ethiopia,Dire Dawa,293.5691,289.7588,292.12363,2002
Ethiopia,Dire Dawa,293.85938,289.50806,292.07663,2003
Ethiopia,Dire Dawa,293.3391,290.3164,291.8113,2004
Ethiopia,Dire Dawa,293.1006,290.29565,292.0583,2005
Ethiopia,Dire Dawa,292.8401,289.9353,291.74188,2006
Ethiopia,Dire Dawa,293.70728,289.88525,292.07315,2007
Ethiopia,Dire Dawa,293.4756,289.70483,291.73148,2008
Ethiopia,Dire Dawa,294.39648,290.64526,292.75104,2009
Ethiopia,Dire Dawa,293.35718,290.1023,292.0117,2010
Ethiopia,Dire Dawa,294.93774,289.78955,292.40118,2011
Ethiopia,Dire Dawa,293.68115,290.87134,292.2761,2012
Ethiopia,Dire Dawa,293.1848,288.79053,291.67776,2013
Ethiopia,Dire Dawa,293.43262,290.04883,292.03156,2014
Ethiopia,Dire Dawa,293.97656,289.96973,292.76022,2015
Ethiopia,Dire Dawa,296.5647,290.0769,292.6752,2016
Ethiopia,Dire Dawa,294.7832,289.2119,292.52316,2017
Ethiopia,Dire Dawa,295.15234,289.93115,292.57162,2018
Ethiopia,Dire Dawa,295.15234,289.93115,292.57162,2019
Ethiopia,Dire Dawa,294.4944,290.57446,292.41745,2020
Côte d'Ivoire,District autonome de Abidjan,300.53467,297.22583,299.14407,2001
Côte d'Ivoire,District autonome de Abidjan,300.6001,297.02197,299.25302,2002
Côte d'Ivoire,District autonome de Abidjan,300.73438,296.79004,299.3608,2003
Côte d'Ivoire,District autonome de Abidjan,300.51147,297.0244,299.27176,2004
Côte d'Ivoire,District autonome de Abidjan,300.99585,296.927,299.4268,2005
Côte d'Ivoire,District autonome de Abidjan,300.72144,297.41846,299.47495,2006
Côte d'Ivoire,District autonome de Abidjan,300.57397,297.35815,299.42795,2007
Côte d'Ivoire,District autonome de Abidjan,300.563,297.708,299.5272,2008
Côte d'Ivoire,District autonome de Abidjan,300.47656,297.19263,299.28,2009
Côte d'Ivoire,District autonome de Abidjan,301.156,297.73706,299.73758,2010
Côte d'Ivoire,District autonome de Abidjan,300.70215,297.26025,299.3776,2011
Côte d'Ivoire,District autonome de Abidjan,300.50928,297.18237,299.12604,2012
Côte d'Ivoire,District autonome de Abidjan,300.5559,297.01855,299.259,2013
Côte d'Ivoire,District autonome de Abidjan,300.6516,297.2556,299.1865,2014
Côte d'Ivoire,District autonome de Abidjan,300.9004,297.2202,299.35953,2015
Côte d'Ivoire,District autonome de Abidjan,301.01,297.22925,299.5562,2016
Côte d'Ivoire,District autonome de Abidjan,300.9375,297.21362,299.49402,2017
Côte d'Ivoire,District autonome de Abidjan,301.0957,297.3855,299.7409,2018
Côte d'Ivoire,District autonome de Abidjan,301.0957,297.3855,299.7409,2019
Côte d'Ivoire,District autonome de Abidjan,301.42773,297.33887,299.71188,2020
Côte d'Ivoire,District autonome de Yamoussoukro,301.57104,298.00854,299.59348,2001
Côte d'Ivoire,District autonome de Yamoussoukro,302.14746,298.1272,299.78836,2002
Côte d'Ivoire,District autonome de Yamoussoukro,302.12866,298.49585,299.98874,2003
Côte d'Ivoire,District autonome de Yamoussoukro,301.95093,298.261,299.9381,2004
Côte d'Ivoire,District autonome de Yamoussoukro,301.94043,298.0598,300.00702,2005
Côte d'Ivoire,District autonome de Yamoussoukro,301.64404,298.65503,300.16278,2006
Côte d'Ivoire,District autonome de Yamoussoukro,302.5725,298.31128,300.12637,2007
Côte d'Ivoire,District autonome de Yamoussoukro,301.99902,298.44873,299.9429,2008
Côte d'Ivoire,District autonome de Yamoussoukro,301.18262,298.3684,300.02414,2009
Côte d'Ivoire,District autonome de Yamoussoukro,302.13208,298.90112,300.36356,2010
Côte d'Ivoire,District autonome de Yamoussoukro,301.44263,298.60596,299.9401,2011
Côte d'Ivoire,District autonome de Yamoussoukro,301.60693,298.24097,299.88272,2012
Côte d'Ivoire,District autonome de Yamoussoukro,302.47754,298.14355,300.03992,2013
Côte d'Ivoire,District autonome de Yamoussoukro,301.77563,298.4314,300.02975,2014
Côte d'Ivoire,District autonome de Yamoussoukro,301.66455,298.5952,300.08707,2015
Côte d'Ivoire,District autonome de Yamoussoukro,302.95435,298.87964,300.57574,2016
Côte d'Ivoire,District autonome de Yamoussoukro,302.1338,298.41284,300.25443,2017
Côte d'Ivoire,District autonome de Yamoussoukro,301.9375,298.37378,300.1312,2018
Côte d'Ivoire,District autonome de Yamoussoukro,301.9375,298.37378,300.1312,2019
Côte d'Ivoire,District autonome de Yamoussoukro,302.74023,298.44238,300.28464,2020
Algeria,Djelfa,300.38794,279.56592,289.29074,2001
Algeria,Djelfa,299.10913,279.76855,289.32285,2002
Algeria,Djelfa,302.3943,278.8474,289.28287,2003
Algeria,Djelfa,300.542,279.95312,288.6357,2004
Algeria,Djelfa,301.062,276.65918,288.37778,2005
Algeria,Djelfa,300.72925,277.75806,289.46732,2006
Algeria,Djelfa,300.45386,279.49658,288.61725,2007
Algeria,Djelfa,301.23584,278.8474,288.85272,2008
Algeria,Djelfa,302.67407,279.4226,289.18253,2009
Algeria,Djelfa,301.01636,280.39722,288.88928,2010
Algeria,Djelfa,300.71143,279.87622,289.12286,2011
Algeria,Djelfa,302.58667,276.41528,289.342,2012
Algeria,Djelfa,299.56787,278.8369,288.55652,2013
Algeria,Djelfa,300.33765,279.76953,289.48712,2014
Algeria,Djelfa,301.46582,278.69385,289.31198,2015
Algeria,Djelfa,300.32397,281.9226,289.6169,2016
Algeria,Djelfa,301.92358,278.2566,289.8127,2017
Algeria,Djelfa,302.18945,278.8296,289.49838,2018
Algeria,Djelfa,302.18945,278.8296,289.49838,2019
Algeria,Djelfa,301.8291,280.18726,290.18503,2020
Djibouti,Djibouti,307.07227,296.03052,301.37308,2001
Djibouti,Djibouti,306.58813,296.80957,301.40732,2002
Djibouti,Djibouti,307.2439,296.56982,301.54767,2003
Djibouti,Djibouti,307.15552,297.05078,301.5885,2004
Djibouti,Djibouti,307.0503,296.56445,301.68085,2005
Djibouti,Djibouti,306.93433,296.3557,301.40057,2006
Djibouti,Djibouti,306.7798,296.43774,301.60342,2007
Djibouti,Djibouti,306.7671,296.27832,301.10208,2008
Djibouti,Djibouti,307.47485,295.84644,301.34787,2009
Djibouti,Djibouti,306.57788,296.59644,301.45764,2010
Djibouti,Djibouti,306.7478,296.06348,301.18063,2011
Djibouti,Djibouti,306.85376,296.5647,301.1425,2012
Djibouti,Djibouti,306.98584,296.8999,301.39914,2013
Djibouti,Djibouti,306.98047,296.30444,301.32584,2014
Djibouti,Djibouti,307.31738,296.5962,301.6533,2015
Djibouti,Djibouti,307.0349,297.45044,301.968,2016
Djibouti,Djibouti,307.79077,296.9795,301.92664,2017
Djibouti,Djibouti,307.86133,296.64404,301.64764,2018
Djibouti,Djibouti,307.86133,296.64404,301.64764,2019
Djibouti,Djibouti,306.86597,297.1643,301.69968,2020
United Republic of Tanzania,Dodoma,297.70068,291.91162,294.71326,2001
United Republic of Tanzania,Dodoma,296.3379,292.42798,294.6451,2002
United Republic of Tanzania,Dodoma,297.8672,292.07007,295.55972,2003
United Republic of Tanzania,Dodoma,297.16992,292.43872,294.93372,2004
United Republic of Tanzania,Dodoma,298.52612,292.36084,295.73764,2005
United Republic of Tanzania,Dodoma,298.71704,292.43628,295.17905,2006
United Republic of Tanzania,Dodoma,296.94824,292.99878,295.05392,2007
United Republic of Tanzania,Dodoma,297.17358,291.94287,294.9175,2008
United Republic of Tanzania,Dodoma,298.40308,292.53345,295.51715,2009
United Republic of Tanzania,Dodoma,297.36133,292.4519,295.0527,2010
United Republic of Tanzania,Dodoma,296.8147,293.031,295.2801,2011
United Republic of Tanzania,Dodoma,297.94458,292.5647,295.37717,2012
United Republic of Tanzania,Dodoma,297.58496,292.53467,295.20023,2013
United Republic of Tanzania,Dodoma,297.4646,293.2832,295.51724,2014
United Republic of Tanzania,Dodoma,297.70166,292.95215,295.48257,2015
United Republic of Tanzania,Dodoma,298.59204,292.4685,295.43546,2016
United Republic of Tanzania,Dodoma,298.19434,293.38843,295.8936,2017
United Republic of Tanzania,Dodoma,298.1289,293.10938,295.54916,2018
United Republic of Tanzania,Dodoma,298.1289,293.10938,295.54916,2019
United Republic of Tanzania,Dodoma,296.2744,292.19043,294.59567,2020
Uganda,Dokolo,299.1316,295.0288,296.45496,2001
Uganda,Dokolo,300.65332,296.26855,297.21722,2002
Uganda,Dokolo,300.3142,295.01538,297.2586,2003
Uganda,Dokolo,299.63647,295.4817,297.07712,2004
Uganda,Dokolo,301.00488,295.3081,297.49222,2005
Uganda,Dokolo,299.8225,295.56323,296.76498,2006
Uganda,Dokolo,298.52588,295.00073,296.773,2007
Uganda,Dokolo,299.4912,295.00342,296.69467,2008
Uganda,Dokolo,300.24414,296.25415,297.42975,2009
Uganda,Dokolo,298.67773,295.3894,296.8491,2010
Uganda,Dokolo,299.86646,295.2036,296.71042,2011
Uganda,Dokolo,300.56787,295.14282,296.75266,2012
Uganda,Dokolo,298.37402,295.2334,296.5217,2013
Uganda,Dokolo,299.469,295.13257,297.05026,2014
Uganda,Dokolo,300.8828,295.9392,297.45734,2015
Uganda,Dokolo,301.17017,296.07104,298.15274,2016
Uganda,Dokolo,300.8855,295.69507,297.7759,2017
Uganda,Dokolo,300.6858,295.3418,297.27914,2018
Uganda,Dokolo,300.6858,295.3418,297.27914,2019
Uganda,Dokolo,298.32617,295.3369,296.51935,2020
Benin,Donga,303.30298,297.50122,299.84314,2001
Benin,Donga,303.62183,298.00806,299.7911,2002
Benin,Donga,302.8672,297.64355,299.85495,2003
Benin,Donga,302.24585,297.6692,299.62643,2004
Benin,Donga,303.8396,297.62427,300.0959,2005
Benin,Donga,303.76514,297.36792,300.0643,2006
Benin,Donga,303.1682,297.6062,299.8731,2007
Benin,Donga,303.0459,297.1338,299.7855,2008
Benin,Donga,303.65234,298.22876,300.05197,2009
Benin,Donga,303.60474,298.1277,300.3281,2010
Benin,Donga,303.51465,298.24268,300.14224,2011
Benin,Donga,302.84912,297.67456,299.78506,2012
Benin,Donga,303.59497,297.57324,300.0321,2013
Benin,Donga,303.0725,297.9724,300.03903,2014
Benin,Donga,303.04297,297.33643,300.12985,2015
Benin,Donga,303.45728,298.3777,300.35846,2016
Benin,Donga,304.0608,298.01245,300.39636,2017
Benin,Donga,304.1582,298.15503,300.39716,2018
Benin,Donga,304.1582,298.15503,300.39716,2019
Benin,Donga,303.8518,298.16064,300.17545,2020
Niger,Dosso,307.7556,295.91724,302.09787,2001
Niger,Dosso,308.15552,295.68457,302.3826,2002
Niger,Dosso,306.78442,297.17017,302.39694,2003
Niger,Dosso,306.886,297.29883,302.60788,2004
Niger,Dosso,306.80054,295.91016,302.6198,2005
Niger,Dosso,306.88086,296.04858,302.43622,2006
Niger,Dosso,307.35132,295.43384,302.24924,2007
Niger,Dosso,306.79712,293.79004,301.8122,2008
Niger,Dosso,307.22876,297.2683,303.09918,2009
Niger,Dosso,308.26782,297.47144,303.04944,2010
Niger,Dosso,307.5337,296.65723,302.87628,2011
Niger,Dosso,307.11963,296.83813,302.58585,2012
Niger,Dosso,307.7522,297.94287,302.8091,2013
Niger,Dosso,307.3938,297.51172,302.68976,2014
Niger,Dosso,307.78784,295.36572,302.27438,2015
Niger,Dosso,307.33618,296.53735,302.71393,2016
Niger,Dosso,307.54492,297.614,302.66574,2017
Niger,Dosso,307.84204,296.7964,302.827,2018
Niger,Dosso,307.84204,296.7964,302.827,2019
Niger,Dosso,308.35645,297.07983,302.63278,2020
Morocco,Doukkala - Abda,294.92847,288.5808,291.7196,2001
Morocco,Doukkala - Abda,294.33643,288.65527,291.52582,2002
Morocco,Doukkala - Abda,296.0869,287.9978,291.7337,2003
Morocco,Doukkala - Abda,296.292,288.2129,291.6707,2004
Morocco,Doukkala - Abda,295.52075,286.75586,291.3641,2005
Morocco,Doukkala - Abda,295.9851,287.38892,291.83694,2006
Morocco,Doukkala - Abda,294.86792,288.01,291.40567,2007
Morocco,Doukkala - Abda,294.4956,287.91577,291.31952,2008
Morocco,Doukkala - Abda,295.32935,287.28394,291.76422,2009
Morocco,Doukkala - Abda,296.22534,288.9414,292.01413,2010
Morocco,Doukkala - Abda,294.82275,288.19263,291.80338,2011
Morocco,Doukkala - Abda,295.0608,286.6516,291.31305,2012
Morocco,Doukkala - Abda,295.2256,287.7627,291.44714,2013
Morocco,Doukkala - Abda,295.292,287.84595,291.6608,2014
Morocco,Doukkala - Abda,295.2119,287.12744,291.64322,2015
Morocco,Doukkala - Abda,295.6765,288.07446,291.7914,2016
Morocco,Doukkala - Abda,295.1687,288.1433,291.7567,2017
Morocco,Doukkala - Abda,294.4807,288.06006,291.33905,2018
Morocco,Doukkala - Abda,294.4807,288.06006,291.33905,2019
Morocco,Doukkala - Abda,294.8213,288.4021,291.8195,2020
Rwanda,East/Iburasirazuba,293.94995,292.86328,293.39767,2001
Rwanda,East/Iburasirazuba,294.90137,292.92578,293.7563,2002
Rwanda,East/Iburasirazuba,295.656,293.3098,294.08478,2003
Rwanda,East/Iburasirazuba,295.4431,293.44946,294.4446,2004
Rwanda,East/Iburasirazuba,296.61035,293.43604,294.45932,2005
Rwanda,East/Iburasirazuba,295.39478,292.90137,294.17416,2006
Rwanda,East/Iburasirazuba,294.92212,292.91895,293.83307,2007
Rwanda,East/Iburasirazuba,294.06152,293.20728,293.6247,2008
Rwanda,East/Iburasirazuba,294.90747,293.3423,294.18137,2009
Rwanda,East/Iburasirazuba,295.5476,293.40112,294.41043,2010
Rwanda,East/Iburasirazuba,295.27856,293.10376,293.88458,2011
Rwanda,East/Iburasirazuba,295.44678,293.2893,294.07462,2012
Rwanda,East/Iburasirazuba,294.90332,293.18652,294.16916,2013
Rwanda,East/Iburasirazuba,295.6643,293.62988,294.4904,2014
Rwanda,East/Iburasirazuba,295.66943,293.45996,294.68063,2015
Rwanda,East/Iburasirazuba,296.2151,293.9248,295.16348,2016
Rwanda,East/Iburasirazuba,295.93628,293.72754,294.77966,2017
Rwanda,East/Iburasirazuba,295.98657,293.59937,294.7741,2018
Rwanda,East/Iburasirazuba,295.98657,293.59937,294.7741,2019
Rwanda,East/Iburasirazuba,295.9873,293.6526,294.88882,2020
Ghana,Eastern,303.04907,298.56763,300.8993,2001
Kenya,Eastern,303.3933,300.6831,302.1519,2001
Sierra Leone,Eastern,300.38306,296.12622,297.82767,2001
Zambia,Eastern,299.8213,292.44482,295.87228,2001
Ghana,Eastern,303.01855,298.89087,300.96918,2002
Kenya,Eastern,304.73145,300.53296,301.9622,2002
Sierra Leone,Eastern,300.78564,296.42798,298.11664,2002
Zambia,Eastern,300.34326,292.13965,295.69037,2002
Ghana,Eastern,303.37305,299.2881,301.2249,2003
Kenya,Eastern,305.14038,300.1748,302.19333,2003
Sierra Leone,Eastern,301.0254,295.9873,298.10788,2003
Zambia,Eastern,300.46216,291.9314,296.04523,2003
Ghana,Eastern,303.0603,299.21582,301.1572,2004
Kenya,Eastern,305.18726,300.46704,302.15897,2004
Sierra Leone,Eastern,300.07593,296.2942,297.91858,2004
Zambia,Eastern,299.91772,292.30396,296.01755,2004
Ghana,Eastern,303.35645,298.8977,301.20786,2005
Kenya,Eastern,305.03418,300.99365,302.82962,2005
Sierra Leone,Eastern,300.00098,296.24536,297.83417,2005
Zambia,Eastern,301.02002,292.62646,297.17108,2005
Ghana,Eastern,303.15454,299.0476,301.28128,2006
Kenya,Eastern,304.35376,299.76147,302.47806,2006
Sierra Leone,Eastern,300.68042,296.37964,298.07913,2006
Zambia,Eastern,300.43286,292.50464,296.0617,2006
Ghana,Eastern,303.54517,299.25073,301.2507,2007
Kenya,Eastern,304.02588,300.4126,302.34283,2007
Sierra Leone,Eastern,301.2307,295.93237,298.08517,2007
Zambia,Eastern,300.65723,292.56714,296.2486,2007
Ghana,Eastern,302.9873,299.38452,301.29526,2008
Kenya,Eastern,304.87012,301.0818,302.66278,2008
Sierra Leone,Eastern,299.8252,295.69897,297.7492,2008
Zambia,Eastern,300.3357,292.18896,295.78973,2008
Ghana,Eastern,303.2539,299.5774,301.49796,2009
Kenya,Eastern,305.03125,301.3457,302.92047,2009
Sierra Leone,Eastern,300.87793,295.99146,298.20694,2009
Zambia,Eastern,300.43433,291.96704,296.05508,2009
Ghana,Eastern,303.47046,299.83667,301.7913,2010
Kenya,Eastern,304.7185,301.17456,302.7031,2010
Sierra Leone,Eastern,301.00952,296.1848,298.068,2010
Zambia,Eastern,300.96094,292.8191,296.39597,2010
Ghana,Eastern,302.9475,299.30908,301.34958,2011
Kenya,Eastern,304.75293,299.0022,302.39322,2011
Sierra Leone,Eastern,300.69263,296.1587,297.798,2011
Zambia,Eastern,299.43384,292.4568,296.03854,2011
Ghana,Eastern,303.12256,299.13354,301.16266,2012
Kenya,Eastern,304.45435,301.04712,302.38303,2012
Sierra Leone,Eastern,300.83154,295.69604,297.78946,2012
Zambia,Eastern,300.96875,292.7229,296.32867,2012
Ghana,Eastern,303.43652,299.2744,301.34738,2013
Kenya,Eastern,305.0127,301.01172,302.42795,2013
Sierra Leone,Eastern,300.92676,295.96973,298.12717,2013
Zambia,Eastern,301.27246,293.1548,296.7554,2013
Ghana,Eastern,302.8811,299.031,301.26462,2014
Kenya,Eastern,304.32593,301.49292,302.6196,2014
Sierra Leone,Eastern,301.17603,295.99585,298.01886,2014
Zambia,Eastern,300.99487,293.31055,296.7524,2014
Ghana,Eastern,303.1079,299.71045,301.49625,2015
Kenya,Eastern,304.9829,300.45898,302.52213,2015
Sierra Leone,Eastern,300.92383,296.7124,298.04996,2015
Zambia,Eastern,301.70215,294.1189,297.0988,2015
Ghana,Eastern,303.72974,299.7234,301.73117,2016
Kenya,Eastern,305.92798,301.39233,303.10992,2016
Sierra Leone,Eastern,302.19165,296.4724,298.39005,2016
Zambia,Eastern,301.26074,292.7693,296.79855,2016
Ghana,Eastern,303.60962,299.4187,301.66833,2017
Kenya,Eastern,305.29907,300.58496,302.93982,2017
Sierra Leone,Eastern,301.3557,296.73804,298.63235,2017
Zambia,Eastern,301.3994,293.70874,296.65335,2017
Ghana,Eastern,303.56665,299.92847,301.841,2018
Kenya,Eastern,305.63892,300.72607,302.9354,2018
Sierra Leone,Eastern,301.66797,296.33667,298.70868,2018
Zambia,Eastern,301.41382,293.2754,297.13153,2018
Ghana,Eastern,303.56665,299.92847,301.841,2019
Kenya,Eastern,305.63892,300.72607,302.9354,2019
Sierra Leone,Eastern,301.66797,296.33667,298.70868,2019
Zambia,Eastern,301.41382,293.2754,297.13153,2019
Ghana,Eastern,304.04297,299.81152,301.80338,2020
Kenya,Eastern,303.29517,300.93262,302.15396,2020
Sierra Leone,Eastern,301.9768,296.1377,298.69333,2020
Zambia,Eastern,301.05103,292.3291,296.54962,2020
South Africa,Eastern Cape,294.6648,290.1831,292.32556,2001
South Africa,Eastern Cape,294.37012,290.35718,292.17474,2002
South Africa,Eastern Cape,295.85718,289.1338,292.24265,2003
South Africa,Eastern Cape,295.13452,289.44653,292.65198,2004
South Africa,Eastern Cape,295.24316,290.30786,292.45267,2005
South Africa,Eastern Cape,295.53345,290.15503,292.31122,2006
South Africa,Eastern Cape,295.32837,290.33862,292.55817,2007
South Africa,Eastern Cape,295.78027,289.69238,292.57455,2008
South Africa,Eastern Cape,295.25488,289.84424,292.38516,2009
South Africa,Eastern Cape,295.6443,290.302,292.58884,2010
South Africa,Eastern Cape,296.34106,289.66772,292.37448,2011
South Africa,Eastern Cape,295.87915,289.70386,292.41754,2012
South Africa,Eastern Cape,295.1709,289.85254,292.41263,2013
South Africa,Eastern Cape,296.01782,290.5935,292.5781,2014
South Africa,Eastern Cape,295.03027,289.47754,292.4544,2015
South Africa,Eastern Cape,295.73657,290.10913,292.51047,2016
South Africa,Eastern Cape,295.30176,289.4734,292.2401,2017
South Africa,Eastern Cape,294.22485,290.56714,292.35565,2018
South Africa,Eastern Cape,294.22485,290.56714,292.35565,2019
South Africa,Eastern Cape,295.14453,289.31152,292.31656,2020
South Sudan,Eastern Equatoria,298.33472,295.84473,297.0554,2001
South Sudan,Eastern Equatoria,300.39746,296.01367,297.55478,2002
South Sudan,Eastern Equatoria,299.68335,295.51074,297.25552,2003
South Sudan,Eastern Equatoria,299.85718,295.7229,297.30838,2004
South Sudan,Eastern Equatoria,301.02246,296.48682,298.0578,2005
South Sudan,Eastern Equatoria,299.98462,295.40918,297.37845,2006
South Sudan,Eastern Equatoria,299.05103,295.41455,297.07883,2007
South Sudan,Eastern Equatoria,299.44238,295.89014,297.32294,2008
South Sudan,Eastern Equatoria,299.05566,296.0879,297.94,2009
South Sudan,Eastern Equatoria,299.11304,296.86353,297.64548,2010
South Sudan,Eastern Equatoria,300.35864,295.0979,297.25015,2011
South Sudan,Eastern Equatoria,300.26904,295.39478,297.1008,2012
South Sudan,Eastern Equatoria,299.4463,295.60254,297.15482,2013
South Sudan,Eastern Equatoria,299.08423,296.19116,297.41275,2014
South Sudan,Eastern Equatoria,300.37183,295.8838,297.8333,2015
South Sudan,Eastern Equatoria,300.8186,296.32397,298.30704,2016
South Sudan,Eastern Equatoria,300.32642,295.8877,298.04056,2017
South Sudan,Eastern Equatoria,300.9004,295.32617,297.52557,2018
South Sudan,Eastern Equatoria,300.9004,295.32617,297.52557,2019
South Sudan,Eastern Equatoria,298.34595,295.2373,296.75143,2020
Nigeria,Ebonyi,303.2019,298.48755,300.70724,2001
Nigeria,Ebonyi,303.43652,298.59985,300.62396,2002
Nigeria,Ebonyi,304.04492,298.80762,300.9482,2003
Nigeria,Ebonyi,303.8806,298.708,300.9513,2004
Nigeria,Ebonyi,304.49316,298.9077,301.2274,2005
Nigeria,Ebonyi,303.9143,298.5398,301.30927,2006
Nigeria,Ebonyi,304.3247,298.43823,300.83942,2007
Nigeria,Ebonyi,303.56152,298.70093,300.73895,2008
Nigeria,Ebonyi,304.8457,299.2063,301.259,2009
Nigeria,Ebonyi,305.35913,299.36646,301.63147,2010
Nigeria,Ebonyi,304.0713,298.79346,301.02438,2011
Nigeria,Ebonyi,304.65967,298.84985,300.91916,2012
Nigeria,Ebonyi,304.15723,298.6787,300.8796,2013
Nigeria,Ebonyi,304.01978,298.7146,300.86667,2014
Nigeria,Ebonyi,303.25244,299.2234,301.15103,2015
Nigeria,Ebonyi,305.0774,299.10718,301.27872,2016
Nigeria,Ebonyi,304.56934,298.93628,301.41214,2017
Nigeria,Ebonyi,302.80615,299.30737,301.05356,2018
Nigeria,Ebonyi,302.80615,299.30737,301.05356,2019
Nigeria,Ebonyi,304.58228,298.9829,301.46677,2020
Nigeria,Edo,300.58472,296.60864,298.7769,2001
Nigeria,Edo,300.34277,296.8108,298.61566,2002
Nigeria,Edo,301.13843,297.1338,298.91354,2003
Nigeria,Edo,301.2439,296.9873,298.9552,2004
Nigeria,Edo,301.63574,297.18115,299.13333,2005
Nigeria,Edo,301.1018,296.6062,299.16214,2006
Nigeria,Edo,301.56274,296.65894,298.81046,2007
Nigeria,Edo,300.57715,297.16553,298.8641,2008
Nigeria,Edo,301.61914,297.5227,299.1428,2009
Nigeria,Edo,302.53052,297.61792,299.6129,2010
Nigeria,Edo,301.4502,297.16064,299.06622,2011
Nigeria,Edo,301.65967,296.9265,298.88937,2012
Nigeria,Edo,301.42505,297.1045,299.01242,2013
Nigeria,Edo,300.76587,296.8806,298.9339,2014
Nigeria,Edo,301.39307,297.5288,299.1595,2015
Nigeria,Edo,302.0188,297.53882,299.4294,2016
Nigeria,Edo,301.7998,297.14917,299.46878,2017
Nigeria,Edo,301.0332,297.61987,299.3389,2018
Nigeria,Edo,301.0332,297.61987,299.3389,2019
Nigeria,Edo,301.72876,297.3169,299.45084,2020
Nigeria,Ekiti,301.3518,296.53442,299.0282,2001
Nigeria,Ekiti,301.1787,296.8518,298.8593,2002
Nigeria,Ekiti,301.83984,297.19434,299.22394,2003
Nigeria,Ekiti,301.5564,296.92114,299.08786,2004
Nigeria,Ekiti,301.98145,297.13037,299.3135,2005
Nigeria,Ekiti,301.58228,296.69214,299.27557,2006
Nigeria,Ekiti,302.32446,296.52222,298.98233,2007
Nigeria,Ekiti,300.70605,297.20093,298.91376,2008
Nigeria,Ekiti,302.20508,297.4602,299.24435,2009
Nigeria,Ekiti,302.88843,297.5691,299.72278,2010
Nigeria,Ekiti,301.95996,297.1919,299.22833,2011
Nigeria,Ekiti,301.937,296.81323,299.0313,2012
Nigeria,Ekiti,301.9348,297.15918,299.2097,2013
Nigeria,Ekiti,301.0569,297.0193,299.08658,2014
Nigeria,Ekiti,301.67432,297.50732,299.22165,2015
Nigeria,Ekiti,302.22778,297.5515,299.52756,2016
Nigeria,Ekiti,302.13892,297.12378,299.6589,2017
Nigeria,Ekiti,301.4961,297.5105,299.46713,2018
Nigeria,Ekiti,301.4961,297.5105,299.46713,2019
Nigeria,Ekiti,302.09204,297.1626,299.54977,2020
Algeria,El Bayadh,300.87646,280.09302,289.7362,2001
Algeria,El Bayadh,299.29272,279.46777,289.1386,2002
Algeria,El Bayadh,302.0349,278.5464,289.15558,2003
Algeria,El Bayadh,300.5381,279.0664,288.7908,2004
Algeria,El Bayadh,301.62646,276.69336,288.83676,2005
Algeria,El Bayadh,301.3601,277.80103,289.5822,2006
Algeria,El Bayadh,301.12183,279.04932,288.77936,2007
Algeria,El Bayadh,301.39795,278.12866,288.6937,2008
Algeria,El Bayadh,302.08423,278.9109,289.26828,2009
Algeria,El Bayadh,301.6062,281.38477,289.5076,2010
Algeria,El Bayadh,300.81885,279.21924,289.1201,2011
Algeria,El Bayadh,302.32495,276.84302,289.22614,2012
Algeria,El Bayadh,299.63623,279.24365,288.4177,2013
Algeria,El Bayadh,300.25952,278.9336,289.1992,2014
Algeria,El Bayadh,301.59473,278.49268,289.15982,2015
Algeria,El Bayadh,301.57202,280.0984,289.63776,2016
Algeria,El Bayadh,301.9431,277.2898,289.73538,2017
Algeria,El Bayadh,301.9707,278.10693,289.38968,2018
Algeria,El Bayadh,301.9707,278.10693,289.38968,2019
Algeria,El Bayadh,302.03613,278.15796,290.16193,2020
South Sudan,El Buheyrat,303.02368,298.72388,300.5951,2001
South Sudan,El Buheyrat,304.5376,298.98267,301.04828,2002
South Sudan,El Buheyrat,305.2168,298.69238,301.3172,2003
South Sudan,El Buheyrat,305.32593,298.87402,301.46512,2004
South Sudan,El Buheyrat,306.40918,298.81592,301.862,2005
South Sudan,El Buheyrat,304.94165,298.9265,301.13333,2006
South Sudan,El Buheyrat,305.2522,298.55542,301.3259,2007
South Sudan,El Buheyrat,304.43848,298.71436,301.18182,2008
South Sudan,El Buheyrat,304.7539,299.52002,301.92697,2009
South Sudan,El Buheyrat,305.24927,298.9148,301.73026,2010
South Sudan,El Buheyrat,304.7744,298.67822,301.2464,2011
South Sudan,El Buheyrat,305.5327,298.34204,301.35275,2012
South Sudan,El Buheyrat,305.5149,298.41113,301.77576,2013
South Sudan,El Buheyrat,304.98462,298.7732,301.44058,2014
South Sudan,El Buheyrat,306.10547,300.13428,302.06818,2015
South Sudan,El Buheyrat,307.1018,299.43042,302.50104,2016
South Sudan,El Buheyrat,306.1604,299.16675,302.51437,2017
South Sudan,El Buheyrat,306.32617,298.7068,301.89407,2018
South Sudan,El Buheyrat,306.32617,298.7068,301.89407,2019
South Sudan,El Buheyrat,306.5381,298.80566,301.8478,2020
Algeria,El Oued,309.81396,284.437,297.32492,2001
Algeria,El Oued,308.72046,283.7334,296.81146,2002
Algeria,El Oued,310.4353,285.1936,296.951,2003
Algeria,El Oued,309.1494,286.07227,296.36,2004
Algeria,El Oued,310.08545,283.29102,296.5015,2005
Algeria,El Oued,308.61206,283.5686,296.59457,2006
Algeria,El Oued,308.26245,285.1897,296.71344,2007
Algeria,El Oued,310.1421,284.43335,296.75165,2008
Algeria,El Oued,309.9143,285.40503,296.18707,2009
Algeria,El Oued,309.3894,286.07886,296.88,2010
Algeria,El Oued,309.36108,285.74512,296.64337,2011
Algeria,El Oued,310.52173,284.72583,297.0717,2012
Algeria,El Oued,308.88818,285.98975,296.85486,2013
Algeria,El Oued,309.02515,286.48022,297.5602,2014
Algeria,El Oued,308.62793,284.97754,296.83932,2015
Algeria,El Oued,308.93335,286.79517,297.4737,2016
Algeria,El Oued,309.27905,284.25073,297.00378,2017
Algeria,El Oued,309.9004,285.2163,296.9914,2018
Algeria,El Oued,309.9004,285.2163,296.9914,2019
Algeria,El Oued,309.25293,285.39624,297.2065,2020
Algeria,El-Tarf,298.05005,286.18042,291.7009,2001
Algeria,El-Tarf,297.43774,285.78223,291.4451,2002
Algeria,El-Tarf,300.3584,284.84937,291.9316,2003
Algeria,El-Tarf,298.5498,286.3125,291.35934,2004
Algeria,El-Tarf,297.56372,283.8916,291.05487,2005
Algeria,El-Tarf,298.34058,284.95532,291.7476,2006
Algeria,El-Tarf,298.15112,286.68384,291.44376,2007
Algeria,El-Tarf,298.365,286.28613,291.49252,2008
Algeria,El-Tarf,299.14966,285.01465,291.5821,2009
Algeria,El-Tarf,297.78784,286.66406,291.39645,2010
Algeria,El-Tarf,298.49268,285.39185,291.56393,2011
Algeria,El-Tarf,299.89917,283.2434,291.7818,2012
Algeria,El-Tarf,298.333,284.48926,291.34314,2013
Algeria,El-Tarf,298.2439,286.1233,292.006,2014
Algeria,El-Tarf,299.37646,284.73682,291.8649,2015
Algeria,El-Tarf,297.45874,286.97095,292.09982,2016
Algeria,El-Tarf,299.75464,285.2312,291.84378,2017
Algeria,El-Tarf,299.68823,285.4917,291.80276,2018
Algeria,El-Tarf,299.68823,285.4917,291.80276,2019
Algeria,El-Tarf,299.25488,286.8689,292.08624,2020
Chad,Ennedi,305.09692,284.8352,295.8298,2001
Chad,Ennedi,304.22095,282.40527,296.03168,2002
Chad,Ennedi,303.84668,285.79517,296.26837,2003
Chad,Ennedi,303.86255,286.58984,296.11893,2004
Chad,Ennedi,304.58325,285.21094,296.6641,2005
Chad,Ennedi,304.74292,284.67554,296.45102,2006
Chad,Ennedi,304.8933,284.1526,296.43448,2007
Chad,Ennedi,304.17944,284.89355,296.15775,2008
Chad,Ennedi,304.6311,286.93945,296.75186,2009
Chad,Ennedi,305.34253,287.35425,297.97522,2010
Chad,Ennedi,304.41064,285.5537,296.2145,2011
Chad,Ennedi,304.84985,284.75806,296.8023,2012
Chad,Ennedi,304.03418,287.8921,296.9203,2013
Chad,Ennedi,304.7146,286.8689,296.98386,2014
Chad,Ennedi,306.14404,284.5298,296.6507,2015
Chad,Ennedi,305.00293,284.20142,296.87784,2016
Chad,Ennedi,304.90918,286.76855,296.30814,2017
Chad,Ennedi,305.13477,286.57568,297.12485,2018
Chad,Ennedi,305.13477,286.57568,297.12485,2019
Chad,Ennedi,304.23535,284.25366,296.68796,2020
Nigeria,Enugu,301.64526,296.97778,299.2551,2001
Nigeria,Enugu,301.1045,297.12524,299.03983,2002
Nigeria,Enugu,301.72827,297.4248,299.3102,2003
Nigeria,Enugu,302.1853,297.25488,299.48157,2004
Nigeria,Enugu,302.80957,297.4546,299.66653,2005
Nigeria,Enugu,301.87646,296.99683,299.7432,2006
Nigeria,Enugu,302.48096,297.0652,299.37375,2007
Nigeria,Enugu,302.0381,297.41772,299.3039,2008
Nigeria,Enugu,302.86328,297.86353,299.69992,2009
Nigeria,Enugu,303.7478,297.93823,300.20715,2010
Nigeria,Enugu,302.12988,297.38525,299.49152,2011
Nigeria,Enugu,302.7495,297.3523,299.3653,2012
Nigeria,Enugu,302.25098,297.3623,299.39212,2013
Nigeria,Enugu,302.30884,297.26733,299.45554,2014
Nigeria,Enugu,301.95752,297.85645,299.65314,2015
Nigeria,Enugu,303.3899,297.781,299.87946,2016
Nigeria,Enugu,302.93066,297.5691,299.9359,2017
Nigeria,Enugu,301.5879,297.85815,299.68036,2018
Nigeria,Enugu,301.5879,297.85815,299.68036,2019
Nigeria,Enugu,302.45703,297.64697,300.01022,2020
Democratic Republic of the Congo,Equateur,300.85034,298.09253,299.23816,2001
Democratic Republic of the Congo,Equateur,301.13965,297.9878,299.45975,2002
Democratic Republic of the Congo,Equateur,302.3181,298.07007,299.69742,2003
Democratic Republic of the Congo,Equateur,302.84546,297.9895,299.75208,2004
Democratic Republic of the Congo,Equateur,303.31348,297.8352,299.8812,2005
Democratic Republic of the Congo,Equateur,302.44556,298.08276,299.5892,2006
Democratic Republic of the Congo,Equateur,302.21118,297.80542,299.54025,2007
Democratic Republic of the Congo,Equateur,301.33105,297.83545,299.3117,2008
Democratic Republic of the Congo,Equateur,302.13086,298.5979,299.8588,2009
Democratic Republic of the Congo,Equateur,302.20825,298.27026,299.79114,2010
Democratic Republic of the Congo,Equateur,301.83105,297.96704,299.2775,2011
Democratic Republic of the Congo,Equateur,301.63037,297.83667,299.39215,2012
Democratic Republic of the Congo,Equateur,301.77832,298.06543,299.69632,2013
Democratic Republic of the Congo,Equateur,301.77173,298.11108,299.73044,2014
Democratic Republic of the Congo,Equateur,302.45947,298.8838,300.0208,2015
Democratic Republic of the Congo,Equateur,302.87817,298.60522,300.20123,2016
Democratic Republic of the Congo,Equateur,303.1006,298.1609,300.1926,2017
Democratic Republic of the Congo,Equateur,302.5703,298.156,300.23764,2018
Democratic Republic of the Congo,Equateur,302.5703,298.156,300.23764,2019
Democratic Republic of the Congo,Equateur,303.14258,298.2295,300.41763,2020
Namibia,Erongo,291.86743,286.8816,289.66263,2001
Namibia,Erongo,293.02222,286.9275,289.58685,2002
Namibia,Erongo,291.66187,286.49292,289.63507,2003
Namibia,Erongo,291.69067,286.13184,289.6287,2004
Namibia,Erongo,292.1455,286.1985,289.15643,2005
Namibia,Erongo,291.9402,287.33667,289.78763,2006
Namibia,Erongo,292.41235,287.58862,289.73624,2007
Namibia,Erongo,292.7744,287.2998,289.9074,2008
Namibia,Erongo,292.8418,287.53174,289.93692,2009
Namibia,Erongo,292.0227,287.94702,289.8883,2010
Namibia,Erongo,292.8506,287.2251,289.64908,2011
Namibia,Erongo,291.69482,286.26636,289.43576,2012
Namibia,Erongo,291.95117,287.12988,289.72318,2013
Namibia,Erongo,293.13794,286.9685,289.82404,2014
Namibia,Erongo,291.68262,287.09082,289.33542,2015
Namibia,Erongo,292.93774,288.0266,290.1944,2016
Namibia,Erongo,293.0979,287.0691,289.7948,2017
Namibia,Erongo,291.76392,288.65576,289.9494,2018
Namibia,Erongo,291.76392,288.65576,289.9494,2019
Namibia,Erongo,291.9082,286.95166,289.90134,2020
Burkina Faso,Est,307.50366,296.36646,302.08127,2001
Cameroon,Est,298.40503,294.3628,296.27933,2001
Burkina Faso,Est,307.6106,296.34277,302.2086,2002
Cameroon,Est,298.68848,294.83813,296.42523,2002
Burkina Faso,Est,307.1399,297.30103,302.04166,2003
Cameroon,Est,299.88452,294.57593,296.73648,2003
Burkina Faso,Est,306.81763,297.375,302.40622,2004
Cameroon,Est,299.9724,294.56567,296.62332,2004
Burkina Faso,Est,307.98608,296.8672,302.56903,2005
Cameroon,Est,300.63965,294.71606,296.904,2005
Burkina Faso,Est,306.97852,296.23413,302.14276,2006
Cameroon,Est,299.8557,294.823,296.7601,2006
Burkina Faso,Est,307.10913,295.70337,302.11057,2007
Cameroon,Est,299.97485,294.57104,296.65402,2007
Burkina Faso,Est,307.01587,294.09473,301.868,2008
Cameroon,Est,298.75488,294.66382,296.56888,2008
Burkina Faso,Est,307.22095,296.19995,302.6923,2009
Cameroon,Est,299.54102,295.17603,296.81842,2009
Burkina Faso,Est,307.95923,297.30933,302.74704,2010
Cameroon,Est,300.07007,294.9851,297.03073,2010
Burkina Faso,Est,307.85205,296.48096,302.71988,2011
Cameroon,Est,299.24512,294.5747,296.326,2011
Burkina Faso,Est,307.54736,296.34204,302.31485,2012
Cameroon,Est,299.95068,294.61353,296.40485,2012
Burkina Faso,Est,307.66626,296.80615,302.571,2013
Cameroon,Est,299.42285,294.43457,296.3734,2013
Burkina Faso,Est,306.84497,297.62305,302.4793,2014
Cameroon,Est,299.14087,294.60718,296.5309,2014
Burkina Faso,Est,308.39526,295.85596,302.34958,2015
Cameroon,Est,299.15088,295.35303,296.67072,2015
Burkina Faso,Est,307.67993,296.9319,302.36075,2016
Cameroon,Est,299.52075,295.1521,296.81027,2016
Burkina Faso,Est,307.28125,296.8269,302.0951,2017
Cameroon,Est,299.83618,294.99585,296.78958,2017
Burkina Faso,Est,307.8081,296.91162,302.6426,2018
Cameroon,Est,299.71313,295.2312,297.07913,2018
Burkina Faso,Est,307.8081,296.91162,302.6426,2019
Cameroon,Est,299.71313,295.2312,297.07913,2019
Burkina Faso,Est,307.93652,296.92358,302.54214,2020
Cameroon,Est,299.68945,295.1162,297.00894,2020
Gabon,Estuaire,299.5061,296.73193,298.45642,2001
Gabon,Estuaire,299.76416,297.65796,298.79486,2002
Gabon,Estuaire,299.85742,297.83105,298.92838,2003
Gabon,Estuaire,300.10718,297.29028,298.7869,2004
Gabon,Estuaire,300.1228,297.52466,298.89682,2005
Gabon,Estuaire,299.8589,297.24878,298.77118,2006
Gabon,Estuaire,300.0276,297.87183,298.88272,2007
Gabon,Estuaire,299.5752,297.7417,298.7907,2008
Gabon,Estuaire,299.82812,297.27173,298.85162,2009
Gabon,Estuaire,300.3938,297.6101,299.13504,2010
Gabon,Estuaire,300.02954,297.35718,298.909,2011
Gabon,Estuaire,299.92627,297.73267,298.9587,2012
Gabon,Estuaire,300.23364,297.09717,298.9696,2013
Gabon,Estuaire,299.8391,297.0703,298.96954,2014
Gabon,Estuaire,300.1172,297.52637,299.0607,2015
Gabon,Estuaire,300.50806,298.43335,299.54855,2016
Gabon,Estuaire,300.52563,297.86108,299.39914,2017
Gabon,Estuaire,300.50537,298.573,299.47104,2018
Gabon,Estuaire,300.50537,298.573,299.47104,2019
Gabon,Estuaire,300.67212,298.333,299.5156,2020
Cameroon,Extrême - Nord,307.50366,295.25122,302.21194,2001
Cameroon,Extrême - Nord,308.04028,294.25098,302.66122,2002
Cameroon,Extrême - Nord,307.77856,296.82373,302.506,2003
Cameroon,Extrême - Nord,307.93286,297.4961,302.71252,2004
Cameroon,Extrême - Nord,307.48608,295.47266,302.91977,2005
Cameroon,Extrême - Nord,307.60156,295.60718,303.0223,2006
Cameroon,Extrême - Nord,308.34326,294.80103,302.6005,2007
Cameroon,Extrême - Nord,307.4397,295.13574,302.28387,2008
Cameroon,Extrême - Nord,307.86523,298.23828,303.59933,2009
Cameroon,Extrême - Nord,309.45532,297.6941,303.44543,2010
Cameroon,Extrême - Nord,307.70557,295.8252,302.85025,2011
Cameroon,Extrême - Nord,308.64502,296.67798,302.73672,2012
Cameroon,Extrême - Nord,308.17407,298.50732,303.36234,2013
Cameroon,Extrême - Nord,307.76074,297.4392,303.2005,2014
Cameroon,Extrême - Nord,308.39722,294.61377,302.8439,2015
Cameroon,Extrême - Nord,308.17456,295.45142,303.1625,2016
Cameroon,Extrême - Nord,308.52368,298.4795,302.95822,2017
Cameroon,Extrême - Nord,308.45337,297.521,303.0119,2018
Cameroon,Extrême - Nord,308.45337,297.521,303.0119,2019
Cameroon,Extrême - Nord,308.68164,295.7849,302.81003,2020
Nigeria,"FCT, Abuja",301.99243,295.7317,298.7344,2001
Nigeria,"FCT, Abuja",301.6316,296.20532,298.58734,2002
Nigeria,"FCT, Abuja",302.96484,296.33496,299.08072,2003
Nigeria,"FCT, Abuja",302.8806,296.22363,299.00208,2004
Nigeria,"FCT, Abuja",303.615,296.40942,299.47934,2005
Nigeria,"FCT, Abuja",302.9917,296.1355,299.35336,2006
Nigeria,"FCT, Abuja",303.19946,295.6765,298.8085,2007
Nigeria,"FCT, Abuja",302.42285,296.05835,298.68167,2008
Nigeria,"FCT, Abuja",303.63086,296.7815,298.97305,2009
Nigeria,"FCT, Abuja",303.6184,296.77417,299.36502,2010
Nigeria,"FCT, Abuja",303.1416,296.37354,298.91647,2011
Nigeria,"FCT, Abuja",303.06396,296.08276,298.68546,2012
Nigeria,"FCT, Abuja",303.07153,296.03418,298.81662,2013
Nigeria,"FCT, Abuja",301.8557,296.11304,298.68488,2014
Nigeria,"FCT, Abuja",302.0957,296.44873,298.95602,2015
Nigeria,"FCT, Abuja",302.32837,296.68433,299.06305,2016
Nigeria,"FCT, Abuja",303.37134,296.573,299.4009,2017
Nigeria,"FCT, Abuja",302.58984,296.1355,298.9167,2018
Nigeria,"FCT, Abuja",302.58984,296.1355,298.9167,2019
Nigeria,"FCT, Abuja",302.71313,296.37012,298.94968,2020
Guinea,Faranah,305.33545,298.28442,300.55588,2001
Guinea,Faranah,305.01807,298.11353,300.72,2002
Guinea,Faranah,305.39453,297.97754,300.58658,2003
Guinea,Faranah,304.47388,298.19653,300.80643,2004
Guinea,Faranah,305.42944,298.07617,300.72787,2005
Guinea,Faranah,304.59717,297.70288,300.47675,2006
Guinea,Faranah,305.41382,298.0647,300.40616,2007
Guinea,Faranah,304.56494,296.52637,300.32147,2008
Guinea,Faranah,305.34766,296.6394,300.54123,2009
Guinea,Faranah,305.052,298.12427,300.96432,2010
Guinea,Faranah,304.57837,297.96533,300.6214,2011
Guinea,Faranah,304.56885,297.90356,300.21866,2012
Guinea,Faranah,304.927,297.16748,300.47595,2013
Guinea,Faranah,305.6809,298.13257,300.35318,2014
Guinea,Faranah,305.27344,297.3579,300.6061,2015
Guinea,Faranah,305.75415,298.51196,300.87766,2016
Guinea,Faranah,305.39648,298.542,300.97498,2017
Guinea,Faranah,305.46313,298.57104,301.09018,2018
Guinea,Faranah,305.46313,298.57104,301.09018,2019
Guinea,Faranah,305.60254,298.58057,301.30792,2020
Seychelles,Farquhar,300.21436,296.88232,298.8026,2001
Seychelles,Farquhar,300.24487,296.7932,298.9119,2002
Seychelles,Farquhar,300.51343,297.1963,299.1572,2003
Seychelles,Farquhar,300.36108,296.97363,298.8761,2004
Seychelles,Farquhar,300.69702,297.31763,299.01694,2005
Seychelles,Farquhar,300.1941,297.3894,298.92807,2006
Seychelles,Farquhar,301.1587,297.85425,299.31158,2007
Seychelles,Farquhar,299.93066,297.2107,298.89993,2008
Seychelles,Farquhar,300.3047,297.59497,299.18008,2009
Seychelles,Farquhar,301.052,297.52026,299.35184,2010
Seychelles,Farquhar,300.0044,297.55322,299.04636,2011
Seychelles,Farquhar,300.21533,297.25854,298.98102,2012
Seychelles,Farquhar,300.261,296.98535,298.94504,2013
Seychelles,Farquhar,300.41406,297.57593,299.19333,2014
Seychelles,Farquhar,300.53955,297.75732,299.4321,2015
Seychelles,Farquhar,301.1897,297.0266,299.08566,2016
Seychelles,Farquhar,300.4043,297.55542,299.24207,2017
Seychelles,Farquhar,300.99756,298.19604,299.63773,2018
Seychelles,Farquhar,300.99756,298.19604,299.63773,2019
Seychelles,Farquhar,300.90063,297.87598,299.52798,2020
Senegal,Fatick,301.68848,296.81177,299.42322,2001
Senegal,Fatick,301.33765,297.30127,299.3904,2002
Senegal,Fatick,301.47192,296.4568,299.08902,2003
Senegal,Fatick,301.79858,296.88477,299.2594,2004
Senegal,Fatick,301.8291,296.69922,299.75262,2005
Senegal,Fatick,301.68677,296.40454,299.25067,2006
Senegal,Fatick,301.46704,296.73657,299.21457,2007
Senegal,Fatick,301.20093,296.53613,299.3597,2008
Senegal,Fatick,301.85815,295.46167,298.8339,2009
Senegal,Fatick,301.5232,298.0078,300.0172,2010
Senegal,Fatick,301.89282,297.2959,299.37042,2011
Senegal,Fatick,301.75586,297.1311,299.49533,2012
Senegal,Fatick,301.55444,296.9585,299.51404,2013
Senegal,Fatick,301.76416,296.91577,299.2819,2014
Senegal,Fatick,301.4873,296.74707,299.28952,2015
Senegal,Fatick,302.00342,298.18433,299.70285,2016
Senegal,Fatick,302.28223,297.34644,299.7385,2017
Senegal,Fatick,301.5056,297.38232,299.355,2018
Senegal,Fatick,301.5056,297.38232,299.355,2019
Senegal,Fatick,301.9287,297.56226,300.0947,2020
Egypt,Fayoum,304.1516,286.88403,295.9779,2001
Egypt,Fayoum,305.1599,285.34473,296.17166,2002
Egypt,Fayoum,303.47168,287.09546,295.9173,2003
Egypt,Fayoum,303.84106,286.8789,295.9225,2004
Egypt,Fayoum,303.64185,287.33984,295.69193,2005
Egypt,Fayoum,304.15894,286.58423,295.77737,2006
Egypt,Fayoum,303.8601,286.3069,296.0427,2007
Egypt,Fayoum,304.46265,285.34082,296.38968,2008
Egypt,Fayoum,304.53345,287.42847,296.2961,2009
Egypt,Fayoum,304.96167,288.79297,297.43552,2010
Egypt,Fayoum,303.9314,287.1494,295.6813,2011
Egypt,Fayoum,304.88892,285.54712,296.37912,2012
Egypt,Fayoum,303.4248,287.37646,296.25217,2013
Egypt,Fayoum,304.3025,287.76733,296.78433,2014
Egypt,Fayoum,305.67334,286.833,296.6175,2015
Egypt,Fayoum,305.0537,286.26392,297.02902,2016
Egypt,Fayoum,305.10132,286.00073,296.3882,2017
Egypt,Fayoum,304.62183,286.09326,296.75375,2018
Egypt,Fayoum,304.62183,286.09326,296.75375,2019
Egypt,Fayoum,304.13965,286.54468,296.59064,2020
South Africa,Free State,293.87427,281.6714,289.06888,2001
South Africa,Free State,293.5459,282.03027,289.2664,2002
South Africa,Free State,295.5022,282.708,290.01334,2003
South Africa,Free State,294.3694,281.30786,289.22195,2004
South Africa,Free State,293.70117,283.5542,289.9857,2005
South Africa,Free State,294.22632,282.1538,288.8659,2006
South Africa,Free State,295.20947,282.18042,289.7608,2007
South Africa,Free State,294.60718,282.9546,289.66928,2008
South Africa,Free State,294.16797,281.00415,289.29498,2009
South Africa,Free State,293.66187,282.48804,289.9259,2010
South Africa,Free State,294.0901,280.9568,289.28595,2011
South Africa,Free State,294.6184,282.94873,289.87946,2012
South Africa,Free State,294.68066,283.78174,289.93738,2013
South Africa,Free State,295.1853,282.46875,289.82907,2014
South Africa,Free State,297.08057,283.10522,291.3325,2015
South Africa,Free State,295.17017,283.39624,290.90045,2016
South Africa,Free State,293.62793,285.0127,290.0884,2017
South Africa,Free State,294.7456,284.09375,290.85208,2018
South Africa,Free State,294.7456,284.09375,290.85208,2019
South Africa,Free State,294.35522,282.364,289.88327,2020
Morocco,Fès - Boulemane,300.4016,285.1223,292.72726,2001
Morocco,Fès - Boulemane,299.4568,286.7295,292.15115,2002
Morocco,Fès - Boulemane,302.3838,284.18115,292.69498,2003
Morocco,Fès - Boulemane,301.8606,284.82422,292.54538,2004
Morocco,Fès - Boulemane,302.511,283.20898,292.64456,2005
Morocco,Fès - Boulemane,302.198,283.20923,292.7933,2006
Morocco,Fès - Boulemane,301.2605,284.63696,292.19376,2007
Morocco,Fès - Boulemane,300.8999,284.365,292.08466,2008
Morocco,Fès - Boulemane,301.7356,283.8523,292.71378,2009
Morocco,Fès - Boulemane,303.15112,285.45703,292.92038,2010
Morocco,Fès - Boulemane,301.2661,284.69775,292.798,2011
Morocco,Fès - Boulemane,301.53394,283.08325,292.079,2012
Morocco,Fès - Boulemane,302.59082,284.33887,292.2341,2013
Morocco,Fès - Boulemane,300.01147,285.0232,292.3571,2014
Morocco,Fès - Boulemane,302.73926,284.14307,293.1813,2015
Morocco,Fès - Boulemane,303.83667,286.23706,293.34283,2016
Morocco,Fès - Boulemane,302.87964,283.5105,293.7235,2017
Morocco,Fès - Boulemane,300.72144,284.2085,292.20316,2018
Morocco,Fès - Boulemane,300.72144,284.2085,292.20316,2019
Morocco,Fès - Boulemane,303.06934,284.57983,293.07565,2020
Tunisia,Gabes,303.24756,286.64795,294.96292,2001
Tunisia,Gabes,302.4143,285.20996,294.5486,2002
Tunisia,Gabes,304.53687,285.531,294.6406,2003
Tunisia,Gabes,302.99902,286.11133,294.21155,2004
Tunisia,Gabes,302.76318,284.4453,293.96585,2005
Tunisia,Gabes,303.09644,283.79712,294.4139,2006
Tunisia,Gabes,303.24683,286.63525,294.4299,2007
Tunisia,Gabes,303.30615,285.96777,294.4805,2008
Tunisia,Gabes,303.677,286.3894,294.41608,2009
Tunisia,Gabes,302.6902,287.58594,294.9363,2010
Tunisia,Gabes,302.8318,286.05005,294.02194,2011
Tunisia,Gabes,304.13745,283.96216,294.7004,2012
Tunisia,Gabes,302.54785,286.31396,294.6628,2013
Tunisia,Gabes,302.75757,287.20483,294.98386,2014
Tunisia,Gabes,303.3589,285.26465,294.2521,2015
Tunisia,Gabes,301.9353,287.70337,295.15274,2016
Tunisia,Gabes,303.0066,284.57886,294.10828,2017
Tunisia,Gabes,303.46094,285.13037,294.4572,2018
Tunisia,Gabes,303.46094,285.13037,294.4572,2019
Tunisia,Gabes,304.15918,285.57593,294.89923,2020
Guinea-Bissau,Gabu,305.29663,299.32544,301.59787,2001
Guinea-Bissau,Gabu,305.47778,299.55835,301.7021,2002
Guinea-Bissau,Gabu,305.52466,299.39746,301.5439,2003
Guinea-Bissau,Gabu,305.28442,299.45117,301.60916,2004
Guinea-Bissau,Gabu,305.30444,299.55664,301.9014,2005
Guinea-Bissau,Gabu,305.24365,298.82593,301.5316,2006
Guinea-Bissau,Gabu,305.46826,299.17627,301.61188,2007
Guinea-Bissau,Gabu,304.94556,299.1787,301.43118,2008
Guinea-Bissau,Gabu,304.85767,298.1433,301.38922,2009
Guinea-Bissau,Gabu,305.56665,299.2461,301.68387,2010
Guinea-Bissau,Gabu,305.65283,298.78955,301.6237,2011
Guinea-Bissau,Gabu,305.04736,298.7727,301.52383,2012
Guinea-Bissau,Gabu,304.74048,298.9878,301.37927,2013
Guinea-Bissau,Gabu,305.00903,299.12695,301.44138,2014
Guinea-Bissau,Gabu,305.61792,297.40283,301.24918,2015
Guinea-Bissau,Gabu,305.01636,299.3777,301.52594,2016
Guinea-Bissau,Gabu,305.29126,298.73535,301.8337,2017
Guinea-Bissau,Gabu,305.4319,298.95654,301.7222,2018
Guinea-Bissau,Gabu,305.4319,298.95654,301.7222,2019
Guinea-Bissau,Gabu,306.35254,299.94702,302.11832,2020
Sudan,Gadaref,307.2185,295.90356,302.72855,2001
Sudan,Gadaref,307.44824,294.97168,302.97113,2002
Sudan,Gadaref,307.88867,297.81787,302.77145,2003
Sudan,Gadaref,308.4231,297.01953,303.14758,2004
Sudan,Gadaref,306.95483,295.5039,303.1408,2005
Sudan,Gadaref,307.17578,296.0349,302.65042,2006
Sudan,Gadaref,308.58154,295.00024,302.5966,2007
Sudan,Gadaref,307.23267,296.93848,303.31155,2008
Sudan,Gadaref,308.7827,298.03906,303.88077,2009
Sudan,Gadaref,307.7307,298.84766,303.52405,2010
Sudan,Gadaref,307.94727,296.36035,303.28107,2011
Sudan,Gadaref,308.17285,296.42017,303.2509,2012
Sudan,Gadaref,308.5393,297.9585,303.60794,2013
Sudan,Gadaref,307.34106,297.80444,303.1761,2014
Sudan,Gadaref,308.7683,296.4536,304.01413,2015
Sudan,Gadaref,308.0476,296.07446,303.91788,2016
Sudan,Gadaref,307.92285,298.1045,304.0469,2017
Sudan,Gadaref,308.6311,299.0913,303.28372,2018
Sudan,Gadaref,308.6311,299.0913,303.28372,2019
Sudan,Gadaref,308.17188,295.33374,303.2067,2020
Tunisia,Gafsa,304.03467,282.45654,293.2302,2001
Tunisia,Gafsa,302.83374,282.07324,292.66287,2002
Tunisia,Gafsa,305.17554,281.97437,292.68912,2003
Tunisia,Gafsa,303.15527,282.79492,292.3572,2004
Tunisia,Gafsa,303.79834,281.31445,292.31546,2005
Tunisia,Gafsa,302.84058,280.82837,292.73813,2006
Tunisia,Gafsa,303.13745,283.16064,292.5663,2007
Tunisia,Gafsa,304.2749,282.26147,292.75262,2008
Tunisia,Gafsa,304.1682,282.66504,292.19504,2009
Tunisia,Gafsa,303.2644,283.55078,292.7944,2010
Tunisia,Gafsa,303.32788,282.95044,292.25552,2011
Tunisia,Gafsa,304.95532,280.7942,293.1122,2012
Tunisia,Gafsa,302.41748,282.91504,292.61316,2013
Tunisia,Gafsa,303.22827,283.4336,293.1585,2014
Tunisia,Gafsa,302.65723,282.15332,292.49542,2015
Tunisia,Gafsa,302.75757,284.06665,293.27725,2016
Tunisia,Gafsa,303.37378,280.75854,292.49222,2017
Tunisia,Gafsa,303.73242,281.54248,292.58548,2018
Tunisia,Gafsa,303.73242,281.54248,292.58548,2019
Tunisia,Gafsa,304.14746,283.29663,293.07794,2020
Somalia,Galgaduud,301.54443,298.79028,299.99988,2001
Somalia,Galgaduud,301.84106,299.16895,300.19296,2002
Somalia,Galgaduud,301.4016,298.47485,300.24445,2003
Somalia,Galgaduud,301.84497,298.03345,299.9575,2004
Somalia,Galgaduud,301.1892,298.7832,299.9388,2005
Somalia,Galgaduud,301.33203,298.708,300.06854,2006
Somalia,Galgaduud,302.19092,298.9436,300.5943,2007
Somalia,Galgaduud,301.4712,298.6455,300.00766,2008
Somalia,Galgaduud,302.01,299.0515,300.52512,2009
Somalia,Galgaduud,302.09497,299.27026,300.6427,2010
Somalia,Galgaduud,301.76782,298.6162,300.16046,2011
Somalia,Galgaduud,301.7373,298.7893,300.21783,2012
Somalia,Galgaduud,301.7229,299.0791,300.0388,2013
Somalia,Galgaduud,302.20825,298.83765,300.40265,2014
Somalia,Galgaduud,301.7185,298.7666,300.43097,2015
Somalia,Galgaduud,302.40845,299.3435,300.53,2016
Somalia,Galgaduud,302.49023,298.92676,300.59167,2017
Somalia,Galgaduud,302.33545,298.9839,300.67743,2018
Somalia,Galgaduud,302.33545,298.9839,300.67743,2019
Somalia,Galgaduud,302.38086,299.77173,300.93405,2020
Ethiopia,Gambela,299.73657,295.43677,297.22058,2001
Ethiopia,Gambela,300.81348,295.9143,297.8904,2002
Ethiopia,Gambela,301.14038,295.26733,297.9969,2003
Ethiopia,Gambela,301.1228,295.73145,297.78854,2004
Ethiopia,Gambela,303.00293,295.81787,298.4515,2005
Ethiopia,Gambela,301.54712,295.44995,297.89633,2006
Ethiopia,Gambela,301.1233,295.5183,297.72028,2007
Ethiopia,Gambela,300.4619,294.9917,297.35175,2008
Ethiopia,Gambela,300.63867,296.82886,298.127,2009
Ethiopia,Gambela,301.2102,295.46167,297.9827,2010
Ethiopia,Gambela,301.13403,295.41455,297.62057,2011
Ethiopia,Gambela,301.97217,295.1018,297.70255,2012
Ethiopia,Gambela,301.13403,295.16553,297.78146,2013
Ethiopia,Gambela,300.39478,295.5525,297.76382,2014
Ethiopia,Gambela,302.10986,296.42554,298.40118,2015
Ethiopia,Gambela,302.39868,295.76147,298.892,2016
Ethiopia,Gambela,302.2522,295.53882,298.47595,2017
Ethiopia,Gambela,302.02734,295.55273,298.064,2018
Ethiopia,Gambela,302.02734,295.55273,298.064,2019
Ethiopia,Gambela,301.40063,294.96582,297.64127,2020
Mali,Gao,308.50586,294.3352,302.98865,2001
Mali,Gao,309.62207,294.02637,303.36795,2002
Mali,Gao,308.76562,295.0874,303.56964,2003
Mali,Gao,309.2527,295.03516,303.4342,2004
Mali,Gao,308.687,293.25977,303.39536,2005
Mali,Gao,309.48975,294.64282,302.98407,2006
Mali,Gao,309.27197,294.27368,303.03732,2007
Mali,Gao,308.93774,291.02246,302.59735,2008
Mali,Gao,309.0171,293.13745,303.57867,2009
Mali,Gao,310.29907,295.89844,304.39627,2010
Mali,Gao,309.73877,294.21533,303.62628,2011
Mali,Gao,308.69482,292.69946,302.75626,2012
Mali,Gao,309.313,293.0874,302.99973,2013
Mali,Gao,309.83887,294.3496,302.81754,2014
Mali,Gao,309.51343,291.91504,302.60397,2015
Mali,Gao,310.00464,295.00415,303.49484,2016
Mali,Gao,309.79907,292.38745,303.24207,2017
Mali,Gao,309.63477,293.22217,303.00082,2018
Mali,Gao,309.63477,293.22217,303.00082,2019
Mali,Gao,310.15112,294.3474,303.4567,2020
Eritrea,Gash Barka,306.37305,295.71216,302.1519,2001
Eritrea,Gash Barka,307.05762,295.24707,302.3699,2002
Eritrea,Gash Barka,307.66016,297.06006,302.08038,2003
Eritrea,Gash Barka,306.92114,296.9707,302.4072,2004
Eritrea,Gash Barka,306.84326,295.5664,302.03485,2005
Eritrea,Gash Barka,307.31006,296.15405,302.02866,2006
Eritrea,Gash Barka,307.35107,295.57056,301.57297,2007
Eritrea,Gash Barka,307.11353,296.12793,302.42075,2008
Eritrea,Gash Barka,308.48584,297.37573,302.85812,2009
Eritrea,Gash Barka,308.27124,297.989,302.9575,2010
Eritrea,Gash Barka,307.60156,296.2002,301.98453,2011
Eritrea,Gash Barka,306.86475,295.58618,302.32315,2012
Eritrea,Gash Barka,307.48657,297.48584,302.7263,2013
Eritrea,Gash Barka,307.50684,297.7439,302.3229,2014
Eritrea,Gash Barka,307.44702,296.16113,302.97427,2015
Eritrea,Gash Barka,307.7744,295.8108,302.72272,2016
Eritrea,Gash Barka,308.11035,296.62793,302.85437,2017
Eritrea,Gash Barka,306.54907,297.9292,302.23782,2018
Eritrea,Gash Barka,306.54907,297.9292,302.23782,2019
Eritrea,Gash Barka,307.74487,295.0525,302.17917,2020
South Africa,Gauteng,299.2473,285.91553,293.52478,2001
South Africa,Gauteng,298.90332,286.22632,293.94394,2002
South Africa,Gauteng,299.80298,286.51343,294.4793,2003
South Africa,Gauteng,298.5547,285.71216,293.40866,2004
South Africa,Gauteng,299.1416,286.937,294.43182,2005
South Africa,Gauteng,298.29468,286.51904,293.11136,2006
South Africa,Gauteng,299.50244,285.7937,293.54416,2007
South Africa,Gauteng,297.87476,286.83545,293.4118,2008
South Africa,Gauteng,298.0183,285.08813,293.1747,2009
South Africa,Gauteng,298.94116,285.3025,293.71643,2010
South Africa,Gauteng,298.35864,285.34546,293.31735,2011
South Africa,Gauteng,299.386,286.87256,293.63092,2012
South Africa,Gauteng,299.41113,287.41553,293.766,2013
South Africa,Gauteng,299.19946,286.48242,293.59244,2014
South Africa,Gauteng,300.45557,287.21655,295.0908,2015
South Africa,Gauteng,299.80786,286.86108,294.49323,2016
South Africa,Gauteng,298.00684,287.35645,293.79758,2017
South Africa,Gauteng,299.1172,287.99805,295.1221,2018
South Africa,Gauteng,299.1172,287.99805,295.1221,2019
South Africa,Gauteng,297.98462,286.667,293.6546,2020
Mozambique,Gaza,300.81567,291.94287,297.16882,2001
Mozambique,Gaza,301.0232,292.41772,297.42752,2002
Mozambique,Gaza,301.6245,290.41968,296.9316,2003
Mozambique,Gaza,301.82446,291.48364,297.228,2004
Mozambique,Gaza,302.44238,292.75537,298.20834,2005
Mozambique,Gaza,302.95288,292.42725,297.83597,2006
Mozambique,Gaza,301.6548,291.7605,297.52936,2007
Mozambique,Gaza,301.24854,292.96704,297.74042,2008
Mozambique,Gaza,301.75195,291.80884,297.4138,2009
Mozambique,Gaza,301.62085,292.19507,297.92688,2010
Mozambique,Gaza,302.03223,290.88452,297.34927,2011
Mozambique,Gaza,302.28052,292.17798,297.92276,2012
Mozambique,Gaza,300.09277,292.562,297.04138,2013
Mozambique,Gaza,300.64673,292.33594,297.08414,2014
Mozambique,Gaza,302.40088,293.49585,298.3089,2015
Mozambique,Gaza,302.70435,293.0896,298.41266,2016
Mozambique,Gaza,300.1084,293.04663,296.8303,2017
Mozambique,Gaza,302.46143,293.19922,298.44925,2018
Mozambique,Gaza,302.46143,293.19922,298.44925,2019
Mozambique,Gaza,301.87866,292.52246,297.95474,2020
Liberia,Gbarpolu,300.05542,296.75708,298.02722,2001
Liberia,Gbarpolu,300.06104,296.82837,298.1645,2002
Liberia,Gbarpolu,300.7539,296.49585,298.36716,2003
Liberia,Gbarpolu,299.94897,296.79614,298.24167,2004
Liberia,Gbarpolu,299.8955,296.67114,298.13544,2005
Liberia,Gbarpolu,299.7898,296.81714,298.35532,2006
Liberia,Gbarpolu,300.9065,296.40503,298.34952,2007
Liberia,Gbarpolu,299.90723,296.41187,298.08676,2008
Liberia,Gbarpolu,300.45898,296.3391,298.41055,2009
Liberia,Gbarpolu,300.65796,296.7019,298.38147,2010
Liberia,Gbarpolu,300.07544,296.70874,298.14517,2011
Liberia,Gbarpolu,300.78662,296.1902,298.21622,2012
Liberia,Gbarpolu,300.81348,296.5088,298.40857,2013
Liberia,Gbarpolu,300.48462,296.53687,298.24265,2014
Liberia,Gbarpolu,300.11133,297.25537,298.29523,2015
Liberia,Gbarpolu,301.7229,297.03296,298.78668,2016
Liberia,Gbarpolu,300.87402,297.2693,298.86935,2017
Liberia,Gbarpolu,301.67773,296.96948,299.04852,2018
Liberia,Gbarpolu,301.67773,296.96948,299.04852,2019
Liberia,Gbarpolu,301.6328,296.8623,299.0003,2020
Somalia,Gedo,304.14282,299.99756,301.5754,2001
Somalia,Gedo,304.45776,299.35938,301.2895,2002
Somalia,Gedo,304.38672,299.60376,301.47833,2003
Somalia,Gedo,303.84155,297.7854,301.02762,2004
Somalia,Gedo,304.50952,300.13623,301.6042,2005
Somalia,Gedo,303.89526,298.51855,301.25995,2006
Somalia,Gedo,304.33813,300.68066,301.87408,2007
Somalia,Gedo,303.48926,299.77295,301.19208,2008
Somalia,Gedo,304.35156,300.12134,301.85178,2009
Somalia,Gedo,304.07788,300.1765,301.82742,2010
Somalia,Gedo,304.16626,299.1604,301.65768,2011
Somalia,Gedo,303.75537,300.39673,301.8383,2012
Somalia,Gedo,303.46387,299.6167,301.21765,2013
Somalia,Gedo,304.1936,300.69214,301.96402,2014
Somalia,Gedo,303.26172,300.1416,301.5117,2015
Somalia,Gedo,305.8694,300.26147,302.11807,2016
Somalia,Gedo,304.49048,300.0869,302.11624,2017
Somalia,Gedo,305.17383,299.1482,301.81985,2018
Somalia,Gedo,305.17383,299.1482,301.81985,2019
Somalia,Gedo,304.41626,300.82324,302.2521,2020
United Republic of Tanzania,Geita,297.26733,295.8391,296.4426,2001
United Republic of Tanzania,Geita,297.33887,295.8086,296.53397,2002
United Republic of Tanzania,Geita,298.35132,295.89233,296.8361,2003
United Republic of Tanzania,Geita,297.73608,295.89966,296.6842,2004
United Republic of Tanzania,Geita,298.86426,296.17896,296.973,2005
United Republic of Tanzania,Geita,297.84595,295.333,296.50522,2006
United Republic of Tanzania,Geita,297.62134,296.0144,296.61334,2007
United Republic of Tanzania,Geita,297.10376,295.9878,296.48422,2008
United Republic of Tanzania,Geita,297.5547,296.0586,296.74747,2009
United Republic of Tanzania,Geita,297.53345,296.1687,296.79504,2010
United Republic of Tanzania,Geita,297.37622,295.42407,296.41812,2011
United Republic of Tanzania,Geita,297.68115,295.8772,296.5362,2012
United Republic of Tanzania,Geita,297.72168,295.73145,296.62454,2013
United Republic of Tanzania,Geita,297.4651,295.8474,296.70328,2014
United Republic of Tanzania,Geita,298.01025,295.78613,296.97946,2015
United Republic of Tanzania,Geita,298.81665,296.4392,297.27286,2016
United Republic of Tanzania,Geita,297.83862,296.16895,297.06433,2017
United Republic of Tanzania,Geita,298.4453,295.60327,296.9665,2018
United Republic of Tanzania,Geita,298.4453,295.60327,296.9665,2019
United Republic of Tanzania,Geita,297.38086,296.14087,296.72818,2020
Libya,Ghadamis,304.1206,286.07373,295.18982,2001
Libya,Ghadamis,304.04126,284.12598,294.8528,2002
Libya,Ghadamis,304.47437,284.69897,294.97345,2003
Libya,Ghadamis,303.50293,285.36523,294.6404,2004
Libya,Ghadamis,303.9702,283.79883,294.52542,2005
Libya,Ghadamis,304.18628,283.71704,294.74237,2006
Libya,Ghadamis,303.5691,286.0669,294.9273,2007
Libya,Ghadamis,303.9956,285.0525,294.81317,2008
Libya,Ghadamis,303.99927,286.50098,294.8837,2009
Libya,Ghadamis,302.98706,287.3203,295.68518,2010
Libya,Ghadamis,304.0232,285.91724,294.1655,2011
Libya,Ghadamis,303.8186,283.60864,294.97208,2012
Libya,Ghadamis,302.6128,285.6167,295.20657,2013
Libya,Ghadamis,304.00757,286.79297,295.34454,2014
Libya,Ghadamis,303.99365,284.61035,294.4567,2015
Libya,Ghadamis,302.14038,287.29712,295.6547,2016
Libya,Ghadamis,302.79565,284.10815,294.00443,2017
Libya,Ghadamis,303.6277,284.95654,294.62616,2018
Libya,Ghadamis,303.6277,284.95654,294.62616,2019
Libya,Ghadamis,304.27246,285.6892,295.11896,2020
Botswana,Ghanzi,301.57544,288.28662,295.89163,2001
Botswana,Ghanzi,300.6853,289.02832,296.80673,2002
Botswana,Ghanzi,301.98975,289.1853,297.05304,2003
Botswana,Ghanzi,301.91626,288.05786,295.44397,2004
Botswana,Ghanzi,301.77637,289.25342,296.87372,2005
Botswana,Ghanzi,300.69702,288.7085,294.9655,2006
Botswana,Ghanzi,300.60205,288.24292,296.0191,2007
Botswana,Ghanzi,301.4978,288.92334,295.87128,2008
Botswana,Ghanzi,300.53125,287.3186,295.36935,2009
Botswana,Ghanzi,301.22437,288.55054,296.19983,2010
Botswana,Ghanzi,301.15454,287.32397,295.5187,2011
Botswana,Ghanzi,300.85767,288.92798,296.25983,2012
Botswana,Ghanzi,301.34668,290.13232,296.42142,2013
Botswana,Ghanzi,300.15674,288.23438,295.09274,2014
Botswana,Ghanzi,302.08643,289.25757,296.9941,2015
Botswana,Ghanzi,302.6089,288.81616,296.78116,2016
Botswana,Ghanzi,300.2041,289.6521,295.39456,2017
Botswana,Ghanzi,301.93213,289.5918,297.05438,2018
Botswana,Ghanzi,301.93213,289.5918,297.05438,2019
Botswana,Ghanzi,301.47168,288.13574,295.95016,2020
Morocco,Gharb - Chrarda - Béni Hssen,294.79224,287.99292,291.29984,2001
Morocco,Gharb - Chrarda - Béni Hssen,294.51,288.24902,291.26767,2002
Morocco,Gharb - Chrarda - Béni Hssen,296.3955,287.19116,291.4627,2003
Morocco,Gharb - Chrarda - Béni Hssen,296.00488,287.77148,291.27682,2004
Morocco,Gharb - Chrarda - Béni Hssen,295.63403,285.9922,290.99448,2005
Morocco,Gharb - Chrarda - Béni Hssen,296.2898,286.35376,291.55618,2006
Morocco,Gharb - Chrarda - Béni Hssen,294.93823,287.1311,291.04807,2007
Morocco,Gharb - Chrarda - Béni Hssen,295.16187,287.41382,291.12973,2008
Morocco,Gharb - Chrarda - Béni Hssen,295.93677,286.7898,291.50983,2009
Morocco,Gharb - Chrarda - Béni Hssen,296.87573,288.375,291.77194,2010
Morocco,Gharb - Chrarda - Béni Hssen,295.4536,287.65356,291.61505,2011
Morocco,Gharb - Chrarda - Béni Hssen,295.29175,285.7981,290.98965,2012
Morocco,Gharb - Chrarda - Béni Hssen,296.0381,286.81738,291.22644,2013
Morocco,Gharb - Chrarda - Béni Hssen,295.6228,287.41235,291.54263,2014
Morocco,Gharb - Chrarda - Béni Hssen,296.30176,286.65674,291.64615,2015
Morocco,Gharb - Chrarda - Béni Hssen,296.16284,287.46118,291.64117,2016
Morocco,Gharb - Chrarda - Béni Hssen,295.97925,287.4519,291.76437,2017
Morocco,Gharb - Chrarda - Béni Hssen,295.1101,287.28662,291.1452,2018
Morocco,Gharb - Chrarda - Béni Hssen,295.1101,287.28662,291.1452,2019
Morocco,Gharb - Chrarda - Béni Hssen,295.81152,287.29663,291.6922,2020
Egypt,Gharbia,301.47583,287.636,294.82083,2001
Egypt,Gharbia,301.78687,285.87012,294.8074,2002
Egypt,Gharbia,301.0244,286.8767,294.53043,2003
Egypt,Gharbia,300.59692,286.77734,294.37204,2004
Egypt,Gharbia,301.14185,287.4961,294.35922,2005
Egypt,Gharbia,301.09448,286.63306,294.29282,2006
Egypt,Gharbia,300.86597,287.07837,294.59836,2007
Egypt,Gharbia,301.5603,286.29395,295.05423,2008
Egypt,Gharbia,301.9358,288.198,295.07394,2009
Egypt,Gharbia,302.3269,288.7832,295.7197,2010
Egypt,Gharbia,300.96265,287.94824,294.38132,2011
Egypt,Gharbia,301.83276,286.3479,294.8902,2012
Egypt,Gharbia,301.06152,287.29443,294.78796,2013
Egypt,Gharbia,301.4939,287.97632,295.05563,2014
Egypt,Gharbia,303.2085,287.39355,295.2044,2015
Egypt,Gharbia,301.99683,286.99634,295.8469,2016
Egypt,Gharbia,303.23218,286.63745,295.5736,2017
Egypt,Gharbia,302.09058,286.3745,295.2977,2018
Egypt,Gharbia,302.09058,286.3745,295.2977,2019
Egypt,Gharbia,302.0537,286.91772,295.4899,2020
Algeria,Ghardaia,307.09326,282.08545,294.07687,2001
Algeria,Ghardaia,305.70093,280.87012,293.45746,2002
Algeria,Ghardaia,307.19897,282.1057,293.33414,2003
Algeria,Ghardaia,305.958,282.4707,292.96414,2004
Algeria,Ghardaia,307.8296,279.63867,293.34702,2005
Algeria,Ghardaia,305.80347,279.9065,293.5158,2006
Algeria,Ghardaia,305.114,281.74268,293.2048,2007
Algeria,Ghardaia,307.23975,280.87476,293.2012,2008
Algeria,Ghardaia,307.0276,281.86597,293.06158,2009
Algeria,Ghardaia,306.68042,283.85938,293.9697,2010
Algeria,Ghardaia,306.2556,282.33057,292.8626,2011
Algeria,Ghardaia,307.80884,280.02075,293.5961,2012
Algeria,Ghardaia,305.91162,281.73584,293.37146,2013
Algeria,Ghardaia,306.73022,281.93945,294.0794,2014
Algeria,Ghardaia,305.50684,281.45996,293.51202,2015
Algeria,Ghardaia,306.1306,283.24487,294.26227,2016
Algeria,Ghardaia,305.94702,280.39917,293.57834,2017
Algeria,Ghardaia,307.19922,281.437,293.6491,2018
Algeria,Ghardaia,307.19922,281.437,293.6491,2019
Algeria,Ghardaia,306.5381,281.91577,294.02505,2020
Libya,Gharyan,302.00928,284.09912,293.05945,2001
Libya,Gharyan,302.93726,282.44824,292.69608,2002
Libya,Gharyan,302.96655,282.3689,292.5667,2003
Libya,Gharyan,301.7666,283.4336,292.29813,2004
Libya,Gharyan,302.27295,281.83398,292.36282,2005
Libya,Gharyan,302.49683,281.9319,292.41702,2006
Libya,Gharyan,301.5005,284.13916,292.7797,2007
Libya,Gharyan,302.34912,283.20605,292.8073,2008
Libya,Gharyan,301.51782,283.97363,292.50397,2009
Libya,Gharyan,301.3523,285.37305,293.7415,2010
Libya,Gharyan,301.9353,283.7141,291.8167,2011
Libya,Gharyan,301.92603,281.00122,292.6,2012
Libya,Gharyan,300.44482,283.85303,292.9867,2013
Libya,Gharyan,302.15405,284.83594,293.1777,2014
Libya,Gharyan,301.16943,283.36377,292.2233,2015
Libya,Gharyan,300.23804,284.89722,293.4955,2016
Libya,Gharyan,301.0027,281.7859,291.9535,2017
Libya,Gharyan,301.90234,282.22412,292.45575,2018
Libya,Gharyan,301.90234,282.22412,292.45575,2019
Libya,Gharyan,301.60254,283.531,292.8737,2020
Burundi,Gitega,293.69653,291.50903,292.3005,2001
Burundi,Gitega,294.7622,291.42627,292.747,2002
Burundi,Gitega,294.61987,292.12402,293.0405,2003
Burundi,Gitega,294.78613,292.03052,293.05154,2004
Burundi,Gitega,295.35425,292.2661,293.3892,2005
Burundi,Gitega,294.56104,291.65137,292.9012,2006
Burundi,Gitega,294.3191,291.99854,292.8788,2007
Burundi,Gitega,295.3369,291.40283,292.6815,2008
Burundi,Gitega,295.26807,291.9004,292.98654,2009
Burundi,Gitega,295.07104,292.67456,293.43484,2010
Burundi,Gitega,294.25635,292.01196,292.77,2011
Burundi,Gitega,293.9109,291.93652,292.8876,2012
Burundi,Gitega,294.83887,292.34985,293.1877,2013
Burundi,Gitega,294.54492,292.21997,293.2381,2014
Burundi,Gitega,295.2937,292.41992,293.48825,2015
Burundi,Gitega,295.44458,292.6416,293.7997,2016
Burundi,Gitega,295.06323,292.44336,293.49646,2017
Burundi,Gitega,295.40308,292.70142,293.5435,2018
Burundi,Gitega,295.40308,292.70142,293.5435,2019
Burundi,Gitega,296.0166,293.0166,293.9824,2020
Egypt,Giza,301.9973,287.5852,295.18527,2001
Egypt,Giza,302.56226,285.93848,295.21072,2002
Egypt,Giza,301.56152,287.15015,294.98843,2003
Egypt,Giza,301.2063,287.0547,294.80807,2004
Egypt,Giza,301.75513,287.63086,294.77493,2005
Egypt,Giza,301.6687,286.885,294.78387,2006
Egypt,Giza,301.45972,286.96118,295.04434,2007
Egypt,Giza,302.281,286.12402,295.54428,2008
Egypt,Giza,302.66235,288.39917,295.6589,2009
Egypt,Giza,303.11987,288.98633,296.27292,2010
Egypt,Giza,301.6443,287.7998,294.86765,2011
Egypt,Giza,302.6057,286.57056,295.48526,2012
Egypt,Giza,301.81348,287.68115,295.40677,2013
Egypt,Giza,302.32788,288.27124,295.756,2014
Egypt,Giza,304.01318,287.34668,295.78693,2015
Egypt,Giza,302.89355,287.1975,296.41885,2016
Egypt,Giza,303.48022,286.6101,295.90695,2017
Egypt,Giza,303.29492,286.63428,296.1216,2018
Egypt,Giza,303.29492,286.63428,296.1216,2019
Egypt,Giza,302.6123,287.26343,296.11423,2020
Uganda,Gomba,294.6726,292.79102,293.75198,2001
Uganda,Gomba,295.34277,293.6194,294.10736,2002
Uganda,Gomba,296.02124,293.41577,294.4186,2003
Uganda,Gomba,295.90015,293.67456,294.58948,2004
Uganda,Gomba,296.4502,293.76514,294.77655,2005
Uganda,Gomba,295.89282,293.6792,294.39603,2006
Uganda,Gomba,295.53345,293.49292,294.52057,2007
Uganda,Gomba,294.8806,293.33545,294.14944,2008
Uganda,Gomba,295.92578,294.27588,294.68707,2009
Uganda,Gomba,295.39038,293.62964,294.42883,2010
Uganda,Gomba,295.39185,293.86768,294.36212,2011
Uganda,Gomba,296.11548,293.72217,294.59445,2012
Uganda,Gomba,295.708,293.89746,294.60486,2013
Uganda,Gomba,296.63892,293.88452,294.85968,2014
Uganda,Gomba,296.64648,294.26538,295.05923,2015
Uganda,Gomba,297.27856,294.81348,295.5541,2016
Uganda,Gomba,296.40503,294.59204,295.20187,2017
Uganda,Gomba,296.45923,294.2517,294.98343,2018
Uganda,Gomba,296.45923,294.2517,294.98343,2019
Uganda,Gomba,296.0078,294.31543,294.86588,2020
Nigeria,Gombe,304.66162,293.50708,299.4175,2001
Nigeria,Gombe,305.24658,293.11035,299.54355,2002
Nigeria,Gombe,304.54028,295.0503,299.61993,2003
Nigeria,Gombe,304.50903,295.93555,299.78577,2004
Nigeria,Gombe,305.57983,294.84375,300.29364,2005
Nigeria,Gombe,304.23242,293.6443,300.05145,2006
Nigeria,Gombe,304.80225,293.64673,299.8653,2007
Nigeria,Gombe,304.1018,293.83496,299.5975,2008
Nigeria,Gombe,305.08203,296.7793,300.68268,2009
Nigeria,Gombe,306.0354,295.8562,300.9015,2010
Nigeria,Gombe,305.31665,294.62207,300.2293,2011
Nigeria,Gombe,305.45947,295.33813,299.80133,2012
Nigeria,Gombe,304.94556,296.3589,300.20804,2013
Nigeria,Gombe,304.90747,295.36914,299.91617,2014
Nigeria,Gombe,306.31714,293.604,300.36212,2015
Nigeria,Gombe,305.0315,294.18384,300.1796,2016
Nigeria,Gombe,305.30273,296.2351,299.98264,2017
Nigeria,Gombe,305.54443,295.0464,300.05453,2018
Nigeria,Gombe,305.54443,295.0464,300.05453,2019
Nigeria,Gombe,305.22754,294.36108,299.94415,2020
Mauritania,Gorgol,309.0349,298.63013,304.4307,2001
Mauritania,Gorgol,308.85864,298.0498,304.4158,2002
Mauritania,Gorgol,309.83203,297.36475,304.32858,2003
Mauritania,Gorgol,309.25317,298.15234,304.70358,2004
Mauritania,Gorgol,309.11182,298.0039,304.49887,2005
Mauritania,Gorgol,308.6245,296.57837,304.2803,2006
Mauritania,Gorgol,308.97803,298.61963,304.1856,2007
Mauritania,Gorgol,308.33618,296.50488,304.42856,2008
Mauritania,Gorgol,310.0061,296.198,304.2844,2009
Mauritania,Gorgol,310.38306,300.17383,305.34616,2010
Mauritania,Gorgol,309.36572,298.20557,304.4767,2011
Mauritania,Gorgol,309.22168,297.20532,303.90744,2012
Mauritania,Gorgol,309.4182,297.1245,304.40173,2013
Mauritania,Gorgol,309.50488,298.49023,304.507,2014
Mauritania,Gorgol,309.489,297.70996,304.55695,2015
Mauritania,Gorgol,310.37183,299.8601,304.81827,2016
Mauritania,Gorgol,310.23853,297.1162,304.77853,2017
Mauritania,Gorgol,309.9121,297.67725,304.33304,2018
Mauritania,Gorgol,309.9121,297.67725,304.33304,2019
Mauritania,Gorgol,310.98438,298.14624,304.91403,2020
Liberia,Grand Bassa,299.40967,297.47388,298.44193,2001
Liberia,Grand Bassa,299.47314,297.4983,298.601,2002
Liberia,Grand Bassa,299.625,297.61816,298.69708,2003
Liberia,Grand Bassa,299.82593,297.5205,298.73416,2004
Liberia,Grand Bassa,299.85522,297.60864,298.82748,2005
Liberia,Grand Bassa,299.65186,297.6687,298.78305,2006
Liberia,Grand Bassa,299.64087,297.4773,298.74908,2007
Liberia,Grand Bassa,299.39355,297.65576,298.71664,2008
Liberia,Grand Bassa,299.57422,297.40747,298.66412,2009
Liberia,Grand Bassa,300.15356,297.72925,298.92917,2010
Liberia,Grand Bassa,299.4436,297.6189,298.645,2011
Liberia,Grand Bassa,299.27686,297.28198,298.48492,2012
Liberia,Grand Bassa,299.7295,297.30957,298.77087,2013
Liberia,Grand Bassa,299.54028,297.4978,298.63995,2014
Liberia,Grand Bassa,299.68555,297.9253,298.84537,2015
Liberia,Grand Bassa,300.27954,297.8601,299.18155,2016
Liberia,Grand Bassa,300.41016,298.13745,299.22855,2017
Liberia,Grand Bassa,300.2832,298.05542,299.37274,2018
Liberia,Grand Bassa,300.2832,298.05542,299.37274,2019
Liberia,Grand Bassa,300.57056,297.85254,299.43097,2020
Liberia,Grand Cape Mount,299.92456,296.698,297.8677,2001
Liberia,Grand Cape Mount,299.4287,296.865,298.0058,2002
Liberia,Grand Cape Mount,299.93335,296.53882,298.17477,2003
Liberia,Grand Cape Mount,299.50952,296.8037,298.08737,2004
Liberia,Grand Cape Mount,299.29858,296.78638,298.0251,2005
Liberia,Grand Cape Mount,299.00757,296.77808,298.17532,2006
Liberia,Grand Cape Mount,300.05322,296.51245,298.1978,2007
Liberia,Grand Cape Mount,299.30762,296.51343,297.95053,2008
Liberia,Grand Cape Mount,299.83984,296.32935,298.23248,2009
Liberia,Grand Cape Mount,300.04468,296.70776,298.16843,2010
Liberia,Grand Cape Mount,299.29614,296.78955,297.95847,2011
Liberia,Grand Cape Mount,299.78467,296.32104,297.9711,2012
Liberia,Grand Cape Mount,300.33105,296.68066,298.2639,2013
Liberia,Grand Cape Mount,299.5979,296.60132,298.0291,2014
Liberia,Grand Cape Mount,299.38867,297.29834,298.18082,2015
Liberia,Grand Cape Mount,300.94946,297.0564,298.6633,2016
Liberia,Grand Cape Mount,299.98462,297.28882,298.64114,2017
Liberia,Grand Cape Mount,301.11523,297.0183,298.93295,2018
Liberia,Grand Cape Mount,301.11523,297.0183,298.93295,2019
Liberia,Grand Cape Mount,301.24023,296.9912,298.88327,2020
Morocco,Grand Casablanca,296.37036,286.66724,291.77267,2001
Morocco,Grand Casablanca,295.55444,287.57715,291.4555,2002
Morocco,Grand Casablanca,298.40527,285.44873,291.75372,2003
Morocco,Grand Casablanca,297.97754,285.8203,291.5408,2004
Morocco,Grand Casablanca,297.46997,283.53125,291.26596,2005
Morocco,Grand Casablanca,298.02026,284.2893,291.83987,2006
Morocco,Grand Casablanca,296.59448,285.0647,291.16672,2007
Morocco,Grand Casablanca,296.31006,285.58765,291.09427,2008
Morocco,Grand Casablanca,297.80298,285.09448,292.03766,2009
Morocco,Grand Casablanca,299.4558,286.93555,292.25192,2010
Morocco,Grand Casablanca,296.98242,285.7063,291.8276,2011
Morocco,Grand Casablanca,297.29956,284.1223,291.37637,2012
Morocco,Grand Casablanca,298.0166,285.51855,291.31076,2013
Morocco,Grand Casablanca,296.57983,286.04883,291.6481,2014
Morocco,Grand Casablanca,297.92676,284.8833,291.72232,2015
Morocco,Grand Casablanca,298.4812,286.87915,292.03067,2016
Morocco,Grand Casablanca,297.93433,285.05347,292.19064,2017
Morocco,Grand Casablanca,296.9558,284.76904,291.39276,2018
Morocco,Grand Casablanca,296.9558,284.76904,291.39276,2019
Morocco,Grand Casablanca,298.11816,285.41187,292.04782,2020
Liberia,Grand Gedeh,299.89526,296.9558,298.1262,2001
Liberia,Grand Gedeh,299.82715,296.9475,298.2532,2002
Liberia,Grand Gedeh,299.74194,297.0935,298.3569,2003
Liberia,Grand Gedeh,299.7693,297.0381,298.4181,2004
Liberia,Grand Gedeh,300.05566,297.16724,298.48505,2005
Liberia,Grand Gedeh,299.3921,297.19604,298.49515,2006
Liberia,Grand Gedeh,300.10962,296.9812,298.5764,2007
Liberia,Grand Gedeh,300.1377,297.04663,298.50082,2008
Liberia,Grand Gedeh,299.24902,296.90356,298.38614,2009
Liberia,Grand Gedeh,300.09155,297.1648,298.6222,2010
Liberia,Grand Gedeh,299.41724,297.22437,298.31232,2011
Liberia,Grand Gedeh,299.44946,296.80737,298.3044,2012
Liberia,Grand Gedeh,300.3838,296.87598,298.4763,2013
Liberia,Grand Gedeh,299.24634,297.16187,298.35788,2014
Liberia,Grand Gedeh,299.54883,297.47314,298.56134,2015
Liberia,Grand Gedeh,300.52173,297.49878,298.946,2016
Liberia,Grand Gedeh,299.99243,297.62378,298.86282,2017
Liberia,Grand Gedeh,300.5879,297.43042,299.028,2018
Liberia,Grand Gedeh,300.5879,297.43042,299.028,2019
Liberia,Grand Gedeh,301.30664,297.4795,299.15543,2020
Liberia,Grand Kru,299.66357,297.59253,298.5925,2001
Liberia,Grand Kru,299.9165,297.71704,298.8206,2002
Liberia,Grand Kru,299.93945,297.90137,298.9479,2003
Liberia,Grand Kru,299.9353,297.68872,298.87024,2004
Liberia,Grand Kru,300.16968,297.6848,299.01224,2005
Liberia,Grand Kru,299.85425,297.8894,298.92303,2006
Liberia,Grand Kru,299.89038,297.71167,298.97385,2007
Liberia,Grand Kru,299.77002,298.05835,299.01874,2008
Liberia,Grand Kru,299.9707,297.65454,298.86594,2009
Liberia,Grand Kru,300.44458,298.0476,299.1754,2010
Liberia,Grand Kru,299.80957,297.81885,298.8631,2011
Liberia,Grand Kru,299.55225,297.7605,298.72287,2012
Liberia,Grand Kru,300.2141,297.49902,298.91818,2013
Liberia,Grand Kru,299.90747,297.73608,298.84064,2014
Liberia,Grand Kru,299.9922,297.8706,298.972,2015
Liberia,Grand Kru,300.50024,298.11597,299.34903,2016
Liberia,Grand Kru,300.33984,297.96362,299.19992,2017
Liberia,Grand Kru,300.48193,298.15503,299.42123,2018
Liberia,Grand Kru,300.48193,298.15503,299.42123,2019
Liberia,Grand Kru,300.74023,298.02637,299.41876,2020
Ghana,Greater Accra,301.77417,297.4524,300.00232,2001
Ghana,Greater Accra,301.74487,297.88696,300.1995,2002
Ghana,Greater Accra,301.9414,298.2334,300.41373,2003
Ghana,Greater Accra,301.97827,298.20215,300.41647,2004
Ghana,Greater Accra,302.4463,297.7102,300.40384,2005
Ghana,Greater Accra,301.99365,298.0359,300.51614,2006
Ghana,Greater Accra,302.11963,298.4226,300.45953,2007
Ghana,Greater Accra,301.77393,298.69507,300.51776,2008
Ghana,Greater Accra,302.13477,298.2473,300.7315,2009
Ghana,Greater Accra,302.73804,299.00464,301.05563,2010
Ghana,Greater Accra,302.02563,298.26025,300.5314,2011
Ghana,Greater Accra,302.13818,298.0183,300.46524,2012
Ghana,Greater Accra,302.4192,298.00098,300.65872,2013
Ghana,Greater Accra,301.97095,297.90796,300.4528,2014
Ghana,Greater Accra,301.80664,298.60107,300.4821,2015
Ghana,Greater Accra,302.48853,298.573,300.86008,2016
Ghana,Greater Accra,302.11743,298.1648,300.61447,2017
Ghana,Greater Accra,302.34766,299.0476,300.93524,2018
Ghana,Greater Accra,302.34766,299.0476,300.93524,2019
Ghana,Greater Accra,302.66406,298.5166,300.89938,2020
Algeria,Guelma,300.55005,282.18115,291.01974,2001
Algeria,Guelma,299.32593,281.50684,290.98773,2002
Algeria,Guelma,302.45288,281.82788,291.17447,2003
Algeria,Guelma,300.91504,282.63086,290.34338,2004
Algeria,Guelma,300.24365,280.3086,290.1602,2005
Algeria,Guelma,300.7976,281.02954,291.29218,2006
Algeria,Guelma,300.05542,282.76416,290.59055,2007
Algeria,Guelma,300.8706,282.5935,290.78598,2008
Algeria,Guelma,301.97876,282.28418,290.66934,2009
Algeria,Guelma,300.6062,283.68555,290.81604,2010
Algeria,Guelma,300.7837,282.24927,290.721,2011
Algeria,Guelma,302.2898,279.53052,291.16574,2012
Algeria,Guelma,300.2788,281.53418,290.45056,2013
Algeria,Guelma,300.54468,283.47656,291.23093,2014
Algeria,Guelma,300.77637,281.563,290.7075,2015
Algeria,Guelma,300.07788,284.13892,291.1949,2016
Algeria,Guelma,302.12573,281.14722,291.08548,2017
Algeria,Guelma,301.68945,281.4956,290.72073,2018
Algeria,Guelma,301.68945,281.4956,290.72073,2019
Algeria,Guelma,301.26074,282.656,291.1608,2020
Morocco,Guelmim - Es-Semara,305.06787,284.63232,294.34802,2001
Morocco,Guelmim - Es-Semara,304.02515,283.8584,293.52142,2002
Morocco,Guelmim - Es-Semara,305.17163,283.48193,293.44806,2003
Morocco,Guelmim - Es-Semara,304.06958,282.13672,292.70114,2004
Morocco,Guelmim - Es-Semara,304.94873,281.15625,293.4035,2005
Morocco,Guelmim - Es-Semara,304.38354,280.52368,293.16116,2006
Morocco,Guelmim - Es-Semara,305.19995,283.37524,293.20383,2007
Morocco,Guelmim - Es-Semara,304.9331,282.34546,292.92972,2008
Morocco,Guelmim - Es-Semara,304.7776,281.79565,293.36172,2009
Morocco,Guelmim - Es-Semara,304.99487,284.85156,294.03738,2010
Morocco,Guelmim - Es-Semara,304.29663,283.9795,293.06314,2011
Morocco,Guelmim - Es-Semara,304.88696,282.18384,293.3417,2012
Morocco,Guelmim - Es-Semara,304.50342,283.02686,293.6545,2013
Morocco,Guelmim - Es-Semara,304.51758,282.69336,293.7324,2014
Morocco,Guelmim - Es-Semara,304.2998,282.74316,293.60904,2015
Morocco,Guelmim - Es-Semara,305.25366,282.74097,293.8295,2016
Morocco,Guelmim - Es-Semara,305.40796,281.81323,294.37698,2017
Morocco,Guelmim - Es-Semara,304.98438,283.3335,294.15707,2018
Morocco,Guelmim - Es-Semara,304.98438,283.3335,294.15707,2019
Morocco,Guelmim - Es-Semara,305.583,282.70288,294.3875,2020
Chad,Guera,306.85303,297.011,301.71146,2001
Chad,Guera,307.4231,296.7744,302.1225,2002
Chad,Guera,306.7688,298.00342,301.62302,2003
Chad,Guera,306.81177,299.14648,301.96008,2004
Chad,Guera,307.00366,297.51562,302.15268,2005
Chad,Guera,306.0542,297.3474,302.397,2006
Chad,Guera,307.1206,296.89673,302.31223,2007
Chad,Guera,305.6997,298.59082,301.67645,2008
Chad,Guera,307.0254,299.5996,302.76715,2009
Chad,Guera,308.0686,298.3269,302.59518,2010
Chad,Guera,306.80322,296.9209,302.08658,2011
Chad,Guera,307.09033,298.33228,302.04288,2012
Chad,Guera,306.9414,298.43506,302.6553,2013
Chad,Guera,306.58325,298.85522,302.37906,2014
Chad,Guera,307.34448,296.88916,302.74118,2015
Chad,Guera,307.39868,297.1604,302.63385,2016
Chad,Guera,307.1272,299.6062,302.84445,2017
Chad,Guera,307.5581,298.6499,302.23895,2018
Chad,Guera,307.5581,298.6499,302.23895,2019
Chad,Guera,307.68066,297.49585,302.31003,2020
Mauritania,Guidimakha,308.9568,298.4973,303.9717,2001
Mauritania,Guidimakha,309.0774,298.56738,304.20404,2002
Mauritania,Guidimakha,309.64648,297.25732,303.69757,2003
Mauritania,Guidimakha,309.4973,298.03906,304.1222,2004
Mauritania,Guidimakha,308.7544,297.8789,304.13412,2005
Mauritania,Guidimakha,308.10303,296.30884,303.7225,2006
Mauritania,Guidimakha,309.21826,298.47705,303.73965,2007
Mauritania,Guidimakha,308.45923,296.24316,303.7933,2008
Mauritania,Guidimakha,309.80884,296.07104,303.75885,2009
Mauritania,Guidimakha,310.51782,300.27344,304.70193,2010
Mauritania,Guidimakha,309.6704,298.01807,304.2044,2011
Mauritania,Guidimakha,308.97754,297.07446,303.20612,2012
Mauritania,Guidimakha,309.3518,296.83936,303.85046,2013
Mauritania,Guidimakha,309.09082,298.36523,304.0112,2014
Mauritania,Guidimakha,309.46753,297.50293,303.96906,2015
Mauritania,Guidimakha,310.62964,299.55347,304.2416,2016
Mauritania,Guidimakha,309.96118,297.11987,304.35226,2017
Mauritania,Guidimakha,309.58398,297.5952,303.99368,2018
Mauritania,Guidimakha,309.58398,297.5952,303.99368,2019
Mauritania,Guidimakha,310.89844,298.1306,304.46857,2020
Uganda,Gulu,301.0066,296.3235,298.12878,2001
Uganda,Gulu,302.50684,297.3125,298.7021,2002
Uganda,Gulu,301.80444,296.1775,298.52554,2003
Uganda,Gulu,302.74585,296.69238,298.68094,2004
Uganda,Gulu,303.7588,296.69678,299.3265,2005
Uganda,Gulu,302.07056,296.55933,298.30356,2006
Uganda,Gulu,301.1936,296.16284,298.28293,2007
Uganda,Gulu,300.58887,296.05615,298.22464,2008
Uganda,Gulu,301.40723,297.58447,298.87814,2009
Uganda,Gulu,301.21875,296.71753,298.72684,2010
Uganda,Gulu,301.60083,296.354,298.33542,2011
Uganda,Gulu,302.59326,296.14282,298.40973,2012
Uganda,Gulu,301.49707,296.5381,298.31546,2013
Uganda,Gulu,302.0061,296.34546,298.87595,2014
Uganda,Gulu,302.82812,297.04077,298.86685,2015
Uganda,Gulu,303.31958,297.05835,299.54288,2016
Uganda,Gulu,302.3777,296.50464,299.1405,2017
Uganda,Gulu,302.80103,296.3855,298.8327,2018
Uganda,Gulu,302.80103,296.3855,298.8327,2019
Uganda,Gulu,300.41406,296.5205,298.2023,2020
Côte d'Ivoire,Gôh-Djiboua,301.04565,297.61206,299.06253,2001
Côte d'Ivoire,Gôh-Djiboua,301.6455,297.635,299.2646,2002
Côte d'Ivoire,Gôh-Djiboua,301.2146,298.0681,299.4731,2003
Côte d'Ivoire,Gôh-Djiboua,301.31226,297.84888,299.45096,2004
Côte d'Ivoire,Gôh-Djiboua,301.583,297.70044,299.56284,2005
Côte d'Ivoire,Gôh-Djiboua,300.89014,298.25854,299.56497,2006
Côte d'Ivoire,Gôh-Djiboua,301.97485,298.12183,299.75217,2007
Côte d'Ivoire,Gôh-Djiboua,301.69434,298.1421,299.54105,2008
Côte d'Ivoire,Gôh-Djiboua,300.7295,297.97388,299.53293,2009
Côte d'Ivoire,Gôh-Djiboua,301.33765,298.40503,299.78104,2010
Côte d'Ivoire,Gôh-Djiboua,300.9309,298.22314,299.51675,2011
Côte d'Ivoire,Gôh-Djiboua,301.021,297.92407,299.49484,2012
Côte d'Ivoire,Gôh-Djiboua,301.94238,297.82715,299.61887,2013
Côte d'Ivoire,Gôh-Djiboua,300.86157,298.03296,299.49167,2014
Côte d'Ivoire,Gôh-Djiboua,301.0747,298.11084,299.60577,2015
Côte d'Ivoire,Gôh-Djiboua,302.36255,298.53198,300.11334,2016
Côte d'Ivoire,Gôh-Djiboua,301.29785,297.94995,299.67044,2017
Côte d'Ivoire,Gôh-Djiboua,301.20142,298.08472,299.639,2018
Côte d'Ivoire,Gôh-Djiboua,301.20142,298.08472,299.639,2019
Côte d'Ivoire,Gôh-Djiboua,302.60547,298.1963,299.94366,2020
Chad,Hadjer Lamis,306.9724,295.15942,301.77478,2001
Chad,Hadjer Lamis,307.45752,293.72754,301.83017,2002
Chad,Hadjer Lamis,306.71606,296.1128,301.70523,2003
Chad,Hadjer Lamis,307.70044,296.8047,301.98645,2004
Chad,Hadjer Lamis,306.86694,294.74414,302.3135,2005
Chad,Hadjer Lamis,306.48242,295.0681,302.21,2006
Chad,Hadjer Lamis,307.66382,294.7151,301.95758,2007
Chad,Hadjer Lamis,306.9983,294.69043,301.82962,2008
Chad,Hadjer Lamis,307.26172,297.45898,302.91202,2009
Chad,Hadjer Lamis,308.67212,297.33472,302.89612,2010
Chad,Hadjer Lamis,307.2329,295.5752,302.3006,2011
Chad,Hadjer Lamis,308.05127,296.1565,302.16202,2012
Chad,Hadjer Lamis,307.08618,298.19873,302.91345,2013
Chad,Hadjer Lamis,307.41724,296.98218,302.6567,2014
Chad,Hadjer Lamis,307.8269,294.16455,302.2617,2015
Chad,Hadjer Lamis,307.88354,294.969,302.73917,2016
Chad,Hadjer Lamis,307.8733,298.0713,302.5601,2017
Chad,Hadjer Lamis,307.77368,297.24756,302.13528,2018
Chad,Hadjer Lamis,307.77368,297.24756,302.13528,2019
Chad,Hadjer Lamis,308.0332,295.57397,302.14532,2020
Zimbabwe,Harare,295.64746,287.0503,292.19714,2001
Zimbabwe,Harare,295.52246,287.59082,292.7164,2002
Zimbabwe,Harare,295.802,286.40405,292.37335,2003
Zimbabwe,Harare,295.61548,287.0476,292.08182,2004
Zimbabwe,Harare,296.15088,287.62256,292.6934,2005
Zimbabwe,Harare,296.03052,287.2058,292.19418,2006
Zimbabwe,Harare,295.2522,286.99878,292.04678,2007
Zimbabwe,Harare,296.2622,287.0725,292.21356,2008
Zimbabwe,Harare,295.37573,286.26392,291.97516,2009
Zimbabwe,Harare,296.8064,287.76343,292.78983,2010
Zimbabwe,Harare,295.87524,287.38647,292.37253,2011
Zimbabwe,Harare,296.13086,287.01392,292.34756,2012
Zimbabwe,Harare,295.94238,287.19287,292.33582,2013
Zimbabwe,Harare,297.00854,287.85547,292.5667,2014
Zimbabwe,Harare,296.6411,287.6892,292.68063,2015
Zimbabwe,Harare,296.91553,287.6338,293.04367,2016
Zimbabwe,Harare,296.49316,287.9685,292.47238,2017
Zimbabwe,Harare,297.02905,287.89258,293.0744,2018
Zimbabwe,Harare,297.02905,287.89258,293.0744,2019
Zimbabwe,Harare,297.38696,287.33496,292.91388,2020
Namibia,Hardap,297.1985,284.9663,291.80066,2001
Namibia,Hardap,296.87012,285.042,292.4288,2002
Namibia,Hardap,299.04248,285.8545,293.1613,2003
Namibia,Hardap,297.33203,286.0813,292.5654,2004
Namibia,Hardap,297.823,287.36084,293.11166,2005
Namibia,Hardap,297.01147,285.49756,291.36688,2006
Namibia,Hardap,298.13696,285.37158,293.01456,2007
Namibia,Hardap,297.7041,285.82178,292.19305,2008
Namibia,Hardap,299.04102,284.19165,292.34723,2009
Namibia,Hardap,297.49878,286.23804,292.86014,2010
Namibia,Hardap,296.3911,283.9685,291.13947,2011
Namibia,Hardap,297.8518,285.39795,292.38223,2012
Namibia,Hardap,299.3999,287.50732,293.48425,2013
Namibia,Hardap,297.08008,286.5586,292.4352,2014
Namibia,Hardap,297.66113,284.57593,293.2293,2015
Namibia,Hardap,299.62378,286.63647,294.29727,2016
Namibia,Hardap,298.3037,288.03882,293.3158,2017
Namibia,Hardap,299.5327,288.4668,294.88348,2018
Namibia,Hardap,299.5327,288.4668,294.88348,2019
Namibia,Hardap,298.72827,286.52222,293.29587,2020
Ethiopia,Hareri,293.94482,288.64185,292.0093,2001
Ethiopia,Hareri,294.4973,289.31934,292.58456,2002
Ethiopia,Hareri,294.38867,289.44556,292.3198,2003
Ethiopia,Hareri,293.90747,290.0703,292.18762,2004
Ethiopia,Hareri,293.90112,290.0437,292.57407,2005
Ethiopia,Hareri,293.72803,290.06226,292.33255,2006
Ethiopia,Hareri,294.45654,289.74268,292.46686,2007
Ethiopia,Hareri,293.72876,290.02515,292.26694,2008
Ethiopia,Hareri,295.47095,290.5652,293.2844,2009
Ethiopia,Hareri,294.27368,290.2605,292.4863,2010
Ethiopia,Hareri,295.18774,289.604,292.76837,2011
Ethiopia,Hareri,294.55957,290.57446,292.8796,2012
Ethiopia,Hareri,294.2229,289.20654,292.41037,2013
Ethiopia,Hareri,294.56152,289.90234,292.5978,2014
Ethiopia,Hareri,294.6648,289.81348,293.50763,2015
Ethiopia,Hareri,297.05103,290.46167,293.3085,2016
Ethiopia,Hareri,295.125,289.2373,293.10486,2017
Ethiopia,Hareri,295.00342,290.26123,292.9948,2018
Ethiopia,Hareri,295.00342,290.26123,292.9948,2019
Ethiopia,Hareri,294.43774,290.40405,292.8592,2020
Central African Republic,Haut-Mbomou,300.4995,295.03638,297.7515,2001
Central African Republic,Haut-Mbomou,301.18213,295.45996,298.0367,2002
Central African Republic,Haut-Mbomou,302.13672,296.21387,298.38864,2003
Central African Republic,Haut-Mbomou,302.01733,296.1162,298.10364,2004
Central African Republic,Haut-Mbomou,302.2373,296.34692,298.4748,2005
Central African Republic,Haut-Mbomou,302.16943,295.9021,298.3978,2006
Central African Republic,Haut-Mbomou,302.13696,295.81128,297.98428,2007
Central African Republic,Haut-Mbomou,301.29004,296.1245,297.9473,2008
Central African Republic,Haut-Mbomou,300.8457,296.8274,298.371,2009
Central African Republic,Haut-Mbomou,302.29224,296.43628,298.6409,2010
Central African Republic,Haut-Mbomou,301.7854,296.07666,297.9946,2011
Central African Republic,Haut-Mbomou,301.72705,295.84058,298.05978,2012
Central African Republic,Haut-Mbomou,302.3352,296.00684,298.74045,2013
Central African Republic,Haut-Mbomou,301.6643,296.02905,298.48517,2014
Central African Republic,Haut-Mbomou,302.35742,296.0454,298.56216,2015
Central African Republic,Haut-Mbomou,303.22485,296.38647,298.84122,2016
Central African Republic,Haut-Mbomou,302.9397,296.29956,298.91653,2017
Central African Republic,Haut-Mbomou,302.80664,296.43823,299.03568,2018
Central African Republic,Haut-Mbomou,302.80664,296.43823,299.03568,2019
Central African Republic,Haut-Mbomou,303.45337,296.15723,298.88263,2020
Gabon,Haut-Ogooue,297.44092,295.78442,296.81076,2001
Gabon,Haut-Ogooue,297.99902,296.4729,297.21884,2002
Gabon,Haut-Ogooue,298.53296,296.6853,297.34,2003
Gabon,Haut-Ogooue,298.156,296.36646,297.2075,2004
Gabon,Haut-Ogooue,298.6494,296.45264,297.4471,2005
Gabon,Haut-Ogooue,297.8999,296.71582,297.2624,2006
Gabon,Haut-Ogooue,298.49634,296.57642,297.2906,2007
Gabon,Haut-Ogooue,297.80762,296.45068,297.16147,2008
Gabon,Haut-Ogooue,298.38086,296.67407,297.4091,2009
Gabon,Haut-Ogooue,298.5774,296.823,297.70862,2010
Gabon,Haut-Ogooue,298.1958,296.8025,297.4658,2011
Gabon,Haut-Ogooue,298.29346,296.52173,297.38858,2012
Gabon,Haut-Ogooue,298.54785,296.06982,297.53796,2013
Gabon,Haut-Ogooue,298.26587,296.6172,297.5633,2014
Gabon,Haut-Ogooue,298.33984,297.06616,297.7192,2015
Gabon,Haut-Ogooue,298.92212,296.88257,298.06598,2016
Gabon,Haut-Ogooue,298.6582,296.9568,297.78714,2017
Gabon,Haut-Ogooue,298.65967,297.00977,297.9014,2018
Gabon,Haut-Ogooue,298.65967,297.00977,297.9014,2019
Gabon,Haut-Ogooue,298.89282,296.68262,297.9671,2020
Madagascar,Haute Matsiatra,294.47144,287.68896,291.90237,2001
Madagascar,Haute Matsiatra,294.4463,287.96973,291.98724,2002
Madagascar,Haute Matsiatra,294.63208,287.24194,292.14484,2003
Madagascar,Haute Matsiatra,294.7578,288.12573,292.13293,2004
Madagascar,Haute Matsiatra,294.93457,287.6538,292.15823,2005
Madagascar,Haute Matsiatra,294.73267,288.28394,292.36185,2006
Madagascar,Haute Matsiatra,294.39697,287.84033,292.14996,2007
Madagascar,Haute Matsiatra,294.63647,287.5874,291.88364,2008
Madagascar,Haute Matsiatra,294.73047,287.92993,292.1879,2009
Madagascar,Haute Matsiatra,294.80054,287.6687,292.45505,2010
Madagascar,Haute Matsiatra,294.54712,288.04858,292.2524,2011
Madagascar,Haute Matsiatra,294.39185,288.31274,292.15842,2012
Madagascar,Haute Matsiatra,294.89014,287.92432,292.21603,2013
Madagascar,Haute Matsiatra,295.14526,288.4453,292.45163,2014
Madagascar,Haute Matsiatra,294.70557,288.61035,292.37564,2015
Madagascar,Haute Matsiatra,294.9143,287.62085,292.10666,2016
Madagascar,Haute Matsiatra,294.6963,288.41382,292.5775,2017
Madagascar,Haute Matsiatra,295.69092,287.78906,292.76224,2018
Madagascar,Haute Matsiatra,295.69092,287.78906,292.76224,2019
Madagascar,Haute Matsiatra,296.14478,287.63574,292.59683,2020
Central African Republic,Haute-Kotto,300.9038,294.02466,297.5098,2001
Central African Republic,Haute-Kotto,301.313,294.5537,297.76996,2002
Central African Republic,Haute-Kotto,301.40234,296.0244,298.0317,2003
Central African Republic,Haute-Kotto,301.13257,296.01074,297.762,2004
Central African Republic,Haute-Kotto,301.63843,296.1438,298.1382,2005
Central African Republic,Haute-Kotto,301.7827,294.75757,297.95248,2006
Central African Republic,Haute-Kotto,301.5979,294.9397,297.60895,2007
Central African Republic,Haute-Kotto,301.11816,295.99365,297.65106,2008
Central African Republic,Haute-Kotto,300.33594,296.64087,298.0279,2009
Central African Republic,Haute-Kotto,302.9563,296.16284,298.30545,2010
Central African Republic,Haute-Kotto,301.8772,294.98877,297.47183,2011
Central African Republic,Haute-Kotto,301.1372,295.4768,297.52545,2012
Central African Republic,Haute-Kotto,302.1621,295.85645,298.46097,2013
Central African Republic,Haute-Kotto,301.5061,295.85132,298.06198,2014
Central African Republic,Haute-Kotto,302.13477,295.2505,298.27277,2015
Central African Republic,Haute-Kotto,302.58228,296.2556,298.44034,2016
Central African Republic,Haute-Kotto,302.4104,296.2859,298.57297,2017
Central African Republic,Haute-Kotto,302.45068,296.2859,298.67435,2018
Central African Republic,Haute-Kotto,302.45068,296.2859,298.67435,2019
Central African Republic,Haute-Kotto,302.83496,296.00293,298.5506,2020
Burkina Faso,Hauts-bassins,305.42334,298.42896,301.04007,2001
Burkina Faso,Hauts-bassins,305.15674,298.83618,301.32645,2002
Burkina Faso,Hauts-bassins,305.59692,298.4131,301.1611,2003
Burkina Faso,Hauts-bassins,304.7473,298.98926,301.553,2004
Burkina Faso,Hauts-bassins,306.1306,298.5254,301.62387,2005
Burkina Faso,Hauts-bassins,305.29443,298.0017,301.08694,2006
Burkina Faso,Hauts-bassins,305.30444,297.96118,301.03,2007
Burkina Faso,Hauts-bassins,304.77783,296.10254,300.71893,2008
Burkina Faso,Hauts-bassins,305.34766,297.99487,301.3669,2009
Burkina Faso,Hauts-bassins,305.89966,298.75854,301.5968,2010
Burkina Faso,Hauts-bassins,305.4795,298.26025,301.10382,2011
Burkina Faso,Hauts-bassins,304.4536,298.01,300.84756,2012
Burkina Faso,Hauts-bassins,305.85474,298.18066,301.33597,2013
Burkina Faso,Hauts-bassins,306.03638,298.96777,301.4977,2014
Burkina Faso,Hauts-bassins,306.2578,298.14307,301.52487,2015
Burkina Faso,Hauts-bassins,306.68774,299.03394,301.86676,2016
Burkina Faso,Hauts-bassins,306.0354,299.08276,301.7014,2017
Burkina Faso,Hauts-bassins,305.63428,299.1101,301.2614,2018
Burkina Faso,Hauts-bassins,305.63428,299.1101,301.2614,2019
Burkina Faso,Hauts-bassins,305.81738,298.46973,301.39078,2020
Swaziland,Hhohho,297.03052,288.75928,293.97253,2001
Swaziland,Hhohho,298.35254,289.37866,294.49667,2002
Swaziland,Hhohho,299.15796,289.16577,294.98843,2003
Swaziland,Hhohho,298.19336,288.3562,294.1969,2004
Swaziland,Hhohho,298.53418,289.9878,294.9017,2005
Swaziland,Hhohho,298.29468,288.8745,293.827,2006
Swaziland,Hhohho,298.36377,289.43628,294.4571,2007
Swaziland,Hhohho,298.00098,290.1057,294.5684,2008
Swaziland,Hhohho,298.2937,288.64282,294.47955,2009
Swaziland,Hhohho,298.70483,289.54858,294.81848,2010
Swaziland,Hhohho,298.96973,288.35327,294.56247,2011
Swaziland,Hhohho,299.2766,290.23584,294.628,2012
Swaziland,Hhohho,297.5498,290.04053,293.96603,2013
Swaziland,Hhohho,298.17993,289.40234,294.23224,2014
Swaziland,Hhohho,300.31104,290.57397,295.69644,2015
Swaziland,Hhohho,299.57153,290.10913,295.45807,2016
Swaziland,Hhohho,297.65137,290.70605,294.2878,2017
Swaziland,Hhohho,298.03735,290.6621,295.2064,2018
Swaziland,Hhohho,298.03735,290.6621,295.2064,2019
Swaziland,Hhohho,298.67017,289.40894,294.44806,2020
Somalia,Hiraan,301.72095,298.84668,299.92468,2001
Somalia,Hiraan,302.0183,298.79248,300.01263,2002
Somalia,Hiraan,301.9004,298.35376,300.1961,2003
Somalia,Hiraan,301.56567,297.4026,299.91418,2004
Somalia,Hiraan,301.89038,298.48877,299.80032,2005
Somalia,Hiraan,301.5183,298.09668,299.92758,2006
Somalia,Hiraan,302.06665,299.54907,300.64752,2007
Somalia,Hiraan,302.32666,299.12646,299.987,2008
Somalia,Hiraan,301.67212,299.46948,300.5572,2009
Somalia,Hiraan,302.62427,299.31128,300.72864,2010
Somalia,Hiraan,302.4807,298.5686,300.14044,2011
Somalia,Hiraan,301.41455,298.99243,300.15778,2012
Somalia,Hiraan,301.2727,298.7881,299.90823,2013
Somalia,Hiraan,302.7942,299.06616,300.45163,2014
Somalia,Hiraan,301.39038,298.94824,300.2591,2015
Somalia,Hiraan,302.98462,299.1189,300.6293,2016
Somalia,Hiraan,303.05273,297.96777,300.57117,2017
Somalia,Hiraan,302.51514,298.30322,300.5552,2018
Somalia,Hiraan,302.51514,298.30322,300.5552,2019
Somalia,Hiraan,301.87134,299.85767,300.80304,2020
Mauritania,Hodh Ech Chargi,310.8081,289.22583,300.83694,2001
Mauritania,Hodh Ech Chargi,310.2151,289.39746,300.2519,2002
Mauritania,Hodh Ech Chargi,311.3767,286.9253,300.23337,2003
Mauritania,Hodh Ech Chargi,309.9817,288.2129,299.50403,2004
Mauritania,Hodh Ech Chargi,310.8684,287.82812,300.76205,2005
Mauritania,Hodh Ech Chargi,310.9148,286.49048,300.22397,2006
Mauritania,Hodh Ech Chargi,310.39136,289.01416,300.06778,2007
Mauritania,Hodh Ech Chargi,311.04248,287.6377,300.04623,2008
Mauritania,Hodh Ech Chargi,311.28735,286.93042,300.38858,2009
Mauritania,Hodh Ech Chargi,310.87573,290.72852,301.57565,2010
Mauritania,Hodh Ech Chargi,310.3943,289.11377,300.37872,2011
Mauritania,Hodh Ech Chargi,311.13306,287.8645,299.93723,2012
Mauritania,Hodh Ech Chargi,311.36084,288.38428,300.4971,2013
Mauritania,Hodh Ech Chargi,310.7754,288.63867,300.527,2014
Mauritania,Hodh Ech Chargi,310.53076,288.2588,300.6315,2015
Mauritania,Hodh Ech Chargi,310.58765,290.6316,301.0087,2016
Mauritania,Hodh Ech Chargi,310.9392,286.77222,300.85373,2017
Mauritania,Hodh Ech Chargi,310.88867,287.47998,299.94876,2018
Mauritania,Hodh Ech Chargi,310.88867,287.47998,299.94876,2019
Mauritania,Hodh Ech Chargi,310.8545,288.62476,301.17316,2020
Mauritania,Hodh El Gharbi,308.05273,294.5149,302.7429,2001
Mauritania,Hodh El Gharbi,308.61035,295.0205,302.70224,2002
Mauritania,Hodh El Gharbi,308.67383,292.79248,302.75552,2003
Mauritania,Hodh El Gharbi,308.66284,294.28516,302.82434,2004
Mauritania,Hodh El Gharbi,308.13525,294.16406,302.85712,2005
Mauritania,Hodh El Gharbi,307.9214,292.4104,302.2375,2006
Mauritania,Hodh El Gharbi,308.69385,294.48486,302.34445,2007
Mauritania,Hodh El Gharbi,307.6819,292.59277,302.35922,2008
Mauritania,Hodh El Gharbi,308.66748,292.32495,302.85455,2009
Mauritania,Hodh El Gharbi,309.53882,296.16602,303.84763,2010
Mauritania,Hodh El Gharbi,309.12305,294.20752,303.07843,2011
Mauritania,Hodh El Gharbi,308.8413,293.32056,302.1358,2012
Mauritania,Hodh El Gharbi,309.38525,293.18896,302.56546,2013
Mauritania,Hodh El Gharbi,309.55176,294.73828,302.63556,2014
Mauritania,Hodh El Gharbi,309.60913,293.77246,302.95035,2015
Mauritania,Hodh El Gharbi,309.6433,296.11597,303.34543,2016
Mauritania,Hodh El Gharbi,309.99243,292.46558,303.00525,2017
Mauritania,Hodh El Gharbi,309.27734,293.3413,302.38382,2018
Mauritania,Hodh El Gharbi,309.27734,293.3413,302.38382,2019
Mauritania,Hodh El Gharbi,310.16284,294.34155,303.32858,2020
Uganda,Hoima,299.85815,296.89453,297.8796,2001
Uganda,Hoima,300.89355,297.16992,298.22195,2002
Uganda,Hoima,300.40796,296.92163,298.09293,2003
Uganda,Hoima,300.82593,297.4016,298.50223,2004
Uganda,Hoima,301.8584,297.3589,298.79886,2005
Uganda,Hoima,301.11157,296.96973,298.21683,2006
Uganda,Hoima,299.47876,296.87378,298.10666,2007
Uganda,Hoima,298.9541,296.72998,297.862,2008
Uganda,Hoima,300.14062,297.75464,298.4091,2009
Uganda,Hoima,299.3943,297.3601,298.1782,2010
Uganda,Hoima,300.2727,297.2505,298.21402,2011
Uganda,Hoima,301.6577,297.1018,298.4467,2012
Uganda,Hoima,300.3545,297.27832,298.29465,2013
Uganda,Hoima,301.46118,297.3025,298.69498,2014
Uganda,Hoima,301.48682,297.65137,298.90494,2015
Uganda,Hoima,301.7727,298.0525,299.27188,2016
Uganda,Hoima,301.09058,297.75366,299.11234,2017
Uganda,Hoima,301.6565,297.1189,298.77493,2018
Uganda,Hoima,301.6565,297.1189,298.77493,2019
Uganda,Hoima,299.6504,297.43457,298.49332,2020
Angola,Huambo,293.25708,290.7317,291.43005,2001
Angola,Huambo,292.89038,290.79004,291.78348,2002
Angola,Huambo,293.49512,290.12988,291.75714,2003
Angola,Huambo,293.01074,290.43823,291.4806,2004
Angola,Huambo,294.5359,291.08545,292.00262,2005
Angola,Huambo,292.64893,290.61084,291.4683,2006
Angola,Huambo,293.2312,290.6062,291.56876,2007
Angola,Huambo,295.31738,289.72485,291.66815,2008
Angola,Huambo,294.43604,291.14282,292.059,2009
Angola,Huambo,294.47583,290.47046,292.06815,2010
Angola,Huambo,294.52002,290.9756,291.79572,2011
Angola,Huambo,294.41235,291.22778,291.97208,2012
Angola,Huambo,294.15552,291.22998,292.1182,2013
Angola,Huambo,293.4646,291.50195,292.05563,2014
Angola,Huambo,294.21167,291.40332,292.4196,2015
Angola,Huambo,294.03442,291.0205,292.5336,2016
Angola,Huambo,294.44702,291.46387,292.4426,2017
Angola,Huambo,294.5432,290.87305,292.62323,2018
Angola,Huambo,294.5432,290.87305,292.62323,2019
Angola,Huambo,293.92627,290.40137,292.27652,2020
Angola,Huila,294.9502,289.53076,292.02347,2001
Angola,Huila,294.77588,289.98535,292.2615,2002
Angola,Huila,295.46802,289.0193,292.23566,2003
Angola,Huila,294.37744,288.78784,291.83884,2004
Angola,Huila,295.78784,289.7378,292.6081,2005
Angola,Huila,294.24854,289.25928,291.7733,2006
Angola,Huila,295.364,289.1726,292.2971,2007
Angola,Huila,295.9619,288.55103,292.07,2008
Angola,Huila,295.82275,289.2932,292.28717,2009
Angola,Huila,296.52124,289.0642,292.61325,2010
Angola,Huila,295.42603,289.36694,292.07208,2011
Angola,Huila,295.58228,289.98462,292.34512,2012
Angola,Huila,296.2024,289.92822,292.62064,2013
Angola,Huila,296.30127,290.09082,292.64288,2014
Angola,Huila,296.15112,290.8025,293.12823,2015
Angola,Huila,296.51294,289.8252,293.1397,2016
Angola,Huila,296.44116,290.3838,293.02396,2017
Angola,Huila,296.59985,290.2422,293.41,2018
Angola,Huila,296.59985,290.2422,293.41,2019
Angola,Huila,296.26074,289.11816,293.02975,2020
Uganda,Ibanda,296.09058,294.16504,294.93298,2001
Uganda,Ibanda,296.59277,294.3164,295.2159,2002
Uganda,Ibanda,297.8943,294.8933,295.77457,2003
Uganda,Ibanda,297.7146,295.25415,296.14172,2004
Uganda,Ibanda,299.12207,294.99512,296.2596,2005
Uganda,Ibanda,297.3401,294.458,295.83987,2006
Uganda,Ibanda,296.60376,294.37012,295.46457,2007
Uganda,Ibanda,296.16772,294.66772,295.3039,2008
Uganda,Ibanda,297.04688,294.91846,296.13986,2009
Uganda,Ibanda,296.6394,295.1211,295.84387,2010
Uganda,Ibanda,297.90747,294.58228,295.59763,2011
Uganda,Ibanda,298.06592,294.83032,295.7966,2012
Uganda,Ibanda,297.3955,294.90332,295.88416,2013
Uganda,Ibanda,298.1018,295.01465,296.42233,2014
Uganda,Ibanda,298.37158,295.0127,296.47394,2015
Uganda,Ibanda,298.81763,295.3662,296.80734,2016
Uganda,Ibanda,298.39526,295.00684,296.4618,2017
Uganda,Ibanda,298.29517,295.0564,296.57065,2018
Uganda,Ibanda,298.29517,295.0564,296.57065,2019
Uganda,Ibanda,297.25366,295.16626,296.55826,2020
Uganda,Iganga,297.12378,294.7793,295.70804,2001
Uganda,Iganga,298.19043,295.58105,296.19135,2002
Uganda,Iganga,298.1189,295.0459,296.25046,2003
Uganda,Iganga,298.12085,295.40747,296.37512,2004
Uganda,Iganga,299.12012,295.36084,296.7497,2005
Uganda,Iganga,298.6018,295.43164,296.27264,2006
Uganda,Iganga,296.95923,295.2527,296.0507,2007
Uganda,Iganga,296.95215,294.8745,295.945,2008
Uganda,Iganga,298.2578,295.8413,296.49045,2009
Uganda,Iganga,297.15015,295.57886,296.29163,2010
Uganda,Iganga,297.66724,295.37158,296.15656,2011
Uganda,Iganga,298.53247,295.4065,296.32217,2012
Uganda,Iganga,297.56152,295.45215,296.16296,2013
Uganda,Iganga,298.3401,295.44507,296.50665,2014
Uganda,Iganga,299.58984,295.84863,296.8732,2015
Uganda,Iganga,299.39282,296.08105,297.3539,2016
Uganda,Iganga,299.65503,296.3064,297.33972,2017
Uganda,Iganga,299.05884,295.53906,296.75668,2018
Uganda,Iganga,299.05884,295.53906,296.75668,2019
Uganda,Iganga,297.7129,295.60254,296.37418,2020
Madagascar,Ihorombe,299.56152,292.7163,297.0212,2001
Madagascar,Ihorombe,299.69434,293.84473,297.57724,2002
Madagascar,Ihorombe,300.35474,292.42554,297.14224,2003
Madagascar,Ihorombe,300.0901,293.5481,297.50534,2004
Madagascar,Ihorombe,300.22168,293.02686,297.6932,2005
Madagascar,Ihorombe,300.44214,293.6941,297.77377,2006
Madagascar,Ihorombe,299.81494,292.6958,297.1752,2007
Madagascar,Ihorombe,300.17236,292.89673,297.20135,2008
Madagascar,Ihorombe,301.12305,293.57056,297.90988,2009
Madagascar,Ihorombe,300.63672,293.7058,297.89157,2010
Madagascar,Ihorombe,301.63892,292.62866,297.4274,2011
Madagascar,Ihorombe,300.16406,293.7307,297.4247,2012
Madagascar,Ihorombe,300.7627,293.4702,297.69455,2013
Madagascar,Ihorombe,301.1394,294.04492,297.62628,2014
Madagascar,Ihorombe,299.67236,293.48535,297.32028,2015
Madagascar,Ihorombe,299.9104,292.97363,297.31403,2016
Madagascar,Ihorombe,300.02832,294.0525,297.84232,2017
Madagascar,Ihorombe,301.90186,293.48438,298.29218,2018
Madagascar,Ihorombe,301.90186,293.48438,298.29218,2019
Madagascar,Ihorombe,302.18384,293.37988,298.46793,2020
Algeria,Illizi,308.021,284.43677,296.71536,2001
Algeria,Illizi,309.30835,283.21582,296.3243,2002
Algeria,Illizi,308.1521,284.1604,296.0174,2003
Algeria,Illizi,307.09668,283.3789,295.82956,2004
Algeria,Illizi,308.44482,281.59375,295.89667,2005
Algeria,Illizi,307.36597,282.38306,295.9305,2006
Algeria,Illizi,306.78003,284.5454,296.18512,2007
Algeria,Illizi,307.54248,283.7771,296.11508,2008
Algeria,Illizi,307.34204,285.31323,295.77545,2009
Algeria,Illizi,307.46558,286.3418,297.1736,2010
Algeria,Illizi,308.11694,284.18408,295.54996,2011
Algeria,Illizi,307.42017,282.2649,295.96555,2012
Algeria,Illizi,307.02686,283.8081,296.3303,2013
Algeria,Illizi,308.88477,284.14453,296.88522,2014
Algeria,Illizi,307.51514,282.84277,296.0148,2015
Algeria,Illizi,306.22632,285.1858,297.04025,2016
Algeria,Illizi,306.9187,281.55542,295.77332,2017
Algeria,Illizi,307.75586,282.32178,295.97284,2018
Algeria,Illizi,307.75586,282.32178,295.97284,2019
Algeria,Illizi,307.34473,284.33765,296.7132,2020
Nigeria,Imo,302.49878,297.92114,299.90726,2001
Nigeria,Imo,302.06738,298.08618,299.77386,2002
Nigeria,Imo,302.2146,298.23804,299.98386,2003
Nigeria,Imo,302.61304,298.12598,300.07108,2004
Nigeria,Imo,302.97754,298.2085,300.25198,2005
Nigeria,Imo,302.344,298.05347,300.3348,2006
Nigeria,Imo,303.063,298.07104,299.9478,2007
Nigeria,Imo,302.7666,298.2749,299.98358,2008
Nigeria,Imo,303.02148,298.53442,300.399,2009
Nigeria,Imo,304.0642,298.8235,300.85623,2010
Nigeria,Imo,302.3955,298.33838,300.22525,2011
Nigeria,Imo,302.8452,298.3479,300.06012,2012
Nigeria,Imo,302.70215,298.3003,300.06467,2013
Nigeria,Imo,302.7307,298.3025,300.15753,2014
Nigeria,Imo,302.33252,298.64722,300.37106,2015
Nigeria,Imo,304.31177,298.615,300.64932,2016
Nigeria,Imo,304.1123,298.43433,300.70285,2017
Nigeria,Imo,302.02368,298.87305,300.47202,2018
Nigeria,Imo,302.02368,298.87305,300.47202,2019
Nigeria,Imo,303.25195,298.69385,300.80515,2020
Mauritania,Inchiri,307.59448,295.52466,302.91248,2001
Mauritania,Inchiri,307.71924,294.792,302.26996,2002
Mauritania,Inchiri,307.82715,294.01514,302.16177,2003
Mauritania,Inchiri,307.59644,294.62695,302.01688,2004
Mauritania,Inchiri,308.57666,294.05762,302.6224,2005
Mauritania,Inchiri,308.51318,292.73657,302.31235,2006
Mauritania,Inchiri,307.2036,295.18213,301.96442,2007
Mauritania,Inchiri,307.15527,293.94238,302.1973,2008
Mauritania,Inchiri,307.8745,293.1941,302.11334,2009
Mauritania,Inchiri,307.60327,296.7832,303.14807,2010
Mauritania,Inchiri,307.26025,294.9817,302.20456,2011
Mauritania,Inchiri,307.0288,294.2063,301.80685,2012
Mauritania,Inchiri,308.59814,294.22998,302.58826,2013
Mauritania,Inchiri,309.06348,295.0681,302.55777,2014
Mauritania,Inchiri,308.90405,294.65527,302.95602,2015
Mauritania,Inchiri,307.8584,297.15308,303.09738,2016
Mauritania,Inchiri,308.49316,293.89136,302.8638,2017
Mauritania,Inchiri,308.0918,293.97803,301.86703,2018
Mauritania,Inchiri,308.0918,293.97803,301.86703,2019
Mauritania,Inchiri,309.80347,295.1306,302.9282,2020
Mozambique,Inhambane,299.88745,294.3589,297.3827,2001
Mozambique,Inhambane,299.94434,293.91968,297.2659,2002
Mozambique,Inhambane,300.85327,293.24976,297.1992,2003
Mozambique,Inhambane,300.36914,294.1145,297.46008,2004
Mozambique,Inhambane,300.62695,294.21826,297.56448,2005
Mozambique,Inhambane,300.96118,294.33276,297.5316,2006
Mozambique,Inhambane,300.4048,294.20386,297.46588,2007
Mozambique,Inhambane,299.8213,294.50928,297.18768,2008
Mozambique,Inhambane,300.6648,293.7932,297.15793,2009
Mozambique,Inhambane,300.82202,294.40112,297.6653,2010
Mozambique,Inhambane,300.22363,292.9431,296.98257,2011
Mozambique,Inhambane,299.92896,294.12524,297.13077,2012
Mozambique,Inhambane,300.09717,293.93115,297.0243,2013
Mozambique,Inhambane,300.45532,294.35547,297.2236,2014
Mozambique,Inhambane,300.50635,295.0205,297.70163,2015
Mozambique,Inhambane,300.80298,294.49194,297.76584,2016
Mozambique,Inhambane,300.81934,294.8894,297.49533,2017
Mozambique,Inhambane,300.11523,294.89648,297.73456,2018
Mozambique,Inhambane,300.11523,294.89648,297.73456,2019
Mozambique,Inhambane,301.04297,293.98145,297.55435,2020
United Republic of Tanzania,Iringa,299.37988,293.8296,296.4556,2001
United Republic of Tanzania,Iringa,300.0293,294.2666,296.46136,2002
United Republic of Tanzania,Iringa,300.24927,293.82788,296.86325,2003
United Republic of Tanzania,Iringa,299.72485,294.42896,296.90637,2004
United Republic of Tanzania,Iringa,301.05542,294.38232,297.6133,2005
United Republic of Tanzania,Iringa,299.86816,294.39722,297.36234,2006
United Republic of Tanzania,Iringa,299.79785,294.62573,296.77448,2007
United Republic of Tanzania,Iringa,300.313,293.97803,296.66586,2008
United Republic of Tanzania,Iringa,299.1582,294.17993,297.29922,2009
United Republic of Tanzania,Iringa,300.2461,294.7937,297.32938,2010
United Republic of Tanzania,Iringa,299.9026,294.3474,296.8315,2011
United Republic of Tanzania,Iringa,300.1018,294.62915,297.19684,2012
United Republic of Tanzania,Iringa,300.27637,294.9585,297.4976,2013
United Republic of Tanzania,Iringa,300.24878,294.66406,297.00143,2014
United Republic of Tanzania,Iringa,300.28418,295.76855,297.67087,2015
United Republic of Tanzania,Iringa,300.64722,294.2849,297.17795,2016
United Republic of Tanzania,Iringa,300.43848,295.39038,297.99612,2017
United Republic of Tanzania,Iringa,299.6411,295.79102,297.82083,2018
United Republic of Tanzania,Iringa,299.6411,295.79102,297.82083,2019
United Republic of Tanzania,Iringa,298.83813,294.10645,296.5065,2020
Uganda,Isingiro,294.53198,293.1836,293.8954,2001
Uganda,Isingiro,295.2119,293.70898,294.27435,2002
Uganda,Isingiro,296.29077,293.9402,294.77374,2003
Uganda,Isingiro,295.97437,294.27954,294.93567,2004
Uganda,Isingiro,296.84668,294.19385,294.94974,2005
Uganda,Isingiro,295.96118,293.9209,294.8135,2006
Uganda,Isingiro,295.70532,293.78198,294.58893,2007
Uganda,Isingiro,294.7041,293.77124,294.2637,2008
Uganda,Isingiro,295.80664,294.06494,294.9859,2009
Uganda,Isingiro,295.52417,294.17065,294.8865,2010
Uganda,Isingiro,295.87036,293.80518,294.5612,2011
Uganda,Isingiro,296.46826,294.09204,294.7437,2012
Uganda,Isingiro,295.5791,294.083,294.7162,2013
Uganda,Isingiro,296.01978,294.0713,295.0024,2014
Uganda,Isingiro,296.27197,294.34277,295.33072,2015
Uganda,Isingiro,297.08228,294.82324,295.74713,2016
Uganda,Isingiro,296.70386,294.56738,295.52185,2017
Uganda,Isingiro,296.60376,294.3767,295.3892,2018
Uganda,Isingiro,296.60376,294.3767,295.3892,2019
Uganda,Isingiro,295.8955,294.39087,295.29117,2020
Egypt,Ismailia,302.51294,287.71606,295.26013,2001
Egypt,Ismailia,302.94507,285.75684,295.33896,2002
Egypt,Ismailia,301.85254,287.5271,295.05045,2003
Egypt,Ismailia,301.76294,287.24414,294.9036,2004
Egypt,Ismailia,302.04028,288.01953,294.86038,2005
Egypt,Ismailia,302.04956,287.1018,294.81122,2006
Egypt,Ismailia,302.2898,287.07446,295.1877,2007
Egypt,Ismailia,302.63257,285.90918,295.50003,2008
Egypt,Ismailia,302.83228,288.5769,295.62164,2009
Egypt,Ismailia,303.4226,289.42383,296.47458,2010
Egypt,Ismailia,302.17236,288.3369,295.09113,2011
Egypt,Ismailia,303.06714,286.73462,295.3194,2012
Egypt,Ismailia,302.10645,287.75342,295.3765,2013
Egypt,Ismailia,302.43726,287.9939,295.4484,2014
Egypt,Ismailia,303.57373,287.08105,295.4277,2015
Egypt,Ismailia,302.34253,286.79517,295.93723,2016
Egypt,Ismailia,303.09155,286.81128,295.384,2017
Egypt,Ismailia,302.76245,286.91162,295.41165,2018
Egypt,Ismailia,302.76245,286.91162,295.41165,2019
Egypt,Ismailia,302.7744,287.34155,295.7542,2020
Madagascar,Itasy,295.31128,289.65967,293.3368,2001
Madagascar,Itasy,295.5244,289.5166,293.26346,2002
Madagascar,Itasy,295.35474,289.36108,293.3709,2003
Madagascar,Itasy,295.2246,289.70972,293.31003,2004
Madagascar,Itasy,295.77832,289.21436,293.31854,2005
Madagascar,Itasy,295.54468,289.99878,293.6014,2006
Madagascar,Itasy,295.06885,289.69385,293.33926,2007
Madagascar,Itasy,295.41968,289.26587,293.06674,2008
Madagascar,Itasy,295.51025,289.7229,293.47906,2009
Madagascar,Itasy,295.79663,289.75854,293.77145,2010
Madagascar,Itasy,295.39502,289.9978,293.46027,2011
Madagascar,Itasy,295.21997,289.64478,293.20694,2012
Madagascar,Itasy,295.6416,289.3208,293.29675,2013
Madagascar,Itasy,296.30518,290.08594,293.70963,2014
Madagascar,Itasy,295.60205,290.06348,293.59293,2015
Madagascar,Itasy,295.88306,289.21265,293.4047,2016
Madagascar,Itasy,295.83105,290.05054,293.79788,2017
Madagascar,Itasy,296.04248,289.83203,293.925,2018
Madagascar,Itasy,296.04248,289.83203,293.925,2019
Madagascar,Itasy,296.84595,290.0459,293.97964,2020
Tunisia,Jendouba,298.05005,286.18042,291.7009,2001
Tunisia,Jendouba,297.43774,285.78223,291.4451,2002
Tunisia,Jendouba,300.3584,284.84937,291.9316,2003
Tunisia,Jendouba,298.5498,286.3125,291.35934,2004
Tunisia,Jendouba,297.56372,283.8916,291.05487,2005
Tunisia,Jendouba,298.34058,284.95532,291.7476,2006
Tunisia,Jendouba,298.15112,286.68384,291.44376,2007
Tunisia,Jendouba,298.365,286.28613,291.49252,2008
Tunisia,Jendouba,299.14966,285.01465,291.5821,2009
Tunisia,Jendouba,297.78784,286.66406,291.39645,2010
Tunisia,Jendouba,298.49268,285.39185,291.56393,2011
Tunisia,Jendouba,299.89917,283.2434,291.7818,2012
Tunisia,Jendouba,298.333,284.48926,291.34314,2013
Tunisia,Jendouba,298.2439,286.1233,292.006,2014
Tunisia,Jendouba,299.37646,284.73682,291.8649,2015
Tunisia,Jendouba,297.45874,286.97095,292.09982,2016
Tunisia,Jendouba,299.75464,285.2312,291.84378,2017
Tunisia,Jendouba,299.68823,285.4917,291.80276,2018
Tunisia,Jendouba,299.68823,285.4917,291.80276,2019
Tunisia,Jendouba,299.25488,286.8689,292.08624,2020
Nigeria,Jigawa,306.92554,293.8723,300.9727,2001
Nigeria,Jigawa,307.23755,293.3252,301.5084,2002
Nigeria,Jigawa,306.32935,295.69287,301.23697,2003
Nigeria,Jigawa,307.01294,296.26758,301.73938,2004
Nigeria,Jigawa,306.7556,294.8711,301.9079,2005
Nigeria,Jigawa,307.14844,294.28882,301.87192,2006
Nigeria,Jigawa,307.38037,293.92212,301.57053,2007
Nigeria,Jigawa,306.8733,293.84082,301.2995,2008
Nigeria,Jigawa,306.86328,297.24023,302.49405,2009
Nigeria,Jigawa,308.22485,296.29175,302.31863,2010
Nigeria,Jigawa,306.979,294.9287,301.77618,2011
Nigeria,Jigawa,307.05518,295.32642,301.377,2012
Nigeria,Jigawa,307.25415,296.78467,302.11267,2013
Nigeria,Jigawa,306.82935,295.9082,301.5916,2014
Nigeria,Jigawa,307.1687,293.68994,301.37204,2015
Nigeria,Jigawa,307.33032,294.55298,301.83664,2016
Nigeria,Jigawa,307.25806,296.4187,301.3241,2017
Nigeria,Jigawa,307.47485,295.53076,301.65823,2018
Nigeria,Jigawa,307.47485,295.53076,301.65823,2019
Nigeria,Jigawa,307.5703,294.4685,301.39304,2020
Algeria,Jijel,298.50708,286.97144,292.27493,2001
Algeria,Jijel,297.45728,286.8506,291.97958,2002
Algeria,Jijel,300.90332,285.77515,292.52847,2003
Algeria,Jijel,299.04004,287.1211,291.82303,2004
Algeria,Jijel,297.9641,284.7373,291.54364,2005
Algeria,Jijel,298.8855,285.885,292.42938,2006
Algeria,Jijel,298.60034,287.35767,291.9361,2007
Algeria,Jijel,298.75757,287.09546,291.993,2008
Algeria,Jijel,299.302,286.02832,292.1739,2009
Algeria,Jijel,298.2273,287.38867,291.96286,2010
Algeria,Jijel,298.54346,286.4016,292.20294,2011
Algeria,Jijel,300.27417,283.85083,292.21198,2012
Algeria,Jijel,298.25293,285.33496,291.7725,2013
Algeria,Jijel,298.6123,287.16626,292.51657,2014
Algeria,Jijel,299.30762,285.729,292.44302,2015
Algeria,Jijel,298.02612,287.58813,292.6638,2016
Algeria,Jijel,299.7644,286.16284,292.46164,2017
Algeria,Jijel,299.6101,286.47998,292.40384,2018
Algeria,Jijel,299.6101,286.47998,292.40384,2019
Algeria,Jijel,299.46777,287.656,292.6437,2020
Uganda,Jinja,295.45972,293.5503,294.42337,2001
Uganda,Jinja,296.24316,294.20337,294.78787,2002
Uganda,Jinja,296.17163,293.61304,294.8571,2003
Uganda,Jinja,296.18726,293.74927,294.9264,2004
Uganda,Jinja,296.78027,293.88037,295.16702,2005
Uganda,Jinja,296.3069,294.12964,294.8602,2006
Uganda,Jinja,295.94165,293.87573,294.8884,2007
Uganda,Jinja,295.4209,293.57764,294.66458,2008
Uganda,Jinja,296.3086,294.32642,295.0751,2009
Uganda,Jinja,295.86108,294.2527,295.0636,2010
Uganda,Jinja,295.64966,294.18604,294.82956,2011
Uganda,Jinja,296.23193,293.9768,294.91998,2012
Uganda,Jinja,296.10645,294.12988,294.8661,2013
Uganda,Jinja,296.47485,293.865,295.07858,2014
Uganda,Jinja,296.82812,294.65918,295.28595,2015
Uganda,Jinja,297.58813,294.80347,295.78033,2016
Uganda,Jinja,296.37378,294.54858,295.49612,2017
Uganda,Jinja,296.68774,294.35156,295.28226,2018
Uganda,Jinja,296.68774,294.35156,295.28226,2019
Uganda,Jinja,296.3828,294.51855,295.1922,2020
South Sudan,Jonglei,305.2776,298.8938,301.43118,2001
South Sudan,Jonglei,306.5415,299.12524,301.9521,2002
South Sudan,Jonglei,305.89258,298.77246,301.93488,2003
South Sudan,Jonglei,305.69702,299.06934,302.0151,2004
South Sudan,Jonglei,307.14233,299.03857,302.15384,2005
South Sudan,Jonglei,306.2495,298.95386,301.75653,2006
South Sudan,Jonglei,305.7068,298.58276,301.72287,2007
South Sudan,Jonglei,305.51465,298.86694,301.6558,2008
South Sudan,Jonglei,306.02734,299.50708,302.58112,2009
South Sudan,Jonglei,307.7473,299.18433,302.41663,2010
South Sudan,Jonglei,306.3694,298.63525,301.61163,2011
South Sudan,Jonglei,305.9673,298.34253,301.7004,2012
South Sudan,Jonglei,306.8203,298.53223,302.3236,2013
South Sudan,Jonglei,305.80884,298.44507,301.63834,2014
South Sudan,Jonglei,306.83594,299.82764,302.52927,2015
South Sudan,Jonglei,308.33032,299.33276,303.03912,2016
South Sudan,Jonglei,307.2932,299.27124,303.09396,2017
South Sudan,Jonglei,307.03857,298.823,302.23148,2018
South Sudan,Jonglei,307.03857,298.823,302.23148,2019
South Sudan,Jonglei,307.28027,298.8506,302.19415,2020
Somalia,Juba Dhexe,303.14087,299.5503,301.176,2001
Somalia,Juba Dhexe,303.44995,299.61768,301.0286,2002
Somalia,Juba Dhexe,303.42383,299.57593,301.19528,2003
Somalia,Juba Dhexe,303.18335,299.30396,301.0779,2004
Somalia,Juba Dhexe,303.08374,299.44482,301.28094,2005
Somalia,Juba Dhexe,303.1609,299.70776,301.16245,2006
Somalia,Juba Dhexe,303.6919,300.0515,301.433,2007
Somalia,Juba Dhexe,302.7959,298.2151,301.00653,2008
Somalia,Juba Dhexe,303.1914,299.70532,301.3062,2009
Somalia,Juba Dhexe,303.7063,299.27222,301.56116,2010
Somalia,Juba Dhexe,302.87012,299.92603,301.27716,2011
Somalia,Juba Dhexe,302.81592,299.91235,301.28262,2012
Somalia,Juba Dhexe,303.3352,299.42725,301.1177,2013
Somalia,Juba Dhexe,303.47095,300.0039,301.55777,2014
Somalia,Juba Dhexe,302.86133,299.7456,301.52048,2015
Somalia,Juba Dhexe,304.54907,299.69897,301.69016,2016
Somalia,Juba Dhexe,303.44556,300.46655,301.6143,2017
Somalia,Juba Dhexe,303.60693,300.61206,301.841,2018
Somalia,Juba Dhexe,303.60693,300.61206,301.841,2019
Somalia,Juba Dhexe,303.94165,300.17676,301.97183,2020
Somalia,Juba Hoose,302.23657,298.562,300.3197,2001
Somalia,Juba Hoose,302.60034,298.76782,300.41254,2002
Somalia,Juba Hoose,302.22656,298.24,300.42136,2003
Somalia,Juba Hoose,302.41724,298.58716,300.68796,2004
Somalia,Juba Hoose,302.47046,298.437,300.50735,2005
Somalia,Juba Hoose,302.49878,298.37573,300.28568,2006
Somalia,Juba Hoose,302.65063,298.8894,300.5165,2007
Somalia,Juba Hoose,301.67676,298.43506,300.26352,2008
Somalia,Juba Hoose,302.15234,298.76392,300.6856,2009
Somalia,Juba Hoose,302.9856,298.52222,300.66125,2010
Somalia,Juba Hoose,302.32642,299.2224,300.63443,2011
Somalia,Juba Hoose,302.1665,299.23853,300.65353,2012
Somalia,Juba Hoose,302.74536,298.76123,300.5391,2013
Somalia,Juba Hoose,302.54907,299.22656,300.73956,2014
Somalia,Juba Hoose,302.55078,299.18896,300.91046,2015
Somalia,Juba Hoose,303.44165,298.93726,300.94473,2016
Somalia,Juba Hoose,302.70898,299.46948,300.78372,2017
Somalia,Juba Hoose,303.53467,299.21875,300.87454,2018
Somalia,Juba Hoose,303.53467,299.21875,300.87454,2019
Somalia,Juba Hoose,303.09204,298.82324,300.89322,2020
Uganda,Kaabong,298.84058,295.30786,297.3402,2001
Uganda,Kaabong,299.7256,296.8623,298.00125,2002
Uganda,Kaabong,300.27905,294.87012,297.65005,2003
Uganda,Kaabong,300.46655,296.36157,297.74182,2004
Uganda,Kaabong,299.98535,295.99268,297.94418,2005
Uganda,Kaabong,299.33618,295.9265,297.4598,2006
Uganda,Kaabong,298.9436,295.14136,297.2289,2007
Uganda,Kaabong,298.9619,295.36475,297.54672,2008
Uganda,Kaabong,300.0039,297.65063,298.59235,2009
Uganda,Kaabong,299.37476,295.71362,297.66794,2010
Uganda,Kaabong,299.38892,294.8911,297.1761,2011
Uganda,Kaabong,299.85498,294.62915,296.95285,2012
Uganda,Kaabong,299.30566,295.05957,297.1078,2013
Uganda,Kaabong,299.33032,295.45288,297.55548,2014
Uganda,Kaabong,299.8789,296.0681,298.1271,2015
Uganda,Kaabong,301.2307,295.97632,298.37994,2016
Uganda,Kaabong,300.10767,295.2771,297.72855,2017
Uganda,Kaabong,300.2871,295.32422,297.6307,2018
Uganda,Kaabong,300.2871,295.32422,297.6307,2019
Uganda,Kaabong,298.61328,294.6631,296.7277,2020
Uganda,Kabale,292.46558,291.32324,291.85062,2001
Uganda,Kabale,293.13452,291.38086,292.27353,2002
Uganda,Kabale,294.00757,291.62036,292.59683,2003
Uganda,Kabale,293.61108,291.8811,292.77225,2004
Uganda,Kabale,294.94238,291.87158,292.91327,2005
Uganda,Kabale,293.4807,291.24316,292.46732,2006
Uganda,Kabale,293.4143,291.36035,292.28815,2007
Uganda,Kabale,292.55176,291.7373,292.077,2008
Uganda,Kabale,293.5188,291.8203,292.78732,2009
Uganda,Kabale,294.07495,291.9265,292.9954,2010
Uganda,Kabale,293.5442,291.60376,292.2939,2011
Uganda,Kabale,293.6206,291.70337,292.4628,2012
Uganda,Kabale,293.60254,291.8037,292.7808,2013
Uganda,Kabale,293.9807,292.1726,292.99948,2014
Uganda,Kabale,294.34717,291.9502,293.1209,2015
Uganda,Kabale,294.36743,292.3291,293.4872,2016
Uganda,Kabale,294.28027,292.22754,293.25443,2017
Uganda,Kabale,294.39868,292.0857,293.26205,2018
Uganda,Kabale,294.39868,292.0857,293.26205,2019
Uganda,Kabale,294.2002,292.1819,293.46695,2020
Uganda,Kabarole,298.64136,295.8745,296.70285,2001
Uganda,Kabarole,298.8213,296.08594,296.9638,2002
Uganda,Kabarole,299.09937,295.88452,296.97037,2003
Uganda,Kabarole,299.74,296.27368,297.3569,2004
Uganda,Kabarole,299.6338,296.01514,297.29642,2005
Uganda,Kabarole,299.0608,295.91113,296.966,2006
Uganda,Kabarole,298.60376,295.69604,296.92178,2007
Uganda,Kabarole,297.71655,295.68115,296.73343,2008
Uganda,Kabarole,298.8418,296.35815,297.29025,2009
Uganda,Kabarole,298.5232,296.5144,297.32254,2010
Uganda,Kabarole,299.1809,296.0315,297.1717,2011
Uganda,Kabarole,300.26318,295.6565,297.1498,2012
Uganda,Kabarole,299.28613,296.00488,297.36478,2013
Uganda,Kabarole,299.64478,296.0935,297.50797,2014
Uganda,Kabarole,300.16602,296.54785,297.70505,2015
Uganda,Kabarole,300.26587,296.77466,297.97482,2016
Uganda,Kabarole,298.90698,296.29272,297.63547,2017
Uganda,Kabarole,299.86914,296.25757,297.69272,2018
Uganda,Kabarole,299.86914,296.25757,297.69272,2019
Uganda,Kabarole,298.9944,296.4204,297.5898,2020
Uganda,Kaberamaido,299.1316,295.0288,296.45496,2001
Uganda,Kaberamaido,300.65332,296.26855,297.21722,2002
Uganda,Kaberamaido,300.3142,295.01538,297.2586,2003
Uganda,Kaberamaido,299.63647,295.4817,297.07712,2004
Uganda,Kaberamaido,301.00488,295.3081,297.49222,2005
Uganda,Kaberamaido,299.8225,295.56323,296.76498,2006
Uganda,Kaberamaido,298.52588,295.00073,296.773,2007
Uganda,Kaberamaido,299.4912,295.00342,296.69467,2008
Uganda,Kaberamaido,300.24414,296.25415,297.42975,2009
Uganda,Kaberamaido,298.67773,295.3894,296.8491,2010
Uganda,Kaberamaido,299.86646,295.2036,296.71042,2011
Uganda,Kaberamaido,300.56787,295.14282,296.75266,2012
Uganda,Kaberamaido,298.37402,295.2334,296.5217,2013
Uganda,Kaberamaido,299.469,295.13257,297.05026,2014
Uganda,Kaberamaido,300.8828,295.9392,297.45734,2015
Uganda,Kaberamaido,301.17017,296.07104,298.15274,2016
Uganda,Kaberamaido,300.8855,295.69507,297.7759,2017
Uganda,Kaberamaido,300.6858,295.3418,297.27914,2018
Uganda,Kaberamaido,300.6858,295.3418,297.27914,2019
Uganda,Kaberamaido,298.32617,295.3369,296.51935,2020
Chad,Kabia,306.20264,296.60474,300.5588,2001
Chad,Kabia,306.71924,295.57324,301.1082,2002
Chad,Kabia,306.11646,297.78735,301.20358,2003
Chad,Kabia,306.3606,298.45312,301.17346,2004
Chad,Kabia,306.4607,297.67773,301.73456,2005
Chad,Kabia,306.13428,297.2732,301.60077,2006
Chad,Kabia,307.12866,297.20142,301.41998,2007
Chad,Kabia,305.30908,297.37012,300.73163,2008
Chad,Kabia,305.26562,298.75586,301.74698,2009
Chad,Kabia,307.94458,297.68433,301.81198,2010
Chad,Kabia,306.719,297.10254,301.44302,2011
Chad,Kabia,307.1079,297.51782,301.10422,2012
Chad,Kabia,306.91992,298.62207,301.94437,2013
Chad,Kabia,305.81763,297.98828,301.39517,2014
Chad,Kabia,306.60547,296.58057,301.86603,2015
Chad,Kabia,307.34204,297.25024,301.71817,2016
Chad,Kabia,306.95508,299.1277,301.6685,2017
Chad,Kabia,307.82568,297.50342,301.58792,2018
Chad,Kabia,307.82568,297.50342,301.58792,2019
Chad,Kabia,307.7881,297.3064,301.6982,2020
Nigeria,Kaduna,302.85498,292.5774,297.926,2001
Nigeria,Kaduna,304.88403,291.96777,298.5312,2002
Nigeria,Kaduna,303.6184,294.18384,298.59128,2003
Nigeria,Kaduna,304.59106,295.08984,298.7332,2004
Nigeria,Kaduna,304.531,294.01953,299.50555,2005
Nigeria,Kaduna,303.1538,293.3181,299.19662,2006
Nigeria,Kaduna,304.3806,292.8108,298.62457,2007
Nigeria,Kaduna,303.0161,292.84277,298.43198,2008
Nigeria,Kaduna,304.34766,295.0547,299.17502,2009
Nigeria,Kaduna,304.47778,294.16675,299.42868,2010
Nigeria,Kaduna,303.30518,293.08887,298.7311,2011
Nigeria,Kaduna,304.46143,293.64868,298.61432,2012
Nigeria,Kaduna,303.29297,295.05225,298.93088,2013
Nigeria,Kaduna,303.6067,294.25,298.6564,2014
Nigeria,Kaduna,304.48315,292.25244,298.78513,2015
Nigeria,Kaduna,304.51392,292.91235,298.95773,2016
Nigeria,Kaduna,304.16992,295.2312,298.7787,2017
Nigeria,Kaduna,304.0503,293.76123,298.56253,2018
Nigeria,Kaduna,304.0503,293.76123,298.56253,2019
Nigeria,Kaduna,304.3213,293.10132,298.38718,2020
Senegal,Kaffrine,304.9685,297.25513,301.91916,2001
Senegal,Kaffrine,305.0442,298.44824,301.83734,2002
Senegal,Kaffrine,304.76294,297.30225,301.27,2003
Senegal,Kaffrine,304.26294,296.73633,301.2075,2004
Senegal,Kaffrine,304.938,297.27148,301.73553,2005
Senegal,Kaffrine,304.19922,297.1018,301.59702,2006
Senegal,Kaffrine,304.9292,297.87354,301.66266,2007
Senegal,Kaffrine,304.86743,296.9287,301.51483,2008
Senegal,Kaffrine,304.85962,295.80542,301.47955,2009
Senegal,Kaffrine,306.07446,297.6172,302.0885,2010
Senegal,Kaffrine,304.92236,297.10205,301.77423,2011
Senegal,Kaffrine,304.34668,297.0647,301.41623,2012
Senegal,Kaffrine,305.31665,296.54248,301.63498,2013
Senegal,Kaffrine,305.13184,297.70874,301.7114,2014
Senegal,Kaffrine,304.656,296.75098,301.32355,2015
Senegal,Kaffrine,304.8601,298.8108,301.92975,2016
Senegal,Kaffrine,305.43555,296.958,301.96097,2017
Senegal,Kaffrine,304.79834,296.73975,301.80194,2018
Senegal,Kaffrine,304.79834,296.73975,301.80194,2019
Senegal,Kaffrine,306.30176,297.84546,302.37515,2020
Egypt,Kafr El-Shikh,300.25903,288.76685,294.06677,2001
Egypt,Kafr El-Shikh,300.33813,287.25684,294.1461,2002
Egypt,Kafr El-Shikh,299.85645,287.32788,293.82437,2003
Egypt,Kafr El-Shikh,299.61816,287.55273,293.71643,2004
Egypt,Kafr El-Shikh,299.84497,287.76465,293.6491,2005
Egypt,Kafr El-Shikh,300.0066,287.78735,293.73538,2006
Egypt,Kafr El-Shikh,300.14917,288.21118,293.9999,2007
Egypt,Kafr El-Shikh,300.1814,287.59668,294.27103,2008
Egypt,Kafr El-Shikh,299.6897,288.5537,294.18332,2009
Egypt,Kafr El-Shikh,300.65894,289.60156,294.8224,2010
Egypt,Kafr El-Shikh,299.77393,289.23145,293.8193,2011
Egypt,Kafr El-Shikh,300.7644,287.1233,294.13077,2012
Egypt,Kafr El-Shikh,300.04004,288.07568,294.0803,2013
Egypt,Kafr El-Shikh,300.42358,288.97095,294.4028,2014
Egypt,Kafr El-Shikh,301.6538,287.91846,294.43082,2015
Egypt,Kafr El-Shikh,300.46753,287.83032,294.7639,2016
Egypt,Kafr El-Shikh,300.71753,287.53003,294.32736,2017
Egypt,Kafr El-Shikh,300.62964,287.25928,294.36948,2018
Egypt,Kafr El-Shikh,300.62964,287.25928,294.36948,2019
Egypt,Kafr El-Shikh,300.5791,287.8025,294.42365,2020
United Republic of Tanzania,Kagera,294.07495,293.20312,293.64163,2001
United Republic of Tanzania,Kagera,295.1045,293.45117,294.11746,2002
United Republic of Tanzania,Kagera,296.26343,293.50464,294.55093,2003
United Republic of Tanzania,Kagera,296.1482,294.00415,294.86844,2004
United Republic of Tanzania,Kagera,296.80566,294.01514,294.82455,2005
United Republic of Tanzania,Kagera,296.1858,293.87793,294.78745,2006
United Republic of Tanzania,Kagera,295.56665,293.66113,294.3653,2007
United Republic of Tanzania,Kagera,294.94824,293.77515,294.36136,2008
United Republic of Tanzania,Kagera,296.20898,293.85205,294.97775,2009
United Republic of Tanzania,Kagera,295.8025,294.02026,294.8546,2010
United Republic of Tanzania,Kagera,295.59888,293.58618,294.38312,2011
United Republic of Tanzania,Kagera,296.4624,293.74902,294.7006,2012
United Republic of Tanzania,Kagera,295.69434,293.917,294.6195,2013
United Republic of Tanzania,Kagera,296.30493,293.70605,294.8294,2014
United Republic of Tanzania,Kagera,296.0122,293.98535,295.18796,2015
United Republic of Tanzania,Kagera,296.72095,294.53027,295.55148,2016
United Republic of Tanzania,Kagera,296.4851,294.31934,295.2787,2017
United Republic of Tanzania,Kagera,296.83228,294.1189,295.30243,2018
United Republic of Tanzania,Kagera,296.83228,294.1189,295.30243,2019
United Republic of Tanzania,Kagera,296.13965,294.18384,295.1909,2020
Tunisia,Kairouan,301.15576,284.63818,292.6698,2001
Tunisia,Kairouan,300.62085,283.15332,292.35736,2002
Tunisia,Kairouan,303.14038,283.01733,292.4951,2003
Tunisia,Kairouan,302.00488,284.33008,292.04147,2004
Tunisia,Kairouan,301.9077,282.3877,291.8392,2005
Tunisia,Kairouan,301.29175,282.43384,292.48294,2006
Tunisia,Kairouan,301.49292,284.77197,292.38483,2007
Tunisia,Kairouan,301.85693,284.3955,292.36688,2008
Tunisia,Kairouan,302.55493,283.49512,292.33356,2009
Tunisia,Kairouan,301.6062,285.3418,292.55026,2010
Tunisia,Kairouan,301.91577,283.9973,292.31573,2011
Tunisia,Kairouan,303.2644,282.25317,292.9029,2012
Tunisia,Kairouan,300.73584,283.68066,292.42517,2013
Tunisia,Kairouan,301.6599,284.95483,292.81198,2014
Tunisia,Kairouan,302.39746,283.77588,292.72897,2015
Tunisia,Kairouan,301.3728,285.55493,292.81857,2016
Tunisia,Kairouan,302.84448,282.31323,292.40857,2017
Tunisia,Kairouan,302.49805,283.4839,292.26498,2018
Tunisia,Kairouan,302.49805,283.4839,292.26498,2019
Tunisia,Kairouan,302.88965,284.54077,292.7026,2020
Uganda,Kalangala,296.63354,295.39746,295.8988,2001
Uganda,Kalangala,297.5713,295.6621,296.23724,2002
Uganda,Kalangala,298.09546,295.3318,296.38394,2003
Uganda,Kalangala,297.32202,295.43872,296.2039,2004
Uganda,Kalangala,298.68262,295.54834,296.48276,2005
Uganda,Kalangala,297.4319,295.09863,296.06854,2006
Uganda,Kalangala,297.36548,295.14526,296.22305,2007
Uganda,Kalangala,296.77515,295.2146,296.05423,2008
Uganda,Kalangala,297.41992,295.80298,296.33014,2009
Uganda,Kalangala,297.2478,295.87378,296.34695,2010
Uganda,Kalangala,297.1985,295.2212,295.9837,2011
Uganda,Kalangala,298.0725,295.1975,296.13254,2012
Uganda,Kalangala,297.72363,295.31543,296.3013,2013
Uganda,Kalangala,297.76978,295.14233,296.34128,2014
Uganda,Kalangala,298.0752,295.52637,296.66388,2015
Uganda,Kalangala,298.7649,295.95874,297.00137,2016
Uganda,Kalangala,297.69604,295.75952,296.5754,2017
Uganda,Kalangala,298.1233,295.34155,296.4572,2018
Uganda,Kalangala,298.1233,295.34155,296.4572,2019
Uganda,Kalangala,297.39453,295.79004,296.3771,2020
Uganda,Kaliro,297.12378,294.7793,295.70804,2001
Uganda,Kaliro,298.19043,295.58105,296.19135,2002
Uganda,Kaliro,298.1189,295.0459,296.25046,2003
Uganda,Kaliro,298.12085,295.40747,296.37512,2004
Uganda,Kaliro,299.12012,295.36084,296.7497,2005
Uganda,Kaliro,298.6018,295.43164,296.27264,2006
Uganda,Kaliro,296.95923,295.2527,296.0507,2007
Uganda,Kaliro,296.95215,294.8745,295.945,2008
Uganda,Kaliro,298.2578,295.8413,296.49045,2009
Uganda,Kaliro,297.15015,295.57886,296.29163,2010
Uganda,Kaliro,297.66724,295.37158,296.15656,2011
Uganda,Kaliro,298.53247,295.4065,296.32217,2012
Uganda,Kaliro,297.56152,295.45215,296.16296,2013
Uganda,Kaliro,298.3401,295.44507,296.50665,2014
Uganda,Kaliro,299.58984,295.84863,296.8732,2015
Uganda,Kaliro,299.39282,296.08105,297.3539,2016
Uganda,Kaliro,299.65503,296.3064,297.33972,2017
Uganda,Kaliro,299.05884,295.53906,296.75668,2018
Uganda,Kaliro,299.05884,295.53906,296.75668,2019
Uganda,Kaliro,297.7129,295.60254,296.37418,2020
Uganda,Kalungu,295.06714,293.66602,294.41345,2001
Uganda,Kalungu,295.90723,294.45117,294.83505,2002
Uganda,Kalungu,296.91577,294.26074,295.18048,2003
Uganda,Kalungu,296.49194,294.7141,295.4067,2004
Uganda,Kalungu,297.47168,294.84717,295.68475,2005
Uganda,Kalungu,296.70532,294.47168,295.1937,2006
Uganda,Kalungu,296.4807,294.33667,295.41623,2007
Uganda,Kalungu,295.94116,294.40405,295.14227,2008
Uganda,Kalungu,296.78125,294.93604,295.47922,2009
Uganda,Kalungu,296.1892,294.60815,295.22034,2010
Uganda,Kalungu,296.09106,294.385,294.936,2011
Uganda,Kalungu,296.66235,294.30493,295.1664,2012
Uganda,Kalungu,296.60645,294.7256,295.41605,2013
Uganda,Kalungu,297.22876,294.73608,295.54196,2014
Uganda,Kalungu,297.01465,294.67676,295.71808,2015
Uganda,Kalungu,297.8479,295.52954,296.1646,2016
Uganda,Kalungu,297.2234,295.14673,295.9893,2017
Uganda,Kalungu,297.1643,294.8689,295.62567,2018
Uganda,Kalungu,297.1643,294.8689,295.62567,2019
Uganda,Kalungu,296.89453,294.97485,295.6647,2020
Egypt,Kalyoubia,301.9973,287.46606,295.272,2001
Egypt,Kalyoubia,302.75366,285.7744,295.2802,2002
Egypt,Kalyoubia,301.58765,287.0564,294.99313,2003
Egypt,Kalyoubia,301.42505,287.11328,294.84647,2004
Egypt,Kalyoubia,301.87427,287.73828,294.89975,2005
Egypt,Kalyoubia,301.72144,286.8069,294.8433,2006
Egypt,Kalyoubia,301.86206,286.80884,295.16705,2007
Egypt,Kalyoubia,302.65796,285.8291,295.6675,2008
Egypt,Kalyoubia,303.27563,288.31323,295.83078,2009
Egypt,Kalyoubia,303.53003,289.08398,296.49557,2010
Egypt,Kalyoubia,302.03882,287.7881,295.08835,2011
Egypt,Kalyoubia,303.01,286.69946,295.7237,2012
Egypt,Kalyoubia,302.00098,287.84912,295.56027,2013
Egypt,Kalyoubia,302.51733,288.16187,295.8771,2014
Egypt,Kalyoubia,303.9956,287.5205,295.93326,2015
Egypt,Kalyoubia,303.15723,287.22485,296.59836,2016
Egypt,Kalyoubia,304.1306,286.81128,296.16525,2017
Egypt,Kalyoubia,303.57422,286.85107,296.26093,2018
Egypt,Kalyoubia,303.57422,286.85107,296.26093,2019
Egypt,Kalyoubia,303.00684,287.37866,296.2988,2020
Uganda,Kampala,294.63354,292.80273,293.69925,2001
Uganda,Kampala,295.4287,293.469,294.05234,2002
Uganda,Kampala,295.45483,292.9568,294.1357,2003
Uganda,Kampala,295.38843,293.2102,294.20505,2004
Uganda,Kampala,296.03223,293.30225,294.43817,2005
Uganda,Kampala,295.42603,293.52686,294.1395,2006
Uganda,Kampala,295.14087,293.22925,294.1838,2007
Uganda,Kampala,294.5088,292.93115,293.9185,2008
Uganda,Kampala,295.5547,293.79517,294.36008,2009
Uganda,Kampala,295.20288,293.57886,294.38034,2010
Uganda,Kampala,294.85083,293.55713,294.14957,2011
Uganda,Kampala,295.49756,293.43384,294.26828,2012
Uganda,Kampala,295.35645,293.53613,294.26614,2013
Uganda,Kampala,295.83032,293.3318,294.3976,2014
Uganda,Kampala,296.33594,294.00488,294.70163,2015
Uganda,Kampala,296.9651,294.36987,295.25674,2016
Uganda,Kampala,295.9734,294.1521,294.8594,2017
Uganda,Kampala,295.91992,293.8086,294.654,2018
Uganda,Kampala,295.91992,293.8086,294.654,2019
Uganda,Kampala,295.69922,293.95996,294.6113,2020
Uganda,Kamuli,296.34448,294.12305,295.10013,2001
Uganda,Kamuli,297.417,294.94434,295.5123,2002
Uganda,Kamuli,297.29468,294.406,295.6201,2003
Uganda,Kamuli,297.18726,294.53442,295.6733,2004
Uganda,Kamuli,298.09863,294.64795,295.95706,2005
Uganda,Kamuli,297.70142,294.9331,295.65057,2006
Uganda,Kamuli,296.49634,294.60815,295.52072,2007
Uganda,Kamuli,296.14355,294.32568,295.3493,2008
Uganda,Kamuli,297.45508,295.11548,295.84674,2009
Uganda,Kamuli,296.365,294.98315,295.7039,2010
Uganda,Kamuli,296.75513,294.99268,295.58102,2011
Uganda,Kamuli,297.94092,294.8999,295.8316,2012
Uganda,Kamuli,296.8877,294.9873,295.58646,2013
Uganda,Kamuli,297.7444,294.81226,295.95132,2014
Uganda,Kamuli,298.39648,295.37598,296.15656,2015
Uganda,Kamuli,298.67407,295.73145,296.6236,2016
Uganda,Kamuli,298.1355,295.36304,296.3306,2017
Uganda,Kamuli,297.88477,295.08008,296.0225,2018
Uganda,Kamuli,297.88477,295.08008,296.0225,2019
Uganda,Kamuli,297.23828,295.2041,295.8841,2020
Uganda,Kamwenge,294.55933,292.85156,293.34396,2001
Uganda,Kamwenge,295.29395,292.6621,293.84726,2002
Uganda,Kamwenge,296.15796,293.12622,294.0143,2003
Uganda,Kamwenge,295.8435,293.44165,294.38425,2004
Uganda,Kamwenge,297.05957,293.42822,294.49954,2005
Uganda,Kamwenge,295.30884,292.78027,293.9849,2006
Uganda,Kamwenge,295.0686,292.86353,293.9636,2007
Uganda,Kamwenge,294.24585,293.1306,293.5591,2008
Uganda,Kamwenge,295.39844,293.33838,294.36514,2009
Uganda,Kamwenge,294.9431,293.448,294.30984,2010
Uganda,Kamwenge,295.7727,293.1565,294.00192,2011
Uganda,Kamwenge,296.75537,293.29907,294.22824,2012
Uganda,Kamwenge,295.9209,293.39746,294.3036,2013
Uganda,Kamwenge,296.3225,293.4265,294.5999,2014
Uganda,Kamwenge,296.30127,293.53027,294.71808,2015
Uganda,Kamwenge,296.99536,293.9287,295.2193,2016
Uganda,Kamwenge,296.364,293.79004,294.90384,2017
Uganda,Kamwenge,296.5569,293.73804,294.94647,2018
Uganda,Kamwenge,296.5569,293.73804,294.94647,2019
Uganda,Kamwenge,295.57422,293.68774,294.73434,2020
Chad,Kanem,306.72437,291.5227,300.86838,2001
Chad,Kanem,306.4314,289.93457,301.02045,2002
Chad,Kanem,307.21973,292.6272,301.35626,2003
Chad,Kanem,307.6184,293.26758,301.22458,2004
Chad,Kanem,307.5288,291.5078,301.65155,2005
Chad,Kanem,307.49756,291.44507,301.54446,2006
Chad,Kanem,307.38037,291.37915,301.44553,2007
Chad,Kanem,306.9065,291.17676,300.93866,2008
Chad,Kanem,307.187,293.7422,302.07184,2009
Chad,Kanem,308.40405,293.28394,302.40295,2010
Chad,Kanem,308.24414,292.0205,301.68552,2011
Chad,Kanem,307.97412,291.98462,301.64963,2012
Chad,Kanem,307.25024,294.68115,302.085,2013
Chad,Kanem,308.00098,293.08765,301.90182,2014
Chad,Kanem,307.7732,291.11377,301.5988,2015
Chad,Kanem,307.68066,291.83032,302.1169,2016
Chad,Kanem,308.23535,294.5166,301.78748,2017
Chad,Kanem,307.344,293.10107,301.8034,2018
Chad,Kanem,307.344,293.10107,301.8034,2019
Chad,Kanem,308.0398,292.1521,301.85934,2020
Gambia,Kanifing Municipal Council,301.68848,296.81177,299.42322,2001
Gambia,Kanifing Municipal Council,301.33765,297.30127,299.3904,2002
Gambia,Kanifing Municipal Council,301.47192,296.4568,299.08902,2003
Gambia,Kanifing Municipal Council,301.79858,296.88477,299.2594,2004
Gambia,Kanifing Municipal Council,301.8291,296.69922,299.75262,2005
Gambia,Kanifing Municipal Council,301.68677,296.40454,299.25067,2006
Gambia,Kanifing Municipal Council,301.46704,296.73657,299.21457,2007
Gambia,Kanifing Municipal Council,301.20093,296.53613,299.3597,2008
Gambia,Kanifing Municipal Council,301.85815,295.46167,298.8339,2009
Gambia,Kanifing Municipal Council,301.5232,298.0078,300.0172,2010
Gambia,Kanifing Municipal Council,301.89282,297.2959,299.37042,2011
Gambia,Kanifing Municipal Council,301.75586,297.1311,299.49533,2012
Gambia,Kanifing Municipal Council,301.55444,296.9585,299.51404,2013
Gambia,Kanifing Municipal Council,301.76416,296.91577,299.2819,2014
Gambia,Kanifing Municipal Council,301.4873,296.74707,299.28952,2015
Gambia,Kanifing Municipal Council,302.00342,298.18433,299.70285,2016
Gambia,Kanifing Municipal Council,302.28223,297.34644,299.7385,2017
Gambia,Kanifing Municipal Council,301.5056,297.38232,299.355,2018
Gambia,Kanifing Municipal Council,301.5056,297.38232,299.355,2019
Gambia,Kanifing Municipal Council,301.9287,297.56226,300.0947,2020
Guinea,Kankan,305.01904,297.60083,300.30032,2001
Guinea,Kankan,305.65747,297.85327,300.71982,2002
Guinea,Kankan,305.9668,297.97217,300.75406,2003
Guinea,Kankan,304.81567,298.22388,300.928,2004
Guinea,Kankan,305.95288,298.34766,300.9554,2005
Guinea,Kankan,304.8667,297.2107,300.3441,2006
Guinea,Kankan,305.96655,297.70752,300.68512,2007
Guinea,Kankan,304.46533,296.21973,300.2126,2008
Guinea,Kankan,305.69922,296.8523,300.61905,2009
Guinea,Kankan,305.69653,298.3274,300.8805,2010
Guinea,Kankan,305.20728,297.22705,300.60202,2011
Guinea,Kankan,304.85596,297.54028,300.2647,2012
Guinea,Kankan,305.49805,297.14795,300.61057,2013
Guinea,Kankan,306.1438,297.99023,300.54507,2014
Guinea,Kankan,305.92383,296.82275,300.73434,2015
Guinea,Kankan,305.93774,298.4104,300.88565,2016
Guinea,Kankan,305.89453,297.86816,300.95285,2017
Guinea,Kankan,305.6538,298.35303,301.04105,2018
Guinea,Kankan,305.6538,298.35303,301.04105,2019
Guinea,Kankan,305.65332,298.54785,301.30612,2020
Nigeria,Kano,304.77515,292.05005,299.11804,2001
Nigeria,Kano,305.4485,292.1787,299.57498,2002
Nigeria,Kano,303.64575,293.76196,299.2148,2003
Nigeria,Kano,304.7141,294.24414,299.7721,2004
Nigeria,Kano,304.4353,293.6875,300.10745,2005
Nigeria,Kano,304.14844,292.5818,299.79544,2006
Nigeria,Kano,305.18506,292.47485,299.68674,2007
Nigeria,Kano,304.65063,292.34473,299.38007,2008
Nigeria,Kano,305.03906,295.23438,300.4073,2009
Nigeria,Kano,306.19556,294.2859,300.6492,2010
Nigeria,Kano,304.67432,293.3877,299.85806,2011
Nigeria,Kano,304.5747,293.3069,299.59772,2012
Nigeria,Kano,305.3069,295.13232,300.05652,2013
Nigeria,Kano,304.6477,294.14258,299.72458,2014
Nigeria,Kano,305.49487,292.75244,299.94595,2015
Nigeria,Kano,305.32837,293.10767,300.1044,2016
Nigeria,Kano,305.37134,294.88965,299.71,2017
Nigeria,Kano,304.82446,293.98193,299.72348,2018
Nigeria,Kano,304.82446,293.98193,299.72348,2019
Nigeria,Kano,305.48438,293.39233,299.6961,2020
Uganda,Kanungu,292.46558,291.32324,291.85062,2001
Uganda,Kanungu,293.13452,291.38086,292.27353,2002
Uganda,Kanungu,294.00757,291.62036,292.59683,2003
Uganda,Kanungu,293.61108,291.8811,292.77225,2004
Uganda,Kanungu,294.94238,291.87158,292.91327,2005
Uganda,Kanungu,293.4807,291.24316,292.46732,2006
Uganda,Kanungu,293.4143,291.36035,292.28815,2007
Uganda,Kanungu,292.55176,291.7373,292.077,2008
Uganda,Kanungu,293.5188,291.8203,292.78732,2009
Uganda,Kanungu,294.07495,291.9265,292.9954,2010
Uganda,Kanungu,293.5442,291.60376,292.2939,2011
Uganda,Kanungu,293.6206,291.70337,292.4628,2012
Uganda,Kanungu,293.60254,291.8037,292.7808,2013
Uganda,Kanungu,293.9807,292.1726,292.99948,2014
Uganda,Kanungu,294.34717,291.9502,293.1209,2015
Uganda,Kanungu,294.36743,292.3291,293.4872,2016
Uganda,Kanungu,294.28027,292.22754,293.25443,2017
Uganda,Kanungu,294.39868,292.0857,293.26205,2018
Uganda,Kanungu,294.39868,292.0857,293.26205,2019
Uganda,Kanungu,294.2002,292.1819,293.46695,2020
Senegal,Kaolack,302.21387,297.38013,300.3734,2001
Senegal,Kaolack,302.12866,297.62402,300.32172,2002
Senegal,Kaolack,301.81567,297.7495,300.165,2003
Senegal,Kaolack,302.5681,297.59766,300.32468,2004
Senegal,Kaolack,302.49316,297.53125,300.72202,2005
Senegal,Kaolack,302.0481,297.2151,300.25424,2006
Senegal,Kaolack,302.2307,297.5569,300.2878,2007
Senegal,Kaolack,301.9065,297.2959,300.27753,2008
Senegal,Kaolack,302.0476,295.79956,299.66592,2009
Senegal,Kaolack,301.82788,298.29492,300.73874,2010
Senegal,Kaolack,302.32056,297.70215,300.19528,2011
Senegal,Kaolack,302.03906,297.85376,300.34268,2012
Senegal,Kaolack,301.88843,297.2964,300.28098,2013
Senegal,Kaolack,302.3247,297.615,300.19757,2014
Senegal,Kaolack,301.78027,297.67676,300.2285,2015
Senegal,Kaolack,302.29834,299.34058,300.57135,2016
Senegal,Kaolack,303.14746,297.88354,300.70334,2017
Senegal,Kaolack,301.82007,298.0464,300.39847,2018
Senegal,Kaolack,301.82007,298.0464,300.39847,2019
Senegal,Kaolack,302.15723,298.55444,301.03238,2020
Uganda,Kapchorwa,297.5808,293.88208,295.6926,2001
Uganda,Kapchorwa,299.00293,295.0393,296.83994,2002
Uganda,Kapchorwa,299.14038,293.63257,296.45245,2003
Uganda,Kapchorwa,299.04077,294.31738,296.34485,2004
Uganda,Kapchorwa,299.44238,294.146,296.6639,2005
Uganda,Kapchorwa,298.67603,294.11206,295.97333,2006
Uganda,Kapchorwa,297.83423,293.489,295.877,2007
Uganda,Kapchorwa,298.0088,294.19873,296.1286,2008
Uganda,Kapchorwa,299.07617,295.7151,297.23868,2009
Uganda,Kapchorwa,297.6892,294.02808,295.8582,2010
Uganda,Kapchorwa,298.13013,294.2173,296.05807,2011
Uganda,Kapchorwa,298.85693,294.3152,295.8692,2012
Uganda,Kapchorwa,298.06738,293.87012,295.9242,2013
Uganda,Kapchorwa,297.9314,294.0271,296.04263,2014
Uganda,Kapchorwa,299.14844,295.031,296.76642,2015
Uganda,Kapchorwa,299.97876,295.0105,297.15128,2016
Uganda,Kapchorwa,298.87134,294.74292,296.8469,2017
Uganda,Kapchorwa,299.44922,294.22144,296.37503,2018
Uganda,Kapchorwa,299.44922,294.22144,296.37503,2019
Uganda,Kapchorwa,297.45898,293.75684,295.40656,2020
Togo,Kara,304.33813,298.1106,300.53845,2001
Togo,Kara,304.50073,298.30103,300.58978,2002
Togo,Kara,303.64453,298.07324,300.507,2003
Togo,Kara,303.4978,298.30957,300.32742,2004
Togo,Kara,304.53687,298.04224,300.66165,2005
Togo,Kara,304.81396,297.82886,300.7199,2006
Togo,Kara,303.8811,297.9773,300.42487,2007
Togo,Kara,303.47754,298.09937,300.2868,2008
Togo,Kara,304.8828,298.56567,300.67746,2009
Togo,Kara,304.8977,298.6106,300.99036,2010
Togo,Kara,304.29785,298.53955,300.96335,2011
Togo,Kara,304.44092,298.2351,300.6044,2012
Togo,Kara,304.37427,298.1787,300.66736,2013
Togo,Kara,304.36548,298.41968,300.75552,2014
Togo,Kara,304.5625,298.3794,300.88458,2015
Togo,Kara,304.65454,298.73315,301.0982,2016
Togo,Kara,304.94165,298.4812,301.00623,2017
Togo,Kara,304.99023,298.6062,301.07474,2018
Togo,Kara,304.99023,298.6062,301.07474,2019
Togo,Kara,305.2932,298.52588,301.0226,2020
Namibia,Karas,292.6184,287.06372,290.1382,2001
Namibia,Karas,294.37378,286.84546,290.30087,2002
Namibia,Karas,292.97046,285.99316,290.11374,2003
Namibia,Karas,292.74805,286.63574,290.2926,2004
Namibia,Karas,293.94043,286.20435,290.17596,2005
Namibia,Karas,293.4651,286.93237,290.34573,2006
Namibia,Karas,292.77954,286.6704,289.96735,2007
Namibia,Karas,294.00098,287.25928,290.40726,2008
Namibia,Karas,294.0459,287.64014,290.4815,2009
Namibia,Karas,293.33325,288.26538,290.401,2010
Namibia,Karas,294.052,286.87305,290.16373,2011
Namibia,Karas,293.2229,285.68433,289.843,2012
Namibia,Karas,292.80957,287.01855,290.2777,2013
Namibia,Karas,293.46313,287.48047,290.36197,2014
Namibia,Karas,293.61816,285.8584,290.01593,2015
Namibia,Karas,294.63306,287.8103,290.7232,2016
Namibia,Karas,293.56665,286.70776,290.36057,2017
Namibia,Karas,293.73267,287.89844,290.64017,2018
Namibia,Karas,293.73267,287.89844,290.64017,2019
Namibia,Karas,293.13672,287.51465,290.47443,2020
Burundi,Karuzi,293.69653,291.50903,292.3005,2001
Burundi,Karuzi,294.7622,291.42627,292.747,2002
Burundi,Karuzi,294.61987,292.12402,293.0405,2003
Burundi,Karuzi,294.78613,292.03052,293.05154,2004
Burundi,Karuzi,295.35425,292.2661,293.3892,2005
Burundi,Karuzi,294.56104,291.65137,292.9012,2006
Burundi,Karuzi,294.3191,291.99854,292.8788,2007
Burundi,Karuzi,295.3369,291.40283,292.6815,2008
Burundi,Karuzi,295.26807,291.9004,292.98654,2009
Burundi,Karuzi,295.07104,292.67456,293.43484,2010
Burundi,Karuzi,294.25635,292.01196,292.77,2011
Burundi,Karuzi,293.9109,291.93652,292.8876,2012
Burundi,Karuzi,294.83887,292.34985,293.1877,2013
Burundi,Karuzi,294.54492,292.21997,293.2381,2014
Burundi,Karuzi,295.2937,292.41992,293.48825,2015
Burundi,Karuzi,295.44458,292.6416,293.7997,2016
Burundi,Karuzi,295.06323,292.44336,293.49646,2017
Burundi,Karuzi,295.40308,292.70142,293.5435,2018
Burundi,Karuzi,295.40308,292.70142,293.5435,2019
Burundi,Karuzi,296.0166,293.0166,293.9824,2020
Democratic Republic of the Congo,Kasai Occidental,297.70776,296.75122,297.27136,2001
Democratic Republic of the Congo,Kasai Occidental,298.40552,296.9077,297.54764,2002
Democratic Republic of the Congo,Kasai Occidental,298.55835,296.92456,297.64645,2003
Democratic Republic of the Congo,Kasai Occidental,298.71216,296.92432,297.76004,2004
Democratic Republic of the Congo,Kasai Occidental,299.3545,297.11426,297.88333,2005
Democratic Republic of the Congo,Kasai Occidental,298.44604,296.7588,297.65823,2006
Democratic Republic of the Congo,Kasai Occidental,298.67407,296.97925,297.66623,2007
Democratic Republic of the Congo,Kasai Occidental,298.30762,297.031,297.68817,2008
Democratic Republic of the Congo,Kasai Occidental,298.45142,297.37158,297.86563,2009
Democratic Republic of the Congo,Kasai Occidental,298.8767,297.23706,298.12888,2010
Democratic Republic of the Congo,Kasai Occidental,298.82983,297.24048,297.93146,2011
Democratic Republic of the Congo,Kasai Occidental,298.29248,297.4319,297.88467,2012
Democratic Republic of the Congo,Kasai Occidental,299.43213,297.57788,298.31433,2013
Democratic Republic of the Congo,Kasai Occidental,299.23047,297.59253,298.20407,2014
Democratic Republic of the Congo,Kasai Occidental,299.2827,297.8916,298.47183,2015
Democratic Republic of the Congo,Kasai Occidental,299.32007,298.13403,298.7971,2016
Democratic Republic of the Congo,Kasai Occidental,299.05566,297.55542,298.41345,2017
Democratic Republic of the Congo,Kasai Occidental,299.36475,297.33374,298.52005,2018
Democratic Republic of the Congo,Kasai Occidental,299.36475,297.33374,298.52005,2019
Democratic Republic of the Congo,Kasai Occidental,299.19336,297.82837,298.69464,2020
Democratic Republic of the Congo,Kasai Oriental,297.77612,296.8418,297.1996,2001
Democratic Republic of the Congo,Kasai Oriental,298.4248,296.8203,297.56326,2002
Democratic Republic of the Congo,Kasai Oriental,298.83374,296.84253,297.57794,2003
Democratic Republic of the Congo,Kasai Oriental,298.6438,296.93018,297.7599,2004
Democratic Republic of the Congo,Kasai Oriental,299.84277,296.96973,297.8646,2005
Democratic Republic of the Congo,Kasai Oriental,298.30103,296.54004,297.55487,2006
Democratic Republic of the Congo,Kasai Oriental,298.84204,296.75854,297.62912,2007
Democratic Republic of the Congo,Kasai Oriental,298.45996,296.94116,297.56155,2008
Democratic Republic of the Congo,Kasai Oriental,298.60156,297.24487,297.73102,2009
Democratic Republic of the Congo,Kasai Oriental,298.8181,297.1902,298.02747,2010
Democratic Republic of the Congo,Kasai Oriental,298.5381,297.13306,297.9178,2011
Democratic Republic of the Congo,Kasai Oriental,298.75415,297.23853,297.99323,2012
Democratic Republic of the Congo,Kasai Oriental,299.66064,297.53882,298.48083,2013
Democratic Republic of the Congo,Kasai Oriental,299.25806,297.49512,298.33316,2014
Democratic Republic of the Congo,Kasai Oriental,299.56543,297.86035,298.575,2015
Democratic Republic of the Congo,Kasai Oriental,300.00903,298.05566,298.90128,2016
Democratic Republic of the Congo,Kasai Oriental,299.44604,297.64136,298.4802,2017
Democratic Republic of the Congo,Kasai Oriental,299.9585,297.6521,298.8773,2018
Democratic Republic of the Congo,Kasai Oriental,299.9585,297.6521,298.8773,2019
Democratic Republic of the Congo,Kasai Oriental,299.78516,297.7893,298.94757,2020
Uganda,Kasese,291.5769,290.13623,290.7844,2001
Uganda,Kasese,292.5166,290.5332,291.26785,2002
Uganda,Kasese,292.7556,290.44116,291.26852,2003
Uganda,Kasese,292.5349,290.83838,291.46985,2004
Uganda,Kasese,294.21387,290.73584,291.66653,2005
Uganda,Kasese,292.36743,290.4131,291.32474,2006
Uganda,Kasese,292.38696,290.32446,291.16364,2007
Uganda,Kasese,291.3694,290.12842,290.89584,2008
Uganda,Kasese,292.20312,290.82617,291.57608,2009
Uganda,Kasese,292.5852,290.87378,291.6619,2010
Uganda,Kasese,292.41333,290.69165,291.32925,2011
Uganda,Kasese,293.2339,290.5022,291.4045,2012
Uganda,Kasese,292.6455,290.65918,291.4175,2013
Uganda,Kasese,292.75806,290.74585,291.66876,2014
Uganda,Kasese,293.33984,291.12598,291.94855,2015
Uganda,Kasese,293.74927,291.4568,292.24796,2016
Uganda,Kasese,293.29565,291.1787,292.0614,2017
Uganda,Kasese,293.4651,291.27124,292.10385,2018
Uganda,Kasese,293.4651,291.27124,292.10385,2019
Uganda,Kasese,292.87695,291.24902,291.9609,2020
United Republic of Tanzania,Kaskazini Pemba,300.52173,297.3391,298.9636,2001
United Republic of Tanzania,Kaskazini Pemba,300.35034,297.42798,299.03934,2002
United Republic of Tanzania,Kaskazini Pemba,300.81177,297.39746,299.20554,2003
United Republic of Tanzania,Kaskazini Pemba,300.55273,297.46582,299.0724,2004
United Republic of Tanzania,Kaskazini Pemba,300.60913,297.62036,299.18558,2005
United Republic of Tanzania,Kaskazini Pemba,300.6057,297.59253,299.02817,2006
United Republic of Tanzania,Kaskazini Pemba,300.42432,297.7976,299.20026,2007
United Republic of Tanzania,Kaskazini Pemba,300.12402,297.42334,298.91068,2008
United Republic of Tanzania,Kaskazini Pemba,300.54492,297.66528,299.3316,2009
United Republic of Tanzania,Kaskazini Pemba,300.84302,297.7273,299.36893,2010
United Republic of Tanzania,Kaskazini Pemba,300.44434,298.04346,299.31705,2011
United Republic of Tanzania,Kaskazini Pemba,300.5288,297.88745,299.30817,2012
United Republic of Tanzania,Kaskazini Pemba,300.60107,297.458,299.12634,2013
United Republic of Tanzania,Kaskazini Pemba,300.42993,297.8728,299.21808,2014
United Republic of Tanzania,Kaskazini Pemba,300.6333,297.9663,299.36993,2015
United Republic of Tanzania,Kaskazini Pemba,301.5686,297.5105,299.35358,2016
United Republic of Tanzania,Kaskazini Pemba,300.62134,298.02417,299.32312,2017
United Republic of Tanzania,Kaskazini Pemba,301.05273,298.05737,299.6032,2018
United Republic of Tanzania,Kaskazini Pemba,301.05273,298.05737,299.6032,2019
United Republic of Tanzania,Kaskazini Pemba,301.01,297.70215,299.53302,2020
United Republic of Tanzania,Kaskazini Unguja,300.6057,297.44458,299.08255,2001
United Republic of Tanzania,Kaskazini Unguja,300.33105,297.47485,299.15424,2002
United Republic of Tanzania,Kaskazini Unguja,300.85278,297.50098,299.37042,2003
United Republic of Tanzania,Kaskazini Unguja,300.5918,297.6631,299.20944,2004
United Republic of Tanzania,Kaskazini Unguja,300.7256,297.5774,299.25668,2005
United Republic of Tanzania,Kaskazini Unguja,300.72095,297.64722,299.11673,2006
United Republic of Tanzania,Kaskazini Unguja,300.67822,297.7644,299.25543,2007
United Republic of Tanzania,Kaskazini Unguja,300.2744,297.45654,299.01385,2008
United Republic of Tanzania,Kaskazini Unguja,300.57422,297.80005,299.42325,2009
United Republic of Tanzania,Kaskazini Unguja,300.92505,297.8816,299.47864,2010
United Republic of Tanzania,Kaskazini Unguja,300.47168,298.02197,299.38327,2011
United Republic of Tanzania,Kaskazini Unguja,300.5288,297.8777,299.38644,2012
United Republic of Tanzania,Kaskazini Unguja,300.82178,297.61035,299.26892,2013
United Republic of Tanzania,Kaskazini Unguja,300.42603,298.0232,299.3351,2014
United Republic of Tanzania,Kaskazini Unguja,300.88916,298.13037,299.52896,2015
United Republic of Tanzania,Kaskazini Unguja,301.56665,297.8152,299.50558,2016
United Republic of Tanzania,Kaskazini Unguja,300.75415,298.07886,299.44974,2017
United Republic of Tanzania,Kaskazini Unguja,301.24805,298.2566,299.72495,2018
United Republic of Tanzania,Kaskazini Unguja,301.24805,298.2566,299.72495,2019
United Republic of Tanzania,Kaskazini Unguja,301.03125,297.8623,299.64175,2020
Sudan,Kassala,307.24976,296.91138,303.26242,2001
Sudan,Kassala,307.81152,296.2373,303.49246,2002
Sudan,Kassala,308.125,298.1245,303.3024,2003
Sudan,Kassala,307.98364,297.99805,303.5338,2004
Sudan,Kassala,307.91357,296.4922,303.3926,2005
Sudan,Kassala,308.07178,297.3435,303.22806,2006
Sudan,Kassala,308.28467,296.3811,302.84952,2007
Sudan,Kassala,308.0725,297.49902,303.69125,2008
Sudan,Kassala,309.33545,298.6433,304.07248,2009
Sudan,Kassala,309.16968,298.87378,304.1409,2010
Sudan,Kassala,308.5996,296.84082,303.32208,2011
Sudan,Kassala,307.93066,296.98462,303.54108,2012
Sudan,Kassala,307.90063,298.24365,303.73996,2013
Sudan,Kassala,308.23926,298.38257,303.4113,2014
Sudan,Kassala,308.20093,297.1494,304.09293,2015
Sudan,Kassala,308.65332,296.61157,303.84152,2016
Sudan,Kassala,308.85645,298.083,304.02136,2017
Sudan,Kassala,307.67188,299.01123,303.4084,2018
Sudan,Kassala,307.67188,299.01123,303.4084,2019
Sudan,Kassala,308.4851,296.13647,303.36618,2020
Tunisia,Kasserine,301.9956,281.72217,291.48767,2001
Tunisia,Kasserine,300.3982,280.59668,291.087,2002
Tunisia,Kasserine,303.74,281.15405,291.31784,2003
Tunisia,Kasserine,301.74707,282.06445,290.60916,2004
Tunisia,Kasserine,302.1538,279.76953,290.47757,2005
Tunisia,Kasserine,301.57104,280.1526,291.4909,2006
Tunisia,Kasserine,301.3015,282.08838,291.0396,2007
Tunisia,Kasserine,302.5542,282.02515,291.10062,2008
Tunisia,Kasserine,303.21118,281.96387,290.92145,2009
Tunisia,Kasserine,301.573,283.32422,291.22522,2010
Tunisia,Kasserine,301.5896,281.63403,290.79263,2011
Tunisia,Kasserine,303.21753,279.16528,291.49063,2012
Tunisia,Kasserine,301.07764,281.21973,290.91556,2013
Tunisia,Kasserine,301.9431,282.9336,291.63165,2014
Tunisia,Kasserine,302.19238,281.03564,290.98306,2015
Tunisia,Kasserine,300.94897,283.3694,291.45694,2016
Tunisia,Kasserine,302.90112,280.18433,291.1594,2017
Tunisia,Kasserine,302.8047,280.70654,290.82294,2018
Tunisia,Kasserine,302.8047,280.70654,290.82294,2019
Tunisia,Kasserine,302.2959,282.0525,291.45163,2020
Uganda,Katakwi,299.239,294.9878,296.62747,2001
Uganda,Katakwi,300.89355,296.3977,297.747,2002
Uganda,Katakwi,300.9724,294.9724,297.541,2003
Uganda,Katakwi,300.87476,295.29224,297.39807,2004
Uganda,Katakwi,301.12207,295.4546,297.83417,2005
Uganda,Katakwi,300.40845,295.5652,296.91605,2006
Uganda,Katakwi,298.81494,295.00073,296.97565,2007
Uganda,Katakwi,299.75098,294.9878,296.86362,2008
Uganda,Katakwi,300.6211,296.07446,297.78244,2009
Uganda,Katakwi,298.83984,295.3855,297.04276,2010
Uganda,Katakwi,299.7942,295.27783,296.93195,2011
Uganda,Katakwi,300.54834,295.21704,296.8752,2012
Uganda,Katakwi,298.72363,295.32324,296.62405,2013
Uganda,Katakwi,299.0569,295.32007,297.16876,2014
Uganda,Katakwi,301.0371,295.84937,297.5815,2015
Uganda,Katakwi,301.05493,296.198,298.3321,2016
Uganda,Katakwi,300.62183,295.8103,297.98816,2017
Uganda,Katakwi,300.97876,295.42847,297.5887,2018
Uganda,Katakwi,300.97876,295.42847,297.5887,2019
Uganda,Katakwi,298.63477,295.32324,296.70767,2020
Democratic Republic of the Congo,Katanga,299.59497,296.09302,297.87634,2001
Democratic Republic of the Congo,Katanga,300.15332,296.45117,298.09564,2002
Democratic Republic of the Congo,Katanga,300.06348,296.8225,298.17886,2003
Democratic Republic of the Congo,Katanga,300.52808,296.52173,298.25778,2004
Democratic Republic of the Congo,Katanga,299.87256,296.6372,298.12338,2005
Democratic Republic of the Congo,Katanga,299.97925,296.0381,297.88934,2006
Democratic Republic of the Congo,Katanga,299.48706,296.36377,297.8801,2007
Democratic Republic of the Congo,Katanga,299.84155,296.79004,297.9997,2008
Democratic Republic of the Congo,Katanga,300.41626,296.9048,298.24826,2009
Democratic Republic of the Congo,Katanga,301.15698,296.94214,298.81393,2010
Democratic Republic of the Congo,Katanga,299.81616,296.7041,298.10577,2011
Democratic Republic of the Congo,Katanga,299.46704,297.03442,298.0414,2012
Democratic Republic of the Congo,Katanga,300.55762,296.84668,298.37796,2013
Democratic Republic of the Congo,Katanga,300.66406,297.03784,298.4318,2014
Democratic Republic of the Congo,Katanga,300.87842,297.37012,298.67984,2015
Democratic Republic of the Congo,Katanga,300.47632,297.4558,298.94522,2016
Democratic Republic of the Congo,Katanga,300.7295,297.19238,298.51535,2017
Democratic Republic of the Congo,Katanga,300.2461,297.54834,298.78793,2018
Democratic Republic of the Congo,Katanga,300.2461,297.54834,298.78793,2019
Democratic Republic of the Congo,Katanga,301.39722,297.39478,299.24542,2020
United Republic of Tanzania,Katavi,297.18848,293.55786,295.12454,2001
United Republic of Tanzania,Katavi,298.28076,293.87207,295.28754,2002
United Republic of Tanzania,Katavi,297.94995,294.59937,295.826,2003
United Republic of Tanzania,Katavi,297.92358,294.41406,295.48367,2004
United Republic of Tanzania,Katavi,298.64917,295.1089,296.14243,2005
United Republic of Tanzania,Katavi,298.8606,294.03296,295.44028,2006
United Republic of Tanzania,Katavi,298.26,294.60205,295.83633,2007
United Republic of Tanzania,Katavi,298.2627,294.3584,295.389,2008
United Republic of Tanzania,Katavi,298.89526,294.76855,295.87897,2009
United Republic of Tanzania,Katavi,297.84692,294.85815,296.08264,2010
United Republic of Tanzania,Katavi,297.70752,294.63916,295.53043,2011
United Republic of Tanzania,Katavi,297.75806,294.64404,295.5419,2012
United Republic of Tanzania,Katavi,297.53833,294.51416,295.69583,2013
United Republic of Tanzania,Katavi,297.31934,294.9231,295.77243,2014
United Republic of Tanzania,Katavi,298.99878,294.8789,295.92935,2015
United Republic of Tanzania,Katavi,298.50342,294.92358,296.15616,2016
United Republic of Tanzania,Katavi,297.85913,294.99902,296.0352,2017
United Republic of Tanzania,Katavi,298.11353,294.94678,296.03275,2018
United Republic of Tanzania,Katavi,298.11353,294.94678,296.03275,2019
United Republic of Tanzania,Katavi,297.55762,295.0459,296.01608,2020
Nigeria,Katsina,306.0017,293.40552,300.41394,2001
Nigeria,Katsina,305.91528,292.79395,300.55692,2002
Nigeria,Katsina,305.60278,295.05884,300.82648,2003
Nigeria,Katsina,306.02856,295.5586,301.12985,2004
Nigeria,Katsina,305.83765,294.26758,301.2181,2005
Nigeria,Katsina,305.46484,293.64233,300.96,2006
Nigeria,Katsina,306.37646,293.16235,300.7346,2007
Nigeria,Katsina,305.5725,292.53027,300.42075,2008
Nigeria,Katsina,306.14062,296.5293,301.52414,2009
Nigeria,Katsina,306.63696,295.54956,301.52567,2010
Nigeria,Katsina,305.6548,294.458,301.1315,2011
Nigeria,Katsina,306.02783,294.30884,300.649,2012
Nigeria,Katsina,305.70728,295.97217,301.18884,2013
Nigeria,Katsina,305.552,295.26953,301.09763,2014
Nigeria,Katsina,306.323,293.11182,300.73044,2015
Nigeria,Katsina,306.4026,294.1272,301.50934,2016
Nigeria,Katsina,306.44946,295.74707,300.81693,2017
Nigeria,Katsina,306.21313,294.7163,300.90317,2018
Nigeria,Katsina,306.21313,294.7163,300.90317,2019
Nigeria,Katsina,306.56836,294.0564,300.6613,2020
Namibia,Kavango,300.85254,290.00342,295.68607,2001
Namibia,Kavango,299.9585,290.87793,296.29877,2002
Namibia,Kavango,300.6848,290.51343,296.17722,2003
Namibia,Kavango,300.10522,289.94604,295.50955,2004
Namibia,Kavango,302.30957,291.57178,297.10385,2005
Namibia,Kavango,298.64185,290.1128,294.67694,2006
Namibia,Kavango,300.83618,290.24878,296.0837,2007
Namibia,Kavango,302.156,290.8069,295.64926,2008
Namibia,Kavango,299.66675,289.4475,295.65192,2009
Namibia,Kavango,300.97632,289.5603,295.37155,2010
Namibia,Kavango,299.89673,288.59546,294.58478,2011
Namibia,Kavango,300.9121,289.66235,295.17926,2012
Namibia,Kavango,301.3103,291.76025,296.3464,2013
Namibia,Kavango,300.99072,291.38574,295.83932,2014
Namibia,Kavango,303.24707,291.81616,298.0776,2015
Namibia,Kavango,303.16943,291.57202,297.21115,2016
Namibia,Kavango,300.8662,291.8318,296.42468,2017
Namibia,Kavango,302.57983,292.6172,298.32782,2018
Namibia,Kavango,302.57983,292.6172,298.32782,2019
Namibia,Kavango,303.3369,289.90137,296.49396,2020
Burundi,Kayanza,291.62207,290.5227,291.1387,2001
Burundi,Kayanza,293.6079,290.87207,291.83768,2002
Burundi,Kayanza,292.68726,290.81616,291.86212,2003
Burundi,Kayanza,292.4607,291.06128,291.71188,2004
Burundi,Kayanza,293.59082,291.14014,292.0557,2005
Burundi,Kayanza,292.9485,290.8213,291.6683,2006
Burundi,Kayanza,292.23706,290.71338,291.61642,2007
Burundi,Kayanza,292.78418,290.63916,291.44647,2008
Burundi,Kayanza,293.3501,291.3457,291.9146,2009
Burundi,Kayanza,293.85034,291.77808,292.42917,2010
Burundi,Kayanza,292.12427,291.3557,291.6276,2011
Burundi,Kayanza,292.78345,290.98535,291.75558,2012
Burundi,Kayanza,292.812,291.51978,291.97562,2013
Burundi,Kayanza,292.4353,291.58862,292.02487,2014
Burundi,Kayanza,293.40698,291.6621,292.30954,2015
Burundi,Kayanza,293.45435,291.87012,292.65323,2016
Burundi,Kayanza,292.90308,291.82227,292.35876,2017
Burundi,Kayanza,293.14673,291.85938,292.362,2018
Burundi,Kayanza,293.14673,291.85938,292.362,2019
Burundi,Kayanza,293.48535,291.92285,292.66193,2020
Mali,Kayes,308.48022,296.11646,302.947,2001
Mali,Kayes,308.37036,297.43262,303.24017,2002
Mali,Kayes,309.1836,296.15576,302.8774,2003
Mali,Kayes,308.8059,296.70508,303.2109,2004
Mali,Kayes,308.27783,296.53125,303.02054,2005
Mali,Kayes,307.4331,295.09595,302.53842,2006
Mali,Kayes,308.62158,296.49268,302.73526,2007
Mali,Kayes,307.68384,294.61035,302.36526,2008
Mali,Kayes,308.27954,293.99097,302.72647,2009
Mali,Kayes,310.34595,297.45703,303.95114,2010
Mali,Kayes,308.85986,296.3169,303.66177,2011
Mali,Kayes,308.95215,295.77954,302.46573,2012
Mali,Kayes,308.7151,295.28857,303.09982,2013
Mali,Kayes,308.51074,297.23438,302.76413,2014
Mali,Kayes,309.5066,296.29004,303.03336,2015
Mali,Kayes,310.49487,298.33667,303.50217,2016
Mali,Kayes,309.79712,295.5476,303.47287,2017
Mali,Kayes,309.20508,295.70068,302.91962,2018
Mali,Kayes,309.20508,295.70068,302.91962,2019
Mali,Kayes,309.4629,296.79858,303.23453,2020
Uganda,Kayunga,298.3269,296.12842,297.00394,2001
Uganda,Kayunga,299.3584,296.70508,297.3575,2002
Uganda,Kayunga,299.47046,296.06616,297.52164,2003
Uganda,Kayunga,299.07788,296.37817,297.42883,2004
Uganda,Kayunga,300.15137,296.3335,297.7842,2005
Uganda,Kayunga,299.21704,296.2705,297.24057,2006
Uganda,Kayunga,298.61157,296.08862,297.37994,2007
Uganda,Kayunga,298.5232,296.06982,297.29642,2008
Uganda,Kayunga,299.26367,296.7815,297.6547,2009
Uganda,Kayunga,298.58398,296.65503,297.49606,2010
Uganda,Kayunga,299.0227,296.32666,297.3019,2011
Uganda,Kayunga,299.80493,296.29907,297.4924,2012
Uganda,Kayunga,299.32324,296.3291,297.47562,2013
Uganda,Kayunga,299.62134,296.4021,297.7407,2014
Uganda,Kayunga,300.313,296.66113,297.96677,2015
Uganda,Kayunga,300.60962,297.13257,298.4322,2016
Uganda,Kayunga,299.65308,296.69702,298.01126,2017
Uganda,Kayunga,300.03735,296.17944,297.7126,2018
Uganda,Kayunga,300.03735,296.17944,297.7126,2019
Uganda,Kayunga,298.85742,296.37988,297.44122,2020
Nigeria,Kebbi,307.11304,296.66333,302.0635,2001
Nigeria,Kebbi,307.92114,296.41504,302.3287,2002
Nigeria,Kebbi,306.82935,297.9956,302.49005,2003
Nigeria,Kebbi,307.2766,298.32617,302.6466,2004
Nigeria,Kebbi,307.13257,296.86133,302.7313,2005
Nigeria,Kebbi,306.75195,296.74194,302.5347,2006
Nigeria,Kebbi,307.20093,296.04517,302.08975,2007
Nigeria,Kebbi,306.3733,294.65723,301.85013,2008
Nigeria,Kebbi,306.94336,297.94604,303.11447,2009
Nigeria,Kebbi,307.71704,297.7644,302.90408,2010
Nigeria,Kebbi,307.06104,297.292,302.8032,2011
Nigeria,Kebbi,307.25635,297.4182,302.51114,2012
Nigeria,Kebbi,307.5432,298.60107,302.78308,2013
Nigeria,Kebbi,307.15747,298.54688,302.7088,2014
Nigeria,Kebbi,307.79565,295.89697,302.36896,2015
Nigeria,Kebbi,307.4319,297.1643,302.63483,2016
Nigeria,Kebbi,307.67383,298.40112,302.63107,2017
Nigeria,Kebbi,307.77295,297.50146,302.80502,2018
Nigeria,Kebbi,307.77295,297.50146,302.80502,2019
Nigeria,Kebbi,308.46973,297.72632,302.77097,2020
Tunisia,Kebili,305.54834,284.28467,295.0754,2001
Tunisia,Kebili,304.17554,283.61816,294.55917,2002
Tunisia,Kebili,306.68726,284.04126,294.69058,2003
Tunisia,Kebili,304.99316,284.13477,294.35593,2004
Tunisia,Kebili,305.0503,283.04883,294.2513,2005
Tunisia,Kebili,304.42456,282.5647,294.60126,2006
Tunisia,Kebili,304.823,285.06104,294.52316,2007
Tunisia,Kebili,305.64404,283.86304,294.68735,2008
Tunisia,Kebili,305.385,284.8015,294.20334,2009
Tunisia,Kebili,304.8015,285.38086,294.77878,2010
Tunisia,Kebili,304.79272,284.82324,294.27292,2011
Tunisia,Kebili,306.25024,283.0598,295.01276,2012
Tunisia,Kebili,303.94482,284.89795,294.69617,2013
Tunisia,Kebili,304.5349,285.3203,295.1385,2014
Tunisia,Kebili,304.69092,283.6787,294.4798,2015
Tunisia,Kebili,304.2068,285.5686,295.23166,2016
Tunisia,Kebili,304.8943,282.48315,294.39816,2017
Tunisia,Kebili,305.50586,283.31982,294.6768,2018
Tunisia,Kebili,305.50586,283.31982,294.6768,2019
Tunisia,Kebili,305.85645,285.11304,295.11374,2020
Senegal,Kedougou,308.41577,299.51294,303.17468,2001
Senegal,Kedougou,308.97583,300.3806,303.6202,2002
Senegal,Kedougou,308.93164,299.70996,303.10953,2003
Senegal,Kedougou,308.38794,300.4336,303.43372,2004
Senegal,Kedougou,307.91772,300.2168,303.1299,2005
Senegal,Kedougou,308.24756,299.42163,303.0822,2006
Senegal,Kedougou,308.3042,299.979,303.09186,2007
Senegal,Kedougou,308.06274,299.18457,302.98666,2008
Senegal,Kedougou,308.3086,298.59448,303.1148,2009
Senegal,Kedougou,309.26978,300.19653,303.53577,2010
Senegal,Kedougou,308.88135,299.854,303.6652,2011
Senegal,Kedougou,307.71338,299.18677,302.6337,2012
Senegal,Kedougou,308.24634,299.1167,303.36594,2013
Senegal,Kedougou,307.85278,300.0625,303.2653,2014
Senegal,Kedougou,308.9773,298.99268,303.18423,2015
Senegal,Kedougou,309.3601,300.71362,303.80588,2016
Senegal,Kedougou,308.34766,299.79395,303.61707,2017
Senegal,Kedougou,309.12524,300.18115,303.67856,2018
Senegal,Kedougou,309.12524,300.18115,303.67856,2019
Senegal,Kedougou,309.64844,300.2837,303.71954,2020
Botswana,Kgalagadi,300.6692,286.21436,294.23245,2001
Botswana,Kgalagadi,300.0713,286.21973,294.88373,2002
Botswana,Kgalagadi,301.18774,287.35913,295.52457,2003
Botswana,Kgalagadi,300.635,285.8313,294.36697,2004
Botswana,Kgalagadi,300.45312,287.57178,295.41132,2005
Botswana,Kgalagadi,299.5564,286.3745,293.29657,2006
Botswana,Kgalagadi,300.5962,285.59644,294.5025,2007
Botswana,Kgalagadi,300.4607,286.00146,294.21503,2008
Botswana,Kgalagadi,300.35547,284.29712,293.7927,2009
Botswana,Kgalagadi,299.08667,285.66772,294.20096,2010
Botswana,Kgalagadi,298.82642,284.79663,293.57584,2011
Botswana,Kgalagadi,300.04517,286.77954,294.51193,2012
Botswana,Kgalagadi,300.71777,288.04736,294.88547,2013
Botswana,Kgalagadi,299.6814,285.86328,293.9666,2014
Botswana,Kgalagadi,302.10596,286.85132,295.75568,2015
Botswana,Kgalagadi,301.71997,286.36304,295.69357,2016
Botswana,Kgalagadi,299.76855,288.29077,294.33127,2017
Botswana,Kgalagadi,301.77734,287.68555,296.11395,2018
Botswana,Kgalagadi,301.77734,287.68555,296.11395,2019
Botswana,Kgalagadi,299.41577,286.00488,294.5296,2020
Botswana,Kgatleng,301.5559,286.9878,294.89767,2001
Botswana,Kgatleng,300.96387,287.2478,295.75287,2002
Botswana,Kgatleng,302.37646,287.4978,296.5366,2003
Botswana,Kgatleng,301.99243,286.66138,295.1515,2004
Botswana,Kgatleng,301.11328,288.20264,296.60532,2005
Botswana,Kgatleng,301.92358,287.76514,295.06058,2006
Botswana,Kgatleng,302.17822,287.09644,295.57852,2007
Botswana,Kgatleng,300.73413,287.95264,295.404,2008
Botswana,Kgatleng,299.89062,285.8694,294.62784,2009
Botswana,Kgatleng,300.60132,286.9099,295.62888,2010
Botswana,Kgatleng,300.0088,286.55444,295.1442,2011
Botswana,Kgatleng,301.5481,288.25928,295.70807,2012
Botswana,Kgatleng,301.21973,288.68604,295.54202,2013
Botswana,Kgatleng,299.3396,287.04297,294.67886,2014
Botswana,Kgatleng,303.08643,288.65405,296.89597,2015
Botswana,Kgatleng,302.39185,287.7693,296.55637,2016
Botswana,Kgatleng,300.0244,289.03223,295.20853,2017
Botswana,Kgatleng,301.52148,288.27344,296.4844,2018
Botswana,Kgatleng,301.52148,288.27344,296.4844,2019
Botswana,Kgatleng,299.47437,286.74902,294.784,2020
Sudan,Khartoum,306.89722,293.14575,301.97775,2001
Sudan,Khartoum,307.4353,291.12012,301.9332,2002
Sudan,Khartoum,307.35254,294.79053,301.96954,2003
Sudan,Khartoum,307.50903,294.13672,302.08737,2004
Sudan,Khartoum,307.43506,292.1797,302.27737,2005
Sudan,Khartoum,307.9331,292.44702,302.01254,2006
Sudan,Khartoum,307.31982,291.65454,301.84122,2007
Sudan,Khartoum,307.74634,293.7959,302.47055,2008
Sudan,Khartoum,308.4253,294.24805,302.7543,2009
Sudan,Khartoum,308.12866,296.4121,303.2537,2010
Sudan,Khartoum,307.9121,292.95605,301.99786,2011
Sudan,Khartoum,307.7378,292.52563,302.27692,2012
Sudan,Khartoum,307.16846,295.20264,302.4237,2013
Sudan,Khartoum,307.4287,294.99,302.4401,2014
Sudan,Khartoum,307.61108,292.0298,302.45474,2015
Sudan,Khartoum,308.33887,291.68384,302.58713,2016
Sudan,Khartoum,308.21973,294.25098,302.60974,2017
Sudan,Khartoum,307.75586,295.28857,302.19257,2018
Sudan,Khartoum,307.75586,295.28857,302.19257,2019
Sudan,Khartoum,307.11597,291.5857,301.73453,2020
Algeria,Khenchela,301.61865,279.68896,289.93607,2001
Algeria,Khenchela,299.58374,279.3506,289.41693,2002
Algeria,Khenchela,302.5193,279.0603,289.32712,2003
Algeria,Khenchela,300.26855,279.83203,288.74734,2004
Algeria,Khenchela,301.87256,277.52734,288.87924,2005
Algeria,Khenchela,300.19995,277.81274,289.5811,2006
Algeria,Khenchela,300.5476,279.66455,289.1545,2007
Algeria,Khenchela,301.69678,279.25757,289.1312,2008
Algeria,Khenchela,302.07642,279.5459,288.815,2009
Algeria,Khenchela,300.65894,280.73047,289.49948,2010
Algeria,Khenchela,300.656,279.4192,289.0029,2011
Algeria,Khenchela,302.0144,277.09302,289.6835,2012
Algeria,Khenchela,300.25146,279.0791,289.17142,2013
Algeria,Khenchela,301.35327,279.9043,289.81134,2014
Algeria,Khenchela,301.08105,278.6548,289.09274,2015
Algeria,Khenchela,300.26733,281.3108,289.73166,2016
Algeria,Khenchela,301.55933,278.15112,289.5277,2017
Algeria,Khenchela,301.73047,278.3452,289.07977,2018
Algeria,Khenchela,301.73047,278.3452,289.07977,2019
Algeria,Khenchela,301.19824,279.87085,289.78204,2020
Namibia,Khomas,298.20264,285.6831,292.6133,2001
Namibia,Khomas,297.72168,285.15723,292.7833,2002
Namibia,Khomas,298.80615,286.4021,293.59796,2003
Namibia,Khomas,299.04492,286.28247,293.2244,2004
Namibia,Khomas,298.1609,287.30615,294.1841,2005
Namibia,Khomas,297.80835,285.81787,291.96713,2006
Namibia,Khomas,298.34033,286.03955,293.85098,2007
Namibia,Khomas,298.3474,286.27686,292.90985,2008
Namibia,Khomas,299.50586,284.75806,293.13434,2009
Namibia,Khomas,297.77515,286.07007,293.14304,2010
Namibia,Khomas,297.35962,284.59546,291.87076,2011
Namibia,Khomas,298.54297,285.7046,293.02628,2012
Namibia,Khomas,298.71777,287.96826,294.16345,2013
Namibia,Khomas,298.0586,287.1289,293.06476,2014
Namibia,Khomas,299.19434,285.4275,294.53024,2015
Namibia,Khomas,299.86475,286.83765,294.815,2016
Namibia,Khomas,298.06152,288.0537,293.33093,2017
Namibia,Khomas,300.45557,288.11328,295.40433,2018
Namibia,Khomas,300.45557,288.11328,295.40433,2019
Namibia,Khomas,299.48462,286.31714,293.9583,2020
Uganda,Kibaale,296.49878,293.70703,294.5427,2001
Uganda,Kibaale,296.80957,293.98828,295.07904,2002
Uganda,Kibaale,297.32397,294.052,295.0527,2003
Uganda,Kibaale,297.51538,294.3911,295.3953,2004
Uganda,Kibaale,299.0537,294.3662,295.70038,2005
Uganda,Kibaale,296.92407,293.87988,295.00848,2006
Uganda,Kibaale,296.61353,293.70972,294.97647,2007
Uganda,Kibaale,295.8767,294.27393,294.83237,2008
Uganda,Kibaale,296.9336,294.4414,295.68512,2009
Uganda,Kibaale,296.28687,294.39136,295.116,2010
Uganda,Kibaale,297.47388,293.86743,295.2171,2011
Uganda,Kibaale,298.37646,294.0437,295.1542,2012
Uganda,Kibaale,296.7373,294.28418,295.18933,2013
Uganda,Kibaale,297.5725,294.10522,295.5947,2014
Uganda,Kibaale,298.5415,294.47168,296.06622,2015
Uganda,Kibaale,298.7522,294.94043,296.22076,2016
Uganda,Kibaale,297.55542,294.77222,295.8739,2017
Uganda,Kibaale,298.57642,294.2771,295.81107,2018
Uganda,Kibaale,298.57642,294.2771,295.81107,2019
Uganda,Kibaale,297.11914,294.64282,295.78024,2020
Uganda,Kibuku,297.09448,294.79688,295.86917,2001
Uganda,Kibuku,298.82715,295.47363,296.32156,2002
Uganda,Kibuku,298.17944,295.15405,296.4344,2003
Uganda,Kibuku,298.615,295.4851,296.5898,2004
Uganda,Kibuku,299.59082,295.4077,297.15042,2005
Uganda,Kibuku,298.8225,295.31445,296.30487,2006
Uganda,Kibuku,297.4536,295.00073,296.12003,2007
Uganda,Kibuku,297.60254,294.88818,296.0591,2008
Uganda,Kibuku,298.7793,295.50928,296.59885,2009
Uganda,Kibuku,297.03516,295.30737,296.1948,2010
Uganda,Kibuku,297.88403,295.5354,296.34323,2011
Uganda,Kibuku,298.2827,295.40186,296.246,2012
Uganda,Kibuku,298.3584,295.47168,296.42664,2013
Uganda,Kibuku,298.6858,295.69507,296.7607,2014
Uganda,Kibuku,298.41602,295.5957,296.4189,2015
Uganda,Kibuku,298.8518,295.68262,297.0129,2016
Uganda,Kibuku,298.83667,296.18726,297.28128,2017
Uganda,Kibuku,299.35767,295.31445,296.76547,2018
Uganda,Kibuku,299.35767,295.31445,296.76547,2019
Uganda,Kibuku,296.72046,295.333,295.87643,2020
Mali,Kidal,309.1582,292.36255,302.0847,2001
Mali,Kidal,309.94702,291.3506,302.14072,2002
Mali,Kidal,309.19824,292.06787,302.47604,2003
Mali,Kidal,309.33862,292.23047,302.10184,2004
Mali,Kidal,309.09717,290.42188,302.1641,2005
Mali,Kidal,309.27222,289.73853,301.54398,2006
Mali,Kidal,309.5337,291.99463,301.92828,2007
Mali,Kidal,310.00806,288.6787,301.63724,2008
Mali,Kidal,309.53467,289.59448,302.08063,2009
Mali,Kidal,309.50952,293.58594,303.47083,2010
Mali,Kidal,309.6289,291.54736,302.37173,2011
Mali,Kidal,309.56396,289.37134,301.48184,2012
Mali,Kidal,310.2954,290.64404,301.80847,2013
Mali,Kidal,309.99512,291.14258,301.77927,2014
Mali,Kidal,309.70874,289.9834,301.84097,2015
Mali,Kidal,310.25488,293.5183,302.6462,2016
Mali,Kidal,309.3025,289.24097,302.36398,2017
Mali,Kidal,310.125,290.64014,301.94467,2018
Mali,Kidal,310.125,290.64014,301.94467,2019
Mali,Kidal,310.96362,292.44897,302.7321,2020
Equatorial Guinea,Kientem,297.43433,295.4702,296.5054,2001
Equatorial Guinea,Kientem,297.70215,295.969,296.803,2002
Equatorial Guinea,Kientem,297.906,296.1394,296.89645,2003
Equatorial Guinea,Kientem,297.8435,295.97583,296.86975,2004
Equatorial Guinea,Kientem,298.20215,295.9016,296.95804,2005
Equatorial Guinea,Kientem,297.54907,296.16675,296.82684,2006
Equatorial Guinea,Kientem,297.93018,296.2234,296.9278,2007
Equatorial Guinea,Kientem,297.66504,295.9917,296.85208,2008
Equatorial Guinea,Kientem,297.82422,296.5276,297.10275,2009
Equatorial Guinea,Kientem,298.32544,296.28394,297.37854,2010
Equatorial Guinea,Kientem,297.74512,296.26025,297.07028,2011
Equatorial Guinea,Kientem,297.92627,296.37134,297.07394,2012
Equatorial Guinea,Kientem,298.28613,295.73193,297.1996,2013
Equatorial Guinea,Kientem,298.19556,296.25977,297.29196,2014
Equatorial Guinea,Kientem,298.18604,296.6084,297.40167,2015
Equatorial Guinea,Kientem,299.3352,296.6228,297.705,2016
Equatorial Guinea,Kientem,298.37012,296.63745,297.62878,2017
Equatorial Guinea,Kientem,298.53857,296.92188,297.68997,2018
Equatorial Guinea,Kientem,298.53857,296.92188,297.68997,2019
Equatorial Guinea,Kientem,298.82227,296.69238,297.8068,2020
Rwanda,Kigali City/Umujyi wa Kigali,293.16333,292.03027,292.5261,2001
Rwanda,Kigali City/Umujyi wa Kigali,294.43604,291.7876,293.0491,2002
Rwanda,Kigali City/Umujyi wa Kigali,294.23926,292.30005,293.2109,2003
Rwanda,Kigali City/Umujyi wa Kigali,294.5752,292.4104,293.41922,2004
Rwanda,Kigali City/Umujyi wa Kigali,295.00488,292.63525,293.52835,2005
Rwanda,Kigali City/Umujyi wa Kigali,294.05884,291.95605,293.139,2006
Rwanda,Kigali City/Umujyi wa Kigali,293.52612,292.16113,292.91183,2007
Rwanda,Kigali City/Umujyi wa Kigali,293.8506,291.8955,292.778,2008
Rwanda,Kigali City/Umujyi wa Kigali,294.52075,292.2578,293.11838,2009
Rwanda,Kigali City/Umujyi wa Kigali,295.29565,292.55542,293.60007,2010
Rwanda,Kigali City/Umujyi wa Kigali,293.45752,292.20923,292.77505,2011
Rwanda,Kigali City/Umujyi wa Kigali,294.0432,292.18652,292.9566,2012
Rwanda,Kigali City/Umujyi wa Kigali,294.19043,292.24707,293.31448,2013
Rwanda,Kigali City/Umujyi wa Kigali,294.29492,292.47925,293.31036,2014
Rwanda,Kigali City/Umujyi wa Kigali,294.94873,292.708,293.67267,2015
Rwanda,Kigali City/Umujyi wa Kigali,295.11792,292.6963,294.09396,2016
Rwanda,Kigali City/Umujyi wa Kigali,294.88354,292.80957,293.63953,2017
Rwanda,Kigali City/Umujyi wa Kigali,294.87378,292.63452,293.74026,2018
Rwanda,Kigali City/Umujyi wa Kigali,294.87378,292.63452,293.74026,2019
Rwanda,Kigali City/Umujyi wa Kigali,295.5537,293.07837,294.11374,2020
United Republic of Tanzania,Kigoma,298.70215,294.34497,296.0308,2001
United Republic of Tanzania,Kigoma,299.14014,294.57715,296.0229,2002
United Republic of Tanzania,Kigoma,298.84106,295.6089,296.69708,2003
United Republic of Tanzania,Kigoma,299.28296,295.1289,296.48938,2004
United Republic of Tanzania,Kigoma,299.83276,296.02148,297.21942,2005
United Republic of Tanzania,Kigoma,300.0598,294.7556,296.39407,2006
United Republic of Tanzania,Kigoma,299.64282,295.1372,296.73672,2007
United Republic of Tanzania,Kigoma,298.81543,294.87207,296.16586,2008
United Republic of Tanzania,Kigoma,300.09644,295.4043,296.68365,2009
United Republic of Tanzania,Kigoma,298.91187,295.71167,296.9015,2010
United Republic of Tanzania,Kigoma,298.9165,295.313,296.60904,2011
United Republic of Tanzania,Kigoma,298.60156,295.23096,296.30118,2012
United Republic of Tanzania,Kigoma,299.0525,295.1831,296.49728,2013
United Republic of Tanzania,Kigoma,298.1931,295.64966,296.701,2014
United Republic of Tanzania,Kigoma,299.71753,295.32422,296.83624,2015
United Republic of Tanzania,Kigoma,299.21045,295.58887,296.84122,2016
United Republic of Tanzania,Kigoma,298.77124,295.58105,296.8293,2017
United Republic of Tanzania,Kigoma,299.0315,295.4624,296.86478,2018
United Republic of Tanzania,Kigoma,299.0315,295.4624,296.86478,2019
United Republic of Tanzania,Kigoma,298.56543,295.68262,296.65543,2020
United Republic of Tanzania,Kilimanjaro,290.07837,286.4995,288.7419,2001
United Republic of Tanzania,Kilimanjaro,290.45776,286.96118,289.02142,2002
United Republic of Tanzania,Kilimanjaro,291.02344,286.85327,289.2573,2003
United Republic of Tanzania,Kilimanjaro,290.3457,287.15552,289.10266,2004
United Republic of Tanzania,Kilimanjaro,290.91187,286.89795,289.26077,2005
United Republic of Tanzania,Kilimanjaro,290.80298,287.18042,289.15463,2006
United Republic of Tanzania,Kilimanjaro,290.52393,287.62573,289.2154,2007
United Republic of Tanzania,Kilimanjaro,290.22363,286.66357,288.9512,2008
United Republic of Tanzania,Kilimanjaro,290.85547,287.2307,289.34625,2009
United Republic of Tanzania,Kilimanjaro,290.9485,287.1941,289.2856,2010
United Republic of Tanzania,Kilimanjaro,290.59985,287.57666,289.38864,2011
United Republic of Tanzania,Kilimanjaro,290.75708,287.04517,289.31354,2012
United Republic of Tanzania,Kilimanjaro,291.30005,287.1245,289.2821,2013
United Republic of Tanzania,Kilimanjaro,290.51,287.54492,289.28073,2014
United Republic of Tanzania,Kilimanjaro,290.97266,287.58887,289.63068,2015
United Republic of Tanzania,Kilimanjaro,291.96704,287.13843,289.42047,2016
United Republic of Tanzania,Kilimanjaro,291.49048,287.79468,289.5837,2017
United Republic of Tanzania,Kilimanjaro,292.22607,288.18945,289.93866,2018
United Republic of Tanzania,Kilimanjaro,292.22607,288.18945,289.93866,2019
United Republic of Tanzania,Kilimanjaro,291.33032,287.63574,289.68893,2020
Guinea,Kindia,300.4724,298.53052,299.41638,2001
Guinea,Kindia,300.3943,298.66626,299.57025,2002
Guinea,Kindia,300.81836,298.38965,299.5483,2003
Guinea,Kindia,300.82227,298.50488,299.74686,2004
Guinea,Kindia,300.9939,298.5266,299.96176,2005
Guinea,Kindia,300.6123,298.58276,299.83597,2006
Guinea,Kindia,300.8003,298.32104,299.62424,2007
Guinea,Kindia,300.55127,298.48022,299.7126,2008
Guinea,Kindia,300.0996,298.39966,299.3897,2009
Guinea,Kindia,300.99634,298.7019,299.87122,2010
Guinea,Kindia,300.4204,298.49658,299.70474,2011
Guinea,Kindia,299.98145,298.31714,299.28995,2012
Guinea,Kindia,300.29126,298.3584,299.47708,2013
Guinea,Kindia,299.8606,298.34937,299.3398,2014
Guinea,Kindia,300.57886,298.84912,299.57437,2015
Guinea,Kindia,300.46118,298.78003,299.74112,2016
Guinea,Kindia,300.62915,298.88354,299.8508,2017
Guinea,Kindia,300.66553,298.65894,299.91782,2018
Guinea,Kindia,300.66553,298.65894,299.91782,2019
Guinea,Kindia,301.39746,298.62012,300.21774,2020
Democratic Republic of the Congo,Kinshasa,298.04175,296.6089,297.45334,2001
Democratic Republic of the Congo,Kinshasa,298.43628,296.95703,297.5828,2002
Democratic Republic of the Congo,Kinshasa,298.67188,297.37085,297.9033,2003
Democratic Republic of the Congo,Kinshasa,299.04028,296.88794,297.90588,2004
Democratic Republic of the Congo,Kinshasa,299.00488,296.89404,298.0075,2005
Democratic Republic of the Congo,Kinshasa,298.90503,297.03418,297.8436,2006
Democratic Republic of the Congo,Kinshasa,298.89868,296.81714,297.80295,2007
Democratic Republic of the Congo,Kinshasa,298.4502,296.48193,297.6143,2008
Democratic Republic of the Congo,Kinshasa,299.14648,297.05884,297.97794,2009
Democratic Republic of the Congo,Kinshasa,299.77515,297.12964,298.39987,2010
Democratic Republic of the Congo,Kinshasa,298.68848,296.77124,297.8133,2011
Democratic Republic of the Congo,Kinshasa,298.8081,296.85376,297.76974,2012
Democratic Republic of the Congo,Kinshasa,299.35254,296.73584,298.0972,2013
Democratic Republic of the Congo,Kinshasa,298.90845,296.5332,298.05533,2014
Democratic Republic of the Congo,Kinshasa,298.8933,297.1443,298.0986,2015
Democratic Republic of the Congo,Kinshasa,299.45728,297.0525,298.43707,2016
Democratic Republic of the Congo,Kinshasa,298.9983,296.71265,298.071,2017
Democratic Republic of the Congo,Kinshasa,299.8086,297.5371,298.5518,2018
Democratic Republic of the Congo,Kinshasa,299.8086,297.5371,298.5518,2019
Democratic Republic of the Congo,Kinshasa,299.60767,297.14355,298.4129,2020
Uganda,Kiruhura,295.38354,293.3379,294.0928,2001
Uganda,Kiruhura,296.48535,294.0,294.63568,2002
Uganda,Kiruhura,297.38452,294.0769,295.1157,2003
Uganda,Kiruhura,297.25952,294.55298,295.52097,2004
Uganda,Kiruhura,298.1006,294.2666,295.45493,2005
Uganda,Kiruhura,296.74243,294.083,295.26517,2006
Uganda,Kiruhura,296.51587,293.7483,295.03586,2007
Uganda,Kiruhura,295.656,294.22485,294.76126,2008
Uganda,Kiruhura,297.0547,294.08643,295.58127,2009
Uganda,Kiruhura,295.7683,294.25977,295.01492,2010
Uganda,Kiruhura,297.34497,293.7151,294.96695,2011
Uganda,Kiruhura,297.69678,294.0205,295.24518,2012
Uganda,Kiruhura,297.19238,294.18457,295.39734,2013
Uganda,Kiruhura,297.58423,294.21973,295.76413,2014
Uganda,Kiruhura,297.74658,294.3369,295.8942,2015
Uganda,Kiruhura,298.55396,294.99707,296.2997,2016
Uganda,Kiruhura,298.03394,294.82324,296.06497,2017
Uganda,Kiruhura,297.85767,294.73022,295.98666,2018
Uganda,Kiruhura,297.85767,294.73022,295.98666,2019
Uganda,Kiruhura,296.87085,294.36548,295.7736,2020
Burundi,Kirundo,294.3274,292.95996,293.41916,2001
Burundi,Kirundo,296.01807,292.68018,293.9472,2002
Burundi,Kirundo,295.5752,293.4016,294.21954,2003
Burundi,Kirundo,295.81543,293.42114,294.30188,2004
Burundi,Kirundo,295.99902,293.45752,294.50262,2005
Burundi,Kirundo,295.38013,292.90918,294.13138,2006
Burundi,Kirundo,294.6355,293.08887,293.93854,2007
Burundi,Kirundo,295.61035,292.80908,293.87045,2008
Burundi,Kirundo,295.77197,293.09375,294.1169,2009
Burundi,Kirundo,296.57495,293.71753,294.63162,2010
Burundi,Kirundo,294.59814,293.1975,293.80923,2011
Burundi,Kirundo,294.8811,293.18066,293.97775,2012
Burundi,Kirundo,295.52832,293.44238,294.32394,2013
Burundi,Kirundo,295.45312,293.51636,294.35904,2014
Burundi,Kirundo,296.26904,293.58496,294.58136,2015
Burundi,Kirundo,296.073,293.59473,294.97726,2016
Burundi,Kirundo,296.1316,293.69336,294.62537,2017
Burundi,Kirundo,296.1355,293.69897,294.70248,2018
Burundi,Kirundo,296.1355,293.69897,294.70248,2019
Burundi,Kirundo,297.09863,294.09985,295.17886,2020
Uganda,Kiryandongo,299.42065,294.97217,296.501,2001
Uganda,Kiryandongo,300.89355,295.93652,297.03378,2002
Uganda,Kiryandongo,299.96655,295.04663,297.00357,2003
Uganda,Kiryandongo,299.97827,295.22778,296.93747,2004
Uganda,Kiryandongo,300.79395,295.2163,297.31284,2005
Uganda,Kiryandongo,300.1233,295.51636,296.83286,2006
Uganda,Kiryandongo,298.55884,295.0183,296.82477,2007
Uganda,Kiryandongo,299.10645,294.85107,296.66684,2008
Uganda,Kiryandongo,299.5371,296.1194,297.2831,2009
Uganda,Kiryandongo,298.4685,295.4773,296.85837,2010
Uganda,Kiryandongo,300.00903,295.23877,296.81638,2011
Uganda,Kiryandongo,300.78662,295.08618,297.03214,2012
Uganda,Kiryandongo,299.52637,295.28223,296.8013,2013
Uganda,Kiryandongo,300.33813,295.12085,297.18863,2014
Uganda,Kiryandongo,301.14844,295.89038,297.45718,2015
Uganda,Kiryandongo,301.49927,295.97632,298.00592,2016
Uganda,Kiryandongo,300.76245,295.4685,297.61038,2017
Uganda,Kiryandongo,300.95142,295.28516,297.31497,2018
Uganda,Kiryandongo,300.95142,295.28516,297.31497,2019
Uganda,Kiryandongo,298.85938,295.38574,296.74722,2020
Uganda,Kisoro,292.46558,291.32324,291.85062,2001
Uganda,Kisoro,293.13452,291.38086,292.27353,2002
Uganda,Kisoro,294.00757,291.62036,292.59683,2003
Uganda,Kisoro,293.61108,291.8811,292.77225,2004
Uganda,Kisoro,294.94238,291.87158,292.91327,2005
Uganda,Kisoro,293.4807,291.24316,292.46732,2006
Uganda,Kisoro,293.4143,291.36035,292.28815,2007
Uganda,Kisoro,292.55176,291.7373,292.077,2008
Uganda,Kisoro,293.5188,291.8203,292.78732,2009
Uganda,Kisoro,294.07495,291.9265,292.9954,2010
Uganda,Kisoro,293.5442,291.60376,292.2939,2011
Uganda,Kisoro,293.6206,291.70337,292.4628,2012
Uganda,Kisoro,293.60254,291.8037,292.7808,2013
Uganda,Kisoro,293.9807,292.1726,292.99948,2014
Uganda,Kisoro,294.34717,291.9502,293.1209,2015
Uganda,Kisoro,294.36743,292.3291,293.4872,2016
Uganda,Kisoro,294.28027,292.22754,293.25443,2017
Uganda,Kisoro,294.39868,292.0857,293.26205,2018
Uganda,Kisoro,294.39868,292.0857,293.26205,2019
Uganda,Kisoro,294.2002,292.1819,293.46695,2020
Uganda,Kitgum,298.61792,295.55078,296.74387,2001
Uganda,Kitgum,299.32324,297.27075,297.96512,2002
Uganda,Kitgum,299.76538,295.12402,297.3377,2003
Uganda,Kitgum,300.26147,295.8955,297.43616,2004
Uganda,Kitgum,300.35645,296.3872,298.0894,2005
Uganda,Kitgum,299.4983,295.8025,297.08627,2006
Uganda,Kitgum,298.70728,295.3523,297.10895,2007
Uganda,Kitgum,298.8811,295.4878,297.1685,2008
Uganda,Kitgum,298.86523,297.0022,297.9107,2009
Uganda,Kitgum,299.2771,295.79956,297.4783,2010
Uganda,Kitgum,298.9563,295.4026,296.98956,2011
Uganda,Kitgum,300.03857,294.87915,296.7382,2012
Uganda,Kitgum,298.81567,295.4702,296.73117,2013
Uganda,Kitgum,298.95728,295.4724,297.36002,2014
Uganda,Kitgum,299.5371,295.79663,297.3989,2015
Uganda,Kitgum,300.20337,296.12866,297.94943,2016
Uganda,Kitgum,299.60962,295.4392,297.34363,2017
Uganda,Kitgum,299.8047,295.35815,297.19046,2018
Uganda,Kitgum,299.8047,295.35815,297.19046,2019
Uganda,Kitgum,297.92578,295.18066,296.57208,2020
Uganda,Koboko,299.20386,294.77466,296.5049,2001
Uganda,Koboko,300.2959,295.23462,296.7076,2002
Uganda,Koboko,300.06616,294.79004,296.77457,2003
Uganda,Koboko,299.83374,294.80762,296.8004,2004
Uganda,Koboko,301.37402,294.9585,297.16132,2005
Uganda,Koboko,299.73657,294.948,296.61298,2006
Uganda,Koboko,299.01782,294.60034,296.7354,2007
Uganda,Koboko,298.55054,294.69092,296.53452,2008
Uganda,Koboko,299.0088,295.6223,297.0217,2009
Uganda,Koboko,298.82227,295.15894,296.77454,2010
Uganda,Koboko,299.81958,294.82275,296.6751,2011
Uganda,Koboko,299.77295,294.3401,296.70352,2012
Uganda,Koboko,299.07568,294.65723,296.53015,2013
Uganda,Koboko,300.40454,294.7185,297.12482,2014
Uganda,Koboko,301.08838,295.656,297.33054,2015
Uganda,Koboko,301.56763,295.21655,297.5816,2016
Uganda,Koboko,300.32495,295.07202,297.43655,2017
Uganda,Koboko,300.6936,294.95776,297.15335,2018
Uganda,Koboko,300.6936,294.95776,297.15335,2019
Uganda,Koboko,299.31836,294.88965,296.8571,2020
Nigeria,Kogi,305.3694,298.88208,301.82214,2001
Nigeria,Kogi,305.07104,299.15454,301.81244,2002
Nigeria,Kogi,305.5703,299.55176,302.32452,2003
Nigeria,Kogi,305.7732,299.3955,302.282,2004
Nigeria,Kogi,306.156,299.68896,302.53876,2005
Nigeria,Kogi,305.94873,299.10425,302.49106,2006
Nigeria,Kogi,305.92017,298.70386,301.95743,2007
Nigeria,Kogi,305.02637,299.42163,301.86136,2008
Nigeria,Kogi,306.54492,299.90747,302.30475,2009
Nigeria,Kogi,306.44263,299.8977,302.54504,2010
Nigeria,Kogi,306.167,299.53955,302.15314,2011
Nigeria,Kogi,305.94482,299.10815,301.98737,2012
Nigeria,Kogi,306.37817,299.42676,302.2349,2013
Nigeria,Kogi,305.1018,299.3357,302.14108,2014
Nigeria,Kogi,305.0371,299.76514,302.20505,2015
Nigeria,Kogi,305.28735,299.7351,302.31387,2016
Nigeria,Kogi,305.96704,299.62573,302.70837,2017
Nigeria,Kogi,305.57227,299.50854,302.19193,2018
Nigeria,Kogi,305.57227,299.50854,302.19193,2019
Nigeria,Kogi,306.05493,299.32666,302.1899,2020
Senegal,Kolda,303.5896,298.25903,301.3425,2001
Senegal,Kolda,304.84497,299.79858,302.1461,2002
Senegal,Kolda,304.70044,298.6421,301.43845,2003
Senegal,Kolda,304.0227,298.2539,301.44266,2004
Senegal,Kolda,305.39893,298.2168,302.02524,2005
Senegal,Kolda,304.14062,298.0525,301.63266,2006
Senegal,Kolda,304.2749,298.63696,301.52252,2007
Senegal,Kolda,305.0061,298.59863,301.7165,2008
Senegal,Kolda,304.66235,297.65308,301.60812,2009
Senegal,Kolda,305.85767,298.74414,302.0408,2010
Senegal,Kolda,305.11963,298.7622,301.8984,2011
Senegal,Kolda,305.30518,298.85864,301.99844,2012
Senegal,Kolda,305.76782,298.76123,302.09998,2013
Senegal,Kolda,304.89185,299.115,301.94547,2014
Senegal,Kolda,304.94995,298.17822,301.70718,2015
Senegal,Kolda,305.1062,299.4358,302.10245,2016
Senegal,Kolda,306.18555,298.63574,302.5469,2017
Senegal,Kolda,304.6499,297.94873,301.70282,2018
Senegal,Kolda,304.6499,297.94873,301.70282,2019
Senegal,Kolda,306.17285,299.1267,302.3112,2020
Uganda,Kole,298.5769,295.32764,296.57034,2001
Uganda,Kole,299.98145,296.18555,297.05756,2002
Uganda,Kole,299.32593,295.4099,296.98483,2003
Uganda,Kole,298.98413,295.62036,296.96237,2004
Uganda,Kole,300.09668,295.6128,297.31595,2005
Uganda,Kole,299.55103,295.90698,296.87503,2006
Uganda,Kole,298.10376,295.33667,296.8049,2007
Uganda,Kole,298.5166,295.25928,296.764,2008
Uganda,Kole,299.64453,296.36548,297.37198,2009
Uganda,Kole,298.13672,295.92847,296.95456,2010
Uganda,Kole,299.41528,295.65283,296.8618,2011
Uganda,Kole,300.39795,295.60767,297.14737,2012
Uganda,Kole,298.81738,295.66113,296.89392,2013
Uganda,Kole,299.79712,295.44507,297.2459,2014
Uganda,Kole,300.77197,296.33765,297.60788,2015
Uganda,Kole,300.83228,296.4812,298.08517,2016
Uganda,Kole,300.6355,296.0017,297.6921,2017
Uganda,Kole,300.5393,295.71484,297.34964,2018
Uganda,Kole,300.5393,295.71484,297.34964,2019
Uganda,Kole,298.70117,295.78223,296.94333,2020
Uganda,Kotido,298.84058,295.30786,297.3402,2001
Uganda,Kotido,299.7256,296.8623,298.00125,2002
Uganda,Kotido,300.27905,294.87012,297.65005,2003
Uganda,Kotido,300.46655,296.36157,297.74182,2004
Uganda,Kotido,299.98535,295.99268,297.94418,2005
Uganda,Kotido,299.33618,295.9265,297.4598,2006
Uganda,Kotido,298.9436,295.14136,297.2289,2007
Uganda,Kotido,298.9619,295.36475,297.54672,2008
Uganda,Kotido,300.0039,297.65063,298.59235,2009
Uganda,Kotido,299.37476,295.71362,297.66794,2010
Uganda,Kotido,299.38892,294.8911,297.1761,2011
Uganda,Kotido,299.85498,294.62915,296.95285,2012
Uganda,Kotido,299.30566,295.05957,297.1078,2013
Uganda,Kotido,299.33032,295.45288,297.55548,2014
Uganda,Kotido,299.8789,296.0681,298.1271,2015
Uganda,Kotido,301.2307,295.97632,298.37994,2016
Uganda,Kotido,300.10767,295.2771,297.72855,2017
Uganda,Kotido,300.2871,295.32422,297.6307,2018
Uganda,Kotido,300.2871,295.32422,297.6307,2019
Uganda,Kotido,298.61328,294.6631,296.7277,2020
Congo,Kouilou,298.21045,293.72607,296.39197,2001
Congo,Kouilou,298.52588,294.54858,296.98563,2002
Congo,Kouilou,298.42773,295.08887,297.27097,2003
Congo,Kouilou,298.59937,293.9895,296.83167,2004
Congo,Kouilou,298.85645,294.23193,296.9411,2005
Congo,Kouilou,298.4402,294.4519,296.99384,2006
Congo,Kouilou,298.67017,294.44995,297.18576,2007
Congo,Kouilou,298.28027,294.31982,296.9782,2008
Congo,Kouilou,298.5664,293.8108,296.9047,2009
Congo,Kouilou,299.21216,294.68823,297.33606,2010
Congo,Kouilou,298.81348,294.43726,297.16226,2011
Congo,Kouilou,298.74268,294.64087,297.25592,2012
Congo,Kouilou,299.0188,294.25537,297.29788,2013
Congo,Kouilou,298.6897,293.78906,297.21793,2014
Congo,Kouilou,298.94727,294.7202,297.33072,2015
Congo,Kouilou,299.5393,294.94116,297.78683,2016
Congo,Kouilou,299.11353,294.88257,297.48343,2017
Congo,Kouilou,299.2339,295.65308,297.68784,2018
Congo,Kouilou,299.2339,295.65308,297.68784,2019
Congo,Kouilou,299.3518,295.458,297.78024,2020
Mali,Koulikoro,307.8767,296.0735,302.42175,2001
Mali,Koulikoro,308.4485,297.1006,302.9975,2002
Mali,Koulikoro,309.13672,295.56006,302.67023,2003
Mali,Koulikoro,308.31177,296.59766,303.00305,2004
Mali,Koulikoro,308.06885,295.93945,302.9141,2005
Mali,Koulikoro,306.90576,294.88892,302.1081,2006
Mali,Koulikoro,308.1919,295.7212,302.33438,2007
Mali,Koulikoro,306.9319,293.6631,302.02264,2008
Mali,Koulikoro,307.7444,293.83862,302.6791,2009
Mali,Koulikoro,309.135,297.54297,303.52145,2010
Mali,Koulikoro,308.0039,295.6372,303.0169,2011
Mali,Koulikoro,308.55957,294.73657,302.0759,2012
Mali,Koulikoro,308.29126,295.13232,302.67337,2013
Mali,Koulikoro,307.78418,296.56836,302.41827,2014
Mali,Koulikoro,308.94995,295.24902,302.50534,2015
Mali,Koulikoro,309.80347,297.94214,303.24908,2016
Mali,Koulikoro,308.92212,294.89136,302.90857,2017
Mali,Koulikoro,308.41602,295.32568,302.6784,2018
Mali,Koulikoro,308.41602,295.32568,302.6784,2019
Mali,Koulikoro,308.42773,296.28882,302.79718,2020
Angola,Kuanza Norte,294.44116,292.9851,293.46326,2001
Angola,Kuanza Norte,294.61646,292.83252,293.40668,2002
Angola,Kuanza Norte,295.06445,292.8523,293.67316,2003
Angola,Kuanza Norte,294.44458,292.37988,293.39334,2004
Angola,Kuanza Norte,294.7627,292.39185,293.47983,2005
Angola,Kuanza Norte,294.18896,292.14502,293.33334,2006
Angola,Kuanza Norte,294.78467,292.3755,293.24323,2007
Angola,Kuanza Norte,294.17993,292.52295,293.4105,2008
Angola,Kuanza Norte,294.36133,293.34375,293.88336,2009
Angola,Kuanza Norte,294.71655,293.12964,294.00027,2010
Angola,Kuanza Norte,294.8794,293.01025,293.72995,2011
Angola,Kuanza Norte,294.5747,293.29565,293.6884,2012
Angola,Kuanza Norte,294.64868,293.1516,293.79367,2013
Angola,Kuanza Norte,295.2434,293.34473,293.95148,2014
Angola,Kuanza Norte,294.989,293.3728,293.9526,2015
Angola,Kuanza Norte,295.2561,293.25903,294.2823,2016
Angola,Kuanza Norte,295.2893,293.19507,294.0443,2017
Angola,Kuanza Norte,295.12842,293.18823,294.22806,2018
Angola,Kuanza Norte,295.12842,293.18823,294.22806,2019
Angola,Kuanza Norte,295.54492,293.20752,294.1292,2020
Uganda,Kumi,299.72217,296.00977,297.58127,2001
Uganda,Kumi,300.87988,296.97192,298.46805,2002
Uganda,Kumi,300.6931,295.64233,298.1945,2003
Uganda,Kumi,300.44702,296.96606,298.33948,2004
Uganda,Kumi,301.333,296.50732,298.6208,2005
Uganda,Kumi,300.57642,296.29175,298.02948,2006
Uganda,Kumi,299.77368,295.83276,298.03375,2007
Uganda,Kumi,299.66113,296.146,297.7435,2008
Uganda,Kumi,301.04492,297.45728,298.77432,2009
Uganda,Kumi,299.39648,296.18042,297.77518,2010
Uganda,Kumi,299.78052,296.21924,297.8084,2011
Uganda,Kumi,300.5796,296.01587,297.69034,2012
Uganda,Kumi,300.1123,296.09082,297.93283,2013
Uganda,Kumi,300.08618,296.50952,298.29947,2014
Uganda,Kumi,301.04102,296.48022,298.3535,2015
Uganda,Kumi,301.7893,297.37012,299.07053,2016
Uganda,Kumi,300.9187,296.6931,298.9097,2017
Uganda,Kumi,301.29907,296.3125,298.28094,2018
Uganda,Kumi,301.29907,296.3125,298.28094,2019
Uganda,Kumi,299.60132,295.78613,297.25925,2020
Namibia,Kunene,299.1455,292.5581,296.3716,2001
Namibia,Kunene,298.90625,292.8584,296.8455,2002
Namibia,Kunene,299.00903,293.208,297.05142,2003
Namibia,Kunene,299.8457,292.90503,297.22098,2004
Namibia,Kunene,299.92822,293.9878,297.6805,2005
Namibia,Kunene,298.56177,292.96826,296.28534,2006
Namibia,Kunene,299.56543,292.5122,297.45822,2007
Namibia,Kunene,299.33374,292.8296,296.42728,2008
Namibia,Kunene,299.8086,292.64673,297.0803,2009
Namibia,Kunene,299.52905,293.74,297.3966,2010
Namibia,Kunene,299.36743,292.34155,296.2674,2011
Namibia,Kunene,299.2207,292.82373,297.0092,2012
Namibia,Kunene,299.7959,293.91943,297.786,2013
Namibia,Kunene,300.2273,294.3252,297.48013,2014
Namibia,Kunene,299.95996,293.08765,297.80728,2015
Namibia,Kunene,300.9026,293.6267,298.14816,2016
Namibia,Kunene,299.667,294.74194,297.56726,2017
Namibia,Kunene,300.86353,295.20508,298.96014,2018
Namibia,Kunene,300.86353,295.20508,298.96014,2019
Namibia,Kunene,300.23853,293.2041,297.86002,2020
United Republic of Tanzania,Kusini Pemba,300.6643,297.44067,299.09607,2001
United Republic of Tanzania,Kusini Pemba,300.40503,297.54126,299.15292,2002
United Republic of Tanzania,Kusini Pemba,300.91138,297.47168,299.34958,2003
United Republic of Tanzania,Kusini Pemba,300.6953,297.53027,299.17053,2004
United Republic of Tanzania,Kusini Pemba,300.74316,297.65552,299.29135,2005
United Republic of Tanzania,Kusini Pemba,300.78345,297.68433,299.13235,2006
United Republic of Tanzania,Kusini Pemba,300.604,297.8816,299.29727,2007
United Republic of Tanzania,Kusini Pemba,300.29004,297.54248,299.02524,2008
United Republic of Tanzania,Kusini Pemba,300.66602,297.76685,299.44797,2009
United Republic of Tanzania,Kusini Pemba,300.94067,297.83472,299.4988,2010
United Republic of Tanzania,Kusini Pemba,300.57715,298.12744,299.41745,2011
United Republic of Tanzania,Kusini Pemba,300.6538,297.93042,299.40436,2012
United Republic of Tanzania,Kusini Pemba,300.78857,297.57715,299.23898,2013
United Republic of Tanzania,Kusini Pemba,300.4182,297.97437,299.32062,2014
United Republic of Tanzania,Kusini Pemba,300.79736,298.06787,299.47507,2015
United Republic of Tanzania,Kusini Pemba,301.67798,297.59644,299.45157,2016
United Republic of Tanzania,Kusini Pemba,300.7151,298.09448,299.42923,2017
United Republic of Tanzania,Kusini Pemba,301.19336,298.14526,299.72284,2018
United Republic of Tanzania,Kusini Pemba,301.19336,298.14526,299.72284,2019
United Republic of Tanzania,Kusini Pemba,301.06274,297.7744,299.6258,2020
United Republic of Tanzania,Kusini Unguja,300.86157,297.4231,299.2611,2001
United Republic of Tanzania,Kusini Unguja,300.69434,297.59204,299.26605,2002
United Republic of Tanzania,Kusini Unguja,301.2461,297.46387,299.5776,2003
United Republic of Tanzania,Kusini Unguja,301.1172,297.55957,299.31247,2004
United Republic of Tanzania,Kusini Unguja,301.2959,297.62427,299.44778,2005
United Republic of Tanzania,Kusini Unguja,301.14282,297.6316,299.21487,2006
United Republic of Tanzania,Kusini Unguja,301.24268,297.86597,299.46768,2007
United Republic of Tanzania,Kusini Unguja,300.73926,297.5581,299.2007,2008
United Republic of Tanzania,Kusini Unguja,300.94727,297.77466,299.6044,2009
United Republic of Tanzania,Kusini Unguja,301.29858,297.8933,299.67752,2010
United Republic of Tanzania,Kusini Unguja,301.01465,298.1001,299.56833,2011
United Republic of Tanzania,Kusini Unguja,300.8706,297.8777,299.54727,2012
United Republic of Tanzania,Kusini Unguja,301.312,297.6338,299.4426,2013
United Republic of Tanzania,Kusini Unguja,300.97095,297.98145,299.48044,2014
United Republic of Tanzania,Kusini Unguja,301.188,298.13623,299.66013,2015
United Republic of Tanzania,Kusini Unguja,301.95923,297.71753,299.62897,2016
United Republic of Tanzania,Kusini Unguja,301.08472,298.05933,299.58386,2017
United Republic of Tanzania,Kusini Unguja,301.54883,298.18823,299.8332,2018
United Republic of Tanzania,Kusini Unguja,301.54883,298.18823,299.8332,2019
United Republic of Tanzania,Kusini Unguja,301.3672,297.81934,299.71744,2020
South Africa,KwaZulu-Natal,295.469,288.20068,292.2463,2001
South Africa,KwaZulu-Natal,295.58496,288.11426,292.25076,2002
South Africa,KwaZulu-Natal,297.5857,287.66968,292.23776,2003
South Africa,KwaZulu-Natal,296.07202,287.12427,292.50436,2004
South Africa,KwaZulu-Natal,295.83496,288.72217,292.15057,2005
South Africa,KwaZulu-Natal,296.58423,287.68115,291.8265,2006
South Africa,KwaZulu-Natal,296.0786,288.22534,292.10455,2007
South Africa,KwaZulu-Natal,295.9834,288.09204,292.09525,2008
South Africa,KwaZulu-Natal,295.03027,287.7268,291.7372,2009
South Africa,KwaZulu-Natal,296.87476,288.43726,292.70145,2010
South Africa,KwaZulu-Natal,296.98145,286.3025,292.0091,2011
South Africa,KwaZulu-Natal,296.5266,287.89087,292.03522,2012
South Africa,KwaZulu-Natal,295.18457,288.42627,291.80667,2013
South Africa,KwaZulu-Natal,296.53735,288.36328,292.29572,2014
South Africa,KwaZulu-Natal,295.3037,288.1494,292.28546,2015
South Africa,KwaZulu-Natal,295.85474,288.40405,292.30783,2016
South Africa,KwaZulu-Natal,295.292,289.10913,291.94113,2017
South Africa,KwaZulu-Natal,295.73462,289.23438,292.42142,2018
South Africa,KwaZulu-Natal,295.73462,289.23438,292.42142,2019
South Africa,KwaZulu-Natal,296.17188,289.06934,292.5278,2020
Nigeria,Kwara,303.42407,297.87817,300.1592,2001
Nigeria,Kwara,303.54175,297.8369,300.16757,2002
Nigeria,Kwara,303.38867,298.06152,300.48044,2003
Nigeria,Kwara,303.59692,298.2473,300.3284,2004
Nigeria,Kwara,304.61694,298.2688,300.7824,2005
Nigeria,Kwara,304.72998,297.9187,300.69583,2006
Nigeria,Kwara,303.44507,297.53735,300.35733,2007
Nigeria,Kwara,303.61426,297.38184,300.16098,2008
Nigeria,Kwara,304.14258,298.54614,300.64474,2009
Nigeria,Kwara,304.70044,298.5769,300.86453,2010
Nigeria,Kwara,304.2932,298.4248,300.67154,2011
Nigeria,Kwara,303.65186,298.01636,300.47287,2012
Nigeria,Kwara,304.64575,298.04395,300.6802,2013
Nigeria,Kwara,303.67603,298.2693,300.6043,2014
Nigeria,Kwara,303.83594,297.13916,300.60284,2015
Nigeria,Kwara,304.58618,298.39087,300.80963,2016
Nigeria,Kwara,304.5996,298.46558,300.74402,2017
Nigeria,Kwara,304.49756,298.53198,300.5186,2018
Nigeria,Kwara,304.49756,298.53198,300.5186,2019
Nigeria,Kwara,304.12915,298.26343,300.45572,2020
Uganda,Kween,297.5808,293.88208,295.6926,2001
Uganda,Kween,299.00293,295.0393,296.83994,2002
Uganda,Kween,299.14038,293.63257,296.45245,2003
Uganda,Kween,299.04077,294.31738,296.34485,2004
Uganda,Kween,299.44238,294.146,296.6639,2005
Uganda,Kween,298.67603,294.11206,295.97333,2006
Uganda,Kween,297.83423,293.489,295.877,2007
Uganda,Kween,298.0088,294.19873,296.1286,2008
Uganda,Kween,299.07617,295.7151,297.23868,2009
Uganda,Kween,297.6892,294.02808,295.8582,2010
Uganda,Kween,298.13013,294.2173,296.05807,2011
Uganda,Kween,298.85693,294.3152,295.8692,2012
Uganda,Kween,298.06738,293.87012,295.9242,2013
Uganda,Kween,297.9314,294.0271,296.04263,2014
Uganda,Kween,299.14844,295.031,296.76642,2015
Uganda,Kween,299.97876,295.0105,297.15128,2016
Uganda,Kween,298.87134,294.74292,296.8469,2017
Uganda,Kween,299.44922,294.22144,296.37503,2018
Uganda,Kween,299.44922,294.22144,296.37503,2019
Uganda,Kween,297.45898,293.75684,295.40656,2020
Botswana,Kweneng,300.73364,286.34717,294.197,2001
Botswana,Kweneng,299.55762,286.9131,294.92426,2002
Botswana,Kweneng,301.60498,287.14233,295.72964,2003
Botswana,Kweneng,301.05103,286.09106,294.4005,2004
Botswana,Kweneng,300.07812,287.42334,295.62128,2005
Botswana,Kweneng,300.48218,286.81006,293.925,2006
Botswana,Kweneng,300.53955,286.4773,294.74762,2007
Botswana,Kweneng,299.64233,287.11475,294.34702,2008
Botswana,Kweneng,299.27344,284.9065,293.7963,2009
Botswana,Kweneng,299.3103,286.1892,294.79553,2010
Botswana,Kweneng,299.59985,285.63257,294.13278,2011
Botswana,Kweneng,300.6106,287.6421,295.0873,2012
Botswana,Kweneng,300.64355,288.2661,295.0342,2013
Botswana,Kweneng,298.83594,286.58008,294.07224,2014
Botswana,Kweneng,301.979,287.92554,296.2275,2015
Botswana,Kweneng,301.46606,287.34546,295.84006,2016
Botswana,Kweneng,299.16113,288.68652,294.5344,2017
Botswana,Kweneng,300.7539,287.8789,295.89325,2018
Botswana,Kweneng,300.7539,287.8789,295.89325,2019
Botswana,Kweneng,298.70483,286.43457,294.2233,2020
Uganda,Kyankwanzi,296.79565,294.05664,294.94583,2001
Uganda,Kyankwanzi,297.58496,294.6245,295.40195,2002
Uganda,Kyankwanzi,297.75757,294.5244,295.44595,2003
Uganda,Kyankwanzi,297.27905,294.45752,295.49475,2004
Uganda,Kyankwanzi,298.68066,294.73926,295.85776,2005
Uganda,Kyankwanzi,297.54712,294.26074,295.3615,2006
Uganda,Kyankwanzi,296.76,294.0105,295.31842,2007
Uganda,Kyankwanzi,296.0564,293.98584,295.0941,2008
Uganda,Kyankwanzi,297.31055,294.85815,295.70596,2009
Uganda,Kyankwanzi,296.57397,294.75757,295.49182,2010
Uganda,Kyankwanzi,297.37036,294.438,295.4417,2011
Uganda,Kyankwanzi,298.1421,294.25415,295.52628,2012
Uganda,Kyankwanzi,297.10254,294.3916,295.46423,2013
Uganda,Kyankwanzi,298.09595,294.3181,295.81363,2014
Uganda,Kyankwanzi,298.88477,294.9463,296.07663,2015
Uganda,Kyankwanzi,298.92017,295.31372,296.45206,2016
Uganda,Kyankwanzi,297.95776,294.8806,296.10568,2017
Uganda,Kyankwanzi,298.39868,294.4724,295.90887,2018
Uganda,Kyankwanzi,298.39868,294.4724,295.90887,2019
Uganda,Kyankwanzi,297.25586,294.81348,295.7863,2020
Uganda,Kyegegwa,295.36597,293.04492,293.89783,2001
Uganda,Kyegegwa,296.48145,293.58984,294.51166,2002
Uganda,Kyegegwa,297.32397,293.71802,294.83463,2003
Uganda,Kyegegwa,297.0193,293.9724,295.14075,2004
Uganda,Kyegegwa,298.43262,293.96973,295.36703,2005
Uganda,Kyegegwa,296.23853,293.46582,294.8454,2006
Uganda,Kyegegwa,296.29126,293.3855,294.69064,2007
Uganda,Kyegegwa,295.40796,293.89624,294.48782,2008
Uganda,Kyegegwa,297.11328,293.90283,295.46164,2009
Uganda,Kyegegwa,295.7146,294.0625,294.7905,2010
Uganda,Kyegegwa,297.1731,293.51392,294.8268,2011
Uganda,Kyegegwa,297.7495,293.85962,294.96915,2012
Uganda,Kyegegwa,296.7881,294.06738,295.2253,2013
Uganda,Kyegegwa,297.54907,293.90796,295.56003,2014
Uganda,Kyegegwa,297.5122,294.28223,295.6606,2015
Uganda,Kyegegwa,298.64087,294.55957,296.2123,2016
Uganda,Kyegegwa,298.1648,294.4978,295.8402,2017
Uganda,Kyegegwa,298.0686,294.26538,295.68427,2018
Uganda,Kyegegwa,298.0686,294.26538,295.68427,2019
Uganda,Kyegegwa,297.0,294.23267,295.6232,2020
Uganda,Kyenjojo,298.64136,295.8745,296.70285,2001
Uganda,Kyenjojo,298.8213,296.08594,296.9638,2002
Uganda,Kyenjojo,299.09937,295.88452,296.97037,2003
Uganda,Kyenjojo,299.74,296.27368,297.3569,2004
Uganda,Kyenjojo,299.6338,296.01514,297.29642,2005
Uganda,Kyenjojo,299.0608,295.91113,296.966,2006
Uganda,Kyenjojo,298.60376,295.69604,296.92178,2007
Uganda,Kyenjojo,297.71655,295.68115,296.73343,2008
Uganda,Kyenjojo,298.8418,296.35815,297.29025,2009
Uganda,Kyenjojo,298.5232,296.5144,297.32254,2010
Uganda,Kyenjojo,299.1809,296.0315,297.1717,2011
Uganda,Kyenjojo,300.26318,295.6565,297.1498,2012
Uganda,Kyenjojo,299.28613,296.00488,297.36478,2013
Uganda,Kyenjojo,299.64478,296.0935,297.50797,2014
Uganda,Kyenjojo,300.16602,296.54785,297.70505,2015
Uganda,Kyenjojo,300.26587,296.77466,297.97482,2016
Uganda,Kyenjojo,298.90698,296.29272,297.63547,2017
Uganda,Kyenjojo,299.86914,296.25757,297.69272,2018
Uganda,Kyenjojo,299.86914,296.25757,297.69272,2019
Uganda,Kyenjojo,298.9944,296.4204,297.5898,2020
Central African Republic,Kémo,300.99634,297.21606,298.94812,2001
Central African Republic,Kémo,301.84644,297.39673,299.21786,2002
Central African Republic,Kémo,302.5603,297.38574,299.53513,2003
Central African Republic,Kémo,302.99,297.42896,299.5089,2004
Central African Republic,Kémo,303.38965,297.23364,299.68588,2005
Central African Republic,Kémo,303.1819,297.3816,299.4512,2006
Central African Republic,Kémo,302.89282,297.27222,299.23102,2007
Central African Republic,Kémo,302.04785,297.17554,299.09296,2008
Central African Republic,Kémo,302.9121,298.11646,299.65988,2009
Central African Republic,Kémo,302.6848,297.6277,299.50467,2010
Central African Republic,Kémo,302.39746,296.98877,298.96255,2011
Central African Republic,Kémo,302.71045,297.08862,299.09332,2012
Central African Republic,Kémo,302.02637,297.20215,299.45755,2013
Central African Republic,Kémo,302.14087,297.22632,299.5073,2014
Central African Republic,Kémo,303.1953,298.03662,299.73907,2015
Central African Republic,Kémo,303.0022,297.86694,299.9151,2016
Central African Republic,Kémo,303.05493,297.4265,299.8464,2017
Central African Republic,Kémo,303.91406,297.573,300.05453,2018
Central African Republic,Kémo,303.91406,297.573,300.05453,2019
Central African Republic,Kémo,303.469,297.52637,299.9876,2020
Guinea,Labe,306.84155,298.4563,301.72806,2001
Guinea,Labe,307.46216,299.5017,302.37054,2002
Guinea,Labe,308.34375,299.16895,302.22638,2003
Guinea,Labe,307.77075,299.65625,302.49344,2004
Guinea,Labe,307.28687,299.5547,302.27542,2005
Guinea,Labe,307.2046,298.4353,301.92108,2006
Guinea,Labe,307.0056,299.29932,302.0002,2007
Guinea,Labe,306.8286,298.2334,301.76874,2008
Guinea,Labe,307.05664,297.45776,301.87344,2009
Guinea,Labe,307.07935,299.49927,302.1863,2010
Guinea,Labe,306.95752,298.70752,302.07907,2011
Guinea,Labe,306.45947,298.26294,301.56516,2012
Guinea,Labe,306.69727,297.85107,301.71017,2013
Guinea,Labe,307.261,299.36133,302.04587,2014
Guinea,Labe,307.4375,297.68213,302.1043,2015
Guinea,Labe,307.7644,299.31128,302.30167,2016
Guinea,Labe,307.04688,298.94824,302.20837,2017
Guinea,Labe,307.80884,299.0288,302.25833,2018
Guinea,Labe,307.80884,299.0288,302.25833,2019
Guinea,Labe,307.7295,299.58374,302.44562,2020
Chad,Lac,306.67944,292.8645,301.1327,2001
Chad,Lac,307.06958,291.6006,301.56668,2002
Chad,Lac,306.27466,293.97217,301.42007,2003
Chad,Lac,308.07935,294.5039,301.7804,2004
Chad,Lac,306.85596,293.0957,302.0894,2005
Chad,Lac,307.34766,292.82788,301.9035,2006
Chad,Lac,307.8413,292.51,301.75983,2007
Chad,Lac,306.69946,292.1709,301.22464,2008
Chad,Lac,306.9839,295.42578,302.4615,2009
Chad,Lac,308.5725,295.1902,302.61276,2010
Chad,Lac,307.3086,293.5244,302.06183,2011
Chad,Lac,307.0708,293.86743,301.83878,2012
Chad,Lac,306.86353,295.63623,302.2025,2013
Chad,Lac,307.83105,294.5818,302.09732,2014
Chad,Lac,307.4568,292.4087,301.70016,2015
Chad,Lac,307.698,293.135,302.22955,2016
Chad,Lac,307.76392,295.9502,301.96506,2017
Chad,Lac,307.19165,294.40186,301.7642,2018
Chad,Lac,307.19165,294.40186,301.7642,2019
Chad,Lac,307.55933,293.28687,301.819,2020
Chad,Lac Iro,306.51514,297.78052,301.0757,2001
Chad,Lac Iro,306.71533,297.99902,301.47684,2002
Chad,Lac Iro,306.22974,298.1709,301.4095,2003
Chad,Lac Iro,306.177,298.65918,301.45847,2004
Chad,Lac Iro,306.5896,298.71216,301.77524,2005
Chad,Lac Iro,306.2671,297.54272,301.55502,2006
Chad,Lac Iro,306.38452,298.114,301.48135,2007
Chad,Lac Iro,305.5088,298.406,301.12714,2008
Chad,Lac Iro,306.13867,299.136,301.97433,2009
Chad,Lac Iro,307.16333,298.35815,301.7109,2010
Chad,Lac Iro,306.66626,297.5708,301.05612,2011
Chad,Lac Iro,306.0962,298.19995,301.1257,2012
Chad,Lac Iro,306.4707,298.15918,301.91818,2013
Chad,Lac Iro,305.8108,298.35522,301.73892,2014
Chad,Lac Iro,306.4629,298.02197,302.21677,2015
Chad,Lac Iro,307.68774,298.79517,302.0139,2016
Chad,Lac Iro,306.53125,298.7898,302.22464,2017
Chad,Lac Iro,307.45654,298.40576,301.72528,2018
Chad,Lac Iro,307.45654,298.40576,301.72528,2019
Chad,Lac Iro,307.39355,298.25757,301.79214,2020
Côte d'Ivoire,Lacs,301.92017,298.01294,299.88968,2001
Côte d'Ivoire,Lacs,302.07886,298.16626,299.95322,2002
Côte d'Ivoire,Lacs,302.7422,298.61816,300.30157,2003
Côte d'Ivoire,Lacs,302.03882,298.24512,300.24524,2004
Côte d'Ivoire,Lacs,302.68457,298.13794,300.26547,2005
Côte d'Ivoire,Lacs,302.21436,298.84448,300.4398,2006
Côte d'Ivoire,Lacs,302.83618,298.3933,300.32657,2007
Côte d'Ivoire,Lacs,302.37012,298.60327,300.43866,2008
Côte d'Ivoire,Lacs,301.96777,298.61646,300.3845,2009
Côte d'Ivoire,Lacs,302.77856,299.14526,300.8141,2010
Côte d'Ivoire,Lacs,301.97388,298.7954,300.28156,2011
Côte d'Ivoire,Lacs,302.41748,298.48315,300.19244,2012
Côte d'Ivoire,Lacs,302.0266,298.57715,300.2777,2013
Côte d'Ivoire,Lacs,302.50806,298.7224,300.4728,2014
Côte d'Ivoire,Lacs,302.21924,298.6626,300.41714,2015
Côte d'Ivoire,Lacs,303.17603,299.2644,300.98215,2016
Côte d'Ivoire,Lacs,302.95215,298.68042,300.8293,2017
Côte d'Ivoire,Lacs,302.66016,298.65894,300.6076,2018
Côte d'Ivoire,Lacs,302.66016,298.65894,300.6076,2019
Côte d'Ivoire,Lacs,302.9436,298.6631,300.7153,2020
Algeria,Laghouat,302.51318,279.8081,290.29788,2001
Algeria,Laghouat,300.9607,279.31738,289.61176,2002
Algeria,Laghouat,303.5271,278.65576,289.57437,2003
Algeria,Laghouat,301.7473,279.21484,289.10788,2004
Algeria,Laghouat,303.33545,276.63086,289.19077,2005
Algeria,Laghouat,301.94604,276.83618,289.70853,2006
Algeria,Laghouat,301.9851,278.5415,289.02448,2007
Algeria,Laghouat,303.2085,278.50366,289.26938,2008
Algeria,Laghouat,303.23853,278.66284,289.43625,2009
Algeria,Laghouat,302.8777,280.8457,290.01477,2010
Algeria,Laghouat,301.98682,279.05786,289.31183,2011
Algeria,Laghouat,303.26587,276.3645,289.61545,2012
Algeria,Laghouat,301.25342,278.833,288.97855,2013
Algeria,Laghouat,301.8728,278.86133,289.93423,2014
Algeria,Laghouat,302.69238,278.01025,289.61472,2015
Algeria,Laghouat,302.4978,280.4402,290.24387,2016
Algeria,Laghouat,302.8767,277.39917,290.11868,2017
Algeria,Laghouat,303.09375,277.79053,289.8327,2018
Algeria,Laghouat,303.09375,277.79053,289.8327,2019
Algeria,Laghouat,302.7412,279.0818,290.40475,2020
Mozambique,Lago niassa,300.8877,293.38232,297.01404,2001
Mozambique,Lago niassa,299.97607,293.62207,296.72552,2002
Mozambique,Lago niassa,300.79224,292.82202,296.92902,2003
Mozambique,Lago niassa,299.41235,293.1106,296.6305,2004
Mozambique,Lago niassa,301.2036,293.56787,297.38577,2005
Mozambique,Lago niassa,299.98926,293.59253,296.83237,2006
Mozambique,Lago niassa,300.38184,293.29565,296.892,2007
Mozambique,Lago niassa,300.15283,292.8452,296.48016,2008
Mozambique,Lago niassa,299.79565,293.05103,296.79254,2009
Mozambique,Lago niassa,301.1504,293.81323,297.2986,2010
Mozambique,Lago niassa,300.3479,293.60522,297.01886,2011
Mozambique,Lago niassa,300.05493,293.5647,297.04742,2012
Mozambique,Lago niassa,300.90332,293.69873,297.27347,2013
Mozambique,Lago niassa,300.17065,293.86328,297.09503,2014
Mozambique,Lago niassa,300.12988,294.3838,297.48907,2015
Mozambique,Lago niassa,301.1338,293.6931,297.56467,2016
Mozambique,Lago niassa,300.36035,294.14038,297.25735,2017
Mozambique,Lago niassa,300.91064,293.86133,297.37943,2018
Mozambique,Lago niassa,300.91064,293.86133,297.37943,2019
Mozambique,Lago niassa,300.83618,293.42285,297.35318,2020
Nigeria,Lagos,301.07837,297.6223,299.69714,2001
Nigeria,Lagos,300.89136,297.95337,299.66953,2002
Nigeria,Lagos,301.27344,298.22827,299.92252,2003
Nigeria,Lagos,301.14624,297.9795,299.7991,2004
Nigeria,Lagos,301.4463,297.90747,299.97397,2005
Nigeria,Lagos,301.4038,297.94604,300.0887,2006
Nigeria,Lagos,301.37744,298.23706,299.90436,2007
Nigeria,Lagos,300.833,298.43726,299.88333,2008
Nigeria,Lagos,301.36523,298.05786,300.03098,2009
Nigeria,Lagos,302.13843,298.54175,300.45456,2010
Nigeria,Lagos,301.38574,298.25635,300.02194,2011
Nigeria,Lagos,301.24756,297.8308,299.87033,2012
Nigeria,Lagos,301.55396,297.90918,299.91946,2013
Nigeria,Lagos,301.13013,297.94897,299.93112,2014
Nigeria,Lagos,301.18164,298.43115,299.9611,2015
Nigeria,Lagos,301.75806,298.52808,300.32785,2016
Nigeria,Lagos,301.45508,298.14136,300.19763,2017
Nigeria,Lagos,301.7827,298.8269,300.40253,2018
Nigeria,Lagos,301.7827,298.8269,300.40253,2019
Nigeria,Lagos,301.8379,298.24512,300.33542,2020
Côte d'Ivoire,Lagunes,301.35815,297.4563,299.10437,2001
Côte d'Ivoire,Lagunes,301.69434,297.49634,299.35458,2002
Côte d'Ivoire,Lagunes,301.5547,298.18652,299.72018,2003
Côte d'Ivoire,Lagunes,301.6443,297.71582,299.55026,2004
Côte d'Ivoire,Lagunes,301.9834,297.5891,299.67548,2005
Côte d'Ivoire,Lagunes,301.0354,298.20972,299.7056,2006
Côte d'Ivoire,Lagunes,302.11157,298.17847,299.81485,2007
Côte d'Ivoire,Lagunes,302.09473,298.38232,299.70364,2008
Côte d'Ivoire,Lagunes,300.76562,298.1018,299.7053,2009
Côte d'Ivoire,Lagunes,302.10522,298.5691,300.08572,2010
Côte d'Ivoire,Lagunes,300.83716,298.12354,299.61667,2011
Côte d'Ivoire,Lagunes,301.41553,298.05103,299.71457,2012
Côte d'Ivoire,Lagunes,302.54785,297.9209,299.88513,2013
Côte d'Ivoire,Lagunes,300.85767,298.14038,299.63522,2014
Côte d'Ivoire,Lagunes,301.45166,298.22803,299.90738,2015
Côte d'Ivoire,Lagunes,302.84302,298.489,300.37262,2016
Côte d'Ivoire,Lagunes,301.9131,297.99097,299.92044,2017
Côte d'Ivoire,Lagunes,301.92017,298.29956,300.13397,2018
Côte d'Ivoire,Lagunes,301.92017,298.29956,300.13397,2019
Côte d'Ivoire,Lagunes,302.81836,298.2881,300.12042,2020
Uganda,Lamwo,298.61792,295.55078,296.74387,2001
Uganda,Lamwo,299.32324,297.27075,297.96512,2002
Uganda,Lamwo,299.76538,295.12402,297.3377,2003
Uganda,Lamwo,300.26147,295.8955,297.43616,2004
Uganda,Lamwo,300.35645,296.3872,298.0894,2005
Uganda,Lamwo,299.4983,295.8025,297.08627,2006
Uganda,Lamwo,298.70728,295.3523,297.10895,2007
Uganda,Lamwo,298.8811,295.4878,297.1685,2008
Uganda,Lamwo,298.86523,297.0022,297.9107,2009
Uganda,Lamwo,299.2771,295.79956,297.4783,2010
Uganda,Lamwo,298.9563,295.4026,296.98956,2011
Uganda,Lamwo,300.03857,294.87915,296.7382,2012
Uganda,Lamwo,298.81567,295.4702,296.73117,2013
Uganda,Lamwo,298.95728,295.4724,297.36002,2014
Uganda,Lamwo,299.5371,295.79663,297.3989,2015
Uganda,Lamwo,300.20337,296.12866,297.94943,2016
Uganda,Lamwo,299.60962,295.4392,297.34363,2017
Uganda,Lamwo,299.8047,295.35815,297.19046,2018
Uganda,Lamwo,299.8047,295.35815,297.19046,2019
Uganda,Lamwo,297.92578,295.18066,296.57208,2020
Morocco,Laâyoune - Boujdour - Sakia El Hamra,295.78027,289.11646,292.24728,2001
Morocco,Laâyoune - Boujdour - Sakia El Hamra,295.7124,290.59497,292.27206,2002
Morocco,Laâyoune - Boujdour - Sakia El Hamra,295.6455,288.69092,292.22995,2003
Morocco,Laâyoune - Boujdour - Sakia El Hamra,296.45605,288.85156,292.47342,2004
Morocco,Laâyoune - Boujdour - Sakia El Hamra,295.68433,287.1748,291.86313,2005
Morocco,Laâyoune - Boujdour - Sakia El Hamra,296.04346,287.54712,292.20786,2006
Morocco,Laâyoune - Boujdour - Sakia El Hamra,294.6394,288.98096,291.86823,2007
Morocco,Laâyoune - Boujdour - Sakia El Hamra,294.84082,288.52124,292.1019,2008
Morocco,Laâyoune - Boujdour - Sakia El Hamra,296.44165,287.67456,292.3925,2009
Morocco,Laâyoune - Boujdour - Sakia El Hamra,295.87573,290.26758,293.02243,2010
Morocco,Laâyoune - Boujdour - Sakia El Hamra,295.4961,289.17114,292.382,2011
Morocco,Laâyoune - Boujdour - Sakia El Hamra,295.89722,287.19067,292.1988,2012
Morocco,Laâyoune - Boujdour - Sakia El Hamra,296.51855,288.83154,292.06058,2013
Morocco,Laâyoune - Boujdour - Sakia El Hamra,295.38574,287.76587,291.67886,2014
Morocco,Laâyoune - Boujdour - Sakia El Hamra,295.40918,287.23486,292.1756,2015
Morocco,Laâyoune - Boujdour - Sakia El Hamra,295.948,288.8479,292.20255,2016
Morocco,Laâyoune - Boujdour - Sakia El Hamra,295.88184,288.74487,292.63773,2017
Morocco,Laâyoune - Boujdour - Sakia El Hamra,294.28394,288.37256,291.77704,2018
Morocco,Laâyoune - Boujdour - Sakia El Hamra,294.28394,288.37256,291.77704,2019
Morocco,Laâyoune - Boujdour - Sakia El Hamra,295.1958,288.7146,292.66095,2020
Tunisia,Le Kef,300.8999,282.87256,291.44113,2001
Tunisia,Le Kef,299.82788,281.36426,291.13992,2002
Tunisia,Le Kef,303.19702,281.7478,291.57697,2003
Tunisia,Le Kef,301.3252,283.0918,290.85168,2004
Tunisia,Le Kef,300.68506,280.71777,290.54657,2005
Tunisia,Le Kef,300.7605,281.2854,291.4388,2006
Tunisia,Le Kef,300.46948,283.3247,291.07364,2007
Tunisia,Le Kef,301.17334,282.9873,291.13104,2008
Tunisia,Le Kef,301.8108,282.35645,290.9317,2009
Tunisia,Le Kef,300.71362,283.84766,291.1349,2010
Tunisia,Le Kef,301.0161,282.46997,291.03854,2011
Tunisia,Le Kef,302.6355,280.2024,291.58243,2012
Tunisia,Le Kef,300.58545,281.8037,291.10696,2013
Tunisia,Le Kef,301.13647,283.92944,291.69888,2014
Tunisia,Le Kef,301.45605,281.87354,291.31345,2015
Tunisia,Le Kef,300.23413,284.02368,291.4719,2016
Tunisia,Le Kef,302.7644,281.06128,291.15857,2017
Tunisia,Le Kef,302.0984,281.79053,290.98163,2018
Tunisia,Le Kef,302.0984,281.79053,290.98163,2019
Tunisia,Le Kef,301.5869,282.81616,291.41843,2020
Congo,Lekoumou,297.05615,294.9878,296.17322,2001
Congo,Lekoumou,297.43994,295.92798,296.6806,2002
Congo,Lekoumou,297.6306,295.906,296.8177,2003
Congo,Lekoumou,297.80054,295.59692,296.81082,2004
Congo,Lekoumou,298.1338,295.4038,296.88202,2005
Congo,Lekoumou,297.69214,295.7058,296.71976,2006
Congo,Lekoumou,297.8147,295.41284,296.7779,2007
Congo,Lekoumou,297.18066,295.437,296.6802,2008
Congo,Lekoumou,297.96094,295.01392,296.77072,2009
Congo,Lekoumou,298.19458,295.61206,297.16287,2010
Congo,Lekoumou,297.78027,295.32202,296.777,2011
Congo,Lekoumou,297.72217,295.32837,296.69455,2012
Congo,Lekoumou,297.87012,295.15967,296.8345,2013
Congo,Lekoumou,297.7444,295.1914,296.88962,2014
Congo,Lekoumou,297.7578,296.0537,297.10104,2015
Congo,Lekoumou,298.51587,295.49,297.31842,2016
Congo,Lekoumou,297.8772,295.4607,296.93607,2017
Congo,Lekoumou,298.28662,295.98828,297.26175,2018
Congo,Lekoumou,298.28662,295.98828,297.26175,2019
Congo,Lekoumou,298.4026,295.54395,297.18845,2020
Lesotho,Leribe,292.4563,278.7671,286.73376,2001
Lesotho,Leribe,291.65137,278.9646,286.88144,2002
Lesotho,Leribe,293.1604,279.09277,287.62955,2003
Lesotho,Leribe,293.46313,278.7473,287.4155,2004
Lesotho,Leribe,292.46875,281.03857,287.49203,2005
Lesotho,Leribe,292.6228,279.18115,286.71732,2006
Lesotho,Leribe,293.385,280.18604,287.67242,2007
Lesotho,Leribe,293.28687,279.9878,287.45087,2008
Lesotho,Leribe,293.35938,278.56274,287.32526,2009
Lesotho,Leribe,292.54272,279.8767,287.7529,2010
Lesotho,Leribe,292.13135,277.72827,286.87595,2011
Lesotho,Leribe,293.62915,280.02954,287.62213,2012
Lesotho,Leribe,293.7202,281.0376,287.8223,2013
Lesotho,Leribe,293.66968,279.5293,287.78415,2014
Lesotho,Leribe,296.5083,280.54468,288.9759,2015
Lesotho,Leribe,294.2561,280.71265,288.59738,2016
Lesotho,Leribe,292.52612,281.68652,287.95023,2017
Lesotho,Leribe,294.45264,281.5254,288.95267,2018
Lesotho,Leribe,294.45264,281.5254,288.95267,2019
Lesotho,Leribe,293.0818,279.96558,287.70636,2020
Congo,Likouala,298.89136,296.39722,297.27658,2001
Congo,Likouala,299.50098,296.38037,297.545,2002
Congo,Likouala,299.49585,296.34253,297.66812,2003
Congo,Likouala,300.41577,296.2329,297.7257,2004
Congo,Likouala,300.9502,296.4817,298.03256,2005
Congo,Likouala,298.78735,296.5044,297.5482,2006
Congo,Likouala,299.62524,296.3308,297.6664,2007
Congo,Likouala,299.0166,296.44507,297.55634,2008
Congo,Likouala,299.28516,296.85278,297.67145,2009
Congo,Likouala,299.78638,296.85278,298.00925,2010
Congo,Likouala,298.9131,296.42212,297.50485,2011
Congo,Likouala,298.62256,296.5061,297.4439,2012
Congo,Likouala,298.75684,296.4131,297.6099,2013
Congo,Likouala,299.23462,296.47046,297.6935,2014
Congo,Likouala,298.93408,296.4673,297.62433,2015
Congo,Likouala,299.94458,297.12036,298.1402,2016
Congo,Likouala,299.77832,296.61597,298.03406,2017
Congo,Likouala,299.85767,296.5857,298.202,2018
Congo,Likouala,299.85767,296.5857,298.202,2019
Congo,Likouala,299.98633,296.67285,298.36652,2020
South Africa,Limpopo,301.43286,289.28467,295.88156,2001
South Africa,Limpopo,302.25684,289.9978,296.97098,2002
South Africa,Limpopo,302.81616,289.41187,297.131,2003
South Africa,Limpopo,302.88696,289.94458,296.73434,2004
South Africa,Limpopo,302.37012,291.01514,297.8537,2005
South Africa,Limpopo,302.6482,290.4624,296.75458,2006
South Africa,Limpopo,302.41064,289.4558,296.37735,2007
South Africa,Limpopo,300.9541,291.0542,296.66733,2008
South Africa,Limpopo,301.46484,289.20142,296.32248,2009
South Africa,Limpopo,301.32812,289.86108,297.04602,2010
South Africa,Limpopo,301.18652,289.08765,296.5418,2011
South Africa,Limpopo,301.87427,290.38892,296.8565,2012
South Africa,Limpopo,300.63965,290.8335,296.41946,2013
South Africa,Limpopo,300.03198,290.2578,296.32956,2014
South Africa,Limpopo,303.54736,291.2556,297.9277,2015
South Africa,Limpopo,302.7766,290.74,297.6794,2016
South Africa,Limpopo,300.88574,291.33887,296.37912,2017
South Africa,Limpopo,302.1704,291.45312,297.8441,2018
South Africa,Limpopo,302.1704,291.45312,297.8441,2019
South Africa,Limpopo,301.91577,290.0791,296.6237,2020
United Republic of Tanzania,Lindi,300.18506,297.06567,298.96896,2001
United Republic of Tanzania,Lindi,300.3291,297.42603,299.07205,2002
United Republic of Tanzania,Lindi,300.85132,297.1162,299.38718,2003
United Republic of Tanzania,Lindi,300.56055,297.18652,298.99948,2004
United Republic of Tanzania,Lindi,300.69434,297.2649,299.19565,2005
United Republic of Tanzania,Lindi,300.53345,297.4109,298.98276,2006
United Republic of Tanzania,Lindi,300.85205,297.75854,299.30914,2007
United Republic of Tanzania,Lindi,300.26855,297.2124,299.00784,2008
United Republic of Tanzania,Lindi,301.02026,297.3938,299.36075,2009
United Republic of Tanzania,Lindi,300.95825,297.52808,299.42917,2010
United Republic of Tanzania,Lindi,300.55957,297.6294,299.2233,2011
United Republic of Tanzania,Lindi,300.40942,297.47534,299.13776,2012
United Republic of Tanzania,Lindi,300.69824,297.29785,299.27283,2013
United Republic of Tanzania,Lindi,300.55835,297.81226,299.2565,2014
United Republic of Tanzania,Lindi,300.7622,297.85498,299.4814,2015
United Republic of Tanzania,Lindi,301.3733,297.4978,299.2945,2016
United Republic of Tanzania,Lindi,300.62183,297.9441,299.39505,2017
United Republic of Tanzania,Lindi,301.13867,298.0359,299.6475,2018
United Republic of Tanzania,Lindi,301.13867,298.0359,299.6475,2019
United Republic of Tanzania,Lindi,300.9121,297.542,299.5524,2020
Uganda,Lira,299.96948,295.23193,296.90402,2001
Uganda,Lira,301.29004,296.48926,297.6744,2002
Uganda,Lira,300.60913,295.16968,297.6191,2003
Uganda,Lira,300.59155,295.81177,297.48727,2004
Uganda,Lira,301.5166,295.57373,297.91132,2005
Uganda,Lira,300.38892,295.68823,297.17026,2006
Uganda,Lira,299.18604,295.2566,297.40274,2007
Uganda,Lira,299.9209,295.19092,297.11053,2008
Uganda,Lira,300.3496,296.6057,297.80084,2009
Uganda,Lira,299.0,295.65503,297.20374,2010
Uganda,Lira,300.25708,295.48877,297.12775,2011
Uganda,Lira,301.28662,295.22095,297.22696,2012
Uganda,Lira,299.4287,295.55566,297.03244,2013
Uganda,Lira,300.4729,295.36304,297.5716,2014
Uganda,Lira,301.29688,296.10718,297.72247,2015
Uganda,Lira,301.79712,296.24976,298.50803,2016
Uganda,Lira,301.02417,295.80444,298.0339,2017
Uganda,Lira,301.23462,295.4961,297.6771,2018
Uganda,Lira,301.23462,295.4961,297.6771,2019
Uganda,Lira,298.875,295.54785,296.92673,2020
Equatorial Guinea,Litoral,299.88428,297.16138,298.7362,2001
Equatorial Guinea,Litoral,300.11572,297.66235,299.00385,2002
Equatorial Guinea,Litoral,300.33398,298.00293,299.20505,2003
Equatorial Guinea,Litoral,300.20874,297.53442,298.99768,2004
Equatorial Guinea,Litoral,300.49976,297.31982,299.04837,2005
Equatorial Guinea,Litoral,300.3152,297.35815,299.05893,2006
Equatorial Guinea,Litoral,300.135,298.00464,299.09235,2007
Equatorial Guinea,Litoral,299.94434,297.71045,298.9349,2008
Equatorial Guinea,Litoral,300.09766,297.44946,299.03165,2009
Equatorial Guinea,Litoral,300.72583,297.4402,299.13162,2010
Equatorial Guinea,Litoral,300.3772,297.37085,298.88947,2011
Equatorial Guinea,Litoral,299.9546,297.77417,298.91006,2012
Equatorial Guinea,Litoral,300.42505,296.97998,298.86414,2013
Equatorial Guinea,Litoral,300.2141,297.06445,298.87677,2014
Equatorial Guinea,Litoral,300.0996,297.35693,298.92575,2015
Equatorial Guinea,Litoral,300.60767,297.93237,299.38678,2016
Equatorial Guinea,Litoral,300.4143,297.59155,299.2136,2017
Equatorial Guinea,Litoral,300.6128,298.20972,299.42435,2018
Equatorial Guinea,Litoral,300.6128,298.20972,299.42435,2019
Equatorial Guinea,Litoral,300.7932,298.2119,299.4479,2020
Benin,Littoral,301.14868,297.4641,299.564,2001
Cameroon,Littoral,299.96558,297.27075,298.98343,2001
Benin,Littoral,301.06714,297.74048,299.58035,2002
Cameroon,Littoral,300.12207,297.92798,299.20892,2002
Benin,Littoral,301.31445,298.12476,299.8382,2003
Cameroon,Littoral,300.56445,298.10645,299.4103,2003
Benin,Littoral,301.15015,297.82715,299.72653,2004
Cameroon,Littoral,300.60522,297.9463,299.36487,2004
Benin,Littoral,301.39746,297.70435,299.86655,2005
Cameroon,Littoral,300.96777,297.81763,299.50424,2005
Benin,Littoral,301.35107,297.8484,299.99725,2006
Cameroon,Littoral,300.39722,297.8308,299.4476,2006
Benin,Littoral,301.3401,298.24097,299.86758,2007
Cameroon,Littoral,300.77368,298.03198,299.34464,2007
Benin,Littoral,300.94434,298.26147,299.80844,2008
Cameroon,Littoral,300.3662,298.16553,299.3638,2008
Benin,Littoral,301.38867,298.011,299.97028,2009
Cameroon,Littoral,300.58398,298.12427,299.51505,2009
Benin,Littoral,301.94897,298.49292,300.37497,2010
Cameroon,Littoral,300.96216,298.2898,299.6956,2010
Benin,Littoral,301.3955,298.13525,299.93912,2011
Cameroon,Littoral,300.6123,297.90283,299.35934,2011
Benin,Littoral,301.29834,297.71753,299.82785,2012
Cameroon,Littoral,300.69873,298.00073,299.35114,2012
Benin,Littoral,301.5559,297.8252,299.88187,2013
Cameroon,Littoral,300.76465,297.68262,299.36707,2013
Benin,Littoral,301.1477,297.81226,299.86618,2014
Cameroon,Littoral,300.5393,297.8318,299.4562,2014
Benin,Littoral,301.1797,298.52295,299.90152,2015
Cameroon,Littoral,300.4414,298.16113,299.49625,2015
Benin,Littoral,301.73267,298.48315,300.24826,2016
Cameroon,Littoral,301.24146,298.37573,299.8837,2016
Benin,Littoral,301.49805,298.0359,300.12195,2017
Cameroon,Littoral,301.00293,298.12573,299.76486,2017
Benin,Littoral,301.82764,298.86328,300.36948,2018
Cameroon,Littoral,300.8921,298.40503,299.8638,2018
Benin,Littoral,301.82764,298.86328,300.36948,2019
Cameroon,Littoral,300.8921,298.40503,299.8638,2019
Benin,Littoral,301.74243,298.09277,300.22604,2020
Cameroon,Littoral,301.36743,298.57324,299.98874,2020
Central African Republic,Lobaye,299.2859,296.18506,297.5015,2001
Central African Republic,Lobaye,299.58496,296.40454,297.91302,2002
Central African Republic,Lobaye,300.74194,296.4734,298.14615,2003
Central African Republic,Lobaye,301.2185,296.31372,298.17038,2004
Central African Republic,Lobaye,301.37988,296.47778,298.314,2005
Central African Republic,Lobaye,300.1057,296.67065,297.98163,2006
Central African Republic,Lobaye,300.33252,296.1941,297.9439,2007
Central African Republic,Lobaye,299.43066,296.3474,297.79135,2008
Central African Republic,Lobaye,299.76953,296.8479,298.04337,2009
Central African Republic,Lobaye,300.49976,296.7859,298.2532,2010
Central African Republic,Lobaye,299.5498,296.52588,297.6362,2011
Central African Republic,Lobaye,299.687,296.34644,297.7613,2012
Central African Republic,Lobaye,299.87012,296.23535,297.77512,2013
Central African Republic,Lobaye,299.8147,296.39624,297.98648,2014
Central African Republic,Lobaye,300.21338,297.00854,298.03482,2015
Central African Republic,Lobaye,300.92114,296.91284,298.35,2016
Central African Republic,Lobaye,300.4209,296.59937,298.2769,2017
Central African Republic,Lobaye,300.69165,296.49976,298.42026,2018
Central African Republic,Lobaye,300.69165,296.49976,298.42026,2019
Central African Republic,Lobaye,301.125,296.6455,298.57794,2020
Liberia,Lofa,298.60425,295.34717,296.62878,2001
Liberia,Lofa,298.06348,295.80103,296.7343,2002
Liberia,Lofa,299.61694,295.3291,296.95914,2003
Liberia,Lofa,298.55835,295.50317,296.81277,2004
Liberia,Lofa,298.37793,295.3606,296.65854,2005
Liberia,Lofa,298.22876,295.46362,296.90887,2006
Liberia,Lofa,299.73657,295.1765,296.94766,2007
Liberia,Lofa,298.46582,295.12085,296.69257,2008
Liberia,Lofa,298.88184,295.20435,296.8881,2009
Liberia,Lofa,298.85522,295.42114,296.9482,2010
Liberia,Lofa,298.6692,295.4724,296.57712,2011
Liberia,Lofa,299.00317,294.88354,296.65762,2012
Liberia,Lofa,299.44043,295.14355,296.86023,2013
Liberia,Lofa,298.67993,295.2517,296.7459,2014
Liberia,Lofa,298.7129,295.97217,296.91452,2015
Liberia,Lofa,299.85962,295.71753,297.1755,2016
Liberia,Lofa,298.6858,296.07104,297.21,2017
Liberia,Lofa,299.88306,295.74878,297.52444,2018
Liberia,Lofa,299.88306,295.74878,297.52444,2019
Liberia,Lofa,299.67212,295.4756,297.4277,2020
Chad,Logone Occidental,305.66553,296.84692,300.26224,2001
Chad,Logone Occidental,306.24854,296.09277,300.7247,2002
Chad,Logone Occidental,305.50513,298.1057,300.81378,2003
Chad,Logone Occidental,305.5774,298.54224,300.66208,2004
Chad,Logone Occidental,306.406,298.1953,301.35257,2005
Chad,Logone Occidental,306.38623,297.05054,301.07162,2006
Chad,Logone Occidental,306.15405,297.81665,300.91592,2007
Chad,Logone Occidental,305.38184,298.11035,300.38803,2008
Chad,Logone Occidental,304.67383,298.29102,301.04678,2009
Chad,Logone Occidental,307.01685,297.43237,301.07742,2010
Chad,Logone Occidental,306.1018,296.65283,300.5524,2011
Chad,Logone Occidental,305.7544,297.13696,300.5046,2012
Chad,Logone Occidental,305.89844,298.09863,301.17517,2013
Chad,Logone Occidental,304.83618,298.22852,300.93912,2014
Chad,Logone Occidental,306.24023,296.51416,301.2241,2015
Chad,Logone Occidental,306.8479,297.55103,301.33176,2016
Chad,Logone Occidental,305.79102,298.6101,301.13187,2017
Chad,Logone Occidental,306.9546,297.75928,301.15692,2018
Chad,Logone Occidental,306.9546,297.75928,301.15692,2019
Chad,Logone Occidental,307.07715,297.19897,301.15216,2020
Chad,Logone Oriental,305.66553,296.84692,300.26224,2001
Chad,Logone Oriental,306.24854,296.09277,300.7247,2002
Chad,Logone Oriental,305.50513,298.1057,300.81378,2003
Chad,Logone Oriental,305.5774,298.54224,300.66208,2004
Chad,Logone Oriental,306.406,298.1953,301.35257,2005
Chad,Logone Oriental,306.38623,297.05054,301.07162,2006
Chad,Logone Oriental,306.15405,297.81665,300.91592,2007
Chad,Logone Oriental,305.38184,298.11035,300.38803,2008
Chad,Logone Oriental,304.67383,298.29102,301.04678,2009
Chad,Logone Oriental,307.01685,297.43237,301.07742,2010
Chad,Logone Oriental,306.1018,296.65283,300.5524,2011
Chad,Logone Oriental,305.7544,297.13696,300.5046,2012
Chad,Logone Oriental,305.89844,298.09863,301.17517,2013
Chad,Logone Oriental,304.83618,298.22852,300.93912,2014
Chad,Logone Oriental,306.24023,296.51416,301.2241,2015
Chad,Logone Oriental,306.8479,297.55103,301.33176,2016
Chad,Logone Oriental,305.79102,298.6101,301.13187,2017
Chad,Logone Oriental,306.9546,297.75928,301.15692,2018
Chad,Logone Oriental,306.9546,297.75928,301.15692,2019
Chad,Logone Oriental,307.07715,297.19897,301.15216,2020
Senegal,Louga,304.30566,298.46802,302.1698,2001
Senegal,Louga,304.1438,296.7334,301.8289,2002
Senegal,Louga,304.33984,297.7417,301.8006,2003
Senegal,Louga,305.1731,298.0332,302.11014,2004
Senegal,Louga,304.9619,297.15723,302.21634,2005
Senegal,Louga,304.9309,296.67993,302.06497,2006
Senegal,Louga,305.2202,298.4751,302.15158,2007
Senegal,Louga,305.02002,297.41113,302.39212,2008
Senegal,Louga,305.30884,296.06323,301.74307,2009
Senegal,Louga,305.14673,299.55664,302.68777,2010
Senegal,Louga,305.18774,298.31152,301.97443,2011
Senegal,Louga,304.63965,297.72974,301.77512,2012
Senegal,Louga,305.5276,297.4546,302.09396,2013
Senegal,Louga,304.85986,297.8943,302.01105,2014
Senegal,Louga,304.5537,297.88965,302.12888,2015
Senegal,Louga,305.3667,300.19995,302.4086,2016
Senegal,Louga,305.84668,297.5713,302.35437,2017
Senegal,Louga,304.10156,297.81396,301.8724,2018
Senegal,Louga,304.10156,297.81396,301.8724,2019
Senegal,Louga,305.20703,298.3396,302.70767,2020
Gambia,Lower River,303.5896,298.25903,301.3425,2001
Gambia,Lower River,304.84497,299.79858,302.1461,2002
Gambia,Lower River,304.70044,298.6421,301.43845,2003
Gambia,Lower River,304.0227,298.2539,301.44266,2004
Gambia,Lower River,305.39893,298.2168,302.02524,2005
Gambia,Lower River,304.14062,298.0525,301.63266,2006
Gambia,Lower River,304.2749,298.63696,301.52252,2007
Gambia,Lower River,305.0061,298.59863,301.7165,2008
Gambia,Lower River,304.66235,297.65308,301.60812,2009
Gambia,Lower River,305.85767,298.74414,302.0408,2010
Gambia,Lower River,305.11963,298.7622,301.8984,2011
Gambia,Lower River,305.30518,298.85864,301.99844,2012
Gambia,Lower River,305.76782,298.76123,302.09998,2013
Gambia,Lower River,304.89185,299.115,301.94547,2014
Gambia,Lower River,304.94995,298.17822,301.70718,2015
Gambia,Lower River,305.1062,299.4358,302.10245,2016
Gambia,Lower River,306.18555,298.63574,302.5469,2017
Gambia,Lower River,304.6499,297.94873,301.70282,2018
Gambia,Lower River,304.6499,297.94873,301.70282,2019
Gambia,Lower River,306.17285,299.1267,302.3112,2020
Angola,Luanda,300.35693,292.85864,297.15305,2001
Angola,Luanda,300.39526,293.65454,297.262,2002
Angola,Luanda,300.98828,293.90918,297.78415,2003
Angola,Luanda,299.63257,293.3938,297.09045,2004
Angola,Luanda,300.93262,292.99756,297.16083,2005
Angola,Luanda,300.6062,293.1023,297.1846,2006
Angola,Luanda,300.83032,294.22925,297.99796,2007
Angola,Luanda,300.0752,293.9956,297.51678,2008
Angola,Luanda,300.20117,294.3098,297.6677,2009
Angola,Luanda,300.10522,293.69214,297.50143,2010
Angola,Luanda,301.27832,293.14697,297.39304,2011
Angola,Luanda,300.0464,293.83472,297.32462,2012
Angola,Luanda,299.98535,293.40967,297.1838,2013
Angola,Luanda,300.42212,293.45898,297.41583,2014
Angola,Luanda,300.29102,292.91357,297.32907,2015
Angola,Luanda,300.94458,294.02222,297.98752,2016
Angola,Luanda,299.89087,293.4773,297.34006,2017
Angola,Luanda,300.9629,293.9441,297.99905,2018
Angola,Luanda,300.9629,293.9441,297.99905,2019
Angola,Luanda,300.8672,294.5498,298.30582,2020
Zambia,Luapula,297.75488,293.03442,295.03635,2001
Zambia,Luapula,298.33545,293.5498,295.19052,2002
Zambia,Luapula,298.47778,293.39233,295.4785,2003
Zambia,Luapula,298.01147,293.52026,295.08524,2004
Zambia,Luapula,298.79004,293.89404,295.87064,2005
Zambia,Luapula,298.84302,293.77124,295.2852,2006
Zambia,Luapula,298.73706,294.21313,295.64752,2007
Zambia,Luapula,298.6748,293.385,295.2147,2008
Zambia,Luapula,298.9419,293.44556,295.51944,2009
Zambia,Luapula,298.57593,294.364,295.8032,2010
Zambia,Luapula,298.229,294.03882,295.18585,2011
Zambia,Luapula,298.47485,293.95532,295.32037,2012
Zambia,Luapula,298.3723,293.8833,295.5132,2013
Zambia,Luapula,298.30127,294.3877,295.62546,2014
Zambia,Luapula,299.0027,294.32227,295.6437,2015
Zambia,Luapula,299.47803,293.78296,295.8801,2016
Zambia,Luapula,298.19116,294.31616,295.53665,2017
Zambia,Luapula,298.70728,293.4922,295.82,2018
Zambia,Luapula,298.70728,293.4922,295.82,2019
Zambia,Luapula,298.12012,293.51074,295.55222,2020
Swaziland,Lubombo,297.47803,289.92725,294.80017,2001
Swaziland,Lubombo,298.93066,290.5537,295.1137,2002
Swaziland,Lubombo,299.11108,290.53296,295.5594,2003
Swaziland,Lubombo,298.5547,289.75122,294.98596,2004
Swaziland,Lubombo,298.68945,290.97607,295.52493,2005
Swaziland,Lubombo,298.59595,290.25537,294.6429,2006
Swaziland,Lubombo,299.21143,290.64307,295.17746,2007
Swaziland,Lubombo,297.88184,290.92407,294.95038,2008
Swaziland,Lubombo,298.5144,289.98462,294.94016,2009
Swaziland,Lubombo,299.23608,291.38452,295.67722,2010
Swaziland,Lubombo,299.20215,289.7771,295.17868,2011
Swaziland,Lubombo,298.886,292.07056,295.29288,2012
Swaziland,Lubombo,298.37793,291.26123,294.9468,2013
Swaziland,Lubombo,298.62915,291.01562,294.99918,2014
Swaziland,Lubombo,299.95947,291.80835,296.09357,2015
Swaziland,Lubombo,299.34497,291.09546,295.87375,2016
Swaziland,Lubombo,298.23926,292.01465,294.967,2017
Swaziland,Lubombo,298.45337,291.85352,295.67108,2018
Swaziland,Lubombo,298.45337,291.85352,295.67108,2019
Swaziland,Lubombo,298.92798,290.4441,295.05597,2020
Angola,Lunda Norte,299.78442,295.8059,297.41525,2001
Angola,Lunda Norte,299.7068,296.2832,297.39334,2002
Angola,Lunda Norte,298.91895,296.78735,297.561,2003
Angola,Lunda Norte,298.87573,296.44556,297.54196,2004
Angola,Lunda Norte,298.81787,296.65894,297.6771,2005
Angola,Lunda Norte,299.01514,296.031,297.44208,2006
Angola,Lunda Norte,298.88232,296.54004,297.51602,2007
Angola,Lunda Norte,299.63574,296.7666,297.7357,2008
Angola,Lunda Norte,300.35083,296.21533,297.78165,2009
Angola,Lunda Norte,299.93237,296.5808,298.18387,2010
Angola,Lunda Norte,299.5044,296.4397,297.80582,2011
Angola,Lunda Norte,299.21362,296.59888,297.6503,2012
Angola,Lunda Norte,300.15723,296.75537,298.0746,2013
Angola,Lunda Norte,299.5127,296.8086,298.01968,2014
Angola,Lunda Norte,299.9995,296.8164,298.05093,2015
Angola,Lunda Norte,299.65503,297.39136,298.48965,2016
Angola,Lunda Norte,299.50024,297.09668,298.29724,2017
Angola,Lunda Norte,298.58472,297.11865,298.04984,2018
Angola,Lunda Norte,298.58472,297.11865,298.04984,2019
Angola,Lunda Norte,299.15918,297.13892,298.2617,2020
Angola,Lunda Sul,299.03833,294.14575,296.47482,2001
Angola,Lunda Sul,298.8689,295.10645,296.61908,2002
Angola,Lunda Sul,298.0088,295.50024,296.63376,2003
Angola,Lunda Sul,298.0791,295.31055,296.50827,2004
Angola,Lunda Sul,297.7339,295.59448,296.6872,2005
Angola,Lunda Sul,298.1206,294.82788,296.5933,2006
Angola,Lunda Sul,298.27417,295.33032,296.57916,2007
Angola,Lunda Sul,299.47363,295.46387,296.8257,2008
Angola,Lunda Sul,299.3645,295.23682,296.7548,2009
Angola,Lunda Sul,299.0437,295.2683,297.13034,2010
Angola,Lunda Sul,298.00244,295.2544,296.59293,2011
Angola,Lunda Sul,298.4773,295.29224,296.71832,2012
Angola,Lunda Sul,299.25098,295.31787,296.90256,2013
Angola,Lunda Sul,298.59937,295.77344,296.8675,2014
Angola,Lunda Sul,298.5913,295.6372,296.8771,2015
Angola,Lunda Sul,298.9812,296.37915,297.3277,2016
Angola,Lunda Sul,298.86206,295.8545,297.32297,2017
Angola,Lunda Sul,298.37915,295.58154,297.01694,2018
Angola,Lunda Sul,298.37915,295.58154,297.01694,2019
Angola,Lunda Sul,298.26465,295.83618,297.21808,2020
Zambia,Lusaka,300.917,291.375,296.28537,2001
Zambia,Lusaka,300.9253,292.4209,296.73398,2002
Zambia,Lusaka,301.6731,290.58765,296.27017,2003
Zambia,Lusaka,299.84155,291.0437,295.98727,2004
Zambia,Lusaka,301.2744,292.12646,297.2344,2005
Zambia,Lusaka,301.28638,291.87573,296.21454,2006
Zambia,Lusaka,300.1057,291.4773,296.1332,2007
Zambia,Lusaka,300.7478,291.38306,295.8726,2008
Zambia,Lusaka,300.45972,290.50024,295.6944,2009
Zambia,Lusaka,301.69116,291.31128,296.3481,2010
Zambia,Lusaka,300.83032,291.49194,296.31622,2011
Zambia,Lusaka,301.86914,291.8694,296.5095,2012
Zambia,Lusaka,301.89355,292.0327,296.91458,2013
Zambia,Lusaka,302.99683,292.62305,297.13083,2014
Zambia,Lusaka,301.9873,292.37476,296.95425,2015
Zambia,Lusaka,302.7339,292.15137,297.32184,2016
Zambia,Lusaka,301.55566,292.25757,296.28732,2017
Zambia,Lusaka,302.0017,292.47852,297.23798,2018
Zambia,Lusaka,302.0017,292.47852,297.23798,2019
Zambia,Lusaka,302.9436,291.59863,297.0895,2020
Uganda,Luuka,297.12378,294.7793,295.70804,2001
Uganda,Luuka,298.19043,295.58105,296.19135,2002
Uganda,Luuka,298.1189,295.0459,296.25046,2003
Uganda,Luuka,298.12085,295.40747,296.37512,2004
Uganda,Luuka,299.12012,295.36084,296.7497,2005
Uganda,Luuka,298.6018,295.43164,296.27264,2006
Uganda,Luuka,296.95923,295.2527,296.0507,2007
Uganda,Luuka,296.95215,294.8745,295.945,2008
Uganda,Luuka,298.2578,295.8413,296.49045,2009
Uganda,Luuka,297.15015,295.57886,296.29163,2010
Uganda,Luuka,297.66724,295.37158,296.15656,2011
Uganda,Luuka,298.53247,295.4065,296.32217,2012
Uganda,Luuka,297.56152,295.45215,296.16296,2013
Uganda,Luuka,298.3401,295.44507,296.50665,2014
Uganda,Luuka,299.58984,295.84863,296.8732,2015
Uganda,Luuka,299.39282,296.08105,297.3539,2016
Uganda,Luuka,299.65503,296.3064,297.33972,2017
Uganda,Luuka,299.05884,295.53906,296.75668,2018
Uganda,Luuka,299.05884,295.53906,296.75668,2019
Uganda,Luuka,297.7129,295.60254,296.37418,2020
Uganda,Luwero,295.94995,293.47266,294.59006,2001
Uganda,Luwero,296.87012,294.2627,294.9954,2002
Uganda,Luwero,297.1443,293.89233,295.20523,2003
Uganda,Luwero,296.96655,294.09497,295.24393,2004
Uganda,Luwero,297.85254,294.13232,295.52655,2005
Uganda,Luwero,297.18384,294.3335,295.15384,2006
Uganda,Luwero,296.23657,293.99097,295.14444,2007
Uganda,Luwero,295.93066,293.88623,294.90887,2008
Uganda,Luwero,297.14844,294.69556,295.49762,2009
Uganda,Luwero,296.20288,294.37183,295.25076,2010
Uganda,Luwero,296.55396,294.5454,295.1567,2011
Uganda,Luwero,297.90576,294.312,295.47418,2012
Uganda,Luwero,296.81543,294.417,295.25085,2013
Uganda,Luwero,298.0061,294.29468,295.67838,2014
Uganda,Luwero,298.2461,294.8435,295.8709,2015
Uganda,Luwero,298.5725,295.3855,296.39865,2016
Uganda,Luwero,298.05737,295.1599,296.0461,2017
Uganda,Luwero,297.57617,294.58594,295.64407,2018
Uganda,Luwero,297.57617,294.58594,295.64407,2019
Uganda,Luwero,296.97266,294.76855,295.49997,2020
Egypt,Luxor,306.177,287.81372,297.718,2001
Egypt,Luxor,307.14038,285.62598,298.1243,2002
Egypt,Luxor,305.82324,287.61304,297.7814,2003
Egypt,Luxor,305.9817,287.05078,297.9028,2004
Egypt,Luxor,306.38818,287.30664,297.94534,2005
Egypt,Luxor,306.40112,287.86304,297.83563,2006
Egypt,Luxor,305.87183,286.7854,297.80978,2007
Egypt,Luxor,306.1858,286.31543,298.21664,2008
Egypt,Luxor,306.6526,288.22534,297.9421,2009
Egypt,Luxor,307.3484,290.17578,299.8473,2010
Egypt,Luxor,306.54077,287.7588,297.58102,2011
Egypt,Luxor,306.81665,285.73267,298.2481,2012
Egypt,Luxor,306.50635,289.0249,298.5881,2013
Egypt,Luxor,307.0957,289.02124,299.03806,2014
Egypt,Luxor,308.44287,287.8545,298.7093,2015
Egypt,Luxor,307.94824,286.73657,298.9667,2016
Egypt,Luxor,307.09155,287.2605,298.1781,2017
Egypt,Luxor,306.98828,286.59717,298.36298,2018
Egypt,Luxor,306.98828,286.59717,298.36298,2019
Egypt,Luxor,306.7119,286.24194,298.37042,2020
Uganda,Lwengo,294.21167,292.7129,293.6628,2001
Uganda,Lwengo,295.27637,293.66016,294.11404,2002
Uganda,Lwengo,295.95483,293.53418,294.44025,2003
Uganda,Lwengo,296.21655,294.27466,294.895,2004
Uganda,Lwengo,296.55762,293.8921,294.79398,2005
Uganda,Lwengo,296.41235,293.94824,294.7728,2006
Uganda,Lwengo,295.42603,293.50854,294.39557,2007
Uganda,Lwengo,295.01855,293.66577,294.3664,2008
Uganda,Lwengo,296.51367,294.063,295.0554,2009
Uganda,Lwengo,295.39233,294.14722,294.67493,2010
Uganda,Lwengo,295.80005,293.7151,294.4443,2011
Uganda,Lwengo,295.8296,293.8413,294.4799,2012
Uganda,Lwengo,295.80957,293.8037,294.53146,2013
Uganda,Lwengo,296.4729,293.87598,294.8421,2014
Uganda,Lwengo,296.08643,294.1416,295.0734,2015
Uganda,Lwengo,296.77563,294.59058,295.4146,2016
Uganda,Lwengo,296.64136,294.53418,295.238,2017
Uganda,Lwengo,296.36353,294.19897,295.06903,2018
Uganda,Lwengo,296.36353,294.19897,295.06903,2019
Uganda,Lwengo,295.88184,294.44556,295.18033,2020
Uganda,Lyantonde,294.77026,292.76953,293.80618,2001
Uganda,Lyantonde,296.40137,293.8557,294.43143,2002
Uganda,Lyantonde,297.5642,293.8523,295.01968,2003
Uganda,Lyantonde,296.86108,294.3313,295.21692,2004
Uganda,Lyantonde,297.66504,294.25537,295.25604,2005
Uganda,Lyantonde,297.02563,294.15137,295.13657,2006
Uganda,Lyantonde,296.40454,293.87378,295.14816,2007
Uganda,Lyantonde,295.89624,294.0669,294.59637,2008
Uganda,Lyantonde,297.00977,294.10596,295.45236,2009
Uganda,Lyantonde,295.8982,294.45386,295.0338,2010
Uganda,Lyantonde,296.7102,293.80884,294.85806,2011
Uganda,Lyantonde,297.2085,293.95215,295.06046,2012
Uganda,Lyantonde,296.8037,294.21118,295.22775,2013
Uganda,Lyantonde,297.6819,294.19824,295.54294,2014
Uganda,Lyantonde,297.13525,294.333,295.72165,2015
Uganda,Lyantonde,298.31567,294.95215,296.03702,2016
Uganda,Lyantonde,297.69214,294.87915,295.96634,2017
Uganda,Lyantonde,297.5647,294.6892,295.60062,2018
Uganda,Lyantonde,297.5647,294.6892,295.60062,2019
Uganda,Lyantonde,296.85718,294.58813,295.6297,2020
Algeria,M'Sila,302.0249,279.5874,290.21457,2001
Algeria,M'Sila,300.82788,280.11816,290.06082,2002
Algeria,M'Sila,303.92554,279.12866,290.04343,2003
Algeria,M'Sila,301.71777,280.16992,289.34827,2004
Algeria,M'Sila,302.47998,277.53906,289.37747,2005
Algeria,M'Sila,301.36792,278.3401,290.1291,2006
Algeria,M'Sila,301.60815,280.15283,289.6563,2007
Algeria,M'Sila,302.42334,279.47437,289.68704,2008
Algeria,M'Sila,303.5432,279.66113,289.66412,2009
Algeria,M'Sila,301.71362,280.70776,289.5789,2010
Algeria,M'Sila,301.60205,280.20825,289.79117,2011
Algeria,M'Sila,303.30542,277.3645,290.28702,2012
Algeria,M'Sila,301.28467,279.01465,289.46115,2013
Algeria,M'Sila,301.8689,280.10156,290.44577,2014
Algeria,M'Sila,302.1709,279.1548,289.9479,2015
Algeria,M'Sila,301.07788,282.01782,290.357,2016
Algeria,M'Sila,302.61304,278.46948,290.42307,2017
Algeria,M'Sila,303.02148,278.89404,290.18118,2018
Algeria,M'Sila,303.02148,278.89404,290.18118,2019
Algeria,M'Sila,302.18457,280.39233,290.53595,2020
Eritrea,Maekel,300.37817,291.2473,296.85715,2001
Eritrea,Maekel,300.95483,291.69043,297.0284,2002
Eritrea,Maekel,300.44043,292.00146,296.99918,2003
Eritrea,Maekel,300.3938,292.26733,296.85086,2004
Eritrea,Maekel,300.48975,291.56836,296.76825,2005
Eritrea,Maekel,300.67725,292.63257,296.80374,2006
Eritrea,Maekel,300.34424,291.53735,296.62473,2007
Eritrea,Maekel,300.51318,292.21582,296.68036,2008
Eritrea,Maekel,301.68896,292.6316,297.34152,2009
Eritrea,Maekel,301.48608,292.1902,297.25955,2010
Eritrea,Maekel,300.57422,291.6787,296.45944,2011
Eritrea,Maekel,301.06006,291.96313,296.98624,2012
Eritrea,Maekel,301.00928,292.5171,297.27444,2013
Eritrea,Maekel,300.74512,292.86353,297.04196,2014
Eritrea,Maekel,301.05176,291.90723,297.50763,2015
Eritrea,Maekel,301.52832,292.0432,297.30246,2016
Eritrea,Maekel,301.57007,292.7744,297.55325,2017
Eritrea,Maekel,300.70312,293.44873,297.31415,2018
Eritrea,Maekel,300.70312,293.44873,297.31415,2019
Eritrea,Maekel,301.114,291.17163,297.0418,2020
Lesotho,Mafeteng,292.90747,278.2827,286.70023,2001
Lesotho,Mafeteng,291.89746,278.19702,286.6767,2002
Lesotho,Mafeteng,294.2932,278.59863,287.67657,2003
Lesotho,Mafeteng,294.11743,278.0227,287.34763,2004
Lesotho,Mafeteng,293.24805,280.64014,287.58432,2005
Lesotho,Mafeteng,293.0349,278.41748,286.55374,2006
Lesotho,Mafeteng,294.37354,278.98706,287.47598,2007
Lesotho,Mafeteng,294.23413,279.2964,287.5285,2008
Lesotho,Mafeteng,294.06055,277.53345,287.23166,2009
Lesotho,Mafeteng,292.7517,278.90015,287.672,2010
Lesotho,Mafeteng,291.9912,276.84546,286.46042,2011
Lesotho,Mafeteng,294.17603,278.72998,287.3967,2012
Lesotho,Mafeteng,294.64404,280.0337,287.8923,2013
Lesotho,Mafeteng,295.3474,278.6953,287.596,2014
Lesotho,Mafeteng,297.36377,279.90796,288.9274,2015
Lesotho,Mafeteng,295.29907,279.92358,288.6166,2016
Lesotho,Mafeteng,293.25073,281.18457,287.8967,2017
Lesotho,Mafeteng,295.34326,281.14648,289.0075,2018
Lesotho,Mafeteng,295.34326,281.14648,289.0075,2019
Lesotho,Mafeteng,293.35913,278.73315,287.3066,2020
Tunisia,Mahdia,299.4524,286.53784,292.7777,2001
Tunisia,Mahdia,299.1565,285.83496,292.6396,2002
Tunisia,Mahdia,301.32324,285.05444,293.03693,2003
Tunisia,Mahdia,299.97754,286.13477,292.6051,2004
Tunisia,Mahdia,299.34106,284.6963,292.17874,2005
Tunisia,Mahdia,300.03784,285.01587,292.793,2006
Tunisia,Mahdia,300.22144,287.29932,292.8127,2007
Tunisia,Mahdia,300.25366,286.1494,292.72397,2008
Tunisia,Mahdia,301.12036,285.38965,292.7398,2009
Tunisia,Mahdia,299.95776,286.99023,292.85867,2010
Tunisia,Mahdia,299.6626,285.54224,292.57468,2011
Tunisia,Mahdia,301.22144,283.6067,293.02853,2012
Tunisia,Mahdia,300.06152,285.42676,292.8464,2013
Tunisia,Mahdia,299.81738,287.13452,293.19025,2014
Tunisia,Mahdia,300.7163,285.31885,292.90558,2015
Tunisia,Mahdia,299.5398,287.1194,293.3355,2016
Tunisia,Mahdia,300.86987,285.1062,292.7847,2017
Tunisia,Mahdia,301.07495,285.18506,292.8931,2018
Tunisia,Mahdia,301.07495,285.18506,292.8931,2019
Tunisia,Mahdia,301.1787,286.38843,293.24185,2020
Burundi,Makamba,294.27417,291.85278,292.8386,2001
Burundi,Makamba,295.52393,292.0337,293.2369,2002
Burundi,Makamba,295.65698,292.26733,293.52164,2003
Burundi,Makamba,295.07397,292.46216,293.36746,2004
Burundi,Makamba,296.19995,292.66455,293.7264,2005
Burundi,Makamba,295.8977,292.22607,293.2352,2006
Burundi,Makamba,295.4734,292.02002,293.4156,2007
Burundi,Makamba,296.05762,291.93018,293.18393,2008
Burundi,Makamba,296.188,292.54102,293.58487,2009
Burundi,Makamba,295.4646,292.864,293.9033,2010
Burundi,Makamba,294.5415,292.6311,293.20358,2011
Burundi,Makamba,294.59985,292.42285,293.2989,2012
Burundi,Makamba,294.6377,292.6753,293.44748,2013
Burundi,Makamba,294.5642,292.7356,293.57355,2014
Burundi,Makamba,296.49487,292.79688,293.90427,2015
Burundi,Makamba,296.01685,293.33618,294.15958,2016
Burundi,Makamba,295.51343,293.0276,293.86267,2017
Burundi,Makamba,295.8733,293.26392,293.91782,2018
Burundi,Makamba,295.8733,293.26392,293.91782,2019
Burundi,Makamba,295.86572,293.28223,294.19724,2020
Angola,Malanje,300.35864,297.4292,298.68948,2001
Angola,Malanje,299.70532,297.13477,298.20047,2002
Angola,Malanje,300.32715,297.7854,298.7949,2003
Angola,Malanje,299.3506,297.5276,298.32336,2004
Angola,Malanje,300.35815,297.65308,298.5495,2005
Angola,Malanje,299.2046,297.03418,298.39325,2006
Angola,Malanje,299.5515,297.40918,298.4947,2007
Angola,Malanje,301.55957,296.86743,298.48862,2008
Angola,Malanje,301.3462,297.77148,298.95807,2009
Angola,Malanje,300.59106,297.84253,299.01053,2010
Angola,Malanje,300.9048,297.62402,298.91974,2011
Angola,Malanje,300.84204,297.6018,299.1192,2012
Angola,Malanje,300.67676,297.83545,299.147,2013
Angola,Malanje,300.8103,298.08325,299.32858,2014
Angola,Malanje,301.15308,298.2583,299.4103,2015
Angola,Malanje,300.79956,298.448,299.47598,2016
Angola,Malanje,300.6189,298.29004,299.49304,2017
Angola,Malanje,300.04517,298.1543,299.2562,2018
Angola,Malanje,300.04517,298.1543,299.2562,2019
Angola,Malanje,300.1084,298.08496,299.19757,2020
Central African Republic,Mambéré-Kadéï,299.03394,296.20264,297.57767,2001
Central African Republic,Mambéré-Kadéï,299.47144,296.38696,297.84418,2002
Central African Republic,Mambéré-Kadéï,300.87476,296.4756,298.20016,2003
Central African Republic,Mambéré-Kadéï,301.27905,296.30005,298.13522,2004
Central African Republic,Mambéré-Kadéï,301.78613,296.44653,298.43558,2005
Central African Republic,Mambéré-Kadéï,300.71313,296.5808,298.06888,2006
Central African Republic,Mambéré-Kadéï,300.6233,296.27612,297.9527,2007
Central African Republic,Mambéré-Kadéï,299.86816,296.29077,297.76175,2008
Central African Republic,Mambéré-Kadéï,300.4004,296.9192,298.1669,2009
Central African Republic,Mambéré-Kadéï,300.6599,296.73706,298.2532,2010
Central African Republic,Mambéré-Kadéï,300.1416,296.33252,297.64957,2011
Central African Republic,Mambéré-Kadéï,300.4546,296.2234,297.725,2012
Central African Republic,Mambéré-Kadéï,300.1709,296.1338,297.8018,2013
Central African Republic,Mambéré-Kadéï,300.01392,296.3396,298.0568,2014
Central African Republic,Mambéré-Kadéï,300.71338,296.52588,298.08054,2015
Central African Republic,Mambéré-Kadéï,300.54126,296.86792,298.31564,2016
Central African Republic,Mambéré-Kadéï,300.9944,296.57593,298.34348,2017
Central African Republic,Mambéré-Kadéï,300.70312,296.37866,298.47366,2018
Central African Republic,Mambéré-Kadéï,300.70312,296.37866,298.47366,2019
Central African Republic,Mambéré-Kadéï,301.0315,296.59277,298.47443,2020
Guinea,Mamou,301.6128,296.14014,297.96,2001
Guinea,Mamou,301.7876,296.1526,298.1793,2002
Guinea,Mamou,301.677,295.77246,297.92755,2003
Guinea,Mamou,301.06958,295.81958,298.06784,2004
Guinea,Mamou,301.45288,296.31958,298.01825,2005
Guinea,Mamou,300.771,296.28955,297.94907,2006
Guinea,Mamou,301.615,296.08472,297.98297,2007
Guinea,Mamou,301.13525,295.7849,297.7155,2008
Guinea,Mamou,301.7129,295.77612,297.80948,2009
Guinea,Mamou,301.46216,296.0227,298.14627,2010
Guinea,Mamou,300.87598,296.16064,297.91568,2011
Guinea,Mamou,301.05713,295.7024,297.58224,2012
Guinea,Mamou,301.58716,295.79004,297.8633,2013
Guinea,Mamou,302.13208,295.90405,297.8517,2014
Guinea,Mamou,301.0918,295.7583,297.86636,2015
Guinea,Mamou,301.86743,296.50757,298.2857,2016
Guinea,Mamou,302.33594,296.46753,298.35535,2017
Guinea,Mamou,301.72607,296.36206,298.49628,2018
Guinea,Mamou,301.72607,296.36206,298.49628,2019
Guinea,Mamou,301.7151,296.45605,298.74542,2020
Uganda,Manafwa,297.09448,294.79688,295.86917,2001
Uganda,Manafwa,298.82715,295.47363,296.32156,2002
Uganda,Manafwa,298.17944,295.15405,296.4344,2003
Uganda,Manafwa,298.615,295.4851,296.5898,2004
Uganda,Manafwa,299.59082,295.4077,297.15042,2005
Uganda,Manafwa,298.8225,295.31445,296.30487,2006
Uganda,Manafwa,297.4536,295.00073,296.12003,2007
Uganda,Manafwa,297.60254,294.88818,296.0591,2008
Uganda,Manafwa,298.7793,295.50928,296.59885,2009
Uganda,Manafwa,297.03516,295.30737,296.1948,2010
Uganda,Manafwa,297.88403,295.5354,296.34323,2011
Uganda,Manafwa,298.2827,295.40186,296.246,2012
Uganda,Manafwa,298.3584,295.47168,296.42664,2013
Uganda,Manafwa,298.6858,295.69507,296.7607,2014
Uganda,Manafwa,298.41602,295.5957,296.4189,2015
Uganda,Manafwa,298.8518,295.68262,297.0129,2016
Uganda,Manafwa,298.83667,296.18726,297.28128,2017
Uganda,Manafwa,299.35767,295.31445,296.76547,2018
Uganda,Manafwa,299.35767,295.31445,296.76547,2019
Uganda,Manafwa,296.72046,295.333,295.87643,2020
Chad,Mandoul,306.4077,297.7356,300.74353,2001
Chad,Mandoul,306.74072,296.81152,300.97357,2002
Chad,Mandoul,306.1399,298.20215,301.14743,2003
Chad,Mandoul,306.13403,298.64355,300.98938,2004
Chad,Mandoul,306.55835,298.6953,301.59164,2005
Chad,Mandoul,306.49756,297.3767,301.3459,2006
Chad,Mandoul,306.1521,298.14087,301.11514,2007
Chad,Mandoul,305.70996,298.3103,300.6815,2008
Chad,Mandoul,305.1328,298.67578,301.33942,2009
Chad,Mandoul,306.91333,297.79565,301.21902,2010
Chad,Mandoul,306.6975,297.14502,300.81573,2011
Chad,Mandoul,306.03955,297.80298,300.85245,2012
Chad,Mandoul,306.14844,298.08887,301.41882,2013
Chad,Mandoul,305.04126,298.365,301.24283,2014
Chad,Mandoul,306.65625,297.4712,301.6463,2015
Chad,Mandoul,307.21118,298.39282,301.73068,2016
Chad,Mandoul,306.4961,298.80347,301.7419,2017
Chad,Mandoul,307.64795,297.7788,301.43588,2018
Chad,Mandoul,307.64795,297.7788,301.43588,2019
Chad,Mandoul,306.93652,297.52515,301.22995,2020
Mozambique,Manica,303.95215,293.85938,298.4574,2001
Mozambique,Manica,301.6892,294.94824,299.03592,2002
Mozambique,Manica,302.92114,293.35327,298.62515,2003
Mozambique,Manica,302.3518,294.17456,298.56326,2004
Mozambique,Manica,303.2876,294.4878,299.56985,2005
Mozambique,Manica,302.3728,294.59058,299.04965,2006
Mozambique,Manica,302.97363,294.21362,298.878,2007
Mozambique,Manica,303.7661,294.17334,298.4958,2008
Mozambique,Manica,302.33057,293.32837,298.68546,2009
Mozambique,Manica,303.23047,294.12183,299.00696,2010
Mozambique,Manica,302.48096,293.83374,299.13718,2011
Mozambique,Manica,302.26562,294.08813,298.63483,2012
Mozambique,Manica,303.66504,293.937,298.61935,2013
Mozambique,Manica,302.8816,295.01172,298.91583,2014
Mozambique,Manica,303.52637,294.92554,299.19904,2015
Mozambique,Manica,303.69092,294.7334,300.14264,2016
Mozambique,Manica,302.6123,295.39624,298.95398,2017
Mozambique,Manica,303.55713,294.7422,299.3387,2018
Mozambique,Manica,303.55713,294.7422,299.3387,2019
Mozambique,Manica,305.45142,294.3877,299.62515,2020
Zimbabwe,Manicaland,299.292,290.3047,295.322,2001
Zimbabwe,Manicaland,298.57324,291.15137,295.6972,2002
Zimbabwe,Manicaland,299.0735,289.62085,295.37286,2003
Zimbabwe,Manicaland,298.9297,290.5437,295.19153,2004
Zimbabwe,Manicaland,299.21533,290.42725,295.81284,2005
Zimbabwe,Manicaland,299.60327,290.4558,295.41376,2006
Zimbabwe,Manicaland,299.02832,290.59644,295.6545,2007
Zimbabwe,Manicaland,299.94385,290.1311,295.15952,2008
Zimbabwe,Manicaland,299.23047,289.5061,295.05167,2009
Zimbabwe,Manicaland,299.96484,290.84253,295.7672,2010
Zimbabwe,Manicaland,299.04126,290.3982,295.5864,2011
Zimbabwe,Manicaland,298.44946,290.094,295.35065,2012
Zimbabwe,Manicaland,299.42285,289.95068,295.09558,2013
Zimbabwe,Manicaland,299.0808,290.70117,295.29,2014
Zimbabwe,Manicaland,299.92236,291.0564,295.77457,2015
Zimbabwe,Manicaland,300.2024,290.8545,296.3622,2016
Zimbabwe,Manicaland,298.78027,291.29858,295.3661,2017
Zimbabwe,Manicaland,299.65796,290.83203,295.93442,2018
Zimbabwe,Manicaland,299.65796,290.83203,295.93442,2019
Zimbabwe,Manicaland,301.09204,290.3623,295.8032,2020
Democratic Republic of the Congo,Maniema,297.4187,296.2085,296.8337,2001
Democratic Republic of the Congo,Maniema,298.49902,296.33936,297.1915,2002
Democratic Republic of the Congo,Maniema,298.72827,296.3562,297.2275,2003
Democratic Republic of the Congo,Maniema,298.3025,296.5498,297.25223,2004
Democratic Republic of the Congo,Maniema,299.94238,296.43066,297.49905,2005
Democratic Republic of the Congo,Maniema,298.01196,296.34668,297.154,2006
Democratic Republic of the Congo,Maniema,298.6936,296.36548,297.3132,2007
Democratic Republic of the Congo,Maniema,298.20605,296.38452,297.11786,2008
Democratic Republic of the Congo,Maniema,298.22852,296.88135,297.27414,2009
Democratic Republic of the Congo,Maniema,298.5935,296.96167,297.67038,2010
Democratic Republic of the Congo,Maniema,298.1377,296.64868,297.409,2011
Democratic Republic of the Congo,Maniema,298.55103,296.5276,297.43414,2012
Democratic Republic of the Congo,Maniema,298.8584,296.9795,297.88367,2013
Democratic Republic of the Congo,Maniema,299.2151,296.8916,297.80435,2014
Democratic Republic of the Congo,Maniema,298.90918,297.32007,297.99704,2015
Democratic Republic of the Congo,Maniema,300.09888,297.38403,298.32443,2016
Democratic Republic of the Congo,Maniema,298.81714,297.12573,297.97058,2017
Democratic Republic of the Congo,Maniema,299.57764,297.44897,298.3311,2018
Democratic Republic of the Congo,Maniema,299.57764,297.44897,298.3311,2019
Democratic Republic of the Congo,Maniema,299.67773,297.5354,298.33835,2020
Tunisia,Manouba,299.9348,285.864,292.605,2001
Tunisia,Manouba,299.61353,284.8037,292.3206,2002
Tunisia,Manouba,302.31738,284.14038,292.73322,2003
Tunisia,Manouba,300.76855,285.73242,292.11975,2004
Tunisia,Manouba,300.16943,283.65137,291.99692,2005
Tunisia,Manouba,300.21558,284.3108,292.61136,2006
Tunisia,Manouba,299.90112,286.68018,292.5274,2007
Tunisia,Manouba,300.21265,285.95215,292.425,2008
Tunisia,Manouba,300.927,284.72754,292.3884,2009
Tunisia,Manouba,300.0652,286.30664,292.44495,2010
Tunisia,Manouba,300.2185,285.15356,292.48468,2011
Tunisia,Manouba,301.5476,283.28247,292.86398,2012
Tunisia,Manouba,300.01855,284.53223,292.446,2013
Tunisia,Manouba,300.26538,286.48608,292.96353,2014
Tunisia,Manouba,300.88184,284.70557,292.75616,2015
Tunisia,Manouba,299.71265,286.65454,292.84332,2016
Tunisia,Manouba,301.34937,284.15894,292.40988,2017
Tunisia,Manouba,301.51636,284.97217,292.52884,2018
Tunisia,Manouba,301.51636,284.97217,292.52884,2019
Tunisia,Manouba,301.4834,286.1267,292.7394,2020
United Republic of Tanzania,Manyara,297.69092,291.1792,295.03113,2001
United Republic of Tanzania,Manyara,297.83105,292.21704,295.09857,2002
United Republic of Tanzania,Manyara,298.88892,291.32593,295.83575,2003
United Republic of Tanzania,Manyara,297.82617,292.22974,295.68323,2004
United Republic of Tanzania,Manyara,298.99316,292.021,296.07147,2005
United Republic of Tanzania,Manyara,299.36548,292.198,295.51566,2006
United Republic of Tanzania,Manyara,297.56104,292.45386,295.58536,2007
United Republic of Tanzania,Manyara,298.13965,291.3335,295.28323,2008
United Republic of Tanzania,Manyara,298.91602,292.39478,296.07004,2009
United Republic of Tanzania,Manyara,298.02905,291.823,295.44852,2010
United Republic of Tanzania,Manyara,298.4536,292.47827,295.88263,2011
United Republic of Tanzania,Manyara,299.63892,292.58032,296.2735,2012
United Republic of Tanzania,Manyara,298.83496,292.00928,295.71,2013
United Republic of Tanzania,Manyara,298.88452,292.21094,295.57437,2014
United Republic of Tanzania,Manyara,298.8911,292.56543,295.9842,2015
United Republic of Tanzania,Manyara,299.67407,291.8357,295.78586,2016
United Republic of Tanzania,Manyara,298.9558,292.63452,296.1721,2017
United Republic of Tanzania,Manyara,299.77148,292.57422,295.99368,2018
United Republic of Tanzania,Manyara,299.77148,292.57422,295.99368,2019
United Republic of Tanzania,Manyara,297.47876,291.99707,295.41193,2020
Swaziland,Manzini,296.146,287.64014,293.06677,2001
Swaziland,Manzini,297.30566,288.24,293.20535,2002
Swaziland,Manzini,298.2483,288.39233,293.97556,2003
Swaziland,Manzini,297.20508,287.41724,293.1948,2004
Swaziland,Manzini,297.0752,288.82568,293.59344,2005
Swaziland,Manzini,297.14478,287.84912,292.88577,2006
Swaziland,Manzini,297.28564,288.1726,293.19327,2007
Swaziland,Manzini,296.3916,288.6604,293.12747,2008
Swaziland,Manzini,297.19995,287.6194,293.24078,2009
Swaziland,Manzini,297.62476,288.42163,293.6948,2010
Swaziland,Manzini,297.3916,287.54077,293.23972,2011
Swaziland,Manzini,297.5188,289.54248,293.49762,2012
Swaziland,Manzini,296.7334,289.25537,293.02185,2013
Swaziland,Manzini,297.10132,288.1172,293.07047,2014
Swaziland,Manzini,298.54736,289.62085,294.45456,2015
Swaziland,Manzini,298.2395,289.2556,294.24957,2016
Swaziland,Manzini,296.7334,289.80762,293.2494,2017
Swaziland,Manzini,297.0647,289.2422,293.8602,2018
Swaziland,Manzini,297.0647,289.2422,293.8602,2019
Swaziland,Manzini,297.45728,288.1433,293.23126,2020
Mozambique,Maputo,298.7444,293.9546,296.4452,2001
Mozambique,Maputo,298.68628,293.85718,296.25873,2002
Mozambique,Maputo,299.45483,293.37866,296.18668,2003
Mozambique,Maputo,298.90015,293.39575,296.41873,2004
Mozambique,Maputo,299.49805,293.87646,296.53647,2005
Mozambique,Maputo,299.52173,293.82178,296.34476,2006
Mozambique,Maputo,299.23096,293.70972,296.46408,2007
Mozambique,Maputo,298.8545,293.97412,296.153,2008
Mozambique,Maputo,299.13354,293.26587,296.23068,2009
Mozambique,Maputo,299.42358,293.77612,296.61877,2010
Mozambique,Maputo,299.18652,292.47827,296.1857,2011
Mozambique,Maputo,299.04224,293.89917,296.3127,2012
Mozambique,Maputo,298.9463,293.81982,296.22757,2013
Mozambique,Maputo,299.37524,293.7246,296.48972,2014
Mozambique,Maputo,298.90674,294.50293,296.76886,2015
Mozambique,Maputo,299.43774,293.66577,296.67374,2016
Mozambique,Maputo,299.4834,294.08276,296.39993,2017
Mozambique,Maputo,299.0996,294.42798,296.69012,2018
Mozambique,Maputo,299.0996,294.42798,296.69012,2019
Mozambique,Maputo,299.6836,293.7373,296.5944,2020
United Republic of Tanzania,Mara,297.08374,294.76294,296.22644,2001
United Republic of Tanzania,Mara,297.78955,295.49707,296.45615,2002
United Republic of Tanzania,Mara,297.79028,296.09546,296.82843,2003
United Republic of Tanzania,Mara,297.69702,295.89844,296.71042,2004
United Republic of Tanzania,Mara,298.3252,296.31982,297.08807,2005
United Republic of Tanzania,Mara,297.9182,294.91577,296.58188,2006
United Republic of Tanzania,Mara,297.23462,295.78735,296.51456,2007
United Republic of Tanzania,Mara,297.22632,295.92822,296.40823,2008
United Republic of Tanzania,Mara,297.75635,295.67188,296.75153,2009
United Republic of Tanzania,Mara,297.10132,295.93237,296.74655,2010
United Republic of Tanzania,Mara,297.10278,295.1936,296.32565,2011
United Republic of Tanzania,Mara,297.8042,295.5149,296.3842,2012
United Republic of Tanzania,Mara,296.87988,295.63428,296.36398,2013
United Republic of Tanzania,Mara,297.1223,296.17285,296.53415,2014
United Republic of Tanzania,Mara,298.2683,295.542,296.83902,2015
United Republic of Tanzania,Mara,298.74634,296.45532,297.25543,2016
United Republic of Tanzania,Mara,298.02246,296.24707,297.31906,2017
United Republic of Tanzania,Mara,298.55884,295.32568,296.9678,2018
United Republic of Tanzania,Mara,298.55884,295.32568,296.9678,2019
United Republic of Tanzania,Mara,296.94775,295.7815,296.45294,2020
Uganda,Maracha,299.20386,294.77466,296.5049,2001
Uganda,Maracha,300.2959,295.23462,296.7076,2002
Uganda,Maracha,300.06616,294.79004,296.77457,2003
Uganda,Maracha,299.83374,294.80762,296.8004,2004
Uganda,Maracha,301.37402,294.9585,297.16132,2005
Uganda,Maracha,299.73657,294.948,296.61298,2006
Uganda,Maracha,299.01782,294.60034,296.7354,2007
Uganda,Maracha,298.55054,294.69092,296.53452,2008
Uganda,Maracha,299.0088,295.6223,297.0217,2009
Uganda,Maracha,298.82227,295.15894,296.77454,2010
Uganda,Maracha,299.81958,294.82275,296.6751,2011
Uganda,Maracha,299.77295,294.3401,296.70352,2012
Uganda,Maracha,299.07568,294.65723,296.53015,2013
Uganda,Maracha,300.40454,294.7185,297.12482,2014
Uganda,Maracha,301.08838,295.656,297.33054,2015
Uganda,Maracha,301.56763,295.21655,297.5816,2016
Uganda,Maracha,300.32495,295.07202,297.43655,2017
Uganda,Maracha,300.6936,294.95776,297.15335,2018
Uganda,Maracha,300.6936,294.95776,297.15335,2019
Uganda,Maracha,299.31836,294.88965,296.8571,2020
Niger,Maradi,306.5017,292.85083,300.69162,2001
Niger,Maradi,306.927,292.04004,301.00107,2002
Niger,Maradi,305.89966,294.48267,301.10397,2003
Niger,Maradi,306.69458,294.89844,301.4723,2004
Niger,Maradi,305.98096,293.35547,301.5269,2005
Niger,Maradi,306.125,292.9939,301.1667,2006
Niger,Maradi,306.6167,292.4729,301.09756,2007
Niger,Maradi,306.25024,291.3369,300.61508,2008
Niger,Maradi,306.51562,295.84375,301.88922,2009
Niger,Maradi,307.39478,295.01245,301.9093,2010
Niger,Maradi,306.20166,293.68652,301.51266,2011
Niger,Maradi,306.4712,293.70142,301.25348,2012
Niger,Maradi,306.51782,295.31592,301.71423,2013
Niger,Maradi,306.11816,294.99023,301.45865,2014
Niger,Maradi,307.12573,292.09814,301.01187,2015
Niger,Maradi,306.81323,293.45337,301.85422,2016
Niger,Maradi,306.67407,295.0359,300.95804,2017
Niger,Maradi,306.77563,294.04443,301.466,2018
Niger,Maradi,306.77563,294.04443,301.466,2019
Niger,Maradi,307.22656,293.52124,301.13278,2020
Liberia,Margibi,299.57886,296.61987,297.91736,2001
Liberia,Margibi,299.30762,296.8186,298.0185,2002
Liberia,Margibi,299.70312,296.67358,298.17706,2003
Liberia,Margibi,299.5017,296.77832,298.19006,2004
Liberia,Margibi,299.34668,296.85474,298.14993,2005
Liberia,Margibi,299.1814,296.8523,298.2181,2006
Liberia,Margibi,299.84595,296.56323,298.2382,2007
Liberia,Margibi,299.4287,296.61865,298.11508,2008
Liberia,Margibi,299.23438,296.42505,298.19244,2009
Liberia,Margibi,299.92944,296.80347,298.3123,2010
Liberia,Margibi,299.2727,296.9021,298.07663,2011
Liberia,Margibi,299.56006,296.33472,298.01862,2012
Liberia,Margibi,300.16895,296.62793,298.22937,2013
Liberia,Margibi,298.9602,296.75952,298.04196,2014
Liberia,Margibi,299.5547,297.32373,298.3094,2015
Liberia,Margibi,300.58228,297.23706,298.73834,2016
Liberia,Margibi,300.0586,297.48608,298.74387,2017
Liberia,Margibi,300.7539,297.11987,298.91245,2018
Liberia,Margibi,300.7539,297.11987,298.91245,2019
Liberia,Margibi,301.14648,297.06152,298.96173,2020
Togo,Maritime,301.9558,297.35474,299.75735,2001
Togo,Maritime,301.93066,297.72095,299.68842,2002
Togo,Maritime,302.28516,298.1416,299.9124,2003
Togo,Maritime,301.98413,297.88184,299.85916,2004
Togo,Maritime,302.44043,297.80005,300.0179,2005
Togo,Maritime,301.9807,297.64136,300.0246,2006
Togo,Maritime,302.5979,298.07886,299.99664,2007
Togo,Maritime,301.93848,298.22632,299.99286,2008
Togo,Maritime,302.15332,298.3684,300.294,2009
Togo,Maritime,303.07202,298.82495,300.72214,2010
Togo,Maritime,301.93262,298.21924,300.16373,2011
Togo,Maritime,302.1831,297.86792,299.95645,2012
Togo,Maritime,302.44043,298.06348,300.19797,2013
Togo,Maritime,301.79712,297.75366,300.06378,2014
Togo,Maritime,301.99268,298.7085,300.20035,2015
Togo,Maritime,303.0481,298.57886,300.6332,2016
Togo,Maritime,302.42676,298.17065,300.46603,2017
Togo,Maritime,302.69165,298.9568,300.67206,2018
Togo,Maritime,302.69165,298.9568,300.67206,2019
Togo,Maritime,303.0547,298.60645,300.64777,2020
Morocco,Marrakech - Tensift - Al Haouz,294.51855,289.07104,291.5134,2001
Morocco,Marrakech - Tensift - Al Haouz,293.6538,289.37402,291.24228,2002
Morocco,Marrakech - Tensift - Al Haouz,294.3623,288.6306,291.3976,2003
Morocco,Marrakech - Tensift - Al Haouz,294.88184,288.6582,291.29587,2004
Morocco,Marrakech - Tensift - Al Haouz,294.13013,287.2041,290.95526,2005
Morocco,Marrakech - Tensift - Al Haouz,294.86182,287.96704,291.5521,2006
Morocco,Marrakech - Tensift - Al Haouz,293.6355,288.69556,291.0925,2007
Morocco,Marrakech - Tensift - Al Haouz,293.46582,288.30054,291.09378,2008
Morocco,Marrakech - Tensift - Al Haouz,294.27368,287.66675,291.4361,2009
Morocco,Marrakech - Tensift - Al Haouz,294.948,289.8457,291.94495,2010
Morocco,Marrakech - Tensift - Al Haouz,293.61328,288.9673,291.5988,2011
Morocco,Marrakech - Tensift - Al Haouz,294.21704,286.9348,291.12555,2012
Morocco,Marrakech - Tensift - Al Haouz,294.4834,288.2881,291.2515,2013
Morocco,Marrakech - Tensift - Al Haouz,294.3369,288.1565,291.39175,2014
Morocco,Marrakech - Tensift - Al Haouz,294.16895,287.31494,291.36246,2015
Morocco,Marrakech - Tensift - Al Haouz,294.21362,288.25024,291.43527,2016
Morocco,Marrakech - Tensift - Al Haouz,293.98706,288.80542,291.3425,2017
Morocco,Marrakech - Tensift - Al Haouz,293.14282,288.4839,290.8239,2018
Morocco,Marrakech - Tensift - Al Haouz,293.14282,288.4839,290.8239,2019
Morocco,Marrakech - Tensift - Al Haouz,293.2881,288.6599,291.37302,2020
Liberia,Maryland,299.66357,297.59253,298.5925,2001
Liberia,Maryland,299.9165,297.71704,298.8206,2002
Liberia,Maryland,299.93945,297.90137,298.9479,2003
Liberia,Maryland,299.9353,297.68872,298.87024,2004
Liberia,Maryland,300.16968,297.6848,299.01224,2005
Liberia,Maryland,299.85425,297.8894,298.92303,2006
Liberia,Maryland,299.89038,297.71167,298.97385,2007
Liberia,Maryland,299.77002,298.05835,299.01874,2008
Liberia,Maryland,299.9707,297.65454,298.86594,2009
Liberia,Maryland,300.44458,298.0476,299.1754,2010
Liberia,Maryland,299.80957,297.81885,298.8631,2011
Liberia,Maryland,299.55225,297.7605,298.72287,2012
Liberia,Maryland,300.2141,297.49902,298.91818,2013
Liberia,Maryland,299.90747,297.73608,298.84064,2014
Liberia,Maryland,299.9922,297.8706,298.972,2015
Liberia,Maryland,300.50024,298.11597,299.34903,2016
Liberia,Maryland,300.33984,297.96362,299.19992,2017
Liberia,Maryland,300.48193,298.15503,299.42123,2018
Liberia,Maryland,300.48193,298.15503,299.42123,2019
Liberia,Maryland,300.74023,298.02637,299.41876,2020
Uganda,Masaka,295.06714,293.66602,294.41345,2001
Uganda,Masaka,295.90723,294.45117,294.83505,2002
Uganda,Masaka,296.91577,294.26074,295.18048,2003
Uganda,Masaka,296.49194,294.7141,295.4067,2004
Uganda,Masaka,297.47168,294.84717,295.68475,2005
Uganda,Masaka,296.70532,294.47168,295.1937,2006
Uganda,Masaka,296.4807,294.33667,295.41623,2007
Uganda,Masaka,295.94116,294.40405,295.14227,2008
Uganda,Masaka,296.78125,294.93604,295.47922,2009
Uganda,Masaka,296.1892,294.60815,295.22034,2010
Uganda,Masaka,296.09106,294.385,294.936,2011
Uganda,Masaka,296.66235,294.30493,295.1664,2012
Uganda,Masaka,296.60645,294.7256,295.41605,2013
Uganda,Masaka,297.22876,294.73608,295.54196,2014
Uganda,Masaka,297.01465,294.67676,295.71808,2015
Uganda,Masaka,297.8479,295.52954,296.1646,2016
Uganda,Masaka,297.2234,295.14673,295.9893,2017
Uganda,Masaka,297.1643,294.8689,295.62567,2018
Uganda,Masaka,297.1643,294.8689,295.62567,2019
Uganda,Masaka,296.89453,294.97485,295.6647,2020
Algeria,Mascara,301.91138,283.66748,292.44714,2001
Algeria,Mascara,299.36304,283.74512,291.82953,2002
Algeria,Mascara,302.48218,283.31982,292.19205,2003
Algeria,Mascara,301.81738,284.02148,291.57483,2004
Algeria,Mascara,301.48584,280.64062,291.13528,2005
Algeria,Mascara,302.45776,282.45337,292.42776,2006
Algeria,Mascara,301.19604,283.6018,291.3129,2007
Algeria,Mascara,301.7068,283.32397,291.78436,2008
Algeria,Mascara,302.83813,284.00073,292.43073,2009
Algeria,Mascara,302.18237,285.43164,292.2947,2010
Algeria,Mascara,302.37744,283.86646,292.29245,2011
Algeria,Mascara,303.43042,281.0774,291.93756,2012
Algeria,Mascara,300.6338,283.60254,291.2826,2013
Algeria,Mascara,301.01733,284.08594,292.38766,2014
Algeria,Mascara,303.0205,282.833,292.30548,2015
Algeria,Mascara,301.60913,285.25073,292.5305,2016
Algeria,Mascara,302.2693,282.53003,292.67337,2017
Algeria,Mascara,301.66797,282.64404,291.99008,2018
Algeria,Mascara,301.66797,282.64404,291.99008,2019
Algeria,Mascara,302.7666,282.6599,292.83493,2020
Lesotho,Maseru,292.90747,278.2827,286.70023,2001
Lesotho,Maseru,291.89746,278.19702,286.6767,2002
Lesotho,Maseru,294.2932,278.59863,287.67657,2003
Lesotho,Maseru,294.11743,278.0227,287.34763,2004
Lesotho,Maseru,293.24805,280.64014,287.58432,2005
Lesotho,Maseru,293.0349,278.41748,286.55374,2006
Lesotho,Maseru,294.37354,278.98706,287.47598,2007
Lesotho,Maseru,294.23413,279.2964,287.5285,2008
Lesotho,Maseru,294.06055,277.53345,287.23166,2009
Lesotho,Maseru,292.7517,278.90015,287.672,2010
Lesotho,Maseru,291.9912,276.84546,286.46042,2011
Lesotho,Maseru,294.17603,278.72998,287.3967,2012
Lesotho,Maseru,294.64404,280.0337,287.8923,2013
Lesotho,Maseru,295.3474,278.6953,287.596,2014
Lesotho,Maseru,297.36377,279.90796,288.9274,2015
Lesotho,Maseru,295.29907,279.92358,288.6166,2016
Lesotho,Maseru,293.25073,281.18457,287.8967,2017
Lesotho,Maseru,295.34326,281.14648,289.0075,2018
Lesotho,Maseru,295.34326,281.14648,289.0075,2019
Lesotho,Maseru,293.35913,278.73315,287.3066,2020
Zimbabwe,Mashonaland Central,301.97754,292.70508,297.5723,2001
Zimbabwe,Mashonaland Central,301.90967,293.5244,298.26816,2002
Zimbabwe,Mashonaland Central,303.35864,291.99194,297.9173,2003
Zimbabwe,Mashonaland Central,302.34204,292.78003,297.5234,2004
Zimbabwe,Mashonaland Central,302.86963,293.18506,298.59036,2005
Zimbabwe,Mashonaland Central,302.3684,293.0769,297.62582,2006
Zimbabwe,Mashonaland Central,301.66626,292.69995,297.58713,2007
Zimbabwe,Mashonaland Central,302.188,292.63892,297.32504,2008
Zimbabwe,Mashonaland Central,301.40112,291.76587,297.06125,2009
Zimbabwe,Mashonaland Central,302.99414,292.84448,297.90085,2010
Zimbabwe,Mashonaland Central,302.5901,292.59155,297.99786,2011
Zimbabwe,Mashonaland Central,302.75,292.95142,297.88174,2012
Zimbabwe,Mashonaland Central,304.0791,293.13818,298.28537,2013
Zimbabwe,Mashonaland Central,304.0984,293.60742,298.23337,2014
Zimbabwe,Mashonaland Central,303.36035,293.75952,298.33493,2015
Zimbabwe,Mashonaland Central,303.687,293.41895,298.82706,2016
Zimbabwe,Mashonaland Central,302.91504,293.4978,297.69455,2017
Zimbabwe,Mashonaland Central,303.38647,293.625,298.67255,2018
Zimbabwe,Mashonaland Central,303.38647,293.625,298.67255,2019
Zimbabwe,Mashonaland Central,304.5393,293.19238,298.4821,2020
Zimbabwe,Mashonaland East,302.54004,292.4375,297.32654,2001
Zimbabwe,Mashonaland East,300.73242,293.68457,298.18192,2002
Zimbabwe,Mashonaland East,302.10864,292.06226,297.51138,2003
Zimbabwe,Mashonaland East,301.59204,292.7976,297.33752,2004
Zimbabwe,Mashonaland East,302.64697,293.00146,298.39163,2005
Zimbabwe,Mashonaland East,301.5227,293.29175,297.8511,2006
Zimbabwe,Mashonaland East,301.54004,292.7644,297.54254,2007
Zimbabwe,Mashonaland East,302.68018,292.5061,297.1657,2008
Zimbabwe,Mashonaland East,300.81104,291.8811,297.09137,2009
Zimbabwe,Mashonaland East,302.38672,292.9851,297.80383,2010
Zimbabwe,Mashonaland East,301.89868,292.45874,297.8841,2011
Zimbabwe,Mashonaland East,301.42993,292.56665,297.42307,2012
Zimbabwe,Mashonaland East,302.73926,292.26318,297.36868,2013
Zimbabwe,Mashonaland East,302.56128,293.51367,297.79703,2014
Zimbabwe,Mashonaland East,302.43848,293.17944,297.81296,2015
Zimbabwe,Mashonaland East,302.7295,293.56152,298.8482,2016
Zimbabwe,Mashonaland East,301.63965,293.5271,297.49515,2017
Zimbabwe,Mashonaland East,302.7849,293.50586,298.2933,2018
Zimbabwe,Mashonaland East,302.7849,293.50586,298.2933,2019
Zimbabwe,Mashonaland East,304.26,293.02832,298.21417,2020
Zimbabwe,Mashonaland West,302.1162,292.5664,297.5007,2001
Zimbabwe,Mashonaland West,302.1499,293.5166,298.30838,2002
Zimbabwe,Mashonaland West,303.5735,291.7556,297.8361,2003
Zimbabwe,Mashonaland West,302.23267,292.32495,297.3258,2004
Zimbabwe,Mashonaland West,303.28174,293.0249,298.48666,2005
Zimbabwe,Mashonaland West,302.4563,292.79175,297.52084,2006
Zimbabwe,Mashonaland West,301.6682,292.59058,297.45822,2007
Zimbabwe,Mashonaland West,302.14502,292.469,297.22903,2008
Zimbabwe,Mashonaland West,301.33667,291.47876,296.9667,2009
Zimbabwe,Mashonaland West,303.1289,292.44604,297.78122,2010
Zimbabwe,Mashonaland West,302.76,292.57593,297.98306,2011
Zimbabwe,Mashonaland West,302.88672,292.7483,297.93008,2012
Zimbabwe,Mashonaland West,303.97363,293.1245,298.32214,2013
Zimbabwe,Mashonaland West,304.2566,293.60547,298.23077,2014
Zimbabwe,Mashonaland West,302.89746,293.48218,298.14728,2015
Zimbabwe,Mashonaland West,303.67676,293.46582,298.738,2016
Zimbabwe,Mashonaland West,302.72363,293.25952,297.52347,2017
Zimbabwe,Mashonaland West,303.37476,293.6504,298.8039,2018
Zimbabwe,Mashonaland West,303.37476,293.6504,298.8039,2019
Zimbabwe,Mashonaland West,304.6604,292.9619,298.45554,2020
Uganda,Masindi,300.15698,295.87817,297.20267,2001
Uganda,Masindi,301.57324,296.52344,297.58832,2002
Uganda,Masindi,300.73804,295.72046,297.50226,2003
Uganda,Masindi,300.56616,296.1045,297.66354,2004
Uganda,Masindi,301.79785,295.85693,297.98343,2005
Uganda,Masindi,300.9065,296.114,297.4564,2006
Uganda,Masindi,299.22095,295.55542,297.38205,2007
Uganda,Masindi,299.41504,295.60107,297.25848,2008
Uganda,Masindi,299.98535,296.9358,297.87717,2009
Uganda,Masindi,299.3125,296.10815,297.46512,2010
Uganda,Masindi,300.6223,295.78955,297.45328,2011
Uganda,Masindi,301.29834,295.66235,297.66446,2012
Uganda,Masindi,300.32324,295.8838,297.52917,2013
Uganda,Masindi,301.19165,295.78687,297.97296,2014
Uganda,Masindi,301.76562,296.56226,298.14713,2015
Uganda,Masindi,302.46216,296.8816,298.73868,2016
Uganda,Masindi,301.84058,296.2185,298.3446,2017
Uganda,Masindi,301.77173,295.93237,297.94144,2018
Uganda,Masindi,301.77173,295.93237,297.94144,2019
Uganda,Masindi,299.65234,296.12793,297.46335,2020
Zimbabwe,Masvingo,294.34277,285.56787,291.3433,2001
Zimbabwe,Masvingo,294.3994,285.9541,291.32236,2002
Zimbabwe,Masvingo,294.86475,284.6228,291.12872,2003
Zimbabwe,Masvingo,295.06665,285.83276,291.01706,2004
Zimbabwe,Masvingo,295.43994,286.15967,292.12582,2005
Zimbabwe,Masvingo,294.99976,285.7456,291.13315,2006
Zimbabwe,Masvingo,294.74316,285.87183,291.57217,2007
Zimbabwe,Masvingo,295.45166,286.51,291.39847,2008
Zimbabwe,Masvingo,294.55078,284.84985,290.9146,2009
Zimbabwe,Masvingo,295.71265,285.98804,291.78186,2010
Zimbabwe,Masvingo,295.3225,285.7693,291.6214,2011
Zimbabwe,Masvingo,294.6018,286.22095,291.70157,2012
Zimbabwe,Masvingo,294.33887,286.20264,291.3132,2013
Zimbabwe,Masvingo,294.96167,286.4043,291.34845,2014
Zimbabwe,Masvingo,296.58447,286.48804,292.03336,2015
Zimbabwe,Masvingo,295.88208,286.66113,292.05557,2016
Zimbabwe,Masvingo,294.78223,286.48804,291.2953,2017
Zimbabwe,Masvingo,295.86963,286.28906,292.10825,2018
Zimbabwe,Masvingo,295.86963,286.28906,292.10825,2019
Zimbabwe,Masvingo,295.66626,285.79785,291.70767,2020
Zimbabwe,Matabeleland North,302.042,293.39404,298.39035,2001
Zimbabwe,Matabeleland North,301.51318,294.2998,298.65732,2002
Zimbabwe,Matabeleland North,302.59692,292.99976,298.5439,2003
Zimbabwe,Matabeleland North,302.24634,293.60278,298.1365,2004
Zimbabwe,Matabeleland North,302.6084,294.14404,299.12308,2005
Zimbabwe,Matabeleland North,302.71802,294.1316,298.3288,2006
Zimbabwe,Matabeleland North,302.2151,293.4187,298.34787,2007
Zimbabwe,Matabeleland North,302.77515,294.06982,298.20135,2008
Zimbabwe,Matabeleland North,302.18823,293.0276,298.16525,2009
Zimbabwe,Matabeleland North,302.9978,294.03198,298.665,2010
Zimbabwe,Matabeleland North,302.51392,293.36694,298.4987,2011
Zimbabwe,Matabeleland North,302.84766,294.01392,298.60324,2012
Zimbabwe,Matabeleland North,302.4795,294.4546,298.80667,2013
Zimbabwe,Matabeleland North,303.05347,294.6172,298.79703,2014
Zimbabwe,Matabeleland North,303.19238,294.8064,299.04312,2015
Zimbabwe,Matabeleland North,303.55615,294.42944,299.2071,2016
Zimbabwe,Matabeleland North,302.1455,294.5974,298.35437,2017
Zimbabwe,Matabeleland North,303.2622,294.72852,299.4678,2018
Zimbabwe,Matabeleland North,303.2622,294.72852,299.4678,2019
Zimbabwe,Matabeleland North,302.8772,293.66113,298.71515,2020
Zimbabwe,Matabeleland South,296.4231,286.48975,292.83777,2001
Zimbabwe,Matabeleland South,297.5205,287.18066,293.54697,2002
Zimbabwe,Matabeleland South,297.3081,286.80444,293.43,2003
Zimbabwe,Matabeleland South,298.1311,287.24683,292.89075,2004
Zimbabwe,Matabeleland South,297.708,287.94092,293.9787,2005
Zimbabwe,Matabeleland South,296.97583,287.4585,292.89877,2006
Zimbabwe,Matabeleland South,296.54712,287.1277,293.21652,2007
Zimbabwe,Matabeleland South,297.406,288.1682,292.99075,2008
Zimbabwe,Matabeleland South,296.698,286.4319,292.60016,2009
Zimbabwe,Matabeleland South,298.41968,287.5642,293.7239,2010
Zimbabwe,Matabeleland South,297.58423,286.8806,293.27896,2011
Zimbabwe,Matabeleland South,297.0608,288.1858,293.78995,2012
Zimbabwe,Matabeleland South,297.47754,288.10693,293.61545,2013
Zimbabwe,Matabeleland South,297.14136,288.125,293.27423,2014
Zimbabwe,Matabeleland South,298.19043,288.2732,293.97897,2015
Zimbabwe,Matabeleland South,298.38428,288.03882,294.15402,2016
Zimbabwe,Matabeleland South,296.26855,287.9724,292.90646,2017
Zimbabwe,Matabeleland South,298.12158,288.22656,294.2038,2018
Zimbabwe,Matabeleland South,298.12158,288.22656,294.2038,2019
Zimbabwe,Matabeleland South,297.76978,287.3877,293.5584,2020
Senegal,Matam,308.4021,299.00317,304.16898,2001
Senegal,Matam,308.5813,298.2256,304.19525,2002
Senegal,Matam,309.04492,297.99365,304.02097,2003
Senegal,Matam,308.96997,298.57227,304.4736,2004
Senegal,Matam,308.4126,298.57227,304.24905,2005
Senegal,Matam,307.8999,297.15454,304.07162,2006
Senegal,Matam,308.7827,299.1001,304.03342,2007
Senegal,Matam,308.23267,297.15527,304.22397,2008
Senegal,Matam,309.4319,296.71362,304.00705,2009
Senegal,Matam,309.7444,300.41016,304.93533,2010
Senegal,Matam,308.54932,298.7212,304.1779,2011
Senegal,Matam,308.59863,297.70142,303.738,2012
Senegal,Matam,308.9475,297.72607,304.1786,2013
Senegal,Matam,308.46973,299.0547,304.2363,2014
Senegal,Matam,308.70386,298.24512,304.27847,2015
Senegal,Matam,309.5984,300.41675,304.65582,2016
Senegal,Matam,309.21313,297.88965,304.5326,2017
Senegal,Matam,308.83984,298.2202,304.2575,2018
Senegal,Matam,308.83984,298.2202,304.2575,2019
Senegal,Matam,310.45508,298.6599,304.64288,2020
Egypt,Matrouh,300.01294,288.69995,293.86658,2001
Egypt,Matrouh,300.0647,287.24707,293.9368,2002
Egypt,Matrouh,299.83496,287.37085,293.73468,2003
Egypt,Matrouh,299.51074,287.63867,293.61243,2004
Egypt,Matrouh,299.67505,287.81543,293.56595,2005
Egypt,Matrouh,299.84253,287.92407,293.6457,2006
Egypt,Matrouh,299.78198,288.2776,293.82867,2007
Egypt,Matrouh,299.8357,287.6123,294.05698,2008
Egypt,Matrouh,299.38403,288.66504,293.96393,2009
Egypt,Matrouh,300.2273,289.51758,294.56213,2010
Egypt,Matrouh,299.52002,289.04004,293.60464,2011
Egypt,Matrouh,300.573,287.22485,293.9929,2012
Egypt,Matrouh,299.90332,288.25146,293.97415,2013
Egypt,Matrouh,300.22046,289.11353,294.29977,2014
Egypt,Matrouh,300.9956,287.80127,293.9904,2015
Egypt,Matrouh,300.06128,287.84595,294.4615,2016
Egypt,Matrouh,300.30737,287.30737,293.90305,2017
Egypt,Matrouh,300.28198,287.20068,294.04233,2018
Egypt,Matrouh,300.28198,287.20068,294.04233,2019
Egypt,Matrouh,300.2373,287.8474,294.03693,2020
Chad,Mayo-Boneye,307.12842,296.74927,301.25003,2001
Chad,Mayo-Boneye,307.67822,295.91113,301.7325,2002
Chad,Mayo-Boneye,306.90942,297.88892,301.65298,2003
Chad,Mayo-Boneye,307.26685,298.41602,301.72018,2004
Chad,Mayo-Boneye,307.45093,297.29688,302.31937,2005
Chad,Mayo-Boneye,306.87842,297.2771,302.26157,2006
Chad,Mayo-Boneye,307.60913,296.9065,301.93723,2007
Chad,Mayo-Boneye,306.0923,296.9502,301.37796,2008
Chad,Mayo-Boneye,306.73438,298.76953,302.45758,2009
Chad,Mayo-Boneye,308.63403,298.44214,302.4656,2010
Chad,Mayo-Boneye,307.2483,297.38965,302.019,2011
Chad,Mayo-Boneye,308.05713,298.15845,301.86905,2012
Chad,Mayo-Boneye,307.3418,299.00684,302.5801,2013
Chad,Mayo-Boneye,306.72974,298.67578,302.01495,2014
Chad,Mayo-Boneye,307.35034,296.5044,302.36813,2015
Chad,Mayo-Boneye,308.24634,296.96313,302.31012,2016
Chad,Mayo-Boneye,307.7793,299.489,302.19162,2017
Chad,Mayo-Boneye,308.4214,298.04443,301.96942,2018
Chad,Mayo-Boneye,308.4214,298.04443,301.96942,2019
Chad,Mayo-Boneye,308.35254,297.25366,302.12595,2020
Chad,Mayo-Dala,305.97217,297.16333,300.58957,2001
Chad,Mayo-Dala,306.34033,295.9287,300.97275,2002
Chad,Mayo-Dala,306.1399,298.1526,301.15378,2003
Chad,Mayo-Dala,306.2649,298.79492,301.07092,2004
Chad,Mayo-Dala,306.49,297.83203,301.6906,2005
Chad,Mayo-Dala,306.2495,297.2771,301.53436,2006
Chad,Mayo-Dala,307.05835,297.02954,301.15436,2007
Chad,Mayo-Dala,305.5244,297.31738,300.57147,2008
Chad,Mayo-Dala,305.5,298.8086,301.6511,2009
Chad,Mayo-Dala,307.927,298.30737,301.73727,2010
Chad,Mayo-Dala,306.70337,297.4131,301.38522,2011
Chad,Mayo-Dala,306.99658,297.96704,301.00836,2012
Chad,Mayo-Dala,306.72656,298.292,301.65402,2013
Chad,Mayo-Dala,305.65552,298.3457,301.17886,2014
Chad,Mayo-Dala,306.63672,296.14697,301.72623,2015
Chad,Mayo-Dala,307.30103,297.3557,301.55557,2016
Chad,Mayo-Dala,306.82617,298.823,301.53894,2017
Chad,Mayo-Dala,307.98584,297.83545,301.47495,2018
Chad,Mayo-Dala,307.98584,297.83545,301.47495,2019
Chad,Mayo-Dala,307.56348,297.40405,301.46222,2020
Uganda,Mayuge,296.09644,294.16943,295.1135,2001
Uganda,Mayuge,296.87988,295.10254,295.52533,2002
Uganda,Mayuge,296.67163,294.2068,295.50763,2003
Uganda,Mayuge,296.78882,294.5188,295.57434,2004
Uganda,Mayuge,297.39355,294.55615,295.86557,2005
Uganda,Mayuge,296.95728,294.84448,295.5259,2006
Uganda,Mayuge,296.3772,294.4773,295.48297,2007
Uganda,Mayuge,296.09668,294.19678,295.3205,2008
Uganda,Mayuge,296.8672,295.01392,295.7232,2009
Uganda,Mayuge,296.4978,294.9558,295.7319,2010
Uganda,Mayuge,296.40942,294.80908,295.5169,2011
Uganda,Mayuge,296.8899,294.57642,295.5458,2012
Uganda,Mayuge,296.56738,294.68066,295.4717,2013
Uganda,Mayuge,296.92603,294.61304,295.71646,2014
Uganda,Mayuge,297.69336,295.2881,295.99478,2015
Uganda,Mayuge,297.9026,295.46948,296.34528,2016
Uganda,Mayuge,297.3777,295.12866,296.17224,2017
Uganda,Mayuge,297.4983,294.9375,295.93427,2018
Uganda,Mayuge,297.4983,294.9375,295.93427,2019
Uganda,Mayuge,296.89648,294.96973,295.76788,2020
Uganda,Mbale,297.09448,294.79688,295.86917,2001
Uganda,Mbale,298.82715,295.47363,296.32156,2002
Uganda,Mbale,298.17944,295.15405,296.4344,2003
Uganda,Mbale,298.615,295.4851,296.5898,2004
Uganda,Mbale,299.59082,295.4077,297.15042,2005
Uganda,Mbale,298.8225,295.31445,296.30487,2006
Uganda,Mbale,297.4536,295.00073,296.12003,2007
Uganda,Mbale,297.60254,294.88818,296.0591,2008
Uganda,Mbale,298.7793,295.50928,296.59885,2009
Uganda,Mbale,297.03516,295.30737,296.1948,2010
Uganda,Mbale,297.88403,295.5354,296.34323,2011
Uganda,Mbale,298.2827,295.40186,296.246,2012
Uganda,Mbale,298.3584,295.47168,296.42664,2013
Uganda,Mbale,298.6858,295.69507,296.7607,2014
Uganda,Mbale,298.41602,295.5957,296.4189,2015
Uganda,Mbale,298.8518,295.68262,297.0129,2016
Uganda,Mbale,298.83667,296.18726,297.28128,2017
Uganda,Mbale,299.35767,295.31445,296.76547,2018
Uganda,Mbale,299.35767,295.31445,296.76547,2019
Uganda,Mbale,296.72046,295.333,295.87643,2020
Uganda,Mbarara,296.09058,294.16504,294.93298,2001
Uganda,Mbarara,296.59277,294.3164,295.2159,2002
Uganda,Mbarara,297.8943,294.8933,295.77457,2003
Uganda,Mbarara,297.7146,295.25415,296.14172,2004
Uganda,Mbarara,299.12207,294.99512,296.2596,2005
Uganda,Mbarara,297.3401,294.458,295.83987,2006
Uganda,Mbarara,296.60376,294.37012,295.46457,2007
Uganda,Mbarara,296.16772,294.66772,295.3039,2008
Uganda,Mbarara,297.04688,294.91846,296.13986,2009
Uganda,Mbarara,296.6394,295.1211,295.84387,2010
Uganda,Mbarara,297.90747,294.58228,295.59763,2011
Uganda,Mbarara,298.06592,294.83032,295.7966,2012
Uganda,Mbarara,297.3955,294.90332,295.88416,2013
Uganda,Mbarara,298.1018,295.01465,296.42233,2014
Uganda,Mbarara,298.37158,295.0127,296.47394,2015
Uganda,Mbarara,298.81763,295.3662,296.80734,2016
Uganda,Mbarara,298.39526,295.00684,296.4618,2017
Uganda,Mbarara,298.29517,295.0564,296.57065,2018
Uganda,Mbarara,298.29517,295.0564,296.57065,2019
Uganda,Mbarara,297.25366,295.16626,296.55826,2020
United Republic of Tanzania,Mbeya,299.41504,294.2024,296.5264,2001
United Republic of Tanzania,Mbeya,299.58545,294.54395,296.37347,2002
United Republic of Tanzania,Mbeya,299.91138,294.66382,297.0607,2003
United Republic of Tanzania,Mbeya,299.99,294.82153,296.8157,2004
United Republic of Tanzania,Mbeya,300.34814,295.0581,297.56985,2005
United Republic of Tanzania,Mbeya,299.8899,294.81714,297.01678,2006
United Republic of Tanzania,Mbeya,300.05957,295.23315,296.8129,2007
United Republic of Tanzania,Mbeya,299.9353,294.60303,296.38773,2008
United Republic of Tanzania,Mbeya,299.92456,294.42993,296.58698,2009
United Republic of Tanzania,Mbeya,300.38672,295.2683,297.05823,2010
United Republic of Tanzania,Mbeya,299.98853,295.11304,296.65866,2011
United Republic of Tanzania,Mbeya,300.08594,295.1682,297.01047,2012
United Republic of Tanzania,Mbeya,300.28882,295.27393,297.1924,2013
United Republic of Tanzania,Mbeya,300.14722,295.57593,296.94937,2014
United Republic of Tanzania,Mbeya,300.57715,295.88867,297.1821,2015
United Republic of Tanzania,Mbeya,300.89746,295.0525,297.29694,2016
United Republic of Tanzania,Mbeya,300.8916,296.1057,297.6252,2017
United Republic of Tanzania,Mbeya,299.88647,295.96045,297.58743,2018
United Republic of Tanzania,Mbeya,299.88647,295.96045,297.58743,2019
United Republic of Tanzania,Mbeya,299.708,294.3506,296.38248,2020
Central African Republic,Mbomou,300.83667,296.74365,298.34378,2001
Central African Republic,Mbomou,301.5537,296.9729,298.54437,2002
Central African Republic,Mbomou,301.80273,296.98022,298.9103,2003
Central African Republic,Mbomou,302.97827,296.84668,298.9088,2004
Central African Republic,Mbomou,303.44824,297.03442,299.14813,2005
Central African Republic,Mbomou,302.82446,297.10425,298.96323,2006
Central African Republic,Mbomou,301.68774,296.74097,298.73087,2007
Central African Republic,Mbomou,300.833,296.68115,298.65366,2008
Central African Republic,Mbomou,300.9082,297.70923,298.97614,2009
Central African Republic,Mbomou,301.82202,297.31714,299.033,2010
Central African Republic,Mbomou,302.28223,297.05908,298.92984,2011
Central African Republic,Mbomou,302.55225,296.71558,298.9133,2012
Central African Republic,Mbomou,303.2705,297.04395,299.32492,2013
Central African Republic,Mbomou,302.02368,297.04004,299.22653,2014
Central African Republic,Mbomou,303.20557,297.73022,299.36407,2015
Central African Republic,Mbomou,303.55786,297.2146,299.68512,2016
Central African Republic,Mbomou,303.26855,297.15503,299.6592,2017
Central African Republic,Mbomou,303.45117,297.3064,299.85223,2018
Central African Republic,Mbomou,303.45117,297.3064,299.85223,2019
Central African Republic,Mbomou,303.3518,296.9502,299.7918,2020
Algeria,Medea,299.7766,281.396,290.27234,2001
Algeria,Medea,298.2478,282.042,290.3227,2002
Algeria,Medea,301.5271,281.46265,290.57745,2003
Algeria,Medea,300.21387,282.4668,289.84567,2004
Algeria,Medea,299.75342,278.92578,289.31024,2005
Algeria,Medea,300.29175,280.4475,290.60614,2006
Algeria,Medea,299.7605,282.02393,289.7839,2007
Algeria,Medea,299.84912,281.85522,289.8392,2008
Algeria,Medea,301.38892,281.75488,290.19327,2009
Algeria,Medea,300.0027,283.06836,290.01834,2010
Algeria,Medea,300.2544,281.96606,290.2796,2011
Algeria,Medea,301.78198,278.5188,290.29337,2012
Algeria,Medea,298.55225,281.25488,289.61218,2013
Algeria,Medea,299.70874,282.6914,290.8333,2014
Algeria,Medea,301.25293,281.354,290.47525,2015
Algeria,Medea,299.61108,284.20728,290.66574,2016
Algeria,Medea,301.64722,280.989,290.84836,2017
Algeria,Medea,301.63477,281.01514,290.5604,2018
Algeria,Medea,301.63477,281.01514,290.5604,2019
Algeria,Medea,301.01465,282.4314,291.14322,2020
Tunisia,Medenine,303.25146,287.10693,295.20236,2001
Tunisia,Medenine,302.9475,285.72363,294.90848,2002
Tunisia,Medenine,304.11108,285.69702,295.02292,2003
Tunisia,Medenine,303.01074,286.19727,294.59485,2004
Tunisia,Medenine,302.97412,285.3379,294.45267,2005
Tunisia,Medenine,303.30737,284.56274,294.75082,2006
Tunisia,Medenine,303.30737,287.0669,294.93332,2007
Tunisia,Medenine,303.19678,285.78687,294.75034,2008
Tunisia,Medenine,303.74146,286.8308,294.8959,2009
Tunisia,Medenine,302.69214,287.83008,295.47668,2010
Tunisia,Medenine,302.98413,286.88208,294.42593,2011
Tunisia,Medenine,303.65308,284.6477,295.0489,2012
Tunisia,Medenine,302.37207,286.76318,295.13367,2013
Tunisia,Medenine,303.0564,287.45288,295.32535,2014
Tunisia,Medenine,303.63818,285.3994,294.61798,2015
Tunisia,Medenine,301.9646,288.17407,295.5987,2016
Tunisia,Medenine,302.7605,284.96558,294.31155,2017
Tunisia,Medenine,303.2683,285.85498,294.73636,2018
Tunisia,Medenine,303.2683,285.85498,294.73636,2019
Tunisia,Medenine,303.97754,286.61108,295.24948,2020
Morocco,Meknès - Tafilalet,299.011,285.50708,292.60437,2001
Morocco,Meknès - Tafilalet,298.51538,286.80176,292.0955,2002
Morocco,Meknès - Tafilalet,301.49316,284.50928,292.5384,2003
Morocco,Meknès - Tafilalet,300.6106,285.2246,292.3634,2004
Morocco,Meknès - Tafilalet,301.02075,283.13086,292.38022,2005
Morocco,Meknès - Tafilalet,300.6687,283.54517,292.53714,2006
Morocco,Meknès - Tafilalet,299.79565,284.57446,292.01828,2007
Morocco,Meknès - Tafilalet,299.57373,284.66577,291.91293,2008
Morocco,Meknès - Tafilalet,300.3313,284.2234,292.66852,2009
Morocco,Meknès - Tafilalet,302.21948,285.8418,292.79324,2010
Morocco,Meknès - Tafilalet,299.83252,284.58447,292.60025,2011
Morocco,Meknès - Tafilalet,299.78003,283.31958,291.87653,2012
Morocco,Meknès - Tafilalet,301.40332,284.36816,292.00183,2013
Morocco,Meknès - Tafilalet,298.73218,285.0918,292.2321,2014
Morocco,Meknès - Tafilalet,301.3506,284.43604,292.9575,2015
Morocco,Meknès - Tafilalet,303.42065,286.3733,293.43478,2016
Morocco,Meknès - Tafilalet,301.3855,283.74683,293.606,2017
Morocco,Meknès - Tafilalet,299.4812,284.20068,291.93393,2018
Morocco,Meknès - Tafilalet,299.4812,284.20068,291.93393,2019
Morocco,Meknès - Tafilalet,301.22363,284.4685,292.6777,2020
Madagascar,Melaky,300.96313,295.61865,298.94275,2001
Madagascar,Melaky,301.2185,296.42358,299.42133,2002
Madagascar,Melaky,301.37622,295.44702,299.04376,2003
Madagascar,Melaky,301.14673,295.7942,299.19217,2004
Madagascar,Melaky,301.40137,295.7456,299.23587,2005
Madagascar,Melaky,301.3994,296.3601,299.3384,2006
Madagascar,Melaky,301.0979,296.19385,299.18332,2007
Madagascar,Melaky,300.91846,295.8733,298.90073,2008
Madagascar,Melaky,301.56445,296.11353,299.28342,2009
Madagascar,Melaky,301.38794,296.60815,299.4158,2010
Madagascar,Melaky,302.01392,295.115,299.19757,2011
Madagascar,Melaky,301.57544,296.00024,299.1729,2012
Madagascar,Melaky,301.5249,295.812,299.1942,2013
Madagascar,Melaky,301.39673,296.30273,299.09943,2014
Madagascar,Melaky,301.21533,295.7744,299.06296,2015
Madagascar,Melaky,301.1604,296.5017,299.29776,2016
Madagascar,Melaky,301.2412,296.87866,299.61755,2017
Madagascar,Melaky,302.43604,295.76172,299.79935,2018
Madagascar,Melaky,302.43604,295.76172,299.79935,2019
Madagascar,Melaky,301.32446,295.96387,299.56296,2020
Madagascar,Menabe,301.37793,295.33154,298.93494,2001
Madagascar,Menabe,301.8601,296.02905,299.3245,2002
Madagascar,Menabe,301.4353,295.115,298.93243,2003
Madagascar,Menabe,302.32422,295.52466,299.3162,2004
Madagascar,Menabe,301.86792,295.4702,299.26093,2005
Madagascar,Menabe,302.64136,296.0515,299.3825,2006
Madagascar,Menabe,301.6626,295.55933,299.17877,2007
Madagascar,Menabe,302.0017,295.74048,298.9473,2008
Madagascar,Menabe,302.45312,295.94165,299.43936,2009
Madagascar,Menabe,302.53638,296.5144,299.8118,2010
Madagascar,Menabe,301.6084,294.75757,299.2285,2011
Madagascar,Menabe,301.8977,295.76392,299.2419,2012
Madagascar,Menabe,301.97217,295.47412,299.1073,2013
Madagascar,Menabe,302.02368,296.3662,299.07858,2014
Madagascar,Menabe,301.59814,295.6162,299.06754,2015
Madagascar,Menabe,302.4231,296.2334,299.52823,2016
Madagascar,Menabe,302.1194,296.7771,299.8259,2017
Madagascar,Menabe,302.35498,295.8164,299.72153,2018
Madagascar,Menabe,302.35498,295.8164,299.72153,2019
Madagascar,Menabe,302.53345,295.77246,299.76364,2020
Egypt,Menia,303.37036,286.59106,295.25085,2001
Egypt,Menia,304.43726,285.1162,295.49814,2002
Egypt,Menia,302.49512,286.4939,295.20718,2003
Egypt,Menia,303.011,286.26562,295.166,2004
Egypt,Menia,302.70654,286.89648,294.95184,2005
Egypt,Menia,303.47925,286.1897,295.15463,2006
Egypt,Menia,303.27417,286.20532,295.3876,2007
Egypt,Menia,303.82593,285.2666,295.75082,2008
Egypt,Menia,303.46118,287.4558,295.6135,2009
Egypt,Menia,303.89722,288.17383,296.72195,2010
Egypt,Menia,303.01147,286.77832,294.8802,2011
Egypt,Menia,303.83423,284.8772,295.47678,2012
Egypt,Menia,302.84473,286.44092,295.36917,2013
Egypt,Menia,303.35132,287.20483,295.85104,2014
Egypt,Menia,304.82568,286.0166,295.75748,2015
Egypt,Menia,304.292,285.70142,296.1822,2016
Egypt,Menia,304.18335,284.9148,295.40417,2017
Egypt,Menia,303.68945,285.03662,295.66928,2018
Egypt,Menia,303.68945,285.03662,295.66928,2019
Egypt,Menia,303.09082,285.5857,295.57892,2020
Egypt,Menoufia,301.9973,287.5852,295.18527,2001
Egypt,Menoufia,302.56226,285.93848,295.21072,2002
Egypt,Menoufia,301.56152,287.15015,294.98843,2003
Egypt,Menoufia,301.2063,287.0547,294.80807,2004
Egypt,Menoufia,301.75513,287.63086,294.77493,2005
Egypt,Menoufia,301.6687,286.885,294.78387,2006
Egypt,Menoufia,301.45972,286.96118,295.04434,2007
Egypt,Menoufia,302.281,286.12402,295.54428,2008
Egypt,Menoufia,302.66235,288.39917,295.6589,2009
Egypt,Menoufia,303.11987,288.98633,296.27292,2010
Egypt,Menoufia,301.6443,287.7998,294.86765,2011
Egypt,Menoufia,302.6057,286.57056,295.48526,2012
Egypt,Menoufia,301.81348,287.68115,295.40677,2013
Egypt,Menoufia,302.32788,288.27124,295.756,2014
Egypt,Menoufia,304.01318,287.34668,295.78693,2015
Egypt,Menoufia,302.89355,287.1975,296.41885,2016
Egypt,Menoufia,303.48022,286.6101,295.90695,2017
Egypt,Menoufia,303.29492,286.63428,296.1216,2018
Egypt,Menoufia,303.29492,286.63428,296.1216,2019
Egypt,Menoufia,302.6123,287.26343,296.11423,2020
Zimbabwe,Midlands,300.31934,290.6167,296.00607,2001
Zimbabwe,Midlands,299.5581,291.25488,296.2242,2002
Zimbabwe,Midlands,301.00708,290.28882,296.311,2003
Zimbabwe,Midlands,299.87524,290.40112,295.58298,2004
Zimbabwe,Midlands,301.21582,291.0542,296.62698,2005
Zimbabwe,Midlands,300.94653,291.11206,295.90024,2006
Zimbabwe,Midlands,300.46313,290.64136,295.85342,2007
Zimbabwe,Midlands,301.1228,291.08423,295.7829,2008
Zimbabwe,Midlands,300.40503,290.2229,295.61368,2009
Zimbabwe,Midlands,301.2556,290.85913,296.14383,2010
Zimbabwe,Midlands,300.719,290.39233,295.96255,2011
Zimbabwe,Midlands,301.00977,290.80298,296.0541,2012
Zimbabwe,Midlands,300.15137,291.27295,296.26828,2013
Zimbabwe,Midlands,301.28784,291.54102,296.249,2014
Zimbabwe,Midlands,301.2744,291.70093,296.55026,2015
Zimbabwe,Midlands,301.84717,291.4131,296.65646,2016
Zimbabwe,Midlands,300.7373,291.4939,296.016,2017
Zimbabwe,Midlands,301.62476,291.96094,297.3309,2018
Zimbabwe,Midlands,301.62476,291.96094,297.3309,2019
Zimbabwe,Midlands,301.32056,291.26074,296.64337,2020
Algeria,Mila,300.1499,280.8921,290.25833,2001
Algeria,Mila,298.92554,280.6338,290.25677,2002
Algeria,Mila,302.1267,280.8025,290.43063,2003
Algeria,Mila,300.583,281.5293,289.68747,2004
Algeria,Mila,300.0288,278.94727,289.54135,2005
Algeria,Mila,300.29956,280.01196,290.4683,2006
Algeria,Mila,299.51245,281.58057,289.76602,2007
Algeria,Mila,300.4546,281.5271,289.9245,2008
Algeria,Mila,301.87915,281.42676,290.0292,2009
Algeria,Mila,299.90894,282.7246,289.98465,2010
Algeria,Mila,300.23877,281.44653,289.96368,2011
Algeria,Mila,301.9226,278.20044,290.34122,2012
Algeria,Mila,299.76123,280.4209,289.6218,2013
Algeria,Mila,300.02124,282.18945,290.44986,2014
Algeria,Mila,300.48926,280.6919,289.944,2015
Algeria,Mila,299.66772,283.14673,290.43658,2016
Algeria,Mila,301.28394,280.0144,290.32996,2017
Algeria,Mila,301.25977,280.45264,290.05716,2018
Algeria,Mila,301.25977,280.45264,290.05716,2019
Algeria,Mila,300.76074,281.5974,290.5109,2020
Libya,Misurata,300.49292,288.15308,294.21243,2001
Libya,Misurata,300.57056,287.4834,294.00644,2002
Libya,Misurata,301.43652,286.72827,294.26495,2003
Libya,Misurata,300.55566,287.60156,293.82434,2004
Libya,Misurata,300.1731,287.33984,293.69516,2005
Libya,Misurata,301.489,286.84985,293.94662,2006
Libya,Misurata,300.78198,289.1548,294.1978,2007
Libya,Misurata,300.71265,287.3662,294.15692,2008
Libya,Misurata,300.71606,287.93066,294.0253,2009
Libya,Misurata,300.43237,289.09766,294.62936,2010
Libya,Misurata,299.9939,288.0559,293.81198,2011
Libya,Misurata,301.14722,286.18677,294.09024,2012
Libya,Misurata,300.43848,287.86426,294.26242,2013
Libya,Misurata,300.5791,288.70532,294.409,2014
Libya,Misurata,301.12256,287.5708,293.9775,2015
Libya,Misurata,299.65356,288.90454,294.6822,2016
Libya,Misurata,300.77808,286.7976,293.75964,2017
Libya,Misurata,300.7898,286.86743,293.94144,2018
Libya,Misurata,300.7898,286.86743,293.94144,2019
Libya,Misurata,301.16504,287.9314,294.30173,2020
Uganda,Mitooma,294.9851,293.7588,294.21716,2001
Uganda,Mitooma,295.917,293.6582,294.66107,2002
Uganda,Mitooma,296.25757,294.2649,294.95538,2003
Uganda,Mitooma,296.14233,294.39087,295.13992,2004
Uganda,Mitooma,297.0205,294.52783,295.2873,2005
Uganda,Mitooma,296.11353,293.7705,294.9289,2006
Uganda,Mitooma,295.89087,293.87793,294.65842,2007
Uganda,Mitooma,294.8318,294.06934,294.48715,2008
Uganda,Mitooma,295.7141,294.27148,295.0341,2009
Uganda,Mitooma,296.58472,294.41284,295.3307,2010
Uganda,Mitooma,295.90552,293.93604,294.66324,2011
Uganda,Mitooma,296.14014,294.219,294.82248,2012
Uganda,Mitooma,296.1006,294.21777,295.0736,2013
Uganda,Mitooma,296.5276,294.47534,295.4658,2014
Uganda,Mitooma,296.7671,294.2754,295.4648,2015
Uganda,Mitooma,296.9934,294.68652,295.85245,2016
Uganda,Mitooma,296.5984,294.49707,295.54642,2017
Uganda,Mitooma,296.7444,294.41382,295.50473,2018
Uganda,Mitooma,296.7444,294.41382,295.50473,2019
Uganda,Mitooma,296.3291,294.48462,295.67462,2020
Uganda,Mityana,294.6726,292.79102,293.75198,2001
Uganda,Mityana,295.34277,293.6194,294.10736,2002
Uganda,Mityana,296.02124,293.41577,294.4186,2003
Uganda,Mityana,295.90015,293.67456,294.58948,2004
Uganda,Mityana,296.4502,293.76514,294.77655,2005
Uganda,Mityana,295.89282,293.6792,294.39603,2006
Uganda,Mityana,295.53345,293.49292,294.52057,2007
Uganda,Mityana,294.8806,293.33545,294.14944,2008
Uganda,Mityana,295.92578,294.27588,294.68707,2009
Uganda,Mityana,295.39038,293.62964,294.42883,2010
Uganda,Mityana,295.39185,293.86768,294.36212,2011
Uganda,Mityana,296.11548,293.72217,294.59445,2012
Uganda,Mityana,295.708,293.89746,294.60486,2013
Uganda,Mityana,296.63892,293.88452,294.85968,2014
Uganda,Mityana,296.64648,294.26538,295.05923,2015
Uganda,Mityana,297.27856,294.81348,295.5541,2016
Uganda,Mityana,296.40503,294.59204,295.20187,2017
Uganda,Mityana,296.45923,294.2517,294.98343,2018
Uganda,Mityana,296.45923,294.2517,294.98343,2019
Uganda,Mityana,296.0078,294.31543,294.86588,2020
United Republic of Tanzania,Mjini Magharibi,300.86157,297.4231,299.2611,2001
United Republic of Tanzania,Mjini Magharibi,300.69434,297.59204,299.26605,2002
United Republic of Tanzania,Mjini Magharibi,301.2461,297.46387,299.5776,2003
United Republic of Tanzania,Mjini Magharibi,301.1172,297.55957,299.31247,2004
United Republic of Tanzania,Mjini Magharibi,301.2959,297.62427,299.44778,2005
United Republic of Tanzania,Mjini Magharibi,301.14282,297.6316,299.21487,2006
United Republic of Tanzania,Mjini Magharibi,301.24268,297.86597,299.46768,2007
United Republic of Tanzania,Mjini Magharibi,300.73926,297.5581,299.2007,2008
United Republic of Tanzania,Mjini Magharibi,300.94727,297.77466,299.6044,2009
United Republic of Tanzania,Mjini Magharibi,301.29858,297.8933,299.67752,2010
United Republic of Tanzania,Mjini Magharibi,301.01465,298.1001,299.56833,2011
United Republic of Tanzania,Mjini Magharibi,300.8706,297.8777,299.54727,2012
United Republic of Tanzania,Mjini Magharibi,301.312,297.6338,299.4426,2013
United Republic of Tanzania,Mjini Magharibi,300.97095,297.98145,299.48044,2014
United Republic of Tanzania,Mjini Magharibi,301.188,298.13623,299.66013,2015
United Republic of Tanzania,Mjini Magharibi,301.95923,297.71753,299.62897,2016
United Republic of Tanzania,Mjini Magharibi,301.08472,298.05933,299.58386,2017
United Republic of Tanzania,Mjini Magharibi,301.54883,298.18823,299.8332,2018
United Republic of Tanzania,Mjini Magharibi,301.54883,298.18823,299.8332,2019
United Republic of Tanzania,Mjini Magharibi,301.3672,297.81934,299.71744,2020
Lesotho,Mohale's Hoek,289.2727,275.22412,284.04153,2001
Lesotho,Mohale's Hoek,289.7881,275.5857,284.2252,2002
Lesotho,Mohale's Hoek,290.52905,276.83887,284.75797,2003
Lesotho,Mohale's Hoek,289.79297,275.69263,284.43665,2004
Lesotho,Mohale's Hoek,289.69336,278.9038,284.97983,2005
Lesotho,Mohale's Hoek,290.14282,276.35815,283.7466,2006
Lesotho,Mohale's Hoek,290.3579,274.1609,284.419,2007
Lesotho,Mohale's Hoek,290.2185,277.8042,284.68314,2008
Lesotho,Mohale's Hoek,290.37573,275.99243,284.52823,2009
Lesotho,Mohale's Hoek,290.67944,276.98022,285.37234,2010
Lesotho,Mohale's Hoek,289.46973,273.82007,283.88068,2011
Lesotho,Mohale's Hoek,290.9651,276.2378,284.32608,2012
Lesotho,Mohale's Hoek,290.19287,278.09033,284.7227,2013
Lesotho,Mohale's Hoek,290.3396,277.09766,284.72263,2014
Lesotho,Mohale's Hoek,292.5083,277.74976,285.7524,2015
Lesotho,Mohale's Hoek,290.64526,277.00366,285.30588,2016
Lesotho,Mohale's Hoek,289.8777,279.0244,284.7595,2017
Lesotho,Mohale's Hoek,291.2202,279.34375,286.21048,2018
Lesotho,Mohale's Hoek,291.2202,279.34375,286.21048,2019
Lesotho,Mohale's Hoek,290.37085,277.4265,284.96027,2020
Comoros,Moheli,300.4839,297.56372,299.2201,2001
Comoros,Moheli,300.6372,297.69165,299.30594,2002
Comoros,Moheli,300.83398,297.15918,299.36896,2003
Comoros,Moheli,300.6775,297.42676,299.26736,2004
Comoros,Moheli,300.82788,297.47778,299.30032,2005
Comoros,Moheli,300.385,297.47534,299.22318,2006
Comoros,Moheli,300.83618,297.73315,299.5025,2007
Comoros,Moheli,300.15332,297.2495,299.02768,2008
Comoros,Moheli,301.07104,297.46802,299.42438,2009
Comoros,Moheli,301.29614,297.53003,299.6191,2010
Comoros,Moheli,300.5205,297.6587,299.37433,2011
Comoros,Moheli,300.6311,297.61987,299.253,2012
Comoros,Moheli,300.7671,297.28027,299.37976,2013
Comoros,Moheli,300.69702,297.90918,299.5109,2014
Comoros,Moheli,300.88135,297.90576,299.65475,2015
Comoros,Moheli,301.3733,297.6609,299.454,2016
Comoros,Moheli,300.7561,298.03003,299.64328,2017
Comoros,Moheli,301.1836,298.0808,299.8239,2018
Comoros,Moheli,301.1836,298.0808,299.8239,2019
Comoros,Moheli,301.30884,297.59668,299.68698,2020
Lesotho,Mokhotlong,287.06372,274.312,282.1851,2001
Lesotho,Mokhotlong,287.5498,274.53687,282.26996,2002
Lesotho,Mokhotlong,287.92358,275.0205,282.59586,2003
Lesotho,Mokhotlong,287.42383,274.07153,282.34177,2004
Lesotho,Mokhotlong,287.6797,276.8667,282.8475,2005
Lesotho,Mokhotlong,287.69556,275.27026,281.97333,2006
Lesotho,Mokhotlong,287.73486,273.66284,282.26846,2007
Lesotho,Mokhotlong,287.7068,276.15576,282.52167,2008
Lesotho,Mokhotlong,287.99292,274.83423,282.29727,2009
Lesotho,Mokhotlong,287.94507,276.1892,283.0491,2010
Lesotho,Mokhotlong,287.2295,273.07007,281.87286,2011
Lesotho,Mokhotlong,287.98853,275.3225,282.16397,2012
Lesotho,Mokhotlong,287.7456,276.6919,282.34607,2013
Lesotho,Mokhotlong,287.79077,275.42188,282.71725,2014
Lesotho,Mokhotlong,289.05908,275.83374,283.42316,2015
Lesotho,Mokhotlong,288.0891,275.2224,283.0668,2016
Lesotho,Mokhotlong,287.49878,277.21973,282.7284,2017
Lesotho,Mokhotlong,287.95264,277.64062,283.83597,2018
Lesotho,Mokhotlong,287.95264,277.64062,283.83597,2019
Lesotho,Mokhotlong,287.9724,276.69604,283.05304,2020
Tunisia,Monastir,301.05396,286.6792,293.73914,2001
Tunisia,Monastir,300.83618,285.6045,293.5953,2002
Tunisia,Monastir,303.35718,285.16772,293.92203,2003
Tunisia,Monastir,301.8955,286.30078,293.359,2004
Tunisia,Monastir,301.32764,284.75098,293.1346,2005
Tunisia,Monastir,301.71362,284.68384,293.71127,2006
Tunisia,Monastir,301.8816,287.3247,293.8088,2007
Tunisia,Monastir,301.8982,286.58496,293.6763,2008
Tunisia,Monastir,302.6692,285.31934,293.6083,2009
Tunisia,Monastir,301.5984,287.57812,293.8346,2010
Tunisia,Monastir,301.2915,285.91138,293.4549,2011
Tunisia,Monastir,302.93237,284.03247,293.982,2012
Tunisia,Monastir,301.48145,286.01465,293.66443,2013
Tunisia,Monastir,301.32397,287.23218,294.0322,2014
Tunisia,Monastir,302.15137,285.63525,293.72702,2015
Tunisia,Monastir,300.8601,287.38306,294.0375,2016
Tunisia,Monastir,302.48315,284.61792,293.53128,2017
Tunisia,Monastir,302.52612,285.51904,293.59555,2018
Tunisia,Monastir,302.52612,285.51904,293.59555,2019
Tunisia,Monastir,302.792,286.72632,293.93423,2020
Benin,Mono,301.4519,297.56763,299.7429,2001
Benin,Mono,301.55347,297.90454,299.8209,2002
Benin,Mono,301.80273,298.5056,300.0187,2003
Benin,Mono,301.55835,298.0498,299.9254,2004
Benin,Mono,302.07324,298.00122,300.1247,2005
Benin,Mono,301.7495,297.8777,300.18637,2006
Benin,Mono,302.02563,298.32886,300.1049,2007
Benin,Mono,301.3037,298.50366,300.0723,2008
Benin,Mono,301.8496,298.4309,300.3622,2009
Benin,Mono,302.5017,298.79175,300.67575,2010
Benin,Mono,301.78613,298.43213,300.2044,2011
Benin,Mono,301.91943,297.9773,300.0842,2012
Benin,Mono,302.15356,298.21777,300.28894,2013
Benin,Mono,301.60864,297.90796,300.11066,2014
Benin,Mono,301.60742,298.90332,300.2503,2015
Benin,Mono,302.34595,298.8562,300.67242,2016
Benin,Mono,302.0901,298.27417,300.49417,2017
Benin,Mono,302.29443,299.10742,300.69095,2018
Benin,Mono,302.29443,299.10742,300.69095,2019
Benin,Mono,302.50977,298.56934,300.6108,2020
Chad,Mont De Lam,305.01318,296.96606,300.0972,2001
Chad,Mont De Lam,305.31885,296.00488,300.303,2002
Chad,Mont De Lam,304.67578,297.9287,300.45798,2003
Chad,Mont De Lam,304.90747,298.10278,300.44577,2004
Chad,Mont De Lam,305.9724,298.05786,301.01224,2005
Chad,Mont De Lam,305.63623,297.37085,300.85403,2006
Chad,Mont De Lam,305.4978,297.45337,300.63547,2007
Chad,Mont De Lam,305.4795,297.77124,300.1849,2008
Chad,Mont De Lam,304.91992,298.23364,300.79434,2009
Chad,Mont De Lam,306.87036,298.09644,300.9915,2010
Chad,Mont De Lam,305.72876,296.99854,300.44302,2011
Chad,Mont De Lam,305.17627,297.3733,300.26407,2012
Chad,Mont De Lam,305.57422,297.82324,300.9452,2013
Chad,Mont De Lam,304.6643,297.88647,300.49704,2014
Chad,Mont De Lam,305.87305,296.29932,300.83185,2015
Chad,Mont De Lam,306.0686,297.48657,300.842,2016
Chad,Mont De Lam,304.96313,298.1726,300.76633,2017
Chad,Mont De Lam,306.68896,297.98584,300.8763,2018
Chad,Mont De Lam,306.68896,297.98584,300.8763,2019
Chad,Mont De Lam,306.47363,297.13257,300.75943,2020
Côte d'Ivoire,Montagnes,300.22485,296.6477,298.36707,2001
Côte d'Ivoire,Montagnes,300.09473,297.14478,298.49652,2002
Côte d'Ivoire,Montagnes,301.0349,296.83496,298.64694,2003
Côte d'Ivoire,Montagnes,300.85522,296.91333,298.7446,2004
Côte d'Ivoire,Montagnes,300.77832,296.87036,298.66864,2005
Côte d'Ivoire,Montagnes,300.00464,297.11206,298.7103,2006
Côte d'Ivoire,Montagnes,301.48657,296.95972,298.84464,2007
Côte d'Ivoire,Montagnes,301.21582,296.68896,298.64096,2008
Côte d'Ivoire,Montagnes,300.28418,296.85083,298.66104,2009
Côte d'Ivoire,Montagnes,300.7063,297.14917,298.94577,2010
Côte d'Ivoire,Montagnes,299.9563,297.0935,298.51773,2011
Côte d'Ivoire,Montagnes,300.53247,296.65308,298.4789,2012
Côte d'Ivoire,Montagnes,301.02637,296.80176,298.5619,2013
Côte d'Ivoire,Montagnes,300.0901,296.9939,298.63638,2014
Côte d'Ivoire,Montagnes,300.09033,296.9458,298.61734,2015
Côte d'Ivoire,Montagnes,301.30493,297.2527,298.95743,2016
Côte d'Ivoire,Montagnes,300.48926,297.24292,298.91345,2017
Côte d'Ivoire,Montagnes,300.63672,297.19995,298.96356,2018
Côte d'Ivoire,Montagnes,300.63672,297.19995,298.96356,2019
Côte d'Ivoire,Montagnes,301.1018,297.0791,299.03757,2020
Liberia,Montserrado,299.81982,297.88208,298.88757,2001
Liberia,Montserrado,299.80737,298.01782,299.02582,2002
Liberia,Montserrado,299.9817,298.08374,299.11667,2003
Liberia,Montserrado,300.1814,298.01074,299.13977,2004
Liberia,Montserrado,300.2373,298.05396,299.24432,2005
Liberia,Montserrado,300.06396,298.13354,299.24612,2006
Liberia,Montserrado,300.04468,297.82495,299.13336,2007
Liberia,Montserrado,299.9912,298.07397,299.13788,2008
Liberia,Montserrado,299.73853,297.75122,299.05377,2009
Liberia,Montserrado,300.65356,298.12378,299.36813,2010
Liberia,Montserrado,299.98853,298.10205,299.12042,2011
Liberia,Montserrado,299.5559,297.75464,298.88156,2012
Liberia,Montserrado,300.10693,297.90137,299.1511,2013
Liberia,Montserrado,299.97388,297.97827,298.99332,2014
Liberia,Montserrado,300.06836,298.36475,299.19254,2015
Liberia,Montserrado,300.63306,298.27808,299.47906,2016
Liberia,Montserrado,300.73438,298.55542,299.57166,2017
Liberia,Montserrado,300.6714,298.37378,299.71762,2018
Liberia,Montserrado,300.6714,298.37378,299.71762,2019
Liberia,Montserrado,300.89355,298.3213,299.7783,2020
Mali,Mopti,307.95093,295.677,302.75525,2001
Mali,Mopti,308.96802,295.93457,303.20126,2002
Mali,Mopti,308.95898,295.8081,303.1922,2003
Mali,Mopti,308.40747,295.9629,303.34958,2004
Mali,Mopti,308.51416,295.35938,303.33514,2005
Mali,Mopti,308.29834,295.2444,302.67288,2006
Mali,Mopti,308.49268,295.72314,302.82883,2007
Mali,Mopti,307.95923,293.0498,302.606,2008
Mali,Mopti,308.01587,293.89917,303.1005,2009
Mali,Mopti,309.58618,296.74414,303.7677,2010
Mali,Mopti,308.77393,295.14697,303.13507,2011
Mali,Mopti,308.28223,293.88696,302.419,2012
Mali,Mopti,308.85376,294.47998,302.94827,2013
Mali,Mopti,308.37402,295.99023,302.67365,2014
Mali,Mopti,309.00854,294.13965,302.59537,2015
Mali,Mopti,309.5359,297.0608,303.2048,2016
Mali,Mopti,309.06274,294.2937,303.08694,2017
Mali,Mopti,308.64258,295.0542,302.95575,2018
Mali,Mopti,308.64258,295.0542,302.95575,2019
Mali,Mopti,308.53906,295.88843,303.1761,2020
United Republic of Tanzania,Morogoro,296.45264,291.4956,294.30734,2001
United Republic of Tanzania,Morogoro,296.04663,291.95728,294.26834,2002
United Republic of Tanzania,Morogoro,297.3186,291.7224,294.9689,2003
United Republic of Tanzania,Morogoro,296.6543,292.00513,294.4814,2004
United Republic of Tanzania,Morogoro,297.27612,291.9331,294.8781,2005
United Republic of Tanzania,Morogoro,297.5393,292.09058,294.59116,2006
United Republic of Tanzania,Morogoro,296.3833,292.32495,294.6874,2007
United Republic of Tanzania,Morogoro,296.4287,291.8745,294.4665,2008
United Republic of Tanzania,Morogoro,297.1394,292.39868,294.9343,2009
United Republic of Tanzania,Morogoro,297.00952,292.79175,295.15897,2010
United Republic of Tanzania,Morogoro,296.62207,292.66187,294.9041,2011
United Republic of Tanzania,Morogoro,296.92114,292.17407,294.86124,2012
United Republic of Tanzania,Morogoro,296.92725,292.4663,294.87537,2013
United Republic of Tanzania,Morogoro,297.61304,292.59375,294.92902,2014
United Republic of Tanzania,Morogoro,297.27197,292.70605,295.1909,2015
United Republic of Tanzania,Morogoro,297.67603,292.3064,295.04758,2016
United Republic of Tanzania,Morogoro,297.6355,292.88257,295.15662,2017
United Republic of Tanzania,Morogoro,297.13306,292.76367,295.13626,2018
United Republic of Tanzania,Morogoro,297.13306,292.76367,295.13626,2019
United Republic of Tanzania,Morogoro,297.03125,292.50684,295.2319,2020
Uganda,Moroto,298.84058,295.30786,297.3402,2001
Uganda,Moroto,299.7256,296.8623,298.00125,2002
Uganda,Moroto,300.27905,294.87012,297.65005,2003
Uganda,Moroto,300.46655,296.36157,297.74182,2004
Uganda,Moroto,299.98535,295.99268,297.94418,2005
Uganda,Moroto,299.33618,295.9265,297.4598,2006
Uganda,Moroto,298.9436,295.14136,297.2289,2007
Uganda,Moroto,298.9619,295.36475,297.54672,2008
Uganda,Moroto,300.0039,297.65063,298.59235,2009
Uganda,Moroto,299.37476,295.71362,297.66794,2010
Uganda,Moroto,299.38892,294.8911,297.1761,2011
Uganda,Moroto,299.85498,294.62915,296.95285,2012
Uganda,Moroto,299.30566,295.05957,297.1078,2013
Uganda,Moroto,299.33032,295.45288,297.55548,2014
Uganda,Moroto,299.8789,296.0681,298.1271,2015
Uganda,Moroto,301.2307,295.97632,298.37994,2016
Uganda,Moroto,300.10767,295.2771,297.72855,2017
Uganda,Moroto,300.2871,295.32422,297.6307,2018
Uganda,Moroto,300.2871,295.32422,297.6307,2019
Uganda,Moroto,298.61328,294.6631,296.7277,2020
Algeria,Mostaganem,297.96802,287.2976,291.96896,2001
Algeria,Mostaganem,297.23267,287.21973,291.7117,2002
Algeria,Mostaganem,299.30176,286.35327,291.95035,2003
Algeria,Mostaganem,297.93066,287.23218,291.48172,2004
Algeria,Mostaganem,297.28833,285.12402,291.18216,2005
Algeria,Mostaganem,297.83276,286.0061,291.9429,2006
Algeria,Mostaganem,297.90308,287.50024,291.59366,2007
Algeria,Mostaganem,298.33374,286.9978,291.6216,2008
Algeria,Mostaganem,298.09497,286.4441,291.83145,2009
Algeria,Mostaganem,298.11792,287.57227,291.79456,2010
Algeria,Mostaganem,298.0923,286.93677,292.0208,2011
Algeria,Mostaganem,298.77026,284.6399,291.64297,2012
Algeria,Mostaganem,298.167,286.31543,291.61267,2013
Algeria,Mostaganem,297.66968,287.4651,292.1691,2014
Algeria,Mostaganem,298.74902,286.2251,292.1572,2015
Algeria,Mostaganem,297.67505,287.58228,292.2709,2016
Algeria,Mostaganem,298.5027,286.82495,292.27087,2017
Algeria,Mostaganem,298.03394,287.1089,291.90433,2018
Algeria,Mostaganem,298.03394,287.1089,291.90433,2019
Algeria,Mostaganem,299.22168,287.1814,292.3613,2020
Angola,Moxico,298.2434,293.4641,295.73117,2001
Angola,Moxico,297.92822,294.5205,295.91287,2002
Angola,Moxico,298.00293,294.91357,296.05075,2003
Angola,Moxico,298.41895,294.52344,295.7405,2004
Angola,Moxico,299.02612,294.86133,296.2082,2005
Angola,Moxico,298.3833,294.39233,295.89926,2006
Angola,Moxico,298.37964,294.61353,295.99387,2007
Angola,Moxico,299.98145,294.6631,296.10648,2008
Angola,Moxico,298.90674,294.73486,295.99014,2009
Angola,Moxico,299.51685,294.48315,296.24133,2010
Angola,Moxico,298.9126,294.41504,295.83185,2011
Angola,Moxico,298.8733,294.63403,296.0523,2012
Angola,Moxico,298.29614,294.72217,296.0409,2013
Angola,Moxico,298.5713,294.7893,296.1279,2014
Angola,Moxico,299.2683,294.70312,296.11618,2015
Angola,Moxico,299.31177,294.7627,296.54562,2016
Angola,Moxico,298.55835,295.05957,296.21146,2017
Angola,Moxico,299.44556,295.0332,296.6478,2018
Angola,Moxico,299.44556,295.0332,296.6478,2019
Angola,Moxico,297.93604,294.81543,296.20456,2020
Gabon,Moyen-Ogooue,299.09326,296.41138,298.09216,2001
Gabon,Moyen-Ogooue,299.4536,297.60767,298.6119,2002
Gabon,Moyen-Ogooue,299.52124,297.73926,298.69547,2003
Gabon,Moyen-Ogooue,299.6853,297.0852,298.50452,2004
Gabon,Moyen-Ogooue,299.78613,296.9563,298.58353,2005
Gabon,Moyen-Ogooue,299.27563,297.04956,298.46927,2006
Gabon,Moyen-Ogooue,299.78345,297.30737,298.6109,2007
Gabon,Moyen-Ogooue,299.54004,297.3452,298.50052,2008
Gabon,Moyen-Ogooue,299.49414,297.14282,298.5712,2009
Gabon,Moyen-Ogooue,299.91724,297.62378,298.9487,2010
Gabon,Moyen-Ogooue,299.5381,297.4685,298.72818,2011
Gabon,Moyen-Ogooue,299.5786,297.23267,298.72598,2012
Gabon,Moyen-Ogooue,299.85547,296.80615,298.8428,2013
Gabon,Moyen-Ogooue,299.76392,296.8379,298.82468,2014
Gabon,Moyen-Ogooue,299.70117,297.44238,298.90103,2015
Gabon,Moyen-Ogooue,300.42505,298.04565,299.34445,2016
Gabon,Moyen-Ogooue,300.07812,297.62085,299.22562,2017
Gabon,Moyen-Ogooue,300.12256,298.04565,299.24677,2018
Gabon,Moyen-Ogooue,300.12256,298.04565,299.24677,2019
Gabon,Moyen-Ogooue,300.3225,298.15137,299.35626,2020
Uganda,Moyo,301.91675,297.33716,299.24515,2001
Uganda,Moyo,303.13965,298.30298,299.75107,2002
Uganda,Moyo,302.73413,297.3435,299.6357,2003
Uganda,Moyo,303.69507,297.6123,299.7651,2004
Uganda,Moyo,304.46387,297.5913,300.2054,2005
Uganda,Moyo,302.94946,297.83862,299.5845,2006
Uganda,Moyo,302.3518,297.22534,299.59576,2007
Uganda,Moyo,301.50684,297.25342,299.3371,2008
Uganda,Moyo,302.1748,298.68677,300.06207,2009
Uganda,Moyo,302.4961,297.85034,299.80203,2010
Uganda,Moyo,302.22192,297.49268,299.52814,2011
Uganda,Moyo,303.25146,297.1936,299.47482,2012
Uganda,Moyo,302.667,297.4834,299.45706,2013
Uganda,Moyo,302.64868,297.54077,300.00406,2014
Uganda,Moyo,303.60156,298.1599,299.91843,2015
Uganda,Moyo,303.81665,297.9685,300.45578,2016
Uganda,Moyo,302.88745,297.70972,300.3096,2017
Uganda,Moyo,303.75586,297.55542,300.00995,2018
Uganda,Moyo,303.75586,297.55542,300.00995,2019
Uganda,Moyo,302.00195,297.5459,299.46286,2020
Uganda,Mpigi,295.06714,293.66602,294.41345,2001
Uganda,Mpigi,295.90723,294.45117,294.83505,2002
Uganda,Mpigi,296.91577,294.26074,295.18048,2003
Uganda,Mpigi,296.49194,294.7141,295.4067,2004
Uganda,Mpigi,297.47168,294.84717,295.68475,2005
Uganda,Mpigi,296.70532,294.47168,295.1937,2006
Uganda,Mpigi,296.4807,294.33667,295.41623,2007
Uganda,Mpigi,295.94116,294.40405,295.14227,2008
Uganda,Mpigi,296.78125,294.93604,295.47922,2009
Uganda,Mpigi,296.1892,294.60815,295.22034,2010
Uganda,Mpigi,296.09106,294.385,294.936,2011
Uganda,Mpigi,296.66235,294.30493,295.1664,2012
Uganda,Mpigi,296.60645,294.7256,295.41605,2013
Uganda,Mpigi,297.22876,294.73608,295.54196,2014
Uganda,Mpigi,297.01465,294.67676,295.71808,2015
Uganda,Mpigi,297.8479,295.52954,296.1646,2016
Uganda,Mpigi,297.2234,295.14673,295.9893,2017
Uganda,Mpigi,297.1643,294.8689,295.62567,2018
Uganda,Mpigi,297.1643,294.8689,295.62567,2019
Uganda,Mpigi,296.89453,294.97485,295.6647,2020
South Africa,Mpumalanga,299.70825,291.5542,296.38562,2001
South Africa,Mpumalanga,300.27905,291.8318,296.62347,2002
South Africa,Mpumalanga,301.6306,290.83765,297.0112,2003
South Africa,Mpumalanga,301.32617,290.92505,296.68143,2004
South Africa,Mpumalanga,301.51367,292.16162,297.35483,2005
South Africa,Mpumalanga,302.21655,291.80225,296.78256,2006
South Africa,Mpumalanga,301.48877,291.02808,296.73068,2007
South Africa,Mpumalanga,300.65137,292.20142,296.9305,2008
South Africa,Mpumalanga,301.25195,290.88892,296.8399,2009
South Africa,Mpumalanga,300.56616,292.1306,297.10983,2010
South Africa,Mpumalanga,301.03027,290.3064,296.31476,2011
South Africa,Mpumalanga,300.78833,291.80493,296.51505,2012
South Africa,Mpumalanga,299.6455,291.9663,296.0575,2013
South Africa,Mpumalanga,299.1521,291.82812,296.3792,2014
South Africa,Mpumalanga,302.2173,292.79663,297.51822,2015
South Africa,Mpumalanga,301.5149,291.9392,297.64005,2016
South Africa,Mpumalanga,299.4795,293.26465,296.59818,2017
South Africa,Mpumalanga,301.3789,293.42578,297.9123,2018
South Africa,Mpumalanga,301.3789,293.42578,297.9123,2019
South Africa,Mpumalanga,300.8767,291.82715,296.85544,2020
United Republic of Tanzania,Mtwara,299.7124,296.0464,298.0261,2001
United Republic of Tanzania,Mtwara,299.61108,296.57983,298.14236,2002
United Republic of Tanzania,Mtwara,300.30493,296.5459,298.6092,2003
United Republic of Tanzania,Mtwara,299.7129,296.10864,298.0493,2004
United Republic of Tanzania,Mtwara,300.40308,296.30396,298.2972,2005
United Republic of Tanzania,Mtwara,299.71704,295.9226,298.0391,2006
United Republic of Tanzania,Mtwara,300.02588,296.49292,298.42242,2007
United Republic of Tanzania,Mtwara,299.57666,295.81396,297.95575,2008
United Republic of Tanzania,Mtwara,300.39526,296.42798,298.51535,2009
United Republic of Tanzania,Mtwara,300.2273,296.5437,298.57303,2010
United Republic of Tanzania,Mtwara,300.03418,296.13647,298.19025,2011
United Republic of Tanzania,Mtwara,300.3938,296.3733,298.28604,2012
United Republic of Tanzania,Mtwara,299.83545,296.5249,298.44568,2013
United Republic of Tanzania,Mtwara,300.0586,296.6953,298.34552,2014
United Republic of Tanzania,Mtwara,300.563,296.84863,298.67072,2015
United Republic of Tanzania,Mtwara,300.43384,296.3689,298.41574,2016
United Republic of Tanzania,Mtwara,300.00073,296.77515,298.47644,2017
United Republic of Tanzania,Mtwara,299.89307,296.6289,298.68295,2018
United Republic of Tanzania,Mtwara,299.89307,296.6289,298.68295,2019
United Republic of Tanzania,Mtwara,300.0608,296.83496,298.71255,2020
Uganda,Mubende,296.96167,293.74805,294.92664,2001
Uganda,Mubende,297.7373,294.53857,295.41547,2002
Uganda,Mubende,298.3689,294.58496,295.62384,2003
Uganda,Mubende,297.67163,294.46533,295.59177,2004
Uganda,Mubende,299.30957,294.74316,296.0223,2005
Uganda,Mubende,297.62134,294.37402,295.49203,2006
Uganda,Mubende,297.17798,293.9773,295.42404,2007
Uganda,Mubende,296.0498,294.2339,295.13593,2008
Uganda,Mubende,298.13086,295.05933,296.12735,2009
Uganda,Mubende,297.1775,294.80835,295.6484,2010
Uganda,Mubende,298.09302,294.49072,295.64972,2011
Uganda,Mubende,298.93896,294.54956,295.79123,2012
Uganda,Mubende,297.24707,294.75098,295.87424,2013
Uganda,Mubende,298.96704,294.4568,296.1442,2014
Uganda,Mubende,299.479,294.92163,296.3133,2015
Uganda,Mubende,299.78345,295.8213,296.98444,2016
Uganda,Mubende,299.19604,295.29272,296.67453,2017
Uganda,Mubende,299.34595,294.60913,296.20853,2018
Uganda,Mubende,299.34595,294.60913,296.20853,2019
Uganda,Mubende,297.4082,295.00293,296.05142,2020
Somalia,Mudug,301.6853,297.0735,299.36072,2001
Somalia,Mudug,301.8938,297.667,299.54373,2002
Somalia,Mudug,301.53125,297.94092,299.63736,2003
Somalia,Mudug,301.27466,298.18945,299.35056,2004
Somalia,Mudug,301.73096,297.78125,299.49628,2005
Somalia,Mudug,301.75586,297.76392,299.63333,2006
Somalia,Mudug,302.03662,298.17212,299.98135,2007
Somalia,Mudug,301.2229,297.37402,299.3467,2008
Somalia,Mudug,301.2854,297.69604,299.73102,2009
Somalia,Mudug,301.6599,297.6687,299.7773,2010
Somalia,Mudug,300.57446,297.04785,299.35464,2011
Somalia,Mudug,300.6631,297.64478,299.5222,2012
Somalia,Mudug,301.85962,298.1128,299.56546,2013
Somalia,Mudug,301.94653,297.42554,299.63507,2014
Somalia,Mudug,301.50073,297.50488,299.79718,2015
Somalia,Mudug,301.89722,298.26685,299.6633,2016
Somalia,Mudug,301.44165,297.54956,299.63123,2017
Somalia,Mudug,301.77563,297.8452,299.89618,2018
Somalia,Mudug,301.77563,297.8452,299.89618,2019
Somalia,Mudug,302.4453,298.3086,300.15054,2020
Uganda,Mukono,296.34448,294.12305,295.10013,2001
Uganda,Mukono,297.417,294.94434,295.5123,2002
Uganda,Mukono,297.29468,294.406,295.6201,2003
Uganda,Mukono,297.18726,294.53442,295.6733,2004
Uganda,Mukono,298.09863,294.64795,295.95706,2005
Uganda,Mukono,297.70142,294.9331,295.65057,2006
Uganda,Mukono,296.49634,294.60815,295.52072,2007
Uganda,Mukono,296.14355,294.32568,295.3493,2008
Uganda,Mukono,297.45508,295.11548,295.84674,2009
Uganda,Mukono,296.365,294.98315,295.7039,2010
Uganda,Mukono,296.75513,294.99268,295.58102,2011
Uganda,Mukono,297.94092,294.8999,295.8316,2012
Uganda,Mukono,296.8877,294.9873,295.58646,2013
Uganda,Mukono,297.7444,294.81226,295.95132,2014
Uganda,Mukono,298.39648,295.37598,296.15656,2015
Uganda,Mukono,298.67407,295.73145,296.6236,2016
Uganda,Mukono,298.1355,295.36304,296.3306,2017
Uganda,Mukono,297.88477,295.08008,296.0225,2018
Uganda,Mukono,297.88477,295.08008,296.0225,2019
Uganda,Mukono,297.23828,295.2041,295.8841,2020
Burundi,Muramvya,291.62207,290.5227,291.1387,2001
Burundi,Muramvya,293.6079,290.87207,291.83768,2002
Burundi,Muramvya,292.68726,290.81616,291.86212,2003
Burundi,Muramvya,292.4607,291.06128,291.71188,2004
Burundi,Muramvya,293.59082,291.14014,292.0557,2005
Burundi,Muramvya,292.9485,290.8213,291.6683,2006
Burundi,Muramvya,292.23706,290.71338,291.61642,2007
Burundi,Muramvya,292.78418,290.63916,291.44647,2008
Burundi,Muramvya,293.3501,291.3457,291.9146,2009
Burundi,Muramvya,293.85034,291.77808,292.42917,2010
Burundi,Muramvya,292.12427,291.3557,291.6276,2011
Burundi,Muramvya,292.78345,290.98535,291.75558,2012
Burundi,Muramvya,292.812,291.51978,291.97562,2013
Burundi,Muramvya,292.4353,291.58862,292.02487,2014
Burundi,Muramvya,293.40698,291.6621,292.30954,2015
Burundi,Muramvya,293.45435,291.87012,292.65323,2016
Burundi,Muramvya,292.90308,291.82227,292.35876,2017
Burundi,Muramvya,293.14673,291.85938,292.362,2018
Burundi,Muramvya,293.14673,291.85938,292.362,2019
Burundi,Muramvya,293.48535,291.92285,292.66193,2020
Libya,Murzuq,303.7976,285.2473,295.52805,2001
Libya,Murzuq,305.5857,283.65918,295.55478,2002
Libya,Murzuq,303.84863,285.81665,295.44968,2003
Libya,Murzuq,302.9795,284.99805,295.46854,2004
Libya,Murzuq,303.71216,285.45898,295.78354,2005
Libya,Murzuq,305.28003,285.44507,295.62827,2006
Libya,Murzuq,303.98096,284.9065,295.93106,2007
Libya,Murzuq,304.96704,284.30566,296.1159,2008
Libya,Murzuq,303.90576,287.1211,296.03683,2009
Libya,Murzuq,305.19507,287.7273,297.41745,2010
Libya,Murzuq,304.67944,284.20752,295.18146,2011
Libya,Murzuq,303.93774,284.3557,295.83453,2012
Libya,Murzuq,304.11743,285.36084,296.31287,2013
Libya,Murzuq,304.6582,286.35547,296.18082,2014
Libya,Murzuq,304.88428,284.4131,295.66306,2015
Libya,Murzuq,305.20996,285.14087,296.4252,2016
Libya,Murzuq,303.8838,283.1648,294.88138,2017
Libya,Murzuq,304.70508,284.0171,296.18655,2018
Libya,Murzuq,304.70508,284.0171,296.18655,2019
Libya,Murzuq,304.0713,283.86694,295.84113,2020
Burundi,Muyinga,294.59888,292.78638,293.6781,2001
Burundi,Muyinga,296.02002,292.89697,294.1246,2002
Burundi,Muyinga,295.55957,293.59766,294.38297,2003
Burundi,Muyinga,295.74316,293.32544,294.38733,2004
Burundi,Muyinga,295.77637,293.43604,294.53354,2005
Burundi,Muyinga,295.67896,292.9463,294.22495,2006
Burundi,Muyinga,294.70972,293.3208,294.1086,2007
Burundi,Muyinga,295.55762,292.8916,293.96942,2008
Burundi,Muyinga,295.88403,293.36328,294.31842,2009
Burundi,Muyinga,296.71167,293.59058,294.75208,2010
Burundi,Muyinga,294.87085,293.26392,293.95734,2011
Burundi,Muyinga,294.97534,293.31543,294.04807,2012
Burundi,Muyinga,295.80762,293.5327,294.44617,2013
Burundi,Muyinga,295.73828,293.78394,294.4803,2014
Burundi,Muyinga,296.46826,293.72168,294.78677,2015
Burundi,Muyinga,296.55347,293.99902,295.22873,2016
Burundi,Muyinga,296.42163,293.9651,294.8804,2017
Burundi,Muyinga,296.1902,293.90796,294.78696,2018
Burundi,Muyinga,296.1902,293.90796,294.78696,2019
Burundi,Muyinga,296.83496,294.17212,295.13052,2020
United Republic of Tanzania,Mwanza,297.27905,295.61646,296.5614,2001
United Republic of Tanzania,Mwanza,297.6045,296.11914,296.8707,2002
United Republic of Tanzania,Mwanza,298.14624,296.18335,297.05157,2003
United Republic of Tanzania,Mwanza,297.9685,296.22778,296.87595,2004
United Republic of Tanzania,Mwanza,298.90918,296.2942,297.22592,2005
United Republic of Tanzania,Mwanza,297.75024,295.45288,296.702,2006
United Republic of Tanzania,Mwanza,297.719,296.31104,296.81516,2007
United Republic of Tanzania,Mwanza,297.2307,296.1421,296.7007,2008
United Republic of Tanzania,Mwanza,297.8711,296.1836,296.96622,2009
United Republic of Tanzania,Mwanza,297.61255,296.33862,297.05075,2010
United Republic of Tanzania,Mwanza,297.60474,295.56274,296.5778,2011
United Republic of Tanzania,Mwanza,298.021,296.06958,296.73004,2012
United Republic of Tanzania,Mwanza,297.69824,296.2334,296.83353,2013
United Republic of Tanzania,Mwanza,297.44556,296.02905,296.9196,2014
United Republic of Tanzania,Mwanza,298.27393,295.91504,297.14792,2015
United Republic of Tanzania,Mwanza,299.0432,296.70874,297.5627,2016
United Republic of Tanzania,Mwanza,298.20386,296.51074,297.27933,2017
United Republic of Tanzania,Mwanza,298.5686,295.97998,297.12387,2018
United Republic of Tanzania,Mwanza,298.5686,295.97998,297.12387,2019
United Republic of Tanzania,Mwanza,297.44727,296.2561,296.86685,2020
Burundi,Mwaro,293.74536,291.81763,292.45218,2001
Burundi,Mwaro,295.104,291.49463,292.9332,2002
Burundi,Mwaro,295.41284,292.18652,293.27243,2003
Burundi,Mwaro,294.91504,292.0774,293.26053,2004
Burundi,Mwaro,295.92847,292.25244,293.5347,2005
Burundi,Mwaro,295.69653,291.8506,292.9948,2006
Burundi,Mwaro,295.09644,291.90283,293.0466,2007
Burundi,Mwaro,295.458,291.37744,292.73422,2008
Burundi,Mwaro,296.01416,292.07812,293.22076,2009
Burundi,Mwaro,294.8767,292.76245,293.47342,2010
Burundi,Mwaro,294.18604,292.07642,292.78644,2011
Burundi,Mwaro,294.07056,291.93262,292.96832,2012
Burundi,Mwaro,294.5537,292.43774,293.1426,2013
Burundi,Mwaro,294.4099,292.3098,293.2692,2014
Burundi,Mwaro,295.79175,292.50586,293.49738,2015
Burundi,Mwaro,295.50513,292.85645,293.78995,2016
Burundi,Mwaro,294.9939,292.61133,293.56497,2017
Burundi,Mwaro,295.3694,292.65845,293.51175,2018
Burundi,Mwaro,295.3694,292.65845,293.51175,2019
Burundi,Mwaro,295.45557,292.96777,293.8426,2020
Algeria,Naama,301.95654,280.07153,290.36267,2001
Algeria,Naama,300.5974,279.08887,289.67996,2002
Algeria,Naama,302.97632,278.60498,289.76056,2003
Algeria,Naama,301.4502,278.87695,289.32825,2004
Algeria,Naama,302.86475,276.14258,289.46503,2005
Algeria,Naama,302.24097,277.7229,290.12308,2006
Algeria,Naama,302.16284,278.77588,289.28635,2007
Algeria,Naama,302.54443,278.14624,289.1304,2008
Algeria,Naama,302.65454,278.87378,289.74274,2009
Algeria,Naama,302.74683,281.32617,290.2358,2010
Algeria,Naama,301.96924,278.84033,289.66095,2011
Algeria,Naama,303.0398,277.0735,289.7564,2012
Algeria,Naama,301.05225,279.0581,289.11136,2013
Algeria,Naama,301.30835,278.875,290.02603,2014
Algeria,Naama,302.3369,278.37793,289.68942,2015
Algeria,Naama,302.76733,279.61597,290.20612,2016
Algeria,Naama,302.7068,277.03784,290.155,2017
Algeria,Naama,303.05273,278.16748,289.97006,2018
Algeria,Naama,303.05273,278.16748,289.97006,2019
Algeria,Naama,302.9287,277.96655,290.69382,2020
Tunisia,Nabeul,299.427,285.3235,292.07166,2001
Tunisia,Nabeul,299.1682,284.2959,291.96527,2002
Tunisia,Nabeul,301.74316,283.5525,292.28415,2003
Tunisia,Nabeul,300.2256,285.20508,291.71008,2004
Tunisia,Nabeul,299.8374,283.12012,291.5145,2005
Tunisia,Nabeul,300.07886,283.76782,292.18198,2006
Tunisia,Nabeul,299.78198,286.06494,292.06973,2007
Tunisia,Nabeul,299.98608,285.53418,292.09232,2008
Tunisia,Nabeul,300.677,284.06543,291.95108,2009
Tunisia,Nabeul,299.7859,285.9121,292.0911,2010
Tunisia,Nabeul,299.5017,284.68286,291.9565,2011
Tunisia,Nabeul,301.2683,282.84497,292.4068,2012
Tunisia,Nabeul,299.7295,284.1045,292.1348,2013
Tunisia,Nabeul,299.82397,285.92358,292.47247,2014
Tunisia,Nabeul,300.583,284.26025,292.2586,2015
Tunisia,Nabeul,299.50952,286.1819,292.46475,2016
Tunisia,Nabeul,300.89722,283.67065,291.97546,2017
Tunisia,Nabeul,300.9148,284.3335,292.04526,2018
Tunisia,Nabeul,300.9148,284.3335,292.04526,2019
Tunisia,Nabeul,301.083,285.7146,292.36813,2020
Kenya,Nairobi,292.64722,289.33545,291.36594,2001
Kenya,Nairobi,292.8369,289.9983,291.428,2002
Kenya,Nairobi,293.64648,289.656,291.59796,2003
Kenya,Nairobi,293.05444,289.886,291.52048,2004
Kenya,Nairobi,293.76733,289.47217,291.69827,2005
Kenya,Nairobi,293.55298,289.8562,291.63968,2006
Kenya,Nairobi,292.94946,290.02612,291.5733,2007
Kenya,Nairobi,292.87207,289.94873,291.57523,2008
Kenya,Nairobi,294.14648,290.11157,292.1298,2009
Kenya,Nairobi,293.71265,289.85034,291.77634,2010
Kenya,Nairobi,293.68652,290.4458,292.00665,2011
Kenya,Nairobi,294.2671,289.76,291.7971,2012
Kenya,Nairobi,293.40356,289.76465,291.58694,2013
Kenya,Nairobi,293.02954,290.5996,291.7866,2014
Kenya,Nairobi,293.86768,290.29004,292.19757,2015
Kenya,Nairobi,294.55493,290.21655,291.9672,2016
Kenya,Nairobi,294.58032,291.0564,292.38254,2017
Kenya,Nairobi,294.89062,291.04175,292.4909,2018
Kenya,Nairobi,294.89062,291.04175,292.4909,2019
Kenya,Nairobi,293.4026,290.63574,292.09323,2020
Uganda,Nakapiripirit,298.82104,294.91162,296.85617,2001
Uganda,Nakapiripirit,299.7295,296.68457,297.84662,2002
Uganda,Nakapiripirit,300.19507,294.5935,297.31998,2003
Uganda,Nakapiripirit,300.35132,295.5459,297.3398,2004
Uganda,Nakapiripirit,299.84668,295.16553,297.5438,2005
Uganda,Nakapiripirit,299.3733,295.198,297.05618,2006
Uganda,Nakapiripirit,298.88306,294.55933,296.87668,2007
Uganda,Nakapiripirit,298.67676,294.81396,296.93997,2008
Uganda,Nakapiripirit,299.8496,297.00806,298.21735,2009
Uganda,Nakapiripirit,298.9646,295.22925,297.19608,2010
Uganda,Nakapiripirit,299.11548,294.65674,296.79977,2011
Uganda,Nakapiripirit,299.687,294.53735,296.6625,2012
Uganda,Nakapiripirit,298.85864,294.65918,296.61545,2013
Uganda,Nakapiripirit,298.9651,294.94507,297.12335,2014
Uganda,Nakapiripirit,299.75586,295.50757,297.66617,2015
Uganda,Nakapiripirit,301.05103,295.64624,298.1397,2016
Uganda,Nakapiripirit,299.76782,294.9607,297.37488,2017
Uganda,Nakapiripirit,300.30273,294.84644,297.26337,2018
Uganda,Nakapiripirit,300.30273,294.84644,297.26337,2019
Uganda,Nakapiripirit,298.48804,294.53027,296.4085,2020
Uganda,Nakaseke,295.94995,293.47266,294.59006,2001
Uganda,Nakaseke,296.87012,294.2627,294.9954,2002
Uganda,Nakaseke,297.1443,293.89233,295.20523,2003
Uganda,Nakaseke,296.96655,294.09497,295.24393,2004
Uganda,Nakaseke,297.85254,294.13232,295.52655,2005
Uganda,Nakaseke,297.18384,294.3335,295.15384,2006
Uganda,Nakaseke,296.23657,293.99097,295.14444,2007
Uganda,Nakaseke,295.93066,293.88623,294.90887,2008
Uganda,Nakaseke,297.14844,294.69556,295.49762,2009
Uganda,Nakaseke,296.20288,294.37183,295.25076,2010
Uganda,Nakaseke,296.55396,294.5454,295.1567,2011
Uganda,Nakaseke,297.90576,294.312,295.47418,2012
Uganda,Nakaseke,296.81543,294.417,295.25085,2013
Uganda,Nakaseke,298.0061,294.29468,295.67838,2014
Uganda,Nakaseke,298.2461,294.8435,295.8709,2015
Uganda,Nakaseke,298.5725,295.3855,296.39865,2016
Uganda,Nakaseke,298.05737,295.1599,296.0461,2017
Uganda,Nakaseke,297.57617,294.58594,295.64407,2018
Uganda,Nakaseke,297.57617,294.58594,295.64407,2019
Uganda,Nakaseke,296.97266,294.76855,295.49997,2020
Uganda,Nakasongola,298.76636,295.42773,296.68967,2001
Uganda,Nakasongola,299.4502,296.4143,297.1202,2002
Uganda,Nakasongola,299.80054,295.74194,297.33444,2003
Uganda,Nakasongola,299.26538,295.99927,297.24753,2004
Uganda,Nakasongola,300.18652,295.91553,297.59637,2005
Uganda,Nakasongola,299.45142,296.11035,297.14145,2006
Uganda,Nakasongola,298.5569,295.61792,297.13614,2007
Uganda,Nakasongola,298.22168,295.89404,297.05194,2008
Uganda,Nakasongola,299.42773,296.65063,297.54532,2009
Uganda,Nakasongola,298.32227,296.1394,297.13586,2010
Uganda,Nakasongola,299.2356,296.02393,297.1219,2011
Uganda,Nakasongola,299.9214,296.01392,297.30573,2012
Uganda,Nakasongola,299.12598,296.0381,297.16214,2013
Uganda,Nakasongola,299.67017,295.92944,297.56296,2014
Uganda,Nakasongola,300.2329,296.48535,297.791,2015
Uganda,Nakasongola,300.64282,296.92358,298.2595,2016
Uganda,Nakasongola,300.20776,296.4851,297.94373,2017
Uganda,Nakasongola,300.1643,295.98608,297.52963,2018
Uganda,Nakasongola,300.1643,295.98608,297.52963,2019
Uganda,Nakasongola,298.80078,296.17676,297.17398,2020
Uganda,Namayingo,295.8855,293.85303,294.81467,2001
Uganda,Namayingo,296.98926,294.72168,295.25482,2002
Uganda,Namayingo,296.4431,294.05054,295.2088,2003
Uganda,Namayingo,296.49,294.3645,295.24832,2004
Uganda,Namayingo,297.33496,294.28857,295.65073,2005
Uganda,Namayingo,297.42017,294.59058,295.33823,2006
Uganda,Namayingo,295.86157,294.1316,295.10324,2007
Uganda,Namayingo,295.84277,293.91162,295.0189,2008
Uganda,Namayingo,296.61328,294.70142,295.40988,2009
Uganda,Namayingo,296.19702,294.67456,295.41776,2010
Uganda,Namayingo,296.12427,294.53564,295.2368,2011
Uganda,Namayingo,297.1985,294.2444,295.3062,2012
Uganda,Namayingo,296.38574,294.4502,295.19144,2013
Uganda,Namayingo,296.61743,294.34546,295.41486,2014
Uganda,Namayingo,297.84375,294.917,295.70914,2015
Uganda,Namayingo,297.7815,295.14355,296.06906,2016
Uganda,Namayingo,297.64917,294.7693,295.94324,2017
Uganda,Namayingo,297.41235,294.64844,295.69583,2018
Uganda,Namayingo,297.41235,294.64844,295.69583,2019
Uganda,Namayingo,296.54102,294.5713,295.41354,2020
Angola,Namibe,298.53687,291.56958,295.15515,2001
Angola,Namibe,299.0083,291.40015,295.5836,2002
Angola,Namibe,298.4016,291.22168,295.87643,2003
Angola,Namibe,298.6106,290.6416,295.77975,2004
Angola,Namibe,299.5166,291.22974,295.4976,2005
Angola,Namibe,297.4558,291.79346,295.39487,2006
Angola,Namibe,300.2068,292.1902,295.78732,2007
Angola,Namibe,300.25635,292.62988,295.64163,2008
Angola,Namibe,300.1328,292.43677,296.04596,2009
Angola,Namibe,298.84302,292.75513,296.10574,2010
Angola,Namibe,298.1643,291.88525,295.42642,2011
Angola,Namibe,298.15283,290.84644,295.1397,2012
Angola,Namibe,298.56763,291.8706,295.43655,2013
Angola,Namibe,300.41138,291.74976,295.7534,2014
Angola,Namibe,298.66992,291.0874,295.3029,2015
Angola,Namibe,300.18774,292.20972,296.53668,2016
Angola,Namibe,299.73242,292.58374,296.00818,2017
Angola,Namibe,298.9043,292.9187,296.53598,2018
Angola,Namibe,298.9043,292.9187,296.53598,2019
Angola,Namibe,300.17773,293.02246,296.7114,2020
Mozambique,Nampula,300.42798,296.72998,298.8192,2001
Mozambique,Nampula,300.28784,296.97046,298.81082,2002
Mozambique,Nampula,300.62866,296.3545,298.6668,2003
Mozambique,Nampula,300.73828,296.4934,298.76248,2004
Mozambique,Nampula,300.97363,296.94678,298.95804,2005
Mozambique,Nampula,300.54517,296.90894,298.86606,2006
Mozambique,Nampula,300.719,296.61792,298.9273,2007
Mozambique,Nampula,300.34155,296.54663,298.6514,2008
Mozambique,Nampula,300.8894,296.51392,298.87213,2009
Mozambique,Nampula,301.05396,296.66284,299.2078,2010
Mozambique,Nampula,300.54004,296.46143,298.90817,2011
Mozambique,Nampula,300.47192,296.8147,298.84445,2012
Mozambique,Nampula,300.68506,296.562,298.81155,2013
Mozambique,Nampula,300.72485,297.19727,298.95602,2014
Mozambique,Nampula,300.59033,297.19873,299.0589,2015
Mozambique,Nampula,301.3479,296.90112,299.15128,2016
Mozambique,Nampula,300.77808,297.10425,299.11722,2017
Mozambique,Nampula,301.01318,297.25195,299.17206,2018
Mozambique,Nampula,301.01318,297.25195,299.17206,2019
Mozambique,Nampula,301.36328,296.86816,299.12515,2020
Uganda,Namutumba,297.09448,294.79688,295.86917,2001
Uganda,Namutumba,298.82715,295.47363,296.32156,2002
Uganda,Namutumba,298.17944,295.15405,296.4344,2003
Uganda,Namutumba,298.615,295.4851,296.5898,2004
Uganda,Namutumba,299.59082,295.4077,297.15042,2005
Uganda,Namutumba,298.8225,295.31445,296.30487,2006
Uganda,Namutumba,297.4536,295.00073,296.12003,2007
Uganda,Namutumba,297.60254,294.88818,296.0591,2008
Uganda,Namutumba,298.7793,295.50928,296.59885,2009
Uganda,Namutumba,297.03516,295.30737,296.1948,2010
Uganda,Namutumba,297.88403,295.5354,296.34323,2011
Uganda,Namutumba,298.2827,295.40186,296.246,2012
Uganda,Namutumba,298.3584,295.47168,296.42664,2013
Uganda,Namutumba,298.6858,295.69507,296.7607,2014
Uganda,Namutumba,298.41602,295.5957,296.4189,2015
Uganda,Namutumba,298.8518,295.68262,297.0129,2016
Uganda,Namutumba,298.83667,296.18726,297.28128,2017
Uganda,Namutumba,299.35767,295.31445,296.76547,2018
Uganda,Namutumba,299.35767,295.31445,296.76547,2019
Uganda,Namutumba,296.72046,295.333,295.87643,2020
Central African Republic,Nana-Gribizi,304.46436,298.2024,300.68576,2001
Central African Republic,Nana-Gribizi,305.22705,298.2119,300.95224,2002
Central African Republic,Nana-Gribizi,305.7539,298.36035,301.33072,2003
Central African Republic,Nana-Gribizi,304.91187,298.7295,301.19885,2004
Central African Republic,Nana-Gribizi,305.86304,298.6145,301.5267,2005
Central African Republic,Nana-Gribizi,305.25854,298.3269,301.2054,2006
Central African Republic,Nana-Gribizi,305.58618,298.2644,300.9478,2007
Central African Republic,Nana-Gribizi,304.86035,298.3689,300.58466,2008
Central African Republic,Nana-Gribizi,305.31445,299.40552,301.3715,2009
Central African Republic,Nana-Gribizi,306.052,298.73706,301.33493,2010
Central African Republic,Nana-Gribizi,305.49243,297.8247,300.75534,2011
Central African Republic,Nana-Gribizi,304.98193,298.24292,300.801,2012
Central African Republic,Nana-Gribizi,305.34302,298.167,301.37552,2013
Central African Republic,Nana-Gribizi,305.4807,298.30054,301.35397,2014
Central African Republic,Nana-Gribizi,306.30664,298.97705,301.55807,2015
Central African Republic,Nana-Gribizi,306.18774,298.9558,301.704,2016
Central African Republic,Nana-Gribizi,306.1526,298.74292,301.74646,2017
Central African Republic,Nana-Gribizi,306.5952,298.85034,301.75165,2018
Central African Republic,Nana-Gribizi,306.5952,298.85034,301.75165,2019
Central African Republic,Nana-Gribizi,306.2002,299.15332,301.75552,2020
Central African Republic,Nana-Mambéré,297.04517,293.18896,295.1234,2001
Central African Republic,Nana-Mambéré,297.44995,293.5901,295.2332,2002
Central African Republic,Nana-Mambéré,298.24976,293.35327,295.52,2003
Central African Republic,Nana-Mambéré,298.6853,293.31567,295.40213,2004
Central African Republic,Nana-Mambéré,299.36035,293.75513,295.7808,2005
Central African Republic,Nana-Mambéré,298.55493,293.6648,295.65237,2006
Central African Republic,Nana-Mambéré,298.72095,293.43433,295.44113,2007
Central African Republic,Nana-Mambéré,297.53418,293.5952,295.32278,2008
Central African Republic,Nana-Mambéré,298.51172,293.9436,295.62848,2009
Central African Republic,Nana-Mambéré,298.5056,293.74487,295.83542,2010
Central African Republic,Nana-Mambéré,298.19434,293.52197,295.20392,2011
Central African Republic,Nana-Mambéré,298.56982,293.4773,295.2281,2012
Central African Republic,Nana-Mambéré,297.90723,293.31152,295.2139,2013
Central African Republic,Nana-Mambéré,297.81665,293.42358,295.41812,2014
Central African Republic,Nana-Mambéré,298.10352,294.19507,295.5169,2015
Central African Republic,Nana-Mambéré,298.26392,294.05054,295.7206,2016
Central African Republic,Nana-Mambéré,298.72876,293.7478,295.64816,2017
Central African Republic,Nana-Mambéré,298.44922,293.78296,295.76028,2018
Central African Republic,Nana-Mambéré,298.44922,293.78296,295.76028,2019
Central African Republic,Nana-Mambéré,298.55493,293.9131,295.77017,2020
Uganda,Napak,298.82104,294.91162,296.85617,2001
Uganda,Napak,299.7295,296.68457,297.84662,2002
Uganda,Napak,300.19507,294.5935,297.31998,2003
Uganda,Napak,300.35132,295.5459,297.3398,2004
Uganda,Napak,299.84668,295.16553,297.5438,2005
Uganda,Napak,299.3733,295.198,297.05618,2006
Uganda,Napak,298.88306,294.55933,296.87668,2007
Uganda,Napak,298.67676,294.81396,296.93997,2008
Uganda,Napak,299.8496,297.00806,298.21735,2009
Uganda,Napak,298.9646,295.22925,297.19608,2010
Uganda,Napak,299.11548,294.65674,296.79977,2011
Uganda,Napak,299.687,294.53735,296.6625,2012
Uganda,Napak,298.85864,294.65918,296.61545,2013
Uganda,Napak,298.9651,294.94507,297.12335,2014
Uganda,Napak,299.75586,295.50757,297.66617,2015
Uganda,Napak,301.05103,295.64624,298.1397,2016
Uganda,Napak,299.76782,294.9607,297.37488,2017
Uganda,Napak,300.30273,294.84644,297.26337,2018
Uganda,Napak,300.30273,294.84644,297.26337,2019
Uganda,Napak,298.48804,294.53027,296.4085,2020
Nigeria,Nassarawa,301.99634,295.6477,298.49435,2001
Nigeria,Nassarawa,301.89917,295.90063,298.4096,2002
Nigeria,Nassarawa,302.8672,296.06543,298.9251,2003
Nigeria,Nassarawa,302.5857,295.96973,298.83704,2004
Nigeria,Nassarawa,303.80835,296.08716,299.3239,2005
Nigeria,Nassarawa,302.91162,295.85425,299.19403,2006
Nigeria,Nassarawa,303.0061,295.46362,298.66476,2007
Nigeria,Nassarawa,302.2998,295.76147,298.50067,2008
Nigeria,Nassarawa,303.5293,296.42798,298.77057,2009
Nigeria,Nassarawa,303.30396,296.52612,299.21106,2010
Nigeria,Nassarawa,303.17285,296.04932,298.74933,2011
Nigeria,Nassarawa,302.8921,295.85815,298.5051,2012
Nigeria,Nassarawa,303.1223,295.76855,298.655,2013
Nigeria,Nassarawa,301.50415,295.86304,298.49557,2014
Nigeria,Nassarawa,302.02344,296.2788,298.82062,2015
Nigeria,Nassarawa,302.16235,296.448,298.80588,2016
Nigeria,Nassarawa,303.08618,296.323,299.1685,2017
Nigeria,Nassarawa,302.07422,295.87573,298.55307,2018
Nigeria,Nassarawa,302.07422,295.87573,298.55307,2019
Nigeria,Nassarawa,302.5725,296.12793,298.70914,2020
Uganda,Nebbi,301.14917,297.25342,298.58255,2001
Uganda,Nebbi,302.61426,297.52173,298.82498,2002
Uganda,Nebbi,301.72046,297.09937,298.80582,2003
Uganda,Nebbi,301.90405,297.31567,298.9487,2004
Uganda,Nebbi,302.77832,297.13623,299.31595,2005
Uganda,Nebbi,302.27563,297.36206,298.73553,2006
Uganda,Nebbi,300.74243,296.86987,298.73834,2007
Uganda,Nebbi,300.74194,297.01514,298.64017,2008
Uganda,Nebbi,301.1433,297.84302,299.05524,2009
Uganda,Nebbi,300.61328,297.49683,298.82825,2010
Uganda,Nebbi,301.552,297.10596,298.7111,2011
Uganda,Nebbi,302.87646,297.07056,299.00836,2012
Uganda,Nebbi,301.62207,297.12988,298.8119,2013
Uganda,Nebbi,302.90845,297.2517,299.37238,2014
Uganda,Nebbi,302.8203,298.0642,299.4422,2015
Uganda,Nebbi,303.55396,297.9275,299.83243,2016
Uganda,Nebbi,302.167,297.47144,299.4883,2017
Uganda,Nebbi,303.03735,297.3015,299.29672,2018
Uganda,Nebbi,303.03735,297.3015,299.29672,2019
Uganda,Nebbi,300.9746,297.4204,298.89352,2020
Egypt,New Valley,304.93286,286.99146,296.44992,2001
Egypt,New Valley,306.09155,285.37598,296.7872,2002
Egypt,New Valley,304.15723,286.72437,296.3693,2003
Egypt,New Valley,304.5774,286.3457,296.39548,2004
Egypt,New Valley,304.562,287.02344,296.2365,2005
Egypt,New Valley,305.03394,286.25806,296.25394,2006
Egypt,New Valley,304.67847,286.02563,296.46524,2007
Egypt,New Valley,305.0564,285.12207,296.76956,2008
Egypt,New Valley,305.1819,287.4187,296.64377,2009
Egypt,New Valley,305.56714,288.69727,298.0911,2010
Egypt,New Valley,304.78882,286.99316,296.0612,2011
Egypt,New Valley,305.45923,284.88696,296.5795,2012
Egypt,New Valley,304.2666,287.31006,296.62244,2013
Egypt,New Valley,305.031,287.29663,297.09747,2014
Egypt,New Valley,306.54834,286.27637,296.97116,2015
Egypt,New Valley,306.10645,285.71313,297.27023,2016
Egypt,New Valley,305.60327,285.55542,296.5261,2017
Egypt,New Valley,305.375,285.29053,296.8864,2018
Egypt,New Valley,305.375,285.29053,296.8864,2019
Egypt,New Valley,304.78027,285.7693,296.8177,2020
Botswana,Ngamiland,300.52246,289.3589,296.30408,2001
Botswana,Ngamiland,300.4082,291.18066,297.12967,2002
Botswana,Ngamiland,300.80396,290.45483,297.09845,2003
Botswana,Ngamiland,301.11157,289.62427,295.98044,2004
Botswana,Ngamiland,302.542,290.50732,297.11703,2005
Botswana,Ngamiland,300.35474,289.8999,295.33075,2006
Botswana,Ngamiland,300.49048,289.59644,295.84152,2007
Botswana,Ngamiland,301.88843,290.219,295.46176,2008
Botswana,Ngamiland,301.0144,289.48853,295.72678,2009
Botswana,Ngamiland,301.80444,289.80835,296.38034,2010
Botswana,Ngamiland,300.73853,289.49194,295.8771,2011
Botswana,Ngamiland,301.7168,289.7893,296.0175,2012
Botswana,Ngamiland,301.29663,291.30615,296.62814,2013
Botswana,Ngamiland,301.45947,290.69727,296.18228,2014
Botswana,Ngamiland,302.98145,291.0525,297.2858,2015
Botswana,Ngamiland,303.7046,291.1931,297.3168,2016
Botswana,Ngamiland,301.10645,291.20288,296.15808,2017
Botswana,Ngamiland,301.93726,290.77148,297.21274,2018
Botswana,Ngamiland,301.93726,290.77148,297.21274,2019
Botswana,Ngamiland,302.62207,289.6709,296.1219,2020
Comoros,Ngazidja,299.6128,296.5796,298.34753,2001
Comoros,Ngazidja,299.81934,296.83423,298.4915,2002
Comoros,Ngazidja,300.10352,296.45996,298.61667,2003
Comoros,Ngazidja,299.92163,296.5205,298.38864,2004
Comoros,Ngazidja,300.07593,296.53638,298.48505,2005
Comoros,Ngazidja,299.63306,296.68628,298.36996,2006
Comoros,Ngazidja,300.10986,296.95776,298.69928,2007
Comoros,Ngazidja,299.3623,296.34717,298.21307,2008
Comoros,Ngazidja,300.14722,296.62817,298.5964,2009
Comoros,Ngazidja,300.5891,296.6609,298.7822,2010
Comoros,Ngazidja,299.67627,296.79736,298.5594,2011
Comoros,Ngazidja,300.07446,296.80542,298.46506,2012
Comoros,Ngazidja,299.9524,296.45215,298.5487,2013
Comoros,Ngazidja,299.96265,297.083,298.70197,2014
Comoros,Ngazidja,300.1411,297.12256,298.8543,2015
Comoros,Ngazidja,300.61548,296.7981,298.6672,2016
Comoros,Ngazidja,300.0393,297.18433,298.83273,2017
Comoros,Ngazidja,300.45117,297.28198,299.03094,2018
Comoros,Ngazidja,300.45117,297.28198,299.03094,2019
Comoros,Ngazidja,300.61548,296.84668,298.8771,2020
Uganda,Ngora,299.72217,296.00977,297.58127,2001
Uganda,Ngora,300.87988,296.97192,298.46805,2002
Uganda,Ngora,300.6931,295.64233,298.1945,2003
Uganda,Ngora,300.44702,296.96606,298.33948,2004
Uganda,Ngora,301.333,296.50732,298.6208,2005
Uganda,Ngora,300.57642,296.29175,298.02948,2006
Uganda,Ngora,299.77368,295.83276,298.03375,2007
Uganda,Ngora,299.66113,296.146,297.7435,2008
Uganda,Ngora,301.04492,297.45728,298.77432,2009
Uganda,Ngora,299.39648,296.18042,297.77518,2010
Uganda,Ngora,299.78052,296.21924,297.8084,2011
Uganda,Ngora,300.5796,296.01587,297.69034,2012
Uganda,Ngora,300.1123,296.09082,297.93283,2013
Uganda,Ngora,300.08618,296.50952,298.29947,2014
Uganda,Ngora,301.04102,296.48022,298.3535,2015
Uganda,Ngora,301.7893,297.37012,299.07053,2016
Uganda,Ngora,300.9187,296.6931,298.9097,2017
Uganda,Ngora,301.29907,296.3125,298.28094,2018
Uganda,Ngora,301.29907,296.3125,298.28094,2019
Uganda,Ngora,299.60132,295.78613,297.25925,2020
Gabon,Ngounie,297.60107,294.78052,296.5427,2001
Gabon,Ngounie,298.06104,295.86157,297.13358,2002
Gabon,Ngounie,298.01538,296.04395,297.2049,2003
Gabon,Ngounie,298.281,295.34692,297.03464,2004
Gabon,Ngounie,298.37598,295.2688,297.07196,2005
Gabon,Ngounie,297.8667,295.40698,296.98798,2006
Gabon,Ngounie,298.1936,295.57104,297.121,2007
Gabon,Ngounie,297.90137,295.60107,297.04056,2008
Gabon,Ngounie,298.03516,295.3772,297.065,2009
Gabon,Ngounie,298.59106,295.77417,297.429,2010
Gabon,Ngounie,298.20215,295.61694,297.24265,2011
Gabon,Ngounie,298.22607,295.594,297.253,2012
Gabon,Ngounie,298.51685,295.3452,297.39572,2013
Gabon,Ngounie,298.26978,295.2793,297.35983,2014
Gabon,Ngounie,298.41016,295.80176,297.42657,2015
Gabon,Ngounie,298.87524,296.4021,297.8788,2016
Gabon,Ngounie,298.6621,296.04858,297.7302,2017
Gabon,Ngounie,298.75928,296.57495,297.77982,2018
Gabon,Ngounie,298.75928,296.57495,297.77982,2019
Gabon,Ngounie,298.97095,296.42285,297.8444,2020
Burundi,Ngozi,294.3274,292.95996,293.41916,2001
Burundi,Ngozi,296.01807,292.68018,293.9472,2002
Burundi,Ngozi,295.5752,293.4016,294.21954,2003
Burundi,Ngozi,295.81543,293.42114,294.30188,2004
Burundi,Ngozi,295.99902,293.45752,294.50262,2005
Burundi,Ngozi,295.38013,292.90918,294.13138,2006
Burundi,Ngozi,294.6355,293.08887,293.93854,2007
Burundi,Ngozi,295.61035,292.80908,293.87045,2008
Burundi,Ngozi,295.77197,293.09375,294.1169,2009
Burundi,Ngozi,296.57495,293.71753,294.63162,2010
Burundi,Ngozi,294.59814,293.1975,293.80923,2011
Burundi,Ngozi,294.8811,293.18066,293.97775,2012
Burundi,Ngozi,295.52832,293.44238,294.32394,2013
Burundi,Ngozi,295.45312,293.51636,294.35904,2014
Burundi,Ngozi,296.26904,293.58496,294.58136,2015
Burundi,Ngozi,296.073,293.59473,294.97726,2016
Burundi,Ngozi,296.1316,293.69336,294.62537,2017
Burundi,Ngozi,296.1355,293.69897,294.70248,2018
Burundi,Ngozi,296.1355,293.69897,294.70248,2019
Burundi,Ngozi,297.09863,294.09985,295.17886,2020
Niger,Niamey,308.04858,296.12427,302.41263,2001
Niger,Niamey,308.33716,296.05566,302.49847,2002
Niger,Niamey,307.4309,297.3374,302.50308,2003
Niger,Niamey,307.53247,297.73242,302.6282,2004
Niger,Niamey,307.86108,296.26367,302.80228,2005
Niger,Niamey,307.4336,296.22827,302.4102,2006
Niger,Niamey,307.54077,295.48657,302.2188,2007
Niger,Niamey,306.92407,294.06738,301.8345,2008
Niger,Niamey,307.72485,296.8933,303.16315,2009
Niger,Niamey,308.59204,297.49414,302.99036,2010
Niger,Niamey,308.23096,296.45166,302.9196,2011
Niger,Niamey,307.90088,296.38696,302.66202,2012
Niger,Niamey,308.0725,297.27295,302.93542,2013
Niger,Niamey,307.4973,297.64844,302.84634,2014
Niger,Niamey,308.19995,295.5044,302.57028,2015
Niger,Niamey,307.64282,296.68384,302.752,2016
Niger,Niamey,307.39453,297.43237,302.4841,2017
Niger,Niamey,308.05103,297.0542,302.7515,2018
Niger,Niamey,308.05103,297.0542,302.7515,2019
Niger,Niamey,308.32324,297.0642,302.7783,2020
Congo,Niari,296.2085,293.9956,295.19357,2001
Congo,Niari,296.63794,294.65063,295.75092,2002
Congo,Niari,296.8318,294.89233,295.90866,2003
Congo,Niari,296.8181,294.3606,295.75027,2004
Congo,Niari,297.1748,294.54248,295.9219,2005
Congo,Niari,296.66626,294.698,295.79202,2006
Congo,Niari,297.0901,294.58472,295.8697,2007
Congo,Niari,296.55566,294.60498,295.78632,2008
Congo,Niari,296.87695,294.27368,295.7945,2009
Congo,Niari,297.16333,294.76245,296.23337,2010
Congo,Niari,297.01465,294.79077,295.9715,2011
Congo,Niari,296.8628,294.64868,295.9063,2012
Congo,Niari,297.2588,294.45654,296.1169,2013
Congo,Niari,296.79712,294.66797,296.02213,2014
Congo,Niari,296.93164,295.03076,296.19235,2015
Congo,Niari,297.51392,294.94897,296.49142,2016
Congo,Niari,297.06055,294.85327,296.19943,2017
Congo,Niari,297.42334,295.19604,296.3698,2018
Congo,Niari,297.42334,295.19604,296.3698,2019
Congo,Niari,297.45142,295.00293,296.38507,2020
Mozambique,Niassa,301.9873,296.5581,298.9968,2001
Mozambique,Niassa,301.9629,296.50684,298.84402,2002
Mozambique,Niassa,302.60474,296.63843,299.19302,2003
Mozambique,Niassa,301.88892,295.97534,298.64368,2004
Mozambique,Niassa,302.85815,297.09326,299.4644,2005
Mozambique,Niassa,302.21777,296.75073,299.2889,2006
Mozambique,Niassa,302.27832,296.64722,299.02774,2007
Mozambique,Niassa,302.0786,295.63306,298.72513,2008
Mozambique,Niassa,302.1023,296.5647,299.5085,2009
Mozambique,Niassa,301.9297,297.0437,299.63522,2010
Mozambique,Niassa,302.635,296.28882,299.08542,2011
Mozambique,Niassa,302.82056,296.74634,299.19766,2012
Mozambique,Niassa,301.84473,296.57178,299.24548,2013
Mozambique,Niassa,301.7566,296.85938,298.90704,2014
Mozambique,Niassa,301.80518,296.9463,299.2775,2015
Mozambique,Niassa,302.58472,296.40796,299.18253,2016
Mozambique,Niassa,302.4834,297.32397,299.50964,2017
Mozambique,Niassa,302.27197,296.56445,299.29886,2018
Mozambique,Niassa,302.27197,296.56445,299.29886,2019
Mozambique,Niassa,302.3694,296.8877,299.71695,2020
Nigeria,Niger,304.82373,297.77856,300.55716,2001
Nigeria,Niger,305.6333,297.13574,300.6557,2002
Nigeria,Niger,305.20825,297.8662,300.92593,2003
Nigeria,Niger,306.3977,298.09082,301.04016,2004
Nigeria,Niger,306.39624,298.1172,301.49515,2005
Nigeria,Niger,306.1167,298.06226,301.48587,2006
Nigeria,Niger,305.8806,297.50415,300.74844,2007
Nigeria,Niger,305.26807,296.7412,300.53256,2008
Nigeria,Niger,305.8711,298.4524,301.4047,2009
Nigeria,Niger,306.36255,298.13354,301.25272,2010
Nigeria,Niger,305.90454,297.70996,301.05157,2011
Nigeria,Niger,306.35205,297.84448,300.81143,2012
Nigeria,Niger,305.42114,297.69824,300.8762,2013
Nigeria,Niger,304.90942,298.05444,300.6865,2014
Nigeria,Niger,305.7234,296.3169,301.0501,2015
Nigeria,Niger,306.13696,297.54517,301.12018,2016
Nigeria,Niger,306.7246,298.3523,301.0925,2017
Nigeria,Niger,306.47217,297.96362,300.6138,2018
Nigeria,Niger,306.47217,297.96362,300.6138,2019
Nigeria,Niger,305.44043,297.62476,300.43585,2020
Sudan,Nile,308.92114,291.92505,301.56107,2001
Sudan,Nile,308.81226,288.97754,301.6295,2002
Sudan,Nile,308.5752,292.48022,301.65753,2003
Sudan,Nile,307.80005,291.56055,301.61438,2004
Sudan,Nile,309.22388,290.26562,301.97025,2005
Sudan,Nile,308.97607,290.73218,301.66995,2006
Sudan,Nile,308.21362,290.26978,301.52985,2007
Sudan,Nile,308.99634,290.87012,302.04413,2008
Sudan,Nile,308.41235,292.9453,301.81778,2009
Sudan,Nile,309.92847,295.21753,303.3865,2010
Sudan,Nile,308.32593,291.22363,301.0042,2011
Sudan,Nile,308.83423,289.3479,301.67844,2012
Sudan,Nile,308.0454,293.4995,302.0386,2013
Sudan,Nile,309.05444,293.88843,302.14597,2014
Sudan,Nile,311.00146,290.44775,301.70358,2015
Sudan,Nile,309.0166,289.5901,302.05197,2016
Sudan,Nile,309.68823,291.51465,301.85696,2017
Sudan,Nile,309.56445,291.812,301.54007,2018
Sudan,Nile,309.56445,291.812,301.54007,2019
Sudan,Nile,309.14893,288.6189,301.1541,2020
Liberia,Nimba,299.11206,295.79028,297.15613,2001
Liberia,Nimba,299.11816,296.0979,297.35965,2002
Liberia,Nimba,299.26343,295.8982,297.38605,2003
Liberia,Nimba,299.02515,295.9309,297.4617,2004
Liberia,Nimba,299.08496,295.84106,297.39667,2005
Liberia,Nimba,298.57568,296.0027,297.5638,2006
Liberia,Nimba,300.28345,295.84058,297.7066,2007
Liberia,Nimba,299.0088,295.76123,297.36313,2008
Liberia,Nimba,298.90527,295.7942,297.51764,2009
Liberia,Nimba,299.04858,296.07886,297.60672,2010
Liberia,Nimba,298.4856,296.08374,297.2819,2011
Liberia,Nimba,299.28833,295.49878,297.3671,2012
Liberia,Nimba,300.06152,295.79395,297.5277,2013
Liberia,Nimba,298.77173,296.0525,297.41876,2014
Liberia,Nimba,298.61133,296.41943,297.48126,2015
Liberia,Nimba,300.04517,296.40308,297.95578,2016
Liberia,Nimba,299.27832,296.52612,297.8599,2017
Liberia,Nimba,299.64648,296.30737,297.97543,2018
Liberia,Nimba,299.64648,296.30737,297.97543,2019
Liberia,Nimba,300.4922,296.0381,298.0568,2020
United Republic of Tanzania,Njombe,298.34082,292.91357,295.47073,2001
United Republic of Tanzania,Njombe,298.02148,293.3838,295.61386,2002
United Republic of Tanzania,Njombe,298.79614,292.865,296.09308,2003
United Republic of Tanzania,Njombe,298.6194,293.00122,295.76755,2004
United Republic of Tanzania,Njombe,299.11377,293.14404,296.37338,2005
United Republic of Tanzania,Njombe,298.53613,293.1101,296.08792,2006
United Republic of Tanzania,Njombe,298.95996,293.59644,295.96603,2007
United Republic of Tanzania,Njombe,299.06885,293.07373,295.674,2008
United Republic of Tanzania,Njombe,298.06323,292.98853,296.02042,2009
United Republic of Tanzania,Njombe,298.78125,293.35815,296.1754,2010
United Republic of Tanzania,Njombe,298.55103,293.48804,296.1341,2011
United Republic of Tanzania,Njombe,298.68384,293.74048,296.28165,2012
United Republic of Tanzania,Njombe,299.1631,294.0044,296.51453,2013
United Republic of Tanzania,Njombe,298.89722,293.79102,296.13248,2014
United Republic of Tanzania,Njombe,298.9541,294.56934,296.62906,2015
United Republic of Tanzania,Njombe,299.36426,293.77905,296.53195,2016
United Republic of Tanzania,Njombe,299.3623,294.51733,296.82816,2017
United Republic of Tanzania,Njombe,298.7954,294.79688,296.93246,2018
United Republic of Tanzania,Njombe,298.7954,294.79688,296.93246,2019
United Republic of Tanzania,Njombe,298.95605,293.80762,296.38638,2020
Burkina Faso,Nord,307.13257,296.14185,301.83566,2001
Cameroon,Nord,301.10107,292.96606,296.89572,2001
Burkina Faso,Nord,307.46216,296.47754,302.07626,2002
Cameroon,Nord,301.86572,292.0381,297.14462,2002
Burkina Faso,Nord,307.0332,296.76514,301.7529,2003
Cameroon,Nord,302.07544,294.26196,297.43716,2003
Burkina Faso,Nord,306.9602,296.89258,302.26053,2004
Cameroon,Nord,302.35474,295.04297,297.33377,2004
Burkina Faso,Nord,307.08374,296.28516,302.25247,2005
Cameroon,Nord,301.91187,293.77734,297.77396,2005
Burkina Faso,Nord,306.64453,296.365,301.8952,2006
Cameroon,Nord,301.57373,292.76733,297.6475,2006
Burkina Faso,Nord,307.2124,295.92798,301.99454,2007
Cameroon,Nord,302.0896,292.20337,297.34415,2007
Burkina Faso,Nord,307.0901,293.7705,301.8428,2008
Cameroon,Nord,301.68213,293.22363,297.2632,2008
Burkina Faso,Nord,307.19165,295.43628,302.3404,2009
Cameroon,Nord,301.32617,294.67773,297.83322,2009
Burkina Faso,Nord,307.55298,297.21558,302.34323,2010
Cameroon,Nord,303.8391,294.50854,298.20114,2010
Burkina Faso,Nord,307.71143,296.12158,302.3818,2011
Cameroon,Nord,302.4319,293.17285,297.66324,2011
Burkina Faso,Nord,306.93262,295.67993,301.69357,2012
Cameroon,Nord,302.67236,293.9983,297.42438,2012
Burkina Faso,Nord,307.77368,295.91162,302.18558,2013
Cameroon,Nord,302.47583,295.542,298.17093,2013
Burkina Faso,Nord,306.37622,297.2754,302.09323,2014
Cameroon,Nord,301.4485,294.88477,297.58267,2014
Burkina Faso,Nord,307.96948,295.55713,301.78238,2015
Cameroon,Nord,302.2793,291.90283,297.83365,2015
Burkina Faso,Nord,307.57056,296.9104,302.26993,2016
Cameroon,Nord,302.8694,292.99243,297.8879,2016
Burkina Faso,Nord,306.80884,296.1355,302.13986,2017
Cameroon,Nord,302.8086,295.71777,297.81448,2017
Burkina Faso,Nord,307.2815,296.13623,302.33792,2018
Cameroon,Nord,303.3667,294.54053,297.89813,2018
Burkina Faso,Nord,307.2815,296.13623,302.33792,2019
Cameroon,Nord,303.3667,294.54053,297.89813,2019
Burkina Faso,Nord,307.73047,296.656,302.21628,2020
Cameroon,Nord,303.27637,293.57202,297.67007,2020
Cameroon,Nord - Ouest,301.32642,296.31177,298.24744,2001
Cameroon,Nord - Ouest,301.49683,296.5725,298.37674,2002
Cameroon,Nord - Ouest,302.04688,296.7041,298.65475,2003
Cameroon,Nord - Ouest,301.00366,296.62012,298.4718,2004
Cameroon,Nord - Ouest,302.34277,296.70044,298.96585,2005
Cameroon,Nord - Ouest,302.12842,296.43628,298.95853,2006
Cameroon,Nord - Ouest,301.92407,296.39722,298.39508,2007
Cameroon,Nord - Ouest,301.32324,296.42358,298.24173,2008
Cameroon,Nord - Ouest,302.4004,297.177,298.80313,2009
Cameroon,Nord - Ouest,302.81177,297.03052,299.2939,2010
Cameroon,Nord - Ouest,302.09277,296.77783,298.5947,2011
Cameroon,Nord - Ouest,301.21436,296.5437,298.38742,2012
Cameroon,Nord - Ouest,302.7649,296.62207,298.68152,2013
Cameroon,Nord - Ouest,301.18774,296.59546,298.57712,2014
Cameroon,Nord - Ouest,301.31055,296.6001,298.67056,2015
Cameroon,Nord - Ouest,301.3479,297.07788,298.75592,2016
Cameroon,Nord - Ouest,302.3147,297.12378,298.88528,2017
Cameroon,Nord - Ouest,301.79102,296.96167,298.9232,2018
Cameroon,Nord - Ouest,301.79102,296.96167,298.9232,2019
Cameroon,Nord - Ouest,302.3479,296.9126,299.0698,2020
Democratic Republic of the Congo,Nord-Kivu,297.41284,295.4441,296.17972,2001
Democratic Republic of the Congo,Nord-Kivu,298.55566,295.36914,296.72064,2002
Democratic Republic of the Congo,Nord-Kivu,298.96655,295.52637,296.74884,2003
Democratic Republic of the Congo,Nord-Kivu,298.51343,295.79736,296.98465,2004
Democratic Republic of the Congo,Nord-Kivu,299.87793,295.74902,297.2305,2005
Democratic Republic of the Congo,Nord-Kivu,298.1936,295.33105,296.65756,2006
Democratic Republic of the Congo,Nord-Kivu,298.43384,295.4226,296.7463,2007
Democratic Republic of the Congo,Nord-Kivu,297.49585,295.2732,296.36234,2008
Democratic Republic of the Congo,Nord-Kivu,298.7129,296.1062,297.16754,2009
Democratic Republic of the Congo,Nord-Kivu,298.25122,296.18677,297.13538,2010
Democratic Republic of the Congo,Nord-Kivu,298.40942,295.58252,296.82175,2011
Democratic Republic of the Congo,Nord-Kivu,299.0796,295.29712,296.74014,2012
Democratic Republic of the Congo,Nord-Kivu,298.07324,295.4619,296.8389,2013
Democratic Republic of the Congo,Nord-Kivu,299.30493,295.45483,297.1678,2014
Democratic Republic of the Congo,Nord-Kivu,299.18213,295.9248,297.21646,2015
Democratic Republic of the Congo,Nord-Kivu,300.40356,296.54468,297.92032,2016
Democratic Republic of the Congo,Nord-Kivu,299.5808,295.91968,297.55164,2017
Democratic Republic of the Congo,Nord-Kivu,299.469,295.9724,297.40106,2018
Democratic Republic of the Congo,Nord-Kivu,299.469,295.9724,297.40106,2019
Democratic Republic of the Congo,Nord-Kivu,299.2461,295.59424,297.37433,2020
Gambia,North Bank,301.68848,296.81177,299.42322,2001
Gambia,North Bank,301.33765,297.30127,299.3904,2002
Gambia,North Bank,301.47192,296.4568,299.08902,2003
Gambia,North Bank,301.79858,296.88477,299.2594,2004
Gambia,North Bank,301.8291,296.69922,299.75262,2005
Gambia,North Bank,301.68677,296.40454,299.25067,2006
Gambia,North Bank,301.46704,296.73657,299.21457,2007
Gambia,North Bank,301.20093,296.53613,299.3597,2008
Gambia,North Bank,301.85815,295.46167,298.8339,2009
Gambia,North Bank,301.5232,298.0078,300.0172,2010
Gambia,North Bank,301.89282,297.2959,299.37042,2011
Gambia,North Bank,301.75586,297.1311,299.49533,2012
Gambia,North Bank,301.55444,296.9585,299.51404,2013
Gambia,North Bank,301.76416,296.91577,299.2819,2014
Gambia,North Bank,301.4873,296.74707,299.28952,2015
Gambia,North Bank,302.00342,298.18433,299.70285,2016
Gambia,North Bank,302.28223,297.34644,299.7385,2017
Gambia,North Bank,301.5056,297.38232,299.355,2018
Gambia,North Bank,301.5056,297.38232,299.355,2019
Gambia,North Bank,301.9287,297.56226,300.0947,2020
Botswana,North East,298.3977,286.5581,293.39407,2001
Botswana,North East,298.17676,287.667,294.51263,2002
Botswana,North East,298.72412,287.74585,294.6201,2003
Botswana,North East,299.73657,287.29028,293.63553,2004
Botswana,North East,299.06543,288.4702,295.01776,2005
Botswana,North East,298.2102,287.66553,293.43427,2006
Botswana,North East,297.7329,287.6023,293.99762,2007
Botswana,North East,298.8025,288.7378,293.84818,2008
Botswana,North East,297.84766,286.80884,293.28146,2009
Botswana,North East,299.40015,287.52515,294.2589,2010
Botswana,North East,298.67017,286.98608,293.9479,2011
Botswana,North East,297.8069,288.5022,294.41315,2012
Botswana,North East,298.1455,288.7495,294.42908,2013
Botswana,North East,297.3855,288.19336,293.70474,2014
Botswana,North East,299.52393,288.70093,295.0729,2015
Botswana,North East,299.38818,288.17944,294.80133,2016
Botswana,North East,297.24512,288.42554,293.4237,2017
Botswana,North East,299.14502,288.79492,295.1395,2018
Botswana,North East,299.14502,288.79492,295.1395,2019
Botswana,North East,298.2229,287.45215,293.97897,2020
Kenya,North Eastern,300.9768,296.583,298.43542,2001
Kenya,North Eastern,301.26245,296.47266,298.3582,2002
Kenya,North Eastern,301.2849,296.13403,298.44888,2003
Kenya,North Eastern,301.20288,295.89868,298.38358,2004
Kenya,North Eastern,301.54468,296.40088,298.71,2005
Kenya,North Eastern,301.37134,296.50293,298.5482,2006
Kenya,North Eastern,301.61572,296.37012,298.84903,2007
Kenya,North Eastern,300.59668,296.91064,298.6115,2008
Kenya,North Eastern,301.4629,297.40088,299.12653,2009
Kenya,North Eastern,301.54858,297.6648,299.02097,2010
Kenya,North Eastern,301.68457,296.27173,299.0633,2011
Kenya,North Eastern,301.16943,297.29126,298.89557,2012
Kenya,North Eastern,301.38184,296.57178,298.4525,2013
Kenya,North Eastern,301.29907,296.79175,298.93732,2014
Kenya,North Eastern,300.92627,297.1631,298.8525,2015
Kenya,North Eastern,302.74634,297.44897,299.12296,2016
Kenya,North Eastern,301.85767,296.90723,299.4338,2017
Kenya,North Eastern,302.41016,296.84155,299.28973,2018
Kenya,North Eastern,302.41016,296.84155,299.28973,2019
Kenya,North Eastern,301.7893,297.71582,299.37906,2020
Egypt,North Sinai,301.4856,286.96997,294.42078,2001
Egypt,North Sinai,301.97046,285.083,294.4703,2002
Egypt,North Sinai,300.9873,287.06616,294.30484,2003
Egypt,North Sinai,300.92114,286.73242,294.11487,2004
Egypt,North Sinai,301.15552,287.4297,294.07782,2005
Egypt,North Sinai,301.2312,286.45532,294.05682,2006
Egypt,North Sinai,301.38745,286.38306,294.44992,2007
Egypt,North Sinai,301.69507,285.21582,294.65286,2008
Egypt,North Sinai,301.9319,287.83667,294.85587,2009
Egypt,North Sinai,302.52222,288.9336,295.70895,2010
Egypt,North Sinai,301.3208,287.7705,294.34323,2011
Egypt,North Sinai,302.22144,286.1233,294.57803,2012
Egypt,North Sinai,301.23145,286.92334,294.60974,2013
Egypt,North Sinai,301.55444,287.2517,294.67545,2014
Egypt,North Sinai,302.63818,286.19434,294.645,2015
Egypt,North Sinai,301.53784,286.2229,295.17178,2016
Egypt,North Sinai,301.99194,286.26245,294.6296,2017
Egypt,North Sinai,301.78198,286.48193,294.69272,2018
Egypt,North Sinai,301.78198,286.48193,294.69272,2019
Egypt,North Sinai,301.75488,286.6931,294.9194,2020
South Africa,North West,300.9563,286.19287,294.08777,2001
South Africa,North West,299.60645,286.34155,294.7493,2002
South Africa,North West,301.21313,286.76147,295.4925,2003
South Africa,North West,301.20923,285.3645,294.2231,2004
South Africa,North West,300.08252,287.42725,295.5767,2005
South Africa,North West,301.08765,286.81982,294.07455,2006
South Africa,North West,301.28174,286.3601,294.7232,2007
South Africa,North West,299.90405,286.73975,294.355,2008
South Africa,North West,299.8496,284.99243,294.0007,2009
South Africa,North West,300.08374,286.34546,295.0701,2010
South Africa,North West,299.45923,285.53882,294.10806,2011
South Africa,North West,300.91528,287.5288,295.0673,2012
South Africa,North West,300.80566,288.11768,295.19763,2013
South Africa,North West,300.21655,286.61914,294.3481,2014
South Africa,North West,303.00635,287.94116,296.39548,2015
South Africa,North West,302.38208,287.29468,296.14948,2016
South Africa,North West,299.5205,288.7119,294.89798,2017
South Africa,North West,301.46094,288.0918,296.25864,2018
South Africa,North West,301.46094,288.0918,296.25864,2019
South Africa,North West,299.07983,286.61987,294.55353,2020
Zambia,North-Western,297.05933,292.35474,294.74255,2001
Zambia,North-Western,296.86182,293.2959,294.92035,2002
Zambia,North-Western,297.3015,293.7556,295.0677,2003
Zambia,North-Western,297.21924,293.57227,294.7091,2004
Zambia,North-Western,298.15894,293.79688,295.3358,2005
Zambia,North-Western,296.98486,293.38452,294.92743,2006
Zambia,North-Western,297.72144,293.3518,294.88956,2007
Zambia,North-Western,298.8369,293.5608,295.043,2008
Zambia,North-Western,297.9712,293.60962,295.0126,2009
Zambia,North-Western,298.57935,293.63745,295.24686,2010
Zambia,North-Western,297.99854,293.33887,294.7687,2011
Zambia,North-Western,297.86743,293.61548,294.93155,2012
Zambia,North-Western,297.4348,293.6499,294.9185,2013
Zambia,North-Western,298.0869,293.75757,295.06052,2014
Zambia,North-Western,298.31714,293.56738,295.0607,2015
Zambia,North-Western,298.35474,293.51074,295.41168,2016
Zambia,North-Western,298.02515,294.1963,295.18088,2017
Zambia,North-Western,298.17017,293.10938,295.31107,2018
Zambia,North-Western,298.17017,293.10938,295.31107,2019
Zambia,North-Western,297.02832,292.96777,294.93912,2020
Rwanda,North/Amajyaruguru,290.7859,290.0996,290.4517,2001
Rwanda,North/Amajyaruguru,291.70752,290.0703,290.86795,2002
Rwanda,North/Amajyaruguru,292.17358,290.22363,291.006,2003
Rwanda,North/Amajyaruguru,291.73535,290.52173,291.0649,2004
Rwanda,North/Amajyaruguru,292.87598,290.55322,291.2557,2005
Rwanda,North/Amajyaruguru,291.77954,289.9463,290.89764,2006
Rwanda,North/Amajyaruguru,291.38916,290.24512,290.77545,2007
Rwanda,North/Amajyaruguru,291.3545,290.00684,290.61395,2008
Rwanda,North/Amajyaruguru,291.98755,290.54883,291.04318,2009
Rwanda,North/Amajyaruguru,292.92847,290.68237,291.55905,2010
Rwanda,North/Amajyaruguru,291.56763,290.46118,290.8312,2011
Rwanda,North/Amajyaruguru,292.07837,290.3955,291.0943,2012
Rwanda,North/Amajyaruguru,292.18115,290.4756,291.3596,2013
Rwanda,North/Amajyaruguru,291.98828,290.70972,291.24088,2014
Rwanda,North/Amajyaruguru,292.72607,290.84082,291.64175,2015
Rwanda,North/Amajyaruguru,292.86646,290.90723,292.13776,2016
Rwanda,North/Amajyaruguru,292.5525,290.99512,291.70267,2017
Rwanda,North/Amajyaruguru,292.45923,290.8103,291.74026,2018
Rwanda,North/Amajyaruguru,292.45923,290.8103,291.74026,2019
Rwanda,North/Amajyaruguru,293.09277,291.11157,291.96466,2020
Ghana,Northern,305.21436,298.58325,301.17288,2001
Sierra Leone,Northern,300.4983,298.00342,299.18558,2001
Sudan,Northern,307.7063,290.14966,299.6571,2001
Zambia,Northern,299.1377,295.87646,297.314,2001
Ghana,Northern,305.93628,298.6604,301.21576,2002
Sierra Leone,Northern,300.2649,298.11157,299.2789,2002
Sudan,Northern,307.7556,287.44043,299.94916,2002
Zambia,Northern,299.71436,296.2334,297.4871,2002
Ghana,Northern,304.1953,298.55957,301.11227,2003
Sierra Leone,Northern,300.6985,297.86426,299.3146,2003
Sudan,Northern,307.23535,290.45288,299.9357,2003
Zambia,Northern,299.53442,295.22046,297.75162,2003
Ghana,Northern,304.41772,298.6748,301.02307,2004
Sierra Leone,Northern,300.74976,298.0381,299.3429,2004
Sudan,Northern,306.64575,289.45312,299.8237,2004
Zambia,Northern,299.3474,295.34497,297.36145,2004
Ghana,Northern,306.21265,298.4641,301.23538,2005
Sierra Leone,Northern,300.9431,298.06372,299.5049,2005
Sudan,Northern,307.7102,288.9629,300.0949,2005
Zambia,Northern,299.48535,295.84912,298.13724,2005
Ghana,Northern,306.0874,298.42456,301.4385,2006
Sierra Leone,Northern,300.63354,298.05933,299.5814,2006
Sudan,Northern,307.72144,289.2146,299.92123,2006
Zambia,Northern,299.62036,295.71167,297.49643,2006
Ghana,Northern,305.5393,298.34448,301.21866,2007
Sierra Leone,Northern,301.09937,297.90894,299.4413,2007
Sudan,Northern,307.71167,288.56665,299.8793,2007
Zambia,Northern,299.2483,295.86987,297.74747,2007
Ghana,Northern,304.8169,298.20215,301.0259,2008
Sierra Leone,Northern,300.53027,297.88452,299.35452,2008
Sudan,Northern,307.95532,288.81152,300.30878,2008
Zambia,Northern,299.24585,295.4878,297.3864,2008
Ghana,Northern,306.10742,299.02856,301.55817,2009
Sierra Leone,Northern,300.3186,297.87427,299.27252,2009
Sudan,Northern,307.72095,290.98438,300.07852,2009
Zambia,Northern,299.90112,295.43384,297.7136,2009
Ghana,Northern,305.90747,299.02612,301.57712,2010
Sierra Leone,Northern,301.22778,298.16528,299.55515,2010
Sudan,Northern,308.698,292.5359,301.6743,2010
Zambia,Northern,299.51343,296.09448,297.9171,2010
Ghana,Northern,305.9287,298.8208,301.55695,2011
Sierra Leone,Northern,300.66895,297.95752,299.38297,2011
Sudan,Northern,307.54858,289.4502,299.4108,2011
Zambia,Northern,298.56494,296.2068,297.5672,2011
Ghana,Northern,305.78857,298.6648,301.19733,2012
Sierra Leone,Northern,300.1577,297.739,299.09836,2012
Sudan,Northern,308.04053,287.6604,300.14703,2012
Zambia,Northern,299.38672,296.1057,297.63873,2012
Ghana,Northern,305.261,298.46387,301.2017,2013
Sierra Leone,Northern,300.79224,297.79395,299.3381,2013
Sudan,Northern,307.37207,291.66162,300.31955,2013
Zambia,Northern,299.31616,296.04834,297.68655,2013
Ghana,Northern,305.14673,298.8838,301.56915,2014
Sierra Leone,Northern,300.50122,297.63647,299.17804,2014
Sudan,Northern,308.25952,291.41968,300.5999,2014
Zambia,Northern,299.17236,296.35938,297.8561,2014
Ghana,Northern,305.9668,298.49072,301.69205,2015
Sierra Leone,Northern,300.43555,298.34912,299.39987,2015
Sudan,Northern,309.62646,289.14307,299.99313,2015
Zambia,Northern,299.30737,296.94238,297.9492,2015
Ghana,Northern,305.24243,299.1394,301.64542,2016
Sierra Leone,Northern,301.14282,298.27808,299.62637,2016
Sudan,Northern,307.91113,287.74243,300.1695,2016
Zambia,Northern,299.99756,295.85327,298.06906,2016
Ghana,Northern,305.76782,298.96362,301.5886,2017
Sierra Leone,Northern,301.375,298.40405,299.79398,2017
Sudan,Northern,307.9812,289.65527,299.66605,2017
Zambia,Northern,299.27637,296.5603,297.94324,2017
Ghana,Northern,306.0952,299.14917,301.74155,2018
Sierra Leone,Northern,300.95264,298.18433,299.83743,2018
Sudan,Northern,308.47656,288.83936,299.94028,2018
Zambia,Northern,298.84766,296.4375,297.97235,2018
Ghana,Northern,306.0952,299.14917,301.74155,2019
Sierra Leone,Northern,300.95264,298.18433,299.83743,2019
Sudan,Northern,308.47656,288.83936,299.94028,2019
Zambia,Northern,298.84766,296.4375,297.97235,2019
Ghana,Northern,306.05493,298.90527,301.48077,2020
Sierra Leone,Northern,301.45532,298.18262,299.98907,2020
Sudan,Northern,307.354,287.30835,299.64206,2020
Zambia,Northern,299.5244,295.59668,297.73776,2020
South Sudan,Northern Bahr El Ghazal,305.62256,297.7434,301.4779,2001
South Sudan,Northern Bahr El Ghazal,306.5454,297.90918,301.68466,2002
South Sudan,Northern Bahr El Ghazal,306.09302,298.66113,301.94577,2003
South Sudan,Northern Bahr El Ghazal,305.64185,299.17676,301.8766,2004
South Sudan,Northern Bahr El Ghazal,306.10132,299.1438,301.87405,2005
South Sudan,Northern Bahr El Ghazal,306.312,298.70874,301.65677,2006
South Sudan,Northern Bahr El Ghazal,305.9607,298.14087,301.34317,2007
South Sudan,Northern Bahr El Ghazal,305.39746,298.76343,301.62747,2008
South Sudan,Northern Bahr El Ghazal,306.11353,299.47388,302.41202,2009
South Sudan,Northern Bahr El Ghazal,307.23755,298.8523,302.09143,2010
South Sudan,Northern Bahr El Ghazal,306.4397,298.83252,301.42282,2011
South Sudan,Northern Bahr El Ghazal,306.49268,298.09644,301.24973,2012
South Sudan,Northern Bahr El Ghazal,306.40234,298.3916,302.32425,2013
South Sudan,Northern Bahr El Ghazal,305.0647,298.39038,301.96335,2014
South Sudan,Northern Bahr El Ghazal,306.37695,298.3423,302.18195,2015
South Sudan,Northern Bahr El Ghazal,307.52368,298.8562,302.18497,2016
South Sudan,Northern Bahr El Ghazal,306.34766,299.23706,302.52087,2017
South Sudan,Northern Bahr El Ghazal,306.96045,298.87573,302.2725,2018
South Sudan,Northern Bahr El Ghazal,306.96045,298.87573,302.2725,2019
South Sudan,Northern Bahr El Ghazal,307.16113,298.45215,302.07437,2020
South Africa,Northern Cape,291.61646,286.97534,289.40256,2001
South Africa,Northern Cape,293.69043,286.0193,289.4952,2002
South Africa,Northern Cape,291.97827,285.50684,289.346,2003
South Africa,Northern Cape,292.33203,286.4502,289.4778,2004
South Africa,Northern Cape,292.14844,285.95435,289.30453,2005
South Africa,Northern Cape,291.9026,286.18628,289.487,2006
South Africa,Northern Cape,291.6936,286.80542,289.21783,2007
South Africa,Northern Cape,292.2041,286.6421,289.49203,2008
South Africa,Northern Cape,293.1787,286.79028,289.74078,2009
South Africa,Northern Cape,292.36304,287.23413,289.51428,2010
South Africa,Northern Cape,292.34497,286.82617,289.34,2011
South Africa,Northern Cape,292.4104,285.3015,289.04254,2012
South Africa,Northern Cape,291.5581,286.5381,289.19714,2013
South Africa,Northern Cape,292.6526,286.82812,289.68716,2014
South Africa,Northern Cape,292.37207,285.3955,289.12888,2015
South Africa,Northern Cape,293.3557,286.81616,289.54288,2016
South Africa,Northern Cape,291.55884,286.0476,289.13025,2017
South Africa,Northern Cape,291.85376,286.48242,289.0975,2018
South Africa,Northern Cape,291.85376,286.48242,289.0975,2019
South Africa,Northern Cape,291.7207,286.4502,289.11505,2020
Sudan,Northern Darfur,305.5598,285.1809,295.98718,2001
Sudan,Northern Darfur,304.91626,282.6338,296.18793,2002
Sudan,Northern Darfur,304.44434,285.79517,296.4025,2003
Sudan,Northern Darfur,303.97363,286.41016,296.26297,2004
Sudan,Northern Darfur,305.26685,285.4043,296.7209,2005
Sudan,Northern Darfur,305.41675,284.87085,296.56317,2006
Sudan,Northern Darfur,305.44604,284.2854,296.5253,2007
Sudan,Northern Darfur,304.94702,284.81152,296.42255,2008
Sudan,Northern Darfur,304.94946,286.69336,296.64328,2009
Sudan,Northern Darfur,305.99878,287.37378,298.08493,2010
Sudan,Northern Darfur,305.10986,285.65723,296.2005,2011
Sudan,Northern Darfur,305.45728,284.27368,296.88516,2012
Sudan,Northern Darfur,304.61035,287.687,296.8254,2013
Sudan,Northern Darfur,305.5974,286.94507,297.17365,2014
Sudan,Northern Darfur,307.00146,284.84814,296.76413,2015
Sudan,Northern Darfur,305.25293,284.0276,296.93936,2016
Sudan,Northern Darfur,305.39136,286.44434,296.37668,2017
Sudan,Northern Darfur,305.7312,286.03467,297.16605,2018
Sudan,Northern Darfur,305.7312,286.03467,297.16605,2019
Sudan,Northern Darfur,305.08105,284.19507,296.7487,2020
Sudan,Northern Kordofan,306.7649,290.82153,300.57053,2001
Sudan,Northern Kordofan,307.25757,288.27832,300.68954,2002
Sudan,Northern Kordofan,307.2666,292.2268,300.86588,2003
Sudan,Northern Kordofan,307.13208,291.95703,300.8359,2004
Sudan,Northern Kordofan,307.09326,290.42383,301.0417,2005
Sudan,Northern Kordofan,307.3335,290.01733,300.81937,2006
Sudan,Northern Kordofan,306.9204,289.35767,300.61496,2007
Sudan,Northern Kordofan,307.11304,291.0752,301.03632,2008
Sudan,Northern Kordofan,307.30225,291.91016,301.37326,2009
Sudan,Northern Kordofan,307.67554,293.78394,302.13684,2010
Sudan,Northern Kordofan,307.2224,290.6006,300.60236,2011
Sudan,Northern Kordofan,307.64404,289.89087,301.0632,2012
Sudan,Northern Kordofan,307.1548,293.13623,301.28098,2013
Sudan,Northern Kordofan,306.80566,292.90796,301.3867,2014
Sudan,Northern Kordofan,307.6089,289.64502,301.03873,2015
Sudan,Northern Kordofan,307.792,289.08032,301.21637,2016
Sudan,Northern Kordofan,307.6455,291.92676,301.08157,2017
Sudan,Northern Kordofan,307.7578,292.2085,301.05975,2018
Sudan,Northern Kordofan,307.7578,292.2085,301.05975,2019
Sudan,Northern Kordofan,306.68994,289.44116,300.52945,2020
Malawi,Northern Region,300.8877,293.38232,297.01404,2001
Malawi,Northern Region,299.97607,293.62207,296.72552,2002
Malawi,Northern Region,300.79224,292.82202,296.92902,2003
Malawi,Northern Region,299.41235,293.1106,296.6305,2004
Malawi,Northern Region,301.2036,293.56787,297.38577,2005
Malawi,Northern Region,299.98926,293.59253,296.83237,2006
Malawi,Northern Region,300.38184,293.29565,296.892,2007
Malawi,Northern Region,300.15283,292.8452,296.48016,2008
Malawi,Northern Region,299.79565,293.05103,296.79254,2009
Malawi,Northern Region,301.1504,293.81323,297.2986,2010
Malawi,Northern Region,300.3479,293.60522,297.01886,2011
Malawi,Northern Region,300.05493,293.5647,297.04742,2012
Malawi,Northern Region,300.90332,293.69873,297.27347,2013
Malawi,Northern Region,300.17065,293.86328,297.09503,2014
Malawi,Northern Region,300.12988,294.3838,297.48907,2015
Malawi,Northern Region,301.1338,293.6931,297.56467,2016
Malawi,Northern Region,300.36035,294.14038,297.25735,2017
Malawi,Northern Region,300.91064,293.86133,297.37943,2018
Malawi,Northern Region,300.91064,293.86133,297.37943,2019
Malawi,Northern Region,300.83618,293.42285,297.35318,2020
Mauritania,Nouakchott,302.7312,295.02466,298.91052,2001
Mauritania,Nouakchott,302.1919,294.69043,298.35556,2002
Mauritania,Nouakchott,302.38354,294.2185,298.22443,2003
Mauritania,Nouakchott,301.7146,294.4746,298.15915,2004
Mauritania,Nouakchott,302.37598,292.43457,298.70053,2005
Mauritania,Nouakchott,302.1255,293.35767,298.39554,2006
Mauritania,Nouakchott,302.13745,294.89478,298.20383,2007
Mauritania,Nouakchott,302.6455,294.32715,298.72137,2008
Mauritania,Nouakchott,303.0923,292.60254,298.09317,2009
Mauritania,Nouakchott,302.5774,295.82422,298.9033,2010
Mauritania,Nouakchott,302.57837,294.34082,297.95993,2011
Mauritania,Nouakchott,302.67017,293.90942,298.23703,2012
Mauritania,Nouakchott,302.7063,294.13623,298.8661,2013
Mauritania,Nouakchott,302.6709,294.29272,298.2275,2014
Mauritania,Nouakchott,302.6648,294.2334,298.8294,2015
Mauritania,Nouakchott,302.6848,295.99243,298.655,2016
Mauritania,Nouakchott,302.97754,294.12183,298.5046,2017
Mauritania,Nouakchott,302.35132,294.03857,297.83157,2018
Mauritania,Nouakchott,302.35132,294.03857,297.83157,2019
Mauritania,Nouakchott,303.4619,294.66968,299.08365,2020
Uganda,Ntoroko,298.64136,295.8745,296.70285,2001
Uganda,Ntoroko,298.8213,296.08594,296.9638,2002
Uganda,Ntoroko,299.09937,295.88452,296.97037,2003
Uganda,Ntoroko,299.74,296.27368,297.3569,2004
Uganda,Ntoroko,299.6338,296.01514,297.29642,2005
Uganda,Ntoroko,299.0608,295.91113,296.966,2006
Uganda,Ntoroko,298.60376,295.69604,296.92178,2007
Uganda,Ntoroko,297.71655,295.68115,296.73343,2008
Uganda,Ntoroko,298.8418,296.35815,297.29025,2009
Uganda,Ntoroko,298.5232,296.5144,297.32254,2010
Uganda,Ntoroko,299.1809,296.0315,297.1717,2011
Uganda,Ntoroko,300.26318,295.6565,297.1498,2012
Uganda,Ntoroko,299.28613,296.00488,297.36478,2013
Uganda,Ntoroko,299.64478,296.0935,297.50797,2014
Uganda,Ntoroko,300.16602,296.54785,297.70505,2015
Uganda,Ntoroko,300.26587,296.77466,297.97482,2016
Uganda,Ntoroko,298.90698,296.29272,297.63547,2017
Uganda,Ntoroko,299.86914,296.25757,297.69272,2018
Uganda,Ntoroko,299.86914,296.25757,297.69272,2019
Uganda,Ntoroko,298.9944,296.4204,297.5898,2020
Uganda,Ntungamo,292.74487,291.69922,292.22775,2001
Uganda,Ntungamo,293.6045,291.86133,292.64285,2002
Uganda,Ntungamo,294.4568,292.30737,293.03693,2003
Uganda,Ntungamo,294.1853,292.55103,293.3027,2004
Uganda,Ntungamo,295.3584,292.5708,293.38333,2005
Uganda,Ntungamo,294.27954,292.0088,293.1436,2006
Uganda,Ntungamo,293.88892,292.08105,292.82623,2007
Uganda,Ntungamo,293.14038,292.09155,292.60516,2008
Uganda,Ntungamo,294.08008,292.35742,293.18106,2009
Uganda,Ntungamo,294.1726,292.59058,293.339,2010
Uganda,Ntungamo,294.15942,292.13916,292.93716,2011
Uganda,Ntungamo,294.6245,292.4834,293.1721,2012
Uganda,Ntungamo,294.1338,292.33496,293.31516,2013
Uganda,Ntungamo,294.33032,292.5088,293.45294,2014
Uganda,Ntungamo,294.438,292.50098,293.5397,2015
Uganda,Ntungamo,295.0979,293.05957,294.01242,2016
Uganda,Ntungamo,294.93823,292.81738,293.78146,2017
Uganda,Ntungamo,295.17993,292.76538,293.80795,2018
Uganda,Ntungamo,295.17993,292.76538,293.80795,2019
Uganda,Ntungamo,294.47852,292.74634,293.79636,2020
Somalia,Nugaal,299.7832,294.19263,297.64328,2001
Somalia,Nugaal,300.81958,294.58887,297.7491,2002
Somalia,Nugaal,299.95215,294.80493,297.93732,2003
Somalia,Nugaal,300.6184,294.47266,297.67917,2004
Somalia,Nugaal,299.77295,294.64062,297.54544,2005
Somalia,Nugaal,299.95947,294.70337,297.82407,2006
Somalia,Nugaal,300.10815,294.719,298.10895,2007
Somalia,Nugaal,299.65454,294.15137,297.44974,2008
Somalia,Nugaal,300.25732,294.698,298.10406,2009
Somalia,Nugaal,300.49194,294.59058,298.09744,2010
Somalia,Nugaal,299.82666,294.0205,297.444,2011
Somalia,Nugaal,299.9917,294.6936,297.6,2012
Somalia,Nugaal,300.8225,294.61865,297.6903,2013
Somalia,Nugaal,300.26855,294.2517,297.83688,2014
Somalia,Nugaal,300.91382,294.28418,298.11423,2015
Somalia,Nugaal,300.02832,295.4309,298.0046,2016
Somalia,Nugaal,300.43262,294.3545,298.0674,2017
Somalia,Nugaal,300.448,294.63428,298.05698,2018
Somalia,Nugaal,300.448,294.63428,298.05698,2019
Somalia,Nugaal,301.29175,294.80298,298.39386,2020
Libya,Nuqat Al Khams,299.54956,287.71948,293.6719,2001
Libya,Nuqat Al Khams,300.13696,287.08887,293.5844,2002
Libya,Nuqat Al Khams,300.67676,286.36304,293.7238,2003
Libya,Nuqat Al Khams,299.98926,287.43945,293.39383,2004
Libya,Nuqat Al Khams,299.8235,286.6006,293.16132,2005
Libya,Nuqat Al Khams,300.50854,286.51196,293.50067,2006
Libya,Nuqat Al Khams,300.39136,288.7837,293.64377,2007
Libya,Nuqat Al Khams,300.13647,287.4209,293.65854,2008
Libya,Nuqat Al Khams,300.97974,287.69238,293.68317,2009
Libya,Nuqat Al Khams,300.16675,288.86914,294.15262,2010
Libya,Nuqat Al Khams,299.86572,287.70044,293.53024,2011
Libya,Nuqat Al Khams,301.0105,285.5813,293.8687,2012
Libya,Nuqat Al Khams,300.083,287.34277,293.8765,2013
Libya,Nuqat Al Khams,300.8662,288.48657,294.13702,2014
Libya,Nuqat Al Khams,301.00732,286.99463,293.57468,2015
Libya,Nuqat Al Khams,299.41284,289.08228,294.31516,2016
Libya,Nuqat Al Khams,300.42456,286.7019,293.42697,2017
Libya,Nuqat Al Khams,300.51636,286.84985,293.50345,2018
Libya,Nuqat Al Khams,300.51636,286.84985,293.50345,2019
Libya,Nuqat Al Khams,301.01074,288.13647,294.09372,2020
Uganda,Nwoya,300.42847,295.4016,297.1887,2001
Uganda,Nwoya,301.75098,295.97876,297.5167,2002
Uganda,Nwoya,300.9314,295.3142,297.5309,2003
Uganda,Nwoya,301.4568,295.5498,297.60657,2004
Uganda,Nwoya,302.37793,295.44678,297.97415,2005
Uganda,Nwoya,301.0979,295.68433,297.3454,2006
Uganda,Nwoya,300.01978,295.18237,297.4654,2007
Uganda,Nwoya,299.85254,295.2202,297.33255,2008
Uganda,Nwoya,300.37402,296.52856,297.8521,2009
Uganda,Nwoya,299.89062,295.85425,297.56522,2010
Uganda,Nwoya,300.73755,295.4497,297.47638,2011
Uganda,Nwoya,301.75732,295.11743,297.6174,2012
Uganda,Nwoya,300.84082,295.53418,297.44016,2013
Uganda,Nwoya,300.97876,295.4099,297.86374,2014
Uganda,Nwoya,301.93945,296.23218,298.06003,2015
Uganda,Nwoya,302.52466,296.1599,298.57574,2016
Uganda,Nwoya,301.69604,295.7107,298.23734,2017
Uganda,Nwoya,301.74048,295.614,297.94485,2018
Uganda,Nwoya,301.74048,295.614,297.94485,2019
Uganda,Nwoya,299.8379,295.69434,297.44708,2020
Gabon,Nyanga,298.94482,295.70264,297.61316,2001
Gabon,Nyanga,299.30005,296.92163,298.2685,2002
Gabon,Nyanga,299.0813,297.04004,298.38312,2003
Gabon,Nyanga,299.40015,295.90552,298.07663,2004
Gabon,Nyanga,299.50293,296.36084,298.21127,2005
Gabon,Nyanga,299.09912,296.56128,298.21243,2006
Gabon,Nyanga,299.3435,296.60425,298.2989,2007
Gabon,Nyanga,298.9126,296.43896,298.19437,2008
Gabon,Nyanga,299.11914,295.7444,298.0751,2009
Gabon,Nyanga,299.82544,296.5437,298.5981,2010
Gabon,Nyanga,299.44043,296.6228,298.36554,2011
Gabon,Nyanga,299.35205,296.51,298.37115,2012
Gabon,Nyanga,299.69727,296.49756,298.54807,2013
Gabon,Nyanga,299.4358,296.23828,298.49283,2014
Gabon,Nyanga,299.73633,296.87207,298.6144,2015
Gabon,Nyanga,300.10962,297.00757,298.9693,2016
Gabon,Nyanga,299.67578,296.91968,298.71033,2017
Gabon,Nyanga,299.94287,297.75586,298.834,2018
Gabon,Nyanga,299.94287,297.75586,298.834,2019
Gabon,Nyanga,300.05298,297.11426,298.82974,2020
Kenya,Nyanza,296.31982,293.2085,294.64993,2001
Kenya,Nyanza,297.3916,294.53027,295.39334,2002
Kenya,Nyanza,297.23022,293.6775,295.40152,2003
Kenya,Nyanza,297.0564,294.59497,295.5094,2004
Kenya,Nyanza,298.29395,294.18506,295.99222,2005
Kenya,Nyanza,297.82642,294.3506,295.39017,2006
Kenya,Nyanza,296.4436,293.7058,295.2712,2007
Kenya,Nyanza,296.52246,293.5581,295.17596,2008
Kenya,Nyanza,297.39648,295.01978,295.84122,2009
Kenya,Nyanza,296.54858,293.99878,295.34192,2010
Kenya,Nyanza,296.63403,294.26025,295.26657,2011
Kenya,Nyanza,297.1731,294.0503,295.19846,2012
Kenya,Nyanza,297.13574,293.97754,295.2253,2013
Kenya,Nyanza,296.72485,294.34155,295.60757,2014
Kenya,Nyanza,298.01758,294.5791,295.7443,2015
Kenya,Nyanza,298.26196,295.0166,296.25314,2016
Kenya,Nyanza,298.20972,294.9685,296.26013,2017
Kenya,Nyanza,298.11353,294.27148,295.61264,2018
Kenya,Nyanza,298.11353,294.27148,295.61264,2019
Kenya,Nyanza,296.22656,293.77832,294.96597,2020
Guinea,Nzerekore,301.8518,297.69482,299.13416,2001
Guinea,Nzerekore,302.0027,297.94238,299.41385,2002
Guinea,Nzerekore,302.85938,297.7002,299.66403,2003
Guinea,Nzerekore,301.4021,297.62036,299.5898,2004
Guinea,Nzerekore,302.16577,297.74927,299.6579,2005
Guinea,Nzerekore,302.4812,297.87573,299.5928,2006
Guinea,Nzerekore,302.1194,297.448,299.51227,2007
Guinea,Nzerekore,301.51074,297.23926,299.2808,2008
Guinea,Nzerekore,302.30078,297.3352,299.63434,2009
Guinea,Nzerekore,303.25708,297.79614,299.81018,2010
Guinea,Nzerekore,301.56348,297.51416,299.35562,2011
Guinea,Nzerekore,302.54443,297.53345,299.25983,2012
Guinea,Nzerekore,302.35083,297.46777,299.3972,2013
Guinea,Nzerekore,302.27954,297.7478,299.53513,2014
Guinea,Nzerekore,302.4414,296.73096,299.36227,2015
Guinea,Nzerekore,302.89478,297.5647,299.57413,2016
Guinea,Nzerekore,302.87915,298.1765,299.74564,2017
Guinea,Nzerekore,302.19678,298.0105,299.7313,2018
Guinea,Nzerekore,302.19678,298.0105,299.7313,2019
Guinea,Nzerekore,302.61353,297.84473,299.93356,2020
Djibouti,Obock,305.4004,297.4226,301.45886,2001
Djibouti,Obock,305.17798,298.0752,301.62234,2002
Djibouti,Obock,305.57983,298.2671,301.73273,2003
Djibouti,Obock,305.34644,298.14038,301.6873,2004
Djibouti,Obock,305.48975,298.0869,301.85013,2005
Djibouti,Obock,305.31714,298.05103,301.73,2006
Djibouti,Obock,305.77588,298.60767,301.85342,2007
Djibouti,Obock,305.06982,297.68262,301.327,2008
Djibouti,Obock,305.83423,297.5476,301.54694,2009
Djibouti,Obock,305.5193,298.19116,301.7965,2010
Djibouti,Obock,305.36914,297.71777,301.51218,2011
Djibouti,Obock,305.3772,297.84302,301.48346,2012
Djibouti,Obock,305.49463,298.09863,301.7515,2013
Djibouti,Obock,305.20312,297.94165,301.55484,2014
Djibouti,Obock,305.5244,297.79346,301.70572,2015
Djibouti,Obock,305.76855,298.42896,301.9776,2016
Djibouti,Obock,305.57788,298.3152,301.78488,2017
Djibouti,Obock,306.02148,298.14795,301.79105,2018
Djibouti,Obock,306.02148,298.14795,301.79105,2019
Djibouti,Obock,305.52026,298.40625,301.93,2020
Gabon,Ogooue-Ivindo,297.8628,296.43872,297.0995,2001
Gabon,Ogooue-Ivindo,298.3484,296.63672,297.41855,2002
Gabon,Ogooue-Ivindo,298.57983,296.89136,297.5042,2003
Gabon,Ogooue-Ivindo,298.6443,296.62036,297.35315,2004
Gabon,Ogooue-Ivindo,298.7959,296.6631,297.61313,2005
Gabon,Ogooue-Ivindo,298.08667,296.74268,297.45706,2006
Gabon,Ogooue-Ivindo,298.67017,296.60962,297.43268,2007
Gabon,Ogooue-Ivindo,297.78223,296.91943,297.36966,2008
Gabon,Ogooue-Ivindo,298.57812,297.26978,297.66818,2009
Gabon,Ogooue-Ivindo,298.96216,297.06372,297.95715,2010
Gabon,Ogooue-Ivindo,298.34424,297.00244,297.58722,2011
Gabon,Ogooue-Ivindo,298.70947,296.91235,297.6612,2012
Gabon,Ogooue-Ivindo,298.75488,296.5952,297.7961,2013
Gabon,Ogooue-Ivindo,298.62524,296.95874,297.81833,2014
Gabon,Ogooue-Ivindo,298.69336,297.4248,297.92673,2015
Gabon,Ogooue-Ivindo,299.63794,297.27905,298.30832,2016
Gabon,Ogooue-Ivindo,299.0,297.2019,298.03342,2017
Gabon,Ogooue-Ivindo,298.97217,297.35913,298.16913,2018
Gabon,Ogooue-Ivindo,298.97217,297.35913,298.16913,2019
Gabon,Ogooue-Ivindo,299.28027,297.19238,298.23956,2020
Gabon,Ogooue-Maritime,299.81592,295.3452,298.08157,2001
Gabon,Ogooue-Maritime,300.08057,296.07007,298.59515,2002
Gabon,Ogooue-Maritime,300.1836,296.96582,298.8465,2003
Gabon,Ogooue-Maritime,300.23413,295.92896,298.42654,2004
Gabon,Ogooue-Maritime,300.2881,295.18115,298.2204,2005
Gabon,Ogooue-Maritime,300.0183,296.10425,298.53012,2006
Gabon,Ogooue-Maritime,300.15454,296.5437,298.75772,2007
Gabon,Ogooue-Maritime,299.84082,296.01514,298.47543,2008
Gabon,Ogooue-Maritime,299.92773,295.5432,298.434,2009
Gabon,Ogooue-Maritime,300.8059,295.95386,298.70535,2010
Gabon,Ogooue-Maritime,300.24902,295.73804,298.5345,2011
Gabon,Ogooue-Maritime,300.1714,296.3557,298.76276,2012
Gabon,Ogooue-Maritime,300.62036,295.6206,298.66898,2013
Gabon,Ogooue-Maritime,300.1311,295.2422,298.6276,2014
Gabon,Ogooue-Maritime,300.31836,295.65332,298.61832,2015
Gabon,Ogooue-Maritime,300.8147,296.9978,299.19327,2016
Gabon,Ogooue-Maritime,300.63892,296.17358,298.93918,2017
Gabon,Ogooue-Maritime,300.58936,297.1504,299.1522,2018
Gabon,Ogooue-Maritime,300.58936,297.1504,299.1522,2019
Gabon,Ogooue-Maritime,300.84204,297.292,299.23697,2020
Gabon,Ogooue-lolo,297.66162,295.70435,296.94177,2001
Gabon,Ogooue-lolo,298.17676,296.5647,297.39236,2002
Gabon,Ogooue-lolo,298.5232,296.70874,297.49313,2003
Gabon,Ogooue-lolo,298.35913,296.2688,297.36194,2004
Gabon,Ogooue-lolo,298.66113,296.28857,297.50424,2005
Gabon,Ogooue-lolo,298.0581,296.7351,297.3698,2006
Gabon,Ogooue-lolo,298.70142,296.57495,297.45026,2007
Gabon,Ogooue-lolo,298.05762,296.47998,297.30975,2008
Gabon,Ogooue-lolo,298.40625,296.61157,297.5292,2009
Gabon,Ogooue-lolo,298.81177,296.7605,297.8219,2010
Gabon,Ogooue-lolo,298.313,296.76538,297.6025,2011
Gabon,Ogooue-lolo,298.43213,296.51782,297.5396,2012
Gabon,Ogooue-lolo,298.7256,296.0464,297.709,2013
Gabon,Ogooue-lolo,298.44556,296.4746,297.71857,2014
Gabon,Ogooue-lolo,298.48242,296.9756,297.83102,2015
Gabon,Ogooue-lolo,299.1067,296.92358,298.20465,2016
Gabon,Ogooue-lolo,298.83398,296.94897,297.96652,2017
Gabon,Ogooue-lolo,298.88428,297.0359,298.06528,2018
Gabon,Ogooue-lolo,298.88428,297.0359,298.06528,2019
Gabon,Ogooue-lolo,298.98657,296.78223,298.10953,2020
Nigeria,Ogun,302.4104,297.386,299.98264,2001
Nigeria,Ogun,302.45605,297.8069,299.86224,2002
Nigeria,Ogun,302.82227,297.96973,300.10837,2003
Nigeria,Ogun,302.33765,297.82324,300.02243,2004
Nigeria,Ogun,303.00098,297.9856,300.23016,2005
Nigeria,Ogun,302.52173,297.49292,300.21454,2006
Nigeria,Ogun,303.20532,297.69995,300.09332,2007
Nigeria,Ogun,301.74316,297.97046,300.01547,2008
Nigeria,Ogun,302.69727,298.34888,300.288,2009
Nigeria,Ogun,303.17944,298.5691,300.65784,2010
Nigeria,Ogun,302.36816,298.2329,300.24738,2011
Nigeria,Ogun,302.70068,297.74878,300.0165,2012
Nigeria,Ogun,302.8252,298.03223,300.24875,2013
Nigeria,Ogun,302.42603,297.6482,300.19122,2014
Nigeria,Ogun,302.6001,298.64795,300.43942,2015
Nigeria,Ogun,303.5774,298.57886,300.75363,2016
Nigeria,Ogun,302.92993,298.0515,300.60422,2017
Nigeria,Ogun,302.66626,298.573,300.5269,2018
Nigeria,Ogun,302.66626,298.573,300.5269,2019
Nigeria,Ogun,303.19336,298.27246,300.62253,2020
Namibia,Ohangwena,300.55566,290.00732,295.5596,2001
Namibia,Ohangwena,299.84717,290.6455,296.20828,2002
Namibia,Ohangwena,300.511,290.48804,296.10464,2003
Namibia,Ohangwena,300.1775,290.0437,295.50467,2004
Namibia,Ohangwena,302.06348,291.5796,296.91034,2005
Namibia,Ohangwena,298.30786,290.1538,294.5954,2006
Namibia,Ohangwena,300.98462,290.36792,296.19717,2007
Namibia,Ohangwena,302.01538,290.69946,295.5368,2008
Namibia,Ohangwena,299.53003,289.39087,295.53,2009
Namibia,Ohangwena,301.22827,289.91772,295.52747,2010
Namibia,Ohangwena,299.73853,288.80835,294.55695,2011
Namibia,Ohangwena,300.85156,289.88696,295.28195,2012
Namibia,Ohangwena,301.35522,291.92236,296.55408,2013
Namibia,Ohangwena,301.104,291.63086,296.03204,2014
Namibia,Ohangwena,303.22754,291.54663,298.0345,2015
Namibia,Ohangwena,303.41357,291.7478,297.38058,2016
Namibia,Ohangwena,300.67285,292.01343,296.58142,2017
Namibia,Ohangwena,302.48022,292.50586,298.23065,2018
Namibia,Ohangwena,302.48022,292.50586,298.23065,2019
Namibia,Ohangwena,303.00098,289.75488,296.39987,2020
Guinea-Bissau,Oio,301.7224,298.35278,300.4175,2001
Guinea-Bissau,Oio,301.52856,298.95215,300.56357,2002
Guinea-Bissau,Oio,301.6399,298.5952,300.44205,2003
Guinea-Bissau,Oio,301.3943,298.5371,300.42688,2004
Guinea-Bissau,Oio,302.68408,298.2129,300.8205,2005
Guinea-Bissau,Oio,301.83203,297.88843,300.4201,2006
Guinea-Bissau,Oio,302.07373,298.24243,300.45255,2007
Guinea-Bissau,Oio,302.17798,297.87793,300.42514,2008
Guinea-Bissau,Oio,301.5835,297.05347,300.16348,2009
Guinea-Bissau,Oio,302.70532,298.94336,300.8699,2010
Guinea-Bissau,Oio,301.7036,298.39502,300.42706,2011
Guinea-Bissau,Oio,301.6577,298.06274,300.28653,2012
Guinea-Bissau,Oio,302.135,298.01123,300.37454,2013
Guinea-Bissau,Oio,301.917,298.43335,300.19513,2014
Guinea-Bissau,Oio,301.99194,298.1006,300.2477,2015
Guinea-Bissau,Oio,301.57568,299.239,300.58014,2016
Guinea-Bissau,Oio,302.0244,298.3484,300.64816,2017
Guinea-Bissau,Oio,301.91357,298.521,300.64066,2018
Guinea-Bissau,Oio,301.91357,298.521,300.64066,2019
Guinea-Bissau,Oio,302.6162,298.54077,300.92316,2020
Namibia,Omaheke,300.1399,287.562,294.7336,2001
Namibia,Omaheke,299.04663,287.6045,295.17783,2002
Namibia,Omaheke,299.75537,288.38843,295.83786,2003
Namibia,Omaheke,300.3108,287.85474,295.05417,2004
Namibia,Omaheke,300.8369,288.98584,296.12338,2005
Namibia,Omaheke,298.69116,287.38623,293.55014,2006
Namibia,Omaheke,299.47168,287.4148,294.90176,2007
Namibia,Omaheke,300.3025,287.9917,294.4019,2008
Namibia,Omaheke,300.02344,286.73853,294.6983,2009
Namibia,Omaheke,299.8142,287.71655,294.92624,2010
Namibia,Omaheke,299.51782,286.42554,293.73923,2011
Namibia,Omaheke,299.79492,287.49243,294.66672,2012
Namibia,Omaheke,300.2256,289.7671,295.63757,2013
Namibia,Omaheke,299.10156,288.01367,294.15298,2014
Namibia,Omaheke,301.7373,287.8728,296.5405,2015
Namibia,Omaheke,302.2339,288.57397,296.47662,2016
Namibia,Omaheke,299.34082,289.39233,294.70804,2017
Namibia,Omaheke,301.98877,289.01953,296.89975,2018
Namibia,Omaheke,301.98877,289.01953,296.89975,2019
Namibia,Omaheke,302.06738,287.44995,295.24884,2020
Central African Republic,Ombella M'Poko,300.32642,296.937,298.39294,2001
Central African Republic,Ombella M'Poko,300.7544,296.89868,298.66302,2002
Central African Republic,Ombella M'Poko,301.91187,296.94238,298.9484,2003
Central African Republic,Ombella M'Poko,302.29272,297.04224,299.0081,2004
Central African Republic,Ombella M'Poko,303.00488,296.91138,299.19452,2005
Central African Republic,Ombella M'Poko,302.45337,296.9812,298.903,2006
Central African Republic,Ombella M'Poko,302.04126,296.77808,298.72385,2007
Central African Republic,Ombella M'Poko,301.15918,296.7107,298.45135,2008
Central African Republic,Ombella M'Poko,302.04492,297.5598,299.01358,2009
Central African Republic,Ombella M'Poko,301.7185,297.1687,298.85202,2010
Central African Republic,Ombella M'Poko,301.80762,296.42627,298.45978,2011
Central African Republic,Ombella M'Poko,301.72607,296.64526,298.502,2012
Central African Republic,Ombella M'Poko,301.20215,296.74316,298.75266,2013
Central African Republic,Ombella M'Poko,301.17017,296.79077,298.84308,2014
Central African Republic,Ombella M'Poko,302.08984,297.25244,299.02716,2015
Central African Republic,Ombella M'Poko,301.95142,297.41577,299.1755,2016
Central African Republic,Ombella M'Poko,302.28345,297.0691,299.20578,2017
Central African Republic,Ombella M'Poko,302.42773,297.03687,299.2886,2018
Central African Republic,Ombella M'Poko,302.42773,297.03687,299.2886,2019
Central African Republic,Ombella M'Poko,302.48462,297.16504,299.2625,2020
Namibia,Omusati,300.6416,290.646,296.02267,2001
Namibia,Omusati,300.03467,291.26465,296.29892,2002
Namibia,Omusati,300.56567,291.41382,296.57193,2003
Namibia,Omusati,300.70703,291.3523,296.5457,2004
Namibia,Omusati,301.5376,292.5796,297.7098,2005
Namibia,Omusati,298.34668,290.937,295.2596,2006
Namibia,Omusati,301.04395,291.3794,297.47696,2007
Namibia,Omusati,301.8474,291.58545,296.26694,2008
Namibia,Omusati,300.1914,290.58032,296.46002,2009
Namibia,Omusati,301.1775,291.12866,296.4233,2010
Namibia,Omusati,299.58423,290.05054,295.3063,2011
Namibia,Omusati,301.05078,290.45264,295.97354,2012
Namibia,Omusati,301.3064,292.8374,297.3835,2013
Namibia,Omusati,301.09814,292.4414,297.07974,2014
Namibia,Omusati,302.2119,291.55835,298.21188,2015
Namibia,Omusati,302.4839,292.11304,297.96426,2016
Namibia,Omusati,300.69434,293.22437,297.37943,2017
Namibia,Omusati,301.62695,293.6543,298.94174,2018
Namibia,Omusati,301.62695,293.6543,298.94174,2019
Namibia,Omusati,301.4912,291.20215,297.27066,2020
Nigeria,Ondo,300.9983,297.94653,299.79172,2001
Nigeria,Ondo,301.03198,298.2307,299.83963,2002
Nigeria,Ondo,301.3418,298.4463,300.12692,2003
Nigeria,Ondo,301.2185,298.19067,299.91452,2004
Nigeria,Ondo,301.4353,298.2063,300.02444,2005
Nigeria,Ondo,301.4558,298.3015,300.16116,2006
Nigeria,Ondo,301.21265,298.44214,299.968,2007
Nigeria,Ondo,300.96143,298.4099,299.88724,2008
Nigeria,Ondo,301.29102,298.10864,300.06808,2009
Nigeria,Ondo,301.99146,298.47144,300.30856,2010
Nigeria,Ondo,301.07715,298.2544,299.8906,2011
Nigeria,Ondo,300.97412,298.0808,299.7984,2012
Nigeria,Ondo,301.3899,298.06543,299.86984,2013
Nigeria,Ondo,301.13794,298.16968,299.89645,2014
Nigeria,Ondo,300.94727,298.3335,299.82956,2015
Nigeria,Ondo,301.469,298.4812,300.11465,2016
Nigeria,Ondo,301.4414,298.34253,300.13074,2017
Nigeria,Ondo,301.5503,298.6316,300.27542,2018
Nigeria,Ondo,301.5503,298.6316,300.27542,2019
Nigeria,Ondo,301.6494,298.30762,300.23532,2020
Algeria,Oran,299.84106,284.82178,292.12537,2001
Algeria,Oran,298.31665,284.72363,291.6251,2002
Algeria,Oran,300.6748,284.88623,291.98956,2003
Algeria,Oran,300.62402,285.38086,291.69705,2004
Algeria,Oran,299.74365,282.15234,291.21112,2005
Algeria,Oran,300.19214,283.98853,292.20364,2006
Algeria,Oran,299.33667,284.51196,291.3129,2007
Algeria,Oran,300.0349,284.79272,291.7139,2008
Algeria,Oran,300.49048,285.167,292.14117,2009
Algeria,Oran,300.27026,286.63672,292.26608,2010
Algeria,Oran,300.3872,285.0891,292.13052,2011
Algeria,Oran,301.239,282.85474,291.6794,2012
Algeria,Oran,299.52246,284.87207,291.41702,2013
Algeria,Oran,299.3025,285.32227,292.3068,2014
Algeria,Oran,301.3584,284.28027,292.23273,2015
Algeria,Oran,299.44995,286.3015,292.27902,2016
Algeria,Oran,300.23315,283.8777,292.2572,2017
Algeria,Oran,300.03198,284.4995,291.87436,2018
Algeria,Oran,300.03198,284.4995,291.87436,2019
Algeria,Oran,300.72363,283.82007,292.32437,2020
Morocco,Oriental,299.5559,285.28076,291.92014,2001
Morocco,Oriental,298.52173,284.87207,291.56146,2002
Morocco,Oriental,299.98926,284.6577,291.83054,2003
Morocco,Oriental,300.3584,285.35156,291.70618,2004
Morocco,Oriental,299.7417,282.21094,291.25247,2005
Morocco,Oriental,300.03784,284.09595,292.11346,2006
Morocco,Oriental,298.85815,284.21704,291.3648,2007
Morocco,Oriental,299.6306,284.30835,291.4268,2008
Morocco,Oriental,300.66235,284.75464,292.12277,2009
Morocco,Oriental,299.9812,286.56836,292.05057,2010
Morocco,Oriental,299.97705,285.0122,291.93893,2011
Morocco,Oriental,300.68237,282.89185,291.41315,2012
Morocco,Oriental,299.27246,284.8877,291.4341,2013
Morocco,Oriental,299.99194,285.6621,292.44888,2014
Morocco,Oriental,301.4619,284.68262,292.30533,2015
Morocco,Oriental,299.8152,285.81323,292.34723,2016
Morocco,Oriental,299.8484,283.3933,292.0404,2017
Morocco,Oriental,300.1101,284.70068,291.9333,2018
Morocco,Oriental,300.1101,284.70068,291.9333,2019
Morocco,Oriental,300.50098,284.1853,292.3242,2020
Democratic Republic of the Congo,Orientale,300.67456,297.0149,298.3368,2001
Democratic Republic of the Congo,Orientale,301.61816,297.24634,298.57986,2002
Democratic Republic of the Congo,Orientale,301.2185,297.14038,298.7404,2003
Democratic Republic of the Congo,Orientale,302.99976,297.11255,299.02682,2004
Democratic Republic of the Congo,Orientale,303.68652,297.1753,299.25653,2005
Democratic Republic of the Congo,Orientale,302.17603,297.37183,298.8516,2006
Democratic Republic of the Congo,Orientale,302.0044,296.99097,298.91998,2007
Democratic Republic of the Congo,Orientale,300.93262,297.0503,298.67142,2008
Democratic Republic of the Congo,Orientale,300.74805,297.8518,298.97223,2009
Democratic Republic of the Congo,Orientale,301.3396,297.4851,299.03903,2010
Democratic Republic of the Congo,Orientale,301.59473,297.1548,298.88913,2011
Democratic Republic of the Congo,Orientale,301.04443,297.08276,298.82852,2012
Democratic Republic of the Congo,Orientale,303.18848,297.31738,299.4009,2013
Democratic Republic of the Congo,Orientale,302.30835,297.25952,299.165,2014
Democratic Republic of the Congo,Orientale,303.0005,297.92676,299.49216,2015
Democratic Republic of the Congo,Orientale,304.1985,297.65015,299.84708,2016
Democratic Republic of the Congo,Orientale,303.56348,297.45972,299.73914,2017
Democratic Republic of the Congo,Orientale,303.26196,297.5056,299.7038,2018
Democratic Republic of the Congo,Orientale,303.26196,297.5056,299.7038,2019
Democratic Republic of the Congo,Orientale,303.92773,297.45752,299.89938,2020
Ethiopia,Oromia,298.1499,291.79614,294.9185,2001
Ethiopia,Oromia,299.2981,292.7307,296.1746,2002
Ethiopia,Oromia,299.45898,291.72168,295.5734,2003
Ethiopia,Oromia,298.9934,292.37012,295.6349,2004
Ethiopia,Oromia,298.37988,292.50146,295.90903,2005
Ethiopia,Oromia,298.54883,292.36597,296.1828,2006
Ethiopia,Oromia,298.9917,292.99292,295.94684,2007
Ethiopia,Oromia,298.83887,293.01538,296.02475,2008
Ethiopia,Oromia,299.26587,293.30298,296.621,2009
Ethiopia,Oromia,298.22192,292.37573,295.86063,2010
Ethiopia,Oromia,298.8694,291.98486,295.66324,2011
Ethiopia,Oromia,299.12012,293.28003,296.31516,2012
Ethiopia,Oromia,300.17773,292.03418,296.25998,2013
Ethiopia,Oromia,298.85864,293.51538,296.60025,2014
Ethiopia,Oromia,299.47852,294.07373,296.95358,2015
Ethiopia,Oromia,300.12134,292.57886,296.54352,2016
Ethiopia,Oromia,299.3672,292.82495,296.12912,2017
Ethiopia,Oromia,298.70703,292.5437,296.28012,2018
Ethiopia,Oromia,298.70703,292.5437,296.28012,2019
Ethiopia,Oromia,298.93652,292.52246,296.19986,2020
Namibia,Oshana,300.64746,290.562,296.04578,2001
Namibia,Oshana,300.062,290.83496,296.3995,2002
Namibia,Oshana,300.677,291.0603,296.72052,2003
Namibia,Oshana,301.01367,290.91284,296.41922,2004
Namibia,Oshana,301.84668,292.07373,297.57797,2005
Namibia,Oshana,298.7041,290.73975,295.2663,2006
Namibia,Oshana,300.69556,291.063,297.41803,2007
Namibia,Oshana,302.2107,291.3921,296.35892,2008
Namibia,Oshana,299.89722,290.1936,296.43497,2009
Namibia,Oshana,301.42944,290.99585,296.52438,2010
Namibia,Oshana,299.6233,289.7517,295.27536,2011
Namibia,Oshana,301.16797,290.21436,296.06094,2012
Namibia,Oshana,301.35718,292.4546,297.47366,2013
Namibia,Oshana,301.1079,291.88086,296.8237,2014
Namibia,Oshana,302.43848,290.95874,298.1984,2015
Namibia,Oshana,302.91553,291.7107,298.00055,2016
Namibia,Oshana,300.47363,292.61108,297.03732,2017
Namibia,Oshana,301.7732,293.13477,298.88675,2018
Namibia,Oshana,301.7732,293.13477,298.88675,2019
Namibia,Oshana,301.7373,290.66113,297.16617,2020
Namibia,Oshikoto,300.47754,290.0542,295.63156,2001
Namibia,Oshikoto,299.93115,290.50098,296.16302,2002
Namibia,Oshikoto,300.71606,290.62866,296.3693,2003
Namibia,Oshikoto,300.61328,290.74683,296.19006,2004
Namibia,Oshikoto,302.2627,292.0288,297.4883,2005
Namibia,Oshikoto,298.94043,290.34912,295.01776,2006
Namibia,Oshikoto,300.84595,290.79736,297.25967,2007
Namibia,Oshikoto,302.49194,291.1057,296.13608,2008
Namibia,Oshikoto,300.1582,289.594,295.84348,2009
Namibia,Oshikoto,301.40015,290.53296,296.25223,2010
Namibia,Oshikoto,299.63892,288.94922,294.76266,2011
Namibia,Oshikoto,300.93164,289.57764,295.5401,2012
Namibia,Oshikoto,301.48804,292.14014,297.1348,2013
Namibia,Oshikoto,301.11768,291.83594,296.51968,2014
Namibia,Oshikoto,302.3213,290.47632,297.9645,2015
Namibia,Oshikoto,303.48584,291.54663,297.9094,2016
Namibia,Oshikoto,300.62793,292.03882,296.5886,2017
Namibia,Oshikoto,302.18726,292.92773,298.80795,2018
Namibia,Oshikoto,302.18726,292.92773,298.80795,2019
Namibia,Oshikoto,302.1631,290.3623,297.11325,2020
Nigeria,Osun,300.33667,295.5774,298.09378,2001
Nigeria,Osun,300.3506,295.9651,297.9415,2002
Nigeria,Osun,300.47852,296.2146,298.14468,2003
Nigeria,Osun,300.2849,295.9309,298.0486,2004
Nigeria,Osun,300.5869,296.14966,298.279,2005
Nigeria,Osun,300.26392,295.7898,298.22366,2006
Nigeria,Osun,300.89868,295.6609,298.05426,2007
Nigeria,Osun,299.9541,296.24585,297.98343,2008
Nigeria,Osun,300.64062,296.46216,298.21994,2009
Nigeria,Osun,301.45288,296.6062,298.68503,2010
Nigeria,Osun,300.4756,296.27197,298.24673,2011
Nigeria,Osun,300.5464,295.83862,298.0025,2012
Nigeria,Osun,300.4873,296.06738,298.19485,2013
Nigeria,Osun,300.18384,295.94507,298.10138,2014
Nigeria,Osun,300.36377,296.53662,298.3211,2015
Nigeria,Osun,301.18872,296.67065,298.6425,2016
Nigeria,Osun,301.0244,296.2058,298.63138,2017
Nigeria,Osun,300.23242,296.52026,298.52298,2018
Nigeria,Osun,300.23242,296.52026,298.52298,2019
Nigeria,Osun,301.42773,296.30908,298.6917,2020
Namibia,Otjozondjupa,299.48145,288.56006,295.14343,2001
Namibia,Otjozondjupa,299.05615,288.63574,295.5914,2002
Namibia,Otjozondjupa,300.05396,289.19897,295.881,2003
Namibia,Otjozondjupa,300.17603,288.59106,295.24768,2004
Namibia,Otjozondjupa,301.542,289.646,296.5228,2005
Namibia,Otjozondjupa,298.21973,288.5581,294.0936,2006
Namibia,Otjozondjupa,299.9912,288.5652,295.31467,2007
Namibia,Otjozondjupa,300.76733,289.06787,294.68558,2008
Namibia,Otjozondjupa,299.48438,287.89087,295.00723,2009
Namibia,Otjozondjupa,300.26343,288.72437,295.27097,2010
Namibia,Otjozondjupa,299.0393,287.4685,294.11407,2011
Namibia,Otjozondjupa,300.2207,288.3108,294.86057,2012
Namibia,Otjozondjupa,299.95874,290.5874,296.09494,2013
Namibia,Otjozondjupa,299.79346,289.59766,295.1393,2014
Namibia,Otjozondjupa,302.41504,289.2732,297.19284,2015
Namibia,Otjozondjupa,302.47217,289.8103,296.71945,2016
Namibia,Otjozondjupa,299.66113,290.11108,295.14767,2017
Namibia,Otjozondjupa,301.97314,290.33203,297.4245,2018
Namibia,Otjozondjupa,301.97314,290.33203,297.4245,2019
Namibia,Otjozondjupa,302.6748,288.4209,295.73712,2020
Uganda,Otuke,299.81323,295.2124,296.89133,2001
Uganda,Otuke,301.21582,296.66724,298.25595,2002
Uganda,Otuke,301.26147,295.10718,297.94952,2003
Uganda,Otuke,301.0818,295.8662,297.7599,2004
Uganda,Otuke,301.35645,295.56592,298.14066,2005
Uganda,Otuke,300.4436,295.59058,297.22025,2006
Uganda,Otuke,299.45752,295.1433,297.4208,2007
Uganda,Otuke,300.05176,295.3081,297.17108,2008
Uganda,Otuke,300.4375,296.9768,298.1711,2009
Uganda,Otuke,299.22656,295.4226,297.2952,2010
Uganda,Otuke,300.15747,295.45947,297.10416,2011
Uganda,Otuke,301.20654,295.15845,297.1252,2012
Uganda,Otuke,299.06934,295.62207,296.94714,2013
Uganda,Otuke,299.94946,295.2517,297.57974,2014
Uganda,Otuke,301.16797,295.94897,297.65182,2015
Uganda,Otuke,301.44556,296.25757,298.6262,2016
Uganda,Otuke,300.6316,295.97046,298.2634,2017
Uganda,Otuke,301.08032,295.52734,297.75687,2018
Uganda,Otuke,301.08032,295.52734,297.75687,2019
Uganda,Otuke,299.01758,295.41504,296.95035,2020
Chad,Ouaddai,307.54468,294.96802,302.21814,2001
Chad,Ouaddai,307.42896,294.37793,302.4664,2002
Chad,Ouaddai,306.66724,296.54248,302.44644,2003
Chad,Ouaddai,307.49146,297.70508,302.4923,2004
Chad,Ouaddai,306.25244,295.23633,302.50687,2005
Chad,Ouaddai,307.2754,295.6931,302.80746,2006
Chad,Ouaddai,307.7339,294.8811,302.5925,2007
Chad,Ouaddai,306.40063,296.3838,302.09653,2008
Chad,Ouaddai,307.51758,298.20898,303.47662,2009
Chad,Ouaddai,308.52173,297.44214,303.35446,2010
Chad,Ouaddai,307.3169,295.3291,302.76657,2011
Chad,Ouaddai,307.563,296.7268,302.80948,2012
Chad,Ouaddai,307.5276,298.06006,303.39896,2013
Chad,Ouaddai,307.4348,297.16968,302.93747,2014
Chad,Ouaddai,307.5066,294.5298,302.75992,2015
Chad,Ouaddai,307.61987,294.84204,303.0131,2016
Chad,Ouaddai,308.00415,298.06543,303.2136,2017
Chad,Ouaddai,307.76782,297.896,302.83353,2018
Chad,Ouaddai,307.76782,297.896,302.83353,2019
Chad,Ouaddai,308.0957,295.87476,302.83136,2020
Central African Republic,Ouaka,300.64868,296.36255,298.27835,2001
Central African Republic,Ouaka,300.94434,296.7854,298.47244,2002
Central African Republic,Ouaka,301.98438,296.4568,298.77652,2003
Central African Republic,Ouaka,303.04077,296.58716,298.9199,2004
Central African Republic,Ouaka,302.9756,296.5442,299.03696,2005
Central African Republic,Ouaka,303.01392,296.56128,298.7596,2006
Central African Republic,Ouaka,302.42993,296.30542,298.6104,2007
Central African Republic,Ouaka,301.15918,296.46655,298.53598,2008
Central African Republic,Ouaka,301.05078,297.40063,298.70758,2009
Central African Republic,Ouaka,302.0818,296.85034,298.95584,2010
Central African Republic,Ouaka,301.97363,296.58643,298.4116,2011
Central African Republic,Ouaka,301.8921,296.37183,298.46198,2012
Central African Republic,Ouaka,302.66895,296.45996,299.043,2013
Central African Republic,Ouaka,301.76782,296.49585,298.96255,2014
Central African Republic,Ouaka,303.07666,297.39404,299.31232,2015
Central African Republic,Ouaka,302.75122,296.85327,299.3962,2016
Central African Republic,Ouaka,302.82837,296.79565,299.3661,2017
Central African Republic,Ouaka,303.32812,296.65405,299.62943,2018
Central African Republic,Ouaka,303.32812,296.65405,299.62943,2019
Central African Republic,Ouaka,303.52563,296.6377,299.6686,2020
Algeria,Ouargla,309.3296,283.99365,296.83093,2001
Algeria,Ouargla,308.12476,283.0537,296.35623,2002
Algeria,Ouargla,309.80444,284.97876,296.5695,2003
Algeria,Ouargla,308.51465,285.19336,295.90686,2004
Algeria,Ouargla,309.3042,282.65234,296.12714,2005
Algeria,Ouargla,308.07104,282.8557,296.15024,2006
Algeria,Ouargla,307.72925,284.61548,296.19083,2007
Algeria,Ouargla,309.66162,283.84937,296.2917,2008
Algeria,Ouargla,309.26587,285.20972,295.8622,2009
Algeria,Ouargla,308.70972,285.74097,296.54,2010
Algeria,Ouargla,308.84546,284.76465,296.1359,2011
Algeria,Ouargla,309.94165,284.26685,296.65387,2012
Algeria,Ouargla,308.19287,285.54248,296.4968,2013
Algeria,Ouargla,308.35913,285.77124,297.03073,2014
Algeria,Ouargla,307.7085,284.30127,296.35318,2015
Algeria,Ouargla,308.0935,286.25806,297.06125,2016
Algeria,Ouargla,308.56616,283.65112,296.41428,2017
Algeria,Ouargla,309.23633,284.57373,296.53714,2018
Algeria,Ouargla,309.23633,284.57373,296.53714,2019
Algeria,Ouargla,308.62402,284.74976,296.73843,2020
Benin,Oueme,301.14868,297.4641,299.564,2001
Benin,Oueme,301.06714,297.74048,299.58035,2002
Benin,Oueme,301.31445,298.12476,299.8382,2003
Benin,Oueme,301.15015,297.82715,299.72653,2004
Benin,Oueme,301.39746,297.70435,299.86655,2005
Benin,Oueme,301.35107,297.8484,299.99725,2006
Benin,Oueme,301.3401,298.24097,299.86758,2007
Benin,Oueme,300.94434,298.26147,299.80844,2008
Benin,Oueme,301.38867,298.011,299.97028,2009
Benin,Oueme,301.94897,298.49292,300.37497,2010
Benin,Oueme,301.3955,298.13525,299.93912,2011
Benin,Oueme,301.29834,297.71753,299.82785,2012
Benin,Oueme,301.5559,297.8252,299.88187,2013
Benin,Oueme,301.1477,297.81226,299.86618,2014
Benin,Oueme,301.1797,298.52295,299.90152,2015
Benin,Oueme,301.73267,298.48315,300.24826,2016
Benin,Oueme,301.49805,298.0359,300.12195,2017
Benin,Oueme,301.82764,298.86328,300.36948,2018
Benin,Oueme,301.82764,298.86328,300.36948,2019
Benin,Oueme,301.74243,298.09277,300.22604,2020
Cameroon,Ouest,297.63696,292.77856,294.7805,2001
Cameroon,Ouest,297.1377,293.1526,294.7794,2002
Cameroon,Ouest,298.52344,293.15723,295.0843,2003
Cameroon,Ouest,297.92163,293.2041,295.05075,2004
Cameroon,Ouest,298.93262,292.96802,295.2139,2005
Cameroon,Ouest,297.9651,293.15894,295.33286,2006
Cameroon,Ouest,298.39868,293.0066,294.9011,2007
Cameroon,Ouest,297.38965,293.17358,294.90384,2008
Cameroon,Ouest,299.20898,293.7434,295.43088,2009
Cameroon,Ouest,298.82593,293.761,295.7174,2010
Cameroon,Ouest,298.27832,293.2036,295.0104,2011
Cameroon,Ouest,297.97803,293.22095,294.9343,2012
Cameroon,Ouest,298.1455,293.18066,295.0217,2013
Cameroon,Ouest,297.1311,293.07983,294.93375,2014
Cameroon,Ouest,297.80273,293.83862,295.165,2015
Cameroon,Ouest,298.05396,293.83472,295.44864,2016
Cameroon,Ouest,298.7151,293.61597,295.4714,2017
Cameroon,Ouest,297.89453,293.7019,295.41928,2018
Cameroon,Ouest,297.89453,293.7019,295.41928,2019
Cameroon,Ouest,298.4807,293.61182,295.51608,2020
Central African Republic,Ouham,304.46436,298.2024,300.68576,2001
Central African Republic,Ouham,305.22705,298.2119,300.95224,2002
Central African Republic,Ouham,305.7539,298.36035,301.33072,2003
Central African Republic,Ouham,304.91187,298.7295,301.19885,2004
Central African Republic,Ouham,305.86304,298.6145,301.5267,2005
Central African Republic,Ouham,305.25854,298.3269,301.2054,2006
Central African Republic,Ouham,305.58618,298.2644,300.9478,2007
Central African Republic,Ouham,304.86035,298.3689,300.58466,2008
Central African Republic,Ouham,305.31445,299.40552,301.3715,2009
Central African Republic,Ouham,306.052,298.73706,301.33493,2010
Central African Republic,Ouham,305.49243,297.8247,300.75534,2011
Central African Republic,Ouham,304.98193,298.24292,300.801,2012
Central African Republic,Ouham,305.34302,298.167,301.37552,2013
Central African Republic,Ouham,305.4807,298.30054,301.35397,2014
Central African Republic,Ouham,306.30664,298.97705,301.55807,2015
Central African Republic,Ouham,306.18774,298.9558,301.704,2016
Central African Republic,Ouham,306.1526,298.74292,301.74646,2017
Central African Republic,Ouham,306.5952,298.85034,301.75165,2018
Central African Republic,Ouham,306.5952,298.85034,301.75165,2019
Central African Republic,Ouham,306.2002,299.15332,301.75552,2020
Central African Republic,Ouham Pendé,304.67334,297.46606,300.1885,2001
Central African Republic,Ouham Pendé,305.03784,296.7119,300.36957,2002
Central African Republic,Ouham Pendé,304.90234,297.94434,300.5602,2003
Central African Republic,Ouham Pendé,304.50122,298.21216,300.49734,2004
Central African Republic,Ouham Pendé,305.5056,298.17505,301.02737,2005
Central African Republic,Ouham Pendé,305.28076,297.69702,300.8301,2006
Central African Republic,Ouham Pendé,305.48267,297.73706,300.5009,2007
Central African Republic,Ouham Pendé,305.27246,297.87476,300.0477,2008
Central African Republic,Ouham Pendé,305.08594,298.4563,300.70694,2009
Central African Republic,Ouham Pendé,306.1106,298.14136,300.8198,2010
Central African Republic,Ouham Pendé,305.19165,297.11182,300.2482,2011
Central African Republic,Ouham Pendé,304.74463,297.6194,300.2919,2012
Central African Republic,Ouham Pendé,304.9629,297.7705,300.75607,2013
Central African Republic,Ouham Pendé,304.64478,297.94897,300.58755,2014
Central African Republic,Ouham Pendé,305.57227,296.52588,300.64645,2015
Central African Republic,Ouham Pendé,305.7307,297.6682,300.8697,2016
Central African Republic,Ouham Pendé,305.0569,298.3269,300.7261,2017
Central African Republic,Ouham Pendé,306.32617,298.3777,300.8597,2018
Central African Republic,Ouham Pendé,306.32617,298.3777,300.8597,2019
Central African Republic,Ouham Pendé,305.9873,297.5603,300.75436,2020
Algeria,Oum El Bouaghi,300.22412,279.96045,289.57425,2001
Algeria,Oum El Bouaghi,298.72827,279.93262,289.35965,2002
Algeria,Oum El Bouaghi,301.51147,279.47632,289.44644,2003
Algeria,Oum El Bouaghi,299.66113,280.48828,288.77942,2004
Algeria,Oum El Bouaghi,300.4214,278.12988,288.8353,2005
Algeria,Oum El Bouaghi,299.55737,278.69556,289.6688,2006
Algeria,Oum El Bouaghi,299.46753,280.48096,289.1638,2007
Algeria,Oum El Bouaghi,300.55615,280.33374,289.12567,2008
Algeria,Oum El Bouaghi,301.42407,279.9912,289.06012,2009
Algeria,Oum El Bouaghi,299.70386,281.29492,289.2996,2010
Algeria,Oum El Bouaghi,299.45752,280.05396,289.0192,2011
Algeria,Oum El Bouaghi,301.36792,277.3938,289.65323,2012
Algeria,Oum El Bouaghi,299.15186,279.3213,288.92664,2013
Algeria,Oum El Bouaghi,300.16187,280.79688,289.7736,2014
Algeria,Oum El Bouaghi,300.4795,279.27393,289.15054,2015
Algeria,Oum El Bouaghi,299.11108,282.17993,289.57413,2016
Algeria,Oum El Bouaghi,301.0144,278.7976,289.52005,2017
Algeria,Oum El Bouaghi,300.79688,278.98975,289.12943,2018
Algeria,Oum El Bouaghi,300.79688,278.98975,289.12943,2019
Algeria,Oum El Bouaghi,300.35254,280.78882,289.6655,2020
Uganda,Oyam,299.96948,295.23193,296.90402,2001
Uganda,Oyam,301.29004,296.48926,297.6744,2002
Uganda,Oyam,300.60913,295.16968,297.6191,2003
Uganda,Oyam,300.59155,295.81177,297.48727,2004
Uganda,Oyam,301.5166,295.57373,297.91132,2005
Uganda,Oyam,300.38892,295.68823,297.17026,2006
Uganda,Oyam,299.18604,295.2566,297.40274,2007
Uganda,Oyam,299.9209,295.19092,297.11053,2008
Uganda,Oyam,300.3496,296.6057,297.80084,2009
Uganda,Oyam,299.0,295.65503,297.20374,2010
Uganda,Oyam,300.25708,295.48877,297.12775,2011
Uganda,Oyam,301.28662,295.22095,297.22696,2012
Uganda,Oyam,299.4287,295.55566,297.03244,2013
Uganda,Oyam,300.4729,295.36304,297.5716,2014
Uganda,Oyam,301.29688,296.10718,297.72247,2015
Uganda,Oyam,301.79712,296.24976,298.50803,2016
Uganda,Oyam,301.02417,295.80444,298.0339,2017
Uganda,Oyam,301.23462,295.4961,297.6771,2018
Uganda,Oyam,301.23462,295.4961,297.6771,2019
Uganda,Oyam,298.875,295.54785,296.92673,2020
Nigeria,Oyo,303.14478,297.18872,299.73196,2001
Nigeria,Oyo,302.18628,297.5725,299.57758,2002
Nigeria,Oyo,303.11328,297.50488,299.9632,2003
Nigeria,Oyo,301.94116,297.59106,299.73206,2004
Nigeria,Oyo,302.8396,297.74927,299.98734,2005
Nigeria,Oyo,302.97217,297.28784,300.00522,2006
Nigeria,Oyo,303.1194,297.3777,299.74777,2007
Nigeria,Oyo,302.6631,297.58765,299.61786,2008
Nigeria,Oyo,303.51562,297.9563,299.97354,2009
Nigeria,Oyo,303.08716,298.14917,300.2423,2010
Nigeria,Oyo,303.08496,297.91846,299.90036,2011
Nigeria,Oyo,302.80615,297.4773,299.80084,2012
Nigeria,Oyo,303.24146,297.53418,300.07263,2013
Nigeria,Oyo,302.42017,297.57397,299.90005,2014
Nigeria,Oyo,302.4961,297.88916,300.00778,2015
Nigeria,Oyo,303.27954,298.14917,300.25412,2016
Nigeria,Oyo,303.35376,297.7605,300.32278,2017
Nigeria,Oyo,303.04492,297.99487,300.0262,2018
Nigeria,Oyo,303.04492,297.99487,300.0262,2019
Nigeria,Oyo,303.29517,297.8462,299.97296,2020
Uganda,Pader,299.9734,295.40967,297.1672,2001
Uganda,Pader,301.0498,296.54126,297.87494,2002
Uganda,Pader,300.90405,295.365,297.9648,2003
Uganda,Pader,301.5896,295.76685,297.80563,2004
Uganda,Pader,301.62598,295.75146,298.1846,2005
Uganda,Pader,300.4983,295.8855,297.40854,2006
Uganda,Pader,299.8694,295.489,297.59317,2007
Uganda,Pader,299.667,295.22998,297.3218,2008
Uganda,Pader,300.41992,296.70337,298.0507,2009
Uganda,Pader,299.66992,295.84644,297.6964,2010
Uganda,Pader,300.20435,295.7173,297.46774,2011
Uganda,Pader,301.38232,295.42603,297.53815,2012
Uganda,Pader,299.84668,295.7295,297.29007,2013
Uganda,Pader,300.35376,295.55835,297.83267,2014
Uganda,Pader,301.50977,296.281,297.93845,2015
Uganda,Pader,301.7815,296.3181,298.65436,2016
Uganda,Pader,300.8015,295.82983,298.23117,2017
Uganda,Pader,301.60352,295.6953,298.03323,2018
Uganda,Pader,301.60352,295.6953,298.03323,2019
Uganda,Pader,298.98047,295.72363,297.2145,2020
Uganda,Pallisa,299.1023,296.04688,297.155,2001
Uganda,Pallisa,300.33496,296.91992,297.75174,2002
Uganda,Pallisa,300.26147,296.2881,297.8535,2003
Uganda,Pallisa,299.5974,296.91284,297.80774,2004
Uganda,Pallisa,300.93262,296.4878,298.1224,2005
Uganda,Pallisa,300.02368,296.61133,297.6177,2006
Uganda,Pallisa,298.58813,296.17065,297.48752,2007
Uganda,Pallisa,299.13965,296.16748,297.5163,2008
Uganda,Pallisa,300.21484,297.20142,298.0214,2009
Uganda,Pallisa,298.41577,296.45776,297.46628,2010
Uganda,Pallisa,299.68872,296.32666,297.4046,2011
Uganda,Pallisa,300.14404,296.53076,297.62033,2012
Uganda,Pallisa,299.53418,296.44043,297.6218,2013
Uganda,Pallisa,300.11743,296.79077,298.03546,2014
Uganda,Pallisa,300.9458,296.88184,298.12564,2015
Uganda,Pallisa,300.91235,297.60645,298.79874,2016
Uganda,Pallisa,301.25073,297.06226,298.61545,2017
Uganda,Pallisa,301.01,296.53687,298.0788,2018
Uganda,Pallisa,301.01,296.53687,298.0788,2019
Uganda,Pallisa,298.82617,296.3545,297.36295,2020
Benin,Plateau,302.52222,297.6438,300.19162,2001
Nigeria,Plateau,300.5464,292.09106,296.39865,2001
Benin,Plateau,302.49512,298.0393,300.00238,2002
Nigeria,Plateau,302.1067,291.02246,296.71527,2002
Benin,Plateau,302.79297,298.3838,300.25876,2003
Nigeria,Plateau,300.94727,293.86548,297.07663,2003
Benin,Plateau,302.5681,298.09082,300.22653,2004
Nigeria,Plateau,302.7356,294.79883,297.1191,2004
Benin,Plateau,303.0205,298.06958,300.3892,2005
Nigeria,Plateau,302.32788,293.5879,297.67435,2005
Benin,Plateau,302.45728,297.78784,300.40482,2006
Nigeria,Plateau,301.52295,292.3943,297.45233,2006
Benin,Plateau,303.0393,298.2058,300.3199,2007
Nigeria,Plateau,301.57788,291.99634,296.9006,2007
Benin,Plateau,302.2744,298.34546,300.23392,2008
Nigeria,Plateau,300.65283,291.95996,296.56644,2008
Benin,Plateau,302.6211,298.53833,300.52252,2009
Nigeria,Plateau,301.58203,293.96094,297.33292,2009
Benin,Plateau,303.6482,298.98706,301.05496,2010
Nigeria,Plateau,302.56958,293.49683,297.74768,2010
Benin,Plateau,302.31543,298.5454,300.4819,2011
Nigeria,Plateau,301.4104,292.18848,297.069,2011
Benin,Plateau,302.76904,298.0476,300.25153,2012
Nigeria,Plateau,302.08057,293.22485,296.95694,2012
Benin,Plateau,302.90332,298.40137,300.5487,2013
Nigeria,Plateau,301.67505,294.46045,297.3962,2013
Benin,Plateau,302.40845,297.9724,300.4399,2014
Nigeria,Plateau,301.4641,293.7461,296.99704,2014
Benin,Plateau,302.57666,299.062,300.5965,2015
Nigeria,Plateau,301.9265,290.74854,297.07404,2015
Benin,Plateau,303.61646,298.8484,300.96246,2016
Nigeria,Plateau,301.9768,291.6682,297.1843,2016
Benin,Plateau,302.86816,298.26636,300.7795,2017
Nigeria,Plateau,302.01562,294.2566,297.147,2017
Benin,Plateau,302.89087,298.94116,300.83188,2018
Nigeria,Plateau,301.85107,292.89404,297.03583,2018
Benin,Plateau,302.89087,298.94116,300.83188,2019
Nigeria,Plateau,301.85107,292.89404,297.03583,2019
Benin,Plateau,303.71875,298.667,300.94138,2020
Nigeria,Plateau,302.11035,292.07788,296.7197,2020
Burkina Faso,Plateau Central,306.73022,296.59302,301.5526,2001
Burkina Faso,Plateau Central,306.75317,296.9834,301.78998,2002
Burkina Faso,Plateau Central,306.60083,297.1604,301.57175,2003
Burkina Faso,Plateau Central,306.1223,297.54492,301.91223,2004
Burkina Faso,Plateau Central,306.98804,296.9004,302.08627,2005
Burkina Faso,Plateau Central,306.16797,296.90015,301.74564,2006
Burkina Faso,Plateau Central,306.40796,296.3147,301.81857,2007
Burkina Faso,Plateau Central,306.02173,294.37793,301.22983,2008
Burkina Faso,Plateau Central,306.15454,296.2234,302.02512,2009
Burkina Faso,Plateau Central,307.0735,297.63086,302.26395,2010
Burkina Faso,Plateau Central,306.7036,296.9165,302.25323,2011
Burkina Faso,Plateau Central,306.60986,296.63696,301.8674,2012
Burkina Faso,Plateau Central,306.60767,296.90186,301.91263,2013
Burkina Faso,Plateau Central,306.55396,298.14844,302.06686,2014
Burkina Faso,Plateau Central,307.64136,295.83252,301.67267,2015
Burkina Faso,Plateau Central,306.88306,297.1604,301.85098,2016
Burkina Faso,Plateau Central,306.68945,296.9851,301.7722,2017
Burkina Faso,Plateau Central,307.31396,297.21436,302.12552,2018
Burkina Faso,Plateau Central,307.31396,297.21436,302.12552,2019
Burkina Faso,Plateau Central,307.2041,297.41577,302.1546,2020
Congo,Plateaux,298.64526,297.45068,298.09396,2001
Togo,Plateaux,302.39282,296.7395,299.1094,2001
Congo,Plateaux,299.34106,297.6538,298.48758,2002
Togo,Plateaux,301.6355,297.10376,298.9244,2002
Congo,Plateaux,299.59155,297.60913,298.5322,2003
Togo,Plateaux,302.14844,297.03418,299.16452,2003
Congo,Plateaux,299.60913,297.81885,298.63098,2004
Togo,Plateaux,301.42358,296.86646,298.94266,2004
Congo,Plateaux,300.09277,297.93848,298.86917,2005
Togo,Plateaux,302.04785,296.9348,299.2134,2005
Congo,Plateaux,299.30347,297.95557,298.5534,2006
Togo,Plateaux,301.75024,296.66284,299.2264,2006
Congo,Plateaux,300.00806,297.61987,298.52316,2007
Togo,Plateaux,302.44165,296.84644,299.1877,2007
Congo,Plateaux,299.04004,297.40967,298.3542,2008
Togo,Plateaux,301.87598,297.1443,299.2199,2008
Congo,Plateaux,299.77344,298.01978,298.67502,2009
Togo,Plateaux,302.2959,297.58716,299.3923,2009
Congo,Plateaux,299.89185,297.89917,298.9075,2010
Togo,Plateaux,302.10278,297.65698,299.73434,2010
Congo,Plateaux,299.48682,298.16187,298.71466,2011
Togo,Plateaux,301.3037,297.21533,299.31363,2011
Congo,Plateaux,299.3589,297.9729,298.6132,2012
Togo,Plateaux,301.8042,296.95972,299.13254,2012
Congo,Plateaux,299.7666,297.66357,298.73782,2013
Togo,Plateaux,301.79004,297.08496,299.2445,2013
Congo,Plateaux,299.5569,297.9746,298.71384,2014
Togo,Plateaux,301.09985,297.0896,299.2194,2014
Congo,Plateaux,299.84424,298.58374,299.11032,2015
Togo,Plateaux,301.92236,297.56592,299.4694,2015
Congo,Plateaux,300.37524,297.9275,299.2419,2016
Togo,Plateaux,302.0442,297.65894,299.75266,2016
Congo,Plateaux,299.8518,297.96558,298.8137,2017
Togo,Plateaux,303.14087,297.42065,299.87277,2017
Congo,Plateaux,300.27344,298.13843,299.13968,2018
Togo,Plateaux,302.43945,297.7058,299.89066,2018
Congo,Plateaux,300.27344,298.13843,299.13968,2019
Togo,Plateaux,302.43945,297.7058,299.89066,2019
Congo,Plateaux,300.03613,298.03027,299.12628,2020
Togo,Plateaux,302.3811,297.5747,299.749,2020
Congo,Pool,297.7556,296.28076,297.1366,2001
Congo,Pool,298.2981,297.1709,297.59906,2002
Congo,Pool,298.81177,297.34863,298.01056,2003
Congo,Pool,298.7849,296.77466,298.0286,2004
Congo,Pool,299.5088,297.11475,298.35956,2005
Congo,Pool,299.24878,296.99292,297.89096,2006
Congo,Pool,298.96704,297.03003,297.9338,2007
Congo,Pool,298.76196,296.562,297.8104,2008
Congo,Pool,299.07812,296.5608,297.9112,2009
Congo,Pool,299.50366,296.78784,298.28738,2010
Congo,Pool,298.93457,296.3396,297.75406,2011
Congo,Pool,298.87158,296.4983,297.7315,2012
Congo,Pool,298.98633,296.62842,298.0492,2013
Congo,Pool,299.094,296.3164,297.9803,2014
Congo,Pool,298.65234,297.0193,298.00665,2015
Congo,Pool,299.47095,296.4607,298.2966,2016
Congo,Pool,299.17578,296.531,297.9929,2017
Congo,Pool,299.53857,297.27148,298.4123,2018
Congo,Pool,299.53857,297.27148,298.4123,2019
Congo,Pool,299.21313,296.19238,298.00015,2020
Egypt,Port Said,299.99927,288.9187,294.1029,2001
Egypt,Port Said,300.09985,287.72363,294.17636,2002
Egypt,Port Said,299.50098,287.52905,293.83658,2003
Egypt,Port Said,299.35645,287.9021,293.71725,2004
Egypt,Port Said,299.54614,287.87402,293.68427,2005
Egypt,Port Said,299.54956,288.219,293.72186,2006
Egypt,Port Said,299.79565,288.39893,293.90842,2007
Egypt,Port Said,299.6814,287.91113,294.12143,2008
Egypt,Port Said,299.57935,288.63965,294.1695,2009
Egypt,Port Said,300.39136,289.75757,294.8494,2010
Egypt,Port Said,299.5747,289.28027,293.84634,2011
Egypt,Port Said,300.73706,287.43677,294.1887,2012
Egypt,Port Said,299.98145,288.69092,294.21408,2013
Egypt,Port Said,300.23804,289.13306,294.46188,2014
Egypt,Port Said,301.13037,287.97314,294.257,2015
Egypt,Port Said,299.99292,288.01587,294.53928,2016
Egypt,Port Said,300.3562,288.04175,294.2157,2017
Egypt,Port Said,300.4773,288.01,294.2811,2018
Egypt,Port Said,300.4773,288.01,294.2811,2019
Egypt,Port Said,300.30713,288.04077,294.38116,2020
Sao Tome and Principe,Principe,300.41553,297.3684,299.04758,2001
Sao Tome and Principe,Principe,300.55127,297.89087,299.3079,2002
Sao Tome and Principe,Principe,300.8496,298.24316,299.513,2003
Sao Tome and Principe,Principe,300.6931,297.94238,299.34598,2004
Sao Tome and Principe,Principe,301.04077,297.67334,299.32553,2005
Sao Tome and Principe,Principe,300.85034,297.6394,299.39227,2006
Sao Tome and Principe,Principe,300.56665,298.20776,299.43658,2007
Sao Tome and Principe,Principe,300.5415,298.04248,299.3008,2008
Sao Tome and Principe,Principe,300.61914,297.88892,299.419,2009
Sao Tome and Principe,Principe,301.3391,297.80347,299.49753,2010
Sao Tome and Principe,Principe,300.8225,297.80054,299.256,2011
Sao Tome and Principe,Principe,300.35693,298.09644,299.2232,2012
Sao Tome and Principe,Principe,300.9524,297.4292,299.17566,2013
Sao Tome and Principe,Principe,300.6477,297.32422,299.1595,2014
Sao Tome and Principe,Principe,300.58984,297.65967,299.18668,2015
Sao Tome and Principe,Principe,300.93774,298.15503,299.66364,2016
Sao Tome and Principe,Principe,300.7483,297.93335,299.495,2017
Sao Tome and Principe,Principe,301.0874,298.33667,299.7681,2018
Sao Tome and Principe,Principe,301.0874,298.33667,299.7681,2019
Sao Tome and Principe,Principe,301.22095,298.43457,299.77243,2020
Seychelles,Providence,300.29248,296.9702,298.8713,2001
Seychelles,Providence,300.3015,296.86353,298.96933,2002
Seychelles,Providence,300.53296,297.24707,299.19888,2003
Seychelles,Providence,300.38843,297.0713,298.92477,2004
Seychelles,Providence,300.75366,297.34106,299.08304,2005
Seychelles,Providence,300.3191,297.46362,299.00735,2006
Seychelles,Providence,301.28955,297.93433,299.377,2007
Seychelles,Providence,299.96387,297.35132,298.9564,2008
Seychelles,Providence,300.35352,297.63403,299.2071,2009
Seychelles,Providence,301.14575,297.57495,299.38718,2010
Seychelles,Providence,300.03735,297.63525,299.09357,2011
Seychelles,Providence,300.21533,297.3069,299.03995,2012
Seychelles,Providence,300.2727,297.05957,298.97464,2013
Seychelles,Providence,300.47852,297.615,299.24136,2014
Seychelles,Providence,300.54346,297.82568,299.4876,2015
Seychelles,Providence,301.15063,297.02905,299.12653,2016
Seychelles,Providence,300.40234,297.65112,299.25687,2017
Seychelles,Providence,301.06396,298.2019,299.66733,2018
Seychelles,Providence,301.06396,298.2019,299.66733,2019
Seychelles,Providence,300.9807,297.86035,299.56314,2020
United Republic of Tanzania,Pwani,300.34717,297.31177,299.13773,2001
United Republic of Tanzania,Pwani,300.38574,297.61353,299.20273,2002
United Republic of Tanzania,Pwani,300.99,297.37207,299.52472,2003
United Republic of Tanzania,Pwani,300.7168,297.41895,299.1912,2004
United Republic of Tanzania,Pwani,300.93457,297.5188,299.35892,2005
United Republic of Tanzania,Pwani,300.6858,297.62964,299.16278,2006
United Republic of Tanzania,Pwani,300.9419,297.96362,299.4252,2007
United Republic of Tanzania,Pwani,300.4431,297.4585,299.1429,2008
United Republic of Tanzania,Pwani,300.77417,297.57153,299.50153,2009
United Republic of Tanzania,Pwani,301.00708,297.7312,299.59045,2010
United Republic of Tanzania,Pwani,300.62036,297.88525,299.4072,2011
United Republic of Tanzania,Pwani,300.5608,297.7351,299.40256,2012
United Republic of Tanzania,Pwani,300.94043,297.5498,299.3796,2013
United Republic of Tanzania,Pwani,300.6267,298.0127,299.44235,2014
United Republic of Tanzania,Pwani,300.90674,298.062,299.6048,2015
United Republic of Tanzania,Pwani,301.57642,297.70386,299.50803,2016
United Republic of Tanzania,Pwani,300.84448,298.05542,299.5344,2017
United Republic of Tanzania,Pwani,301.42383,298.17847,299.79428,2018
United Republic of Tanzania,Pwani,301.42383,298.17847,299.79428,2019
United Republic of Tanzania,Pwani,301.0271,297.792,299.69235,2020
Lesotho,Qacha's Nek,287.5481,274.31396,282.453,2001
Lesotho,Qacha's Nek,288.24316,274.21265,282.65994,2002
Lesotho,Qacha's Nek,288.63696,276.12988,283.33218,2003
Lesotho,Qacha's Nek,288.07227,274.40552,282.90964,2004
Lesotho,Qacha's Nek,288.30664,277.95264,283.53403,2005
Lesotho,Qacha's Nek,288.11548,273.87378,282.11737,2006
Lesotho,Qacha's Nek,288.79346,271.62573,282.788,2007
Lesotho,Qacha's Nek,288.43726,276.7202,283.14032,2008
Lesotho,Qacha's Nek,288.72852,275.44165,282.91934,2009
Lesotho,Qacha's Nek,288.54077,276.71655,283.81863,2010
Lesotho,Qacha's Nek,287.68408,272.92554,282.12466,2011
Lesotho,Qacha's Nek,289.1233,275.83936,282.83746,2012
Lesotho,Qacha's Nek,288.77686,277.72803,283.25964,2013
Lesotho,Qacha's Nek,288.3767,276.5039,283.36276,2014
Lesotho,Qacha's Nek,290.52197,276.6892,284.20358,2015
Lesotho,Qacha's Nek,289.26636,275.93726,283.90762,2016
Lesotho,Qacha's Nek,288.27026,277.90527,283.29953,2017
Lesotho,Qacha's Nek,289.57373,278.66797,284.82523,2018
Lesotho,Qacha's Nek,289.57373,278.66797,284.82523,2019
Lesotho,Qacha's Nek,288.69897,277.2605,283.74738,2020
Egypt,Qena,305.636,287.88403,297.5277,2001
Egypt,Qena,306.5564,285.28418,297.74734,2002
Egypt,Qena,305.7588,287.45483,297.50372,2003
Egypt,Qena,305.6477,287.1504,297.52682,2004
Egypt,Qena,306.03638,287.23242,297.6789,2005
Egypt,Qena,305.9148,287.16382,297.50247,2006
Egypt,Qena,305.46558,286.6272,297.52057,2007
Egypt,Qena,305.65015,285.95996,297.91702,2008
Egypt,Qena,306.0022,288.4851,297.65338,2009
Egypt,Qena,307.10034,289.96167,299.58005,2010
Egypt,Qena,306.14624,287.37988,297.15216,2011
Egypt,Qena,306.4651,285.35767,297.87198,2012
Egypt,Qena,305.7583,288.60107,298.1685,2013
Egypt,Qena,306.55273,288.78882,298.6476,2014
Egypt,Qena,308.16162,287.55762,298.51413,2015
Egypt,Qena,307.5166,286.635,298.69083,2016
Egypt,Qena,306.78296,287.46362,298.09167,2017
Egypt,Qena,306.45312,286.97607,298.16147,2018
Egypt,Qena,306.45312,286.97607,298.16147,2019
Egypt,Qena,306.6123,285.7693,298.23843,2020
Guinea-Bissau,Quinara,301.3994,299.1067,300.0448,2001
Guinea-Bissau,Quinara,301.5371,299.26465,300.14755,2002
Guinea-Bissau,Quinara,301.25708,299.2224,299.9821,2003
Guinea-Bissau,Quinara,301.29126,299.2356,300.116,2004
Guinea-Bissau,Quinara,301.70166,299.21484,300.4183,2005
Guinea-Bissau,Quinara,301.69238,299.54907,300.15463,2006
Guinea-Bissau,Quinara,301.3213,298.9436,300.08273,2007
Guinea-Bissau,Quinara,301.49854,298.81348,300.04364,2008
Guinea-Bissau,Quinara,301.11572,298.20386,299.76096,2009
Guinea-Bissau,Quinara,301.42383,299.3977,300.33298,2010
Guinea-Bissau,Quinara,301.4065,299.25293,300.048,2011
Guinea-Bissau,Quinara,301.3108,298.75806,299.80344,2012
Guinea-Bissau,Quinara,300.83057,298.81592,299.94583,2013
Guinea-Bissau,Quinara,300.9619,298.74634,299.75357,2014
Guinea-Bissau,Quinara,301.19043,298.56934,299.87955,2015
Guinea-Bissau,Quinara,301.3506,299.5901,300.15924,2016
Guinea-Bissau,Quinara,301.54785,299.06714,300.23865,2017
Guinea-Bissau,Quinara,301.8169,299.54248,300.3638,2018
Guinea-Bissau,Quinara,301.8169,299.54248,300.3638,2019
Guinea-Bissau,Quinara,301.95923,299.35132,300.58966,2020
Lesotho,Quthing,289.2727,275.22412,284.04153,2001
Lesotho,Quthing,289.7881,275.5857,284.2252,2002
Lesotho,Quthing,290.52905,276.83887,284.75797,2003
Lesotho,Quthing,289.79297,275.69263,284.43665,2004
Lesotho,Quthing,289.69336,278.9038,284.97983,2005
Lesotho,Quthing,290.14282,276.35815,283.7466,2006
Lesotho,Quthing,290.3579,274.1609,284.419,2007
Lesotho,Quthing,290.2185,277.8042,284.68314,2008
Lesotho,Quthing,290.37573,275.99243,284.52823,2009
Lesotho,Quthing,290.67944,276.98022,285.37234,2010
Lesotho,Quthing,289.46973,273.82007,283.88068,2011
Lesotho,Quthing,290.9651,276.2378,284.32608,2012
Lesotho,Quthing,290.19287,278.09033,284.7227,2013
Lesotho,Quthing,290.3396,277.09766,284.72263,2014
Lesotho,Quthing,292.5083,277.74976,285.7524,2015
Lesotho,Quthing,290.64526,277.00366,285.30588,2016
Lesotho,Quthing,289.8777,279.0244,284.7595,2017
Lesotho,Quthing,291.2202,279.34375,286.21048,2018
Lesotho,Quthing,291.2202,279.34375,286.21048,2019
Lesotho,Quthing,290.37085,277.4265,284.96027,2020
Morocco,Rabat - Salé - Zemmour - Zaer,295.99927,287.49927,291.85794,2001
Morocco,Rabat - Salé - Zemmour - Zaer,295.23022,288.19824,291.58636,2002
Morocco,Rabat - Salé - Zemmour - Zaer,297.79395,286.70874,291.89874,2003
Morocco,Rabat - Salé - Zemmour - Zaer,297.4834,286.95508,291.72668,2004
Morocco,Rabat - Salé - Zemmour - Zaer,296.98364,285.07617,291.47006,2005
Morocco,Rabat - Salé - Zemmour - Zaer,297.24878,285.4768,291.95932,2006
Morocco,Rabat - Salé - Zemmour - Zaer,295.99097,286.11743,291.3526,2007
Morocco,Rabat - Salé - Zemmour - Zaer,295.89795,286.60718,291.3143,2008
Morocco,Rabat - Salé - Zemmour - Zaer,296.92798,286.0808,292.00885,2009
Morocco,Rabat - Salé - Zemmour - Zaer,298.40503,287.72656,292.21838,2010
Morocco,Rabat - Salé - Zemmour - Zaer,296.35986,286.7141,291.93097,2011
Morocco,Rabat - Salé - Zemmour - Zaer,296.60034,285.13794,291.41022,2012
Morocco,Rabat - Salé - Zemmour - Zaer,297.37793,286.3037,291.48978,2013
Morocco,Rabat - Salé - Zemmour - Zaer,296.2732,286.89673,291.76187,2014
Morocco,Rabat - Salé - Zemmour - Zaer,297.3877,285.93408,291.91144,2015
Morocco,Rabat - Salé - Zemmour - Zaer,298.0066,287.24634,292.1047,2016
Morocco,Rabat - Salé - Zemmour - Zaer,297.29565,286.30347,292.19455,2017
Morocco,Rabat - Salé - Zemmour - Zaer,296.40308,286.2163,291.4515,2018
Morocco,Rabat - Salé - Zemmour - Zaer,296.40308,286.2163,291.4515,2019
Morocco,Rabat - Salé - Zemmour - Zaer,297.40527,286.62085,292.12335,2020
Uganda,Rakai,294.21167,292.7129,293.6628,2001
Uganda,Rakai,295.27637,293.66016,294.11404,2002
Uganda,Rakai,295.95483,293.53418,294.44025,2003
Uganda,Rakai,296.21655,294.27466,294.895,2004
Uganda,Rakai,296.55762,293.8921,294.79398,2005
Uganda,Rakai,296.41235,293.94824,294.7728,2006
Uganda,Rakai,295.42603,293.50854,294.39557,2007
Uganda,Rakai,295.01855,293.66577,294.3664,2008
Uganda,Rakai,296.51367,294.063,295.0554,2009
Uganda,Rakai,295.39233,294.14722,294.67493,2010
Uganda,Rakai,295.80005,293.7151,294.4443,2011
Uganda,Rakai,295.8296,293.8413,294.4799,2012
Uganda,Rakai,295.80957,293.8037,294.53146,2013
Uganda,Rakai,296.4729,293.87598,294.8421,2014
Uganda,Rakai,296.08643,294.1416,295.0734,2015
Uganda,Rakai,296.77563,294.59058,295.4146,2016
Uganda,Rakai,296.64136,294.53418,295.238,2017
Uganda,Rakai,296.36353,294.19897,295.06903,2018
Uganda,Rakai,296.36353,294.19897,295.06903,2019
Uganda,Rakai,295.88184,294.44556,295.18033,2020
Egypt,Red Sea,304.3235,293.99487,299.12927,2001
Sudan,Red Sea,308.1167,297.2942,302.88986,2001
Egypt,Red Sea,304.08813,293.36035,299.2159,2002
Sudan,Red Sea,308.64868,297.45215,302.69867,2002
Egypt,Red Sea,304.3838,294.04272,299.2757,2003
Sudan,Red Sea,308.65405,297.94507,303.0273,2003
Egypt,Red Sea,303.5498,294.4685,299.1487,2004
Sudan,Red Sea,308.20435,297.8689,302.77307,2004
Egypt,Red Sea,304.34497,294.0332,299.13852,2005
Sudan,Red Sea,308.46216,297.29492,302.9079,2005
Egypt,Red Sea,304.33276,295.06616,299.2383,2006
Sudan,Red Sea,308.49878,298.07593,302.85956,2006
Egypt,Red Sea,304.82104,294.07446,299.29938,2007
Sudan,Red Sea,308.6765,297.27173,302.8438,2007
Egypt,Red Sea,304.4314,293.73145,299.36185,2008
Sudan,Red Sea,308.3999,297.75098,302.71063,2008
Egypt,Red Sea,304.30786,295.21484,299.28082,2009
Sudan,Red Sea,308.36353,298.40894,302.7097,2009
Egypt,Red Sea,305.33472,296.23218,300.37708,2010
Sudan,Red Sea,309.25854,299.0879,303.42673,2010
Egypt,Red Sea,303.75635,295.1963,299.11032,2011
Sudan,Red Sea,307.656,298.09473,302.43423,2011
Egypt,Red Sea,304.45386,293.45337,299.56305,2012
Sudan,Red Sea,309.15454,297.52563,303.051,2012
Egypt,Red Sea,304.0381,295.15576,299.57816,2013
Sudan,Red Sea,308.17725,298.60498,303.01614,2013
Egypt,Red Sea,304.55444,295.31616,299.70358,2014
Sudan,Red Sea,308.48608,298.34595,302.98843,2014
Egypt,Red Sea,304.61475,294.5088,299.41974,2015
Sudan,Red Sea,308.14014,297.6748,302.76935,2015
Egypt,Red Sea,304.33472,293.8186,299.67276,2016
Sudan,Red Sea,308.73804,297.51,303.33664,2016
Egypt,Red Sea,304.0183,294.042,299.32312,2017
Sudan,Red Sea,309.73804,297.98145,303.38986,2017
Egypt,Red Sea,304.7859,294.94873,299.52133,2018
Sudan,Red Sea,308.58398,298.25586,303.08173,2018
Egypt,Red Sea,304.7859,294.94873,299.52133,2019
Sudan,Red Sea,308.58398,298.25586,303.08173,2019
Egypt,Red Sea,304.46924,293.6892,299.4549,2020
Sudan,Red Sea,308.05176,297.25757,302.72052,2020
Algeria,Relizane,302.6516,283.09912,292.20447,2001
Algeria,Relizane,300.3396,283.3877,291.90228,2002
Algeria,Relizane,303.5896,282.78467,292.30695,2003
Algeria,Relizane,302.04395,283.68555,291.5527,2004
Algeria,Relizane,302.19287,280.08203,291.0015,2005
Algeria,Relizane,303.07104,281.76196,292.32748,2006
Algeria,Relizane,301.8152,283.34204,291.32916,2007
Algeria,Relizane,302.25757,282.95874,291.68558,2008
Algeria,Relizane,303.3401,283.44214,292.13742,2009
Algeria,Relizane,302.87378,284.6543,291.91257,2010
Algeria,Relizane,303.09033,283.1848,292.20392,2011
Algeria,Relizane,304.09253,280.31372,291.95758,2012
Algeria,Relizane,301.42285,282.87207,291.24826,2013
Algeria,Relizane,301.48218,283.72266,292.29034,2014
Algeria,Relizane,304.2373,282.43652,292.51202,2015
Algeria,Relizane,302.71265,285.22144,292.61807,2016
Algeria,Relizane,303.4431,282.22925,292.7842,2017
Algeria,Relizane,302.93164,282.07373,292.06464,2018
Algeria,Relizane,302.93164,282.07373,292.06464,2019
Algeria,Relizane,303.69824,282.615,292.90182,2020
Kenya,Rift Valley,304.66968,301.54028,303.07605,2001
Kenya,Rift Valley,305.50684,301.91382,303.31195,2002
Kenya,Rift Valley,306.0857,300.82715,303.39078,2003
Kenya,Rift Valley,306.27905,300.89087,303.27243,2004
Kenya,Rift Valley,305.85254,301.6001,303.6299,2005
Kenya,Rift Valley,305.39478,299.67163,303.02118,2006
Kenya,Rift Valley,304.5979,299.89893,302.89215,2007
Kenya,Rift Valley,305.30762,302.0171,303.48032,2008
Kenya,Rift Valley,305.64062,301.41602,303.76828,2009
Kenya,Rift Valley,305.53296,301.73657,303.47864,2010
Kenya,Rift Valley,305.32153,300.0569,303.28317,2011
Kenya,Rift Valley,305.66553,300.3186,302.65192,2012
Kenya,Rift Valley,305.4209,301.5188,303.18118,2013
Kenya,Rift Valley,305.14087,302.2107,303.50372,2014
Kenya,Rift Valley,305.81104,300.91504,303.40265,2015
Kenya,Rift Valley,307.11548,302.6443,304.43674,2016
Kenya,Rift Valley,306.45728,300.9685,303.6555,2017
Kenya,Rift Valley,306.36328,300.8689,303.42856,2018
Kenya,Rift Valley,306.36328,300.8689,303.42856,2019
Kenya,Rift Valley,304.35742,300.45996,302.66925,2020
Western Sahara,Rio De Oro,298.65503,292.06372,294.9286,2001
Western Sahara,Rio De Oro,297.80518,292.71948,294.54324,2002
Western Sahara,Rio De Oro,298.48706,291.24194,294.47134,2003
Western Sahara,Rio De Oro,298.27197,290.9121,294.422,2004
Western Sahara,Rio De Oro,298.6648,289.9834,294.60956,2005
Western Sahara,Rio De Oro,299.4419,289.9319,294.7033,2006
Western Sahara,Rio De Oro,298.3015,291.6997,294.23444,2007
Western Sahara,Rio De Oro,299.0205,291.3064,294.681,2008
Western Sahara,Rio De Oro,299.2876,290.39136,294.4423,2009
Western Sahara,Rio De Oro,299.02075,293.05273,295.2241,2010
Western Sahara,Rio De Oro,298.23853,291.56738,294.5335,2011
Western Sahara,Rio De Oro,298.9944,290.2141,294.53912,2012
Western Sahara,Rio De Oro,299.1809,291.73975,294.91312,2013
Western Sahara,Rio De Oro,298.51074,291.65454,294.30646,2014
Western Sahara,Rio De Oro,298.69873,290.61816,294.8564,2015
Western Sahara,Rio De Oro,297.95435,292.12915,294.80215,2016
Western Sahara,Rio De Oro,297.72144,291.63745,294.73962,2017
Western Sahara,Rio De Oro,297.68774,290.96436,294.0726,2018
Western Sahara,Rio De Oro,297.68774,290.96436,294.0726,2019
Western Sahara,Rio De Oro,299.58447,291.79272,295.2337,2020
Liberia,River Gee,298.41675,296.38354,297.41818,2001
Liberia,River Gee,298.60205,296.50024,297.60037,2002
Liberia,River Gee,298.6621,296.6599,297.74786,2003
Liberia,River Gee,299.00952,296.61426,297.7283,2004
Liberia,River Gee,299.0791,296.6692,297.86688,2005
Liberia,River Gee,298.63623,296.9402,297.7811,2006
Liberia,River Gee,298.9319,296.6765,297.89297,2007
Liberia,River Gee,298.82324,296.78662,297.7969,2008
Liberia,River Gee,298.56445,296.5569,297.6983,2009
Liberia,River Gee,299.0896,296.95776,297.9819,2010
Liberia,River Gee,298.2998,296.80835,297.65494,2011
Liberia,River Gee,298.33423,296.53784,297.6376,2012
Liberia,River Gee,299.19043,296.58887,297.90793,2013
Liberia,River Gee,298.47192,296.89233,297.7189,2014
Liberia,River Gee,298.7207,297.17676,298.00714,2015
Liberia,River Gee,299.81372,297.15308,298.42096,2016
Liberia,River Gee,299.17773,297.09448,298.09427,2017
Liberia,River Gee,299.12305,297.11792,298.28958,2018
Liberia,River Gee,299.12305,297.11792,298.28958,2019
Liberia,River Gee,299.76172,297.2705,298.40524,2020
Liberia,Rivercess,299.47803,297.46558,298.49905,2001
Liberia,Rivercess,299.68994,297.48853,298.67035,2002
Liberia,Rivercess,299.7754,297.71582,298.78677,2003
Liberia,Rivercess,299.95874,297.56152,298.791,2004
Liberia,Rivercess,299.9873,297.62817,298.90707,2005
Liberia,Rivercess,299.77686,297.72925,298.82962,2006
Liberia,Rivercess,299.7229,297.49878,298.80832,2007
Liberia,Rivercess,299.47754,297.73413,298.79672,2008
Liberia,Rivercess,299.79492,297.43677,298.71915,2009
Liberia,Rivercess,300.261,297.76636,298.98807,2010
Liberia,Rivercess,299.51782,297.7036,298.7158,2011
Liberia,Rivercess,299.48584,297.37378,298.57135,2012
Liberia,Rivercess,299.89185,297.34082,298.85403,2013
Liberia,Rivercess,299.761,297.5642,298.7342,2014
Liberia,Rivercess,299.85547,297.8413,298.94562,2015
Liberia,Rivercess,300.4143,297.94995,299.2748,2016
Liberia,Rivercess,300.51562,298.12573,299.3132,2017
Liberia,Rivercess,300.45508,298.2351,299.4891,2018
Liberia,Rivercess,300.45508,298.2351,299.4891,2019
Liberia,Rivercess,300.6311,297.97754,299.51218,2020
Nigeria,Rivers,300.61792,297.67505,299.2489,2001
Nigeria,Rivers,300.37402,297.9436,299.30527,2002
Nigeria,Rivers,300.75195,298.13452,299.50534,2003
Nigeria,Rivers,300.81226,297.90747,299.4363,2004
Nigeria,Rivers,301.12402,298.07764,299.6076,2005
Nigeria,Rivers,300.771,297.948,299.639,2006
Nigeria,Rivers,300.83813,298.09448,299.434,2007
Nigeria,Rivers,300.89355,298.13232,299.4284,2008
Nigeria,Rivers,300.81055,298.03638,299.5816,2009
Nigeria,Rivers,301.38208,298.31323,299.89255,2010
Nigeria,Rivers,300.792,297.98877,299.52423,2011
Nigeria,Rivers,300.7163,298.1643,299.43137,2012
Nigeria,Rivers,300.8899,297.9839,299.47482,2013
Nigeria,Rivers,300.5647,298.1494,299.53366,2014
Nigeria,Rivers,300.53125,298.2671,299.54507,2015
Nigeria,Rivers,301.31763,298.32886,299.919,2016
Nigeria,Rivers,301.05957,298.1687,299.80423,2017
Nigeria,Rivers,301.13232,298.50854,299.92758,2018
Nigeria,Rivers,301.13232,298.50854,299.92758,2019
Nigeria,Rivers,301.5686,298.48145,300.0275,2020
Uganda,Rubirizi,294.9558,293.49316,294.14587,2001
Uganda,Rubirizi,296.0869,293.64453,294.75613,2002
Uganda,Rubirizi,296.5642,294.5703,295.228,2003
Uganda,Rubirizi,296.41968,294.74536,295.36472,2004
Uganda,Rubirizi,297.7256,294.39893,295.50555,2005
Uganda,Rubirizi,296.10376,294.06348,294.87796,2006
Uganda,Rubirizi,296.2307,293.9519,294.86383,2007
Uganda,Rubirizi,295.54077,294.4143,294.89847,2008
Uganda,Rubirizi,296.10547,294.67578,295.3316,2009
Uganda,Rubirizi,296.09937,294.85742,295.34274,2010
Uganda,Rubirizi,296.18872,293.83813,294.72946,2011
Uganda,Rubirizi,296.6128,294.1194,294.8718,2012
Uganda,Rubirizi,296.3584,294.3645,295.17062,2013
Uganda,Rubirizi,296.90845,294.79468,295.64206,2014
Uganda,Rubirizi,296.89502,294.13672,295.5174,2015
Uganda,Rubirizi,297.7766,294.75293,296.11807,2016
Uganda,Rubirizi,297.19214,294.7002,295.93738,2017
Uganda,Rubirizi,297.10962,294.3728,295.76337,2018
Uganda,Rubirizi,297.10962,294.3728,295.76337,2019
Uganda,Rubirizi,296.87695,294.5901,295.74478,2020
Uganda,Rukungiri,294.9851,293.7588,294.21716,2001
Uganda,Rukungiri,295.917,293.6582,294.66107,2002
Uganda,Rukungiri,296.25757,294.2649,294.95538,2003
Uganda,Rukungiri,296.14233,294.39087,295.13992,2004
Uganda,Rukungiri,297.0205,294.52783,295.2873,2005
Uganda,Rukungiri,296.11353,293.7705,294.9289,2006
Uganda,Rukungiri,295.89087,293.87793,294.65842,2007
Uganda,Rukungiri,294.8318,294.06934,294.48715,2008
Uganda,Rukungiri,295.7141,294.27148,295.0341,2009
Uganda,Rukungiri,296.58472,294.41284,295.3307,2010
Uganda,Rukungiri,295.90552,293.93604,294.66324,2011
Uganda,Rukungiri,296.14014,294.219,294.82248,2012
Uganda,Rukungiri,296.1006,294.21777,295.0736,2013
Uganda,Rukungiri,296.5276,294.47534,295.4658,2014
Uganda,Rukungiri,296.7671,294.2754,295.4648,2015
Uganda,Rukungiri,296.9934,294.68652,295.85245,2016
Uganda,Rukungiri,296.5984,294.49707,295.54642,2017
Uganda,Rukungiri,296.7444,294.41382,295.50473,2018
Uganda,Rukungiri,296.7444,294.41382,295.50473,2019
Uganda,Rukungiri,296.3291,294.48462,295.67462,2020
United Republic of Tanzania,Rukwa,298.91504,294.4817,296.1633,2001
United Republic of Tanzania,Rukwa,299.896,294.58105,296.2291,2002
United Republic of Tanzania,Rukwa,299.04224,294.48608,296.58658,2003
United Republic of Tanzania,Rukwa,299.61304,294.43677,296.2571,2004
United Republic of Tanzania,Rukwa,299.44238,294.97217,296.99872,2005
United Republic of Tanzania,Rukwa,299.97974,294.86792,296.51126,2006
United Republic of Tanzania,Rukwa,299.9319,295.50415,297.02463,2007
United Republic of Tanzania,Rukwa,299.0525,294.6499,296.25473,2008
United Republic of Tanzania,Rukwa,300.28784,294.86743,296.77658,2009
United Republic of Tanzania,Rukwa,299.98804,295.45386,296.895,2010
United Republic of Tanzania,Rukwa,298.54712,295.3103,296.47394,2011
United Republic of Tanzania,Rukwa,299.6582,295.4253,296.7486,2012
United Republic of Tanzania,Rukwa,299.5193,295.0923,296.7909,2013
United Republic of Tanzania,Rukwa,298.89136,295.7942,296.936,2014
United Republic of Tanzania,Rukwa,299.8933,295.8125,297.03287,2015
United Republic of Tanzania,Rukwa,300.15967,295.29077,297.21964,2016
United Republic of Tanzania,Rukwa,299.11426,295.91113,297.05408,2017
United Republic of Tanzania,Rukwa,299.4065,295.78125,297.21616,2018
United Republic of Tanzania,Rukwa,299.4065,295.78125,297.21616,2019
United Republic of Tanzania,Rukwa,299.81152,294.958,296.78384,2020
Burundi,Rutana,293.74536,291.81763,292.45218,2001
Burundi,Rutana,295.104,291.49463,292.9332,2002
Burundi,Rutana,295.41284,292.18652,293.27243,2003
Burundi,Rutana,294.91504,292.0774,293.26053,2004
Burundi,Rutana,295.92847,292.25244,293.5347,2005
Burundi,Rutana,295.69653,291.8506,292.9948,2006
Burundi,Rutana,295.09644,291.90283,293.0466,2007
Burundi,Rutana,295.458,291.37744,292.73422,2008
Burundi,Rutana,296.01416,292.07812,293.22076,2009
Burundi,Rutana,294.8767,292.76245,293.47342,2010
Burundi,Rutana,294.18604,292.07642,292.78644,2011
Burundi,Rutana,294.07056,291.93262,292.96832,2012
Burundi,Rutana,294.5537,292.43774,293.1426,2013
Burundi,Rutana,294.4099,292.3098,293.2692,2014
Burundi,Rutana,295.79175,292.50586,293.49738,2015
Burundi,Rutana,295.50513,292.85645,293.78995,2016
Burundi,Rutana,294.9939,292.61133,293.56497,2017
Burundi,Rutana,295.3694,292.65845,293.51175,2018
Burundi,Rutana,295.3694,292.65845,293.51175,2019
Burundi,Rutana,295.45557,292.96777,293.8426,2020
United Republic of Tanzania,Ruvuma,298.8584,292.146,295.6078,2001
United Republic of Tanzania,Ruvuma,297.66016,292.9502,295.55838,2002
United Republic of Tanzania,Ruvuma,299.45435,293.05054,296.14923,2003
United Republic of Tanzania,Ruvuma,298.4319,292.64575,295.66745,2004
United Republic of Tanzania,Ruvuma,300.24487,292.7671,296.2557,2005
United Republic of Tanzania,Ruvuma,298.5569,292.93237,295.98764,2006
United Republic of Tanzania,Ruvuma,298.46973,293.1665,296.03,2007
United Republic of Tanzania,Ruvuma,299.2251,292.45923,295.764,2008
United Republic of Tanzania,Ruvuma,298.3816,293.17017,296.17014,2009
United Republic of Tanzania,Ruvuma,299.33203,293.3269,296.3722,2010
United Republic of Tanzania,Ruvuma,299.2776,292.8943,296.03497,2011
United Republic of Tanzania,Ruvuma,299.07446,292.85767,296.26242,2012
United Republic of Tanzania,Ruvuma,299.4463,293.10596,296.26907,2013
United Republic of Tanzania,Ruvuma,298.54175,293.50195,296.16794,2014
United Republic of Tanzania,Ruvuma,298.84863,293.6748,296.45132,2015
United Republic of Tanzania,Ruvuma,299.25098,293.29004,296.3461,2016
United Republic of Tanzania,Ruvuma,298.6162,293.4314,296.3931,2017
United Republic of Tanzania,Ruvuma,298.53174,293.5879,296.53793,2018
United Republic of Tanzania,Ruvuma,298.53174,293.5879,296.53793,2019
United Republic of Tanzania,Ruvuma,298.81274,293.90918,296.75177,2020
Burundi,Ruyigi,293.71948,291.93286,292.801,2001
Burundi,Ruyigi,295.49658,292.28564,293.4057,2002
Burundi,Ruyigi,294.99878,292.82422,293.54733,2003
Burundi,Ruyigi,295.15527,292.66724,293.5504,2004
Burundi,Ruyigi,295.39722,292.76807,293.7637,2005
Burundi,Ruyigi,295.36646,292.12402,293.41702,2006
Burundi,Ruyigi,294.43042,292.52002,293.43253,2007
Burundi,Ruyigi,295.20605,292.24707,293.2702,2008
Burundi,Ruyigi,295.52002,292.7129,293.5759,2009
Burundi,Ruyigi,295.74878,292.89917,294.04276,2010
Burundi,Ruyigi,294.28174,292.469,293.24054,2011
Burundi,Ruyigi,294.32886,292.63574,293.32217,2012
Burundi,Ruyigi,294.9541,292.73193,293.64084,2013
Burundi,Ruyigi,294.6306,293.0183,293.6398,2014
Burundi,Ruyigi,295.89014,293.11914,294.09503,2015
Burundi,Ruyigi,295.886,293.24707,294.41837,2016
Burundi,Ruyigi,295.39038,293.1936,294.08176,2017
Burundi,Ruyigi,295.71362,293.2036,294.05356,2018
Burundi,Ruyigi,295.71362,293.2036,294.05356,2019
Burundi,Ruyigi,296.26074,293.59204,294.5047,2020
Ethiopia,SNNPR,290.98193,287.99927,289.0847,2001
Ethiopia,SNNPR,292.0774,288.47095,289.85117,2002
Ethiopia,SNNPR,292.03906,287.52368,289.27798,2003
Ethiopia,SNNPR,291.25903,288.15552,289.33865,2004
Ethiopia,SNNPR,292.14624,288.4331,289.96698,2005
Ethiopia,SNNPR,292.0625,288.6277,290.21634,2006
Ethiopia,SNNPR,292.66162,287.9497,289.98102,2007
Ethiopia,SNNPR,291.99268,288.0122,289.73178,2008
Ethiopia,SNNPR,292.70508,289.05347,290.5258,2009
Ethiopia,SNNPR,291.4192,289.0515,289.9933,2010
Ethiopia,SNNPR,293.39087,287.77588,289.93845,2011
Ethiopia,SNNPR,292.48926,288.8523,290.22076,2012
Ethiopia,SNNPR,292.60938,288.2046,290.11935,2013
Ethiopia,SNNPR,292.43872,288.2754,290.4492,2014
Ethiopia,SNNPR,293.125,288.9463,290.89713,2015
Ethiopia,SNNPR,294.4436,288.34253,290.55002,2016
Ethiopia,SNNPR,293.0332,287.40527,290.2323,2017
Ethiopia,SNNPR,293.6289,288.9375,290.5762,2018
Ethiopia,SNNPR,293.6289,288.9375,290.5762,2019
Ethiopia,SNNPR,292.84204,288.5901,290.42642,2020
Libya,Sabha,304.50073,284.64966,295.34265,2001
Libya,Sabha,305.8181,282.77637,295.11224,2002
Libya,Sabha,303.60718,285.03296,295.04327,2003
Libya,Sabha,303.23926,283.6836,294.96594,2004
Libya,Sabha,303.79028,282.9961,295.1483,2005
Libya,Sabha,305.2058,284.88892,295.13544,2006
Libya,Sabha,303.97705,284.34033,295.24747,2007
Libya,Sabha,303.98462,283.37793,295.57407,2008
Libya,Sabha,303.60107,286.4187,295.22824,2009
Libya,Sabha,304.8025,286.94995,296.73416,2010
Libya,Sabha,304.45093,283.72314,294.4803,2011
Libya,Sabha,303.24365,282.9358,295.04288,2012
Libya,Sabha,303.46704,283.96826,295.63626,2013
Libya,Sabha,305.0232,285.3125,295.70685,2014
Libya,Sabha,303.9663,282.7002,294.79718,2015
Libya,Sabha,304.87402,284.52563,295.97614,2016
Libya,Sabha,303.53418,282.11206,294.42664,2017
Libya,Sabha,304.1172,282.54248,295.05145,2018
Libya,Sabha,304.1172,282.54248,295.05145,2019
Libya,Sabha,303.917,283.44897,295.28156,2020
Western Sahara,Saguia El Hamra,296.10254,290.31372,292.99533,2001
Western Sahara,Saguia El Hamra,296.38818,291.28223,293.0587,2002
Western Sahara,Saguia El Hamra,296.24316,289.97803,293.0317,2003
Western Sahara,Saguia El Hamra,297.083,289.7793,293.21497,2004
Western Sahara,Saguia El Hamra,296.57495,288.9873,292.8633,2005
Western Sahara,Saguia El Hamra,296.55908,289.26978,293.1436,2006
Western Sahara,Saguia El Hamra,295.2312,290.02783,292.72043,2007
Western Sahara,Saguia El Hamra,295.25098,289.95093,292.74042,2008
Western Sahara,Saguia El Hamra,295.88696,289.21362,292.86887,2009
Western Sahara,Saguia El Hamra,296.06958,291.53906,293.66092,2010
Western Sahara,Saguia El Hamra,295.2854,290.17505,292.84177,2011
Western Sahara,Saguia El Hamra,295.9109,288.2395,292.81924,2012
Western Sahara,Saguia El Hamra,296.31348,290.13818,292.79465,2013
Western Sahara,Saguia El Hamra,296.0537,289.1272,292.47702,2014
Western Sahara,Saguia El Hamra,296.13184,288.76807,292.93683,2015
Western Sahara,Saguia El Hamra,295.87964,290.2151,292.9449,2016
Western Sahara,Saguia El Hamra,296.2959,290.0808,293.34705,2017
Western Sahara,Saguia El Hamra,294.76636,289.60107,292.4494,2018
Western Sahara,Saguia El Hamra,294.76636,289.60107,292.4494,2019
Western Sahara,Saguia El Hamra,295.7251,289.86694,293.29572,2020
Burkina Faso,Sahel,309.0525,296.5559,303.2722,2001
Burkina Faso,Sahel,309.5149,296.5791,303.61533,2002
Burkina Faso,Sahel,308.91016,297.8081,303.506,2003
Burkina Faso,Sahel,308.8274,297.81445,303.8489,2004
Burkina Faso,Sahel,308.4829,296.40234,303.6602,2005
Burkina Faso,Sahel,308.31445,297.03296,303.43964,2006
Burkina Faso,Sahel,309.03857,296.0569,303.44992,2007
Burkina Faso,Sahel,308.51978,293.87793,303.12518,2008
Burkina Faso,Sahel,309.04126,296.6726,304.20773,2009
Burkina Faso,Sahel,310.01587,298.29883,304.29114,2010
Burkina Faso,Sahel,309.57275,296.63525,303.9041,2011
Burkina Faso,Sahel,308.47168,296.09595,303.27985,2012
Burkina Faso,Sahel,309.26978,296.38818,303.70187,2013
Burkina Faso,Sahel,308.09277,297.70898,303.53238,2014
Burkina Faso,Sahel,309.239,295.4541,303.02716,2015
Burkina Faso,Sahel,309.3816,297.27173,303.83322,2016
Burkina Faso,Sahel,308.635,296.56714,303.50443,2017
Burkina Faso,Sahel,309.00806,296.53467,303.69696,2018
Burkina Faso,Sahel,309.00806,296.53467,303.69696,2019
Burkina Faso,Sahel,309.13086,297.00952,303.80777,2020
Algeria,Saida,301.28442,282.29248,290.78763,2001
Algeria,Saida,298.87476,282.14355,290.31927,2002
Algeria,Saida,301.63257,280.47607,290.32907,2003
Algeria,Saida,300.7256,281.56055,289.90393,2004
Algeria,Saida,301.46436,279.03223,289.9097,2005
Algeria,Saida,301.01636,280.19165,290.62274,2006
Algeria,Saida,300.87964,281.3247,289.80606,2007
Algeria,Saida,301.2068,280.73608,290.0876,2008
Algeria,Saida,302.30493,281.43433,290.6962,2009
Algeria,Saida,301.68433,283.13086,290.64188,2010
Algeria,Saida,301.37744,281.4348,290.49786,2011
Algeria,Saida,302.43628,278.62622,290.3176,2012
Algeria,Saida,299.03418,280.98926,289.3171,2013
Algeria,Saida,299.8728,281.54102,290.36945,2014
Algeria,Saida,301.88184,280.86182,290.44644,2015
Algeria,Saida,300.94897,282.9558,290.7009,2016
Algeria,Saida,301.72632,280.03003,290.92776,2017
Algeria,Saida,301.04883,279.99756,290.24515,2018
Algeria,Saida,301.04883,279.99756,290.24515,2019
Algeria,Saida,302.65723,280.865,291.39108,2020
Senegal,Saint louis,301.88184,294.89014,298.30017,2001
Senegal,Saint louis,301.16846,294.13135,297.64285,2002
Senegal,Saint louis,301.19604,292.9607,297.38962,2003
Senegal,Saint louis,301.17432,293.9934,297.48532,2004
Senegal,Saint louis,301.958,292.71777,298.231,2005
Senegal,Saint louis,301.54614,293.97485,297.72723,2006
Senegal,Saint louis,300.97534,294.79272,297.65518,2007
Senegal,Saint louis,301.4287,295.70215,298.09198,2008
Senegal,Saint louis,301.50854,292.25684,297.3666,2009
Senegal,Saint louis,301.2102,295.4524,298.3914,2010
Senegal,Saint louis,301.76392,294.2959,297.70065,2011
Senegal,Saint louis,301.6797,294.0266,297.73395,2012
Senegal,Saint louis,301.49194,294.39062,297.9185,2013
Senegal,Saint louis,301.41064,294.22632,297.57486,2014
Senegal,Saint louis,301.3015,293.83252,297.86392,2015
Senegal,Saint louis,301.3274,294.7854,297.9921,2016
Senegal,Saint louis,302.2998,293.91113,298.0051,2017
Senegal,Saint louis,301.35132,294.2163,297.2095,2018
Senegal,Saint louis,301.35132,294.2163,297.2095,2019
Senegal,Saint louis,302.08496,295.208,298.38052,2020
Chad,Salamat,306.7788,297.84692,301.63773,2001
Chad,Salamat,307.23755,297.65918,302.10086,2002
Chad,Salamat,306.91528,298.36035,301.65622,2003
Chad,Salamat,306.47974,299.01465,302.0239,2004
Chad,Salamat,307.22437,298.56836,302.1346,2005
Chad,Salamat,306.36865,297.92163,302.2741,2006
Chad,Salamat,307.15796,297.844,302.28848,2007
Chad,Salamat,305.5786,298.94116,301.6519,2008
Chad,Salamat,306.99805,299.53638,302.78424,2009
Chad,Salamat,307.8694,298.71753,302.4778,2010
Chad,Salamat,306.96313,297.65723,301.8652,2011
Chad,Salamat,307.0747,298.489,301.90533,2012
Chad,Salamat,306.96875,298.792,302.6677,2013
Chad,Salamat,306.21997,298.85522,302.40558,2014
Chad,Salamat,307.30347,297.59424,302.77032,2015
Chad,Salamat,307.70728,297.9143,302.6812,2016
Chad,Salamat,307.0547,299.28394,302.87488,2017
Chad,Salamat,307.61475,298.87256,302.13788,2018
Chad,Salamat,307.61475,298.87256,302.13788,2019
Chad,Salamat,307.75293,298.0271,302.33478,2020
Somalia,Sanaag,306.17578,293.75903,300.78894,2001
Somalia,Sanaag,306.2151,295.32715,301.0281,2002
Somalia,Sanaag,306.17163,295.20532,301.09616,2003
Somalia,Sanaag,306.38574,295.24194,300.90115,2004
Somalia,Sanaag,306.41724,294.86597,301.12943,2005
Somalia,Sanaag,306.50342,295.22095,301.1929,2006
Somalia,Sanaag,306.61206,294.98486,301.18512,2007
Somalia,Sanaag,306.5603,294.27905,300.5573,2008
Somalia,Sanaag,306.8645,294.79175,301.18527,2009
Somalia,Sanaag,306.3767,294.28394,300.8971,2010
Somalia,Sanaag,306.87744,294.29736,300.90152,2011
Somalia,Sanaag,307.17065,294.69165,300.718,2012
Somalia,Sanaag,306.39746,294.7671,300.94992,2013
Somalia,Sanaag,306.37695,294.406,300.80304,2014
Somalia,Sanaag,306.76318,294.2588,301.0029,2015
Somalia,Sanaag,306.06543,295.4226,301.23038,2016
Somalia,Sanaag,306.90698,293.83887,301.0378,2017
Somalia,Sanaag,306.7566,294.7339,301.10712,2018
Somalia,Sanaag,306.7566,294.7339,301.10712,2019
Somalia,Sanaag,306.75854,294.9143,300.9987,2020
Congo,Sangha,298.87573,296.6206,297.37454,2001
Congo,Sangha,298.80566,296.63892,297.5289,2002
Congo,Sangha,298.95483,296.6023,297.69644,2003
Congo,Sangha,299.77124,296.57275,297.74118,2004
Congo,Sangha,300.28223,296.91113,298.05243,2005
Congo,Sangha,298.33228,296.67627,297.59213,2006
Congo,Sangha,299.76807,296.46753,297.7429,2007
Congo,Sangha,298.6084,296.72217,297.58514,2008
Congo,Sangha,299.1211,297.14966,297.8264,2009
Congo,Sangha,299.78833,296.98755,298.2314,2010
Congo,Sangha,298.7583,296.83032,297.71774,2011
Congo,Sangha,298.74268,296.9944,297.77072,2012
Congo,Sangha,298.85938,297.04834,297.8928,2013
Congo,Sangha,298.7444,296.90015,297.84763,2014
Congo,Sangha,298.91846,296.7837,297.89532,2015
Congo,Sangha,300.2688,297.37964,298.33746,2016
Congo,Sangha,298.95337,297.1062,298.13547,2017
Congo,Sangha,299.6936,297.1482,298.37372,2018
Congo,Sangha,299.6936,297.1482,298.37372,2019
Congo,Sangha,300.13477,296.97754,298.54214,2020
Central African Republic,Sangha-Mbaéré,298.22144,295.81396,296.75916,2001
Central African Republic,Sangha-Mbaéré,298.7256,295.95337,297.1396,2002
Central African Republic,Sangha-Mbaéré,299.3943,295.9812,297.30417,2003
Central African Republic,Sangha-Mbaéré,300.0017,295.7915,297.37708,2004
Central African Republic,Sangha-Mbaéré,300.46777,296.04614,297.61752,2005
Central African Republic,Sangha-Mbaéré,298.75415,296.01807,297.19125,2006
Central African Republic,Sangha-Mbaéré,299.1975,295.95972,297.24274,2007
Central African Republic,Sangha-Mbaéré,298.52637,295.9331,297.09555,2008
Central African Republic,Sangha-Mbaéré,298.76953,296.3899,297.30753,2009
Central African Republic,Sangha-Mbaéré,299.60083,296.42065,297.65247,2010
Central African Republic,Sangha-Mbaéré,298.64746,295.969,296.99738,2011
Central African Republic,Sangha-Mbaéré,298.3589,295.99634,296.9716,2012
Central African Republic,Sangha-Mbaéré,298.542,295.85645,297.1265,2013
Central African Republic,Sangha-Mbaéré,298.74634,296.0525,297.24933,2014
Central African Republic,Sangha-Mbaéré,298.6001,296.6084,297.27585,2015
Central African Republic,Sangha-Mbaéré,299.68286,296.5691,297.69846,2016
Central African Republic,Sangha-Mbaéré,299.23145,296.16772,297.5884,2017
Central African Republic,Sangha-Mbaéré,299.46704,296.10522,297.7842,2018
Central African Republic,Sangha-Mbaéré,299.46704,296.10522,297.7842,2019
Central African Republic,Sangha-Mbaéré,299.85938,296.2373,297.9749,2020
Sao Tome and Principe,Sao Tome,300.1233,296.10498,298.28635,2001
Sao Tome and Principe,Sao Tome,300.2036,296.98267,298.6448,2002
Sao Tome and Principe,Sao Tome,300.42188,297.37402,298.90494,2003
Sao Tome and Principe,Sao Tome,300.0857,296.68286,298.5338,2004
Sao Tome and Principe,Sao Tome,300.72632,296.20654,298.5049,2005
Sao Tome and Principe,Sao Tome,300.4402,296.3308,298.65482,2006
Sao Tome and Principe,Sao Tome,300.21118,297.11206,298.83502,2007
Sao Tome and Principe,Sao Tome,300.13135,296.76,298.6177,2008
Sao Tome and Principe,Sao Tome,300.3164,296.27954,298.6944,2009
Sao Tome and Principe,Sao Tome,300.95044,296.4558,298.6572,2010
Sao Tome and Principe,Sao Tome,300.39868,296.16187,298.44205,2011
Sao Tome and Principe,Sao Tome,299.8999,297.07446,298.61578,2012
Sao Tome and Principe,Sao Tome,300.69067,296.12256,298.47888,2013
Sao Tome and Principe,Sao Tome,300.31958,295.54688,298.42267,2014
Sao Tome and Principe,Sao Tome,300.20312,296.1006,298.36423,2015
Sao Tome and Principe,Sao Tome,300.63892,297.1902,298.99063,2016
Sao Tome and Principe,Sao Tome,300.31665,296.2693,298.70578,2017
Sao Tome and Principe,Sao Tome,300.49023,297.39844,299.1304,2018
Sao Tome and Principe,Sao Tome,300.49023,297.39844,299.1304,2019
Sao Tome and Principe,Sao Tome,300.84985,297.2998,299.05417,2020
Côte d'Ivoire,Sassandra-Marahoue,301.46704,297.71753,299.5181,2001
Côte d'Ivoire,Sassandra-Marahoue,301.48315,298.1018,299.59744,2002
Côte d'Ivoire,Sassandra-Marahoue,302.2771,298.09155,299.83966,2003
Côte d'Ivoire,Sassandra-Marahoue,302.16772,298.05005,300.01218,2004
Côte d'Ivoire,Sassandra-Marahoue,302.10254,297.9348,299.88544,2005
Côte d'Ivoire,Sassandra-Marahoue,301.50464,298.4265,300.01077,2006
Côte d'Ivoire,Sassandra-Marahoue,302.89087,297.9187,300.04645,2007
Côte d'Ivoire,Sassandra-Marahoue,302.2295,297.8728,299.855,2008
Côte d'Ivoire,Sassandra-Marahoue,301.78027,298.06372,300.04172,2009
Côte d'Ivoire,Sassandra-Marahoue,302.13208,298.42065,300.1956,2010
Côte d'Ivoire,Sassandra-Marahoue,301.23755,298.28564,299.72427,2011
Côte d'Ivoire,Sassandra-Marahoue,301.8921,297.78394,299.77383,2012
Côte d'Ivoire,Sassandra-Marahoue,301.88574,297.8955,299.7227,2013
Côte d'Ivoire,Sassandra-Marahoue,301.6936,298.19116,299.98257,2014
Côte d'Ivoire,Sassandra-Marahoue,301.6211,297.73486,299.8854,2015
Côte d'Ivoire,Sassandra-Marahoue,302.5315,298.2898,300.1656,2016
Côte d'Ivoire,Sassandra-Marahoue,302.14673,298.27612,300.11136,2017
Côte d'Ivoire,Sassandra-Marahoue,301.75586,298.14917,300.01566,2018
Côte d'Ivoire,Sassandra-Marahoue,301.75586,298.14917,300.01566,2019
Côte d'Ivoire,Sassandra-Marahoue,302.4436,298.04004,300.0236,2020
Madagascar,Sava,300.11255,295.04834,297.62552,2001
Madagascar,Sava,300.13965,295.02368,297.69882,2002
Madagascar,Sava,299.76904,294.7588,297.7106,2003
Madagascar,Sava,300.2439,295.22754,297.52356,2004
Madagascar,Sava,300.41968,294.95044,297.76288,2005
Madagascar,Sava,299.49683,295.12183,297.61786,2006
Madagascar,Sava,301.17822,295.43823,297.83127,2007
Madagascar,Sava,299.6006,294.91968,297.4966,2008
Madagascar,Sava,300.3191,295.2356,297.93008,2009
Madagascar,Sava,300.54688,294.89136,297.99802,2010
Madagascar,Sava,300.05322,295.781,298.0021,2011
Madagascar,Sava,300.3723,295.26978,297.76276,2012
Madagascar,Sava,300.8037,294.8994,297.84167,2013
Madagascar,Sava,300.26172,295.5254,298.03677,2014
Madagascar,Sava,300.59863,295.5171,298.05222,2015
Madagascar,Sava,300.552,295.0974,297.8798,2016
Madagascar,Sava,300.24512,295.72925,298.07132,2017
Madagascar,Sava,300.26904,295.87378,298.36478,2018
Madagascar,Sava,300.26904,295.87378,298.36478,2019
Madagascar,Sava,300.16187,295.38184,297.86505,2020
Côte d'Ivoire,Savanes,303.812,297.98755,300.17062,2001
Togo,Savanes,305.68896,298.79614,301.3503,2001
Côte d'Ivoire,Savanes,304.18042,298.60962,300.76297,2002
Togo,Savanes,305.74683,298.417,301.3593,2002
Côte d'Ivoire,Savanes,303.8457,298.30566,300.71124,2003
Togo,Savanes,304.7395,298.8369,301.4212,2003
Côte d'Ivoire,Savanes,302.77515,298.53638,300.72098,2004
Togo,Savanes,304.74927,299.03613,301.4744,2004
Côte d'Ivoire,Savanes,304.81226,298.29028,301.00082,2005
Togo,Savanes,306.35913,298.8235,301.67352,2005
Côte d'Ivoire,Savanes,304.2566,298.39722,300.60013,2006
Togo,Savanes,306.04834,298.6775,301.5656,2006
Côte d'Ivoire,Savanes,304.22827,297.78784,300.7294,2007
Togo,Savanes,305.32642,298.62573,301.61594,2007
Côte d'Ivoire,Savanes,303.7837,297.45215,300.306,2008
Togo,Savanes,304.79932,297.75684,301.11313,2008
Côte d'Ivoire,Savanes,304.55664,298.21558,300.75284,2009
Togo,Savanes,305.93555,299.23755,301.8404,2009
Côte d'Ivoire,Savanes,305.14185,298.60034,300.91174,2010
Togo,Savanes,306.3606,299.21558,301.9181,2010
Côte d'Ivoire,Savanes,303.958,298.24072,300.58688,2011
Togo,Savanes,306.3291,299.14697,301.84308,2011
Côte d'Ivoire,Savanes,303.72217,298.31323,300.3005,2012
Togo,Savanes,305.61865,298.82886,301.3591,2012
Côte d'Ivoire,Savanes,304.49927,298.0205,300.63333,2013
Togo,Savanes,305.8977,298.69043,301.48068,2013
Côte d'Ivoire,Savanes,304.4192,298.65405,300.8688,2014
Togo,Savanes,305.29907,299.08887,301.7863,2014
Côte d'Ivoire,Savanes,305.0293,297.47705,300.70425,2015
Togo,Savanes,306.36523,298.1079,301.94058,2015
Côte d'Ivoire,Savanes,304.42993,298.54907,300.8207,2016
Togo,Savanes,306.28735,299.44214,301.95612,2016
Côte d'Ivoire,Savanes,304.20337,298.31543,300.73978,2017
Togo,Savanes,305.75,299.28003,301.766,2017
Côte d'Ivoire,Savanes,304.78662,298.72607,300.6382,2018
Togo,Savanes,306.82764,299.27026,301.9927,2018
Côte d'Ivoire,Savanes,304.78662,298.72607,300.6382,2019
Togo,Savanes,306.82764,299.27026,301.9927,2019
Côte d'Ivoire,Savanes,304.1455,298.37476,300.59372,2020
Togo,Savanes,306.30103,299.1006,301.77213,2020
Libya,Sawfajjin (sofuljeen),301.8296,286.29248,294.28357,2001
Libya,Sawfajjin (sofuljeen),302.8181,284.74707,294.08115,2002
Libya,Sawfajjin (sofuljeen),303.26538,284.88257,294.06802,2003
Libya,Sawfajjin (sofuljeen),302.12207,285.58594,293.76248,2004
Libya,Sawfajjin (sofuljeen),302.187,284.89258,293.73407,2005
Libya,Sawfajjin (sofuljeen),303.3816,284.16626,293.83432,2006
Libya,Sawfajjin (sofuljeen),302.364,286.29346,294.2924,2007
Libya,Sawfajjin (sofuljeen),302.5874,285.1494,294.1657,2008
Libya,Sawfajjin (sofuljeen),302.27563,286.34473,294.11545,2009
Libya,Sawfajjin (sofuljeen),302.08667,287.57422,295.08704,2010
Libya,Sawfajjin (sofuljeen),302.47046,286.25244,293.53043,2011
Libya,Sawfajjin (sofuljeen),302.43774,283.64185,293.97125,2012
Libya,Sawfajjin (sofuljeen),301.46777,286.2373,294.4553,2013
Libya,Sawfajjin (sofuljeen),302.07983,286.82202,294.4235,2014
Libya,Sawfajjin (sofuljeen),302.38232,285.71533,293.8968,2015
Libya,Sawfajjin (sofuljeen),300.98804,286.88354,294.8417,2016
Libya,Sawfajjin (sofuljeen),301.93823,283.74683,293.551,2017
Libya,Sawfajjin (sofuljeen),302.47852,285.10693,294.1473,2018
Libya,Sawfajjin (sofuljeen),302.47852,285.10693,294.1473,2019
Libya,Sawfajjin (sofuljeen),302.4463,285.42163,294.3312,2020
Guinea-Bissau,Sector Autonomo De Bissau,301.7224,298.35278,300.4175,2001
Guinea-Bissau,Sector Autonomo De Bissau,301.52856,298.95215,300.56357,2002
Guinea-Bissau,Sector Autonomo De Bissau,301.6399,298.5952,300.44205,2003
Guinea-Bissau,Sector Autonomo De Bissau,301.3943,298.5371,300.42688,2004
Guinea-Bissau,Sector Autonomo De Bissau,302.68408,298.2129,300.8205,2005
Guinea-Bissau,Sector Autonomo De Bissau,301.83203,297.88843,300.4201,2006
Guinea-Bissau,Sector Autonomo De Bissau,302.07373,298.24243,300.45255,2007
Guinea-Bissau,Sector Autonomo De Bissau,302.17798,297.87793,300.42514,2008
Guinea-Bissau,Sector Autonomo De Bissau,301.5835,297.05347,300.16348,2009
Guinea-Bissau,Sector Autonomo De Bissau,302.70532,298.94336,300.8699,2010
Guinea-Bissau,Sector Autonomo De Bissau,301.7036,298.39502,300.42706,2011
Guinea-Bissau,Sector Autonomo De Bissau,301.6577,298.06274,300.28653,2012
Guinea-Bissau,Sector Autonomo De Bissau,302.135,298.01123,300.37454,2013
Guinea-Bissau,Sector Autonomo De Bissau,301.917,298.43335,300.19513,2014
Guinea-Bissau,Sector Autonomo De Bissau,301.99194,298.1006,300.2477,2015
Guinea-Bissau,Sector Autonomo De Bissau,301.57568,299.239,300.58014,2016
Guinea-Bissau,Sector Autonomo De Bissau,302.0244,298.3484,300.64816,2017
Guinea-Bissau,Sector Autonomo De Bissau,301.91357,298.521,300.64066,2018
Guinea-Bissau,Sector Autonomo De Bissau,301.91357,298.521,300.64066,2019
Guinea-Bissau,Sector Autonomo De Bissau,302.6162,298.54077,300.92316,2020
Senegal,Sedhiou,302.1543,297.35278,300.5977,2001
Senegal,Sedhiou,302.55957,298.8252,301.03152,2002
Senegal,Sedhiou,302.7356,297.9077,300.65524,2003
Senegal,Sedhiou,302.3933,297.7871,300.71204,2004
Senegal,Sedhiou,303.68018,297.54492,301.18524,2005
Senegal,Sedhiou,302.771,297.35327,300.66995,2006
Senegal,Sedhiou,302.5327,297.84595,300.71426,2007
Senegal,Sedhiou,303.0901,297.6455,300.77426,2008
Senegal,Sedhiou,302.96826,296.73315,300.48346,2009
Senegal,Sedhiou,304.13696,298.0996,301.2721,2010
Senegal,Sedhiou,303.0725,297.65674,300.90836,2011
Senegal,Sedhiou,303.13574,298.09888,300.96652,2012
Senegal,Sedhiou,303.5725,297.6206,300.93753,2013
Senegal,Sedhiou,303.56152,297.9353,300.85318,2014
Senegal,Sedhiou,303.5525,297.6372,300.8893,2015
Senegal,Sedhiou,303.11987,299.02368,301.2668,2016
Senegal,Sedhiou,304.6582,297.85645,301.5894,2017
Senegal,Sedhiou,302.84717,297.33545,300.8309,2018
Senegal,Sedhiou,302.84717,297.33545,300.8309,2019
Senegal,Sedhiou,304.48145,298.49194,301.48615,2020
Mali,Segou,307.29468,295.73755,302.23767,2001
Mali,Segou,308.1848,296.50684,302.90683,2002
Mali,Segou,308.31055,295.43896,302.5278,2003
Mali,Segou,308.0598,295.9121,302.95926,2004
Mali,Segou,308.0298,295.55078,302.87534,2005
Mali,Segou,307.18506,294.64478,301.99496,2006
Mali,Segou,308.17822,295.39307,302.30084,2007
Mali,Segou,307.12915,293.1338,302.0251,2008
Mali,Segou,307.32446,293.52808,302.4011,2009
Mali,Segou,308.70923,296.85352,303.30466,2010
Mali,Segou,307.80713,295.1587,302.7298,2011
Mali,Segou,308.29395,293.9475,302.0507,2012
Mali,Segou,308.14282,294.62256,302.61526,2013
Mali,Segou,307.84082,295.9336,302.28253,2014
Mali,Segou,308.36206,294.54395,302.40363,2015
Mali,Segou,309.30933,297.27954,302.90646,2016
Mali,Segou,308.58423,294.3933,302.76697,2017
Mali,Segou,308.11328,294.86084,302.41376,2018
Mali,Segou,308.11328,294.86084,302.41376,2019
Mali,Segou,308.2578,295.92163,302.8198,2020
Eritrea,Semenawi Keih Bahri,305.96802,298.50122,302.62927,2001
Eritrea,Semenawi Keih Bahri,305.9983,298.53613,302.34662,2002
Eritrea,Semenawi Keih Bahri,306.10645,299.08154,302.57974,2003
Eritrea,Semenawi Keih Bahri,305.80566,298.92554,302.40182,2004
Eritrea,Semenawi Keih Bahri,306.12427,298.61914,302.49057,2005
Eritrea,Semenawi Keih Bahri,305.77222,299.46313,302.41293,2006
Eritrea,Semenawi Keih Bahri,306.17456,298.87915,302.4278,2007
Eritrea,Semenawi Keih Bahri,305.55054,298.91895,302.26434,2008
Eritrea,Semenawi Keih Bahri,305.77466,298.91284,302.41412,2009
Eritrea,Semenawi Keih Bahri,306.3152,299.68628,302.84793,2010
Eritrea,Semenawi Keih Bahri,305.5415,298.958,302.1862,2011
Eritrea,Semenawi Keih Bahri,305.8479,298.5608,302.35324,2012
Eritrea,Semenawi Keih Bahri,305.37256,299.4834,302.53357,2013
Eritrea,Semenawi Keih Bahri,305.79468,298.98267,302.50797,2014
Eritrea,Semenawi Keih Bahri,306.00928,298.47754,302.6048,2015
Eritrea,Semenawi Keih Bahri,305.61304,299.12915,302.7499,2016
Eritrea,Semenawi Keih Bahri,305.93042,298.75684,302.57767,2017
Eritrea,Semenawi Keih Bahri,305.41602,299.2832,302.57928,2018
Eritrea,Semenawi Keih Bahri,305.41602,299.2832,302.57928,2019
Eritrea,Semenawi Keih Bahri,305.52002,298.51343,302.37106,2020
Sudan,Sennar,307.9038,297.89575,302.8882,2001
Sudan,Sennar,307.84888,296.87207,303.25644,2002
Sudan,Sennar,308.2168,298.5835,303.0213,2003
Sudan,Sennar,308.4563,298.87305,303.18567,2004
Sudan,Sennar,307.9646,297.14453,303.30063,2005
Sudan,Sennar,306.8457,298.1775,302.7891,2006
Sudan,Sennar,308.81592,296.69946,302.71182,2007
Sudan,Sennar,307.22876,298.7412,303.12714,2008
Sudan,Sennar,308.33594,298.93164,303.7862,2009
Sudan,Sennar,308.2522,300.47925,303.55417,2010
Sudan,Sennar,307.3423,298.09473,303.45895,2011
Sudan,Sennar,308.33105,298.87134,303.51212,2012
Sudan,Sennar,308.4768,299.437,303.71213,2013
Sudan,Sennar,307.1438,299.77124,303.49933,2014
Sudan,Sennar,308.87964,299.39307,304.77243,2015
Sudan,Sennar,308.29907,299.02173,304.7442,2016
Sudan,Sennar,309.07812,301.26465,304.94046,2017
Sudan,Sennar,308.64478,300.6316,304.00262,2018
Sudan,Sennar,308.64478,300.6316,304.00262,2019
Sudan,Sennar,308.14258,298.14038,303.90134,2020
Uganda,Serere,299.1023,296.04688,297.155,2001
Uganda,Serere,300.33496,296.91992,297.75174,2002
Uganda,Serere,300.26147,296.2881,297.8535,2003
Uganda,Serere,299.5974,296.91284,297.80774,2004
Uganda,Serere,300.93262,296.4878,298.1224,2005
Uganda,Serere,300.02368,296.61133,297.6177,2006
Uganda,Serere,298.58813,296.17065,297.48752,2007
Uganda,Serere,299.13965,296.16748,297.5163,2008
Uganda,Serere,300.21484,297.20142,298.0214,2009
Uganda,Serere,298.41577,296.45776,297.46628,2010
Uganda,Serere,299.68872,296.32666,297.4046,2011
Uganda,Serere,300.14404,296.53076,297.62033,2012
Uganda,Serere,299.53418,296.44043,297.6218,2013
Uganda,Serere,300.11743,296.79077,298.03546,2014
Uganda,Serere,300.9458,296.88184,298.12564,2015
Uganda,Serere,300.91235,297.60645,298.79874,2016
Uganda,Serere,301.25073,297.06226,298.61545,2017
Uganda,Serere,301.01,296.53687,298.0788,2018
Uganda,Serere,301.01,296.53687,298.0788,2019
Uganda,Serere,298.82617,296.3545,297.36295,2020
Algeria,Setif,298.52075,281.1245,289.2593,2001
Algeria,Setif,296.64624,281.27637,289.0722,2002
Algeria,Setif,300.0681,280.41577,289.4168,2003
Algeria,Setif,298.4795,281.4453,288.6995,2004
Algeria,Setif,298.13232,278.7959,288.48245,2005
Algeria,Setif,298.25073,279.92603,289.37943,2006
Algeria,Setif,298.01245,281.438,288.88678,2007
Algeria,Setif,298.21826,281.2439,288.81464,2008
Algeria,Setif,299.67603,280.8213,288.96036,2009
Algeria,Setif,297.7273,282.1621,288.83035,2010
Algeria,Setif,298.08838,281.12817,288.95847,2011
Algeria,Setif,300.13354,277.68677,289.25314,2012
Algeria,Setif,297.1792,279.7373,288.46408,2013
Algeria,Setif,298.1775,281.86523,289.51364,2014
Algeria,Setif,299.01465,280.19775,289.18747,2015
Algeria,Setif,297.365,283.17603,289.34967,2016
Algeria,Setif,299.3777,279.6648,289.2883,2017
Algeria,Setif,299.04883,280.03857,289.14505,2018
Algeria,Setif,299.04883,280.03857,289.14505,2019
Algeria,Setif,298.7627,281.72632,289.4108,2020
Tunisia,Sfax,302.43896,285.8374,294.3866,2001
Tunisia,Sfax,301.8557,284.56738,293.88876,2002
Tunisia,Sfax,304.1443,284.88257,294.13864,2003
Tunisia,Sfax,302.7998,285.41016,293.81653,2004
Tunisia,Sfax,302.1245,284.14258,293.44534,2005
Tunisia,Sfax,302.5398,283.48853,293.93442,2006
Tunisia,Sfax,302.90894,286.30322,294.01553,2007
Tunisia,Sfax,302.44873,285.32202,293.95282,2008
Tunisia,Sfax,303.35278,285.69995,293.8337,2009
Tunisia,Sfax,302.43433,286.82812,294.22604,2010
Tunisia,Sfax,302.09546,285.7727,293.67136,2011
Tunisia,Sfax,303.74097,283.40942,294.20108,2012
Tunisia,Sfax,302.12988,286.05762,294.1099,2013
Tunisia,Sfax,302.1963,286.7185,294.44513,2014
Tunisia,Sfax,302.97998,284.93262,293.894,2015
Tunisia,Sfax,301.62964,286.90063,294.565,2016
Tunisia,Sfax,302.7273,283.8308,293.70822,2017
Tunisia,Sfax,303.18433,284.66357,294.02377,2018
Tunisia,Sfax,303.18433,284.66357,294.02377,2019
Tunisia,Sfax,303.68848,285.64038,294.41275,2020
Somalia,Shabelle Dhexe,301.08545,297.74536,299.2468,2001
Somalia,Shabelle Dhexe,300.69385,297.719,299.25644,2002
Somalia,Shabelle Dhexe,301.1477,297.7744,299.26593,2003
Somalia,Shabelle Dhexe,300.84692,297.72974,299.20602,2004
Somalia,Shabelle Dhexe,301.2732,297.72974,299.25067,2005
Somalia,Shabelle Dhexe,300.73193,298.02222,299.35403,2006
Somalia,Shabelle Dhexe,301.20288,298.1941,299.64313,2007
Somalia,Shabelle Dhexe,300.61768,297.84912,299.05032,2008
Somalia,Shabelle Dhexe,300.86523,298.1819,299.49258,2009
Somalia,Shabelle Dhexe,301.5852,297.90112,299.48483,2010
Somalia,Shabelle Dhexe,300.6682,298.3794,299.3675,2011
Somalia,Shabelle Dhexe,300.62744,298.26782,299.44586,2012
Somalia,Shabelle Dhexe,300.98828,297.70605,299.2559,2013
Somalia,Shabelle Dhexe,301.21606,297.8728,299.39157,2014
Somalia,Shabelle Dhexe,301.3164,298.39795,299.63913,2015
Somalia,Shabelle Dhexe,301.72485,297.61694,299.49664,2016
Somalia,Shabelle Dhexe,301.20703,298.59546,299.56628,2017
Somalia,Shabelle Dhexe,301.53857,298.40698,299.83627,2018
Somalia,Shabelle Dhexe,301.53857,298.40698,299.83627,2019
Somalia,Shabelle Dhexe,301.59277,298.10254,299.86783,2020
Somalia,Shabelle Hoose,300.83936,297.61255,299.14603,2001
Somalia,Shabelle Hoose,300.5376,297.60767,299.14822,2002
Somalia,Shabelle Hoose,301.0227,297.6084,299.1642,2003
Somalia,Shabelle Hoose,300.6731,297.6338,299.13815,2004
Somalia,Shabelle Hoose,301.2068,297.6184,299.13675,2005
Somalia,Shabelle Hoose,300.41162,297.8191,299.19418,2006
Somalia,Shabelle Hoose,301.0193,298.11597,299.503,2007
Somalia,Shabelle Hoose,300.479,297.69702,298.96698,2008
Somalia,Shabelle Hoose,300.66797,297.90454,299.3163,2009
Somalia,Shabelle Hoose,301.30786,297.71558,299.34616,2010
Somalia,Shabelle Hoose,300.61743,298.27002,299.26413,2011
Somalia,Shabelle Hoose,300.563,298.21313,299.37277,2012
Somalia,Shabelle Hoose,300.81445,297.4756,299.14734,2013
Somalia,Shabelle Hoose,301.0559,297.71655,299.26984,2014
Somalia,Shabelle Hoose,301.14648,298.14014,299.52032,2015
Somalia,Shabelle Hoose,301.47876,297.5398,299.36642,2016
Somalia,Shabelle Hoose,300.9961,298.42358,299.41916,2017
Somalia,Shabelle Hoose,301.3413,298.1648,299.65628,2018
Somalia,Shabelle Hoose,301.3413,298.1648,299.65628,2019
Somalia,Shabelle Hoose,301.28418,297.9248,299.72897,2020
Uganda,Sheema,292.74487,291.69922,292.22775,2001
Uganda,Sheema,293.6045,291.86133,292.64285,2002
Uganda,Sheema,294.4568,292.30737,293.03693,2003
Uganda,Sheema,294.1853,292.55103,293.3027,2004
Uganda,Sheema,295.3584,292.5708,293.38333,2005
Uganda,Sheema,294.27954,292.0088,293.1436,2006
Uganda,Sheema,293.88892,292.08105,292.82623,2007
Uganda,Sheema,293.14038,292.09155,292.60516,2008
Uganda,Sheema,294.08008,292.35742,293.18106,2009
Uganda,Sheema,294.1726,292.59058,293.339,2010
Uganda,Sheema,294.15942,292.13916,292.93716,2011
Uganda,Sheema,294.6245,292.4834,293.1721,2012
Uganda,Sheema,294.1338,292.33496,293.31516,2013
Uganda,Sheema,294.33032,292.5088,293.45294,2014
Uganda,Sheema,294.438,292.50098,293.5397,2015
Uganda,Sheema,295.0979,293.05957,294.01242,2016
Uganda,Sheema,294.93823,292.81738,293.78146,2017
Uganda,Sheema,295.17993,292.76538,293.80795,2018
Uganda,Sheema,295.17993,292.76538,293.80795,2019
Uganda,Sheema,294.47852,292.74634,293.79636,2020
United Republic of Tanzania,Shinyanga,296.47827,293.47778,294.93835,2001
United Republic of Tanzania,Shinyanga,297.07275,294.1123,295.33163,2002
United Republic of Tanzania,Shinyanga,296.88794,294.69873,295.79263,2003
United Republic of Tanzania,Shinyanga,296.9724,294.62305,295.86032,2004
United Republic of Tanzania,Shinyanga,296.8728,294.875,296.12665,2005
United Republic of Tanzania,Shinyanga,297.677,293.9646,295.80194,2006
United Republic of Tanzania,Shinyanga,296.73975,294.56104,295.57477,2007
United Republic of Tanzania,Shinyanga,296.82397,294.604,295.34573,2008
United Republic of Tanzania,Shinyanga,297.35205,294.69336,296.1254,2009
United Republic of Tanzania,Shinyanga,296.92847,294.7683,295.75418,2010
United Republic of Tanzania,Shinyanga,296.47314,294.2268,295.56427,2011
United Republic of Tanzania,Shinyanga,296.38428,294.31372,295.25397,2012
United Republic of Tanzania,Shinyanga,296.02246,294.42725,295.24222,2013
United Republic of Tanzania,Shinyanga,297.40942,294.68555,295.65475,2014
United Republic of Tanzania,Shinyanga,297.05542,294.46338,295.72345,2015
United Republic of Tanzania,Shinyanga,297.15454,295.03345,296.11774,2016
United Republic of Tanzania,Shinyanga,297.93066,295.14355,296.54593,2017
United Republic of Tanzania,Shinyanga,297.49878,294.4077,296.2365,2018
United Republic of Tanzania,Shinyanga,297.49878,294.4077,296.2365,2019
United Republic of Tanzania,Shinyanga,296.41504,294.52563,295.5423,2020
Swaziland,Shiselweni,295.43896,287.00928,292.37082,2001
Swaziland,Shiselweni,296.81738,287.22437,292.49667,2002
Swaziland,Shiselweni,297.26343,287.63257,293.06036,2003
Swaziland,Shiselweni,296.46875,286.57935,292.52762,2004
Swaziland,Shiselweni,296.5996,287.66357,292.69028,2005
Swaziland,Shiselweni,296.844,287.51514,292.41702,2006
Swaziland,Shiselweni,296.64502,287.6902,292.50528,2007
Swaziland,Shiselweni,295.8838,287.72485,292.29803,2008
Swaziland,Shiselweni,296.20972,286.79126,292.26407,2009
Swaziland,Shiselweni,296.66577,287.75366,292.95633,2010
Swaziland,Shiselweni,297.18457,286.79272,292.58038,2011
Swaziland,Shiselweni,296.7688,288.92334,292.77643,2012
Swaziland,Shiselweni,296.23584,288.40576,292.24612,2013
Swaziland,Shiselweni,296.83032,287.51172,292.4907,2014
Swaziland,Shiselweni,297.7798,288.63257,293.4798,2015
Swaziland,Shiselweni,297.761,288.4353,293.433,2016
Swaziland,Shiselweni,296.75488,289.44434,292.77966,2017
Swaziland,Shiselweni,296.22095,288.44727,293.0347,2018
Swaziland,Shiselweni,296.22095,288.44727,293.0347,2019
Swaziland,Shiselweni,297.01782,287.458,292.67056,2020
Egypt,Shrkia,301.9485,288.0559,295.29904,2001
Egypt,Shrkia,302.47437,286.15527,295.21494,2002
Egypt,Shrkia,300.95996,287.26733,294.62433,2003
Egypt,Shrkia,300.84863,287.1875,294.52585,2004
Egypt,Shrkia,301.1477,288.03027,294.48016,2005
Egypt,Shrkia,301.1687,287.11548,294.48782,2006
Egypt,Shrkia,301.32886,287.33423,294.83063,2007
Egypt,Shrkia,301.83765,286.36816,295.23813,2008
Egypt,Shrkia,302.22876,288.70386,295.35098,2009
Egypt,Shrkia,302.71558,289.4453,296.10916,2010
Egypt,Shrkia,301.5747,288.47363,294.85953,2011
Egypt,Shrkia,302.18384,286.94946,295.11758,2012
Egypt,Shrkia,301.2334,288.06592,295.10828,2013
Egypt,Shrkia,301.68335,288.23804,295.1323,2014
Egypt,Shrkia,302.81396,287.56738,295.28708,2015
Egypt,Shrkia,301.9568,287.33618,296.0253,2016
Egypt,Shrkia,303.23022,287.1101,295.6052,2017
Egypt,Shrkia,302.57617,287.04053,295.50946,2018
Egypt,Shrkia,302.57617,287.04053,295.50946,2019
Egypt,Shrkia,302.09668,287.6521,295.62595,2020
Algeria,Sidi Bel Abbes,301.08716,284.1499,292.34348,2001
Algeria,Sidi Bel Abbes,298.85132,284.05762,291.73236,2002
Algeria,Sidi Bel Abbes,301.5459,283.98584,292.07907,2003
Algeria,Sidi Bel Abbes,301.30762,284.5371,291.58542,2004
Algeria,Sidi Bel Abbes,300.812,281.23438,291.17142,2005
Algeria,Sidi Bel Abbes,301.3308,283.11353,292.30356,2006
Algeria,Sidi Bel Abbes,300.34644,283.9729,291.29758,2007
Algeria,Sidi Bel Abbes,300.94897,283.89624,291.7331,2008
Algeria,Sidi Bel Abbes,301.83423,284.59058,292.32657,2009
Algeria,Sidi Bel Abbes,301.0515,286.01953,292.24734,2010
Algeria,Sidi Bel Abbes,301.47705,284.47388,292.20944,2011
Algeria,Sidi Bel Abbes,302.45776,281.85864,291.8298,2012
Algeria,Sidi Bel Abbes,299.91504,284.21387,291.29446,2013
Algeria,Sidi Bel Abbes,300.33374,284.54883,292.39044,2014
Algeria,Sidi Bel Abbes,302.292,283.53027,292.2775,2015
Algeria,Sidi Bel Abbes,300.5193,285.65308,292.4255,2016
Algeria,Sidi Bel Abbes,301.1521,283.15894,292.4652,2017
Algeria,Sidi Bel Abbes,300.8855,283.46436,291.98846,2018
Algeria,Sidi Bel Abbes,300.8855,283.46436,291.98846,2019
Algeria,Sidi Bel Abbes,302.03613,283.18726,292.64923,2020
Tunisia,Sidi Bouz,301.9878,283.06982,292.13968,2001
Tunisia,Sidi Bouz,301.3064,281.85254,291.7011,2002
Tunisia,Sidi Bouz,303.9939,281.74194,291.7708,2003
Tunisia,Sidi Bouz,301.65332,283.09766,291.33054,2004
Tunisia,Sidi Bouz,302.66357,280.95605,291.15335,2005
Tunisia,Sidi Bouz,301.55542,280.73657,291.88754,2006
Tunisia,Sidi Bouz,301.8523,283.10986,291.5129,2007
Tunisia,Sidi Bouz,302.82373,282.82593,291.66376,2008
Tunisia,Sidi Bouz,303.08618,282.77637,291.64102,2009
Tunisia,Sidi Bouz,301.864,284.0293,291.79422,2010
Tunisia,Sidi Bouz,301.5857,282.5735,291.2065,2011
Tunisia,Sidi Bouz,303.25415,280.66528,292.07657,2012
Tunisia,Sidi Bouz,300.87256,282.35254,291.47708,2013
Tunisia,Sidi Bouz,301.9685,283.43726,291.92642,2014
Tunisia,Sidi Bouz,302.11426,282.04932,291.64972,2015
Tunisia,Sidi Bouz,301.41577,284.17798,292.09854,2016
Tunisia,Sidi Bouz,302.65503,280.7019,291.5474,2017
Tunisia,Sidi Bouz,302.9414,281.88232,291.53372,2018
Tunisia,Sidi Bouz,302.9414,281.88232,291.53372,2019
Tunisia,Sidi Bouz,302.72754,283.01733,291.96628,2020
Mali,Sikasso,305.46826,298.0188,301.1514,2001
Mali,Sikasso,305.7544,298.60254,301.80008,2002
Mali,Sikasso,306.4192,297.77368,301.5034,2003
Mali,Sikasso,305.75317,298.04688,301.8577,2004
Mali,Sikasso,306.23413,297.8125,301.60648,2005
Mali,Sikasso,305.7671,297.60913,301.2248,2006
Mali,Sikasso,306.1228,297.8911,301.45074,2007
Mali,Sikasso,305.12744,295.4248,301.02963,2008
Mali,Sikasso,305.93555,296.45776,301.5258,2009
Mali,Sikasso,306.83716,298.71753,301.89417,2010
Mali,Sikasso,305.44434,297.40088,301.3338,2011
Mali,Sikasso,305.11377,297.1858,300.81223,2012
Mali,Sikasso,305.50977,296.91553,301.33093,2013
Mali,Sikasso,306.56177,298.36914,301.60562,2014
Mali,Sikasso,306.12573,297.44238,301.43845,2015
Mali,Sikasso,307.11548,298.6101,301.7631,2016
Mali,Sikasso,306.04297,297.8933,301.8993,2017
Mali,Sikasso,306.187,297.71045,301.5967,2018
Mali,Sikasso,306.187,297.71045,301.5967,2019
Mali,Sikasso,306.8252,298.44507,301.72003,2020
Chad,Sila,305.0581,295.96606,300.44894,2001
Chad,Sila,305.48364,295.9502,300.623,2002
Chad,Sila,304.83325,297.41895,300.3211,2003
Chad,Sila,305.0188,297.80957,300.46155,2004
Chad,Sila,305.17163,296.875,300.66165,2005
Chad,Sila,304.44678,296.1931,300.53842,2006
Chad,Sila,305.3296,295.92993,300.58746,2007
Chad,Sila,304.27783,297.8025,300.32294,2008
Chad,Sila,305.42578,298.39575,301.2263,2009
Chad,Sila,306.48853,297.62183,301.15115,2010
Chad,Sila,305.1643,296.4502,300.45425,2011
Chad,Sila,305.32275,297.36597,300.34933,2012
Chad,Sila,305.1172,297.35303,300.90027,2013
Chad,Sila,304.37036,297.4353,300.42462,2014
Chad,Sila,305.42456,295.78174,300.94156,2015
Chad,Sila,306.0061,296.39282,301.09024,2016
Chad,Sila,305.23267,298.114,301.3218,2017
Chad,Sila,305.98193,297.67725,300.8472,2018
Chad,Sila,305.98193,297.67725,300.8472,2019
Chad,Sila,305.95215,296.51733,300.80533,2020
Tunisia,Siliana,300.8999,282.87256,291.44113,2001
Tunisia,Siliana,299.82788,281.36426,291.13992,2002
Tunisia,Siliana,303.19702,281.7478,291.57697,2003
Tunisia,Siliana,301.3252,283.0918,290.85168,2004
Tunisia,Siliana,300.68506,280.71777,290.54657,2005
Tunisia,Siliana,300.7605,281.2854,291.4388,2006
Tunisia,Siliana,300.46948,283.3247,291.07364,2007
Tunisia,Siliana,301.17334,282.9873,291.13104,2008
Tunisia,Siliana,301.8108,282.35645,290.9317,2009
Tunisia,Siliana,300.71362,283.84766,291.1349,2010
Tunisia,Siliana,301.0161,282.46997,291.03854,2011
Tunisia,Siliana,302.6355,280.2024,291.58243,2012
Tunisia,Siliana,300.58545,281.8037,291.10696,2013
Tunisia,Siliana,301.13647,283.92944,291.69888,2014
Tunisia,Siliana,301.45605,281.87354,291.31345,2015
Tunisia,Siliana,300.23413,284.02368,291.4719,2016
Tunisia,Siliana,302.7644,281.06128,291.15857,2017
Tunisia,Siliana,302.0984,281.79053,290.98163,2018
Tunisia,Siliana,302.0984,281.79053,290.98163,2019
Tunisia,Siliana,301.5869,282.81616,291.41843,2020
United Republic of Tanzania,Simiyu,296.1631,293.57153,295.3109,2001
United Republic of Tanzania,Simiyu,297.7837,294.5498,295.88162,2002
United Republic of Tanzania,Simiyu,297.48364,295.03076,296.05563,2003
United Republic of Tanzania,Simiyu,297.54663,295.26172,296.19266,2004
United Republic of Tanzania,Simiyu,297.9265,295.51953,296.67987,2005
United Republic of Tanzania,Simiyu,298.03052,294.13452,296.24515,2006
United Republic of Tanzania,Simiyu,297.22095,294.81885,295.61774,2007
United Republic of Tanzania,Simiyu,296.92358,295.08887,295.75638,2008
United Republic of Tanzania,Simiyu,297.4126,294.73047,296.0694,2009
United Republic of Tanzania,Simiyu,296.83667,295.08472,296.0486,2010
United Republic of Tanzania,Simiyu,296.18286,294.4768,295.55972,2011
United Republic of Tanzania,Simiyu,296.53076,294.46802,295.4654,2012
United Republic of Tanzania,Simiyu,296.09546,294.7456,295.54367,2013
United Republic of Tanzania,Simiyu,296.37036,295.17578,295.76218,2014
United Republic of Tanzania,Simiyu,297.58667,294.67822,296.05548,2015
United Republic of Tanzania,Simiyu,297.81006,295.29907,296.75266,2016
United Republic of Tanzania,Simiyu,297.88354,295.4131,296.67566,2017
United Republic of Tanzania,Simiyu,297.57837,294.3745,296.272,2018
United Republic of Tanzania,Simiyu,297.57837,294.3745,296.272,2019
United Republic of Tanzania,Simiyu,296.44775,294.8733,295.7542,2020
United Republic of Tanzania,Singida,295.81934,292.0464,293.96097,2001
United Republic of Tanzania,Singida,295.54834,292.87134,294.26053,2002
United Republic of Tanzania,Singida,296.75708,292.4275,294.8229,2003
United Republic of Tanzania,Singida,296.0276,292.68433,294.5779,2004
United Republic of Tanzania,Singida,297.12573,292.63623,295.1037,2005
United Republic of Tanzania,Singida,296.05298,292.69604,294.4909,2006
United Republic of Tanzania,Singida,295.94043,293.08838,294.49127,2007
United Republic of Tanzania,Singida,295.95483,292.44678,294.43768,2008
United Republic of Tanzania,Singida,296.20117,292.54517,294.68448,2009
United Republic of Tanzania,Singida,296.79688,292.85425,294.8424,2010
United Republic of Tanzania,Singida,295.54907,293.48608,294.6813,2011
United Republic of Tanzania,Singida,296.5547,292.844,294.6345,2012
United Republic of Tanzania,Singida,296.11694,292.396,294.37863,2013
United Republic of Tanzania,Singida,295.80542,293.45898,294.6393,2014
United Republic of Tanzania,Singida,296.42676,293.1162,294.70685,2015
United Republic of Tanzania,Singida,296.844,292.98145,294.92584,2016
United Republic of Tanzania,Singida,296.41895,293.85913,295.23294,2017
United Republic of Tanzania,Singida,296.1057,293.6831,294.97708,2018
United Republic of Tanzania,Singida,296.1057,293.6831,294.97708,2019
United Republic of Tanzania,Singida,296.37988,292.8252,294.3527,2020
Liberia,Sinoe,298.9253,297.08667,297.9761,2001
Liberia,Sinoe,299.229,297.17212,298.18564,2002
Liberia,Sinoe,299.31836,297.38452,298.3133,2003
Liberia,Sinoe,299.47632,297.23535,298.27405,2004
Liberia,Sinoe,299.50488,297.2688,298.44272,2005
Liberia,Sinoe,299.18115,297.46362,298.30145,2006
Liberia,Sinoe,299.2107,297.28198,298.38058,2007
Liberia,Sinoe,298.99512,297.44116,298.32733,2008
Liberia,Sinoe,299.2422,297.17212,298.24582,2009
Liberia,Sinoe,299.7434,297.54565,298.53284,2010
Liberia,Sinoe,298.9541,297.40283,298.19318,2011
Liberia,Sinoe,298.9585,297.14722,298.1205,2012
Liberia,Sinoe,299.45435,297.15918,298.38416,2013
Liberia,Sinoe,299.2141,297.35522,298.26413,2014
Liberia,Sinoe,299.38867,297.5874,298.47394,2015
Liberia,Sinoe,299.9319,297.75464,298.87442,2016
Liberia,Sinoe,299.85938,297.71558,298.75052,2017
Liberia,Sinoe,299.7202,297.90503,298.9302,2018
Liberia,Sinoe,299.7202,297.90503,298.9302,2019
Liberia,Sinoe,300.07617,297.7119,298.96188,2020
Uganda,Sironko,288.93115,286.70068,287.8337,2001
Uganda,Sironko,290.26465,287.4397,288.3012,2002
Uganda,Sironko,290.3125,286.9099,288.41388,2003
Uganda,Sironko,289.40405,286.68872,288.0737,2004
Uganda,Sironko,290.37598,287.06396,288.51044,2005
Uganda,Sironko,289.48267,287.34253,288.15726,2006
Uganda,Sironko,288.87476,286.95386,288.05035,2007
Uganda,Sironko,289.2334,286.61865,288.14505,2008
Uganda,Sironko,290.5586,287.34204,288.58063,2009
Uganda,Sironko,289.18335,287.33472,288.35037,2010
Uganda,Sironko,289.1311,287.30518,288.25797,2011
Uganda,Sironko,290.06372,287.17212,288.27985,2012
Uganda,Sironko,289.6184,287.09473,288.08435,2013
Uganda,Sironko,289.2151,286.92163,288.13766,2014
Uganda,Sironko,290.35938,287.80762,288.59357,2015
Uganda,Sironko,290.8694,287.67456,288.84366,2016
Uganda,Sironko,289.93237,287.32007,288.63025,2017
Uganda,Sironko,290.82446,287.28784,288.77606,2018
Uganda,Sironko,290.82446,287.28784,288.77606,2019
Uganda,Sironko,289.40625,287.37988,288.38068,2020
Algeria,Skikda,298.06567,286.22534,291.7886,2001
Algeria,Skikda,297.52563,285.8369,291.54388,2002
Algeria,Skikda,300.37793,285.09546,291.9676,2003
Algeria,Skikda,298.68262,286.3828,291.38406,2004
Algeria,Skikda,297.84106,284.08105,291.084,2005
Algeria,Skikda,298.2937,285.13696,291.85223,2006
Algeria,Skikda,298.3933,286.68384,291.43707,2007
Algeria,Skikda,298.49976,286.45483,291.54965,2008
Algeria,Skikda,299.10083,285.3037,291.6884,2009
Algeria,Skikda,297.87183,286.68945,291.50418,2010
Algeria,Skikda,298.29932,285.5735,291.66354,2011
Algeria,Skikda,299.8562,283.2434,291.81418,2012
Algeria,Skikda,298.16504,284.54395,291.36154,2013
Algeria,Skikda,298.3994,286.4143,292.14078,2014
Algeria,Skikda,299.25732,284.8501,291.95572,2015
Algeria,Skikda,297.75073,287.12524,292.225,2016
Algeria,Skikda,299.38745,285.41675,291.9299,2017
Algeria,Skikda,299.39136,285.75342,291.91977,2018
Algeria,Skikda,299.39136,285.75342,291.91977,2019
Algeria,Skikda,299.25293,286.96265,292.18277,2020
Mozambique,Sofala,300.44043,293.76318,297.6589,2001
Mozambique,Sofala,300.68848,294.18652,297.74686,2002
Mozambique,Sofala,301.2854,292.3396,297.5042,2003
Mozambique,Sofala,301.41992,293.7859,297.80026,2004
Mozambique,Sofala,301.32715,293.9331,298.2331,2005
Mozambique,Sofala,302.24194,294.13354,298.07913,2006
Mozambique,Sofala,300.8694,293.71753,297.94098,2007
Mozambique,Sofala,301.16895,294.45532,298.1683,2008
Mozambique,Sofala,301.3164,293.42603,297.8217,2009
Mozambique,Sofala,302.1621,294.24487,298.1992,2010
Mozambique,Sofala,301.05566,292.91577,298.00192,2011
Mozambique,Sofala,301.78638,293.61157,297.9836,2012
Mozambique,Sofala,300.5913,293.29834,297.56335,2013
Mozambique,Sofala,300.03345,294.0332,297.42056,2014
Mozambique,Sofala,300.92236,294.77515,298.1284,2015
Mozambique,Sofala,301.7649,294.43652,298.49664,2016
Mozambique,Sofala,300.62793,294.39233,297.56204,2017
Mozambique,Sofala,301.86084,294.3125,298.32635,2018
Mozambique,Sofala,301.86084,294.3125,298.32635,2019
Mozambique,Sofala,301.14087,293.82324,298.21417,2020
Madagascar,Sofia,301.63037,297.75928,300.22595,2001
Madagascar,Sofia,302.13477,297.96973,300.17508,2002
Madagascar,Sofia,301.7395,297.7744,300.1629,2003
Madagascar,Sofia,301.65454,297.94214,300.10022,2004
Madagascar,Sofia,301.62085,297.72412,300.2225,2005
Madagascar,Sofia,301.77295,298.3269,300.389,2006
Madagascar,Sofia,301.43848,298.18604,300.12375,2007
Madagascar,Sofia,301.0669,297.79834,299.89896,2008
Madagascar,Sofia,301.86377,298.1897,300.32462,2009
Madagascar,Sofia,302.17505,298.03784,300.443,2010
Madagascar,Sofia,301.57056,298.3396,300.35397,2011
Madagascar,Sofia,302.03052,297.75806,300.04108,2012
Madagascar,Sofia,301.84106,297.7046,300.251,2013
Madagascar,Sofia,301.49023,298.66406,300.30093,2014
Madagascar,Sofia,301.92188,298.55225,300.49347,2015
Madagascar,Sofia,302.08813,297.3474,300.12424,2016
Madagascar,Sofia,301.53223,298.54663,300.54202,2017
Madagascar,Sofia,302.2915,298.6172,300.8055,2018
Madagascar,Sofia,302.2915,298.6172,300.8055,2019
Madagascar,Sofia,301.8877,298.19238,300.51886,2020
Nigeria,Sokoto,306.53296,294.9895,301.38806,2001
Nigeria,Sokoto,307.88208,294.79785,301.71658,2002
Nigeria,Sokoto,305.95117,296.30103,301.53073,2003
Nigeria,Sokoto,306.6848,296.7578,301.81296,2004
Nigeria,Sokoto,306.51343,295.45898,302.11526,2005
Nigeria,Sokoto,306.7207,295.30444,302.06317,2006
Nigeria,Sokoto,306.88452,294.58032,301.61465,2007
Nigeria,Sokoto,306.5315,293.72363,301.22318,2008
Nigeria,Sokoto,307.10938,297.4519,302.48444,2009
Nigeria,Sokoto,307.99048,296.8777,302.42346,2010
Nigeria,Sokoto,306.95947,295.82324,302.16354,2011
Nigeria,Sokoto,306.91064,295.74243,301.96652,2012
Nigeria,Sokoto,307.6194,297.30225,302.3127,2013
Nigeria,Sokoto,306.6438,296.82617,301.98566,2014
Nigeria,Sokoto,307.2937,294.62744,301.70163,2015
Nigeria,Sokoto,307.2151,295.54126,302.0274,2016
Nigeria,Sokoto,306.94336,296.92456,301.8381,2017
Nigeria,Sokoto,307.06396,296.396,301.9683,2018
Nigeria,Sokoto,307.06396,296.396,301.9683,2019
Nigeria,Sokoto,307.6494,295.87866,301.75046,2020
Ethiopia,Somali,305.5332,293.85083,299.9037,2001
Ethiopia,Somali,305.78296,295.24512,300.46185,2002
Ethiopia,Somali,305.25293,294.95532,300.2028,2003
Ethiopia,Somali,305.46753,295.44727,300.4482,2004
Ethiopia,Somali,305.53857,294.93433,300.43216,2005
Ethiopia,Somali,305.69482,294.77563,300.24872,2006
Ethiopia,Somali,305.27393,294.61743,300.2756,2007
Ethiopia,Somali,304.8396,294.29663,299.9691,2008
Ethiopia,Somali,305.41357,294.3894,300.51944,2009
Ethiopia,Somali,305.9021,294.49487,300.12186,2010
Ethiopia,Somali,305.43945,294.6455,299.90524,2011
Ethiopia,Somali,305.44287,295.29907,300.00363,2012
Ethiopia,Somali,305.70166,294.72998,300.06223,2013
Ethiopia,Somali,305.19824,294.55835,299.95718,2014
Ethiopia,Somali,306.4756,294.72754,300.75763,2015
Ethiopia,Somali,306.1787,296.14282,300.9229,2016
Ethiopia,Somali,306.76343,294.55566,300.8744,2017
Ethiopia,Somali,306.04883,295.22998,300.63968,2018
Ethiopia,Somali,306.04883,295.22998,300.63968,2019
Ethiopia,Somali,306.15894,295.65845,300.5677,2020
Somalia,Sool,300.72534,293.54028,298.35583,2001
Somalia,Sool,301.0266,295.12988,298.4975,2002
Somalia,Sool,301.45776,294.89087,298.79913,2003
Somalia,Sool,301.761,295.615,298.61423,2004
Somalia,Sool,301.56128,295.00073,298.4437,2005
Somalia,Sool,300.90674,295.72876,298.59442,2006
Somalia,Sool,301.16284,294.8911,298.725,2007
Somalia,Sool,301.22168,294.5525,298.04446,2008
Somalia,Sool,301.30322,295.49878,299.09576,2009
Somalia,Sool,301.52466,294.55737,298.73026,2010
Somalia,Sool,301.45557,294.27588,298.4523,2011
Somalia,Sool,301.65454,294.88306,298.49435,2012
Somalia,Sool,301.84106,294.2163,298.17355,2013
Somalia,Sool,301.47363,294.60327,298.59146,2014
Somalia,Sool,302.14722,293.8994,298.5566,2015
Somalia,Sool,301.09692,295.56323,298.9509,2016
Somalia,Sool,301.6482,293.53418,298.77884,2017
Somalia,Sool,301.5066,295.01514,298.7554,2018
Somalia,Sool,301.5066,295.01514,298.7554,2019
Somalia,Sool,301.7566,294.86548,298.90298,2020
Uganda,Soroti,299.1316,295.0288,296.45496,2001
Uganda,Soroti,300.65332,296.26855,297.21722,2002
Uganda,Soroti,300.3142,295.01538,297.2586,2003
Uganda,Soroti,299.63647,295.4817,297.07712,2004
Uganda,Soroti,301.00488,295.3081,297.49222,2005
Uganda,Soroti,299.8225,295.56323,296.76498,2006
Uganda,Soroti,298.52588,295.00073,296.773,2007
Uganda,Soroti,299.4912,295.00342,296.69467,2008
Uganda,Soroti,300.24414,296.25415,297.42975,2009
Uganda,Soroti,298.67773,295.3894,296.8491,2010
Uganda,Soroti,299.86646,295.2036,296.71042,2011
Uganda,Soroti,300.56787,295.14282,296.75266,2012
Uganda,Soroti,298.37402,295.2334,296.5217,2013
Uganda,Soroti,299.469,295.13257,297.05026,2014
Uganda,Soroti,300.8828,295.9392,297.45734,2015
Uganda,Soroti,301.17017,296.07104,298.15274,2016
Uganda,Soroti,300.8855,295.69507,297.7759,2017
Uganda,Soroti,300.6858,295.3418,297.27914,2018
Uganda,Soroti,300.6858,295.3418,297.27914,2019
Uganda,Soroti,298.32617,295.3369,296.51935,2020
Algeria,Souk-Ahras,299.60083,281.81396,290.28015,2001
Algeria,Souk-Ahras,298.2849,280.9502,290.13763,2002
Algeria,Souk-Ahras,301.29663,281.16772,290.44806,2003
Algeria,Souk-Ahras,299.6123,282.22656,289.64383,2004
Algeria,Souk-Ahras,299.40186,279.7705,289.56268,2005
Algeria,Souk-Ahras,299.4226,280.49048,290.44974,2006
Algeria,Souk-Ahras,298.92065,282.10596,289.90045,2007
Algeria,Souk-Ahras,299.36865,281.92163,289.91522,2008
Algeria,Souk-Ahras,300.34595,281.53613,289.79987,2009
Algeria,Souk-Ahras,299.03784,282.91016,289.9998,2010
Algeria,Souk-Ahras,299.40674,281.6223,289.8709,2011
Algeria,Souk-Ahras,301.03198,278.8684,290.35944,2012
Algeria,Souk-Ahras,298.7378,280.82324,289.7069,2013
Algeria,Souk-Ahras,299.36694,282.8418,290.43097,2014
Algeria,Souk-Ahras,299.59668,280.87354,289.92398,2015
Algeria,Souk-Ahras,298.72046,283.7229,290.38824,2016
Algeria,Souk-Ahras,301.02222,280.38354,290.0811,2017
Algeria,Souk-Ahras,300.4558,280.71436,289.87552,2018
Algeria,Souk-Ahras,300.4558,280.71436,289.87552,2019
Algeria,Souk-Ahras,300.31152,282.13257,290.40427,2020
Morocco,Souss - Massa - Draâ,295.13818,272.96216,283.96536,2001
Morocco,Souss - Massa - Draâ,293.99,276.81543,283.65097,2002
Morocco,Souss - Massa - Draâ,294.24194,272.38623,283.23517,2003
Morocco,Souss - Massa - Draâ,293.8684,271.79883,282.85803,2004
Morocco,Souss - Massa - Draâ,295.10693,271.13574,283.30844,2005
Morocco,Souss - Massa - Draâ,293.29175,270.531,282.5876,2006
Morocco,Souss - Massa - Draâ,294.63745,273.3518,283.01486,2007
Morocco,Souss - Massa - Draâ,293.7788,271.41187,282.11005,2008
Morocco,Souss - Massa - Draâ,293.94556,270.36597,282.95465,2009
Morocco,Souss - Massa - Draâ,294.0144,274.12305,283.7887,2010
Morocco,Souss - Massa - Draâ,293.67358,274.89575,282.95148,2011
Morocco,Souss - Massa - Draâ,294.58032,270.68872,282.95206,2012
Morocco,Souss - Massa - Draâ,293.11816,274.89014,283.5134,2013
Morocco,Souss - Massa - Draâ,293.82227,273.54492,283.3592,2014
Morocco,Souss - Massa - Draâ,293.8291,272.1665,283.3465,2015
Morocco,Souss - Massa - Draâ,294.69116,273.54565,283.55246,2016
Morocco,Souss - Massa - Draâ,295.6482,272.72925,284.50882,2017
Morocco,Souss - Massa - Draâ,295.22852,275.03857,284.16425,2018
Morocco,Souss - Massa - Draâ,295.22852,275.03857,284.16425,2019
Morocco,Souss - Massa - Draâ,295.20996,274.14038,284.45456,2020
Tunisia,Sousse,300.33716,286.0476,292.9377,2001
Tunisia,Sousse,300.10376,284.95215,292.7537,2002
Tunisia,Sousse,302.31348,284.49,293.00095,2003
Tunisia,Sousse,301.33887,285.60352,292.57272,2004
Tunisia,Sousse,300.7046,283.80566,292.3161,2005
Tunisia,Sousse,300.6726,284.1975,292.89618,2006
Tunisia,Sousse,300.9265,286.51807,292.83356,2007
Tunisia,Sousse,300.97827,285.8037,292.8576,2008
Tunisia,Sousse,301.82544,284.8037,292.7587,2009
Tunisia,Sousse,300.68628,286.85742,292.9464,2010
Tunisia,Sousse,300.45093,285.22974,292.66925,2011
Tunisia,Sousse,302.29956,283.4895,293.21344,2012
Tunisia,Sousse,300.59668,284.9619,292.89816,2013
Tunisia,Sousse,300.77515,286.46655,293.28824,2014
Tunisia,Sousse,301.37207,285.20947,293.131,2015
Tunisia,Sousse,300.20776,286.84985,293.32574,2016
Tunisia,Sousse,301.7976,284.3152,292.90076,2017
Tunisia,Sousse,301.91284,285.0874,292.9001,2018
Tunisia,Sousse,301.91284,285.0874,292.9001,2019
Tunisia,Sousse,302.12988,286.28687,293.25568,2020
Egypt,South Sinai,303.31763,292.71753,298.22253,2001
Egypt,South Sinai,303.61743,291.49902,298.38358,2002
Egypt,South Sinai,303.7412,292.35718,298.3001,2003
Egypt,South Sinai,302.96216,292.92188,298.18063,2004
Egypt,South Sinai,303.44067,292.6328,298.15512,2005
Egypt,South Sinai,303.84058,293.16577,298.18085,2006
Egypt,South Sinai,303.66675,292.31274,298.19034,2007
Egypt,South Sinai,303.96655,291.55762,298.52054,2008
Egypt,South Sinai,303.65942,293.94824,298.5305,2009
Egypt,South Sinai,305.03394,295.2517,299.80154,2010
Egypt,South Sinai,303.02197,293.4756,298.10513,2011
Egypt,South Sinai,303.74683,291.66626,298.5634,2012
Egypt,South Sinai,303.6162,293.3628,298.6672,2013
Egypt,South Sinai,304.27124,294.07788,298.99738,2014
Egypt,South Sinai,304.88428,292.78223,298.73306,2015
Egypt,South Sinai,304.10425,292.344,299.08438,2016
Egypt,South Sinai,303.6433,292.76465,298.53244,2017
Egypt,South Sinai,304.15112,292.85107,298.69208,2018
Egypt,South Sinai,304.15112,292.85107,298.69208,2019
Egypt,South Sinai,304.4204,291.92163,298.64304,2020
Botswana,South-East,300.47583,285.30225,293.44827,2001
Botswana,South-East,299.23413,285.9392,294.30057,2002
Botswana,South-East,300.60107,286.24976,294.90152,2003
Botswana,South-East,300.6975,285.03247,293.77844,2004
Botswana,South-East,299.76807,286.9077,295.02948,2005
Botswana,South-East,300.30835,286.16162,293.40707,2006
Botswana,South-East,300.5083,285.97534,294.16852,2007
Botswana,South-East,299.67944,286.3042,293.85043,2008
Botswana,South-East,299.29883,284.3479,293.43658,2009
Botswana,South-East,298.91772,285.92554,294.41727,2010
Botswana,South-East,298.83032,284.68726,293.42868,2011
Botswana,South-East,300.0188,286.937,294.51584,2012
Botswana,South-East,300.50098,287.7671,294.9753,2013
Botswana,South-East,299.90405,286.0664,293.89175,2014
Botswana,South-East,302.61572,287.48218,296.0568,2015
Botswana,South-East,301.73755,286.70093,295.58292,2016
Botswana,South-East,299.1045,288.1123,294.18967,2017
Botswana,South-East,300.70312,287.6211,295.76468,2018
Botswana,South-East,300.70312,287.6211,295.76468,2019
Botswana,South-East,298.54272,286.02808,294.00113,2020
Rwanda,South/Amajyepfo,288.74756,287.66333,288.3132,2001
Rwanda,South/Amajyepfo,289.46924,287.91797,288.6829,2002
Rwanda,South/Amajyepfo,289.45874,288.00293,288.73566,2003
Rwanda,South/Amajyepfo,289.13452,288.19214,288.6453,2004
Rwanda,South/Amajyepfo,290.37988,288.26904,288.91,2005
Rwanda,South/Amajyepfo,289.1858,287.83105,288.61298,2006
Rwanda,South/Amajyepfo,289.17432,288.13135,288.57037,2007
Rwanda,South/Amajyepfo,288.7666,287.8921,288.31952,2008
Rwanda,South/Amajyepfo,289.45044,288.37183,288.7639,2009
Rwanda,South/Amajyepfo,290.36597,288.6433,289.4194,2010
Rwanda,South/Amajyepfo,289.06885,288.28955,288.61896,2011
Rwanda,South/Amajyepfo,289.635,288.31592,288.80704,2012
Rwanda,South/Amajyepfo,289.51514,288.4795,289.07996,2013
Rwanda,South/Amajyepfo,289.44946,288.55835,289.01706,2014
Rwanda,South/Amajyepfo,289.93506,288.83105,289.29962,2015
Rwanda,South/Amajyepfo,290.35767,288.93262,289.82687,2016
Rwanda,South/Amajyepfo,289.76465,288.9463,289.3612,2017
Rwanda,South/Amajyepfo,289.98267,288.81226,289.47055,2018
Rwanda,South/Amajyepfo,289.98267,288.81226,289.47055,2019
Rwanda,South/Amajyepfo,290.2578,289.11353,289.70572,2020
Botswana,Southern,298.77075,283.84912,291.96262,2001
Sierra Leone,Southern,299.75806,297.7273,298.7196,2001
Zambia,Southern,298.13574,288.97803,294.26126,2001
Botswana,Southern,297.42163,284.8623,292.72226,2002
Sierra Leone,Southern,299.70996,297.83813,298.83847,2002
Zambia,Southern,298.39404,290.44238,294.94672,2002
Botswana,Southern,299.01196,285.3357,293.29245,2003
Sierra Leone,Southern,299.9629,297.8396,298.97784,2003
Zambia,Southern,298.86646,289.14624,294.7065,2003
Botswana,Southern,299.05493,283.8684,292.36276,2004
Sierra Leone,Southern,300.07788,297.82324,298.9557,2004
Zambia,Southern,298.0393,289.49536,294.34305,2004
Botswana,Southern,298.2168,286.29248,293.47626,2005
Sierra Leone,Southern,300.0974,297.90356,299.03958,2005
Zambia,Southern,300.1162,289.93896,295.32407,2005
Botswana,Southern,298.4099,285.0171,291.8306,2006
Sierra Leone,Southern,299.91968,297.93042,299.05194,2006
Zambia,Southern,299.22778,289.6394,294.24466,2006
Botswana,Southern,299.04346,285.30933,293.0214,2007
Sierra Leone,Southern,299.9983,297.64722,298.96426,2007
Zambia,Southern,298.9182,289.3152,294.3321,2007
Botswana,Southern,297.8689,284.97217,292.3283,2008
Sierra Leone,Southern,299.76855,297.78467,298.90594,2008
Zambia,Southern,299.6228,289.52368,294.11884,2008
Botswana,Southern,297.77734,283.3811,291.97745,2009
Sierra Leone,Southern,299.62524,297.5598,298.86368,2009
Zambia,Southern,298.87573,288.71118,294.07135,2009
Botswana,Southern,297.4724,284.72827,292.91013,2010
Sierra Leone,Southern,300.3899,297.93237,299.1598,2010
Zambia,Southern,300.2146,289.6482,294.6139,2010
Botswana,Southern,296.3108,283.44897,291.9466,2011
Sierra Leone,Southern,299.7444,297.90088,298.91876,2011
Zambia,Southern,298.79712,289.42163,294.27374,2011
Botswana,Southern,298.0227,285.49756,292.99014,2012
Sierra Leone,Southern,299.4192,297.58472,298.69977,2012
Zambia,Southern,299.56836,289.76782,294.49777,2012
Botswana,Southern,298.52637,286.64014,293.4185,2013
Sierra Leone,Southern,299.9231,297.7705,298.96487,2013
Zambia,Southern,298.51147,290.20654,294.7279,2013
Botswana,Southern,298.6599,284.92188,292.64957,2014
Sierra Leone,Southern,299.86646,297.76147,298.7985,2014
Zambia,Southern,299.6294,290.34375,294.85318,2014
Botswana,Southern,301.55127,286.0564,294.7005,2015
Sierra Leone,Southern,299.89258,298.20386,298.99103,2015
Zambia,Southern,299.66895,290.31616,294.88815,2015
Botswana,Southern,300.37817,285.73022,294.44196,2016
Sierra Leone,Southern,300.51,298.06714,299.2668,2016
Zambia,Southern,300.69287,289.45996,294.9587,2016
Botswana,Southern,297.70996,286.97363,292.85062,2017
Sierra Leone,Southern,300.40234,298.32007,299.3472,2017
Zambia,Southern,298.48535,290.5525,294.40628,2017
Botswana,Southern,299.14795,286.7539,294.45917,2018
Sierra Leone,Southern,300.47217,298.08862,299.46048,2018
Zambia,Southern,300.04077,289.8379,295.39813,2018
Botswana,Southern,299.14795,286.7539,294.45917,2019
Sierra Leone,Southern,300.47217,298.08862,299.46048,2019
Zambia,Southern,300.04077,289.8379,295.39813,2019
Botswana,Southern,297.51538,285.2019,292.81476,2020
Sierra Leone,Southern,300.77173,298.1338,299.5511,2020
Zambia,Southern,300.14746,289.44434,294.84357,2020
Sudan,Southern Darfur,300.10718,289.38403,295.2466,2001
Sudan,Southern Darfur,299.37817,289.32715,295.49423,2002
Sudan,Southern Darfur,299.67188,292.51904,295.77457,2003
Sudan,Southern Darfur,300.54224,291.5586,295.5802,2004
Sudan,Southern Darfur,298.8767,291.23633,295.60028,2005
Sudan,Southern Darfur,299.49805,289.99,295.45053,2006
Sudan,Southern Darfur,300.28857,289.5725,295.1503,2007
Sudan,Southern Darfur,299.16235,291.6338,295.20038,2008
Sudan,Southern Darfur,300.02734,292.5371,296.06924,2009
Sudan,Southern Darfur,300.37524,291.57886,296.02975,2010
Sudan,Southern Darfur,299.30078,290.06934,295.09146,2011
Sudan,Southern Darfur,299.44824,291.4475,295.23703,2012
Sudan,Southern Darfur,299.02368,291.20264,295.61365,2013
Sudan,Southern Darfur,298.92505,292.19897,295.1541,2014
Sudan,Southern Darfur,299.19897,289.49658,295.59552,2015
Sudan,Southern Darfur,299.7976,290.1975,295.7092,2016
Sudan,Southern Darfur,298.93774,291.7881,295.61658,2017
Sudan,Southern Darfur,300.1643,291.38428,295.52704,2018
Sudan,Southern Darfur,300.1643,291.38428,295.52704,2019
Sudan,Southern Darfur,299.34644,289.75952,295.3481,2020
Sudan,Southern Kordofan,305.25366,294.54028,300.59055,2001
Sudan,Southern Kordofan,305.03638,293.43652,300.74228,2002
Sudan,Southern Kordofan,305.00195,296.78735,300.77585,2003
Sudan,Southern Kordofan,305.40942,296.4336,300.81946,2004
Sudan,Southern Kordofan,304.97827,294.6543,301.05746,2005
Sudan,Southern Kordofan,304.38867,294.46265,300.58725,2006
Sudan,Southern Kordofan,306.10498,293.8108,300.58566,2007
Sudan,Southern Kordofan,304.3186,296.16113,300.63153,2008
Sudan,Southern Kordofan,305.5625,296.64062,301.31125,2009
Sudan,Southern Kordofan,306.06665,297.41406,301.18875,2010
Sudan,Southern Kordofan,303.99048,294.81348,300.2653,2011
Sudan,Southern Kordofan,305.11035,294.66235,300.35748,2012
Sudan,Southern Kordofan,305.76,296.45654,300.93542,2013
Sudan,Southern Kordofan,304.6399,296.70093,300.63376,2014
Sudan,Southern Kordofan,304.94214,294.14502,301.0068,2015
Sudan,Southern Kordofan,305.24097,294.11353,301.2896,2016
Sudan,Southern Kordofan,305.20117,296.9834,301.2092,2017
Sudan,Southern Kordofan,305.7307,296.93506,300.5617,2018
Sudan,Southern Kordofan,305.7307,296.93506,300.5617,2019
Sudan,Southern Kordofan,304.86328,293.92163,300.61148,2020
Malawi,Southern Region,299.77246,292.1577,295.98654,2001
Malawi,Southern Region,299.25537,292.16895,295.99213,2002
Malawi,Southern Region,299.65552,291.4568,295.85577,2003
Malawi,Southern Region,298.12085,291.5227,295.4425,2004
Malawi,Southern Region,299.98486,292.12256,296.29593,2005
Malawi,Southern Region,298.87817,292.3562,295.73456,2006
Malawi,Southern Region,299.12012,291.83276,295.843,2007
Malawi,Southern Region,299.23096,291.73853,295.52753,2008
Malawi,Southern Region,299.03784,291.61157,295.71344,2009
Malawi,Southern Region,300.13086,292.21167,296.2327,2010
Malawi,Southern Region,299.1057,291.8357,295.96173,2011
Malawi,Southern Region,299.52734,291.97095,296.01437,2012
Malawi,Southern Region,299.90137,292.01123,296.1195,2013
Malawi,Southern Region,299.4734,292.50195,296.15347,2014
Malawi,Southern Region,299.63184,292.86816,296.46432,2015
Malawi,Southern Region,299.90332,292.22827,296.4672,2016
Malawi,Southern Region,299.52832,292.73804,296.2616,2017
Malawi,Southern Region,299.74854,292.24414,296.30292,2018
Malawi,Southern Region,299.74854,292.24414,296.30292,2019
Malawi,Southern Region,300.20142,292.0498,296.3395,2020
Uganda,Ssembabule,295.38354,293.3379,294.0928,2001
Uganda,Ssembabule,296.48535,294.0,294.63568,2002
Uganda,Ssembabule,297.38452,294.0769,295.1157,2003
Uganda,Ssembabule,297.25952,294.55298,295.52097,2004
Uganda,Ssembabule,298.1006,294.2666,295.45493,2005
Uganda,Ssembabule,296.74243,294.083,295.26517,2006
Uganda,Ssembabule,296.51587,293.7483,295.03586,2007
Uganda,Ssembabule,295.656,294.22485,294.76126,2008
Uganda,Ssembabule,297.0547,294.08643,295.58127,2009
Uganda,Ssembabule,295.7683,294.25977,295.01492,2010
Uganda,Ssembabule,297.34497,293.7151,294.96695,2011
Uganda,Ssembabule,297.69678,294.0205,295.24518,2012
Uganda,Ssembabule,297.19238,294.18457,295.39734,2013
Uganda,Ssembabule,297.58423,294.21973,295.76413,2014
Uganda,Ssembabule,297.74658,294.3369,295.8942,2015
Uganda,Ssembabule,298.55396,294.99707,296.2997,2016
Uganda,Ssembabule,298.03394,294.82324,296.06497,2017
Uganda,Ssembabule,297.85767,294.73022,295.98666,2018
Uganda,Ssembabule,297.85767,294.73022,295.98666,2019
Uganda,Ssembabule,296.87085,294.36548,295.7736,2020
Seychelles,St. Pierre,300.29053,296.9292,298.85324,2001
Seychelles,St. Pierre,300.31714,296.7932,298.93842,2002
Seychelles,St. Pierre,300.55444,297.1416,299.1696,2003
Seychelles,St. Pierre,300.406,297.02246,298.91336,2004
Seychelles,St. Pierre,300.73804,297.27466,299.05536,2005
Seychelles,St. Pierre,300.3308,297.40503,298.9792,2006
Seychelles,St. Pierre,301.32275,297.92065,299.36075,2007
Seychelles,St. Pierre,299.96777,297.28076,298.92093,2008
Seychelles,St. Pierre,300.30078,297.5852,299.18317,2009
Seychelles,St. Pierre,301.17114,297.45972,299.36145,2010
Seychelles,St. Pierre,300.05884,297.57666,299.0916,2011
Seychelles,St. Pierre,300.30493,297.26636,299.03635,2012
Seychelles,St. Pierre,300.31372,296.94434,298.9512,2013
Seychelles,St. Pierre,300.54883,297.54663,299.2321,2014
Seychelles,St. Pierre,300.5298,297.7163,299.46548,2015
Seychelles,St. Pierre,301.20728,296.95874,299.11642,2016
Seychelles,St. Pierre,300.36914,297.4812,299.21848,2017
Seychelles,St. Pierre,301.0874,298.114,299.64716,2018
Seychelles,St. Pierre,301.0874,298.114,299.64716,2019
Seychelles,St. Pierre,300.969,297.76465,299.5195,2020
Cameroon,Sud,298.14526,295.4253,296.4662,2001
Cameroon,Sud,298.25293,295.72607,296.73383,2002
Cameroon,Sud,298.42358,295.99683,296.861,2003
Cameroon,Sud,298.81226,295.9109,296.82156,2004
Cameroon,Sud,298.91504,295.8662,297.04153,2005
Cameroon,Sud,298.05103,296.09424,296.80942,2006
Cameroon,Sud,298.7954,295.80493,296.84708,2007
Cameroon,Sud,298.04395,296.0874,296.8223,2008
Cameroon,Sud,298.0918,296.3933,297.0899,2009
Cameroon,Sud,299.1931,296.36792,297.43323,2010
Cameroon,Sud,298.21387,296.13135,296.90054,2011
Cameroon,Sud,298.4038,296.1897,297.03732,2012
Cameroon,Sud,298.55762,295.82568,296.96277,2013
Cameroon,Sud,299.1565,296.16577,297.2065,2014
Cameroon,Sud,298.51025,296.67163,297.2446,2015
Cameroon,Sud,300.27075,296.64526,297.59494,2016
Cameroon,Sud,298.87598,296.5244,297.43185,2017
Cameroon,Sud,298.83618,296.55273,297.50278,2018
Cameroon,Sud,298.83618,296.55273,297.50278,2019
Cameroon,Sud,299.6621,296.59277,297.76236,2020
Cameroon,Sud - Ouest,299.96558,297.27075,298.98343,2001
Cameroon,Sud - Ouest,300.12207,297.92798,299.20892,2002
Cameroon,Sud - Ouest,300.56445,298.10645,299.4103,2003
Cameroon,Sud - Ouest,300.60522,297.9463,299.36487,2004
Cameroon,Sud - Ouest,300.96777,297.81763,299.50424,2005
Cameroon,Sud - Ouest,300.39722,297.8308,299.4476,2006
Cameroon,Sud - Ouest,300.77368,298.03198,299.34464,2007
Cameroon,Sud - Ouest,300.3662,298.16553,299.3638,2008
Cameroon,Sud - Ouest,300.58398,298.12427,299.51505,2009
Cameroon,Sud - Ouest,300.96216,298.2898,299.6956,2010
Cameroon,Sud - Ouest,300.6123,297.90283,299.35934,2011
Cameroon,Sud - Ouest,300.69873,298.00073,299.35114,2012
Cameroon,Sud - Ouest,300.76465,297.68262,299.36707,2013
Cameroon,Sud - Ouest,300.5393,297.8318,299.4562,2014
Cameroon,Sud - Ouest,300.4414,298.16113,299.49625,2015
Cameroon,Sud - Ouest,301.24146,298.37573,299.8837,2016
Cameroon,Sud - Ouest,301.00293,298.12573,299.76486,2017
Cameroon,Sud - Ouest,300.8921,298.40503,299.8638,2018
Cameroon,Sud - Ouest,300.8921,298.40503,299.8638,2019
Cameroon,Sud - Ouest,301.36743,298.57324,299.98874,2020
Democratic Republic of the Congo,Sud-Kivu,290.01123,289.06177,289.59818,2001
Democratic Republic of the Congo,Sud-Kivu,290.82007,289.38867,290.06766,2002
Democratic Republic of the Congo,Sud-Kivu,290.8994,289.49316,290.10367,2003
Democratic Republic of the Congo,Sud-Kivu,290.53296,289.67017,290.0763,2004
Democratic Republic of the Congo,Sud-Kivu,291.87207,289.65283,290.26614,2005
Democratic Republic of the Congo,Sud-Kivu,290.719,289.2881,289.9792,2006
Democratic Republic of the Congo,Sud-Kivu,290.6548,289.32837,289.94473,2007
Democratic Republic of the Congo,Sud-Kivu,290.18652,288.94678,289.68378,2008
Democratic Republic of the Congo,Sud-Kivu,290.72974,289.84277,290.15485,2009
Democratic Republic of the Congo,Sud-Kivu,291.6023,290.10034,290.77112,2010
Democratic Republic of the Congo,Sud-Kivu,290.54346,289.69775,290.0226,2011
Democratic Republic of the Congo,Sud-Kivu,290.91626,289.72412,290.17258,2012
Democratic Republic of the Congo,Sud-Kivu,290.8628,289.8994,290.37668,2013
Democratic Republic of the Congo,Sud-Kivu,290.74927,289.87183,290.36017,2014
Democratic Republic of the Congo,Sud-Kivu,291.41162,290.18848,290.62286,2015
Democratic Republic of the Congo,Sud-Kivu,291.698,290.3662,291.16544,2016
Democratic Republic of the Congo,Sud-Kivu,291.35034,290.37793,290.80472,2017
Democratic Republic of the Congo,Sud-Kivu,291.3811,290.23804,290.83954,2018
Democratic Republic of the Congo,Sud-Kivu,291.3811,290.23804,290.83954,2019
Democratic Republic of the Congo,Sud-Kivu,291.7793,290.34473,291.0571,2020
Burkina Faso,Sud-ouest,306.4878,298.97974,301.64993,2001
Burkina Faso,Sud-ouest,306.1626,299.19946,302.03885,2002
Burkina Faso,Sud-ouest,305.6399,299.05566,301.69952,2003
Burkina Faso,Sud-ouest,305.2649,299.2334,301.8673,2004
Burkina Faso,Sud-ouest,306.6931,299.1438,302.10712,2005
Burkina Faso,Sud-ouest,306.0327,298.5935,301.62943,2006
Burkina Faso,Sud-ouest,305.3025,298.42407,301.7455,2007
Burkina Faso,Sud-ouest,305.56494,296.8545,301.1519,2008
Burkina Faso,Sud-ouest,305.91016,298.323,301.95822,2009
Burkina Faso,Sud-ouest,306.78638,299.42847,302.37756,2010
Burkina Faso,Sud-ouest,306.50684,298.80127,302.06656,2011
Burkina Faso,Sud-ouest,305.43115,299.1277,301.7299,2012
Burkina Faso,Sud-ouest,306.64966,298.71387,301.9932,2013
Burkina Faso,Sud-ouest,306.14966,299.3584,302.05075,2014
Burkina Faso,Sud-ouest,306.88867,298.65283,302.28775,2015
Burkina Faso,Sud-ouest,307.094,299.56128,302.558,2016
Burkina Faso,Sud-ouest,306.51953,299.5769,302.3547,2017
Burkina Faso,Sud-ouest,306.93506,299.68433,302.28745,2018
Burkina Faso,Sud-ouest,306.93506,299.68433,302.28745,2019
Burkina Faso,Sud-ouest,307.37598,299.21777,302.3011,2020
Egypt,Suez,303.04614,287.1106,295.43997,2001
Egypt,Suez,304.04663,285.37012,295.50922,2002
Egypt,Suez,302.8318,287.6267,295.36032,2003
Egypt,Suez,302.78638,287.3164,295.25858,2004
Egypt,Suez,302.82764,287.75977,295.20184,2005
Egypt,Suez,303.18628,286.8518,295.23163,2006
Egypt,Suez,303.67456,286.64087,295.6044,2007
Egypt,Suez,303.85132,285.62207,295.8851,2008
Egypt,Suez,303.75806,288.2898,295.98672,2009
Egypt,Suez,304.3269,289.89722,297.01218,2010
Egypt,Suez,302.9939,287.66455,295.2773,2011
Egypt,Suez,303.8733,286.4065,295.79352,2012
Egypt,Suez,302.83496,287.83545,295.7559,2013
Egypt,Suez,303.51147,288.23413,296.07242,2014
Egypt,Suez,304.32178,287.25488,295.96402,2015
Egypt,Suez,303.48218,286.51392,296.34836,2016
Egypt,Suez,304.17358,286.4734,295.80408,2017
Egypt,Suez,303.82495,286.9917,296.02118,2018
Egypt,Suez,303.82495,286.9917,296.02118,2019
Egypt,Suez,303.51074,286.85522,296.0817,2020
Egypt,Suhag,303.86646,286.41528,295.91574,2001
Egypt,Suhag,305.09155,283.79785,296.1718,2002
Egypt,Suhag,303.9912,285.76147,295.87497,2003
Egypt,Suhag,304.0227,285.41797,295.9928,2004
Egypt,Suhag,304.17334,285.66992,296.04105,2005
Egypt,Suhag,304.38745,285.97632,295.88983,2006
Egypt,Suhag,304.01636,285.1819,295.9885,2007
Egypt,Suhag,304.2849,284.1631,296.36673,2008
Egypt,Suhag,304.4729,286.93823,296.12863,2009
Egypt,Suhag,305.38745,288.50977,297.98953,2010
Egypt,Suhag,304.5857,286.05762,295.50357,2011
Egypt,Suhag,304.88892,283.83423,296.25754,2012
Egypt,Suhag,304.00244,287.22998,296.56564,2013
Egypt,Suhag,304.7578,287.49976,296.98013,2014
Egypt,Suhag,306.2202,286.06543,296.80612,2015
Egypt,Suhag,305.90723,285.24634,297.11057,2016
Egypt,Suhag,305.17554,285.96167,296.4613,2017
Egypt,Suhag,304.70508,285.33154,296.46567,2018
Egypt,Suhag,304.70508,285.33154,296.46567,2019
Egypt,Suhag,304.71973,284.42944,296.5921,2020
Libya,Surt (sirte),302.5105,286.89526,294.65042,2001
Libya,Surt (sirte),303.01733,285.0127,294.2957,2002
Libya,Surt (sirte),301.9646,285.5193,294.31134,2003
Libya,Surt (sirte),301.73145,285.7168,294.2358,2004
Libya,Surt (sirte),301.23584,285.60352,294.14017,2005
Libya,Surt (sirte),303.323,285.1311,294.23227,2006
Libya,Surt (sirte),301.69604,287.05322,294.52448,2007
Libya,Surt (sirte),301.77295,285.92285,294.66098,2008
Libya,Surt (sirte),301.83813,287.4148,294.57965,2009
Libya,Surt (sirte),301.073,288.1211,295.5945,2010
Libya,Surt (sirte),301.73608,286.59033,293.73093,2011
Libya,Surt (sirte),301.40112,284.7854,294.1799,2012
Libya,Surt (sirte),301.85864,286.71826,294.99808,2013
Libya,Surt (sirte),301.9746,287.79663,294.9106,2014
Libya,Surt (sirte),301.8589,285.9873,294.1064,2015
Libya,Surt (sirte),300.49536,287.01392,295.23737,2016
Libya,Surt (sirte),300.97534,283.71167,293.77444,2017
Libya,Surt (sirte),301.69336,285.57837,294.49838,2018
Libya,Surt (sirte),301.69336,285.57837,294.49838,2019
Libya,Surt (sirte),301.79004,285.4314,294.78546,2020
United Republic of Tanzania,Tabora,297.667,293.86646,295.65222,2001
United Republic of Tanzania,Tabora,298.5542,294.28613,295.82822,2002
United Republic of Tanzania,Tabora,298.55396,295.40576,296.56686,2003
United Republic of Tanzania,Tabora,298.70483,295.08203,296.3149,2004
United Republic of Tanzania,Tabora,299.31543,295.6289,297.21732,2005
United Republic of Tanzania,Tabora,299.25122,294.4314,296.3073,2006
United Republic of Tanzania,Tabora,298.98462,295.20947,296.48868,2007
United Republic of Tanzania,Tabora,297.7744,294.92285,295.89487,2008
United Republic of Tanzania,Tabora,299.55933,295.26855,296.59787,2009
United Republic of Tanzania,Tabora,298.49585,295.2683,296.61746,2010
United Republic of Tanzania,Tabora,298.6704,294.78955,296.4505,2011
United Republic of Tanzania,Tabora,298.13672,294.95947,296.09415,2012
United Republic of Tanzania,Tabora,298.5681,295.00537,296.25378,2013
United Republic of Tanzania,Tabora,297.4685,295.32422,296.34274,2014
United Republic of Tanzania,Tabora,298.74292,294.98828,296.3693,2015
United Republic of Tanzania,Tabora,298.92725,295.65015,296.70792,2016
United Republic of Tanzania,Tabora,298.49194,295.62402,296.9639,2017
United Republic of Tanzania,Tabora,298.67017,294.90186,296.7707,2018
United Republic of Tanzania,Tabora,298.67017,294.90186,296.7707,2019
United Republic of Tanzania,Tabora,297.81348,295.14673,296.159,2020
Djibouti,Tadjourah,307.80273,295.677,301.77332,2001
Djibouti,Tadjourah,308.05054,296.88184,302.21396,2002
Djibouti,Tadjourah,307.458,296.58618,301.9959,2003
Djibouti,Tadjourah,307.66675,297.15625,302.24832,2004
Djibouti,Tadjourah,307.88037,296.5027,302.231,2005
Djibouti,Tadjourah,307.82178,296.21313,301.9647,2006
Djibouti,Tadjourah,307.6626,296.04712,302.03214,2007
Djibouti,Tadjourah,307.17725,295.865,301.66928,2008
Djibouti,Tadjourah,307.64478,295.60425,302.08,2009
Djibouti,Tadjourah,308.01147,295.9441,301.81653,2010
Djibouti,Tadjourah,307.63086,295.98535,301.63345,2011
Djibouti,Tadjourah,307.59326,296.7024,301.62115,2012
Djibouti,Tadjourah,307.854,296.50928,301.7769,2013
Djibouti,Tadjourah,307.23633,296.17554,301.7241,2014
Djibouti,Tadjourah,308.69238,296.56348,302.51022,2015
Djibouti,Tadjourah,308.26855,297.73267,302.6734,2016
Djibouti,Tadjourah,308.8767,296.2881,302.68362,2017
Djibouti,Tadjourah,308.22852,296.64404,302.34116,2018
Djibouti,Tadjourah,308.22852,296.64404,302.34116,2019
Djibouti,Tadjourah,308.39917,297.4475,302.32648,2020
Morocco,Tadla - Azilal,300.1731,282.04614,291.22318,2001
Morocco,Tadla - Azilal,299.16187,284.05444,290.6666,2002
Morocco,Tadla - Azilal,300.96265,281.09326,290.68405,2003
Morocco,Tadla - Azilal,300.0774,281.23438,290.0859,2004
Morocco,Tadla - Azilal,301.31958,280.20508,290.83548,2005
Morocco,Tadla - Azilal,301.6687,279.88306,290.8394,2006
Morocco,Tadla - Azilal,301.71362,282.9104,290.6296,2007
Morocco,Tadla - Azilal,301.2456,281.1892,290.5015,2008
Morocco,Tadla - Azilal,302.08618,280.40894,290.96603,2009
Morocco,Tadla - Azilal,301.19604,282.24023,290.87952,2010
Morocco,Tadla - Azilal,300.99463,282.02075,290.57452,2011
Morocco,Tadla - Azilal,302.45386,280.53247,290.7675,2012
Morocco,Tadla - Azilal,301.42285,281.61475,290.30554,2013
Morocco,Tadla - Azilal,300.45483,282.2224,290.82663,2014
Morocco,Tadla - Azilal,301.96582,281.05127,291.23322,2015
Morocco,Tadla - Azilal,302.95483,282.91675,291.66217,2016
Morocco,Tadla - Azilal,302.60034,280.99683,292.5181,2017
Morocco,Tadla - Azilal,301.97534,281.4331,291.4432,2018
Morocco,Tadla - Azilal,301.97534,281.4331,291.4432,2019
Morocco,Tadla - Azilal,304.43457,281.73413,292.2612,2020
Mauritania,Tagant,307.94678,290.21997,300.51794,2001
Mauritania,Tagant,307.81616,290.68457,300.08832,2002
Mauritania,Tagant,308.32593,288.29053,300.42886,2003
Mauritania,Tagant,307.09277,289.89844,299.87463,2004
Mauritania,Tagant,308.14795,289.7461,300.51547,2005
Mauritania,Tagant,308.17456,287.70532,299.96292,2006
Mauritania,Tagant,307.85815,290.46533,299.9815,2007
Mauritania,Tagant,307.79443,288.34082,299.99905,2008
Mauritania,Tagant,308.60767,287.6687,300.37668,2009
Mauritania,Tagant,308.52417,291.4668,301.6515,2010
Mauritania,Tagant,308.18335,289.80713,300.33868,2011
Mauritania,Tagant,307.9944,289.06665,299.99435,2012
Mauritania,Tagant,308.58154,289.0327,300.27853,2013
Mauritania,Tagant,308.35352,290.01562,300.1982,2014
Mauritania,Tagant,308.30762,289.37793,300.4985,2015
Mauritania,Tagant,308.365,292.0476,300.99533,2016
Mauritania,Tagant,308.49976,287.84253,300.76843,2017
Mauritania,Tagant,308.75977,288.4331,299.7899,2018
Mauritania,Tagant,308.75977,288.4331,299.7899,2019
Mauritania,Tagant,309.3152,290.29468,301.0392,2020
Niger,Tahoua,308.42578,291.90356,301.98392,2001
Niger,Tahoua,309.25488,291.15332,302.44852,2002
Niger,Tahoua,308.7959,292.86743,302.6022,2003
Niger,Tahoua,308.8816,292.54102,302.35623,2004
Niger,Tahoua,308.55615,290.9668,302.6281,2005
Niger,Tahoua,308.94092,292.30054,302.12534,2006
Niger,Tahoua,308.81885,291.77173,302.134,2007
Niger,Tahoua,308.63892,288.96973,301.63315,2008
Niger,Tahoua,309.1753,292.948,302.9299,2009
Niger,Tahoua,309.76147,293.8562,303.58084,2010
Niger,Tahoua,309.48242,291.72705,302.8032,2011
Niger,Tahoua,308.78076,291.49634,302.4566,2012
Niger,Tahoua,309.03735,291.41357,302.46487,2013
Niger,Tahoua,309.6338,292.40625,302.36002,2014
Niger,Tahoua,309.75366,290.51465,302.1087,2015
Niger,Tahoua,309.89526,293.46118,303.14703,2016
Niger,Tahoua,309.4319,291.0105,302.51096,2017
Niger,Tahoua,309.92578,291.21826,302.69876,2018
Niger,Tahoua,309.92578,291.21826,302.69876,2019
Niger,Tahoua,310.58472,292.43726,303.0628,2020
Algeria,Tamanrasset,307.1328,291.1145,300.5435,2001
Algeria,Tamanrasset,308.08105,289.25098,300.77255,2002
Algeria,Tamanrasset,307.25293,291.5432,301.117,2003
Algeria,Tamanrasset,307.90894,291.13477,300.783,2004
Algeria,Tamanrasset,307.0464,288.6836,300.8514,2005
Algeria,Tamanrasset,307.41553,290.7776,300.41898,2006
Algeria,Tamanrasset,307.91455,290.58032,300.41852,2007
Algeria,Tamanrasset,307.90063,286.7705,300.0687,2008
Algeria,Tamanrasset,307.67725,290.36206,301.0292,2009
Algeria,Tamanrasset,307.92554,292.9004,302.13162,2010
Algeria,Tamanrasset,307.69922,290.16455,301.02603,2011
Algeria,Tamanrasset,307.85693,288.79712,300.30997,2012
Algeria,Tamanrasset,308.32666,289.75732,300.71066,2013
Algeria,Tamanrasset,308.57715,290.50977,300.68277,2014
Algeria,Tamanrasset,308.5642,288.5166,300.26886,2015
Algeria,Tamanrasset,308.6006,292.00415,301.34756,2016
Algeria,Tamanrasset,307.58813,288.70972,300.8005,2017
Algeria,Tamanrasset,308.70703,290.0464,300.80032,2018
Algeria,Tamanrasset,308.70703,290.0464,300.80032,2019
Algeria,Tamanrasset,309.5027,290.61304,301.3159,2020
Senegal,Tambacounda,308.8357,299.0149,303.9618,2001
Senegal,Tambacounda,309.136,299.78223,304.1827,2002
Senegal,Tambacounda,309.1621,298.58032,303.54718,2003
Senegal,Tambacounda,309.14575,298.40625,303.7755,2004
Senegal,Tambacounda,309.00244,298.53906,303.66782,2005
Senegal,Tambacounda,308.32422,297.39478,303.5832,2006
Senegal,Tambacounda,309.29053,299.15674,303.8212,2007
Senegal,Tambacounda,308.86743,297.6631,303.48685,2008
Senegal,Tambacounda,309.36353,296.96558,303.63776,2009
Senegal,Tambacounda,310.42993,299.85034,304.24948,2010
Senegal,Tambacounda,309.313,298.48486,303.957,2011
Senegal,Tambacounda,308.2998,297.90552,303.2131,2012
Senegal,Tambacounda,308.92603,297.25146,303.65808,2013
Senegal,Tambacounda,308.90332,299.15234,303.97964,2014
Senegal,Tambacounda,309.28394,298.06934,303.82843,2015
Senegal,Tambacounda,310.14136,299.94214,304.1389,2016
Senegal,Tambacounda,309.81274,298.15137,304.1864,2017
Senegal,Tambacounda,309.34375,298.48975,304.30014,2018
Senegal,Tambacounda,309.34375,298.48975,304.30014,2019
Senegal,Tambacounda,310.69727,299.46265,304.25388,2020
Chad,Tandjile Est,307.28662,298.2727,301.1804,2001
Chad,Tandjile Est,307.5962,297.16895,301.5146,2002
Chad,Tandjile Est,306.91138,298.62988,301.70148,2003
Chad,Tandjile Est,307.11255,298.95996,301.58475,2004
Chad,Tandjile Est,307.42163,298.91602,302.2658,2005
Chad,Tandjile Est,307.20068,298.38647,301.99887,2006
Chad,Tandjile Est,307.71265,298.3933,301.98215,2007
Chad,Tandjile Est,306.26465,298.61108,301.16946,2008
Chad,Tandjile Est,306.28125,299.12817,301.97418,2009
Chad,Tandjile Est,308.70435,298.59253,302.27682,2010
Chad,Tandjile Est,307.43384,297.81494,301.56296,2011
Chad,Tandjile Est,307.43408,298.48462,301.5671,2012
Chad,Tandjile Est,307.14062,298.6416,302.17844,2013
Chad,Tandjile Est,305.9983,298.7439,301.89923,2014
Chad,Tandjile Est,307.5039,297.76807,302.33575,2015
Chad,Tandjile Est,308.10376,298.65063,302.25656,2016
Chad,Tandjile Est,307.48047,299.0984,302.16653,2017
Chad,Tandjile Est,308.61865,298.14795,302.0137,2018
Chad,Tandjile Est,308.61865,298.14795,302.0137,2019
Chad,Tandjile Est,308.57715,298.40796,302.12515,2020
Chad,Tandjile Ouest,306.3745,297.24536,300.70496,2001
Chad,Tandjile Ouest,306.9048,296.34277,301.1837,2002
Chad,Tandjile Ouest,306.3059,298.4729,301.3727,2003
Chad,Tandjile Ouest,306.37427,299.00488,301.23352,2004
Chad,Tandjile Ouest,306.95874,298.56445,301.97934,2005
Chad,Tandjile Ouest,306.82373,297.57593,301.6291,2006
Chad,Tandjile Ouest,307.03296,298.33862,301.55865,2007
Chad,Tandjile Ouest,305.6455,298.39355,300.84018,2008
Chad,Tandjile Ouest,305.56055,298.63477,301.63043,2009
Chad,Tandjile Ouest,307.81177,297.9812,301.75955,2010
Chad,Tandjile Ouest,306.8479,297.11768,301.17365,2011
Chad,Tandjile Ouest,306.6997,297.77368,301.05002,2012
Chad,Tandjile Ouest,306.64648,298.59473,301.88547,2013
Chad,Tandjile Ouest,305.6184,298.69507,301.5843,2014
Chad,Tandjile Ouest,306.89062,297.1665,301.86832,2015
Chad,Tandjile Ouest,307.4651,298.1272,301.86627,2016
Chad,Tandjile Ouest,306.73828,299.02026,301.75882,2017
Chad,Tandjile Ouest,307.86475,297.71045,301.68948,2018
Chad,Tandjile Ouest,307.86475,297.71045,301.68948,2019
Chad,Tandjile Ouest,307.87988,297.6892,301.8504,2020
United Republic of Tanzania,Tanga,300.6057,297.44458,299.08255,2001
United Republic of Tanzania,Tanga,300.33105,297.47485,299.15424,2002
United Republic of Tanzania,Tanga,300.85278,297.50098,299.37042,2003
United Republic of Tanzania,Tanga,300.5918,297.6631,299.20944,2004
United Republic of Tanzania,Tanga,300.7256,297.5774,299.25668,2005
United Republic of Tanzania,Tanga,300.72095,297.64722,299.11673,2006
United Republic of Tanzania,Tanga,300.67822,297.7644,299.25543,2007
United Republic of Tanzania,Tanga,300.2744,297.45654,299.01385,2008
United Republic of Tanzania,Tanga,300.57422,297.80005,299.42325,2009
United Republic of Tanzania,Tanga,300.92505,297.8816,299.47864,2010
United Republic of Tanzania,Tanga,300.47168,298.02197,299.38327,2011
United Republic of Tanzania,Tanga,300.5288,297.8777,299.38644,2012
United Republic of Tanzania,Tanga,300.82178,297.61035,299.26892,2013
United Republic of Tanzania,Tanga,300.42603,298.0232,299.3351,2014
United Republic of Tanzania,Tanga,300.88916,298.13037,299.52896,2015
United Republic of Tanzania,Tanga,301.56665,297.8152,299.50558,2016
United Republic of Tanzania,Tanga,300.75415,298.07886,299.44974,2017
United Republic of Tanzania,Tanga,301.24805,298.2566,299.72495,2018
United Republic of Tanzania,Tanga,301.24805,298.2566,299.72495,2019
United Republic of Tanzania,Tanga,301.03125,297.8623,299.64175,2020
Morocco,Tanger - Tétouan,296.63794,282.05786,288.52917,2001
Morocco,Tanger - Tétouan,295.5603,282.52637,288.29306,2002
Morocco,Tanger - Tétouan,297.64624,280.6577,288.4316,2003
Morocco,Tanger - Tétouan,296.94238,281.01562,288.0981,2004
Morocco,Tanger - Tétouan,296.63232,279.13086,287.7785,2005
Morocco,Tanger - Tétouan,297.34644,279.46118,288.4787,2006
Morocco,Tanger - Tétouan,296.08276,280.8694,287.6324,2007
Morocco,Tanger - Tétouan,296.81226,280.5525,287.71292,2008
Morocco,Tanger - Tétouan,298.1311,280.0691,288.41086,2009
Morocco,Tanger - Tétouan,297.3308,282.13477,288.40945,2010
Morocco,Tanger - Tétouan,297.1372,281.26416,288.2648,2011
Morocco,Tanger - Tétouan,298.64917,278.7981,288.1838,2012
Morocco,Tanger - Tétouan,296.63574,280.80957,287.69534,2013
Morocco,Tanger - Tétouan,297.26733,281.64258,288.74527,2014
Morocco,Tanger - Tétouan,298.6338,280.63135,288.7192,2015
Morocco,Tanger - Tétouan,297.1521,282.2058,288.72824,2016
Morocco,Tanger - Tétouan,297.5515,280.114,288.96555,2017
Morocco,Tanger - Tétouan,297.0691,280.90967,288.355,2018
Morocco,Tanger - Tétouan,297.0691,280.90967,288.355,2019
Morocco,Tanger - Tétouan,298.06348,280.98218,289.0052,2020
Nigeria,Taraba,304.0288,297.13403,300.36935,2001
Nigeria,Taraba,305.0708,297.00684,300.73807,2002
Nigeria,Taraba,304.9485,298.15918,300.9593,2003
Nigeria,Taraba,305.73364,298.08887,301.09225,2004
Nigeria,Taraba,306.0974,298.19653,301.65448,2005
Nigeria,Taraba,305.3335,298.12183,301.60873,2006
Nigeria,Taraba,305.42358,297.61792,300.87814,2007
Nigeria,Taraba,304.54395,297.55957,300.1981,2008
Nigeria,Taraba,304.7422,299.136,301.3155,2009
Nigeria,Taraba,306.71802,298.18433,301.4508,2010
Nigeria,Taraba,305.17017,297.792,300.7962,2011
Nigeria,Taraba,305.72314,297.6687,300.426,2012
Nigeria,Taraba,305.2688,297.87988,300.8511,2013
Nigeria,Taraba,304.80786,298.10913,300.68747,2014
Nigeria,Taraba,305.18164,296.49854,301.00534,2015
Nigeria,Taraba,305.67407,297.35376,300.97287,2016
Nigeria,Taraba,305.91016,298.60815,301.1449,2017
Nigeria,Taraba,305.50195,298.021,300.87534,2018
Nigeria,Taraba,305.50195,298.021,300.87534,2019
Nigeria,Taraba,305.99902,297.98608,301.14597,2020
Libya,Tarhunah,301.02295,287.30542,294.30685,2001
Libya,Tarhunah,301.8318,285.86426,294.07822,2002
Libya,Tarhunah,302.37866,285.82397,294.21774,2003
Libya,Tarhunah,301.58887,286.7871,293.7908,2004
Libya,Tarhunah,301.18115,285.97852,293.7658,2005
Libya,Tarhunah,302.50073,285.34204,293.91766,2006
Libya,Tarhunah,301.89136,287.47705,294.2675,2007
Libya,Tarhunah,301.66162,286.14355,294.1893,2008
Libya,Tarhunah,301.84692,286.9873,294.0092,2009
Libya,Tarhunah,301.32104,288.375,294.90897,2010
Libya,Tarhunah,301.72437,287.1731,293.7314,2011
Libya,Tarhunah,301.87573,284.6809,294.09918,2012
Libya,Tarhunah,300.9873,286.79004,294.3861,2013
Libya,Tarhunah,301.71655,287.85327,294.47003,2014
Libya,Tarhunah,301.937,286.5786,294.00845,2015
Libya,Tarhunah,300.36108,287.8401,294.84073,2016
Libya,Tarhunah,301.42456,285.02612,293.74646,2017
Libya,Tarhunah,301.46094,285.8081,294.0435,2018
Libya,Tarhunah,301.46094,285.8081,294.0435,2019
Libya,Tarhunah,301.92285,286.76733,294.3893,2020
Tunisia,Tataouine,303.9253,285.59326,294.52917,2001
Tunisia,Tataouine,302.4944,284.37207,294.21445,2002
Tunisia,Tataouine,304.57007,284.4275,294.1066,2003
Tunisia,Tataouine,302.958,284.98438,293.69022,2004
Tunisia,Tataouine,303.19287,283.41797,293.5508,2005
Tunisia,Tataouine,303.06714,282.92993,293.96356,2006
Tunisia,Tataouine,302.948,285.04346,293.93185,2007
Tunisia,Tataouine,303.5796,284.81934,294.0472,2008
Tunisia,Tataouine,303.35864,285.52612,293.94635,2009
Tunisia,Tataouine,302.44214,286.73633,294.61697,2010
Tunisia,Tataouine,302.93726,285.15747,293.4129,2011
Tunisia,Tataouine,303.95337,282.802,294.26633,2012
Tunisia,Tataouine,301.87598,284.9663,294.134,2013
Tunisia,Tataouine,302.79468,285.82617,294.56607,2014
Tunisia,Tataouine,303.0952,284.17676,293.65314,2015
Tunisia,Tataouine,301.73413,286.39917,294.59103,2016
Tunisia,Tataouine,302.5652,283.30542,293.41003,2017
Tunisia,Tataouine,303.25195,283.83154,293.94565,2018
Tunisia,Tataouine,303.25195,283.83154,293.94565,2019
Tunisia,Tataouine,303.9287,285.0271,294.48615,2020
Morocco,Taza - Al Hoceima - Taounate,296.63794,282.05786,288.52917,2001
Morocco,Taza - Al Hoceima - Taounate,295.5603,282.52637,288.29306,2002
Morocco,Taza - Al Hoceima - Taounate,297.64624,280.6577,288.4316,2003
Morocco,Taza - Al Hoceima - Taounate,296.94238,281.01562,288.0981,2004
Morocco,Taza - Al Hoceima - Taounate,296.63232,279.13086,287.7785,2005
Morocco,Taza - Al Hoceima - Taounate,297.34644,279.46118,288.4787,2006
Morocco,Taza - Al Hoceima - Taounate,296.08276,280.8694,287.6324,2007
Morocco,Taza - Al Hoceima - Taounate,296.81226,280.5525,287.71292,2008
Morocco,Taza - Al Hoceima - Taounate,298.1311,280.0691,288.41086,2009
Morocco,Taza - Al Hoceima - Taounate,297.3308,282.13477,288.40945,2010
Morocco,Taza - Al Hoceima - Taounate,297.1372,281.26416,288.2648,2011
Morocco,Taza - Al Hoceima - Taounate,298.64917,278.7981,288.1838,2012
Morocco,Taza - Al Hoceima - Taounate,296.63574,280.80957,287.69534,2013
Morocco,Taza - Al Hoceima - Taounate,297.26733,281.64258,288.74527,2014
Morocco,Taza - Al Hoceima - Taounate,298.6338,280.63135,288.7192,2015
Morocco,Taza - Al Hoceima - Taounate,297.1521,282.2058,288.72824,2016
Morocco,Taza - Al Hoceima - Taounate,297.5515,280.114,288.96555,2017
Morocco,Taza - Al Hoceima - Taounate,297.0691,280.90967,288.355,2018
Morocco,Taza - Al Hoceima - Taounate,297.0691,280.90967,288.355,2019
Morocco,Taza - Al Hoceima - Taounate,298.06348,280.98218,289.0052,2020
Algeria,Tebessa,300.88037,280.51514,290.3093,2001
Algeria,Tebessa,299.19507,279.76855,289.94315,2002
Algeria,Tebessa,302.16382,279.98022,290.0566,2003
Algeria,Tebessa,299.95215,281.01953,289.28088,2004
Algeria,Tebessa,300.90186,278.5586,289.23813,2005
Algeria,Tebessa,299.8855,278.98853,290.23065,2006
Algeria,Tebessa,300.12183,280.94775,289.80313,2007
Algeria,Tebessa,301.26904,280.73804,289.80228,2008
Algeria,Tebessa,302.1018,280.6963,289.73166,2009
Algeria,Tebessa,300.49487,282.07227,290.0719,2010
Algeria,Tebessa,300.3872,280.59888,289.62204,2011
Algeria,Tebessa,302.27808,278.0598,290.41183,2012
Algeria,Tebessa,299.63428,280.08105,289.64246,2013
Algeria,Tebessa,300.74194,281.62695,290.3636,2014
Algeria,Tebessa,301.042,279.8286,289.71695,2015
Algeria,Tebessa,300.01733,282.4651,290.29205,2016
Algeria,Tebessa,301.864,279.12573,290.1335,2017
Algeria,Tebessa,301.68555,279.58154,289.58954,2018
Algeria,Tebessa,301.68555,279.58154,289.58954,2019
Algeria,Tebessa,301.1416,280.81226,290.23517,2020
Mozambique,Tete,297.86426,289.43506,293.58044,2001
Mozambique,Tete,296.9253,289.59473,293.518,2002
Mozambique,Tete,297.3977,288.61694,293.3499,2003
Mozambique,Tete,295.94897,289.12036,293.02438,2004
Mozambique,Tete,297.4087,289.4624,293.78177,2005
Mozambique,Tete,296.88208,289.32104,293.17645,2006
Mozambique,Tete,296.72168,288.87573,293.21262,2007
Mozambique,Tete,296.93408,288.85767,293.0114,2008
Mozambique,Tete,296.71948,288.86353,293.24942,2009
Mozambique,Tete,298.10547,289.43433,293.75272,2010
Mozambique,Tete,296.86353,289.28296,293.5978,2011
Mozambique,Tete,297.23047,289.06274,293.42438,2012
Mozambique,Tete,298.1123,289.60107,293.7904,2013
Mozambique,Tete,297.90698,290.07422,293.9482,2014
Mozambique,Tete,298.33496,290.44116,294.27066,2015
Mozambique,Tete,298.29004,290.2107,294.3713,2016
Mozambique,Tete,297.542,290.30835,293.8677,2017
Mozambique,Tete,297.4751,289.4121,293.80536,2018
Mozambique,Tete,297.4751,289.4121,293.80536,2019
Mozambique,Tete,298.40063,289.15137,293.95084,2020
Lesotho,Thaba Tseka,287.4524,274.32373,281.99808,2001
Lesotho,Thaba Tseka,287.1455,274.5537,282.2205,2002
Lesotho,Thaba Tseka,288.12915,274.96777,282.7285,2003
Lesotho,Thaba Tseka,287.7207,274.71216,282.7117,2004
Lesotho,Thaba Tseka,287.83984,277.06982,282.83206,2005
Lesotho,Thaba Tseka,287.76196,275.1433,281.939,2006
Lesotho,Thaba Tseka,288.18994,274.68604,282.52203,2007
Lesotho,Thaba Tseka,287.9724,275.6206,282.5179,2008
Lesotho,Thaba Tseka,288.04956,274.26782,282.32574,2009
Lesotho,Thaba Tseka,287.95483,275.90015,283.14206,2010
Lesotho,Thaba Tseka,287.3545,273.2771,282.00275,2011
Lesotho,Thaba Tseka,288.9065,274.3667,282.4426,2012
Lesotho,Thaba Tseka,288.4956,276.83643,282.8783,2013
Lesotho,Thaba Tseka,288.44507,275.83008,283.07907,2014
Lesotho,Thaba Tseka,290.3911,275.4353,283.6738,2015
Lesotho,Thaba Tseka,288.70728,275.90405,283.51422,2016
Lesotho,Thaba Tseka,288.01636,277.14355,283.1133,2017
Lesotho,Thaba Tseka,289.4663,277.4707,284.21014,2018
Lesotho,Thaba Tseka,289.4663,277.4707,284.21014,2019
Lesotho,Thaba Tseka,288.27515,276.09448,283.1227,2020
Senegal,Thies,301.31934,294.7827,298.09998,2001
Senegal,Thies,300.9253,293.229,297.62704,2002
Senegal,Thies,300.75513,293.0349,297.37027,2003
Senegal,Thies,301.1931,294.5857,297.58054,2004
Senegal,Thies,301.44238,293.34668,298.28714,2005
Senegal,Thies,301.32935,293.66235,297.65042,2006
Senegal,Thies,300.81665,294.47632,297.50412,2007
Senegal,Thies,300.70605,294.70947,297.81073,2008
Senegal,Thies,301.24487,292.2412,297.11417,2009
Senegal,Thies,300.9568,294.84155,298.1217,2010
Senegal,Thies,301.4182,293.75293,297.5566,2011
Senegal,Thies,301.33984,293.79932,297.57803,2012
Senegal,Thies,301.17554,294.06055,297.6794,2013
Senegal,Thies,301.20166,293.4026,297.22443,2014
Senegal,Thies,301.0127,293.61572,297.54977,2015
Senegal,Thies,301.26514,294.10376,297.809,2016
Senegal,Thies,301.69434,293.75488,297.8174,2017
Senegal,Thies,300.97437,294.0288,297.21567,2018
Senegal,Thies,300.97437,294.0288,297.21567,2019
Senegal,Thies,301.7412,294.77246,298.32925,2020
Algeria,Tiaret,301.31958,280.7202,290.20316,2001
Algeria,Tiaret,299.6482,280.99707,289.91058,2002
Algeria,Tiaret,302.8689,279.68115,290.05045,2003
Algeria,Tiaret,300.84082,280.53516,289.491,2004
Algeria,Tiaret,301.9253,277.68945,289.26483,2005
Algeria,Tiaret,301.8269,278.64673,290.19077,2006
Algeria,Tiaret,301.614,280.3579,289.36008,2007
Algeria,Tiaret,301.4624,279.80835,289.41718,2008
Algeria,Tiaret,302.67798,280.12183,289.9846,2009
Algeria,Tiaret,302.2273,281.74414,289.88162,2010
Algeria,Tiaret,301.90283,280.2024,289.97458,2011
Algeria,Tiaret,302.9265,277.37622,289.92047,2012
Algeria,Tiaret,300.0796,279.75293,289.04367,2013
Algeria,Tiaret,300.71655,280.47266,290.10333,2014
Algeria,Tiaret,302.78613,279.45166,290.18634,2015
Algeria,Tiaret,302.17163,282.18433,290.45074,2016
Algeria,Tiaret,302.78687,278.948,290.68918,2017
Algeria,Tiaret,302.08984,279.2046,289.97186,2018
Algeria,Tiaret,302.08984,279.2046,289.97186,2019
Algeria,Tiaret,302.52832,280.2693,290.8525,2020
Chad,Tibesti,299.6809,284.4734,293.04187,2001
Chad,Tibesti,300.44507,280.64355,292.98074,2002
Chad,Tibesti,299.58887,284.92212,293.26218,2003
Chad,Tibesti,301.4016,284.6953,293.37723,2004
Chad,Tibesti,299.96436,282.88477,293.85892,2005
Chad,Tibesti,300.80933,283.8025,293.4639,2006
Chad,Tibesti,299.96753,282.99243,293.6612,2007
Chad,Tibesti,300.96118,281.11426,293.14163,2008
Chad,Tibesti,299.8628,287.53125,294.02628,2009
Chad,Tibesti,301.45288,287.0183,295.24197,2010
Chad,Tibesti,300.39844,284.15332,293.48907,2011
Chad,Tibesti,300.1565,283.2151,293.76456,2012
Chad,Tibesti,300.61548,285.0581,294.12863,2013
Chad,Tibesti,300.42578,285.26562,293.89108,2014
Chad,Tibesti,300.5857,281.39307,293.18146,2015
Chad,Tibesti,301.60254,283.6897,294.06256,2016
Chad,Tibesti,300.53613,285.23706,293.1444,2017
Chad,Tibesti,300.97852,283.95142,293.99594,2018
Chad,Tibesti,300.97852,283.95142,293.99594,2019
Chad,Tibesti,300.75464,282.9099,293.6489,2020
Ethiopia,Tigray,303.44336,294.22778,299.94324,2001
Ethiopia,Tigray,304.24585,294.12207,300.10785,2002
Ethiopia,Tigray,303.94922,294.7788,300.11813,2003
Ethiopia,Tigray,303.76855,294.94116,299.9656,2004
Ethiopia,Tigray,303.84302,294.16992,299.80618,2005
Ethiopia,Tigray,303.46826,295.72437,299.91034,2006
Ethiopia,Tigray,303.32666,294.26,299.75787,2007
Ethiopia,Tigray,303.89795,295.19434,299.85648,2008
Ethiopia,Tigray,304.1089,295.46948,300.31842,2009
Ethiopia,Tigray,304.11694,295.65698,300.21252,2010
Ethiopia,Tigray,303.6775,294.39746,299.4033,2011
Ethiopia,Tigray,303.87134,295.12134,300.1114,2012
Ethiopia,Tigray,303.86475,295.86865,299.94583,2013
Ethiopia,Tigray,303.6045,295.47095,300.08542,2014
Ethiopia,Tigray,304.58936,294.78027,300.61505,2015
Ethiopia,Tigray,304.50488,294.5979,300.2214,2016
Ethiopia,Tigray,304.8767,295.4287,300.67957,2017
Ethiopia,Tigray,304.21094,297.07373,300.5936,2018
Ethiopia,Tigray,304.21094,297.07373,300.5936,2019
Ethiopia,Tigray,303.74878,293.8806,299.87173,2020
Niger,Tillaberi,307.95874,295.01294,302.54105,2001
Niger,Tillaberi,308.7981,294.9912,302.96088,2002
Niger,Tillaberi,307.3418,296.4983,303.0566,2003
Niger,Tillaberi,307.7981,296.7422,303.16028,2004
Niger,Tillaberi,307.12744,295.04883,303.05487,2005
Niger,Tillaberi,307.43506,295.41382,302.8472,2006
Niger,Tillaberi,308.15967,295.08032,302.77252,2007
Niger,Tillaberi,307.1858,292.41504,302.0949,2008
Niger,Tillaberi,307.67212,295.99097,303.6794,2009
Niger,Tillaberi,309.02368,296.9812,303.6492,2010
Niger,Tillaberi,308.5005,295.41846,303.31998,2011
Niger,Tillaberi,307.58105,295.6858,303.1638,2012
Niger,Tillaberi,308.59595,296.45068,303.38596,2013
Niger,Tillaberi,308.0166,296.60547,303.15396,2014
Niger,Tillaberi,308.1726,294.37012,302.59537,2015
Niger,Tillaberi,308.21362,296.05103,303.4423,2016
Niger,Tillaberi,308.2893,296.24487,303.1218,2017
Niger,Tillaberi,308.26978,295.34326,303.18622,2018
Niger,Tillaberi,308.26978,295.34326,303.18622,2019
Niger,Tillaberi,308.66895,296.3318,303.47995,2020
Algeria,Tindouf,310.59326,287.34692,298.67517,2001
Algeria,Tindouf,309.08765,285.6162,297.7408,2002
Algeria,Tindouf,310.73022,286.08936,297.79034,2003
Algeria,Tindouf,309.78247,285.3164,297.11374,2004
Algeria,Tindouf,310.21826,282.92383,297.77216,2005
Algeria,Tindouf,310.40698,284.0686,297.78745,2006
Algeria,Tindouf,310.28394,285.51196,297.51437,2007
Algeria,Tindouf,310.687,285.6443,297.47382,2008
Algeria,Tindouf,310.3557,284.74292,297.82248,2009
Algeria,Tindouf,310.18237,288.42773,298.65555,2010
Algeria,Tindouf,309.43213,286.17432,297.48404,2011
Algeria,Tindouf,310.2815,284.55103,297.65793,2012
Algeria,Tindouf,310.4839,286.0249,298.06857,2013
Algeria,Tindouf,310.3203,285.41016,298.30548,2014
Algeria,Tindouf,310.06152,285.92285,297.96823,2015
Algeria,Tindouf,310.4568,286.57886,298.39102,2016
Algeria,Tindouf,310.6521,284.3484,298.76257,2017
Algeria,Tindouf,310.71094,285.74365,298.51288,2018
Algeria,Tindouf,310.71094,285.74365,298.51288,2019
Algeria,Tindouf,310.88965,284.89233,298.8426,2020
Algeria,Tipaza,299.38208,283.396,290.7844,2001
Algeria,Tipaza,297.53345,283.7627,290.65604,2002
Algeria,Tipaza,300.5127,282.94702,290.88278,2003
Algeria,Tipaza,299.43848,283.98438,290.20847,2004
Algeria,Tipaza,298.74756,280.8379,289.6872,2005
Algeria,Tipaza,299.1355,282.02368,290.88202,2006
Algeria,Tipaza,298.8777,283.6548,290.08926,2007
Algeria,Tipaza,299.1189,283.22632,290.2536,2008
Algeria,Tipaza,300.24243,283.31348,290.7403,2009
Algeria,Tipaza,298.79565,284.46094,290.39334,2010
Algeria,Tipaza,299.42236,283.4524,290.6489,2011
Algeria,Tipaza,301.37573,280.07935,290.66006,2012
Algeria,Tipaza,297.8838,282.84277,289.96033,2013
Algeria,Tipaza,298.76538,284.0664,291.05695,2014
Algeria,Tipaza,300.5459,282.7544,290.95425,2015
Algeria,Tipaza,298.30835,285.2815,291.01813,2016
Algeria,Tipaza,300.2859,282.59058,291.1592,2017
Algeria,Tipaza,299.42773,282.8413,290.5832,2018
Algeria,Tipaza,299.42773,282.8413,290.5832,2019
Algeria,Tipaza,300.28418,283.656,291.31525,2020
Mauritania,Tiris-Zemmour,310.68506,287.9973,299.25052,2001
Mauritania,Tiris-Zemmour,308.70337,288.05566,298.53104,2002
Mauritania,Tiris-Zemmour,311.5857,286.771,298.74982,2003
Mauritania,Tiris-Zemmour,309.85864,286.45508,297.8411,2004
Mauritania,Tiris-Zemmour,310.2024,285.1953,298.6849,2005
Mauritania,Tiris-Zemmour,311.4226,285.4319,298.56024,2006
Mauritania,Tiris-Zemmour,310.57104,287.1997,298.19113,2007
Mauritania,Tiris-Zemmour,311.43115,286.64233,298.3174,2008
Mauritania,Tiris-Zemmour,310.94165,285.68628,298.6713,2009
Mauritania,Tiris-Zemmour,310.6316,289.1504,299.49734,2010
Mauritania,Tiris-Zemmour,310.91846,287.7981,298.59518,2011
Mauritania,Tiris-Zemmour,310.9944,286.19946,298.30246,2012
Mauritania,Tiris-Zemmour,311.06396,287.25342,298.5155,2013
Mauritania,Tiris-Zemmour,310.3435,287.0664,298.86002,2014
Mauritania,Tiris-Zemmour,310.8955,286.583,298.4614,2015
Mauritania,Tiris-Zemmour,310.72534,288.73706,298.967,2016
Mauritania,Tiris-Zemmour,310.34546,285.58472,299.44144,2017
Mauritania,Tiris-Zemmour,310.23315,286.20654,298.52493,2018
Mauritania,Tiris-Zemmour,310.23315,286.20654,298.52493,2019
Mauritania,Tiris-Zemmour,311.43457,286.39233,299.61392,2020
Algeria,Tissemsilt,302.19458,281.9038,291.13773,2001
Algeria,Tissemsilt,299.92944,282.40332,290.94232,2002
Algeria,Tissemsilt,303.30835,281.3374,291.19772,2003
Algeria,Tissemsilt,301.63965,282.27734,290.54,2004
Algeria,Tissemsilt,301.96826,278.87305,290.01645,2005
Algeria,Tissemsilt,302.23315,280.2483,291.26303,2006
Algeria,Tissemsilt,301.62964,281.96143,290.28262,2007
Algeria,Tissemsilt,301.91553,281.5349,290.5373,2008
Algeria,Tissemsilt,303.2229,281.9148,291.0606,2009
Algeria,Tissemsilt,302.37183,283.17188,290.75858,2010
Algeria,Tissemsilt,302.33643,281.8313,291.0195,2011
Algeria,Tissemsilt,303.6101,278.74146,290.98508,2012
Algeria,Tissemsilt,300.36816,281.3252,290.0697,2013
Algeria,Tissemsilt,301.20874,282.29883,291.25046,2014
Algeria,Tissemsilt,303.65723,281.28027,291.38214,2015
Algeria,Tissemsilt,302.0603,283.9402,291.5126,2016
Algeria,Tissemsilt,303.13843,280.77222,291.69748,2017
Algeria,Tissemsilt,302.68555,280.69873,291.02655,2018
Algeria,Tissemsilt,302.68555,280.69873,291.02655,2019
Algeria,Tissemsilt,302.99512,281.80054,291.93326,2020
Algeria,Tizi Ouzou,297.81958,286.10034,291.54333,2001
Algeria,Tizi Ouzou,297.18774,286.20605,291.3362,2002
Algeria,Tizi Ouzou,299.20996,285.40796,291.56607,2003
Algeria,Tizi Ouzou,298.03027,286.65234,291.03415,2004
Algeria,Tizi Ouzou,297.34692,284.26074,290.7274,2005
Algeria,Tizi Ouzou,297.81714,285.30884,291.54202,2006
Algeria,Tizi Ouzou,298.10815,286.83032,291.19992,2007
Algeria,Tizi Ouzou,298.09155,286.10132,291.24643,2008
Algeria,Tizi Ouzou,298.58325,285.41113,291.49533,2009
Algeria,Tizi Ouzou,297.59448,286.58594,291.25452,2010
Algeria,Tizi Ouzou,298.0005,285.802,291.54816,2011
Algeria,Tizi Ouzou,299.4441,283.04028,291.43756,2012
Algeria,Tizi Ouzou,297.77246,284.93262,291.12015,2013
Algeria,Tizi Ouzou,297.86816,286.73853,291.8193,2014
Algeria,Tizi Ouzou,298.49902,285.0298,291.71646,2015
Algeria,Tizi Ouzou,297.27026,286.9319,291.913,2016
Algeria,Tizi Ouzou,299.0359,285.42456,291.8236,2017
Algeria,Tizi Ouzou,298.80933,285.90967,291.67255,2018
Algeria,Tizi Ouzou,298.80933,285.90967,291.67255,2019
Algeria,Tizi Ouzou,298.5498,286.6775,291.9007,2020
Algeria,Tlemcen,299.5852,284.77295,291.6851,2001
Algeria,Tlemcen,298.38843,284.2588,291.2929,2002
Algeria,Tlemcen,299.95996,284.06982,291.49283,2003
Algeria,Tlemcen,300.37793,284.8711,291.36682,2004
Algeria,Tlemcen,299.5952,281.60352,290.92532,2005
Algeria,Tlemcen,300.1394,283.6975,291.8825,2006
Algeria,Tlemcen,298.99683,284.0276,291.07135,2007
Algeria,Tlemcen,299.63452,284.10132,291.1208,2008
Algeria,Tlemcen,300.78735,284.46948,291.829,2009
Algeria,Tlemcen,299.9812,286.08594,291.75662,2010
Algeria,Tlemcen,299.93994,284.5669,291.55353,2011
Algeria,Tlemcen,300.93042,282.25122,291.16232,2012
Algeria,Tlemcen,299.23926,284.26855,291.0077,2013
Algeria,Tlemcen,299.32007,285.0,291.92038,2014
Algeria,Tlemcen,301.49902,283.89746,291.85806,2015
Algeria,Tlemcen,299.1277,285.3601,291.80264,2016
Algeria,Tlemcen,299.86987,282.96753,291.79153,2017
Algeria,Tlemcen,300.06323,284.04053,291.59296,2018
Algeria,Tlemcen,300.06323,284.04053,291.59296,2019
Algeria,Tlemcen,300.96387,283.60132,292.1652,2020
Somalia,Togdheer,299.96948,294.67896,298.21048,2001
Somalia,Togdheer,300.6106,295.7998,298.39267,2002
Somalia,Togdheer,300.573,295.6565,298.6126,2003
Somalia,Togdheer,301.08716,296.0647,298.36374,2004
Somalia,Togdheer,300.44995,295.58398,298.14114,2005
Somalia,Togdheer,300.16846,295.81665,298.3156,2006
Somalia,Togdheer,300.51514,295.76196,298.66867,2007
Somalia,Togdheer,300.2998,295.32593,298.0023,2008
Somalia,Togdheer,300.56592,295.80542,298.86578,2009
Somalia,Togdheer,300.65356,295.28784,298.7659,2010
Somalia,Togdheer,300.61963,294.958,298.2928,2011
Somalia,Togdheer,300.55103,295.41626,298.27756,2012
Somalia,Togdheer,300.92505,294.8745,297.95285,2013
Somalia,Togdheer,300.7102,295.10913,298.46515,2014
Somalia,Togdheer,301.4109,294.66504,298.35138,2015
Somalia,Togdheer,300.49048,296.03003,298.7678,2016
Somalia,Togdheer,300.76953,294.542,298.72433,2017
Somalia,Togdheer,301.09204,295.1577,298.55423,2018
Somalia,Togdheer,301.09204,295.1577,298.55423,2019
Somalia,Togdheer,301.06128,295.59985,298.9422,2020
Guinea-Bissau,Tombali,301.39038,298.92896,299.9387,2001
Guinea-Bissau,Tombali,301.00317,299.2893,300.1954,2002
Guinea-Bissau,Tombali,301.74414,298.94507,300.1004,2003
Guinea-Bissau,Tombali,301.27075,298.927,300.20602,2004
Guinea-Bissau,Tombali,301.72705,299.24146,300.4162,2005
Guinea-Bissau,Tombali,301.27344,299.21362,300.15594,2006
Guinea-Bissau,Tombali,301.3921,299.00073,300.05362,2007
Guinea-Bissau,Tombali,301.17212,298.79004,300.06058,2008
Guinea-Bissau,Tombali,300.7163,298.78003,299.84137,2009
Guinea-Bissau,Tombali,302.14282,299.11255,300.34567,2010
Guinea-Bissau,Tombali,301.21533,299.04932,300.0529,2011
Guinea-Bissau,Tombali,300.79004,298.77466,299.767,2012
Guinea-Bissau,Tombali,301.20142,298.71777,299.80423,2013
Guinea-Bissau,Tombali,300.56152,298.85352,299.7049,2014
Guinea-Bissau,Tombali,301.62964,298.61035,299.9059,2015
Guinea-Bissau,Tombali,301.11353,299.3142,300.18185,2016
Guinea-Bissau,Tombali,301.39282,298.95215,300.1423,2017
Guinea-Bissau,Tombali,301.29712,299.2976,300.362,2018
Guinea-Bissau,Tombali,301.29712,299.2976,300.362,2019
Guinea-Bissau,Tombali,302.0127,299.1162,300.5667,2020
Mali,Tombouctou,312.69287,289.29614,301.44925,2001
Mali,Tombouctou,311.90796,289.1162,300.8803,2002
Mali,Tombouctou,312.8982,287.49756,300.89938,2003
Mali,Tombouctou,311.72192,287.5078,299.9879,2004
Mali,Tombouctou,312.52295,286.94336,301.25034,2005
Mali,Tombouctou,312.31714,286.84595,300.84686,2006
Mali,Tombouctou,311.90894,288.84033,300.62863,2007
Mali,Tombouctou,312.58154,287.84863,300.49985,2008
Mali,Tombouctou,312.50415,287.39722,300.83975,2009
Mali,Tombouctou,312.5144,290.88086,301.89694,2010
Mali,Tombouctou,311.96338,289.2212,300.7443,2011
Mali,Tombouctou,312.67017,287.4651,300.34756,2012
Mali,Tombouctou,312.79248,288.5464,300.91965,2013
Mali,Tombouctou,312.70508,288.51562,301.24625,2014
Mali,Tombouctou,312.19678,288.28418,301.03644,2015
Mali,Tombouctou,312.15405,290.34058,301.4589,2016
Mali,Tombouctou,312.656,286.83276,301.56726,2017
Mali,Tombouctou,312.89062,287.77295,300.71,2018
Mali,Tombouctou,312.89062,287.77295,300.71,2019
Mali,Tombouctou,312.43457,288.20093,301.7809,2020
Uganda,Tororo,297.09448,294.79688,295.86917,2001
Uganda,Tororo,298.82715,295.47363,296.32156,2002
Uganda,Tororo,298.17944,295.15405,296.4344,2003
Uganda,Tororo,298.615,295.4851,296.5898,2004
Uganda,Tororo,299.59082,295.4077,297.15042,2005
Uganda,Tororo,298.8225,295.31445,296.30487,2006
Uganda,Tororo,297.4536,295.00073,296.12003,2007
Uganda,Tororo,297.60254,294.88818,296.0591,2008
Uganda,Tororo,298.7793,295.50928,296.59885,2009
Uganda,Tororo,297.03516,295.30737,296.1948,2010
Uganda,Tororo,297.88403,295.5354,296.34323,2011
Uganda,Tororo,298.2827,295.40186,296.246,2012
Uganda,Tororo,298.3584,295.47168,296.42664,2013
Uganda,Tororo,298.6858,295.69507,296.7607,2014
Uganda,Tororo,298.41602,295.5957,296.4189,2015
Uganda,Tororo,298.8518,295.68262,297.0129,2016
Uganda,Tororo,298.83667,296.18726,297.28128,2017
Uganda,Tororo,299.35767,295.31445,296.76547,2018
Uganda,Tororo,299.35767,295.31445,296.76547,2019
Uganda,Tororo,296.72046,295.333,295.87643,2020
Tunisia,Tozeur,305.18506,281.4995,293.3412,2001
Tunisia,Tozeur,304.07788,280.8291,292.71283,2002
Tunisia,Tozeur,305.99976,281.30835,292.77505,2003
Tunisia,Tozeur,304.24707,282.16406,292.3494,2004
Tunisia,Tozeur,305.29248,279.79492,292.4551,2005
Tunisia,Tozeur,303.49292,280.1936,292.65594,2006
Tunisia,Tozeur,303.58276,282.35205,292.5881,2007
Tunisia,Tozeur,305.44092,281.35718,292.67044,2008
Tunisia,Tozeur,305.21118,281.90918,292.14523,2009
Tunisia,Tozeur,304.14526,282.84766,292.76917,2010
Tunisia,Tozeur,304.54272,282.2063,292.3063,2011
Tunisia,Tozeur,305.7932,280.22583,293.1711,2012
Tunisia,Tozeur,303.78076,282.1421,292.72742,2013
Tunisia,Tozeur,304.67358,282.5879,293.36862,2014
Tunisia,Tozeur,303.65137,281.59277,292.64142,2015
Tunisia,Tozeur,303.8943,283.25024,293.39053,2016
Tunisia,Tozeur,304.25366,280.2976,292.70203,2017
Tunisia,Tozeur,304.8496,280.79248,292.61444,2018
Tunisia,Tozeur,304.8496,280.79248,292.61444,2019
Tunisia,Tozeur,304.76074,282.22632,293.14615,2020
Mauritania,Trarza,301.88184,294.89014,298.30017,2001
Mauritania,Trarza,301.16846,294.13135,297.64285,2002
Mauritania,Trarza,301.19604,292.9607,297.38962,2003
Mauritania,Trarza,301.17432,293.9934,297.48532,2004
Mauritania,Trarza,301.958,292.71777,298.231,2005
Mauritania,Trarza,301.54614,293.97485,297.72723,2006
Mauritania,Trarza,300.97534,294.79272,297.65518,2007
Mauritania,Trarza,301.4287,295.70215,298.09198,2008
Mauritania,Trarza,301.50854,292.25684,297.3666,2009
Mauritania,Trarza,301.2102,295.4524,298.3914,2010
Mauritania,Trarza,301.76392,294.2959,297.70065,2011
Mauritania,Trarza,301.6797,294.0266,297.73395,2012
Mauritania,Trarza,301.49194,294.39062,297.9185,2013
Mauritania,Trarza,301.41064,294.22632,297.57486,2014
Mauritania,Trarza,301.3015,293.83252,297.86392,2015
Mauritania,Trarza,301.3274,294.7854,297.9921,2016
Mauritania,Trarza,302.2998,293.91113,298.0051,2017
Mauritania,Trarza,301.35132,294.2163,297.2095,2018
Mauritania,Trarza,301.35132,294.2163,297.2095,2019
Mauritania,Trarza,302.08496,295.208,298.38052,2020
Libya,Tripoli (tarabulus),299.60864,288.17847,293.78928,2001
Libya,Tripoli (tarabulus),299.84985,287.62988,293.67685,2002
Libya,Tripoli (tarabulus),300.87207,286.83374,293.87628,2003
Libya,Tripoli (tarabulus),299.97754,288.00586,293.42557,2004
Libya,Tripoli (tarabulus),299.64966,287.05762,293.28094,2005
Libya,Tripoli (tarabulus),300.58472,287.02954,293.5731,2006
Libya,Tripoli (tarabulus),300.17456,289.1587,293.75266,2007
Libya,Tripoli (tarabulus),300.1306,287.69434,293.74042,2008
Libya,Tripoli (tarabulus),300.5813,287.8994,293.66476,2009
Libya,Tripoli (tarabulus),299.96753,289.33594,294.13602,2010
Libya,Tripoli (tarabulus),299.60205,288.03247,293.50504,2011
Libya,Tripoli (tarabulus),300.7644,286.14185,293.75836,2012
Libya,Tripoli (tarabulus),300.00684,287.7412,293.81985,2013
Libya,Tripoli (tarabulus),300.3916,288.4768,294.08298,2014
Libya,Tripoli (tarabulus),300.74365,287.3794,293.6357,2015
Libya,Tripoli (tarabulus),299.15503,289.42407,294.2315,2016
Libya,Tripoli (tarabulus),300.34644,287.34644,293.5116,2017
Libya,Tripoli (tarabulus),300.29175,287.12524,293.51093,2018
Libya,Tripoli (tarabulus),300.29175,287.12524,293.51093,2019
Libya,Tripoli (tarabulus),300.78223,288.5056,293.978,2020
Libya,Tubruq (tobruk),300.0813,288.01904,293.6265,2001
Libya,Tubruq (tobruk),300.31665,286.62207,293.73788,2002
Libya,Tubruq (tobruk),300.49902,286.45288,293.63394,2003
Libya,Tubruq (tobruk),299.3955,287.09766,293.50418,2004
Libya,Tubruq (tobruk),299.77856,286.958,293.36362,2005
Libya,Tubruq (tobruk),300.20386,287.15063,293.37405,2006
Libya,Tubruq (tobruk),299.92456,288.23462,293.74014,2007
Libya,Tubruq (tobruk),300.00366,287.2041,293.99515,2008
Libya,Tubruq (tobruk),299.69653,288.16113,293.80084,2009
Libya,Tubruq (tobruk),300.02222,288.96094,294.36194,2010
Libya,Tubruq (tobruk),299.7036,288.1067,293.2983,2011
Libya,Tubruq (tobruk),300.739,286.50024,293.7883,2012
Libya,Tubruq (tobruk),299.84863,287.7964,293.97073,2013
Libya,Tubruq (tobruk),299.98022,288.60132,294.0594,2014
Libya,Tubruq (tobruk),300.88037,287.2329,293.6629,2015
Libya,Tubruq (tobruk),299.83862,287.8069,294.21002,2016
Libya,Tubruq (tobruk),300.40503,286.46558,293.481,2017
Libya,Tubruq (tobruk),300.29956,286.38623,293.7391,2018
Libya,Tubruq (tobruk),300.29956,286.38623,293.7391,2019
Libya,Tubruq (tobruk),300.32715,286.75757,293.68292,2020
Tunisia,Tunis,299.9348,285.864,292.605,2001
Tunisia,Tunis,299.61353,284.8037,292.3206,2002
Tunisia,Tunis,302.31738,284.14038,292.73322,2003
Tunisia,Tunis,300.76855,285.73242,292.11975,2004
Tunisia,Tunis,300.16943,283.65137,291.99692,2005
Tunisia,Tunis,300.21558,284.3108,292.61136,2006
Tunisia,Tunis,299.90112,286.68018,292.5274,2007
Tunisia,Tunis,300.21265,285.95215,292.425,2008
Tunisia,Tunis,300.927,284.72754,292.3884,2009
Tunisia,Tunis,300.0652,286.30664,292.44495,2010
Tunisia,Tunis,300.2185,285.15356,292.48468,2011
Tunisia,Tunis,301.5476,283.28247,292.86398,2012
Tunisia,Tunis,300.01855,284.53223,292.446,2013
Tunisia,Tunis,300.26538,286.48608,292.96353,2014
Tunisia,Tunis,300.88184,284.70557,292.75616,2015
Tunisia,Tunis,299.71265,286.65454,292.84332,2016
Tunisia,Tunis,301.34937,284.15894,292.40988,2017
Tunisia,Tunis,301.51636,284.97217,292.52884,2018
Tunisia,Tunis,301.51636,284.97217,292.52884,2019
Tunisia,Tunis,301.4834,286.1267,292.7394,2020
Angola,Uige,299.84253,297.5952,298.53976,2001
Angola,Uige,299.3479,297.19727,298.22098,2002
Angola,Uige,299.46387,297.50684,298.55533,2003
Angola,Uige,300.14185,297.69165,298.58865,2004
Angola,Uige,299.60425,297.78003,298.57504,2005
Angola,Uige,299.0183,297.14746,298.3542,2006
Angola,Uige,299.4651,297.56494,298.571,2007
Angola,Uige,300.20996,297.55713,298.45526,2008
Angola,Uige,300.49268,298.08398,299.00626,2009
Angola,Uige,300.38843,297.99292,299.24344,2010
Angola,Uige,300.17822,298.0005,299.06638,2011
Angola,Uige,299.83032,297.90845,299.00998,2012
Angola,Uige,300.37988,298.05615,299.23523,2013
Angola,Uige,300.72485,298.2129,299.43454,2014
Angola,Uige,300.53076,298.23535,299.27634,2015
Angola,Uige,300.7776,298.86597,299.62457,2016
Angola,Uige,300.29126,298.1338,299.42844,2017
Angola,Uige,300.04102,298.4568,299.34036,2018
Angola,Uige,300.04102,298.4568,299.34036,2019
Angola,Uige,300.54102,298.53345,299.67316,2020
South Sudan,Unity,305.73975,298.5188,301.66946,2001
South Sudan,Unity,306.83838,298.57446,301.99994,2002
South Sudan,Unity,306.17896,298.20215,301.98044,2003
South Sudan,Unity,305.7766,298.53418,301.99426,2004
South Sudan,Unity,306.8474,298.90186,302.26385,2005
South Sudan,Unity,306.42725,298.4226,301.8057,2006
South Sudan,Unity,306.281,297.9519,301.7758,2007
South Sudan,Unity,305.82715,298.2732,301.63284,2008
South Sudan,Unity,306.31055,299.09692,302.5611,2009
South Sudan,Unity,307.6145,298.39917,302.08606,2010
South Sudan,Unity,306.3694,297.95166,301.4069,2011
South Sudan,Unity,306.44385,297.614,301.31387,2012
South Sudan,Unity,306.6621,298.0791,301.98947,2013
South Sudan,Unity,305.6858,297.8142,301.60397,2014
South Sudan,Unity,306.54688,299.4331,302.34567,2015
South Sudan,Unity,308.07837,298.76245,302.87003,2016
South Sudan,Unity,306.99414,298.74976,302.88123,2017
South Sudan,Unity,307.46436,298.02417,302.00345,2018
South Sudan,Unity,307.46436,298.02417,302.00345,2019
South Sudan,Unity,307.11426,298.0537,302.0091,2020
Ghana,Upper East,305.68896,298.79614,301.3503,2001
Ghana,Upper East,305.74683,298.417,301.3593,2002
Ghana,Upper East,304.7395,298.8369,301.4212,2003
Ghana,Upper East,304.74927,299.03613,301.4744,2004
Ghana,Upper East,306.35913,298.8235,301.67352,2005
Ghana,Upper East,306.04834,298.6775,301.5656,2006
Ghana,Upper East,305.32642,298.62573,301.61594,2007
Ghana,Upper East,304.79932,297.75684,301.11313,2008
Ghana,Upper East,305.93555,299.23755,301.8404,2009
Ghana,Upper East,306.3606,299.21558,301.9181,2010
Ghana,Upper East,306.3291,299.14697,301.84308,2011
Ghana,Upper East,305.61865,298.82886,301.3591,2012
Ghana,Upper East,305.8977,298.69043,301.48068,2013
Ghana,Upper East,305.29907,299.08887,301.7863,2014
Ghana,Upper East,306.36523,298.1079,301.94058,2015
Ghana,Upper East,306.28735,299.44214,301.95612,2016
Ghana,Upper East,305.75,299.28003,301.766,2017
Ghana,Upper East,306.82764,299.27026,301.9927,2018
Ghana,Upper East,306.82764,299.27026,301.9927,2019
Ghana,Upper East,306.30103,299.1006,301.77213,2020
South Sudan,Upper Nile,306.69287,297.91724,302.13205,2001
South Sudan,Upper Nile,306.9524,297.29785,302.5302,2002
South Sudan,Upper Nile,306.9297,299.6421,302.49265,2003
South Sudan,Upper Nile,306.81372,299.26953,302.28592,2004
South Sudan,Upper Nile,306.9607,298.28125,302.5726,2005
South Sudan,Upper Nile,305.82178,297.23804,301.8389,2006
South Sudan,Upper Nile,307.0171,296.76978,301.48395,2007
South Sudan,Upper Nile,305.61548,299.1494,301.94144,2008
South Sudan,Upper Nile,306.85938,299.43945,302.6547,2009
South Sudan,Upper Nile,307.45825,299.9441,302.65506,2010
South Sudan,Upper Nile,306.5432,297.81738,301.5633,2011
South Sudan,Upper Nile,305.96387,297.92603,301.53195,2012
South Sudan,Upper Nile,306.5022,298.47803,301.89685,2013
South Sudan,Upper Nile,305.30005,298.8357,302.16745,2014
South Sudan,Upper Nile,306.9558,299.39355,303.64615,2015
South Sudan,Upper Nile,308.29907,299.66235,303.90353,2016
South Sudan,Upper Nile,308.2793,300.71948,303.97678,2017
South Sudan,Upper Nile,307.7417,299.77417,303.25912,2018
South Sudan,Upper Nile,307.7417,299.77417,303.25912,2019
South Sudan,Upper Nile,307.3838,298.80176,303.0112,2020
Gambia,Upper River,306.51538,299.88208,302.8451,2001
Gambia,Upper River,307.511,300.94897,303.42148,2002
Gambia,Upper River,307.35083,299.41626,302.6668,2003
Gambia,Upper River,306.4856,299.24023,302.50223,2004
Gambia,Upper River,307.25244,299.31445,302.91293,2005
Gambia,Upper River,306.57764,299.26343,302.77036,2006
Gambia,Upper River,307.4663,300.18994,302.93625,2007
Gambia,Upper River,307.11548,299.34473,302.50668,2008
Gambia,Upper River,306.77563,298.1394,302.66315,2009
Gambia,Upper River,308.42407,300.47192,303.3805,2010
Gambia,Upper River,307.69385,299.88525,303.3361,2011
Gambia,Upper River,307.15283,299.7981,302.89102,2012
Gambia,Upper River,307.4768,299.41357,303.19992,2013
Gambia,Upper River,306.68872,300.26562,303.10788,2014
Gambia,Upper River,307.6687,299.20752,302.9129,2015
Gambia,Upper River,307.89526,300.6648,303.46652,2016
Gambia,Upper River,307.6233,299.4502,303.3866,2017
Gambia,Upper River,307.49634,299.9995,303.18246,2018
Gambia,Upper River,307.49634,299.9995,303.18246,2019
Gambia,Upper River,308.0088,300.22437,303.2399,2020
Ghana,Upper West,305.84912,298.6809,301.35242,2001
Ghana,Upper West,306.09058,298.84204,301.41238,2002
Ghana,Upper West,305.24927,298.62012,301.3548,2003
Ghana,Upper West,304.47192,298.72363,301.43552,2004
Ghana,Upper West,306.8142,298.51294,301.69354,2005
Ghana,Upper West,305.89014,298.63525,301.4927,2006
Ghana,Upper West,305.60376,298.3015,301.43057,2007
Ghana,Upper West,305.7954,297.81348,301.18832,2008
Ghana,Upper West,306.48047,299.10474,301.96964,2009
Ghana,Upper West,306.55396,299.12573,301.9879,2010
Ghana,Upper West,306.70996,298.85986,301.6992,2011
Ghana,Upper West,305.71045,298.71167,301.50266,2012
Ghana,Upper West,306.3938,298.49512,301.7393,2013
Ghana,Upper West,305.35767,298.9502,301.8068,2014
Ghana,Upper West,306.73242,298.88135,302.09048,2015
Ghana,Upper West,306.52563,299.20972,302.07672,2016
Ghana,Upper West,305.76367,299.23706,301.9221,2017
Ghana,Upper West,307.02295,299.21753,302.1312,2018
Ghana,Upper West,307.02295,299.21753,302.1312,2019
Ghana,Upper West,306.5432,298.95605,301.9357,2020
Central African Republic,Vakaga,305.52295,296.63208,300.60794,2001
Central African Republic,Vakaga,305.69067,297.06543,300.9324,2002
Central African Republic,Vakaga,305.4485,297.68262,300.75226,2003
Central African Republic,Vakaga,305.3899,298.12988,300.94754,2004
Central African Republic,Vakaga,305.68335,298.40552,301.16034,2005
Central African Republic,Vakaga,305.2456,297.0271,300.84232,2006
Central African Republic,Vakaga,305.5896,297.20337,300.9322,2007
Central African Republic,Vakaga,304.5205,298.1775,300.8304,2008
Central African Republic,Vakaga,305.76953,298.71802,301.64572,2009
Central African Republic,Vakaga,306.59497,298.38745,301.43436,2010
Central African Republic,Vakaga,305.13306,297.4248,300.644,2011
Central African Republic,Vakaga,305.68604,297.7234,300.5549,2012
Central African Republic,Vakaga,305.73633,297.94824,301.66623,2013
Central African Republic,Vakaga,305.17505,297.75366,301.22086,2014
Central African Republic,Vakaga,305.4082,297.50684,301.39728,2015
Central African Republic,Vakaga,306.94556,298.07446,301.41608,2016
Central African Republic,Vakaga,305.31055,298.1902,301.64084,2017
Central African Republic,Vakaga,306.76318,298.1609,301.34296,2018
Central African Republic,Vakaga,306.76318,298.1609,301.34296,2019
Central African Republic,Vakaga,306.05566,297.68262,301.34927,2020
Madagascar,Vakinankaratra,294.687,286.98975,291.3275,2001
Madagascar,Vakinankaratra,294.21973,286.83228,291.08475,2002
Madagascar,Vakinankaratra,293.86548,286.66577,291.23825,2003
Madagascar,Vakinankaratra,293.8203,286.94995,291.08313,2004
Madagascar,Vakinankaratra,294.6748,286.6421,291.14325,2005
Madagascar,Vakinankaratra,293.8855,287.3816,291.43655,2006
Madagascar,Vakinankaratra,294.3501,287.14307,291.21442,2007
Madagascar,Vakinankaratra,294.19116,286.52686,290.92435,2008
Madagascar,Vakinankaratra,294.1062,286.969,291.35016,2009
Madagascar,Vakinankaratra,294.56128,286.823,291.59143,2010
Madagascar,Vakinankaratra,294.24658,287.79663,291.69464,2011
Madagascar,Vakinankaratra,293.9602,287.21313,291.1939,2012
Madagascar,Vakinankaratra,294.70996,286.979,291.32947,2013
Madagascar,Vakinankaratra,294.33398,287.3125,291.50192,2014
Madagascar,Vakinankaratra,294.6079,287.49707,291.44498,2015
Madagascar,Vakinankaratra,294.3186,286.39038,291.23917,2016
Madagascar,Vakinankaratra,294.45996,287.44897,291.59982,2017
Madagascar,Vakinankaratra,294.67725,287.54688,291.9432,2018
Madagascar,Vakinankaratra,294.67725,287.54688,291.9432,2019
Madagascar,Vakinankaratra,294.32056,286.84277,291.46417,2020
Côte d'Ivoire,Vallee Du Bandama,303.11157,298.08716,300.09787,2001
Côte d'Ivoire,Vallee Du Bandama,303.1765,298.26782,300.28494,2002
Côte d'Ivoire,Vallee Du Bandama,303.95508,298.30176,300.4505,2003
Côte d'Ivoire,Vallee Du Bandama,302.25366,298.22974,300.38602,2004
Côte d'Ivoire,Vallee Du Bandama,303.16577,298.08716,300.49857,2005
Côte d'Ivoire,Vallee Du Bandama,304.1648,298.37573,300.58792,2006
Côte d'Ivoire,Vallee Du Bandama,303.89673,297.93433,300.60358,2007
Côte d'Ivoire,Vallee Du Bandama,302.87988,298.00952,300.3314,2008
Côte d'Ivoire,Vallee Du Bandama,302.78418,298.24146,300.41656,2009
Côte d'Ivoire,Vallee Du Bandama,304.61255,298.6184,300.96854,2010
Côte d'Ivoire,Vallee Du Bandama,302.802,298.42822,300.38297,2011
Côte d'Ivoire,Vallee Du Bandama,303.65576,298.19214,300.2613,2012
Côte d'Ivoire,Vallee Du Bandama,303.177,298.09863,300.5222,2013
Côte d'Ivoire,Vallee Du Bandama,303.56274,298.6892,300.6826,2014
Côte d'Ivoire,Vallee Du Bandama,304.03516,298.00635,300.56247,2015
Côte d'Ivoire,Vallee Du Bandama,303.52563,298.65894,300.78815,2016
Côte d'Ivoire,Vallee Du Bandama,303.97876,298.33667,300.77966,2017
Côte d'Ivoire,Vallee Du Bandama,302.87695,298.6726,300.5762,2018
Côte d'Ivoire,Vallee Du Bandama,302.87695,298.6726,300.5762,2019
Côte d'Ivoire,Vallee Du Bandama,303.5979,298.23926,300.71628,2020
Madagascar,Vatovavy Fitovinany,296.12842,288.5288,292.62668,2001
Madagascar,Vatovavy Fitovinany,295.46777,288.82837,292.44608,2002
Madagascar,Vatovavy Fitovinany,295.65845,288.17944,292.67184,2003
Madagascar,Vatovavy Fitovinany,295.71265,288.78394,292.58914,2004
Madagascar,Vatovavy Fitovinany,296.25977,288.29053,292.57147,2005
Madagascar,Vatovavy Fitovinany,295.55103,288.90894,292.69974,2006
Madagascar,Vatovavy Fitovinany,295.91064,289.07666,292.74957,2007
Madagascar,Vatovavy Fitovinany,295.80566,288.3667,292.40887,2008
Madagascar,Vatovavy Fitovinany,296.28198,288.44946,292.74225,2009
Madagascar,Vatovavy Fitovinany,296.114,288.42847,293.0154,2010
Madagascar,Vatovavy Fitovinany,295.88208,289.58374,293.2192,2011
Madagascar,Vatovavy Fitovinany,295.82935,289.27173,292.7255,2012
Madagascar,Vatovavy Fitovinany,295.75146,288.58057,292.6423,2013
Madagascar,Vatovavy Fitovinany,295.9082,288.94922,292.8919,2014
Madagascar,Vatovavy Fitovinany,295.938,289.15723,292.9059,2015
Madagascar,Vatovavy Fitovinany,295.94653,288.32593,292.70255,2016
Madagascar,Vatovavy Fitovinany,296.2295,289.21655,292.98328,2017
Madagascar,Vatovavy Fitovinany,296.14282,289.35547,293.4102,2018
Madagascar,Vatovavy Fitovinany,296.14282,289.35547,293.4102,2019
Madagascar,Vatovavy Fitovinany,295.51538,288.50684,292.57565,2020
Ghana,Volta,303.98853,298.32886,300.87634,2001
Ghana,Volta,303.77417,298.27954,300.60458,2002
Ghana,Volta,303.72852,298.30566,300.59634,2003
Ghana,Volta,302.95288,298.34106,300.47,2004
Ghana,Volta,303.53027,298.27466,300.61752,2005
Ghana,Volta,303.41626,298.18823,300.72952,2006
Ghana,Volta,304.11548,298.24683,300.78815,2007
Ghana,Volta,303.09082,298.35522,300.81268,2008
Ghana,Volta,303.7334,298.75708,300.82364,2009
Ghana,Volta,303.78442,298.8606,301.1404,2010
Ghana,Volta,302.89868,298.48096,300.8159,2011
Ghana,Volta,302.84326,298.25854,300.54385,2012
Ghana,Volta,303.12598,298.49316,300.6846,2013
Ghana,Volta,303.15063,298.45288,300.82648,2014
Ghana,Volta,303.25977,298.99756,301.04425,2015
Ghana,Volta,304.0227,298.9773,301.1887,2016
Ghana,Volta,304.82056,298.77026,301.41263,2017
Ghana,Volta,304.39868,299.15503,301.3594,2018
Ghana,Volta,304.39868,299.15503,301.3594,2019
Ghana,Volta,303.97266,299.00684,301.3294,2020
Uganda,Wakiso,294.63354,292.80273,293.69925,2001
Uganda,Wakiso,295.4287,293.469,294.05234,2002
Uganda,Wakiso,295.45483,292.9568,294.1357,2003
Uganda,Wakiso,295.38843,293.2102,294.20505,2004
Uganda,Wakiso,296.03223,293.30225,294.43817,2005
Uganda,Wakiso,295.42603,293.52686,294.1395,2006
Uganda,Wakiso,295.14087,293.22925,294.1838,2007
Uganda,Wakiso,294.5088,292.93115,293.9185,2008
Uganda,Wakiso,295.5547,293.79517,294.36008,2009
Uganda,Wakiso,295.20288,293.57886,294.38034,2010
Uganda,Wakiso,294.85083,293.55713,294.14957,2011
Uganda,Wakiso,295.49756,293.43384,294.26828,2012
Uganda,Wakiso,295.35645,293.53613,294.26614,2013
Uganda,Wakiso,295.83032,293.3318,294.3976,2014
Uganda,Wakiso,296.33594,294.00488,294.70163,2015
Uganda,Wakiso,296.9651,294.36987,295.25674,2016
Uganda,Wakiso,295.9734,294.1521,294.8594,2017
Uganda,Wakiso,295.91992,293.8086,294.654,2018
Uganda,Wakiso,295.91992,293.8086,294.654,2019
Uganda,Wakiso,295.69922,293.95996,294.6113,2020
South Sudan,Warab,306.32764,298.8723,301.93167,2001
South Sudan,Warab,307.1704,299.29126,302.34384,2002
South Sudan,Warab,306.31177,298.59863,302.1149,2003
South Sudan,Warab,306.07788,298.95215,302.47537,2004
South Sudan,Warab,306.85132,299.0913,302.21014,2005
South Sudan,Warab,306.81592,298.87378,302.0993,2006
South Sudan,Warab,306.4314,298.44995,302.07608,2007
South Sudan,Warab,306.2119,298.82983,302.21927,2008
South Sudan,Warab,306.29883,299.27075,302.89313,2009
South Sudan,Warab,307.65552,298.88745,302.63278,2010
South Sudan,Warab,306.89868,298.6333,301.82974,2011
South Sudan,Warab,306.80713,298.2058,301.91037,2012
South Sudan,Warab,307.2168,298.49316,302.82834,2013
South Sudan,Warab,306.02173,298.4275,302.08658,2014
South Sudan,Warab,307.15625,299.97217,302.84244,2015
South Sudan,Warab,308.51,299.15894,303.10733,2016
South Sudan,Warab,307.24634,299.5193,303.41898,2017
South Sudan,Warab,307.66748,298.81323,302.65628,2018
South Sudan,Warab,307.66748,298.81323,302.65628,2019
South Sudan,Warab,307.70215,298.583,302.5444,2020
Equatorial Guinea,Welenzas,297.43433,295.4702,296.5054,2001
Equatorial Guinea,Welenzas,297.70215,295.969,296.803,2002
Equatorial Guinea,Welenzas,297.906,296.1394,296.89645,2003
Equatorial Guinea,Welenzas,297.8435,295.97583,296.86975,2004
Equatorial Guinea,Welenzas,298.20215,295.9016,296.95804,2005
Equatorial Guinea,Welenzas,297.54907,296.16675,296.82684,2006
Equatorial Guinea,Welenzas,297.93018,296.2234,296.9278,2007
Equatorial Guinea,Welenzas,297.66504,295.9917,296.85208,2008
Equatorial Guinea,Welenzas,297.82422,296.5276,297.10275,2009
Equatorial Guinea,Welenzas,298.32544,296.28394,297.37854,2010
Equatorial Guinea,Welenzas,297.74512,296.26025,297.07028,2011
Equatorial Guinea,Welenzas,297.92627,296.37134,297.07394,2012
Equatorial Guinea,Welenzas,298.28613,295.73193,297.1996,2013
Equatorial Guinea,Welenzas,298.19556,296.25977,297.29196,2014
Equatorial Guinea,Welenzas,298.18604,296.6084,297.40167,2015
Equatorial Guinea,Welenzas,299.3352,296.6228,297.705,2016
Equatorial Guinea,Welenzas,298.37012,296.63745,297.62878,2017
Equatorial Guinea,Welenzas,298.53857,296.92188,297.68997,2018
Equatorial Guinea,Welenzas,298.53857,296.92188,297.68997,2019
Equatorial Guinea,Welenzas,298.82227,296.69238,297.8068,2020
Gambia,West Coast,301.34668,294.6792,298.12863,2001
Gambia,West Coast,300.96045,293.04346,297.7138,2002
Gambia,West Coast,300.84302,292.97632,297.43536,2003
Gambia,West Coast,301.30835,294.55835,297.6798,2004
Gambia,West Coast,301.42285,293.45605,298.35956,2005
Gambia,West Coast,301.31372,293.64478,297.78485,2006
Gambia,West Coast,300.9397,294.41382,297.6236,2007
Gambia,West Coast,300.76147,294.86963,297.99692,2008
Gambia,West Coast,301.3933,292.1338,297.2302,2009
Gambia,West Coast,301.00952,294.71655,298.1912,2010
Gambia,West Coast,301.4436,293.65137,297.68863,2011
Gambia,West Coast,301.34375,293.5669,297.64688,2012
Gambia,West Coast,301.19507,294.1797,297.8329,2013
Gambia,West Coast,301.29932,293.49634,297.4261,2014
Gambia,West Coast,301.083,293.6411,297.69986,2015
Gambia,West Coast,301.46826,294.02173,297.9545,2016
Gambia,West Coast,301.71582,293.84863,297.95837,2017
Gambia,West Coast,301.04858,293.6128,297.33353,2018
Gambia,West Coast,301.04858,293.6128,297.33353,2019
Gambia,West Coast,301.63965,294.43652,298.4059,2020
Rwanda,West/Iburengerazuba,288.74756,287.66333,288.3132,2001
Rwanda,West/Iburengerazuba,289.46924,287.91797,288.6829,2002
Rwanda,West/Iburengerazuba,289.45874,288.00293,288.73566,2003
Rwanda,West/Iburengerazuba,289.13452,288.19214,288.6453,2004
Rwanda,West/Iburengerazuba,290.37988,288.26904,288.91,2005
Rwanda,West/Iburengerazuba,289.1858,287.83105,288.61298,2006
Rwanda,West/Iburengerazuba,289.17432,288.13135,288.57037,2007
Rwanda,West/Iburengerazuba,288.7666,287.8921,288.31952,2008
Rwanda,West/Iburengerazuba,289.45044,288.37183,288.7639,2009
Rwanda,West/Iburengerazuba,290.36597,288.6433,289.4194,2010
Rwanda,West/Iburengerazuba,289.06885,288.28955,288.61896,2011
Rwanda,West/Iburengerazuba,289.635,288.31592,288.80704,2012
Rwanda,West/Iburengerazuba,289.51514,288.4795,289.07996,2013
Rwanda,West/Iburengerazuba,289.44946,288.55835,289.01706,2014
Rwanda,West/Iburengerazuba,289.93506,288.83105,289.29962,2015
Rwanda,West/Iburengerazuba,290.35767,288.93262,289.82687,2016
Rwanda,West/Iburengerazuba,289.76465,288.9463,289.3612,2017
Rwanda,West/Iburengerazuba,289.98267,288.81226,289.47055,2018
Rwanda,West/Iburengerazuba,289.98267,288.81226,289.47055,2019
Rwanda,West/Iburengerazuba,290.2578,289.11353,289.70572,2020
Ghana,Western,300.15698,297.16333,298.69827,2001
Kenya,Western,288.93115,286.70068,287.8337,2001
Zambia,Western,299.27612,292.04443,295.5212,2001
Ghana,Western,300.5105,297.32446,299.0434,2002
Kenya,Western,290.26465,287.4397,288.3012,2002
Zambia,Western,298.8921,292.96387,295.7462,2002
Ghana,Western,300.69922,297.8291,299.3333,2003
Kenya,Western,290.3125,286.9099,288.41388,2003
Zambia,Western,299.6438,292.1521,295.8276,2003
Ghana,Western,300.7517,297.5752,299.20798,2004
Kenya,Western,289.40405,286.68872,288.0737,2004
Zambia,Western,299.29663,292.28638,295.59973,2004
Ghana,Western,301.2959,297.4192,299.34067,2005
Kenya,Western,290.37598,287.06396,288.51044,2005
Zambia,Western,300.2998,292.91553,296.27133,2005
Ghana,Western,300.4214,297.6765,299.19974,2006
Kenya,Western,289.48267,287.34253,288.15726,2006
Zambia,Western,299.68286,292.25854,295.46893,2006
Ghana,Western,300.68018,297.86597,299.25592,2007
Kenya,Western,288.87476,286.95386,288.05035,2007
Zambia,Western,299.28198,291.96167,295.5982,2007
Ghana,Western,300.54395,298.27515,299.3703,2008
Kenya,Western,289.2334,286.61865,288.14505,2008
Zambia,Western,300.2439,292.01392,295.57474,2008
Ghana,Western,300.78906,297.9563,299.51813,2009
Kenya,Western,290.5586,287.34204,288.58063,2009
Zambia,Western,300.02808,291.9983,295.7504,2009
Ghana,Western,301.4895,298.4109,299.88586,2010
Kenya,Western,289.18335,287.33472,288.35037,2010
Zambia,Western,301.0935,292.16577,295.94186,2010
Ghana,Western,300.667,297.73486,299.37497,2011
Kenya,Western,289.1311,287.30518,288.25797,2011
Zambia,Western,299.25806,292.29077,295.45343,2011
Ghana,Western,301.0835,297.74097,299.3508,2012
Kenya,Western,290.06372,287.17212,288.27985,2012
Zambia,Western,300.2461,292.3401,295.5878,2012
Ghana,Western,301.26685,297.55957,299.5427,2013
Kenya,Western,289.6184,287.09473,288.08435,2013
Zambia,Western,299.66333,292.33057,295.76535,2013
Ghana,Western,300.51392,297.7439,299.35968,2014
Kenya,Western,289.2151,286.92163,288.13766,2014
Zambia,Western,300.49854,292.7256,295.79718,2014
Ghana,Western,301.02148,298.03467,299.57843,2015
Kenya,Western,290.35938,287.80762,288.59357,2015
Zambia,Western,300.53027,292.7849,296.0112,2015
Ghana,Western,301.42993,298.1902,299.9571,2016
Kenya,Western,290.8694,287.67456,288.84366,2016
Zambia,Western,301.75146,291.96582,296.25934,2016
Ghana,Western,301.11353,297.82495,299.7217,2017
Kenya,Western,289.93237,287.32007,288.63025,2017
Zambia,Western,299.45605,293.07397,295.88138,2017
Ghana,Western,301.21436,298.3484,299.97983,2018
Kenya,Western,290.82446,287.28784,288.77606,2018
Zambia,Western,299.90796,292.16406,296.4709,2018
Ghana,Western,301.21436,298.3484,299.97983,2019
Kenya,Western,290.82446,287.28784,288.77606,2019
Zambia,Western,299.90796,292.16406,296.4709,2019
Ghana,Western,301.76367,298.27637,299.9567,2020
Kenya,Western,289.40625,287.37988,288.38068,2020
Zambia,Western,300.22754,291.56738,295.70456,2020
Sierra Leone,Western Area,300.2561,298.36084,299.36203,2001
Sierra Leone,Western Area,300.65015,298.4436,299.35703,2002
Sierra Leone,Western Area,300.53345,298.46582,299.4728,2003
Sierra Leone,Western Area,300.22192,298.31738,299.4547,2004
Sierra Leone,Western Area,300.82983,298.47583,299.73032,2005
Sierra Leone,Western Area,300.9646,298.4519,299.75052,2006
Sierra Leone,Western Area,300.8689,298.28394,299.61578,2007
Sierra Leone,Western Area,300.4724,298.38232,299.66995,2008
Sierra Leone,Western Area,300.5254,298.31177,299.30655,2009
Sierra Leone,Western Area,301.17114,298.6726,299.83215,2010
Sierra Leone,Western Area,300.3838,298.50635,299.67252,2011
Sierra Leone,Western Area,300.3684,298.27222,299.2359,2012
Sierra Leone,Western Area,300.20825,298.33496,299.42728,2013
Sierra Leone,Western Area,299.9563,298.29858,299.28058,2014
Sierra Leone,Western Area,300.45166,298.5952,299.47067,2015
Sierra Leone,Western Area,300.45923,298.54175,299.6441,2016
Sierra Leone,Western Area,300.63477,298.77026,299.78665,2017
Sierra Leone,Western Area,301.18115,298.54175,299.85028,2018
Sierra Leone,Western Area,301.18115,298.54175,299.85028,2019
Sierra Leone,Western Area,301.19043,298.6494,300.0983,2020
South Sudan,Western Bahr El Ghazal,306.01904,296.677,301.5461,2001
South Sudan,Western Bahr El Ghazal,306.65674,296.3545,301.77826,2002
South Sudan,Western Bahr El Ghazal,306.32544,298.8838,301.72476,2003
South Sudan,Western Bahr El Ghazal,306.00513,299.32422,301.69348,2004
South Sudan,Western Bahr El Ghazal,306.4275,298.16992,301.96957,2005
South Sudan,Western Bahr El Ghazal,305.70654,296.8142,301.44095,2006
South Sudan,Western Bahr El Ghazal,306.07788,296.48462,301.4802,2007
South Sudan,Western Bahr El Ghazal,304.98682,299.0791,301.80276,2008
South Sudan,Western Bahr El Ghazal,306.73828,299.5996,302.35715,2009
South Sudan,Western Bahr El Ghazal,307.30396,299.22534,302.15213,2010
South Sudan,Western Bahr El Ghazal,306.26196,297.4912,301.35202,2011
South Sudan,Western Bahr El Ghazal,305.71143,297.8694,301.15598,2012
South Sudan,Western Bahr El Ghazal,305.90234,298.69824,302.19925,2013
South Sudan,Western Bahr El Ghazal,305.2473,298.3943,301.74948,2014
South Sudan,Western Bahr El Ghazal,305.5039,296.84814,301.9318,2015
South Sudan,Western Bahr El Ghazal,307.0061,296.9944,301.94766,2016
South Sudan,Western Bahr El Ghazal,306.4004,299.52417,302.29123,2017
South Sudan,Western Bahr El Ghazal,306.7339,299.14136,301.9691,2018
South Sudan,Western Bahr El Ghazal,306.7339,299.14136,301.9691,2019
South Sudan,Western Bahr El Ghazal,306.37793,296.7439,301.8587,2020
Sudan,Western Darfur,303.23022,288.0891,297.4613,2001
Sudan,Western Darfur,303.20215,286.79395,297.76263,2002
Sudan,Western Darfur,303.30566,290.65186,298.15363,2003
Sudan,Western Darfur,303.73364,290.39648,297.7283,2004
Sudan,Western Darfur,303.1792,289.2871,297.73636,2005
Sudan,Western Darfur,303.76172,288.031,297.99857,2006
Sudan,Western Darfur,303.85693,287.39478,297.4374,2007
Sudan,Western Darfur,303.0276,289.39746,297.47855,2008
Sudan,Western Darfur,303.59326,291.14062,298.66412,2009
Sudan,Western Darfur,304.20288,290.67847,298.67264,2010
Sudan,Western Darfur,303.96484,288.5791,297.5527,2011
Sudan,Western Darfur,303.51123,289.27173,297.92535,2012
Sudan,Western Darfur,303.28735,291.04834,298.41248,2013
Sudan,Western Darfur,303.52832,290.69702,298.04034,2014
Sudan,Western Darfur,303.57007,287.2876,297.84357,2015
Sudan,Western Darfur,303.614,287.4436,297.91998,2016
Sudan,Western Darfur,303.719,290.56152,298.0907,2017
Sudan,Western Darfur,303.51,290.5913,298.11282,2018
Sudan,Western Darfur,303.51,290.5913,298.11282,2019
Sudan,Western Darfur,303.60034,288.22046,297.81656,2020
South Sudan,Western Equatoria,302.41626,298.20044,300.14505,2001
South Sudan,Western Equatoria,303.11377,298.44946,300.29617,2002
South Sudan,Western Equatoria,303.85156,298.18726,300.59518,2003
South Sudan,Western Equatoria,304.0935,298.29395,300.64645,2004
South Sudan,Western Equatoria,305.86816,298.36475,301.2095,2005
South Sudan,Western Equatoria,304.07446,298.43823,300.6872,2006
South Sudan,Western Equatoria,304.0354,297.98706,300.4999,2007
South Sudan,Western Equatoria,303.20215,298.4995,300.6364,2008
South Sudan,Western Equatoria,303.74414,298.9895,301.1555,2009
South Sudan,Western Equatoria,304.52515,298.36597,301.08475,2010
South Sudan,Western Equatoria,303.68652,298.1548,300.47345,2011
South Sudan,Western Equatoria,304.38623,297.82056,300.80978,2012
South Sudan,Western Equatoria,305.09473,297.9619,301.2152,2013
South Sudan,Western Equatoria,303.69165,298.28687,300.81784,2014
South Sudan,Western Equatoria,305.0586,299.26514,301.23273,2015
South Sudan,Western Equatoria,305.4651,299.07104,301.59348,2016
South Sudan,Western Equatoria,305.11743,298.6277,301.62796,2017
South Sudan,Western Equatoria,305.4961,298.53003,301.49823,2018
South Sudan,Western Equatoria,305.4961,298.53003,301.49823,2019
South Sudan,Western Equatoria,305.86157,298.37402,301.45197,2020
Sudan,White Nile,307.55444,295.52075,302.78568,2001
Sudan,White Nile,307.19043,293.9912,302.99847,2002
Sudan,White Nile,307.36914,297.60107,302.98483,2003
Sudan,White Nile,308.4934,297.01367,303.16614,2004
Sudan,White Nile,307.16748,295.14648,303.31155,2005
Sudan,White Nile,307.39062,295.2185,302.78192,2006
Sudan,White Nile,308.5542,294.1643,302.7281,2007
Sudan,White Nile,307.5725,296.62598,303.2811,2008
Sudan,White Nile,308.48975,297.04297,303.8007,2009
Sudan,White Nile,308.094,299.08862,304.00974,2010
Sudan,White Nile,308.04492,295.833,303.1066,2011
Sudan,White Nile,308.1162,295.69165,303.1345,2012
Sudan,White Nile,308.00415,297.70068,303.56384,2013
Sudan,White Nile,307.5149,297.5935,303.3112,2014
Sudan,White Nile,308.43042,295.08447,303.73825,2015
Sudan,White Nile,308.3777,294.88696,303.8355,2016
Sudan,White Nile,307.5459,297.49902,303.83142,2017
Sudan,White Nile,308.55298,298.1577,303.25735,2018
Sudan,White Nile,308.55298,298.1577,303.25735,2019
Sudan,White Nile,307.64844,294.6189,302.88522,2020
Gabon,Woleu-Ntem,297.37964,295.2688,296.40793,2001
Gabon,Woleu-Ntem,297.65723,295.8479,296.73544,2002
Gabon,Woleu-Ntem,298.01147,295.98706,296.84015,2003
Gabon,Woleu-Ntem,297.81226,295.96606,296.8131,2004
Gabon,Woleu-Ntem,298.28613,295.72778,296.92123,2005
Gabon,Woleu-Ntem,297.59204,296.0376,296.7816,2006
Gabon,Woleu-Ntem,298.05908,296.04126,296.87228,2007
Gabon,Woleu-Ntem,297.7959,296.0171,296.8516,2008
Gabon,Woleu-Ntem,297.80664,296.46362,297.09445,2009
Gabon,Woleu-Ntem,298.3142,296.3152,297.34518,2010
Gabon,Woleu-Ntem,297.7627,296.10205,296.9886,2011
Gabon,Woleu-Ntem,297.85107,296.21313,296.9955,2012
Gabon,Woleu-Ntem,298.31934,295.66357,297.11136,2013
Gabon,Woleu-Ntem,298.23657,296.07788,297.215,2014
Gabon,Woleu-Ntem,298.11182,296.62598,297.3281,2015
Gabon,Woleu-Ntem,299.42505,296.5681,297.64703,2016
Gabon,Woleu-Ntem,298.45215,296.48315,297.54514,2017
Gabon,Woleu-Ntem,298.385,296.75586,297.5811,2018
Gabon,Woleu-Ntem,298.385,296.75586,297.5811,2019
Gabon,Woleu-Ntem,298.95898,296.56348,297.73532,2020
Somalia,Woqooyi Galbeed,305.81836,297.2234,301.53406,2001
Somalia,Woqooyi Galbeed,305.71387,297.70605,301.6907,2002
Somalia,Woqooyi Galbeed,305.81152,297.88623,301.7028,2003
Somalia,Woqooyi Galbeed,305.87183,297.89233,301.57043,2004
Somalia,Woqooyi Galbeed,305.98584,297.7705,301.7541,2005
Somalia,Woqooyi Galbeed,305.7605,297.61353,301.67142,2006
Somalia,Woqooyi Galbeed,306.04736,298.11353,301.7813,2007
Somalia,Woqooyi Galbeed,305.4651,297.3916,301.2977,2008
Somalia,Woqooyi Galbeed,306.20923,297.30737,301.49307,2009
Somalia,Woqooyi Galbeed,306.23804,297.83984,301.78885,2010
Somalia,Woqooyi Galbeed,305.9314,297.15137,301.49136,2011
Somalia,Woqooyi Galbeed,306.04907,297.57837,301.46637,2012
Somalia,Woqooyi Galbeed,305.9087,297.8662,301.68088,2013
Somalia,Woqooyi Galbeed,305.7422,297.49194,301.49884,2014
Somalia,Woqooyi Galbeed,305.95215,297.49512,301.64273,2015
Somalia,Woqooyi Galbeed,306.05566,298.0598,301.8918,2016
Somalia,Woqooyi Galbeed,306.0127,298.0027,301.77298,2017
Somalia,Woqooyi Galbeed,306.46094,297.6421,301.79428,2018
Somalia,Woqooyi Galbeed,306.46094,297.6421,301.79428,2019
Somalia,Woqooyi Galbeed,306.0515,298.02344,301.83688,2020
Côte d'Ivoire,Woroba,301.85767,297.8191,299.46976,2001
Côte d'Ivoire,Woroba,302.27417,298.0276,299.66483,2002
Côte d'Ivoire,Woroba,302.82617,298.01147,299.94595,2003
Côte d'Ivoire,Woroba,301.54663,297.84497,299.84616,2004
Côte d'Ivoire,Woroba,302.30054,297.9895,299.91196,2005
Côte d'Ivoire,Woroba,302.3894,298.198,299.88495,2006
Côte d'Ivoire,Woroba,302.48853,297.823,299.85016,2007
Côte d'Ivoire,Woroba,301.95996,297.71265,299.68997,2008
Côte d'Ivoire,Woroba,301.7295,297.8567,299.821,2009
Côte d'Ivoire,Woroba,302.886,298.2859,300.2008,2010
Côte d'Ivoire,Woroba,301.5088,297.96143,299.72116,2011
Côte d'Ivoire,Woroba,302.2788,297.91235,299.56613,2012
Côte d'Ivoire,Woroba,301.99536,297.7998,299.71555,2013
Côte d'Ivoire,Woroba,302.1975,298.12085,299.91257,2014
Côte d'Ivoire,Woroba,301.9453,297.43994,299.7184,2015
Côte d'Ivoire,Woroba,302.64868,298.27417,299.97028,2016
Côte d'Ivoire,Woroba,302.7854,298.2058,299.99548,2017
Côte d'Ivoire,Woroba,301.7495,298.1941,299.92075,2018
Côte d'Ivoire,Woroba,301.7495,298.1941,299.92075,2019
Côte d'Ivoire,Woroba,302.55884,298.03418,300.04245,2020
Libya,Yafran (yefren),302.72803,283.78467,293.39523,2001
Libya,Yafran (yefren),303.8435,282.08496,293.025,2002
Libya,Yafran (yefren),303.4099,282.2068,292.97818,2003
Libya,Yafran (yefren),302.542,282.94922,292.7498,2004
Libya,Yafran (yefren),303.18506,281.19336,292.74594,2005
Libya,Yafran (yefren),303.05347,281.64282,292.85223,2006
Libya,Yafran (yefren),302.33838,283.9829,293.1425,2007
Libya,Yafran (yefren),303.02295,282.99707,293.11102,2008
Libya,Yafran (yefren),302.26294,283.89746,292.93106,2009
Libya,Yafran (yefren),301.96167,285.01562,293.9573,2010
Libya,Yafran (yefren),303.20483,283.2141,292.11212,2011
Libya,Yafran (yefren),302.70532,280.77856,292.9854,2012
Libya,Yafran (yefren),301.47412,283.31982,293.38254,2013
Libya,Yafran (yefren),303.406,284.32617,293.62628,2014
Libya,Yafran (yefren),302.2085,282.833,292.69855,2015
Libya,Yafran (yefren),300.76343,285.0476,293.83566,2016
Libya,Yafran (yefren),301.6609,281.6023,292.24222,2017
Libya,Yafran (yefren),302.54102,281.91162,292.7038,2018
Libya,Yafran (yefren),302.54102,281.91162,292.7038,2019
Libya,Yafran (yefren),302.58887,283.66772,293.3024,2020
Nigeria,Yobe,306.9275,293.01294,300.92468,2001
Nigeria,Yobe,306.89966,292.3838,301.40814,2002
Nigeria,Yobe,306.28247,294.66357,301.20407,2003
Nigeria,Yobe,307.49146,295.16797,301.58508,2004
Nigeria,Yobe,306.67627,294.07422,301.69305,2005
Nigeria,Yobe,307.37695,293.2224,301.6224,2006
Nigeria,Yobe,307.30615,293.04907,301.35275,2007
Nigeria,Yobe,306.71313,292.77246,301.08856,2008
Nigeria,Yobe,306.71094,296.14648,302.2574,2009
Nigeria,Yobe,308.23267,295.21362,302.00745,2010
Nigeria,Yobe,306.81104,294.02832,301.55807,2011
Nigeria,Yobe,307.03174,294.24634,301.3334,2012
Nigeria,Yobe,306.9983,295.83545,301.90384,2013
Nigeria,Yobe,307.1123,295.04468,301.70294,2014
Nigeria,Yobe,307.0349,293.0337,301.388,2015
Nigeria,Yobe,307.1355,293.70142,301.84366,2016
Nigeria,Yobe,307.23657,295.9519,301.48947,2017
Nigeria,Yobe,307.35376,294.40186,301.39145,2018
Nigeria,Yobe,307.35376,294.40186,301.39145,2019
Nigeria,Yobe,307.16602,293.45483,301.14108,2020
Uganda,Yumbe,301.24487,296.54614,298.49973,2001
Uganda,Yumbe,302.3584,297.1897,298.77338,2002
Uganda,Yumbe,302.18726,296.57007,298.8481,2003
Uganda,Yumbe,303.22632,296.73145,299.0636,2004
Uganda,Yumbe,304.21387,296.77295,299.50394,2005
Uganda,Yumbe,302.6018,296.77026,298.70004,2006
Uganda,Yumbe,302.07642,296.46558,298.80753,2007
Uganda,Yumbe,300.83496,296.56396,298.61053,2008
Uganda,Yumbe,301.85352,297.80786,299.25284,2009
Uganda,Yumbe,301.97656,296.86597,299.01135,2010
Uganda,Yumbe,301.927,296.74463,298.76984,2011
Uganda,Yumbe,302.7749,296.46118,298.86725,2012
Uganda,Yumbe,302.43652,296.5752,298.86642,2013
Uganda,Yumbe,302.64673,296.64038,299.3032,2014
Uganda,Yumbe,303.52393,297.57983,299.50974,2015
Uganda,Yumbe,303.54028,297.2771,299.90128,2016
Uganda,Yumbe,303.11206,296.9402,299.69534,2017
Uganda,Yumbe,303.5547,296.77026,299.41586,2018
Uganda,Yumbe,303.5547,296.77026,299.41586,2019
Uganda,Yumbe,301.70703,296.6045,298.89273,2020
Tunisia,Zaghouan,300.7378,284.2649,292.2069,2001
Tunisia,Zaghouan,300.27368,282.958,292.02274,2002
Tunisia,Zaghouan,302.89624,282.4939,292.1821,2003
Tunisia,Zaghouan,301.40918,284.29492,291.61893,2004
Tunisia,Zaghouan,301.32373,282.0752,291.51108,2005
Tunisia,Zaghouan,300.9519,282.42212,292.22415,2006
Tunisia,Zaghouan,300.71167,284.88916,291.97726,2007
Tunisia,Zaghouan,301.16162,284.31738,291.9727,2008
Tunisia,Zaghouan,301.85767,283.1748,291.8614,2009
Tunisia,Zaghouan,301.0808,285.08008,292.11765,2010
Tunisia,Zaghouan,301.37476,283.59302,291.9738,2011
Tunisia,Zaghouan,302.50854,281.7473,292.47794,2012
Tunisia,Zaghouan,300.4839,283.24707,292.1179,2013
Tunisia,Zaghouan,301.2556,285.04468,292.56363,2014
Tunisia,Zaghouan,301.63184,283.27002,292.23892,2015
Tunisia,Zaghouan,300.781,285.13892,292.38223,2016
Tunisia,Zaghouan,302.2273,282.27808,291.98245,2017
Tunisia,Zaghouan,301.93433,283.24365,291.9354,2018
Tunisia,Zaghouan,301.93433,283.24365,291.9354,2019
Tunisia,Zaghouan,302.03613,284.3064,292.2018,2020
Angola,Zaire,299.9878,294.15576,297.60324,2001
Angola,Zaire,299.95166,294.865,297.86014,2002
Angola,Zaire,300.2832,295.12598,298.2718,2003
Angola,Zaire,299.76147,294.2434,297.60837,2004
Angola,Zaire,300.48926,293.8667,297.62503,2005
Angola,Zaire,300.2898,294.22534,297.8742,2006
Angola,Zaire,300.30493,295.12964,298.27203,2007
Angola,Zaire,299.97754,294.53662,297.9927,2008
Angola,Zaire,300.49805,294.76196,298.17975,2009
Angola,Zaire,300.59937,294.82886,298.2091,2010
Angola,Zaire,300.40918,294.23804,297.8989,2011
Angola,Zaire,300.38232,295.05884,298.1713,2012
Angola,Zaire,300.34106,294.36084,298.0093,2013
Angola,Zaire,300.24634,294.0703,298.0524,2014
Angola,Zaire,300.0664,294.58936,298.07126,2015
Angola,Zaire,300.95923,295.43042,298.57526,2016
Angola,Zaire,300.3811,295.08374,298.27707,2017
Angola,Zaire,300.70312,295.74487,298.79233,2018
Angola,Zaire,300.70312,295.74487,298.79233,2019
Angola,Zaire,300.84595,296.31543,298.9233,2020
Mozambique,Zambezia,301.03467,295.25342,298.53064,2001
Mozambique,Zambezia,300.583,295.5205,298.4407,2002
Mozambique,Zambezia,301.04468,294.60327,298.4277,2003
Mozambique,Zambezia,301.30664,294.69263,298.3494,2004
Mozambique,Zambezia,300.99316,295.05615,298.7702,2005
Mozambique,Zambezia,301.36108,295.2046,298.5412,2006
Mozambique,Zambezia,300.84277,294.91284,298.72678,2007
Mozambique,Zambezia,301.1892,295.31006,298.48276,2008
Mozambique,Zambezia,301.6394,294.65454,298.5715,2009
Mozambique,Zambezia,301.64648,295.2644,298.92282,2010
Mozambique,Zambezia,301.0498,294.41187,298.40524,2011
Mozambique,Zambezia,300.95044,294.92212,298.3998,2012
Mozambique,Zambezia,300.76514,294.69482,298.28113,2013
Mozambique,Zambezia,300.8772,295.50586,298.4186,2014
Mozambique,Zambezia,301.45947,295.9685,298.7736,2015
Mozambique,Zambezia,301.53638,295.29395,298.90012,2016
Mozambique,Zambezia,301.37012,295.6814,298.6112,2017
Mozambique,Zambezia,301.6577,295.50977,298.87698,2018
Mozambique,Zambezia,301.6577,295.50977,298.87698,2019
Mozambique,Zambezia,301.6643,295.21777,298.85397,2020
Nigeria,Zamfara,306.10327,294.49927,300.99353,2001
Nigeria,Zamfara,307.18677,294.3506,301.254,2002
Nigeria,Zamfara,305.77466,295.8081,301.28253,2003
Nigeria,Zamfara,306.0813,296.37305,301.52487,2004
Nigeria,Zamfara,305.98804,295.08008,301.6916,2005
Nigeria,Zamfara,306.29297,294.79468,301.70786,2006
Nigeria,Zamfara,306.6128,294.219,301.22385,2007
Nigeria,Zamfara,306.05884,293.31738,300.83694,2008
Nigeria,Zamfara,306.73633,297.00854,302.14474,2009
Nigeria,Zamfara,307.3518,296.34253,301.99817,2010
Nigeria,Zamfara,306.04736,295.34082,301.53156,2011
Nigeria,Zamfara,306.3423,295.27954,301.51764,2012
Nigeria,Zamfara,307.12915,296.75928,301.92453,2013
Nigeria,Zamfara,306.19653,296.31445,301.64694,2014
Nigeria,Zamfara,307.10815,294.27197,301.37888,2015
Nigeria,Zamfara,306.89673,295.1272,301.77838,2016
Nigeria,Zamfara,306.6311,296.6062,301.49124,2017
Nigeria,Zamfara,306.54712,295.9585,301.50735,2018
Nigeria,Zamfara,306.54712,295.9585,301.50735,2019
Nigeria,Zamfara,307.18066,295.41772,301.35953,2020
Côte d'Ivoire,Zanzan,303.88696,297.92505,300.67746,2001
Côte d'Ivoire,Zanzan,305.03784,298.04907,300.8803,2002
Côte d'Ivoire,Zanzan,304.11133,298.02246,300.58038,2003
Côte d'Ivoire,Zanzan,302.66772,297.95825,300.4591,2004
Côte d'Ivoire,Zanzan,304.7732,297.8567,300.535,2005
Côte d'Ivoire,Zanzan,304.9519,298.15503,300.81757,2006
Côte d'Ivoire,Zanzan,304.59985,297.6726,300.75168,2007
Côte d'Ivoire,Zanzan,304.12158,298.04077,300.5264,2008
Côte d'Ivoire,Zanzan,303.75,298.11255,300.68985,2009
Côte d'Ivoire,Zanzan,304.9641,298.4817,301.00842,2010
Côte d'Ivoire,Zanzan,304.79395,298.35596,300.98956,2011
Côte d'Ivoire,Zanzan,304.5542,298.073,300.49142,2012
Côte d'Ivoire,Zanzan,304.12622,297.9248,300.63937,2013
Côte d'Ivoire,Zanzan,304.23462,298.49316,300.80582,2014
Côte d'Ivoire,Zanzan,305.18555,298.43506,301.03058,2015
Côte d'Ivoire,Zanzan,304.55884,298.58472,301.20187,2016
Côte d'Ivoire,Zanzan,305.20337,298.2976,301.25803,2017
Côte d'Ivoire,Zanzan,304.1089,298.5066,301.07895,2018
Côte d'Ivoire,Zanzan,304.1089,298.5066,301.07895,2019
Côte d'Ivoire,Zanzan,304.8186,298.0869,301.0148,2020
Senegal,Ziguinchor,301.2295,295.26318,298.36478,2001
Senegal,Ziguinchor,300.93506,293.23096,297.95844,2002
Senegal,Ziguinchor,300.7727,293.44702,297.70914,2003
Senegal,Ziguinchor,301.29272,294.95288,297.92297,2004
Senegal,Ziguinchor,301.20215,294.19043,298.5827,2005
Senegal,Ziguinchor,301.24707,294.50806,298.1478,2006
Senegal,Ziguinchor,300.8694,295.04077,297.9566,2007
Senegal,Ziguinchor,300.73413,295.58252,298.3926,2008
Senegal,Ziguinchor,301.3015,292.78613,297.50674,2009
Senegal,Ziguinchor,300.85522,295.3357,298.54733,2010
Senegal,Ziguinchor,301.13306,294.29785,298.02243,2011
Senegal,Ziguinchor,300.94922,293.72314,297.8549,2012
Senegal,Ziguinchor,300.99,294.30078,298.00784,2013
Senegal,Ziguinchor,301.17822,293.70728,297.74655,2014
Senegal,Ziguinchor,300.96777,294.0703,298.0169,2015
Senegal,Ziguinchor,301.44678,294.2522,298.1625,2016
Senegal,Ziguinchor,301.5127,294.5061,298.23508,2017
Senegal,Ziguinchor,300.98022,294.3745,297.85126,2018
Senegal,Ziguinchor,300.98022,294.3745,297.85126,2019
Senegal,Ziguinchor,301.48853,295.2041,298.72818,2020
Niger,Zinder,305.80054,290.21997,299.91574,2001
Niger,Zinder,306.12012,289.32324,300.12576,2002
Niger,Zinder,306.1084,291.43115,300.3198,2003
Niger,Zinder,307.2727,292.28516,300.3839,2004
Niger,Zinder,306.1499,290.86328,300.65775,2005
Niger,Zinder,306.41357,290.0271,300.41733,2006
Niger,Zinder,306.37842,290.01978,300.2299,2007
Niger,Zinder,306.1682,289.38184,299.79852,2008
Niger,Zinder,306.32373,292.91406,301.09967,2009
Niger,Zinder,307.281,292.18433,301.28104,2010
Niger,Zinder,306.9375,291.30566,300.7669,2011
Niger,Zinder,306.25342,290.98853,300.5917,2012
Niger,Zinder,306.4436,293.20264,300.97043,2013
Niger,Zinder,307.09473,292.05664,300.9064,2014
Niger,Zinder,306.94702,289.8755,300.2358,2015
Niger,Zinder,306.92285,290.8694,301.13614,2016
Niger,Zinder,306.78418,292.9441,300.44797,2017
Niger,Zinder,306.89844,291.14795,300.8721,2018
Niger,Zinder,306.89844,291.14795,300.8721,2019
Niger,Zinder,307.3308,290.92163,300.74673,2020
Uganda,Zombo,296.62183,293.32764,294.6195,2001
Uganda,Zombo,297.8838,294.0022,295.00677,2002
Uganda,Zombo,297.71655,293.5127,294.9694,2003
Uganda,Zombo,297.19702,293.66113,295.01965,2004
Uganda,Zombo,298.9619,293.60107,295.37747,2005
Uganda,Zombo,297.7307,293.7351,294.94077,2006
Uganda,Zombo,296.49048,293.1023,294.8254,2007
Uganda,Zombo,296.1931,293.11084,294.65903,2008
Uganda,Zombo,296.88086,294.44263,295.29938,2009
Uganda,Zombo,296.40796,293.90503,295.0449,2010
Uganda,Zombo,297.41724,293.313,294.91974,2011
Uganda,Zombo,297.8042,293.0647,294.98135,2012
Uganda,Zombo,296.97168,293.3838,294.90646,2013
Uganda,Zombo,297.91235,293.36304,295.3701,2014
Uganda,Zombo,298.33643,294.14624,295.55142,2015
Uganda,Zombo,299.0227,294.07788,295.8547,2016
Uganda,Zombo,298.27808,293.67163,295.66394,2017
Uganda,Zombo,298.4358,293.62964,295.3913,2018
Uganda,Zombo,298.4358,293.62964,295.3913,2019
Uganda,Zombo,297.08008,293.6162,295.1458,2020
Benin,Zou,302.60376,297.5266,300.06155,2001
Benin,Zou,302.28418,297.97876,299.88876,2002
Benin,Zou,302.7461,298.26074,300.18195,2003
Benin,Zou,302.32007,298.10645,300.08884,2004
Benin,Zou,302.78223,297.94067,300.1994,2005
Benin,Zou,302.50806,297.76245,300.25653,2006
Benin,Zou,303.17407,298.1316,300.22662,2007
Benin,Zou,301.98145,298.31616,300.23032,2008
Benin,Zou,302.78418,298.57544,300.55588,2009
Benin,Zou,303.14038,298.89722,300.90652,2010
Benin,Zou,302.21973,298.34424,300.37466,2011
Benin,Zou,302.396,298.04956,300.1135,2012
Benin,Zou,302.70215,298.2002,300.37097,2013
Benin,Zou,302.5022,297.8982,300.36652,2014
Benin,Zou,302.64307,298.9038,300.52292,2015
Benin,Zou,303.24536,298.71362,300.79385,2016
Benin,Zou,302.83813,298.33862,300.71292,2017
Benin,Zou,302.92212,299.03003,300.85532,2018
Benin,Zou,302.92212,299.03003,300.85532,2019
Benin,Zou,302.86743,298.65332,300.7565,2020
